{"type":"FeatureCollection","name":"gyeonggi_41270_national_solar_candidates","metadata":{"generated_on":"2026-08-11","source":"경기부동산포털 국공유지조회·연속지적도","source_agency":"경기도","ownership_source":"경기부동산포털 국공유지조회","coverage":"안산시","owner_code":"2","owner_type":"국유지","minimum_area_sqm":100.0,"feature_count":528,"coordinate_reference":"GRIS native values interpreted as EPSG:5174 and projected to EPSG:4326","coordinate_precision":"7 decimals, increased only when needed to keep narrow-parcel points inside","disclaimer":"설치 가능 확정이 아닌 현장조사 우선순위"},"features":[{"type":"Feature","id":"4127110600101740003","geometry":{"type":"Point","coordinates":[126.8447586,37.3458286]},"properties":{"pnu":"4127110600101740003","municipality_code":"41270","municipality":"안산시","district":"안산시 상록구","locality":"양상동","address":"안산시 상록구 양상동 174-3","owner_type":"국유지","owner_label":"국(국방부)","manager":"","property_class":"","land_category":"잡종지","area_sqm":32393.0,"area_band":"5,000㎡ 이상","interest_category":"잡종지","solar_candidate":"Y","candidate_reason":"실제 이용·점유 여부 확인 후 검토할 잡종지; 면적 32,393㎡","priority_score":75,"source":"경기부동산포털 국공유지조회·연속지적도","source_date":"2026-08-11","installed_solar_match":false}},{"type":"Feature","id":"4127311300106540080","geometry":{"type":"Point","coordinates":[126.6241818,37.2265827]},"properties":{"pnu":"4127311300106540080","municipality_code":"41270","municipality":"안산시","district":"안산시 단원구","locality":"선감동","address":"안산시 단원구 선감동 654-80","owner_type":"국유지","owner_label":"국(기획재정부)","manager":"","property_class":"","land_category":"잡종지","area_sqm":17562.0,"area_band":"5,000㎡ 이상","interest_category":"잡종지","solar_candidate":"Y","candidate_reason":"실제 이용·점유 여부 확인 후 검토할 잡종지; 면적 17,562㎡","priority_score":75,"source":"경기부동산포털 국공유지조회·연속지적도","source_date":"2026-08-11","installed_solar_match":false}},{"type":"Feature","id":"4127110600101720002","geometry":{"type":"Point","coordinates":[126.8458913,37.3469557]},"properties":{"pnu":"4127110600101720002","municipality_code":"41270","municipality":"안산시","district":"안산시 상록구","locality":"양상동","address":"안산시 상록구 양상동 172-2","owner_type":"국유지","owner_label":"국(국방부)","manager":"","property_class":"","land_category":"잡종지","area_sqm":13356.0,"area_band":"5,000㎡ 이상","interest_category":"잡종지","solar_candidate":"Y","candidate_reason":"실제 이용·점유 여부 확인 후 검토할 잡종지; 면적 13,356㎡","priority_score":75,"source":"경기부동산포털 국공유지조회·연속지적도","source_date":"2026-08-11","installed_solar_match":false}},{"type":"Feature","id":"4127310200100950004","geometry":{"type":"Point","coordinates":[126.8275301,37.3449516]},"properties":{"pnu":"4127310200100950004","municipality_code":"41270","municipality":"안산시","district":"안산시 단원구","locality":"와동","address":"안산시 단원구 와동 95-4","owner_type":"국유지","owner_label":"국(경기도경찰청)","manager":"","property_class":"","land_category":"잡종지","area_sqm":12654.4,"area_band":"5,000㎡ 이상","interest_category":"잡종지","solar_candidate":"Y","candidate_reason":"실제 이용·점유 여부 확인 후 검토할 잡종지; 면적 12,654㎡","priority_score":75,"source":"경기부동산포털 국공유지조회·연속지적도","source_date":"2026-08-11","installed_solar_match":false}},{"type":"Feature","id":"4127310900101210002","geometry":{"type":"Point","coordinates":[126.794777,37.3487907]},"properties":{"pnu":"4127310900101210002","municipality_code":"41270","municipality":"안산시","district":"안산시 단원구","locality":"선부동","address":"안산시 단원구 선부동 121-2","owner_type":"국유지","owner_label":"국(국방부)","manager":"","property_class":"","land_category":"잡종지","area_sqm":9396.0,"area_band":"5,000㎡ 이상","interest_category":"잡종지","solar_candidate":"Y","candidate_reason":"실제 이용·점유 여부 확인 후 검토할 잡종지; 면적 9,396㎡","priority_score":75,"source":"경기부동산포털 국공유지조회·연속지적도","source_date":"2026-08-11","installed_solar_match":false}},{"type":"Feature","id":"4127110600101830000","geometry":{"type":"Point","coordinates":[126.8479866,37.3457803]},"properties":{"pnu":"4127110600101830000","municipality_code":"41270","municipality":"안산시","district":"안산시 상록구","locality":"양상동","address":"안산시 상록구 양상동 183","owner_type":"국유지","owner_label":"국(국방부)","manager":"","property_class":"","land_category":"잡종지","area_sqm":8911.0,"area_band":"5,000㎡ 이상","interest_category":"잡종지","solar_candidate":"Y","candidate_reason":"실제 이용·점유 여부 확인 후 검토할 잡종지; 면적 8,911㎡","priority_score":75,"source":"경기부동산포털 국공유지조회·연속지적도","source_date":"2026-08-11","installed_solar_match":false}},{"type":"Feature","id":"4127311400102750008","geometry":{"type":"Point","coordinates":[126.3880926,37.1084105]},"properties":{"pnu":"4127311400102750008","municipality_code":"41270","municipality":"안산시","district":"안산시 단원구","locality":"풍도동","address":"안산시 단원구 풍도동 275-8","owner_type":"국유지","owner_label":"국(국방부)","manager":"","property_class":"","land_category":"잡종지","area_sqm":6953.0,"area_band":"5,000㎡ 이상","interest_category":"잡종지","solar_candidate":"Y","candidate_reason":"실제 이용·점유 여부 확인 후 검토할 잡종지; 면적 6,953㎡","priority_score":75,"source":"경기부동산포털 국공유지조회·연속지적도","source_date":"2026-08-11","installed_solar_match":false}},{"type":"Feature","id":"4127110600101740007","geometry":{"type":"Point","coordinates":[126.841879,37.3455459]},"properties":{"pnu":"4127110600101740007","municipality_code":"41270","municipality":"안산시","district":"안산시 상록구","locality":"양상동","address":"안산시 상록구 양상동 174-7","owner_type":"국유지","owner_label":"국(국방부)","manager":"","property_class":"","land_category":"잡종지","area_sqm":5982.0,"area_band":"5,000㎡ 이상","interest_category":"잡종지","solar_candidate":"Y","candidate_reason":"실제 이용·점유 여부 확인 후 검토할 잡종지; 면적 5,982㎡","priority_score":75,"source":"경기부동산포털 국공유지조회·연속지적도","source_date":"2026-08-11","installed_solar_match":false}},{"type":"Feature","id":"4127311200113490000","geometry":{"type":"Point","coordinates":[126.5915126,37.2298931]},"properties":{"pnu":"4127311200113490000","municipality_code":"41270","municipality":"안산시","district":"안산시 단원구","locality":"대부남동","address":"안산시 단원구 대부남동 1349","owner_type":"국유지","owner_label":"국(기획재정부)","manager":"","property_class":"","land_category":"잡종지","area_sqm":5024.0,"area_band":"5,000㎡ 이상","interest_category":"잡종지","solar_candidate":"Y","candidate_reason":"실제 이용·점유 여부 확인 후 검토할 잡종지; 면적 5,024㎡","priority_score":75,"source":"경기부동산포털 국공유지조회·연속지적도","source_date":"2026-08-11","installed_solar_match":false}},{"type":"Feature","id":"4127311400102750005","geometry":{"type":"Point","coordinates":[126.386754,37.1071411]},"properties":{"pnu":"4127311400102750005","municipality_code":"41270","municipality":"안산시","district":"안산시 단원구","locality":"풍도동","address":"안산시 단원구 풍도동 275-5","owner_type":"국유지","owner_label":"국(국방부)","manager":"","property_class":"","land_category":"잡종지","area_sqm":5023.0,"area_band":"5,000㎡ 이상","interest_category":"잡종지","solar_candidate":"Y","candidate_reason":"실제 이용·점유 여부 확인 후 검토할 잡종지; 면적 5,023㎡","priority_score":75,"source":"경기부동산포털 국공유지조회·연속지적도","source_date":"2026-08-11","installed_solar_match":false}},{"type":"Feature","id":"4127311200113460000","geometry":{"type":"Point","coordinates":[126.5380794,37.1995735]},"properties":{"pnu":"4127311200113460000","municipality_code":"41270","municipality":"안산시","district":"안산시 단원구","locality":"대부남동","address":"안산시 단원구 대부남동 1346","owner_type":"국유지","owner_label":"국(기획재정부)","manager":"","property_class":"","land_category":"잡종지","area_sqm":4597.0,"area_band":"3,000~5,000㎡","interest_category":"잡종지","solar_candidate":"Y","candidate_reason":"실제 이용·점유 여부 확인 후 검토할 잡종지; 면적 4,597㎡","priority_score":70,"source":"경기부동산포털 국공유지조회·연속지적도","source_date":"2026-08-11","installed_solar_match":false}},{"type":"Feature","id":"4127110600101740002","geometry":{"type":"Point","coordinates":[126.8432985,37.3471949]},"properties":{"pnu":"4127110600101740002","municipality_code":"41270","municipality":"안산시","district":"안산시 상록구","locality":"양상동","address":"안산시 상록구 양상동 174-2","owner_type":"국유지","owner_label":"국(국방부)","manager":"","property_class":"","land_category":"잡종지","area_sqm":4117.0,"area_band":"3,000~5,000㎡","interest_category":"잡종지","solar_candidate":"Y","candidate_reason":"실제 이용·점유 여부 확인 후 검토할 잡종지; 면적 4,117㎡","priority_score":70,"source":"경기부동산포털 국공유지조회·연속지적도","source_date":"2026-08-11","installed_solar_match":false}},{"type":"Feature","id":"4127310900101210006","geometry":{"type":"Point","coordinates":[126.7941914,37.3495169]},"properties":{"pnu":"4127310900101210006","municipality_code":"41270","municipality":"안산시","district":"안산시 단원구","locality":"선부동","address":"안산시 단원구 선부동 121-6","owner_type":"국유지","owner_label":"국(국방부)","manager":"","property_class":"","land_category":"잡종지","area_sqm":4040.0,"area_band":"3,000~5,000㎡","interest_category":"잡종지","solar_candidate":"Y","candidate_reason":"실제 이용·점유 여부 확인 후 검토할 잡종지; 면적 4,040㎡","priority_score":70,"source":"경기부동산포털 국공유지조회·연속지적도","source_date":"2026-08-11","installed_solar_match":false}},{"type":"Feature","id":"4127311100119550001","geometry":{"type":"Point","coordinates":[126.5740324,37.2965741]},"properties":{"pnu":"4127311100119550001","municipality_code":"41270","municipality":"안산시","district":"안산시 단원구","locality":"대부북동","address":"안산시 단원구 대부북동 1955-1","owner_type":"국유지","owner_label":"국(해양수산부)","manager":"","property_class":"","land_category":"잡종지","area_sqm":3690.0,"area_band":"3,000~5,000㎡","interest_category":"잡종지","solar_candidate":"Y","candidate_reason":"실제 이용·점유 여부 확인 후 검토할 잡종지; 면적 3,690㎡","priority_score":70,"source":"경기부동산포털 국공유지조회·연속지적도","source_date":"2026-08-11","installed_solar_match":false}},{"type":"Feature","id":"4127311200105590057","geometry":{"type":"Point","coordinates":[126.5587714,37.2029933]},"properties":{"pnu":"4127311200105590057","municipality_code":"41270","municipality":"안산시","district":"안산시 단원구","locality":"대부남동","address":"안산시 단원구 대부남동 559-57","owner_type":"국유지","owner_label":"국(기획재정부)","manager":"","property_class":"","land_category":"잡종지","area_sqm":3515.0,"area_band":"3,000~5,000㎡","interest_category":"잡종지","solar_candidate":"Y","candidate_reason":"실제 이용·점유 여부 확인 후 검토할 잡종지; 면적 3,515㎡","priority_score":70,"source":"경기부동산포털 국공유지조회·연속지적도","source_date":"2026-08-11","installed_solar_match":false}},{"type":"Feature","id":"4127311100118650053","geometry":{"type":"Point","coordinates":[126.5586253,37.268246]},"properties":{"pnu":"4127311100118650053","municipality_code":"41270","municipality":"안산시","district":"안산시 단원구","locality":"대부북동","address":"안산시 단원구 대부북동 1865-53","owner_type":"국유지","owner_label":"국(기획재정부)","manager":"","property_class":"","land_category":"잡종지","area_sqm":3160.0,"area_band":"3,000~5,000㎡","interest_category":"잡종지","solar_candidate":"Y","candidate_reason":"실제 이용·점유 여부 확인 후 검토할 잡종지; 면적 3,160㎡","priority_score":70,"source":"경기부동산포털 국공유지조회·연속지적도","source_date":"2026-08-11","installed_solar_match":false}},{"type":"Feature","id":"4127310100107110000","geometry":{"type":"Point","coordinates":[126.8262711,37.3113249]},"properties":{"pnu":"4127310100107110000","municipality_code":"41270","municipality":"안산시","district":"안산시 단원구","locality":"고잔동","address":"안산시 단원구 고잔동 711","owner_type":"국유지","owner_label":"국(대법원및법무부)","manager":"","property_class":"","land_category":"대","area_sqm":38243.9,"area_band":"5,000㎡ 이상","interest_category":"대","solar_candidate":"Y","candidate_reason":"청사·공공건축물·주차장 현황 추가 확인 필요; 면적 38,244㎡","priority_score":65,"source":"경기부동산포털 국공유지조회·연속지적도","source_date":"2026-08-11","installed_solar_match":false}},{"type":"Feature","id":"4127310200100950005","geometry":{"type":"Point","coordinates":[126.8283739,37.3447496]},"properties":{"pnu":"4127310200100950005","municipality_code":"41270","municipality":"안산시","district":"안산시 단원구","locality":"와동","address":"안산시 단원구 와동 95-5","owner_type":"국유지","owner_label":"국(경찰청)","manager":"","property_class":"","land_category":"대","area_sqm":32955.4,"area_band":"5,000㎡ 이상","interest_category":"대","solar_candidate":"Y","candidate_reason":"청사·공공건축물·주차장 현황 추가 확인 필요; 면적 32,955㎡","priority_score":65,"source":"경기부동산포털 국공유지조회·연속지적도","source_date":"2026-08-11","installed_solar_match":false}},{"type":"Feature","id":"4127110900102250003","geometry":{"type":"Point","coordinates":[126.8499754,37.3404358]},"properties":{"pnu":"4127110900102250003","municipality_code":"41270","municipality":"안산시","district":"안산시 상록구","locality":"월피동","address":"안산시 상록구 월피동 225-3","owner_type":"국유지","owner_label":"국(법무부)","manager":"","property_class":"","land_category":"대","area_sqm":19683.0,"area_band":"5,000㎡ 이상","interest_category":"대","solar_candidate":"Y","candidate_reason":"청사·공공건축물·주차장 현황 추가 확인 필요; 면적 19,683㎡","priority_score":65,"source":"경기부동산포털 국공유지조회·연속지적도","source_date":"2026-08-11","installed_solar_match":true,"installed_solar_count":2,"installed_solar_area_sqm":250.2,"installed_solar_analysis_years":["2024"],"installed_solar_types":["공공시설물"],"installed_solar_permit_status_counts":{"N":2}}},{"type":"Feature","id":"4127110300115860004","geometry":{"type":"Point","coordinates":[126.844918,37.2993951]},"properties":{"pnu":"4127110300115860004","municipality_code":"41270","municipality":"안산시","district":"안산시 상록구","locality":"사동","address":"안산시 상록구 사동 1586-4","owner_type":"국유지","owner_label":"국(경찰청)","manager":"","property_class":"","land_category":"대","area_sqm":14876.4,"area_band":"5,000㎡ 이상","interest_category":"대","solar_candidate":"Y","candidate_reason":"청사·공공건축물·주차장 현황 추가 확인 필요; 면적 14,876㎡","priority_score":65,"source":"경기부동산포털 국공유지조회·연속지적도","source_date":"2026-08-11","installed_solar_match":true,"installed_solar_count":4,"installed_solar_area_sqm":218.5,"installed_solar_analysis_years":["2024"],"installed_solar_types":["공공시설물"],"installed_solar_permit_status_counts":{"N":4}}},{"type":"Feature","id":"4127310700107470000","geometry":{"type":"Point","coordinates":[126.8060474,37.3045008]},"properties":{"pnu":"4127310700107470000","municipality_code":"41270","municipality":"안산시","district":"안산시 단원구","locality":"초지동","address":"안산시 단원구 초지동 747","owner_type":"국유지","owner_label":"국","manager":"","property_class":"","land_category":"대","area_sqm":12905.8,"area_band":"5,000㎡ 이상","interest_category":"대","solar_candidate":"Y","candidate_reason":"청사·공공건축물·주차장 현황 추가 확인 필요; 면적 12,906㎡","priority_score":65,"source":"경기부동산포털 국공유지조회·연속지적도","source_date":"2026-08-11","installed_solar_match":false}},{"type":"Feature","id":"4127311100119580001","geometry":{"type":"Point","coordinates":[126.5686466,37.273045]},"properties":{"pnu":"4127311100119580001","municipality_code":"41270","municipality":"안산시","district":"안산시 단원구","locality":"대부북동","address":"안산시 단원구 대부북동 1958-1","owner_type":"국유지","owner_label":"국(기획재정부)","manager":"","property_class":"","land_category":"대","area_sqm":10386.9,"area_band":"5,000㎡ 이상","interest_category":"대","solar_candidate":"Y","candidate_reason":"청사·공공건축물·주차장 현황 추가 확인 필요; 면적 10,387㎡","priority_score":65,"source":"경기부동산포털 국공유지조회·연속지적도","source_date":"2026-08-11","installed_solar_match":false}},{"type":"Feature","id":"4127310100105220001","geometry":{"type":"Point","coordinates":[126.8283181,37.3201266]},"properties":{"pnu":"4127310100105220001","municipality_code":"41270","municipality":"안산시","district":"안산시 단원구","locality":"고잔동","address":"안산시 단원구 고잔동 522-1","owner_type":"국유지","owner_label":"국(환경부)","manager":"","property_class":"","land_category":"대","area_sqm":7117.7,"area_band":"5,000㎡ 이상","interest_category":"대","solar_candidate":"Y","candidate_reason":"청사·공공건축물·주차장 현황 추가 확인 필요; 면적 7,118㎡","priority_score":65,"source":"경기부동산포털 국공유지조회·연속지적도","source_date":"2026-08-11","installed_solar_match":false}},{"type":"Feature","id":"4127310700107470006","geometry":{"type":"Point","coordinates":[126.8060927,37.3036963]},"properties":{"pnu":"4127310700107470006","municipality_code":"41270","municipality":"안산시","district":"안산시 단원구","locality":"초지동","address":"안산시 단원구 초지동 747-6","owner_type":"국유지","owner_label":"국(보건복지부)","manager":"","property_class":"","land_category":"대","area_sqm":6613.0,"area_band":"5,000㎡ 이상","interest_category":"대","solar_candidate":"Y","candidate_reason":"청사·공공건축물·주차장 현황 추가 확인 필요; 면적 6,613㎡","priority_score":65,"source":"경기부동산포털 국공유지조회·연속지적도","source_date":"2026-08-11","installed_solar_match":false}},{"type":"Feature","id":"4127310300102830013","geometry":{"type":"Point","coordinates":[126.7485255,37.3254277]},"properties":{"pnu":"4127310300102830013","municipality_code":"41270","municipality":"안산시","district":"안산시 단원구","locality":"신길동","address":"안산시 단원구 신길동 283-13","owner_type":"국유지","owner_label":"국(기획재정부)","manager":"","property_class":"","land_category":"잡종지","area_sqm":2666.0,"area_band":"1,000~3,000㎡","interest_category":"잡종지","solar_candidate":"Y","candidate_reason":"실제 이용·점유 여부 확인 후 검토할 잡종지; 면적 2,666㎡","priority_score":63,"source":"경기부동산포털 국공유지조회·연속지적도","source_date":"2026-08-11","installed_solar_match":false}},{"type":"Feature","id":"4127311100118480445","geometry":{"type":"Point","coordinates":[126.5769154,37.2925701]},"properties":{"pnu":"4127311100118480445","municipality_code":"41270","municipality":"안산시","district":"안산시 단원구","locality":"대부북동","address":"안산시 단원구 대부북동 1848-445","owner_type":"국유지","owner_label":"국(국방부)","manager":"","property_class":"","land_category":"잡종지","area_sqm":2455.0,"area_band":"1,000~3,000㎡","interest_category":"잡종지","solar_candidate":"Y","candidate_reason":"실제 이용·점유 여부 확인 후 검토할 잡종지; 면적 2,455㎡","priority_score":63,"source":"경기부동산포털 국공유지조회·연속지적도","source_date":"2026-08-11","installed_solar_match":false}},{"type":"Feature","id":"4127311200113470001","geometry":{"type":"Point","coordinates":[126.5456379,37.2062172]},"properties":{"pnu":"4127311200113470001","municipality_code":"41270","municipality":"안산시","district":"안산시 단원구","locality":"대부남동","address":"안산시 단원구 대부남동 1347-1","owner_type":"국유지","owner_label":"국(기획재정부)","manager":"","property_class":"","land_category":"잡종지","area_sqm":2405.3,"area_band":"1,000~3,000㎡","interest_category":"잡종지","solar_candidate":"Y","candidate_reason":"실제 이용·점유 여부 확인 후 검토할 잡종지; 면적 2,405㎡","priority_score":63,"source":"경기부동산포털 국공유지조회·연속지적도","source_date":"2026-08-11","installed_solar_match":false}},{"type":"Feature","id":"4127310700106610006","geometry":{"type":"Point","coordinates":[126.8010404,37.2970765]},"properties":{"pnu":"4127310700106610006","municipality_code":"41270","municipality":"안산시","district":"안산시 단원구","locality":"초지동","address":"안산시 단원구 초지동 661-6","owner_type":"국유지","owner_label":"국(기획재정부)","manager":"","property_class":"","land_category":"잡종지","area_sqm":2401.6,"area_band":"1,000~3,000㎡","interest_category":"잡종지","solar_candidate":"Y","candidate_reason":"실제 이용·점유 여부 확인 후 검토할 잡종지; 면적 2,402㎡","priority_score":63,"source":"경기부동산포털 국공유지조회·연속지적도","source_date":"2026-08-11","installed_solar_match":false}},{"type":"Feature","id":"4127110600101740001","geometry":{"type":"Point","coordinates":[126.8420711,37.346274]},"properties":{"pnu":"4127110600101740001","municipality_code":"41270","municipality":"안산시","district":"안산시 상록구","locality":"양상동","address":"안산시 상록구 양상동 174-1","owner_type":"국유지","owner_label":"국(국방부)","manager":"","property_class":"","land_category":"잡종지","area_sqm":1947.0,"area_band":"1,000~3,000㎡","interest_category":"잡종지","solar_candidate":"Y","candidate_reason":"실제 이용·점유 여부 확인 후 검토할 잡종지; 면적 1,947㎡","priority_score":63,"source":"경기부동산포털 국공유지조회·연속지적도","source_date":"2026-08-11","installed_solar_match":false}},{"type":"Feature","id":"4127310300102830033","geometry":{"type":"Point","coordinates":[126.7496489,37.3266794]},"properties":{"pnu":"4127310300102830033","municipality_code":"41270","municipality":"안산시","district":"안산시 단원구","locality":"신길동","address":"안산시 단원구 신길동 283-33","owner_type":"국유지","owner_label":"국(기획재정부)","manager":"","property_class":"","land_category":"잡종지","area_sqm":1863.0,"area_band":"1,000~3,000㎡","interest_category":"잡종지","solar_candidate":"Y","candidate_reason":"실제 이용·점유 여부 확인 후 검토할 잡종지; 면적 1,863㎡","priority_score":63,"source":"경기부동산포털 국공유지조회·연속지적도","source_date":"2026-08-11","installed_solar_match":false}},{"type":"Feature","id":"4127311300107170001","geometry":{"type":"Point","coordinates":[126.6470149,37.1923929]},"properties":{"pnu":"4127311300107170001","municipality_code":"41270","municipality":"안산시","district":"안산시 단원구","locality":"선감동","address":"안산시 단원구 선감동 717-1","owner_type":"국유지","owner_label":"국(농림축산식품부)","manager":"","property_class":"","land_category":"잡종지","area_sqm":1394.0,"area_band":"1,000~3,000㎡","interest_category":"잡종지","solar_candidate":"Y","candidate_reason":"실제 이용·점유 여부 확인 후 검토할 잡종지; 면적 1,394㎡","priority_score":63,"source":"경기부동산포털 국공유지조회·연속지적도","source_date":"2026-08-11","installed_solar_match":false}},{"type":"Feature","id":"4127311200107280043","geometry":{"type":"Point","coordinates":[126.5465159,37.2095451]},"properties":{"pnu":"4127311200107280043","municipality_code":"41270","municipality":"안산시","district":"안산시 단원구","locality":"대부남동","address":"안산시 단원구 대부남동 728-43","owner_type":"국유지","owner_label":"국(기획재정부)","manager":"","property_class":"","land_category":"잡종지","area_sqm":1369.0,"area_band":"1,000~3,000㎡","interest_category":"잡종지","solar_candidate":"Y","candidate_reason":"실제 이용·점유 여부 확인 후 검토할 잡종지; 면적 1,369㎡","priority_score":63,"source":"경기부동산포털 국공유지조회·연속지적도","source_date":"2026-08-11","installed_solar_match":false}},{"type":"Feature","id":"4127310900101230000","geometry":{"type":"Point","coordinates":[126.7940483,37.3489394]},"properties":{"pnu":"4127310900101230000","municipality_code":"41270","municipality":"안산시","district":"안산시 단원구","locality":"선부동","address":"안산시 단원구 선부동 123","owner_type":"국유지","owner_label":"국(국방부)","manager":"","property_class":"","land_category":"잡종지","area_sqm":1343.0,"area_band":"1,000~3,000㎡","interest_category":"잡종지","solar_candidate":"Y","candidate_reason":"실제 이용·점유 여부 확인 후 검토할 잡종지; 면적 1,343㎡","priority_score":63,"source":"경기부동산포털 국공유지조회·연속지적도","source_date":"2026-08-11","installed_solar_match":false}},{"type":"Feature","id":"4127311100118650054","geometry":{"type":"Point","coordinates":[126.5579152,37.267459]},"properties":{"pnu":"4127311100118650054","municipality_code":"41270","municipality":"안산시","district":"안산시 단원구","locality":"대부북동","address":"안산시 단원구 대부북동 1865-54","owner_type":"국유지","owner_label":"국(기획재정부)","manager":"","property_class":"","land_category":"잡종지","area_sqm":1256.0,"area_band":"1,000~3,000㎡","interest_category":"잡종지","solar_candidate":"Y","candidate_reason":"실제 이용·점유 여부 확인 후 검토할 잡종지; 면적 1,256㎡","priority_score":63,"source":"경기부동산포털 국공유지조회·연속지적도","source_date":"2026-08-11","installed_solar_match":false}},{"type":"Feature","id":"4127311300102080063","geometry":{"type":"Point","coordinates":[126.6292424,37.2207114]},"properties":{"pnu":"4127311300102080063","municipality_code":"41270","municipality":"안산시","district":"안산시 단원구","locality":"선감동","address":"안산시 단원구 선감동 208-63","owner_type":"국유지","owner_label":"국(기획재정부)","manager":"","property_class":"","land_category":"잡종지","area_sqm":1246.0,"area_band":"1,000~3,000㎡","interest_category":"잡종지","solar_candidate":"Y","candidate_reason":"실제 이용·점유 여부 확인 후 검토할 잡종지; 면적 1,246㎡","priority_score":63,"source":"경기부동산포털 국공유지조회·연속지적도","source_date":"2026-08-11","installed_solar_match":false}},{"type":"Feature","id":"4127311200111260022","geometry":{"type":"Point","coordinates":[126.5588261,37.2216729]},"properties":{"pnu":"4127311200111260022","municipality_code":"41270","municipality":"안산시","district":"안산시 단원구","locality":"대부남동","address":"안산시 단원구 대부남동 1126-22","owner_type":"국유지","owner_label":"국(기획재정부)","manager":"","property_class":"","land_category":"잡종지","area_sqm":1144.0,"area_band":"1,000~3,000㎡","interest_category":"잡종지","solar_candidate":"Y","candidate_reason":"실제 이용·점유 여부 확인 후 검토할 잡종지; 면적 1,144㎡","priority_score":63,"source":"경기부동산포털 국공유지조회·연속지적도","source_date":"2026-08-11","installed_solar_match":false}},{"type":"Feature","id":"4127311200105590058","geometry":{"type":"Point","coordinates":[126.5606333,37.2011667]},"properties":{"pnu":"4127311200105590058","municipality_code":"41270","municipality":"안산시","district":"안산시 단원구","locality":"대부남동","address":"안산시 단원구 대부남동 559-58","owner_type":"국유지","owner_label":"국(기획재정부)","manager":"","property_class":"","land_category":"잡종지","area_sqm":1030.0,"area_band":"1,000~3,000㎡","interest_category":"잡종지","solar_candidate":"Y","candidate_reason":"실제 이용·점유 여부 확인 후 검토할 잡종지; 면적 1,030㎡","priority_score":63,"source":"경기부동산포털 국공유지조회·연속지적도","source_date":"2026-08-11","installed_solar_match":false}},{"type":"Feature","id":"4127310900101230003","geometry":{"type":"Point","coordinates":[126.7935368,37.3497748]},"properties":{"pnu":"4127310900101230003","municipality_code":"41270","municipality":"안산시","district":"안산시 단원구","locality":"선부동","address":"안산시 단원구 선부동 123-3","owner_type":"국유지","owner_label":"국(국방부)","manager":"","property_class":"","land_category":"잡종지","area_sqm":1027.0,"area_band":"1,000~3,000㎡","interest_category":"잡종지","solar_candidate":"Y","candidate_reason":"실제 이용·점유 여부 확인 후 검토할 잡종지; 면적 1,027㎡","priority_score":63,"source":"경기부동산포털 국공유지조회·연속지적도","source_date":"2026-08-11","installed_solar_match":false}},{"type":"Feature","id":"4127110600101740000","geometry":{"type":"Point","coordinates":[126.845039,37.3465629]},"properties":{"pnu":"4127110600101740000","municipality_code":"41270","municipality":"안산시","district":"안산시 상록구","locality":"양상동","address":"안산시 상록구 양상동 174","owner_type":"국유지","owner_label":"국(국방부)","manager":"","property_class":"","land_category":"잡종지","area_sqm":1018.0,"area_band":"1,000~3,000㎡","interest_category":"잡종지","solar_candidate":"Y","candidate_reason":"실제 이용·점유 여부 확인 후 검토할 잡종지; 면적 1,018㎡","priority_score":63,"source":"경기부동산포털 국공유지조회·연속지적도","source_date":"2026-08-11","installed_solar_match":false}},{"type":"Feature","id":"4127310100105170000","geometry":{"type":"Point","coordinates":[126.8266029,37.3208682]},"properties":{"pnu":"4127310100105170000","municipality_code":"41270","municipality":"안산시","district":"안산시 단원구","locality":"고잔동","address":"안산시 단원구 고잔동 517","owner_type":"국유지","owner_label":"국(국세청)","manager":"","property_class":"","land_category":"대","area_sqm":4836.3,"area_band":"3,000~5,000㎡","interest_category":"대","solar_candidate":"Y","candidate_reason":"청사·공공건축물·주차장 현황 추가 확인 필요; 면적 4,836㎡","priority_score":60,"source":"경기부동산포털 국공유지조회·연속지적도","source_date":"2026-08-11","installed_solar_match":true,"installed_solar_count":7,"installed_solar_area_sqm":360.5,"installed_solar_analysis_years":["2024"],"installed_solar_types":["공공시설물"],"installed_solar_permit_status_counts":{"N":7}}},{"type":"Feature","id":"4127310100105210002","geometry":{"type":"Point","coordinates":[126.8271647,37.3177824]},"properties":{"pnu":"4127310100105210002","municipality_code":"41270","municipality":"안산시","district":"안산시 단원구","locality":"고잔동","address":"안산시 단원구 고잔동 521-2","owner_type":"국유지","owner_label":"국(과학기술정보통신부)","manager":"","property_class":"","land_category":"대","area_sqm":4531.1,"area_band":"3,000~5,000㎡","interest_category":"대","solar_candidate":"Y","candidate_reason":"청사·공공건축물·주차장 현황 추가 확인 필요; 면적 4,531㎡","priority_score":60,"source":"경기부동산포털 국공유지조회·연속지적도","source_date":"2026-08-11","installed_solar_match":false}},{"type":"Feature","id":"4127310900110720002","geometry":{"type":"Point","coordinates":[126.8087938,37.3323222]},"properties":{"pnu":"4127310900110720002","municipality_code":"41270","municipality":"안산시","district":"안산시 단원구","locality":"선부동","address":"안산시 단원구 선부동 1072-2","owner_type":"국유지","owner_label":"국(관세청)","manager":"","property_class":"","land_category":"대","area_sqm":3413.1,"area_band":"3,000~5,000㎡","interest_category":"대","solar_candidate":"Y","candidate_reason":"청사·공공건축물·주차장 현황 추가 확인 필요; 면적 3,413㎡","priority_score":60,"source":"경기부동산포털 국공유지조회·연속지적도","source_date":"2026-08-11","installed_solar_match":false}},{"type":"Feature","id":"4127311300107350001","geometry":{"type":"Point","coordinates":[126.6439564,37.1947572]},"properties":{"pnu":"4127311300107350001","municipality_code":"41270","municipality":"안산시","district":"안산시 단원구","locality":"선감동","address":"안산시 단원구 선감동 735-1","owner_type":"국유지","owner_label":"국","manager":"","property_class":"","land_category":"대","area_sqm":3064.0,"area_band":"3,000~5,000㎡","interest_category":"대","solar_candidate":"Y","candidate_reason":"청사·공공건축물·주차장 현황 추가 확인 필요; 면적 3,064㎡","priority_score":60,"source":"경기부동산포털 국공유지조회·연속지적도","source_date":"2026-08-11","installed_solar_match":false}},{"type":"Feature","id":"4127310900107030003","geometry":{"type":"Point","coordinates":[126.8039321,37.3440493]},"properties":{"pnu":"4127310900107030003","municipality_code":"41270","municipality":"안산시","district":"안산시 단원구","locality":"선부동","address":"안산시 단원구 선부동 703-3","owner_type":"국유지","owner_label":"국(경찰청)","manager":"","property_class":"","land_category":"주차장","area_sqm":660.0,"area_band":"500~1,000㎡","interest_category":"주차장","solar_candidate":"Y","candidate_reason":"주차면 상부 태양광을 우선 검토할 지목; 면적 660㎡","priority_score":60,"source":"경기부동산포털 국공유지조회·연속지적도","source_date":"2026-08-11","installed_solar_match":true,"installed_solar_count":1,"installed_solar_area_sqm":43.7,"installed_solar_analysis_years":["2024"],"installed_solar_types":["공공시설물"],"installed_solar_permit_status_counts":{"N":1}}},{"type":"Feature","id":"4127311400102750010","geometry":{"type":"Point","coordinates":[126.3862213,37.1071964]},"properties":{"pnu":"4127311400102750010","municipality_code":"41270","municipality":"안산시","district":"안산시 단원구","locality":"풍도동","address":"안산시 단원구 풍도동 275-10","owner_type":"국유지","owner_label":"국(국방부)","manager":"","property_class":"","land_category":"잡종지","area_sqm":999.0,"area_band":"500~1,000㎡","interest_category":"잡종지","solar_candidate":"검토필요","candidate_reason":"실제 이용·점유 여부 확인 후 검토할 잡종지; 면적 999㎡","priority_score":55,"source":"경기부동산포털 국공유지조회·연속지적도","source_date":"2026-08-11","installed_solar_match":false}},{"type":"Feature","id":"4127310900101160002","geometry":{"type":"Point","coordinates":[126.7951192,37.3479668]},"properties":{"pnu":"4127310900101160002","municipality_code":"41270","municipality":"안산시","district":"안산시 단원구","locality":"선부동","address":"안산시 단원구 선부동 116-2","owner_type":"국유지","owner_label":"국(국방부)","manager":"","property_class":"","land_category":"잡종지","area_sqm":936.0,"area_band":"500~1,000㎡","interest_category":"잡종지","solar_candidate":"검토필요","candidate_reason":"실제 이용·점유 여부 확인 후 검토할 잡종지; 면적 936㎡","priority_score":55,"source":"경기부동산포털 국공유지조회·연속지적도","source_date":"2026-08-11","installed_solar_match":false}},{"type":"Feature","id":"4127311200100130013","geometry":{"type":"Point","coordinates":[126.6140567,37.2111142]},"properties":{"pnu":"4127311200100130013","municipality_code":"41270","municipality":"안산시","district":"안산시 단원구","locality":"대부남동","address":"안산시 단원구 대부남동 13-13","owner_type":"국유지","owner_label":"국(기획재정부)","manager":"","property_class":"","land_category":"잡종지","area_sqm":865.2,"area_band":"500~1,000㎡","interest_category":"잡종지","solar_candidate":"검토필요","candidate_reason":"실제 이용·점유 여부 확인 후 검토할 잡종지; 면적 865㎡","priority_score":55,"source":"경기부동산포털 국공유지조회·연속지적도","source_date":"2026-08-11","installed_solar_match":false}},{"type":"Feature","id":"4127311300102080062","geometry":{"type":"Point","coordinates":[126.6290289,37.2216684]},"properties":{"pnu":"4127311300102080062","municipality_code":"41270","municipality":"안산시","district":"안산시 단원구","locality":"선감동","address":"안산시 단원구 선감동 208-62","owner_type":"국유지","owner_label":"국(기획재정부)","manager":"","property_class":"","land_category":"잡종지","area_sqm":840.0,"area_band":"500~1,000㎡","interest_category":"잡종지","solar_candidate":"검토필요","candidate_reason":"실제 이용·점유 여부 확인 후 검토할 잡종지; 면적 840㎡","priority_score":55,"source":"경기부동산포털 국공유지조회·연속지적도","source_date":"2026-08-11","installed_solar_match":false}},{"type":"Feature","id":"4127310900101210005","geometry":{"type":"Point","coordinates":[126.7951982,37.3490004]},"properties":{"pnu":"4127310900101210005","municipality_code":"41270","municipality":"안산시","district":"안산시 단원구","locality":"선부동","address":"안산시 단원구 선부동 121-5","owner_type":"국유지","owner_label":"국(국방부)","manager":"","property_class":"","land_category":"잡종지","area_sqm":822.0,"area_band":"500~1,000㎡","interest_category":"잡종지","solar_candidate":"검토필요","candidate_reason":"실제 이용·점유 여부 확인 후 검토할 잡종지; 면적 822㎡","priority_score":55,"source":"경기부동산포털 국공유지조회·연속지적도","source_date":"2026-08-11","installed_solar_match":false}},{"type":"Feature","id":"4127311200105510010","geometry":{"type":"Point","coordinates":[126.5650865,37.1981957]},"properties":{"pnu":"4127311200105510010","municipality_code":"41270","municipality":"안산시","district":"안산시 단원구","locality":"대부남동","address":"안산시 단원구 대부남동 551-10","owner_type":"국유지","owner_label":"국(기획재정부)","manager":"","property_class":"","land_category":"잡종지","area_sqm":816.0,"area_band":"500~1,000㎡","interest_category":"잡종지","solar_candidate":"검토필요","candidate_reason":"실제 이용·점유 여부 확인 후 검토할 잡종지; 면적 816㎡","priority_score":55,"source":"경기부동산포털 국공유지조회·연속지적도","source_date":"2026-08-11","installed_solar_match":false}},{"type":"Feature","id":"4127311200113610001","geometry":{"type":"Point","coordinates":[126.5923087,37.2141649]},"properties":{"pnu":"4127311200113610001","municipality_code":"41270","municipality":"안산시","district":"안산시 단원구","locality":"대부남동","address":"안산시 단원구 대부남동 1361-1","owner_type":"국유지","owner_label":"국(기획재정부)","manager":"","property_class":"","land_category":"잡종지","area_sqm":790.0,"area_band":"500~1,000㎡","interest_category":"잡종지","solar_candidate":"검토필요","candidate_reason":"실제 이용·점유 여부 확인 후 검토할 잡종지; 면적 790㎡","priority_score":55,"source":"경기부동산포털 국공유지조회·연속지적도","source_date":"2026-08-11","installed_solar_match":false}},{"type":"Feature","id":"4127110600101740004","geometry":{"type":"Point","coordinates":[126.846029,37.3468248]},"properties":{"pnu":"4127110600101740004","municipality_code":"41270","municipality":"안산시","district":"안산시 상록구","locality":"양상동","address":"안산시 상록구 양상동 174-4","owner_type":"국유지","owner_label":"국(국방부)","manager":"","property_class":"","land_category":"잡종지","area_sqm":773.0,"area_band":"500~1,000㎡","interest_category":"잡종지","solar_candidate":"검토필요","candidate_reason":"실제 이용·점유 여부 확인 후 검토할 잡종지; 면적 773㎡","priority_score":55,"source":"경기부동산포털 국공유지조회·연속지적도","source_date":"2026-08-11","installed_solar_match":false}},{"type":"Feature","id":"4127311100107640006","geometry":{"type":"Point","coordinates":[126.5739262,37.2488671]},"properties":{"pnu":"4127311100107640006","municipality_code":"41270","municipality":"안산시","district":"안산시 단원구","locality":"대부북동","address":"안산시 단원구 대부북동 764-6","owner_type":"국유지","owner_label":"국(농림축산식품부)","manager":"","property_class":"","land_category":"잡종지","area_sqm":750.0,"area_band":"500~1,000㎡","interest_category":"잡종지","solar_candidate":"검토필요","candidate_reason":"실제 이용·점유 여부 확인 후 검토할 잡종지; 면적 750㎡","priority_score":55,"source":"경기부동산포털 국공유지조회·연속지적도","source_date":"2026-08-11","installed_solar_match":false}},{"type":"Feature","id":"4127311100119800000","geometry":{"type":"Point","coordinates":[126.5772288,37.2930799]},"properties":{"pnu":"4127311100119800000","municipality_code":"41270","municipality":"안산시","district":"안산시 단원구","locality":"대부북동","address":"안산시 단원구 대부북동 1980","owner_type":"국유지","owner_label":"국(해양경찰청)","manager":"","property_class":"","land_category":"잡종지","area_sqm":697.0,"area_band":"500~1,000㎡","interest_category":"잡종지","solar_candidate":"검토필요","candidate_reason":"실제 이용·점유 여부 확인 후 검토할 잡종지; 면적 697㎡","priority_score":55,"source":"경기부동산포털 국공유지조회·연속지적도","source_date":"2026-08-11","installed_solar_match":false}},{"type":"Feature","id":"4127311200110660247","geometry":{"type":"Point","coordinates":[126.5760361,37.2205002]},"properties":{"pnu":"4127311200110660247","municipality_code":"41270","municipality":"안산시","district":"안산시 단원구","locality":"대부남동","address":"안산시 단원구 대부남동 1066-247","owner_type":"국유지","owner_label":"국(기획재정부)","manager":"","property_class":"","land_category":"잡종지","area_sqm":634.0,"area_band":"500~1,000㎡","interest_category":"잡종지","solar_candidate":"검토필요","candidate_reason":"실제 이용·점유 여부 확인 후 검토할 잡종지; 면적 634㎡","priority_score":55,"source":"경기부동산포털 국공유지조회·연속지적도","source_date":"2026-08-11","installed_solar_match":false}},{"type":"Feature","id":"4127311100119780001","geometry":{"type":"Point","coordinates":[126.5773176,37.2923026]},"properties":{"pnu":"4127311100119780001","municipality_code":"41270","municipality":"안산시","district":"안산시 단원구","locality":"대부북동","address":"안산시 단원구 대부북동 1978-1","owner_type":"국유지","owner_label":"국 (국방부)","manager":"","property_class":"","land_category":"잡종지","area_sqm":621.0,"area_band":"500~1,000㎡","interest_category":"잡종지","solar_candidate":"검토필요","candidate_reason":"실제 이용·점유 여부 확인 후 검토할 잡종지; 면적 621㎡","priority_score":55,"source":"경기부동산포털 국공유지조회·연속지적도","source_date":"2026-08-11","installed_solar_match":false}},{"type":"Feature","id":"4127311400102750007","geometry":{"type":"Point","coordinates":[126.3877025,37.1081204]},"properties":{"pnu":"4127311400102750007","municipality_code":"41270","municipality":"안산시","district":"안산시 단원구","locality":"풍도동","address":"안산시 단원구 풍도동 275-7","owner_type":"국유지","owner_label":"국(국방부)","manager":"","property_class":"","land_category":"잡종지","area_sqm":616.0,"area_band":"500~1,000㎡","interest_category":"잡종지","solar_candidate":"검토필요","candidate_reason":"실제 이용·점유 여부 확인 후 검토할 잡종지; 면적 616㎡","priority_score":55,"source":"경기부동산포털 국공유지조회·연속지적도","source_date":"2026-08-11","installed_solar_match":false}},{"type":"Feature","id":"4127311100118480442","geometry":{"type":"Point","coordinates":[126.5765871,37.2927959]},"properties":{"pnu":"4127311100118480442","municipality_code":"41270","municipality":"안산시","district":"안산시 단원구","locality":"대부북동","address":"안산시 단원구 대부북동 1848-442","owner_type":"국유지","owner_label":"국(국방부)","manager":"","property_class":"","land_category":"잡종지","area_sqm":594.0,"area_band":"500~1,000㎡","interest_category":"잡종지","solar_candidate":"검토필요","candidate_reason":"실제 이용·점유 여부 확인 후 검토할 잡종지; 면적 594㎡","priority_score":55,"source":"경기부동산포털 국공유지조회·연속지적도","source_date":"2026-08-11","installed_solar_match":false}},{"type":"Feature","id":"4127311100118440013","geometry":{"type":"Point","coordinates":[126.5734039,37.2862607]},"properties":{"pnu":"4127311100118440013","municipality_code":"41270","municipality":"안산시","district":"안산시 단원구","locality":"대부북동","address":"안산시 단원구 대부북동 1844-13","owner_type":"국유지","owner_label":"국(기획재정부)","manager":"","property_class":"","land_category":"잡종지","area_sqm":583.0,"area_band":"500~1,000㎡","interest_category":"잡종지","solar_candidate":"검토필요","candidate_reason":"실제 이용·점유 여부 확인 후 검토할 잡종지; 면적 583㎡","priority_score":55,"source":"경기부동산포털 국공유지조회·연속지적도","source_date":"2026-08-11","installed_solar_match":false}},{"type":"Feature","id":"4127311000115580010","geometry":{"type":"Point","coordinates":[126.5962957,37.234195]},"properties":{"pnu":"4127311000115580010","municipality_code":"41270","municipality":"안산시","district":"안산시 단원구","locality":"대부동동","address":"안산시 단원구 대부동동 1558-10","owner_type":"국유지","owner_label":"국(기획재정부)","manager":"","property_class":"","land_category":"잡종지","area_sqm":562.0,"area_band":"500~1,000㎡","interest_category":"잡종지","solar_candidate":"검토필요","candidate_reason":"실제 이용·점유 여부 확인 후 검토할 잡종지; 면적 562㎡","priority_score":55,"source":"경기부동산포털 국공유지조회·연속지적도","source_date":"2026-08-11","installed_solar_match":false}},{"type":"Feature","id":"4127311000106570095","geometry":{"type":"Point","coordinates":[126.6003804,37.2360012]},"properties":{"pnu":"4127311000106570095","municipality_code":"41270","municipality":"안산시","district":"안산시 단원구","locality":"대부동동","address":"안산시 단원구 대부동동 657-95","owner_type":"국유지","owner_label":"국(기획재정부)","manager":"","property_class":"","land_category":"잡종지","area_sqm":557.0,"area_band":"500~1,000㎡","interest_category":"잡종지","solar_candidate":"검토필요","candidate_reason":"실제 이용·점유 여부 확인 후 검토할 잡종지; 면적 557㎡","priority_score":55,"source":"경기부동산포털 국공유지조회·연속지적도","source_date":"2026-08-11","installed_solar_match":false}},{"type":"Feature","id":"4127311100119750003","geometry":{"type":"Point","coordinates":[126.5771641,37.292188]},"properties":{"pnu":"4127311100119750003","municipality_code":"41270","municipality":"안산시","district":"안산시 단원구","locality":"대부북동","address":"안산시 단원구 대부북동 1975-3","owner_type":"국유지","owner_label":"국 (국방부)","manager":"","property_class":"","land_category":"잡종지","area_sqm":552.0,"area_band":"500~1,000㎡","interest_category":"잡종지","solar_candidate":"검토필요","candidate_reason":"실제 이용·점유 여부 확인 후 검토할 잡종지; 면적 552㎡","priority_score":55,"source":"경기부동산포털 국공유지조회·연속지적도","source_date":"2026-08-11","installed_solar_match":false}},{"type":"Feature","id":"4127110600101810005","geometry":{"type":"Point","coordinates":[126.8472712,37.3467011]},"properties":{"pnu":"4127110600101810005","municipality_code":"41270","municipality":"안산시","district":"안산시 상록구","locality":"양상동","address":"안산시 상록구 양상동 181-5","owner_type":"국유지","owner_label":"국(국방부)","manager":"","property_class":"","land_category":"잡종지","area_sqm":545.0,"area_band":"500~1,000㎡","interest_category":"잡종지","solar_candidate":"검토필요","candidate_reason":"실제 이용·점유 여부 확인 후 검토할 잡종지; 면적 545㎡","priority_score":55,"source":"경기부동산포털 국공유지조회·연속지적도","source_date":"2026-08-11","installed_solar_match":false}},{"type":"Feature","id":"4127311100119750002","geometry":{"type":"Point","coordinates":[126.5769783,37.292101]},"properties":{"pnu":"4127311100119750002","municipality_code":"41270","municipality":"안산시","district":"안산시 단원구","locality":"대부북동","address":"안산시 단원구 대부북동 1975-2","owner_type":"국유지","owner_label":"국 (국방부)","manager":"","property_class":"","land_category":"잡종지","area_sqm":545.0,"area_band":"500~1,000㎡","interest_category":"잡종지","solar_candidate":"검토필요","candidate_reason":"실제 이용·점유 여부 확인 후 검토할 잡종지; 면적 545㎡","priority_score":55,"source":"경기부동산포털 국공유지조회·연속지적도","source_date":"2026-08-11","installed_solar_match":false}},{"type":"Feature","id":"4127310300102530023","geometry":{"type":"Point","coordinates":[126.7554634,37.3360504]},"properties":{"pnu":"4127310300102530023","municipality_code":"41270","municipality":"안산시","district":"안산시 단원구","locality":"신길동","address":"안산시 단원구 신길동 253-23","owner_type":"국유지","owner_label":"국(국토해양부)","manager":"","property_class":"","land_category":"주차장","area_sqm":144.0,"area_band":"100~500㎡","interest_category":"주차장","solar_candidate":"검토필요","candidate_reason":"주차면 상부 태양광을 우선 검토할 지목; 면적 144㎡","priority_score":55,"source":"경기부동산포털 국공유지조회·연속지적도","source_date":"2026-08-11","installed_solar_match":false}},{"type":"Feature","id":"4127110300105260011","geometry":{"type":"Point","coordinates":[126.8507212,37.3011905]},"properties":{"pnu":"4127110300105260011","municipality_code":"41270","municipality":"안산시","district":"안산시 상록구","locality":"사동","address":"안산시 상록구 사동 526-11","owner_type":"국유지","owner_label":"국(국토교통부)","manager":"","property_class":"","land_category":"주차장","area_sqm":134.0,"area_band":"100~500㎡","interest_category":"주차장","solar_candidate":"검토필요","candidate_reason":"주차면 상부 태양광을 우선 검토할 지목; 면적 134㎡","priority_score":55,"source":"경기부동산포털 국공유지조회·연속지적도","source_date":"2026-08-11","installed_solar_match":false}},{"type":"Feature","id":"4127110100107070002","geometry":{"type":"Point","coordinates":[126.8676137,37.3088685]},"properties":{"pnu":"4127110100107070002","municipality_code":"41270","municipality":"안산시","district":"안산시 상록구","locality":"일동","address":"안산시 상록구 일동 707-2","owner_type":"국유지","owner_label":"국(국토교통부)","manager":"","property_class":"","land_category":"대","area_sqm":2373.3,"area_band":"1,000~3,000㎡","interest_category":"대","solar_candidate":"검토필요","candidate_reason":"청사·공공건축물·주차장 현황 추가 확인 필요; 면적 2,373㎡","priority_score":53,"source":"경기부동산포털 국공유지조회·연속지적도","source_date":"2026-08-11","installed_solar_match":false}},{"type":"Feature","id":"4127310100105250002","geometry":{"type":"Point","coordinates":[126.8297669,37.3188364]},"properties":{"pnu":"4127310100105250002","municipality_code":"41270","municipality":"안산시","district":"안산시 단원구","locality":"고잔동","address":"안산시 단원구 고잔동 525-2","owner_type":"국유지","owner_label":"국(법무부)","manager":"","property_class":"","land_category":"대","area_sqm":2021.8,"area_band":"1,000~3,000㎡","interest_category":"대","solar_candidate":"검토필요","candidate_reason":"청사·공공건축물·주차장 현황 추가 확인 필요; 면적 2,022㎡","priority_score":53,"source":"경기부동산포털 국공유지조회·연속지적도","source_date":"2026-08-11","installed_solar_match":false}},{"type":"Feature","id":"4127310100105260001","geometry":{"type":"Point","coordinates":[126.8289095,37.3178285]},"properties":{"pnu":"4127310100105260001","municipality_code":"41270","municipality":"안산시","district":"안산시 단원구","locality":"고잔동","address":"안산시 단원구 고잔동 526-1","owner_type":"국유지","owner_label":"국(고용노동부)","manager":"","property_class":"","land_category":"대","area_sqm":2019.5,"area_band":"1,000~3,000㎡","interest_category":"대","solar_candidate":"검토필요","candidate_reason":"청사·공공건축물·주차장 현황 추가 확인 필요; 면적 2,020㎡","priority_score":53,"source":"경기부동산포털 국공유지조회·연속지적도","source_date":"2026-08-11","installed_solar_match":false}},{"type":"Feature","id":"4127310100105200001","geometry":{"type":"Point","coordinates":[126.8273804,37.3185943]},"properties":{"pnu":"4127310100105200001","municipality_code":"41270","municipality":"안산시","district":"안산시 단원구","locality":"고잔동","address":"안산시 단원구 고잔동 520-1","owner_type":"국유지","owner_label":"국(고용노동부)","manager":"","property_class":"","land_category":"대","area_sqm":1971.1,"area_band":"1,000~3,000㎡","interest_category":"대","solar_candidate":"검토필요","candidate_reason":"청사·공공건축물·주차장 현황 추가 확인 필요; 면적 1,971㎡","priority_score":53,"source":"경기부동산포털 국공유지조회·연속지적도","source_date":"2026-08-11","installed_solar_match":false}},{"type":"Feature","id":"4127310500107730007","geometry":{"type":"Point","coordinates":[126.7945279,37.3132768]},"properties":{"pnu":"4127310500107730007","municipality_code":"41270","municipality":"안산시","district":"안산시 단원구","locality":"원시동","address":"안산시 단원구 원시동 773-7","owner_type":"국유지","owner_label":"국(과학기술정보통신부)","manager":"","property_class":"","land_category":"대","area_sqm":1869.3,"area_band":"1,000~3,000㎡","interest_category":"대","solar_candidate":"검토필요","candidate_reason":"청사·공공건축물·주차장 현황 추가 확인 필요; 면적 1,869㎡","priority_score":53,"source":"경기부동산포털 국공유지조회·연속지적도","source_date":"2026-08-11","installed_solar_match":false}},{"type":"Feature","id":"4127110300115860005","geometry":{"type":"Point","coordinates":[126.8491589,37.2980607]},"properties":{"pnu":"4127110300115860005","municipality_code":"41270","municipality":"안산시","district":"안산시 상록구","locality":"사동","address":"안산시 상록구 사동 1586-5","owner_type":"국유지","owner_label":"국(중앙선거관리위원회)","manager":"","property_class":"","land_category":"대","area_sqm":1713.2,"area_band":"1,000~3,000㎡","interest_category":"대","solar_candidate":"검토필요","candidate_reason":"청사·공공건축물·주차장 현황 추가 확인 필요; 면적 1,713㎡","priority_score":53,"source":"경기부동산포털 국공유지조회·연속지적도","source_date":"2026-08-11","installed_solar_match":false}},{"type":"Feature","id":"4127310800108050001","geometry":{"type":"Point","coordinates":[126.7931871,37.3284813]},"properties":{"pnu":"4127310800108050001","municipality_code":"41270","municipality":"안산시","district":"안산시 단원구","locality":"원곡동","address":"안산시 단원구 원곡동 805-1","owner_type":"국유지","owner_label":"국(고용노동부)","manager":"","property_class":"","land_category":"대","area_sqm":1539.3,"area_band":"1,000~3,000㎡","interest_category":"대","solar_candidate":"검토필요","candidate_reason":"청사·공공건축물·주차장 현황 추가 확인 필요; 면적 1,539㎡","priority_score":53,"source":"경기부동산포털 국공유지조회·연속지적도","source_date":"2026-08-11","installed_solar_match":false}},{"type":"Feature","id":"4127311200106090013","geometry":{"type":"Point","coordinates":[126.5678499,37.2045827]},"properties":{"pnu":"4127311200106090013","municipality_code":"41270","municipality":"안산시","district":"안산시 단원구","locality":"대부남동","address":"안산시 단원구 대부남동 609-13","owner_type":"국유지","owner_label":"국(기획재정부)","manager":"","property_class":"","land_category":"대","area_sqm":1209.0,"area_band":"1,000~3,000㎡","interest_category":"대","solar_candidate":"검토필요","candidate_reason":"청사·공공건축물·주차장 현황 추가 확인 필요; 면적 1,209㎡","priority_score":53,"source":"경기부동산포털 국공유지조회·연속지적도","source_date":"2026-08-11","installed_solar_match":false}},{"type":"Feature","id":"4127310900111630001","geometry":{"type":"Point","coordinates":[126.8158913,37.3484339]},"properties":{"pnu":"4127310900111630001","municipality_code":"41270","municipality":"안산시","district":"안산시 단원구","locality":"선부동","address":"안산시 단원구 선부동 1163-1","owner_type":"국유지","owner_label":"국(경찰청)","manager":"","property_class":"","land_category":"대","area_sqm":1042.2,"area_band":"1,000~3,000㎡","interest_category":"대","solar_candidate":"검토필요","candidate_reason":"청사·공공건축물·주차장 현황 추가 확인 필요; 면적 1,042㎡","priority_score":53,"source":"경기부동산포털 국공유지조회·연속지적도","source_date":"2026-08-11","installed_solar_match":false}},{"type":"Feature","id":"4127110600101750000","geometry":{"type":"Point","coordinates":[126.8454594,37.3459792]},"properties":{"pnu":"4127110600101750000","municipality_code":"41270","municipality":"안산시","district":"안산시 상록구","locality":"양상동","address":"안산시 상록구 양상동 175","owner_type":"국유지","owner_label":"국(국방부)","manager":"","property_class":"","land_category":"잡종지","area_sqm":489.0,"area_band":"100~500㎡","interest_category":"잡종지","solar_candidate":"검토필요","candidate_reason":"실제 이용·점유 여부 확인 후 검토할 잡종지; 면적 489㎡","priority_score":50,"source":"경기부동산포털 국공유지조회·연속지적도","source_date":"2026-08-11","installed_solar_match":false}},{"type":"Feature","id":"4127111000104700001","geometry":{"type":"Point","coordinates":[126.8960641,37.2988699]},"properties":{"pnu":"4127111000104700001","municipality_code":"41270","municipality":"안산시","district":"안산시 상록구","locality":"팔곡일동","address":"안산시 상록구 팔곡일동 470-1","owner_type":"국유지","owner_label":"국(국토교통부)","manager":"","property_class":"","land_category":"잡종지","area_sqm":460.0,"area_band":"100~500㎡","interest_category":"잡종지","solar_candidate":"검토필요","candidate_reason":"실제 이용·점유 여부 확인 후 검토할 잡종지; 면적 460㎡","priority_score":50,"source":"경기부동산포털 국공유지조회·연속지적도","source_date":"2026-08-11","installed_solar_match":false}},{"type":"Feature","id":"4127110500105930001","geometry":{"type":"Point","coordinates":[126.8849206,37.2972633]},"properties":{"pnu":"4127110500105930001","municipality_code":"41270","municipality":"안산시","district":"안산시 상록구","locality":"팔곡이동","address":"안산시 상록구 팔곡이동 593-1","owner_type":"국유지","owner_label":"국(농림축산식품부)","manager":"","property_class":"","land_category":"잡종지","area_sqm":454.0,"area_band":"100~500㎡","interest_category":"잡종지","solar_candidate":"검토필요","candidate_reason":"실제 이용·점유 여부 확인 후 검토할 잡종지; 면적 454㎡","priority_score":50,"source":"경기부동산포털 국공유지조회·연속지적도","source_date":"2026-08-11","installed_solar_match":false}},{"type":"Feature","id":"4127311400102750003","geometry":{"type":"Point","coordinates":[126.3864437,37.1075269]},"properties":{"pnu":"4127311400102750003","municipality_code":"41270","municipality":"안산시","district":"안산시 단원구","locality":"풍도동","address":"안산시 단원구 풍도동 275-3","owner_type":"국유지","owner_label":"국(국방부)","manager":"","property_class":"","land_category":"잡종지","area_sqm":443.0,"area_band":"100~500㎡","interest_category":"잡종지","solar_candidate":"검토필요","candidate_reason":"실제 이용·점유 여부 확인 후 검토할 잡종지; 면적 443㎡","priority_score":50,"source":"경기부동산포털 국공유지조회·연속지적도","source_date":"2026-08-11","installed_solar_match":false}},{"type":"Feature","id":"4127310300104740023","geometry":{"type":"Point","coordinates":[126.7652137,37.3279333]},"properties":{"pnu":"4127310300104740023","municipality_code":"41270","municipality":"안산시","district":"안산시 단원구","locality":"신길동","address":"안산시 단원구 신길동 474-23","owner_type":"국유지","owner_label":"국(기획재정부)","manager":"","property_class":"","land_category":"잡종지","area_sqm":441.0,"area_band":"100~500㎡","interest_category":"잡종지","solar_candidate":"검토필요","candidate_reason":"실제 이용·점유 여부 확인 후 검토할 잡종지; 면적 441㎡","priority_score":50,"source":"경기부동산포털 국공유지조회·연속지적도","source_date":"2026-08-11","installed_solar_match":false}},{"type":"Feature","id":"4127311400102750009","geometry":{"type":"Point","coordinates":[126.3867029,37.1068047]},"properties":{"pnu":"4127311400102750009","municipality_code":"41270","municipality":"안산시","district":"안산시 단원구","locality":"풍도동","address":"안산시 단원구 풍도동 275-9","owner_type":"국유지","owner_label":"국(국방부)","manager":"","property_class":"","land_category":"잡종지","area_sqm":402.0,"area_band":"100~500㎡","interest_category":"잡종지","solar_candidate":"검토필요","candidate_reason":"실제 이용·점유 여부 확인 후 검토할 잡종지; 면적 402㎡","priority_score":50,"source":"경기부동산포털 국공유지조회·연속지적도","source_date":"2026-08-11","installed_solar_match":false}},{"type":"Feature","id":"4127310200100950001","geometry":{"type":"Point","coordinates":[126.8297857,37.3438163]},"properties":{"pnu":"4127310200100950001","municipality_code":"41270","municipality":"안산시","district":"안산시 단원구","locality":"와동","address":"안산시 단원구 와동 95-1","owner_type":"국유지","owner_label":"국(기획재정부)","manager":"","property_class":"","land_category":"잡종지","area_sqm":392.5,"area_band":"100~500㎡","interest_category":"잡종지","solar_candidate":"검토필요","candidate_reason":"실제 이용·점유 여부 확인 후 검토할 잡종지; 면적 392㎡","priority_score":50,"source":"경기부동산포털 국공유지조회·연속지적도","source_date":"2026-08-11","installed_solar_match":false}},{"type":"Feature","id":"4127311000100790081","geometry":{"type":"Point","coordinates":[126.6211892,37.2362662]},"properties":{"pnu":"4127311000100790081","municipality_code":"41270","municipality":"안산시","district":"안산시 단원구","locality":"대부동동","address":"안산시 단원구 대부동동 79-81","owner_type":"국유지","owner_label":"국(기획재정부)","manager":"","property_class":"","land_category":"잡종지","area_sqm":368.0,"area_band":"100~500㎡","interest_category":"잡종지","solar_candidate":"검토필요","candidate_reason":"실제 이용·점유 여부 확인 후 검토할 잡종지; 면적 368㎡","priority_score":50,"source":"경기부동산포털 국공유지조회·연속지적도","source_date":"2026-08-11","installed_solar_match":false}},{"type":"Feature","id":"4127311400102750006","geometry":{"type":"Point","coordinates":[126.3871374,37.1067792]},"properties":{"pnu":"4127311400102750006","municipality_code":"41270","municipality":"안산시","district":"안산시 단원구","locality":"풍도동","address":"안산시 단원구 풍도동 275-6","owner_type":"국유지","owner_label":"국(국방부)","manager":"","property_class":"","land_category":"잡종지","area_sqm":360.0,"area_band":"100~500㎡","interest_category":"잡종지","solar_candidate":"검토필요","candidate_reason":"실제 이용·점유 여부 확인 후 검토할 잡종지; 면적 360㎡","priority_score":50,"source":"경기부동산포털 국공유지조회·연속지적도","source_date":"2026-08-11","installed_solar_match":false}},{"type":"Feature","id":"4127311200110660230","geometry":{"type":"Point","coordinates":[126.5758874,37.2206209]},"properties":{"pnu":"4127311200110660230","municipality_code":"41270","municipality":"안산시","district":"안산시 단원구","locality":"대부남동","address":"안산시 단원구 대부남동 1066-230","owner_type":"국유지","owner_label":"국(기획재정부)","manager":"","property_class":"","land_category":"잡종지","area_sqm":325.0,"area_band":"100~500㎡","interest_category":"잡종지","solar_candidate":"검토필요","candidate_reason":"실제 이용·점유 여부 확인 후 검토할 잡종지; 면적 325㎡","priority_score":50,"source":"경기부동산포털 국공유지조회·연속지적도","source_date":"2026-08-11","installed_solar_match":false}},{"type":"Feature","id":"4127110500105900030","geometry":{"type":"Point","coordinates":[126.8837959,37.2865041]},"properties":{"pnu":"4127110500105900030","municipality_code":"41270","municipality":"안산시","district":"안산시 상록구","locality":"팔곡이동","address":"안산시 상록구 팔곡이동 590-30","owner_type":"국유지","owner_label":"국(기획재정부)","manager":"","property_class":"","land_category":"잡종지","area_sqm":323.0,"area_band":"100~500㎡","interest_category":"잡종지","solar_candidate":"검토필요","candidate_reason":"실제 이용·점유 여부 확인 후 검토할 잡종지; 면적 323㎡","priority_score":50,"source":"경기부동산포털 국공유지조회·연속지적도","source_date":"2026-08-11","installed_solar_match":false}},{"type":"Feature","id":"4127311200113700000","geometry":{"type":"Point","coordinates":[126.5926616,37.2146155]},"properties":{"pnu":"4127311200113700000","municipality_code":"41270","municipality":"안산시","district":"안산시 단원구","locality":"대부남동","address":"안산시 단원구 대부남동 1370","owner_type":"국유지","owner_label":"국(기획재정부)","manager":"","property_class":"","land_category":"잡종지","area_sqm":305.0,"area_band":"100~500㎡","interest_category":"잡종지","solar_candidate":"검토필요","candidate_reason":"실제 이용·점유 여부 확인 후 검토할 잡종지; 면적 305㎡","priority_score":50,"source":"경기부동산포털 국공유지조회·연속지적도","source_date":"2026-08-11","installed_solar_match":false}},{"type":"Feature","id":"4127311200106090020","geometry":{"type":"Point","coordinates":[126.569185,37.2065442]},"properties":{"pnu":"4127311200106090020","municipality_code":"41270","municipality":"안산시","district":"안산시 단원구","locality":"대부남동","address":"안산시 단원구 대부남동 609-20","owner_type":"국유지","owner_label":"국(기획재정부)","manager":"","property_class":"","land_category":"잡종지","area_sqm":304.0,"area_band":"100~500㎡","interest_category":"잡종지","solar_candidate":"검토필요","candidate_reason":"실제 이용·점유 여부 확인 후 검토할 잡종지; 면적 304㎡","priority_score":50,"source":"경기부동산포털 국공유지조회·연속지적도","source_date":"2026-08-11","installed_solar_match":false}},{"type":"Feature","id":"4127311100118570016","geometry":{"type":"Point","coordinates":[126.5696763,37.2750747]},"properties":{"pnu":"4127311100118570016","municipality_code":"41270","municipality":"안산시","district":"안산시 단원구","locality":"대부북동","address":"안산시 단원구 대부북동 1857-16","owner_type":"국유지","owner_label":"국(기획재정부)","manager":"","property_class":"","land_category":"잡종지","area_sqm":294.0,"area_band":"100~500㎡","interest_category":"잡종지","solar_candidate":"검토필요","candidate_reason":"실제 이용·점유 여부 확인 후 검토할 잡종지; 면적 294㎡","priority_score":50,"source":"경기부동산포털 국공유지조회·연속지적도","source_date":"2026-08-11","installed_solar_match":false}},{"type":"Feature","id":"4127311200106280025","geometry":{"type":"Point","coordinates":[126.5493293,37.2059316]},"properties":{"pnu":"4127311200106280025","municipality_code":"41270","municipality":"안산시","district":"안산시 단원구","locality":"대부남동","address":"안산시 단원구 대부남동 628-25","owner_type":"국유지","owner_label":"국(기획재정부)","manager":"","property_class":"","land_category":"잡종지","area_sqm":292.0,"area_band":"100~500㎡","interest_category":"잡종지","solar_candidate":"검토필요","candidate_reason":"실제 이용·점유 여부 확인 후 검토할 잡종지; 면적 292㎡","priority_score":50,"source":"경기부동산포털 국공유지조회·연속지적도","source_date":"2026-08-11","installed_solar_match":false}},{"type":"Feature","id":"4127310700100010791","geometry":{"type":"Point","coordinates":[126.8123926,37.3148235]},"properties":{"pnu":"4127310700100010791","municipality_code":"41270","municipality":"안산시","district":"안산시 단원구","locality":"초지동","address":"안산시 단원구 초지동 1-791","owner_type":"국유지","owner_label":"국(기획재정부)","manager":"","property_class":"","land_category":"잡종지","area_sqm":272.0,"area_band":"100~500㎡","interest_category":"잡종지","solar_candidate":"검토필요","candidate_reason":"실제 이용·점유 여부 확인 후 검토할 잡종지; 면적 272㎡","priority_score":50,"source":"경기부동산포털 국공유지조회·연속지적도","source_date":"2026-08-11","installed_solar_match":false}},{"type":"Feature","id":"4127311100118480484","geometry":{"type":"Point","coordinates":[126.5768696,37.2929692]},"properties":{"pnu":"4127311100118480484","municipality_code":"41270","municipality":"안산시","district":"안산시 단원구","locality":"대부북동","address":"안산시 단원구 대부북동 1848-484","owner_type":"국유지","owner_label":"국(국방부)","manager":"","property_class":"","land_category":"잡종지","area_sqm":264.0,"area_band":"100~500㎡","interest_category":"잡종지","solar_candidate":"검토필요","candidate_reason":"실제 이용·점유 여부 확인 후 검토할 잡종지; 면적 264㎡","priority_score":50,"source":"경기부동산포털 국공유지조회·연속지적도","source_date":"2026-08-11","installed_solar_match":false}},{"type":"Feature","id":"4127311300106540081","geometry":{"type":"Point","coordinates":[126.6239158,37.2272265]},"properties":{"pnu":"4127311300106540081","municipality_code":"41270","municipality":"안산시","district":"안산시 단원구","locality":"선감동","address":"안산시 단원구 선감동 654-81","owner_type":"국유지","owner_label":"국(기획재정부)","manager":"","property_class":"","land_category":"잡종지","area_sqm":262.0,"area_band":"100~500㎡","interest_category":"잡종지","solar_candidate":"검토필요","candidate_reason":"실제 이용·점유 여부 확인 후 검토할 잡종지; 면적 262㎡","priority_score":50,"source":"경기부동산포털 국공유지조회·연속지적도","source_date":"2026-08-11","installed_solar_match":false}},{"type":"Feature","id":"4127110500103290004","geometry":{"type":"Point","coordinates":[126.8837244,37.2865186]},"properties":{"pnu":"4127110500103290004","municipality_code":"41270","municipality":"안산시","district":"안산시 상록구","locality":"팔곡이동","address":"안산시 상록구 팔곡이동 329-4","owner_type":"국유지","owner_label":"국(농림축산식품부)","manager":"","property_class":"","land_category":"잡종지","area_sqm":260.0,"area_band":"100~500㎡","interest_category":"잡종지","solar_candidate":"검토필요","candidate_reason":"실제 이용·점유 여부 확인 후 검토할 잡종지; 면적 260㎡","priority_score":50,"source":"경기부동산포털 국공유지조회·연속지적도","source_date":"2026-08-11","installed_solar_match":false}},{"type":"Feature","id":"4127110200106140053","geometry":{"type":"Point","coordinates":[126.8579721,37.3055225]},"properties":{"pnu":"4127110200106140053","municipality_code":"41270","municipality":"안산시","district":"안산시 상록구","locality":"이동","address":"안산시 상록구 이동 614-53","owner_type":"국유지","owner_label":"국(국토교통부)","manager":"","property_class":"","land_category":"잡종지","area_sqm":255.4,"area_band":"100~500㎡","interest_category":"잡종지","solar_candidate":"검토필요","candidate_reason":"실제 이용·점유 여부 확인 후 검토할 잡종지; 면적 255㎡","priority_score":50,"source":"경기부동산포털 국공유지조회·연속지적도","source_date":"2026-08-11","installed_solar_match":false}},{"type":"Feature","id":"4127311000115590010","geometry":{"type":"Point","coordinates":[126.5947008,37.2368612]},"properties":{"pnu":"4127311000115590010","municipality_code":"41270","municipality":"안산시","district":"안산시 단원구","locality":"대부동동","address":"안산시 단원구 대부동동 1559-10","owner_type":"국유지","owner_label":"국(기획재정부)","manager":"","property_class":"","land_category":"잡종지","area_sqm":255.0,"area_band":"100~500㎡","interest_category":"잡종지","solar_candidate":"검토필요","candidate_reason":"실제 이용·점유 여부 확인 후 검토할 잡종지; 면적 255㎡","priority_score":50,"source":"경기부동산포털 국공유지조회·연속지적도","source_date":"2026-08-11","installed_solar_match":false}},{"type":"Feature","id":"4127111100100540012","geometry":{"type":"Point","coordinates":[126.9056064,37.31911]},"properties":{"pnu":"4127111100100540012","municipality_code":"41270","municipality":"안산시","district":"안산시 상록구","locality":"건건동","address":"안산시 상록구 건건동 54-12","owner_type":"국유지","owner_label":"국(기획재정부)","manager":"","property_class":"","land_category":"잡종지","area_sqm":240.0,"area_band":"100~500㎡","interest_category":"잡종지","solar_candidate":"검토필요","candidate_reason":"실제 이용·점유 여부 확인 후 검토할 잡종지; 면적 240㎡","priority_score":50,"source":"경기부동산포털 국공유지조회·연속지적도","source_date":"2026-08-11","installed_solar_match":false}},{"type":"Feature","id":"4127311200100070035","geometry":{"type":"Point","coordinates":[126.6040638,37.2143159]},"properties":{"pnu":"4127311200100070035","municipality_code":"41270","municipality":"안산시","district":"안산시 단원구","locality":"대부남동","address":"안산시 단원구 대부남동 7-35","owner_type":"국유지","owner_label":"국(기획재정부)","manager":"","property_class":"","land_category":"잡종지","area_sqm":238.0,"area_band":"100~500㎡","interest_category":"잡종지","solar_candidate":"검토필요","candidate_reason":"실제 이용·점유 여부 확인 후 검토할 잡종지; 면적 238㎡","priority_score":50,"source":"경기부동산포털 국공유지조회·연속지적도","source_date":"2026-08-11","installed_solar_match":false}},{"type":"Feature","id":"4127311400102750004","geometry":{"type":"Point","coordinates":[126.3867298,37.1074852]},"properties":{"pnu":"4127311400102750004","municipality_code":"41270","municipality":"안산시","district":"안산시 단원구","locality":"풍도동","address":"안산시 단원구 풍도동 275-4","owner_type":"국유지","owner_label":"국(국방부)","manager":"","property_class":"","land_category":"잡종지","area_sqm":233.0,"area_band":"100~500㎡","interest_category":"잡종지","solar_candidate":"검토필요","candidate_reason":"실제 이용·점유 여부 확인 후 검토할 잡종지; 면적 233㎡","priority_score":50,"source":"경기부동산포털 국공유지조회·연속지적도","source_date":"2026-08-11","installed_solar_match":false}},{"type":"Feature","id":"4127310900101210001","geometry":{"type":"Point","coordinates":[126.7950358,37.3491083]},"properties":{"pnu":"4127310900101210001","municipality_code":"41270","municipality":"안산시","district":"안산시 단원구","locality":"선부동","address":"안산시 단원구 선부동 121-1","owner_type":"국유지","owner_label":"국(국방부)","manager":"","property_class":"","land_category":"잡종지","area_sqm":224.0,"area_band":"100~500㎡","interest_category":"잡종지","solar_candidate":"검토필요","candidate_reason":"실제 이용·점유 여부 확인 후 검토할 잡종지; 면적 224㎡","priority_score":50,"source":"경기부동산포털 국공유지조회·연속지적도","source_date":"2026-08-11","installed_solar_match":false}},{"type":"Feature","id":"4127311200104630015","geometry":{"type":"Point","coordinates":[126.5756125,37.2165259]},"properties":{"pnu":"4127311200104630015","municipality_code":"41270","municipality":"안산시","district":"안산시 단원구","locality":"대부남동","address":"안산시 단원구 대부남동 463-15","owner_type":"국유지","owner_label":"국(기획재정부)","manager":"","property_class":"","land_category":"잡종지","area_sqm":218.0,"area_band":"100~500㎡","interest_category":"잡종지","solar_candidate":"검토필요","candidate_reason":"실제 이용·점유 여부 확인 후 검토할 잡종지; 면적 218㎡","priority_score":50,"source":"경기부동산포털 국공유지조회·연속지적도","source_date":"2026-08-11","installed_solar_match":false}},{"type":"Feature","id":"4127311200106280004","geometry":{"type":"Point","coordinates":[126.5495499,37.2057324]},"properties":{"pnu":"4127311200106280004","municipality_code":"41270","municipality":"안산시","district":"안산시 단원구","locality":"대부남동","address":"안산시 단원구 대부남동 628-4","owner_type":"국유지","owner_label":"국(기획재정부)","manager":"","property_class":"","land_category":"잡종지","area_sqm":217.0,"area_band":"100~500㎡","interest_category":"잡종지","solar_candidate":"검토필요","candidate_reason":"실제 이용·점유 여부 확인 후 검토할 잡종지; 면적 217㎡","priority_score":50,"source":"경기부동산포털 국공유지조회·연속지적도","source_date":"2026-08-11","installed_solar_match":false}},{"type":"Feature","id":"4127311300106700001","geometry":{"type":"Point","coordinates":[126.6330897,37.2263679]},"properties":{"pnu":"4127311300106700001","municipality_code":"41270","municipality":"안산시","district":"안산시 단원구","locality":"선감동","address":"안산시 단원구 선감동 670-1","owner_type":"국유지","owner_label":"국(재정경제부)","manager":"","property_class":"","land_category":"잡종지","area_sqm":215.0,"area_band":"100~500㎡","interest_category":"잡종지","solar_candidate":"검토필요","candidate_reason":"실제 이용·점유 여부 확인 후 검토할 잡종지; 면적 215㎡","priority_score":50,"source":"경기부동산포털 국공유지조회·연속지적도","source_date":"2026-08-11","installed_solar_match":false}},{"type":"Feature","id":"4127311100118570018","geometry":{"type":"Point","coordinates":[126.5697525,37.2747013]},"properties":{"pnu":"4127311100118570018","municipality_code":"41270","municipality":"안산시","district":"안산시 단원구","locality":"대부북동","address":"안산시 단원구 대부북동 1857-18","owner_type":"국유지","owner_label":"국(기획재정부)","manager":"","property_class":"","land_category":"잡종지","area_sqm":209.0,"area_band":"100~500㎡","interest_category":"잡종지","solar_candidate":"검토필요","candidate_reason":"실제 이용·점유 여부 확인 후 검토할 잡종지; 면적 209㎡","priority_score":50,"source":"경기부동산포털 국공유지조회·연속지적도","source_date":"2026-08-11","installed_solar_match":false}},{"type":"Feature","id":"4127310300102830053","geometry":{"type":"Point","coordinates":[126.7497073,37.3263771]},"properties":{"pnu":"4127310300102830053","municipality_code":"41270","municipality":"안산시","district":"안산시 단원구","locality":"신길동","address":"안산시 단원구 신길동 283-53","owner_type":"국유지","owner_label":"국(기획재정부)","manager":"","property_class":"","land_category":"잡종지","area_sqm":197.0,"area_band":"100~500㎡","interest_category":"잡종지","solar_candidate":"검토필요","candidate_reason":"실제 이용·점유 여부 확인 후 검토할 잡종지; 면적 197㎡","priority_score":50,"source":"경기부동산포털 국공유지조회·연속지적도","source_date":"2026-08-11","installed_solar_match":false}},{"type":"Feature","id":"4127311100118440008","geometry":{"type":"Point","coordinates":[126.5733761,37.2861612]},"properties":{"pnu":"4127311100118440008","municipality_code":"41270","municipality":"안산시","district":"안산시 단원구","locality":"대부북동","address":"안산시 단원구 대부북동 1844-8","owner_type":"국유지","owner_label":"국(기획재정부)","manager":"","property_class":"","land_category":"잡종지","area_sqm":197.0,"area_band":"100~500㎡","interest_category":"잡종지","solar_candidate":"검토필요","candidate_reason":"실제 이용·점유 여부 확인 후 검토할 잡종지; 면적 197㎡","priority_score":50,"source":"경기부동산포털 국공유지조회·연속지적도","source_date":"2026-08-11","installed_solar_match":false}},{"type":"Feature","id":"4127111000106530032","geometry":{"type":"Point","coordinates":[126.8891114,37.3168016]},"properties":{"pnu":"4127111000106530032","municipality_code":"41270","municipality":"안산시","district":"안산시 상록구","locality":"팔곡일동","address":"안산시 상록구 팔곡일동 653-32","owner_type":"국유지","owner_label":"국(기획재정부)","manager":"","property_class":"","land_category":"잡종지","area_sqm":185.0,"area_band":"100~500㎡","interest_category":"잡종지","solar_candidate":"검토필요","candidate_reason":"실제 이용·점유 여부 확인 후 검토할 잡종지; 면적 185㎡","priority_score":50,"source":"경기부동산포털 국공유지조회·연속지적도","source_date":"2026-08-11","installed_solar_match":false}},{"type":"Feature","id":"4127311200104700006","geometry":{"type":"Point","coordinates":[126.5755022,37.2162302]},"properties":{"pnu":"4127311200104700006","municipality_code":"41270","municipality":"안산시","district":"안산시 단원구","locality":"대부남동","address":"안산시 단원구 대부남동 470-6","owner_type":"국유지","owner_label":"국(기획재정부)","manager":"","property_class":"","land_category":"잡종지","area_sqm":178.0,"area_band":"100~500㎡","interest_category":"잡종지","solar_candidate":"검토필요","candidate_reason":"실제 이용·점유 여부 확인 후 검토할 잡종지; 면적 178㎡","priority_score":50,"source":"경기부동산포털 국공유지조회·연속지적도","source_date":"2026-08-11","installed_solar_match":false}},{"type":"Feature","id":"4127311200110210173","geometry":{"type":"Point","coordinates":[126.5605812,37.217338]},"properties":{"pnu":"4127311200110210173","municipality_code":"41270","municipality":"안산시","district":"안산시 단원구","locality":"대부남동","address":"안산시 단원구 대부남동 1021-173","owner_type":"국유지","owner_label":"국","manager":"","property_class":"","land_category":"잡종지","area_sqm":174.7,"area_band":"100~500㎡","interest_category":"잡종지","solar_candidate":"검토필요","candidate_reason":"실제 이용·점유 여부 확인 후 검토할 잡종지; 면적 175㎡","priority_score":50,"source":"경기부동산포털 국공유지조회·연속지적도","source_date":"2026-08-11","installed_solar_match":false}},{"type":"Feature","id":"4127311200100310317","geometry":{"type":"Point","coordinates":[126.5941296,37.214405]},"properties":{"pnu":"4127311200100310317","municipality_code":"41270","municipality":"안산시","district":"안산시 단원구","locality":"대부남동","address":"안산시 단원구 대부남동 31-317","owner_type":"국유지","owner_label":"국(기획재정부)","manager":"","property_class":"","land_category":"잡종지","area_sqm":169.0,"area_band":"100~500㎡","interest_category":"잡종지","solar_candidate":"검토필요","candidate_reason":"실제 이용·점유 여부 확인 후 검토할 잡종지; 면적 169㎡","priority_score":50,"source":"경기부동산포털 국공유지조회·연속지적도","source_date":"2026-08-11","installed_solar_match":false}},{"type":"Feature","id":"4127310600103980009","geometry":{"type":"Point","coordinates":[126.7768708,37.3071281]},"properties":{"pnu":"4127310600103980009","municipality_code":"41270","municipality":"안산시","district":"안산시 단원구","locality":"목내동","address":"안산시 단원구 목내동 398-9","owner_type":"국유지","owner_label":"국(기획재정부)","manager":"","property_class":"","land_category":"잡종지","area_sqm":166.3,"area_band":"100~500㎡","interest_category":"잡종지","solar_candidate":"검토필요","candidate_reason":"실제 이용·점유 여부 확인 후 검토할 잡종지; 면적 166㎡","priority_score":50,"source":"경기부동산포털 국공유지조회·연속지적도","source_date":"2026-08-11","installed_solar_match":false}},{"type":"Feature","id":"4127110500105930023","geometry":{"type":"Point","coordinates":[126.8857343,37.2968653]},"properties":{"pnu":"4127110500105930023","municipality_code":"41270","municipality":"안산시","district":"안산시 상록구","locality":"팔곡이동","address":"안산시 상록구 팔곡이동 593-23","owner_type":"국유지","owner_label":"국(기획재정부)","manager":"","property_class":"","land_category":"잡종지","area_sqm":166.0,"area_band":"100~500㎡","interest_category":"잡종지","solar_candidate":"검토필요","candidate_reason":"실제 이용·점유 여부 확인 후 검토할 잡종지; 면적 166㎡","priority_score":50,"source":"경기부동산포털 국공유지조회·연속지적도","source_date":"2026-08-11","installed_solar_match":false}},{"type":"Feature","id":"4127311200106250003","geometry":{"type":"Point","coordinates":[126.5522361,37.205001]},"properties":{"pnu":"4127311200106250003","municipality_code":"41270","municipality":"안산시","district":"안산시 단원구","locality":"대부남동","address":"안산시 단원구 대부남동 625-3","owner_type":"국유지","owner_label":"국(기획재정부)","manager":"","property_class":"","land_category":"잡종지","area_sqm":166.0,"area_band":"100~500㎡","interest_category":"잡종지","solar_candidate":"검토필요","candidate_reason":"실제 이용·점유 여부 확인 후 검토할 잡종지; 면적 166㎡","priority_score":50,"source":"경기부동산포털 국공유지조회·연속지적도","source_date":"2026-08-11","installed_solar_match":false}},{"type":"Feature","id":"4127311100118570078","geometry":{"type":"Point","coordinates":[126.5696529,37.2746773]},"properties":{"pnu":"4127311100118570078","municipality_code":"41270","municipality":"안산시","district":"안산시 단원구","locality":"대부북동","address":"안산시 단원구 대부북동 1857-78","owner_type":"국유지","owner_label":"국(기획재정부)","manager":"","property_class":"","land_category":"잡종지","area_sqm":164.0,"area_band":"100~500㎡","interest_category":"잡종지","solar_candidate":"검토필요","candidate_reason":"실제 이용·점유 여부 확인 후 검토할 잡종지; 면적 164㎡","priority_score":50,"source":"경기부동산포털 국공유지조회·연속지적도","source_date":"2026-08-11","installed_solar_match":false}},{"type":"Feature","id":"4127311300106700006","geometry":{"type":"Point","coordinates":[126.6296772,37.2226845]},"properties":{"pnu":"4127311300106700006","municipality_code":"41270","municipality":"안산시","district":"안산시 단원구","locality":"선감동","address":"안산시 단원구 선감동 670-6","owner_type":"국유지","owner_label":"국(기획재정부)","manager":"","property_class":"","land_category":"잡종지","area_sqm":164.0,"area_band":"100~500㎡","interest_category":"잡종지","solar_candidate":"검토필요","candidate_reason":"실제 이용·점유 여부 확인 후 검토할 잡종지; 면적 164㎡","priority_score":50,"source":"경기부동산포털 국공유지조회·연속지적도","source_date":"2026-08-11","installed_solar_match":false}},{"type":"Feature","id":"4127310200100950006","geometry":{"type":"Point","coordinates":[126.8284925,37.3438564]},"properties":{"pnu":"4127310200100950006","municipality_code":"41270","municipality":"안산시","district":"안산시 단원구","locality":"와동","address":"안산시 단원구 와동 95-6","owner_type":"국유지","owner_label":"국(경기도경찰청)","manager":"","property_class":"","land_category":"잡종지","area_sqm":145.4,"area_band":"100~500㎡","interest_category":"잡종지","solar_candidate":"검토필요","candidate_reason":"실제 이용·점유 여부 확인 후 검토할 잡종지; 면적 145㎡","priority_score":50,"source":"경기부동산포털 국공유지조회·연속지적도","source_date":"2026-08-11","installed_solar_match":false}},{"type":"Feature","id":"4127310700106630011","geometry":{"type":"Point","coordinates":[126.8080207,37.3063349]},"properties":{"pnu":"4127310700106630011","municipality_code":"41270","municipality":"안산시","district":"안산시 단원구","locality":"초지동","address":"안산시 단원구 초지동 663-11","owner_type":"국유지","owner_label":"국(기획재정부)","manager":"","property_class":"","land_category":"잡종지","area_sqm":142.7,"area_band":"100~500㎡","interest_category":"잡종지","solar_candidate":"검토필요","candidate_reason":"실제 이용·점유 여부 확인 후 검토할 잡종지; 면적 143㎡","priority_score":50,"source":"경기부동산포털 국공유지조회·연속지적도","source_date":"2026-08-11","installed_solar_match":false}},{"type":"Feature","id":"4127311200111260390","geometry":{"type":"Point","coordinates":[126.5570151,37.2234754]},"properties":{"pnu":"4127311200111260390","municipality_code":"41270","municipality":"안산시","district":"안산시 단원구","locality":"대부남동","address":"안산시 단원구 대부남동 1126-390","owner_type":"국유지","owner_label":"국(관리청 기획재정부)","manager":"","property_class":"","land_category":"잡종지","area_sqm":136.0,"area_band":"100~500㎡","interest_category":"잡종지","solar_candidate":"검토필요","candidate_reason":"실제 이용·점유 여부 확인 후 검토할 잡종지; 면적 136㎡","priority_score":50,"source":"경기부동산포털 국공유지조회·연속지적도","source_date":"2026-08-11","installed_solar_match":false}},{"type":"Feature","id":"4127110500106000004","geometry":{"type":"Point","coordinates":[126.8818085,37.2944714]},"properties":{"pnu":"4127110500106000004","municipality_code":"41270","municipality":"안산시","district":"안산시 상록구","locality":"팔곡이동","address":"안산시 상록구 팔곡이동 600-4","owner_type":"국유지","owner_label":"국(기획재정부)","manager":"","property_class":"","land_category":"잡종지","area_sqm":127.0,"area_band":"100~500㎡","interest_category":"잡종지","solar_candidate":"검토필요","candidate_reason":"실제 이용·점유 여부 확인 후 검토할 잡종지; 면적 127㎡","priority_score":50,"source":"경기부동산포털 국공유지조회·연속지적도","source_date":"2026-08-11","installed_solar_match":false}},{"type":"Feature","id":"4127311200106280036","geometry":{"type":"Point","coordinates":[126.549444,37.2059748]},"properties":{"pnu":"4127311200106280036","municipality_code":"41270","municipality":"안산시","district":"안산시 단원구","locality":"대부남동","address":"안산시 단원구 대부남동 628-36","owner_type":"국유지","owner_label":"국(기획재정부)","manager":"","property_class":"","land_category":"잡종지","area_sqm":126.0,"area_band":"100~500㎡","interest_category":"잡종지","solar_candidate":"검토필요","candidate_reason":"실제 이용·점유 여부 확인 후 검토할 잡종지; 면적 126㎡","priority_score":50,"source":"경기부동산포털 국공유지조회·연속지적도","source_date":"2026-08-11","installed_solar_match":false}},{"type":"Feature","id":"4127311100118650174","geometry":{"type":"Point","coordinates":[126.5595095,37.2686669]},"properties":{"pnu":"4127311100118650174","municipality_code":"41270","municipality":"안산시","district":"안산시 단원구","locality":"대부북동","address":"안산시 단원구 대부북동 1865-174","owner_type":"국유지","owner_label":"국(재정경제부)","manager":"","property_class":"","land_category":"잡종지","area_sqm":120.0,"area_band":"100~500㎡","interest_category":"잡종지","solar_candidate":"검토필요","candidate_reason":"실제 이용·점유 여부 확인 후 검토할 잡종지; 면적 120㎡","priority_score":50,"source":"경기부동산포털 국공유지조회·연속지적도","source_date":"2026-08-11","installed_solar_match":false}},{"type":"Feature","id":"4127111000105940004","geometry":{"type":"Point","coordinates":[126.8854237,37.2986815]},"properties":{"pnu":"4127111000105940004","municipality_code":"41270","municipality":"안산시","district":"안산시 상록구","locality":"팔곡일동","address":"안산시 상록구 팔곡일동 594-4","owner_type":"국유지","owner_label":"국(기획재정부)","manager":"","property_class":"","land_category":"잡종지","area_sqm":110.0,"area_band":"100~500㎡","interest_category":"잡종지","solar_candidate":"검토필요","candidate_reason":"실제 이용·점유 여부 확인 후 검토할 잡종지; 면적 110㎡","priority_score":50,"source":"경기부동산포털 국공유지조회·연속지적도","source_date":"2026-08-11","installed_solar_match":false}},{"type":"Feature","id":"4127311200106280033","geometry":{"type":"Point","coordinates":[126.5495916,37.2061234]},"properties":{"pnu":"4127311200106280033","municipality_code":"41270","municipality":"안산시","district":"안산시 단원구","locality":"대부남동","address":"안산시 단원구 대부남동 628-33","owner_type":"국유지","owner_label":"국(기획재정부)","manager":"","property_class":"","land_category":"잡종지","area_sqm":108.0,"area_band":"100~500㎡","interest_category":"잡종지","solar_candidate":"검토필요","candidate_reason":"실제 이용·점유 여부 확인 후 검토할 잡종지; 면적 108㎡","priority_score":50,"source":"경기부동산포털 국공유지조회·연속지적도","source_date":"2026-08-11","installed_solar_match":false}},{"type":"Feature","id":"4127311000121010000","geometry":{"type":"Point","coordinates":[126.6275984,37.2830843]},"properties":{"pnu":"4127311000121010000","municipality_code":"41270","municipality":"안산시","district":"안산시 단원구","locality":"대부동동","address":"안산시 단원구 대부동동 2101","owner_type":"국유지","owner_label":"국(농림수산식품부)","manager":"","property_class":"","land_category":"공원","area_sqm":23968.0,"area_band":"5,000㎡ 이상","interest_category":"공원","solar_candidate":"검토필요","candidate_reason":"도시공원 관련 법령 및 공원시설 기준 검토 필요; 면적 23,968㎡","priority_score":45,"source":"경기부동산포털 국공유지조회·연속지적도","source_date":"2026-08-11","installed_solar_match":false}},{"type":"Feature","id":"4127311000121000000","geometry":{"type":"Point","coordinates":[126.6117224,37.2778622]},"properties":{"pnu":"4127311000121000000","municipality_code":"41270","municipality":"안산시","district":"안산시 단원구","locality":"대부동동","address":"안산시 단원구 대부동동 2100","owner_type":"국유지","owner_label":"국(농림수산식품부)","manager":"","property_class":"","land_category":"공원","area_sqm":13152.0,"area_band":"5,000㎡ 이상","interest_category":"공원","solar_candidate":"검토필요","candidate_reason":"도시공원 관련 법령 및 공원시설 기준 검토 필요; 면적 13,152㎡","priority_score":45,"source":"경기부동산포털 국공유지조회·연속지적도","source_date":"2026-08-11","installed_solar_match":false}},{"type":"Feature","id":"4127310300116970000","geometry":{"type":"Point","coordinates":[126.783896,37.3344973]},"properties":{"pnu":"4127310300116970000","municipality_code":"41270","municipality":"안산시","district":"안산시 단원구","locality":"신길동","address":"안산시 단원구 신길동 1697","owner_type":"국유지","owner_label":"국(경찰청)","manager":"","property_class":"","land_category":"대","area_sqm":984.4,"area_band":"500~1,000㎡","interest_category":"대","solar_candidate":"검토필요","candidate_reason":"청사·공공건축물·주차장 현황 추가 확인 필요; 면적 984㎡","priority_score":45,"source":"경기부동산포털 국공유지조회·연속지적도","source_date":"2026-08-11","installed_solar_match":false}},{"type":"Feature","id":"4127111000104700008","geometry":{"type":"Point","coordinates":[126.8959652,37.2986208]},"properties":{"pnu":"4127111000104700008","municipality_code":"41270","municipality":"안산시","district":"안산시 상록구","locality":"팔곡일동","address":"안산시 상록구 팔곡일동 470-8","owner_type":"국유지","owner_label":"국","manager":"","property_class":"","land_category":"대","area_sqm":818.0,"area_band":"500~1,000㎡","interest_category":"대","solar_candidate":"검토필요","candidate_reason":"청사·공공건축물·주차장 현황 추가 확인 필요; 면적 818㎡","priority_score":45,"source":"경기부동산포털 국공유지조회·연속지적도","source_date":"2026-08-11","installed_solar_match":false}},{"type":"Feature","id":"4127111200101670034","geometry":{"type":"Point","coordinates":[126.9362145,37.2976319]},"properties":{"pnu":"4127111200101670034","municipality_code":"41270","municipality":"안산시","district":"안산시 상록구","locality":"사사동","address":"안산시 상록구 사사동 167-34","owner_type":"국유지","owner_label":"국(국토교통부)","manager":"","property_class":"","land_category":"대","area_sqm":766.0,"area_band":"500~1,000㎡","interest_category":"대","solar_candidate":"검토필요","candidate_reason":"청사·공공건축물·주차장 현황 추가 확인 필요; 면적 766㎡","priority_score":45,"source":"경기부동산포털 국공유지조회·연속지적도","source_date":"2026-08-11","installed_solar_match":false}},{"type":"Feature","id":"4127311300107250000","geometry":{"type":"Point","coordinates":[126.6465783,37.1920595]},"properties":{"pnu":"4127311300107250000","municipality_code":"41270","municipality":"안산시","district":"안산시 단원구","locality":"선감동","address":"안산시 단원구 선감동 725","owner_type":"국유지","owner_label":"국(해양경찰청)","manager":"","property_class":"","land_category":"대","area_sqm":766.0,"area_band":"500~1,000㎡","interest_category":"대","solar_candidate":"검토필요","candidate_reason":"청사·공공건축물·주차장 현황 추가 확인 필요; 면적 766㎡","priority_score":45,"source":"경기부동산포털 국공유지조회·연속지적도","source_date":"2026-08-11","installed_solar_match":false}},{"type":"Feature","id":"4127310100107730010","geometry":{"type":"Point","coordinates":[126.8313269,37.3095056]},"properties":{"pnu":"4127310100107730010","municipality_code":"41270","municipality":"안산시","district":"안산시 단원구","locality":"고잔동","address":"안산시 단원구 고잔동 773-10","owner_type":"국유지","owner_label":"국(과학기술정보통신부)","manager":"","property_class":"","land_category":"대","area_sqm":751.3,"area_band":"500~1,000㎡","interest_category":"대","solar_candidate":"검토필요","candidate_reason":"청사·공공건축물·주차장 현황 추가 확인 필요; 면적 751㎡","priority_score":45,"source":"경기부동산포털 국공유지조회·연속지적도","source_date":"2026-08-11","installed_solar_match":false}},{"type":"Feature","id":"4127310100107120003","geometry":{"type":"Point","coordinates":[126.8247608,37.3102462]},"properties":{"pnu":"4127310100107120003","municipality_code":"41270","municipality":"안산시","district":"안산시 단원구","locality":"고잔동","address":"안산시 단원구 고잔동 712-3","owner_type":"국유지","owner_label":"국(경찰청)","manager":"","property_class":"","land_category":"대","area_sqm":746.8,"area_band":"500~1,000㎡","interest_category":"대","solar_candidate":"검토필요","candidate_reason":"청사·공공건축물·주차장 현황 추가 확인 필요; 면적 747㎡","priority_score":45,"source":"경기부동산포털 국공유지조회·연속지적도","source_date":"2026-08-11","installed_solar_match":false}},{"type":"Feature","id":"4127311100119550000","geometry":{"type":"Point","coordinates":[126.5744915,37.2962983]},"properties":{"pnu":"4127311100119550000","municipality_code":"41270","municipality":"안산시","district":"안산시 단원구","locality":"대부북동","address":"안산시 단원구 대부북동 1955","owner_type":"국유지","owner_label":"국(해양수산부)","manager":"","property_class":"","land_category":"대","area_sqm":710.0,"area_band":"500~1,000㎡","interest_category":"대","solar_candidate":"검토필요","candidate_reason":"청사·공공건축물·주차장 현황 추가 확인 필요; 면적 710㎡","priority_score":45,"source":"경기부동산포털 국공유지조회·연속지적도","source_date":"2026-08-11","installed_solar_match":false}},{"type":"Feature","id":"4127311100110700004","geometry":{"type":"Point","coordinates":[126.5822716,37.2642794]},"properties":{"pnu":"4127311100110700004","municipality_code":"41270","municipality":"안산시","district":"안산시 단원구","locality":"대부북동","address":"안산시 단원구 대부북동 1070-4","owner_type":"국유지","owner_label":"국(재정경제부)","manager":"","property_class":"","land_category":"대","area_sqm":652.0,"area_band":"500~1,000㎡","interest_category":"대","solar_candidate":"검토필요","candidate_reason":"청사·공공건축물·주차장 현황 추가 확인 필요; 면적 652㎡","priority_score":45,"source":"경기부동산포털 국공유지조회·연속지적도","source_date":"2026-08-11","installed_solar_match":false}},{"type":"Feature","id":"4127311300107350002","geometry":{"type":"Point","coordinates":[126.6451146,37.1927922]},"properties":{"pnu":"4127311300107350002","municipality_code":"41270","municipality":"안산시","district":"안산시 단원구","locality":"선감동","address":"안산시 단원구 선감동 735-2","owner_type":"국유지","owner_label":"국","manager":"","property_class":"","land_category":"대","area_sqm":645.0,"area_band":"500~1,000㎡","interest_category":"대","solar_candidate":"검토필요","candidate_reason":"청사·공공건축물·주차장 현황 추가 확인 필요; 면적 645㎡","priority_score":45,"source":"경기부동산포털 국공유지조회·연속지적도","source_date":"2026-08-11","installed_solar_match":false}},{"type":"Feature","id":"4127110700102610007","geometry":{"type":"Point","coordinates":[126.8738004,37.3389048]},"properties":{"pnu":"4127110700102610007","municipality_code":"41270","municipality":"안산시","district":"안산시 상록구","locality":"부곡동","address":"안산시 상록구 부곡동 261-7","owner_type":"국유지","owner_label":"국(국토교통부)","manager":"","property_class":"","land_category":"대","area_sqm":620.3,"area_band":"500~1,000㎡","interest_category":"대","solar_candidate":"검토필요","candidate_reason":"청사·공공건축물·주차장 현황 추가 확인 필요; 면적 620㎡","priority_score":45,"source":"경기부동산포털 국공유지조회·연속지적도","source_date":"2026-08-11","installed_solar_match":false}},{"type":"Feature","id":"4127110200107160005","geometry":{"type":"Point","coordinates":[126.8514694,37.3071123]},"properties":{"pnu":"4127110200107160005","municipality_code":"41270","municipality":"안산시","district":"안산시 상록구","locality":"이동","address":"안산시 상록구 이동 716-5","owner_type":"국유지","owner_label":"국(과학기술정보통신부)","manager":"","property_class":"","land_category":"대","area_sqm":619.9,"area_band":"500~1,000㎡","interest_category":"대","solar_candidate":"검토필요","candidate_reason":"청사·공공건축물·주차장 현황 추가 확인 필요; 면적 620㎡","priority_score":45,"source":"경기부동산포털 국공유지조회·연속지적도","source_date":"2026-08-11","installed_solar_match":false}},{"type":"Feature","id":"4127311200111420003","geometry":{"type":"Point","coordinates":[126.5482597,37.2219806]},"properties":{"pnu":"4127311200111420003","municipality_code":"41270","municipality":"안산시","district":"안산시 단원구","locality":"대부남동","address":"안산시 단원구 대부남동 1142-3","owner_type":"국유지","owner_label":"국(기획재정부)","manager":"","property_class":"","land_category":"대","area_sqm":615.0,"area_band":"500~1,000㎡","interest_category":"대","solar_candidate":"검토필요","candidate_reason":"청사·공공건축물·주차장 현황 추가 확인 필요; 면적 615㎡","priority_score":45,"source":"경기부동산포털 국공유지조회·연속지적도","source_date":"2026-08-11","installed_solar_match":false}},{"type":"Feature","id":"4127110200107160006","geometry":{"type":"Point","coordinates":[126.8513588,37.3072172]},"properties":{"pnu":"4127110200107160006","municipality_code":"41270","municipality":"안산시","district":"안산시 상록구","locality":"이동","address":"안산시 상록구 이동 716-6","owner_type":"국유지","owner_label":"국(경찰청)","manager":"","property_class":"","land_category":"대","area_sqm":592.0,"area_band":"500~1,000㎡","interest_category":"대","solar_candidate":"검토필요","candidate_reason":"청사·공공건축물·주차장 현황 추가 확인 필요; 면적 592㎡","priority_score":45,"source":"경기부동산포털 국공유지조회·연속지적도","source_date":"2026-08-11","installed_solar_match":false}},{"type":"Feature","id":"4127310900110720005","geometry":{"type":"Point","coordinates":[126.8091629,37.3320108]},"properties":{"pnu":"4127310900110720005","municipality_code":"41270","municipality":"안산시","district":"안산시 단원구","locality":"선부동","address":"안산시 단원구 선부동 1072-5","owner_type":"국유지","owner_label":"국(경찰청)","manager":"","property_class":"","land_category":"대","area_sqm":572.5,"area_band":"500~1,000㎡","interest_category":"대","solar_candidate":"검토필요","candidate_reason":"청사·공공건축물·주차장 현황 추가 확인 필요; 면적 572㎡","priority_score":45,"source":"경기부동산포털 국공유지조회·연속지적도","source_date":"2026-08-11","installed_solar_match":true,"installed_solar_count":1,"installed_solar_area_sqm":109.4,"installed_solar_analysis_years":["2024"],"installed_solar_types":["공공시설물"],"installed_solar_permit_status_counts":{"N":1}}},{"type":"Feature","id":"4127110400108770003","geometry":{"type":"Point","coordinates":[126.8611453,37.3026625]},"properties":{"pnu":"4127110400108770003","municipality_code":"41270","municipality":"안산시","district":"안산시 상록구","locality":"본오동","address":"안산시 상록구 본오동 877-3","owner_type":"국유지","owner_label":"국(경찰청)","manager":"","property_class":"","land_category":"대","area_sqm":566.5,"area_band":"500~1,000㎡","interest_category":"대","solar_candidate":"검토필요","candidate_reason":"청사·공공건축물·주차장 현황 추가 확인 필요; 면적 566㎡","priority_score":45,"source":"경기부동산포털 국공유지조회·연속지적도","source_date":"2026-08-11","installed_solar_match":false}},{"type":"Feature","id":"4127311100102940006","geometry":{"type":"Point","coordinates":[126.5825553,37.2450523]},"properties":{"pnu":"4127311100102940006","municipality_code":"41270","municipality":"안산시","district":"안산시 단원구","locality":"대부북동","address":"안산시 단원구 대부북동 294-6","owner_type":"국유지","owner_label":"국(경찰청)","manager":"","property_class":"","land_category":"대","area_sqm":561.0,"area_band":"500~1,000㎡","interest_category":"대","solar_candidate":"검토필요","candidate_reason":"청사·공공건축물·주차장 현황 추가 확인 필요; 면적 561㎡","priority_score":45,"source":"경기부동산포털 국공유지조회·연속지적도","source_date":"2026-08-11","installed_solar_match":false}},{"type":"Feature","id":"4127310900110770011","geometry":{"type":"Point","coordinates":[126.8102299,37.3319561]},"properties":{"pnu":"4127310900110770011","municipality_code":"41270","municipality":"안산시","district":"안산시 단원구","locality":"선부동","address":"안산시 단원구 선부동 1077-11","owner_type":"국유지","owner_label":"대한민국(과학기술정보통신부)","manager":"","property_class":"","land_category":"대","area_sqm":558.0,"area_band":"500~1,000㎡","interest_category":"대","solar_candidate":"검토필요","candidate_reason":"청사·공공건축물·주차장 현황 추가 확인 필요; 면적 558㎡","priority_score":45,"source":"경기부동산포털 국공유지조회·연속지적도","source_date":"2026-08-11","installed_solar_match":false}},{"type":"Feature","id":"4127310100106720004","geometry":{"type":"Point","coordinates":[126.8375901,37.3236161]},"properties":{"pnu":"4127310100106720004","municipality_code":"41270","municipality":"안산시","district":"안산시 단원구","locality":"고잔동","address":"안산시 단원구 고잔동 672-4","owner_type":"국유지","owner_label":"국(과학기술정보통신부)","manager":"","property_class":"","land_category":"대","area_sqm":500.1,"area_band":"500~1,000㎡","interest_category":"대","solar_candidate":"검토필요","candidate_reason":"청사·공공건축물·주차장 현황 추가 확인 필요; 면적 500㎡","priority_score":45,"source":"경기부동산포털 국공유지조회·연속지적도","source_date":"2026-08-11","installed_solar_match":false}},{"type":"Feature","id":"4127110800106800000","geometry":{"type":"Point","coordinates":[126.8561057,37.320971]},"properties":{"pnu":"4127110800106800000","municipality_code":"41270","municipality":"안산시","district":"안산시 상록구","locality":"성포동","address":"안산시 상록구 성포동 680","owner_type":"국유지","owner_label":"국(국토교통부)","manager":"","property_class":"","land_category":"도로","area_sqm":67576.5,"area_band":"5,000㎡ 이상","interest_category":"도로","solar_candidate":"검토필요","candidate_reason":"도로점용 및 실제 이용형태 추가 검토 필요; 면적 67,576㎡","priority_score":40,"source":"경기부동산포털 국공유지조회·연속지적도","source_date":"2026-08-11","installed_solar_match":false}},{"type":"Feature","id":"4127110700102290000","geometry":{"type":"Point","coordinates":[126.869871,37.3394046]},"properties":{"pnu":"4127110700102290000","municipality_code":"41270","municipality":"안산시","district":"안산시 상록구","locality":"부곡동","address":"안산시 상록구 부곡동 229","owner_type":"국유지","owner_label":"국(국토교통부)","manager":"","property_class":"","land_category":"도로","area_sqm":64873.0,"area_band":"5,000㎡ 이상","interest_category":"도로","solar_candidate":"검토필요","candidate_reason":"도로점용 및 실제 이용형태 추가 검토 필요; 면적 64,873㎡","priority_score":40,"source":"경기부동산포털 국공유지조회·연속지적도","source_date":"2026-08-11","installed_solar_match":false}},{"type":"Feature","id":"4127110600200500009","geometry":{"type":"Point","coordinates":[126.840354,37.3487849]},"properties":{"pnu":"4127110600200500009","municipality_code":"41270","municipality":"안산시","district":"안산시 상록구","locality":"양상동","address":"안산시 상록구 양상동 산50-9","owner_type":"국유지","owner_label":"국(국토교통부)","manager":"","property_class":"","land_category":"도로","area_sqm":63632.0,"area_band":"5,000㎡ 이상","interest_category":"도로","solar_candidate":"검토필요","candidate_reason":"도로점용 및 실제 이용형태 추가 검토 필요; 면적 63,632㎡","priority_score":40,"source":"경기부동산포털 국공유지조회·연속지적도","source_date":"2026-08-11","installed_solar_match":false}},{"type":"Feature","id":"4127110300112120005","geometry":{"type":"Point","coordinates":[126.8452766,37.3034287]},"properties":{"pnu":"4127110300112120005","municipality_code":"41270","municipality":"안산시","district":"안산시 상록구","locality":"사동","address":"안산시 상록구 사동 1212-5","owner_type":"국유지","owner_label":"국(국토교통부)","manager":"","property_class":"","land_category":"도로","area_sqm":63207.9,"area_band":"5,000㎡ 이상","interest_category":"도로","solar_candidate":"검토필요","candidate_reason":"도로점용 및 실제 이용형태 추가 검토 필요; 면적 63,208㎡","priority_score":40,"source":"경기부동산포털 국공유지조회·연속지적도","source_date":"2026-08-11","installed_solar_match":false}},{"type":"Feature","id":"4127111200105540001","geometry":{"type":"Point","coordinates":[126.9141012,37.2985104]},"properties":{"pnu":"4127111200105540001","municipality_code":"41270","municipality":"안산시","district":"안산시 상록구","locality":"사사동","address":"안산시 상록구 사사동 554-1","owner_type":"국유지","owner_label":"국(국토교통부)","manager":"","property_class":"","land_category":"도로","area_sqm":60667.0,"area_band":"5,000㎡ 이상","interest_category":"도로","solar_candidate":"검토필요","candidate_reason":"도로점용 및 실제 이용형태 추가 검토 필요; 면적 60,667㎡","priority_score":40,"source":"경기부동산포털 국공유지조회·연속지적도","source_date":"2026-08-11","installed_solar_match":false}},{"type":"Feature","id":"4127110600200030004","geometry":{"type":"Point","coordinates":[126.8516576,37.3470869]},"properties":{"pnu":"4127110600200030004","municipality_code":"41270","municipality":"안산시","district":"안산시 상록구","locality":"양상동","address":"안산시 상록구 양상동 산3-4","owner_type":"국유지","owner_label":"국(국토교통부)","manager":"","property_class":"","land_category":"도로","area_sqm":60263.0,"area_band":"5,000㎡ 이상","interest_category":"도로","solar_candidate":"검토필요","candidate_reason":"도로점용 및 실제 이용형태 추가 검토 필요; 면적 60,263㎡","priority_score":40,"source":"경기부동산포털 국공유지조회·연속지적도","source_date":"2026-08-11","installed_solar_match":false}},{"type":"Feature","id":"4127110700100920001","geometry":{"type":"Point","coordinates":[126.8626781,37.3424541]},"properties":{"pnu":"4127110700100920001","municipality_code":"41270","municipality":"안산시","district":"안산시 상록구","locality":"부곡동","address":"안산시 상록구 부곡동 92-1","owner_type":"국유지","owner_label":"국(국토교통부)","manager":"","property_class":"","land_category":"도로","area_sqm":59933.0,"area_band":"5,000㎡ 이상","interest_category":"도로","solar_candidate":"검토필요","candidate_reason":"도로점용 및 실제 이용형태 추가 검토 필요; 면적 59,933㎡","priority_score":40,"source":"경기부동산포털 국공유지조회·연속지적도","source_date":"2026-08-11","installed_solar_match":false}},{"type":"Feature","id":"4127310300114400000","geometry":{"type":"Point","coordinates":[126.7594262,37.3336252]},"properties":{"pnu":"4127310300114400000","municipality_code":"41270","municipality":"안산시","district":"안산시 단원구","locality":"신길동","address":"안산시 단원구 신길동 1440","owner_type":"국유지","owner_label":"국(건설교통부)","manager":"","property_class":"","land_category":"도로","area_sqm":58614.2,"area_band":"5,000㎡ 이상","interest_category":"도로","solar_candidate":"검토필요","candidate_reason":"도로점용 및 실제 이용형태 추가 검토 필요; 면적 58,614㎡","priority_score":40,"source":"경기부동산포털 국공유지조회·연속지적도","source_date":"2026-08-11","installed_solar_match":false}},{"type":"Feature","id":"4127110700107080003","geometry":{"type":"Point","coordinates":[126.8569466,37.3272521]},"properties":{"pnu":"4127110700107080003","municipality_code":"41270","municipality":"안산시","district":"안산시 상록구","locality":"부곡동","address":"안산시 상록구 부곡동 708-3","owner_type":"국유지","owner_label":"국(국토교통부)","manager":"","property_class":"","land_category":"도로","area_sqm":58074.3,"area_band":"5,000㎡ 이상","interest_category":"도로","solar_candidate":"검토필요","candidate_reason":"도로점용 및 실제 이용형태 추가 검토 필요; 면적 58,074㎡","priority_score":40,"source":"경기부동산포털 국공유지조회·연속지적도","source_date":"2026-08-11","installed_solar_match":false}},{"type":"Feature","id":"4127110700200420012","geometry":{"type":"Point","coordinates":[126.8772134,37.3363744]},"properties":{"pnu":"4127110700200420012","municipality_code":"41270","municipality":"안산시","district":"안산시 상록구","locality":"부곡동","address":"안산시 상록구 부곡동 산42-12","owner_type":"국유지","owner_label":"국(국토교통부)","manager":"","property_class":"","land_category":"도로","area_sqm":52400.0,"area_band":"5,000㎡ 이상","interest_category":"도로","solar_candidate":"검토필요","candidate_reason":"도로점용 및 실제 이용형태 추가 검토 필요; 면적 52,400㎡","priority_score":40,"source":"경기부동산포털 국공유지조회·연속지적도","source_date":"2026-08-11","installed_solar_match":false}},{"type":"Feature","id":"4127110100107050000","geometry":{"type":"Point","coordinates":[126.8675777,37.3079205]},"properties":{"pnu":"4127110100107050000","municipality_code":"41270","municipality":"안산시","district":"안산시 상록구","locality":"일동","address":"안산시 상록구 일동 705","owner_type":"국유지","owner_label":"국(국토교통부)","manager":"","property_class":"","land_category":"도로","area_sqm":51785.4,"area_band":"5,000㎡ 이상","interest_category":"도로","solar_candidate":"검토필요","candidate_reason":"도로점용 및 실제 이용형태 추가 검토 필요; 면적 51,785㎡","priority_score":40,"source":"경기부동산포털 국공유지조회·연속지적도","source_date":"2026-08-11","installed_solar_match":false}},{"type":"Feature","id":"4127310400108820000","geometry":{"type":"Point","coordinates":[126.7367194,37.3054102]},"properties":{"pnu":"4127310400108820000","municipality_code":"41270","municipality":"안산시","district":"안산시 단원구","locality":"성곡동","address":"안산시 단원구 성곡동 882","owner_type":"국유지","owner_label":"국(한국수자원공사)","manager":"","property_class":"","land_category":"도로","area_sqm":51425.4,"area_band":"5,000㎡ 이상","interest_category":"도로","solar_candidate":"검토필요","candidate_reason":"도로점용 및 실제 이용형태 추가 검토 필요; 면적 51,425㎡","priority_score":40,"source":"경기부동산포털 국공유지조회·연속지적도","source_date":"2026-08-11","installed_solar_match":false}},{"type":"Feature","id":"4127111500200080001","geometry":{"type":"Point","coordinates":[126.8648894,37.3570763]},"properties":{"pnu":"4127111500200080001","municipality_code":"41270","municipality":"안산시","district":"안산시 상록구","locality":"장하동","address":"안산시 상록구 장하동 산8-1","owner_type":"국유지","owner_label":"국(국토교통부)","manager":"","property_class":"","land_category":"도로","area_sqm":50264.0,"area_band":"5,000㎡ 이상","interest_category":"도로","solar_candidate":"검토필요","candidate_reason":"도로점용 및 실제 이용형태 추가 검토 필요; 면적 50,264㎡","priority_score":40,"source":"경기부동산포털 국공유지조회·연속지적도","source_date":"2026-08-11","installed_solar_match":false}},{"type":"Feature","id":"4127111000101810000","geometry":{"type":"Point","coordinates":[126.8948285,37.3083053]},"properties":{"pnu":"4127111000101810000","municipality_code":"41270","municipality":"안산시","district":"안산시 상록구","locality":"팔곡일동","address":"안산시 상록구 팔곡일동 181","owner_type":"국유지","owner_label":"국(국토교통부)","manager":"","property_class":"","land_category":"도로","area_sqm":49616.0,"area_band":"5,000㎡ 이상","interest_category":"도로","solar_candidate":"검토필요","candidate_reason":"도로점용 및 실제 이용형태 추가 검토 필요; 면적 49,616㎡","priority_score":40,"source":"경기부동산포털 국공유지조회·연속지적도","source_date":"2026-08-11","installed_solar_match":false}},{"type":"Feature","id":"4127111500101510000","geometry":{"type":"Point","coordinates":[126.8631088,37.3550238]},"properties":{"pnu":"4127111500101510000","municipality_code":"41270","municipality":"안산시","district":"안산시 상록구","locality":"장하동","address":"안산시 상록구 장하동 151","owner_type":"국유지","owner_label":"국(국토교통부)","manager":"","property_class":"","land_category":"도로","area_sqm":46561.0,"area_band":"5,000㎡ 이상","interest_category":"도로","solar_candidate":"검토필요","candidate_reason":"도로점용 및 실제 이용형태 추가 검토 필요; 면적 46,561㎡","priority_score":40,"source":"경기부동산포털 국공유지조회·연속지적도","source_date":"2026-08-11","installed_solar_match":false}},{"type":"Feature","id":"4127111000102260000","geometry":{"type":"Point","coordinates":[126.897433,37.3046811]},"properties":{"pnu":"4127111000102260000","municipality_code":"41270","municipality":"안산시","district":"안산시 상록구","locality":"팔곡일동","address":"안산시 상록구 팔곡일동 226","owner_type":"국유지","owner_label":"국(국토교통부)","manager":"","property_class":"","land_category":"도로","area_sqm":45663.0,"area_band":"5,000㎡ 이상","interest_category":"도로","solar_candidate":"검토필요","candidate_reason":"도로점용 및 실제 이용형태 추가 검토 필요; 면적 45,663㎡","priority_score":40,"source":"경기부동산포털 국공유지조회·연속지적도","source_date":"2026-08-11","installed_solar_match":false}},{"type":"Feature","id":"4127310400108830000","geometry":{"type":"Point","coordinates":[126.7437046,37.3033227]},"properties":{"pnu":"4127310400108830000","municipality_code":"41270","municipality":"안산시","district":"안산시 단원구","locality":"성곡동","address":"안산시 단원구 성곡동 883","owner_type":"국유지","owner_label":"국(한국수자원공사)","manager":"","property_class":"","land_category":"도로","area_sqm":43308.6,"area_band":"5,000㎡ 이상","interest_category":"도로","solar_candidate":"검토필요","candidate_reason":"도로점용 및 실제 이용형태 추가 검토 필요; 면적 43,309㎡","priority_score":40,"source":"경기부동산포털 국공유지조회·연속지적도","source_date":"2026-08-11","installed_solar_match":false}},{"type":"Feature","id":"4127111100108710016","geometry":{"type":"Point","coordinates":[126.9062213,37.3003003]},"properties":{"pnu":"4127111100108710016","municipality_code":"41270","municipality":"안산시","district":"안산시 상록구","locality":"건건동","address":"안산시 상록구 건건동 871-16","owner_type":"국유지","owner_label":"국(국토교통부)","manager":"","property_class":"","land_category":"도로","area_sqm":42800.0,"area_band":"5,000㎡ 이상","interest_category":"도로","solar_candidate":"검토필요","candidate_reason":"도로점용 및 실제 이용형태 추가 검토 필요; 면적 42,800㎡","priority_score":40,"source":"경기부동산포털 국공유지조회·연속지적도","source_date":"2026-08-11","installed_solar_match":false}},{"type":"Feature","id":"4127310400108800000","geometry":{"type":"Point","coordinates":[126.729018,37.3076174]},"properties":{"pnu":"4127310400108800000","municipality_code":"41270","municipality":"안산시","district":"안산시 단원구","locality":"성곡동","address":"안산시 단원구 성곡동 880","owner_type":"국유지","owner_label":"국(국토교통부)","manager":"","property_class":"","land_category":"도로","area_sqm":42407.1,"area_band":"5,000㎡ 이상","interest_category":"도로","solar_candidate":"검토필요","candidate_reason":"도로점용 및 실제 이용형태 추가 검토 필요; 면적 42,407㎡","priority_score":40,"source":"경기부동산포털 국공유지조회·연속지적도","source_date":"2026-08-11","installed_solar_match":false}},{"type":"Feature","id":"4127111200105530001","geometry":{"type":"Point","coordinates":[126.9131356,37.2949518]},"properties":{"pnu":"4127111200105530001","municipality_code":"41270","municipality":"안산시","district":"안산시 상록구","locality":"사사동","address":"안산시 상록구 사사동 553-1","owner_type":"국유지","owner_label":"국(국토교통부)","manager":"","property_class":"","land_category":"도로","area_sqm":41671.0,"area_band":"5,000㎡ 이상","interest_category":"도로","solar_candidate":"검토필요","candidate_reason":"도로점용 및 실제 이용형태 추가 검토 필요; 면적 41,671㎡","priority_score":40,"source":"경기부동산포털 국공유지조회·연속지적도","source_date":"2026-08-11","installed_solar_match":false}},{"type":"Feature","id":"4127310400108860000","geometry":{"type":"Point","coordinates":[126.7477315,37.3010636]},"properties":{"pnu":"4127310400108860000","municipality_code":"41270","municipality":"안산시","district":"안산시 단원구","locality":"성곡동","address":"안산시 단원구 성곡동 886","owner_type":"국유지","owner_label":"국(국토교통부)","manager":"","property_class":"","land_category":"도로","area_sqm":41608.0,"area_band":"5,000㎡ 이상","interest_category":"도로","solar_candidate":"검토필요","candidate_reason":"도로점용 및 실제 이용형태 추가 검토 필요; 면적 41,608㎡","priority_score":40,"source":"경기부동산포털 국공유지조회·연속지적도","source_date":"2026-08-11","installed_solar_match":false}},{"type":"Feature","id":"4127110700107080001","geometry":{"type":"Point","coordinates":[126.8558633,37.3262312]},"properties":{"pnu":"4127110700107080001","municipality_code":"41270","municipality":"안산시","district":"안산시 상록구","locality":"부곡동","address":"안산시 상록구 부곡동 708-1","owner_type":"국유지","owner_label":"국(국토교통부)","manager":"","property_class":"","land_category":"도로","area_sqm":40275.2,"area_band":"5,000㎡ 이상","interest_category":"도로","solar_candidate":"검토필요","candidate_reason":"도로점용 및 실제 이용형태 추가 검토 필요; 면적 40,275㎡","priority_score":40,"source":"경기부동산포털 국공유지조회·연속지적도","source_date":"2026-08-11","installed_solar_match":false}},{"type":"Feature","id":"4127110400109950000","geometry":{"type":"Point","coordinates":[126.8569457,37.2877266]},"properties":{"pnu":"4127110400109950000","municipality_code":"41270","municipality":"안산시","district":"안산시 상록구","locality":"본오동","address":"안산시 상록구 본오동 995","owner_type":"국유지","owner_label":"국(국토교통부)","manager":"","property_class":"","land_category":"도로","area_sqm":40212.5,"area_band":"5,000㎡ 이상","interest_category":"도로","solar_candidate":"검토필요","candidate_reason":"도로점용 및 실제 이용형태 추가 검토 필요; 면적 40,212㎡","priority_score":40,"source":"경기부동산포털 국공유지조회·연속지적도","source_date":"2026-08-11","installed_solar_match":false}},{"type":"Feature","id":"4127110600101620000","geometry":{"type":"Point","coordinates":[126.8395525,37.34776]},"properties":{"pnu":"4127110600101620000","municipality_code":"41270","municipality":"안산시","district":"안산시 상록구","locality":"양상동","address":"안산시 상록구 양상동 162","owner_type":"국유지","owner_label":"국(국토교통부)","manager":"","property_class":"","land_category":"도로","area_sqm":39372.0,"area_band":"5,000㎡ 이상","interest_category":"도로","solar_candidate":"검토필요","candidate_reason":"도로점용 및 실제 이용형태 추가 검토 필요; 면적 39,372㎡","priority_score":40,"source":"경기부동산포털 국공유지조회·연속지적도","source_date":"2026-08-11","installed_solar_match":false}},{"type":"Feature","id":"4127310400108790000","geometry":{"type":"Point","coordinates":[126.7229117,37.3093705]},"properties":{"pnu":"4127310400108790000","municipality_code":"41270","municipality":"안산시","district":"안산시 단원구","locality":"성곡동","address":"안산시 단원구 성곡동 879","owner_type":"국유지","owner_label":"국(한국수자원공사)","manager":"","property_class":"","land_category":"도로","area_sqm":39223.4,"area_band":"5,000㎡ 이상","interest_category":"도로","solar_candidate":"검토필요","candidate_reason":"도로점용 및 실제 이용형태 추가 검토 필요; 면적 39,223㎡","priority_score":40,"source":"경기부동산포털 국공유지조회·연속지적도","source_date":"2026-08-11","installed_solar_match":false}},{"type":"Feature","id":"4127110700100200000","geometry":{"type":"Point","coordinates":[126.8603862,37.3442527]},"properties":{"pnu":"4127110700100200000","municipality_code":"41270","municipality":"안산시","district":"안산시 상록구","locality":"부곡동","address":"안산시 상록구 부곡동 20","owner_type":"국유지","owner_label":"국(국토교통부)","manager":"","property_class":"","land_category":"도로","area_sqm":38968.0,"area_band":"5,000㎡ 이상","interest_category":"도로","solar_candidate":"검토필요","candidate_reason":"도로점용 및 실제 이용형태 추가 검토 필요; 면적 38,968㎡","priority_score":40,"source":"경기부동산포털 국공유지조회·연속지적도","source_date":"2026-08-11","installed_solar_match":false}},{"type":"Feature","id":"4127111100201350017","geometry":{"type":"Point","coordinates":[126.9017778,37.2952561]},"properties":{"pnu":"4127111100201350017","municipality_code":"41270","municipality":"안산시","district":"안산시 상록구","locality":"건건동","address":"안산시 상록구 건건동 산135-17","owner_type":"국유지","owner_label":"국(국토교통부)","manager":"","property_class":"","land_category":"도로","area_sqm":37432.0,"area_band":"5,000㎡ 이상","interest_category":"도로","solar_candidate":"검토필요","candidate_reason":"도로점용 및 실제 이용형태 추가 검토 필요; 면적 37,432㎡","priority_score":40,"source":"경기부동산포털 국공유지조회·연속지적도","source_date":"2026-08-11","installed_solar_match":false}},{"type":"Feature","id":"4127110600200560002","geometry":{"type":"Point","coordinates":[126.8367811,37.3479502]},"properties":{"pnu":"4127110600200560002","municipality_code":"41270","municipality":"안산시","district":"안산시 상록구","locality":"양상동","address":"안산시 상록구 양상동 산56-2","owner_type":"국유지","owner_label":"국(국토교통부)","manager":"","property_class":"","land_category":"도로","area_sqm":34559.0,"area_band":"5,000㎡ 이상","interest_category":"도로","solar_candidate":"검토필요","candidate_reason":"도로점용 및 실제 이용형태 추가 검토 필요; 면적 34,559㎡","priority_score":40,"source":"경기부동산포털 국공유지조회·연속지적도","source_date":"2026-08-11","installed_solar_match":false}},{"type":"Feature","id":"4127110700200410020","geometry":{"type":"Point","coordinates":[126.8746214,37.3361927]},"properties":{"pnu":"4127110700200410020","municipality_code":"41270","municipality":"안산시","district":"안산시 상록구","locality":"부곡동","address":"안산시 상록구 부곡동 산41-20","owner_type":"국유지","owner_label":"국(국토교통부)","manager":"","property_class":"","land_category":"도로","area_sqm":34110.0,"area_band":"5,000㎡ 이상","interest_category":"도로","solar_candidate":"검토필요","candidate_reason":"도로점용 및 실제 이용형태 추가 검토 필요; 면적 34,110㎡","priority_score":40,"source":"경기부동산포털 국공유지조회·연속지적도","source_date":"2026-08-11","installed_solar_match":false}},{"type":"Feature","id":"4127111100200390001","geometry":{"type":"Point","coordinates":[126.8972122,37.3142331]},"properties":{"pnu":"4127111100200390001","municipality_code":"41270","municipality":"안산시","district":"안산시 상록구","locality":"건건동","address":"안산시 상록구 건건동 산39-1","owner_type":"국유지","owner_label":"국(국토교통부)","manager":"","property_class":"","land_category":"도로","area_sqm":33237.0,"area_band":"5,000㎡ 이상","interest_category":"도로","solar_candidate":"검토필요","candidate_reason":"도로점용 및 실제 이용형태 추가 검토 필요; 면적 33,237㎡","priority_score":40,"source":"경기부동산포털 국공유지조회·연속지적도","source_date":"2026-08-11","installed_solar_match":false}},{"type":"Feature","id":"4127111500200020001","geometry":{"type":"Point","coordinates":[126.866473,37.3623692]},"properties":{"pnu":"4127111500200020001","municipality_code":"41270","municipality":"안산시","district":"안산시 상록구","locality":"장하동","address":"안산시 상록구 장하동 산2-1","owner_type":"국유지","owner_label":"국(국토교통부)","manager":"","property_class":"","land_category":"도로","area_sqm":32236.0,"area_band":"5,000㎡ 이상","interest_category":"도로","solar_candidate":"검토필요","candidate_reason":"도로점용 및 실제 이용형태 추가 검토 필요; 면적 32,236㎡","priority_score":40,"source":"경기부동산포털 국공유지조회·연속지적도","source_date":"2026-08-11","installed_solar_match":false}},{"type":"Feature","id":"4127110100107050001","geometry":{"type":"Point","coordinates":[126.8726595,37.3039323]},"properties":{"pnu":"4127110100107050001","municipality_code":"41270","municipality":"안산시","district":"안산시 상록구","locality":"일동","address":"안산시 상록구 일동 705-1","owner_type":"국유지","owner_label":"국(국토교통부)","manager":"","property_class":"","land_category":"도로","area_sqm":30380.2,"area_band":"5,000㎡ 이상","interest_category":"도로","solar_candidate":"검토필요","candidate_reason":"도로점용 및 실제 이용형태 추가 검토 필요; 면적 30,380㎡","priority_score":40,"source":"경기부동산포털 국공유지조회·연속지적도","source_date":"2026-08-11","installed_solar_match":false}},{"type":"Feature","id":"4127110200106160001","geometry":{"type":"Point","coordinates":[126.8627065,37.3121355]},"properties":{"pnu":"4127110200106160001","municipality_code":"41270","municipality":"안산시","district":"안산시 상록구","locality":"이동","address":"안산시 상록구 이동 616-1","owner_type":"국유지","owner_label":"국(국토교통부)","manager":"","property_class":"","land_category":"도로","area_sqm":30072.2,"area_band":"5,000㎡ 이상","interest_category":"도로","solar_candidate":"검토필요","candidate_reason":"도로점용 및 실제 이용형태 추가 검토 필요; 면적 30,072㎡","priority_score":40,"source":"경기부동산포털 국공유지조회·연속지적도","source_date":"2026-08-11","installed_solar_match":false}},{"type":"Feature","id":"4127110600101500004","geometry":{"type":"Point","coordinates":[126.8418726,37.3500542]},"properties":{"pnu":"4127110600101500004","municipality_code":"41270","municipality":"안산시","district":"안산시 상록구","locality":"양상동","address":"안산시 상록구 양상동 150-4","owner_type":"국유지","owner_label":"국(국토교통부)","manager":"","property_class":"","land_category":"도로","area_sqm":29315.0,"area_band":"5,000㎡ 이상","interest_category":"도로","solar_candidate":"검토필요","candidate_reason":"도로점용 및 실제 이용형태 추가 검토 필요; 면적 29,315㎡","priority_score":40,"source":"경기부동산포털 국공유지조회·연속지적도","source_date":"2026-08-11","installed_solar_match":false}},{"type":"Feature","id":"4127110100106340000","geometry":{"type":"Point","coordinates":[126.8682662,37.3089775]},"properties":{"pnu":"4127110100106340000","municipality_code":"41270","municipality":"안산시","district":"안산시 상록구","locality":"일동","address":"안산시 상록구 일동 634","owner_type":"국유지","owner_label":"국(국토교통부)","manager":"","property_class":"","land_category":"도로","area_sqm":28766.8,"area_band":"5,000㎡ 이상","interest_category":"도로","solar_candidate":"검토필요","candidate_reason":"도로점용 및 실제 이용형태 추가 검토 필요; 면적 28,767㎡","priority_score":40,"source":"경기부동산포털 국공유지조회·연속지적도","source_date":"2026-08-11","installed_solar_match":false}},{"type":"Feature","id":"4127111200105060017","geometry":{"type":"Point","coordinates":[126.9149183,37.2997654]},"properties":{"pnu":"4127111200105060017","municipality_code":"41270","municipality":"안산시","district":"안산시 상록구","locality":"사사동","address":"안산시 상록구 사사동 506-17","owner_type":"국유지","owner_label":"국(국토교통부)","manager":"","property_class":"","land_category":"도로","area_sqm":28083.0,"area_band":"5,000㎡ 이상","interest_category":"도로","solar_candidate":"검토필요","candidate_reason":"도로점용 및 실제 이용형태 추가 검토 필요; 면적 28,083㎡","priority_score":40,"source":"경기부동산포털 국공유지조회·연속지적도","source_date":"2026-08-11","installed_solar_match":false}},{"type":"Feature","id":"4127110400108810000","geometry":{"type":"Point","coordinates":[126.8594859,37.2976231]},"properties":{"pnu":"4127110400108810000","municipality_code":"41270","municipality":"안산시","district":"안산시 상록구","locality":"본오동","address":"안산시 상록구 본오동 881","owner_type":"국유지","owner_label":"국(국토교통부)","manager":"","property_class":"","land_category":"도로","area_sqm":27306.5,"area_band":"5,000㎡ 이상","interest_category":"도로","solar_candidate":"검토필요","candidate_reason":"도로점용 및 실제 이용형태 추가 검토 필요; 면적 27,306㎡","priority_score":40,"source":"경기부동산포털 국공유지조회·연속지적도","source_date":"2026-08-11","installed_solar_match":false}},{"type":"Feature","id":"4127310400107770003","geometry":{"type":"Point","coordinates":[126.7412936,37.307068]},"properties":{"pnu":"4127310400107770003","municipality_code":"41270","municipality":"안산시","district":"안산시 단원구","locality":"성곡동","address":"안산시 단원구 성곡동 777-3","owner_type":"국유지","owner_label":"국(건설교통부)","manager":"","property_class":"","land_category":"도로","area_sqm":23926.6,"area_band":"5,000㎡ 이상","interest_category":"도로","solar_candidate":"검토필요","candidate_reason":"도로점용 및 실제 이용형태 추가 검토 필요; 면적 23,927㎡","priority_score":40,"source":"경기부동산포털 국공유지조회·연속지적도","source_date":"2026-08-11","installed_solar_match":false}},{"type":"Feature","id":"4127111000100750000","geometry":{"type":"Point","coordinates":[126.8911438,37.3118897]},"properties":{"pnu":"4127111000100750000","municipality_code":"41270","municipality":"안산시","district":"안산시 상록구","locality":"팔곡일동","address":"안산시 상록구 팔곡일동 75","owner_type":"국유지","owner_label":"국(국토교통부)","manager":"","property_class":"","land_category":"도로","area_sqm":23641.0,"area_band":"5,000㎡ 이상","interest_category":"도로","solar_candidate":"검토필요","candidate_reason":"도로점용 및 실제 이용형태 추가 검토 필요; 면적 23,641㎡","priority_score":40,"source":"경기부동산포털 국공유지조회·연속지적도","source_date":"2026-08-11","installed_solar_match":false}},{"type":"Feature","id":"4127310900111580012","geometry":{"type":"Point","coordinates":[126.8100506,37.3371791]},"properties":{"pnu":"4127310900111580012","municipality_code":"41270","municipality":"안산시","district":"안산시 단원구","locality":"선부동","address":"안산시 단원구 선부동 1158-12","owner_type":"국유지","owner_label":"국(국토교통부)","manager":"","property_class":"","land_category":"도로","area_sqm":23473.0,"area_band":"5,000㎡ 이상","interest_category":"도로","solar_candidate":"검토필요","candidate_reason":"도로점용 및 실제 이용형태 추가 검토 필요; 면적 23,473㎡","priority_score":40,"source":"경기부동산포털 국공유지조회·연속지적도","source_date":"2026-08-11","installed_solar_match":false}},{"type":"Feature","id":"4127110600101460000","geometry":{"type":"Point","coordinates":[126.8437002,37.3488562]},"properties":{"pnu":"4127110600101460000","municipality_code":"41270","municipality":"안산시","district":"안산시 상록구","locality":"양상동","address":"안산시 상록구 양상동 146","owner_type":"국유지","owner_label":"국(국토교통부)","manager":"","property_class":"","land_category":"도로","area_sqm":23357.0,"area_band":"5,000㎡ 이상","interest_category":"도로","solar_candidate":"검토필요","candidate_reason":"도로점용 및 실제 이용형태 추가 검토 필요; 면적 23,357㎡","priority_score":40,"source":"경기부동산포털 국공유지조회·연속지적도","source_date":"2026-08-11","installed_solar_match":false}},{"type":"Feature","id":"4127110700105200000","geometry":{"type":"Point","coordinates":[126.8662176,37.3435233]},"properties":{"pnu":"4127110700105200000","municipality_code":"41270","municipality":"안산시","district":"안산시 상록구","locality":"부곡동","address":"안산시 상록구 부곡동 520","owner_type":"국유지","owner_label":"국(국토교통부)","manager":"","property_class":"","land_category":"도로","area_sqm":23307.9,"area_band":"5,000㎡ 이상","interest_category":"도로","solar_candidate":"검토필요","candidate_reason":"도로점용 및 실제 이용형태 추가 검토 필요; 면적 23,308㎡","priority_score":40,"source":"경기부동산포털 국공유지조회·연속지적도","source_date":"2026-08-11","installed_solar_match":false}},{"type":"Feature","id":"4127111200101190106","geometry":{"type":"Point","coordinates":[126.935065,37.2960085]},"properties":{"pnu":"4127111200101190106","municipality_code":"41270","municipality":"안산시","district":"안산시 상록구","locality":"사사동","address":"안산시 상록구 사사동 119-106","owner_type":"국유지","owner_label":"국(국토교통부)","manager":"","property_class":"","land_category":"도로","area_sqm":23024.0,"area_band":"5,000㎡ 이상","interest_category":"도로","solar_candidate":"검토필요","candidate_reason":"도로점용 및 실제 이용형태 추가 검토 필요; 면적 23,024㎡","priority_score":40,"source":"경기부동산포털 국공유지조회·연속지적도","source_date":"2026-08-11","installed_solar_match":false}},{"type":"Feature","id":"4127111200104670007","geometry":{"type":"Point","coordinates":[126.9160235,37.3021884]},"properties":{"pnu":"4127111200104670007","municipality_code":"41270","municipality":"안산시","district":"안산시 상록구","locality":"사사동","address":"안산시 상록구 사사동 467-7","owner_type":"국유지","owner_label":"국(국토교통부)","manager":"","property_class":"","land_category":"도로","area_sqm":23024.0,"area_band":"5,000㎡ 이상","interest_category":"도로","solar_candidate":"검토필요","candidate_reason":"도로점용 및 실제 이용형태 추가 검토 필요; 면적 23,024㎡","priority_score":40,"source":"경기부동산포털 국공유지조회·연속지적도","source_date":"2026-08-11","installed_solar_match":false}},{"type":"Feature","id":"4127111000106050003","geometry":{"type":"Point","coordinates":[126.8802755,37.3022574]},"properties":{"pnu":"4127111000106050003","municipality_code":"41270","municipality":"안산시","district":"안산시 상록구","locality":"팔곡일동","address":"안산시 상록구 팔곡일동 605-3","owner_type":"국유지","owner_label":"국(국토교통부)","manager":"","property_class":"","land_category":"도로","area_sqm":22427.0,"area_band":"5,000㎡ 이상","interest_category":"도로","solar_candidate":"검토필요","candidate_reason":"도로점용 및 실제 이용형태 추가 검토 필요; 면적 22,427㎡","priority_score":40,"source":"경기부동산포털 국공유지조회·연속지적도","source_date":"2026-08-11","installed_solar_match":false}},{"type":"Feature","id":"4127111300200010015","geometry":{"type":"Point","coordinates":[126.8828636,37.3695022]},"properties":{"pnu":"4127111300200010015","municipality_code":"41270","municipality":"안산시","district":"안산시 상록구","locality":"수암동","address":"안산시 상록구 수암동 산1-15","owner_type":"국유지","owner_label":"국(국토교통부)","manager":"","property_class":"","land_category":"도로","area_sqm":22020.0,"area_band":"5,000㎡ 이상","interest_category":"도로","solar_candidate":"검토필요","candidate_reason":"도로점용 및 실제 이용형태 추가 검토 필요; 면적 22,020㎡","priority_score":40,"source":"경기부동산포털 국공유지조회·연속지적도","source_date":"2026-08-11","installed_solar_match":false}},{"type":"Feature","id":"4127110400108810018","geometry":{"type":"Point","coordinates":[126.866648,37.2966231]},"properties":{"pnu":"4127110400108810018","municipality_code":"41270","municipality":"안산시","district":"안산시 상록구","locality":"본오동","address":"안산시 상록구 본오동 881-18","owner_type":"국유지","owner_label":"국(국토교통부)","manager":"","property_class":"","land_category":"도로","area_sqm":21623.1,"area_band":"5,000㎡ 이상","interest_category":"도로","solar_candidate":"검토필요","candidate_reason":"도로점용 및 실제 이용형태 추가 검토 필요; 면적 21,623㎡","priority_score":40,"source":"경기부동산포털 국공유지조회·연속지적도","source_date":"2026-08-11","installed_solar_match":false}},{"type":"Feature","id":"4127310400107820004","geometry":{"type":"Point","coordinates":[126.7291384,37.3116954]},"properties":{"pnu":"4127310400107820004","municipality_code":"41270","municipality":"안산시","district":"안산시 단원구","locality":"성곡동","address":"안산시 단원구 성곡동 782-4","owner_type":"국유지","owner_label":"국(건설교통부)","manager":"","property_class":"","land_category":"도로","area_sqm":21354.9,"area_band":"5,000㎡ 이상","interest_category":"도로","solar_candidate":"검토필요","candidate_reason":"도로점용 및 실제 이용형태 추가 검토 필요; 면적 21,355㎡","priority_score":40,"source":"경기부동산포털 국공유지조회·연속지적도","source_date":"2026-08-11","installed_solar_match":false}},{"type":"Feature","id":"4127110400108750007","geometry":{"type":"Point","coordinates":[126.8631895,37.3017188]},"properties":{"pnu":"4127110400108750007","municipality_code":"41270","municipality":"안산시","district":"안산시 상록구","locality":"본오동","address":"안산시 상록구 본오동 875-7","owner_type":"국유지","owner_label":"국(국토교통부)","manager":"","property_class":"","land_category":"도로","area_sqm":21209.2,"area_band":"5,000㎡ 이상","interest_category":"도로","solar_candidate":"검토필요","candidate_reason":"도로점용 및 실제 이용형태 추가 검토 필요; 면적 21,209㎡","priority_score":40,"source":"경기부동산포털 국공유지조회·연속지적도","source_date":"2026-08-11","installed_solar_match":false}},{"type":"Feature","id":"4127111000200020004","geometry":{"type":"Point","coordinates":[126.8841705,37.3168431]},"properties":{"pnu":"4127111000200020004","municipality_code":"41270","municipality":"안산시","district":"안산시 상록구","locality":"팔곡일동","address":"안산시 상록구 팔곡일동 산2-4","owner_type":"국유지","owner_label":"국(국토교통부)","manager":"","property_class":"","land_category":"도로","area_sqm":19993.0,"area_band":"5,000㎡ 이상","interest_category":"도로","solar_candidate":"검토필요","candidate_reason":"도로점용 및 실제 이용형태 추가 검토 필요; 면적 19,993㎡","priority_score":40,"source":"경기부동산포털 국공유지조회·연속지적도","source_date":"2026-08-11","installed_solar_match":false}},{"type":"Feature","id":"4127111200103680003","geometry":{"type":"Point","coordinates":[126.9193898,37.297579]},"properties":{"pnu":"4127111200103680003","municipality_code":"41270","municipality":"안산시","district":"안산시 상록구","locality":"사사동","address":"안산시 상록구 사사동 368-3","owner_type":"국유지","owner_label":"국(국토교통부)","manager":"","property_class":"","land_category":"도로","area_sqm":19734.0,"area_band":"5,000㎡ 이상","interest_category":"도로","solar_candidate":"검토필요","candidate_reason":"도로점용 및 실제 이용형태 추가 검토 필요; 면적 19,734㎡","priority_score":40,"source":"경기부동산포털 국공유지조회·연속지적도","source_date":"2026-08-11","installed_solar_match":false}},{"type":"Feature","id":"4127310900111580007","geometry":{"type":"Point","coordinates":[126.8016698,37.335133]},"properties":{"pnu":"4127310900111580007","municipality_code":"41270","municipality":"안산시","district":"안산시 단원구","locality":"선부동","address":"안산시 단원구 선부동 1158-7","owner_type":"국유지","owner_label":"국(국토교통부)","manager":"","property_class":"","land_category":"도로","area_sqm":19067.9,"area_band":"5,000㎡ 이상","interest_category":"도로","solar_candidate":"검토필요","candidate_reason":"도로점용 및 실제 이용형태 추가 검토 필요; 면적 19,068㎡","priority_score":40,"source":"경기부동산포털 국공유지조회·연속지적도","source_date":"2026-08-11","installed_solar_match":false}},{"type":"Feature","id":"4127111000200020005","geometry":{"type":"Point","coordinates":[126.8821527,37.3187987]},"properties":{"pnu":"4127111000200020005","municipality_code":"41270","municipality":"안산시","district":"안산시 상록구","locality":"팔곡일동","address":"안산시 상록구 팔곡일동 산2-5","owner_type":"국유지","owner_label":"국(국토교통부)","manager":"","property_class":"","land_category":"도로","area_sqm":18966.0,"area_band":"5,000㎡ 이상","interest_category":"도로","solar_candidate":"검토필요","candidate_reason":"도로점용 및 실제 이용형태 추가 검토 필요; 면적 18,966㎡","priority_score":40,"source":"경기부동산포털 국공유지조회·연속지적도","source_date":"2026-08-11","installed_solar_match":false}},{"type":"Feature","id":"4127110700107080000","geometry":{"type":"Point","coordinates":[126.8625709,37.336445]},"properties":{"pnu":"4127110700107080000","municipality_code":"41270","municipality":"안산시","district":"안산시 상록구","locality":"부곡동","address":"안산시 상록구 부곡동 708","owner_type":"국유지","owner_label":"국(국토교통부)","manager":"","property_class":"","land_category":"도로","area_sqm":18959.0,"area_band":"5,000㎡ 이상","interest_category":"도로","solar_candidate":"검토필요","candidate_reason":"도로점용 및 실제 이용형태 추가 검토 필요; 면적 18,959㎡","priority_score":40,"source":"경기부동산포털 국공유지조회·연속지적도","source_date":"2026-08-11","installed_solar_match":false}},{"type":"Feature","id":"4127111200200700013","geometry":{"type":"Point","coordinates":[126.9164299,37.2976036]},"properties":{"pnu":"4127111200200700013","municipality_code":"41270","municipality":"안산시","district":"안산시 상록구","locality":"사사동","address":"안산시 상록구 사사동 산70-13","owner_type":"국유지","owner_label":"국(국토교통부)","manager":"","property_class":"","land_category":"도로","area_sqm":18816.0,"area_band":"5,000㎡ 이상","interest_category":"도로","solar_candidate":"검토필요","candidate_reason":"도로점용 및 실제 이용형태 추가 검토 필요; 면적 18,816㎡","priority_score":40,"source":"경기부동산포털 국공유지조회·연속지적도","source_date":"2026-08-11","installed_solar_match":false}},{"type":"Feature","id":"4127111000105440001","geometry":{"type":"Point","coordinates":[126.8901817,37.2996805]},"properties":{"pnu":"4127111000105440001","municipality_code":"41270","municipality":"안산시","district":"안산시 상록구","locality":"팔곡일동","address":"안산시 상록구 팔곡일동 544-1","owner_type":"국유지","owner_label":"국(국토교통부)","manager":"","property_class":"","land_category":"도로","area_sqm":18635.0,"area_band":"5,000㎡ 이상","interest_category":"도로","solar_candidate":"검토필요","candidate_reason":"도로점용 및 실제 이용형태 추가 검토 필요; 면적 18,635㎡","priority_score":40,"source":"경기부동산포털 국공유지조회·연속지적도","source_date":"2026-08-11","installed_solar_match":false}},{"type":"Feature","id":"4127110600200520006","geometry":{"type":"Point","coordinates":[126.8438747,37.3501188]},"properties":{"pnu":"4127110600200520006","municipality_code":"41270","municipality":"안산시","district":"안산시 상록구","locality":"양상동","address":"안산시 상록구 양상동 산52-6","owner_type":"국유지","owner_label":"국(국토교통부)","manager":"","property_class":"","land_category":"도로","area_sqm":18455.0,"area_band":"5,000㎡ 이상","interest_category":"도로","solar_candidate":"검토필요","candidate_reason":"도로점용 및 실제 이용형태 추가 검토 필요; 면적 18,455㎡","priority_score":40,"source":"경기부동산포털 국공유지조회·연속지적도","source_date":"2026-08-11","installed_solar_match":false}},{"type":"Feature","id":"4127110400108810024","geometry":{"type":"Point","coordinates":[126.8626269,37.2935715]},"properties":{"pnu":"4127110400108810024","municipality_code":"41270","municipality":"안산시","district":"안산시 상록구","locality":"본오동","address":"안산시 상록구 본오동 881-24","owner_type":"국유지","owner_label":"국(국토교통부)","manager":"","property_class":"","land_category":"도로","area_sqm":16738.9,"area_band":"5,000㎡ 이상","interest_category":"도로","solar_candidate":"검토필요","candidate_reason":"도로점용 및 실제 이용형태 추가 검토 필요; 면적 16,739㎡","priority_score":40,"source":"경기부동산포털 국공유지조회·연속지적도","source_date":"2026-08-11","installed_solar_match":false}},{"type":"Feature","id":"4127310900200180005","geometry":{"type":"Point","coordinates":[126.8040423,37.3519063]},"properties":{"pnu":"4127310900200180005","municipality_code":"41270","municipality":"안산시","district":"안산시 단원구","locality":"선부동","address":"안산시 단원구 선부동 산18-5","owner_type":"국유지","owner_label":"국(국토교통부)","manager":"","property_class":"","land_category":"도로","area_sqm":16703.0,"area_band":"5,000㎡ 이상","interest_category":"도로","solar_candidate":"검토필요","candidate_reason":"도로점용 및 실제 이용형태 추가 검토 필요; 면적 16,703㎡","priority_score":40,"source":"경기부동산포털 국공유지조회·연속지적도","source_date":"2026-08-11","installed_solar_match":false}},{"type":"Feature","id":"4127310900200180002","geometry":{"type":"Point","coordinates":[126.8022778,37.3513203]},"properties":{"pnu":"4127310900200180002","municipality_code":"41270","municipality":"안산시","district":"안산시 단원구","locality":"선부동","address":"안산시 단원구 선부동 산18-2","owner_type":"국유지","owner_label":"국(국토교통부)","manager":"","property_class":"","land_category":"도로","area_sqm":16660.0,"area_band":"5,000㎡ 이상","interest_category":"도로","solar_candidate":"검토필요","candidate_reason":"도로점용 및 실제 이용형태 추가 검토 필요; 면적 16,660㎡","priority_score":40,"source":"경기부동산포털 국공유지조회·연속지적도","source_date":"2026-08-11","installed_solar_match":false}},{"type":"Feature","id":"4127110900105340000","geometry":{"type":"Point","coordinates":[126.843535,37.3364976]},"properties":{"pnu":"4127110900105340000","municipality_code":"41270","municipality":"안산시","district":"안산시 상록구","locality":"월피동","address":"안산시 상록구 월피동 534","owner_type":"국유지","owner_label":"국(국토교통부)","manager":"","property_class":"","land_category":"도로","area_sqm":16496.5,"area_band":"5,000㎡ 이상","interest_category":"도로","solar_candidate":"검토필요","candidate_reason":"도로점용 및 실제 이용형태 추가 검토 필요; 면적 16,496㎡","priority_score":40,"source":"경기부동산포털 국공유지조회·연속지적도","source_date":"2026-08-11","installed_solar_match":false}},{"type":"Feature","id":"4127111500102860000","geometry":{"type":"Point","coordinates":[126.8605943,37.3501264]},"properties":{"pnu":"4127111500102860000","municipality_code":"41270","municipality":"안산시","district":"안산시 상록구","locality":"장하동","address":"안산시 상록구 장하동 286","owner_type":"국유지","owner_label":"국(국토교통부)","manager":"","property_class":"","land_category":"도로","area_sqm":16346.0,"area_band":"5,000㎡ 이상","interest_category":"도로","solar_candidate":"검토필요","candidate_reason":"도로점용 및 실제 이용형태 추가 검토 필요; 면적 16,346㎡","priority_score":40,"source":"경기부동산포털 국공유지조회·연속지적도","source_date":"2026-08-11","installed_solar_match":false}},{"type":"Feature","id":"4127110400108750002","geometry":{"type":"Point","coordinates":[126.8644725,37.3024879]},"properties":{"pnu":"4127110400108750002","municipality_code":"41270","municipality":"안산시","district":"안산시 상록구","locality":"본오동","address":"안산시 상록구 본오동 875-2","owner_type":"국유지","owner_label":"국(국토교통부)","manager":"","property_class":"","land_category":"도로","area_sqm":15570.4,"area_band":"5,000㎡ 이상","interest_category":"도로","solar_candidate":"검토필요","candidate_reason":"도로점용 및 실제 이용형태 추가 검토 필요; 면적 15,570㎡","priority_score":40,"source":"경기부동산포털 국공유지조회·연속지적도","source_date":"2026-08-11","installed_solar_match":false}},{"type":"Feature","id":"4127311000120840006","geometry":{"type":"Point","coordinates":[126.5931269,37.2419716]},"properties":{"pnu":"4127311000120840006","municipality_code":"41270","municipality":"안산시","district":"안산시 단원구","locality":"대부동동","address":"안산시 단원구 대부동동 2084-6","owner_type":"국유지","owner_label":"국(농림축산식품부)","manager":"","property_class":"","land_category":"도로","area_sqm":15227.0,"area_band":"5,000㎡ 이상","interest_category":"도로","solar_candidate":"검토필요","candidate_reason":"도로점용 및 실제 이용형태 추가 검토 필요; 면적 15,227㎡","priority_score":40,"source":"경기부동산포털 국공유지조회·연속지적도","source_date":"2026-08-11","installed_solar_match":false}},{"type":"Feature","id":"4127110400108810008","geometry":{"type":"Point","coordinates":[126.8633718,37.3009246]},"properties":{"pnu":"4127110400108810008","municipality_code":"41270","municipality":"안산시","district":"안산시 상록구","locality":"본오동","address":"안산시 상록구 본오동 881-8","owner_type":"국유지","owner_label":"국(국토교통부)","manager":"","property_class":"","land_category":"도로","area_sqm":15128.6,"area_band":"5,000㎡ 이상","interest_category":"도로","solar_candidate":"검토필요","candidate_reason":"도로점용 및 실제 이용형태 추가 검토 필요; 면적 15,129㎡","priority_score":40,"source":"경기부동산포털 국공유지조회·연속지적도","source_date":"2026-08-11","installed_solar_match":false}},{"type":"Feature","id":"4127111000101290000","geometry":{"type":"Point","coordinates":[126.8944936,37.3106665]},"properties":{"pnu":"4127111000101290000","municipality_code":"41270","municipality":"안산시","district":"안산시 상록구","locality":"팔곡일동","address":"안산시 상록구 팔곡일동 129","owner_type":"국유지","owner_label":"국(국토교통부)","manager":"","property_class":"","land_category":"도로","area_sqm":14919.0,"area_band":"5,000㎡ 이상","interest_category":"도로","solar_candidate":"검토필요","candidate_reason":"도로점용 및 실제 이용형태 추가 검토 필요; 면적 14,919㎡","priority_score":40,"source":"경기부동산포털 국공유지조회·연속지적도","source_date":"2026-08-11","installed_solar_match":false}},{"type":"Feature","id":"4127111100101200003","geometry":{"type":"Point","coordinates":[126.9000217,37.3168403]},"properties":{"pnu":"4127111100101200003","municipality_code":"41270","municipality":"안산시","district":"안산시 상록구","locality":"건건동","address":"안산시 상록구 건건동 120-3","owner_type":"국유지","owner_label":"국(국토교통부)","manager":"","property_class":"","land_category":"도로","area_sqm":14809.9,"area_band":"5,000㎡ 이상","interest_category":"도로","solar_candidate":"검토필요","candidate_reason":"도로점용 및 실제 이용형태 추가 검토 필요; 면적 14,810㎡","priority_score":40,"source":"경기부동산포털 국공유지조회·연속지적도","source_date":"2026-08-11","installed_solar_match":false}},{"type":"Feature","id":"4127110400110010000","geometry":{"type":"Point","coordinates":[126.8620821,37.2903415]},"properties":{"pnu":"4127110400110010000","municipality_code":"41270","municipality":"안산시","district":"안산시 상록구","locality":"본오동","address":"안산시 상록구 본오동 1001","owner_type":"국유지","owner_label":"국(국토교통부)","manager":"","property_class":"","land_category":"도로","area_sqm":14745.7,"area_band":"5,000㎡ 이상","interest_category":"도로","solar_candidate":"검토필요","candidate_reason":"도로점용 및 실제 이용형태 추가 검토 필요; 면적 14,746㎡","priority_score":40,"source":"경기부동산포털 국공유지조회·연속지적도","source_date":"2026-08-11","installed_solar_match":false}},{"type":"Feature","id":"4127111100107910001","geometry":{"type":"Point","coordinates":[126.9141711,37.3069374]},"properties":{"pnu":"4127111100107910001","municipality_code":"41270","municipality":"안산시","district":"안산시 상록구","locality":"건건동","address":"안산시 상록구 건건동 791-1","owner_type":"국유지","owner_label":"국(국토교통부)","manager":"","property_class":"","land_category":"도로","area_sqm":14644.0,"area_band":"5,000㎡ 이상","interest_category":"도로","solar_candidate":"검토필요","candidate_reason":"도로점용 및 실제 이용형태 추가 검토 필요; 면적 14,644㎡","priority_score":40,"source":"경기부동산포털 국공유지조회·연속지적도","source_date":"2026-08-11","installed_solar_match":false}},{"type":"Feature","id":"4127310900111580008","geometry":{"type":"Point","coordinates":[126.8101309,37.3277398]},"properties":{"pnu":"4127310900111580008","municipality_code":"41270","municipality":"안산시","district":"안산시 단원구","locality":"선부동","address":"안산시 단원구 선부동 1158-8","owner_type":"국유지","owner_label":"국(국토교통부)","manager":"","property_class":"","land_category":"도로","area_sqm":14523.9,"area_band":"5,000㎡ 이상","interest_category":"도로","solar_candidate":"검토필요","candidate_reason":"도로점용 및 실제 이용형태 추가 검토 필요; 면적 14,524㎡","priority_score":40,"source":"경기부동산포털 국공유지조회·연속지적도","source_date":"2026-08-11","installed_solar_match":false}},{"type":"Feature","id":"4127110400108810047","geometry":{"type":"Point","coordinates":[126.8689997,37.2901131]},"properties":{"pnu":"4127110400108810047","municipality_code":"41270","municipality":"안산시","district":"안산시 상록구","locality":"본오동","address":"안산시 상록구 본오동 881-47","owner_type":"국유지","owner_label":"국(국토교통부)","manager":"","property_class":"","land_category":"도로","area_sqm":14158.3,"area_band":"5,000㎡ 이상","interest_category":"도로","solar_candidate":"검토필요","candidate_reason":"도로점용 및 실제 이용형태 추가 검토 필요; 면적 14,158㎡","priority_score":40,"source":"경기부동산포털 국공유지조회·연속지적도","source_date":"2026-08-11","installed_solar_match":false}},{"type":"Feature","id":"4127310300110710000","geometry":{"type":"Point","coordinates":[126.7720551,37.3247368]},"properties":{"pnu":"4127310300110710000","municipality_code":"41270","municipality":"안산시","district":"안산시 단원구","locality":"신길동","address":"안산시 단원구 신길동 1071","owner_type":"국유지","owner_label":"국(건설부)","manager":"","property_class":"","land_category":"도로","area_sqm":14060.3,"area_band":"5,000㎡ 이상","interest_category":"도로","solar_candidate":"검토필요","candidate_reason":"도로점용 및 실제 이용형태 추가 검토 필요; 면적 14,060㎡","priority_score":40,"source":"경기부동산포털 국공유지조회·연속지적도","source_date":"2026-08-11","installed_solar_match":false}},{"type":"Feature","id":"4127110700100870005","geometry":{"type":"Point","coordinates":[126.8644811,37.342929]},"properties":{"pnu":"4127110700100870005","municipality_code":"41270","municipality":"안산시","district":"안산시 상록구","locality":"부곡동","address":"안산시 상록구 부곡동 87-5","owner_type":"국유지","owner_label":"국(국토교통부)","manager":"","property_class":"","land_category":"도로","area_sqm":14046.0,"area_band":"5,000㎡ 이상","interest_category":"도로","solar_candidate":"검토필요","candidate_reason":"도로점용 및 실제 이용형태 추가 검토 필요; 면적 14,046㎡","priority_score":40,"source":"경기부동산포털 국공유지조회·연속지적도","source_date":"2026-08-11","installed_solar_match":false}},{"type":"Feature","id":"4127311300107320000","geometry":{"type":"Point","coordinates":[126.6508641,37.2071943]},"properties":{"pnu":"4127311300107320000","municipality_code":"41270","municipality":"안산시","district":"안산시 단원구","locality":"선감동","address":"안산시 단원구 선감동 732","owner_type":"국유지","owner_label":"국(농림수산식품부)","manager":"","property_class":"","land_category":"도로","area_sqm":13905.4,"area_band":"5,000㎡ 이상","interest_category":"도로","solar_candidate":"검토필요","candidate_reason":"도로점용 및 실제 이용형태 추가 검토 필요; 면적 13,905㎡","priority_score":40,"source":"경기부동산포털 국공유지조회·연속지적도","source_date":"2026-08-11","installed_solar_match":false}},{"type":"Feature","id":"4127111200101440001","geometry":{"type":"Point","coordinates":[126.927589,37.2972416]},"properties":{"pnu":"4127111200101440001","municipality_code":"41270","municipality":"안산시","district":"안산시 상록구","locality":"사사동","address":"안산시 상록구 사사동 144-1","owner_type":"국유지","owner_label":"국(국토교통부)","manager":"","property_class":"","land_category":"도로","area_sqm":13887.0,"area_band":"5,000㎡ 이상","interest_category":"도로","solar_candidate":"검토필요","candidate_reason":"도로점용 및 실제 이용형태 추가 검토 필요; 면적 13,887㎡","priority_score":40,"source":"경기부동산포털 국공유지조회·연속지적도","source_date":"2026-08-11","installed_solar_match":false}},{"type":"Feature","id":"4127111200102380001","geometry":{"type":"Point","coordinates":[126.9248183,37.2977627]},"properties":{"pnu":"4127111200102380001","municipality_code":"41270","municipality":"안산시","district":"안산시 상록구","locality":"사사동","address":"안산시 상록구 사사동 238-1","owner_type":"국유지","owner_label":"국(국토교통부)","manager":"","property_class":"","land_category":"도로","area_sqm":13863.3,"area_band":"5,000㎡ 이상","interest_category":"도로","solar_candidate":"검토필요","candidate_reason":"도로점용 및 실제 이용형태 추가 검토 필요; 면적 13,863㎡","priority_score":40,"source":"경기부동산포털 국공유지조회·연속지적도","source_date":"2026-08-11","installed_solar_match":false}},{"type":"Feature","id":"4127110400111460000","geometry":{"type":"Point","coordinates":[126.8764012,37.3022865]},"properties":{"pnu":"4127110400111460000","municipality_code":"41270","municipality":"안산시","district":"안산시 상록구","locality":"본오동","address":"안산시 상록구 본오동 1146","owner_type":"국유지","owner_label":"국(국토교통부)","manager":"","property_class":"","land_category":"도로","area_sqm":13659.4,"area_band":"5,000㎡ 이상","interest_category":"도로","solar_candidate":"검토필요","candidate_reason":"도로점용 및 실제 이용형태 추가 검토 필요; 면적 13,659㎡","priority_score":40,"source":"경기부동산포털 국공유지조회·연속지적도","source_date":"2026-08-11","installed_solar_match":false}},{"type":"Feature","id":"4127111100109480000","geometry":{"type":"Point","coordinates":[126.9012247,37.2977675]},"properties":{"pnu":"4127111100109480000","municipality_code":"41270","municipality":"안산시","district":"안산시 상록구","locality":"건건동","address":"안산시 상록구 건건동 948","owner_type":"국유지","owner_label":"국(국토교통부)","manager":"","property_class":"","land_category":"도로","area_sqm":13263.0,"area_band":"5,000㎡ 이상","interest_category":"도로","solar_candidate":"검토필요","candidate_reason":"도로점용 및 실제 이용형태 추가 검토 필요; 면적 13,263㎡","priority_score":40,"source":"경기부동산포털 국공유지조회·연속지적도","source_date":"2026-08-11","installed_solar_match":false}},{"type":"Feature","id":"4127310900111580016","geometry":{"type":"Point","coordinates":[126.8136707,37.3390457]},"properties":{"pnu":"4127310900111580016","municipality_code":"41270","municipality":"안산시","district":"안산시 단원구","locality":"선부동","address":"안산시 단원구 선부동 1158-16","owner_type":"국유지","owner_label":"국(국토교통부)","manager":"","property_class":"","land_category":"도로","area_sqm":13169.1,"area_band":"5,000㎡ 이상","interest_category":"도로","solar_candidate":"검토필요","candidate_reason":"도로점용 및 실제 이용형태 추가 검토 필요; 면적 13,169㎡","priority_score":40,"source":"경기부동산포털 국공유지조회·연속지적도","source_date":"2026-08-11","installed_solar_match":false}},{"type":"Feature","id":"4127111300200010017","geometry":{"type":"Point","coordinates":[126.8860568,37.3699135]},"properties":{"pnu":"4127111300200010017","municipality_code":"41270","municipality":"안산시","district":"안산시 상록구","locality":"수암동","address":"안산시 상록구 수암동 산1-17","owner_type":"국유지","owner_label":"국(국토교통부)","manager":"","property_class":"","land_category":"도로","area_sqm":13147.0,"area_band":"5,000㎡ 이상","interest_category":"도로","solar_candidate":"검토필요","candidate_reason":"도로점용 및 실제 이용형태 추가 검토 필요; 면적 13,147㎡","priority_score":40,"source":"경기부동산포털 국공유지조회·연속지적도","source_date":"2026-08-11","installed_solar_match":false}},{"type":"Feature","id":"4127311100118980000","geometry":{"type":"Point","coordinates":[126.5687953,37.2608705]},"properties":{"pnu":"4127311100118980000","municipality_code":"41270","municipality":"안산시","district":"안산시 단원구","locality":"대부북동","address":"안산시 단원구 대부북동 1898","owner_type":"국유지","owner_label":"국(농림축산식품부)","manager":"","property_class":"","land_category":"도로","area_sqm":13043.0,"area_band":"5,000㎡ 이상","interest_category":"도로","solar_candidate":"검토필요","candidate_reason":"도로점용 및 실제 이용형태 추가 검토 필요; 면적 13,043㎡","priority_score":40,"source":"경기부동산포털 국공유지조회·연속지적도","source_date":"2026-08-11","installed_solar_match":false}},{"type":"Feature","id":"4127110400108810049","geometry":{"type":"Point","coordinates":[126.8695063,37.293343]},"properties":{"pnu":"4127110400108810049","municipality_code":"41270","municipality":"안산시","district":"안산시 상록구","locality":"본오동","address":"안산시 상록구 본오동 881-49","owner_type":"국유지","owner_label":"국(국토교통부)","manager":"","property_class":"","land_category":"도로","area_sqm":13039.2,"area_band":"5,000㎡ 이상","interest_category":"도로","solar_candidate":"검토필요","candidate_reason":"도로점용 및 실제 이용형태 추가 검토 필요; 면적 13,039㎡","priority_score":40,"source":"경기부동산포털 국공유지조회·연속지적도","source_date":"2026-08-11","installed_solar_match":false}},{"type":"Feature","id":"4127110700100750050","geometry":{"type":"Point","coordinates":[126.8654748,37.340715]},"properties":{"pnu":"4127110700100750050","municipality_code":"41270","municipality":"안산시","district":"안산시 상록구","locality":"부곡동","address":"안산시 상록구 부곡동 75-50","owner_type":"국유지","owner_label":"국(국토교통부)","manager":"","property_class":"","land_category":"도로","area_sqm":12969.1,"area_band":"5,000㎡ 이상","interest_category":"도로","solar_candidate":"검토필요","candidate_reason":"도로점용 및 실제 이용형태 추가 검토 필요; 면적 12,969㎡","priority_score":40,"source":"경기부동산포털 국공유지조회·연속지적도","source_date":"2026-08-11","installed_solar_match":false}},{"type":"Feature","id":"4127311100119460000","geometry":{"type":"Point","coordinates":[126.5787483,37.2458699]},"properties":{"pnu":"4127311100119460000","municipality_code":"41270","municipality":"안산시","district":"안산시 단원구","locality":"대부북동","address":"안산시 단원구 대부북동 1946","owner_type":"국유지","owner_label":"국(국토교통부)","manager":"","property_class":"","land_category":"도로","area_sqm":12940.0,"area_band":"5,000㎡ 이상","interest_category":"도로","solar_candidate":"검토필요","candidate_reason":"도로점용 및 실제 이용형태 추가 검토 필요; 면적 12,940㎡","priority_score":40,"source":"경기부동산포털 국공유지조회·연속지적도","source_date":"2026-08-11","installed_solar_match":false}},{"type":"Feature","id":"4127110600101240004","geometry":{"type":"Point","coordinates":[126.8463545,37.3490882]},"properties":{"pnu":"4127110600101240004","municipality_code":"41270","municipality":"안산시","district":"안산시 상록구","locality":"양상동","address":"안산시 상록구 양상동 124-4","owner_type":"국유지","owner_label":"국(국토교통부)","manager":"","property_class":"","land_category":"도로","area_sqm":12900.0,"area_band":"5,000㎡ 이상","interest_category":"도로","solar_candidate":"검토필요","candidate_reason":"도로점용 및 실제 이용형태 추가 검토 필요; 면적 12,900㎡","priority_score":40,"source":"경기부동산포털 국공유지조회·연속지적도","source_date":"2026-08-11","installed_solar_match":false}},{"type":"Feature","id":"4127111500200040001","geometry":{"type":"Point","coordinates":[126.8654655,37.3601207]},"properties":{"pnu":"4127111500200040001","municipality_code":"41270","municipality":"안산시","district":"안산시 상록구","locality":"장하동","address":"안산시 상록구 장하동 산4-1","owner_type":"국유지","owner_label":"국(국토교통부)","manager":"","property_class":"","land_category":"도로","area_sqm":12650.0,"area_band":"5,000㎡ 이상","interest_category":"도로","solar_candidate":"검토필요","candidate_reason":"도로점용 및 실제 이용형태 추가 검토 필요; 면적 12,650㎡","priority_score":40,"source":"경기부동산포털 국공유지조회·연속지적도","source_date":"2026-08-11","installed_solar_match":false}},{"type":"Feature","id":"4127110400110070000","geometry":{"type":"Point","coordinates":[126.861747,37.2871173]},"properties":{"pnu":"4127110400110070000","municipality_code":"41270","municipality":"안산시","district":"안산시 상록구","locality":"본오동","address":"안산시 상록구 본오동 1007","owner_type":"국유지","owner_label":"국(국토교통부)","manager":"","property_class":"","land_category":"도로","area_sqm":12341.3,"area_band":"5,000㎡ 이상","interest_category":"도로","solar_candidate":"검토필요","candidate_reason":"도로점용 및 실제 이용형태 추가 검토 필요; 면적 12,341㎡","priority_score":40,"source":"경기부동산포털 국공유지조회·연속지적도","source_date":"2026-08-11","installed_solar_match":false}},{"type":"Feature","id":"4127311100119460021","geometry":{"type":"Point","coordinates":[126.5775477,37.2440264]},"properties":{"pnu":"4127311100119460021","municipality_code":"41270","municipality":"안산시","district":"안산시 단원구","locality":"대부북동","address":"안산시 단원구 대부북동 1946-21","owner_type":"국유지","owner_label":"국(국토교통부)","manager":"","property_class":"","land_category":"도로","area_sqm":12131.0,"area_band":"5,000㎡ 이상","interest_category":"도로","solar_candidate":"검토필요","candidate_reason":"도로점용 및 실제 이용형태 추가 검토 필요; 면적 12,131㎡","priority_score":40,"source":"경기부동산포털 국공유지조회·연속지적도","source_date":"2026-08-11","installed_solar_match":false}},{"type":"Feature","id":"4127110400108810017","geometry":{"type":"Point","coordinates":[126.8631575,37.2968]},"properties":{"pnu":"4127110400108810017","municipality_code":"41270","municipality":"안산시","district":"안산시 상록구","locality":"본오동","address":"안산시 상록구 본오동 881-17","owner_type":"국유지","owner_label":"국(국토교통부)","manager":"","property_class":"","land_category":"도로","area_sqm":12122.5,"area_band":"5,000㎡ 이상","interest_category":"도로","solar_candidate":"검토필요","candidate_reason":"도로점용 및 실제 이용형태 추가 검토 필요; 면적 12,122㎡","priority_score":40,"source":"경기부동산포털 국공유지조회·연속지적도","source_date":"2026-08-11","installed_solar_match":false}},{"type":"Feature","id":"4127110700200050002","geometry":{"type":"Point","coordinates":[126.8741227,37.3393978]},"properties":{"pnu":"4127110700200050002","municipality_code":"41270","municipality":"안산시","district":"안산시 상록구","locality":"부곡동","address":"안산시 상록구 부곡동 산5-2","owner_type":"국유지","owner_label":"국(국토교통부)","manager":"","property_class":"","land_category":"도로","area_sqm":11977.0,"area_band":"5,000㎡ 이상","interest_category":"도로","solar_candidate":"검토필요","candidate_reason":"도로점용 및 실제 이용형태 추가 검토 필요; 면적 11,977㎡","priority_score":40,"source":"경기부동산포털 국공유지조회·연속지적도","source_date":"2026-08-11","installed_solar_match":false}},{"type":"Feature","id":"4127310300113680194","geometry":{"type":"Point","coordinates":[126.7656182,37.3304753]},"properties":{"pnu":"4127310300113680194","municipality_code":"41270","municipality":"안산시","district":"안산시 단원구","locality":"신길동","address":"안산시 단원구 신길동 1368-194","owner_type":"국유지","owner_label":"국(국토교통부)","manager":"","property_class":"","land_category":"도로","area_sqm":11725.0,"area_band":"5,000㎡ 이상","interest_category":"도로","solar_candidate":"검토필요","candidate_reason":"도로점용 및 실제 이용형태 추가 검토 필요; 면적 11,725㎡","priority_score":40,"source":"경기부동산포털 국공유지조회·연속지적도","source_date":"2026-08-11","installed_solar_match":false}},{"type":"Feature","id":"4127111200200480001","geometry":{"type":"Point","coordinates":[126.9220464,37.2975527]},"properties":{"pnu":"4127111200200480001","municipality_code":"41270","municipality":"안산시","district":"안산시 상록구","locality":"사사동","address":"안산시 상록구 사사동 산48-1","owner_type":"국유지","owner_label":"국(국토교통부)","manager":"","property_class":"","land_category":"도로","area_sqm":11544.0,"area_band":"5,000㎡ 이상","interest_category":"도로","solar_candidate":"검토필요","candidate_reason":"도로점용 및 실제 이용형태 추가 검토 필요; 면적 11,544㎡","priority_score":40,"source":"경기부동산포털 국공유지조회·연속지적도","source_date":"2026-08-11","installed_solar_match":false}},{"type":"Feature","id":"4127311000120840000","geometry":{"type":"Point","coordinates":[126.5878205,37.2401959]},"properties":{"pnu":"4127311000120840000","municipality_code":"41270","municipality":"안산시","district":"안산시 단원구","locality":"대부동동","address":"안산시 단원구 대부동동 2084","owner_type":"국유지","owner_label":"국(농림축산식품부)","manager":"","property_class":"","land_category":"도로","area_sqm":11419.0,"area_band":"5,000㎡ 이상","interest_category":"도로","solar_candidate":"검토필요","candidate_reason":"도로점용 및 실제 이용형태 추가 검토 필요; 면적 11,419㎡","priority_score":40,"source":"경기부동산포털 국공유지조회·연속지적도","source_date":"2026-08-11","installed_solar_match":false}},{"type":"Feature","id":"4127310900111580015","geometry":{"type":"Point","coordinates":[126.8145117,37.3418202]},"properties":{"pnu":"4127310900111580015","municipality_code":"41270","municipality":"안산시","district":"안산시 단원구","locality":"선부동","address":"안산시 단원구 선부동 1158-15","owner_type":"국유지","owner_label":"국(국토교통부)","manager":"","property_class":"","land_category":"도로","area_sqm":11400.4,"area_band":"5,000㎡ 이상","interest_category":"도로","solar_candidate":"검토필요","candidate_reason":"도로점용 및 실제 이용형태 추가 검토 필요; 면적 11,400㎡","priority_score":40,"source":"경기부동산포털 국공유지조회·연속지적도","source_date":"2026-08-11","installed_solar_match":false}},{"type":"Feature","id":"4127310900200010035","geometry":{"type":"Point","coordinates":[126.8185534,37.3502504]},"properties":{"pnu":"4127310900200010035","municipality_code":"41270","municipality":"안산시","district":"안산시 단원구","locality":"선부동","address":"안산시 단원구 선부동 산1-35","owner_type":"국유지","owner_label":"국(국토교통부)","manager":"","property_class":"","land_category":"도로","area_sqm":11307.0,"area_band":"5,000㎡ 이상","interest_category":"도로","solar_candidate":"검토필요","candidate_reason":"도로점용 및 실제 이용형태 추가 검토 필요; 면적 11,307㎡","priority_score":40,"source":"경기부동산포털 국공유지조회·연속지적도","source_date":"2026-08-11","installed_solar_match":false}},{"type":"Feature","id":"4127310900111580014","geometry":{"type":"Point","coordinates":[126.812397,37.3417707]},"properties":{"pnu":"4127310900111580014","municipality_code":"41270","municipality":"안산시","district":"안산시 단원구","locality":"선부동","address":"안산시 단원구 선부동 1158-14","owner_type":"국유지","owner_label":"국(국토교통부)","manager":"","property_class":"","land_category":"도로","area_sqm":11066.8,"area_band":"5,000㎡ 이상","interest_category":"도로","solar_candidate":"검토필요","candidate_reason":"도로점용 및 실제 이용형태 추가 검토 필요; 면적 11,067㎡","priority_score":40,"source":"경기부동산포털 국공유지조회·연속지적도","source_date":"2026-08-11","installed_solar_match":false}},{"type":"Feature","id":"4127111000100160000","geometry":{"type":"Point","coordinates":[126.8874049,37.3145505]},"properties":{"pnu":"4127111000100160000","municipality_code":"41270","municipality":"안산시","district":"안산시 상록구","locality":"팔곡일동","address":"안산시 상록구 팔곡일동 16","owner_type":"국유지","owner_label":"국(국토교통부)","manager":"","property_class":"","land_category":"도로","area_sqm":10928.0,"area_band":"5,000㎡ 이상","interest_category":"도로","solar_candidate":"검토필요","candidate_reason":"도로점용 및 실제 이용형태 추가 검토 필요; 면적 10,928㎡","priority_score":40,"source":"경기부동산포털 국공유지조회·연속지적도","source_date":"2026-08-11","installed_solar_match":false}},{"type":"Feature","id":"4127111000101350000","geometry":{"type":"Point","coordinates":[126.8935864,37.3103152]},"properties":{"pnu":"4127111000101350000","municipality_code":"41270","municipality":"안산시","district":"안산시 상록구","locality":"팔곡일동","address":"안산시 상록구 팔곡일동 135","owner_type":"국유지","owner_label":"국(국토교통부)","manager":"","property_class":"","land_category":"도로","area_sqm":10842.0,"area_band":"5,000㎡ 이상","interest_category":"도로","solar_candidate":"검토필요","candidate_reason":"도로점용 및 실제 이용형태 추가 검토 필요; 면적 10,842㎡","priority_score":40,"source":"경기부동산포털 국공유지조회·연속지적도","source_date":"2026-08-11","installed_solar_match":false}},{"type":"Feature","id":"4127111000200640001","geometry":{"type":"Point","coordinates":[126.8969512,37.2988079]},"properties":{"pnu":"4127111000200640001","municipality_code":"41270","municipality":"안산시","district":"안산시 상록구","locality":"팔곡일동","address":"안산시 상록구 팔곡일동 산64-1","owner_type":"국유지","owner_label":"국(국토교통부)","manager":"","property_class":"","land_category":"도로","area_sqm":10807.0,"area_band":"5,000㎡ 이상","interest_category":"도로","solar_candidate":"검토필요","candidate_reason":"도로점용 및 실제 이용형태 추가 검토 필요; 면적 10,807㎡","priority_score":40,"source":"경기부동산포털 국공유지조회·연속지적도","source_date":"2026-08-11","installed_solar_match":false}},{"type":"Feature","id":"4127310900111580021","geometry":{"type":"Point","coordinates":[126.8104398,37.3317994]},"properties":{"pnu":"4127310900111580021","municipality_code":"41270","municipality":"안산시","district":"안산시 단원구","locality":"선부동","address":"안산시 단원구 선부동 1158-21","owner_type":"국유지","owner_label":"국(국토교통부)","manager":"","property_class":"","land_category":"도로","area_sqm":10771.0,"area_band":"5,000㎡ 이상","interest_category":"도로","solar_candidate":"검토필요","candidate_reason":"도로점용 및 실제 이용형태 추가 검토 필요; 면적 10,771㎡","priority_score":40,"source":"경기부동산포털 국공유지조회·연속지적도","source_date":"2026-08-11","installed_solar_match":false}},{"type":"Feature","id":"4127310500108140000","geometry":{"type":"Point","coordinates":[126.7880124,37.300116]},"properties":{"pnu":"4127310500108140000","municipality_code":"41270","municipality":"안산시","district":"안산시 단원구","locality":"원시동","address":"안산시 단원구 원시동 814","owner_type":"국유지","owner_label":"국(국토교통부)","manager":"","property_class":"","land_category":"도로","area_sqm":10756.7,"area_band":"5,000㎡ 이상","interest_category":"도로","solar_candidate":"검토필요","candidate_reason":"도로점용 및 실제 이용형태 추가 검토 필요; 면적 10,757㎡","priority_score":40,"source":"경기부동산포털 국공유지조회·연속지적도","source_date":"2026-08-11","installed_solar_match":false}},{"type":"Feature","id":"4127111000200440003","geometry":{"type":"Point","coordinates":[126.8845384,37.3022987]},"properties":{"pnu":"4127111000200440003","municipality_code":"41270","municipality":"안산시","district":"안산시 상록구","locality":"팔곡일동","address":"안산시 상록구 팔곡일동 산44-3","owner_type":"국유지","owner_label":"국(국토교통부)","manager":"","property_class":"","land_category":"도로","area_sqm":10754.0,"area_band":"5,000㎡ 이상","interest_category":"도로","solar_candidate":"검토필요","candidate_reason":"도로점용 및 실제 이용형태 추가 검토 필요; 면적 10,754㎡","priority_score":40,"source":"경기부동산포털 국공유지조회·연속지적도","source_date":"2026-08-11","installed_solar_match":false}},{"type":"Feature","id":"4127310900200430003","geometry":{"type":"Point","coordinates":[126.7933424,37.3461047]},"properties":{"pnu":"4127310900200430003","municipality_code":"41270","municipality":"안산시","district":"안산시 단원구","locality":"선부동","address":"안산시 단원구 선부동 산43-3","owner_type":"국유지","owner_label":"국(국토해양부)","manager":"","property_class":"","land_category":"도로","area_sqm":10455.0,"area_band":"5,000㎡ 이상","interest_category":"도로","solar_candidate":"검토필요","candidate_reason":"도로점용 및 실제 이용형태 추가 검토 필요; 면적 10,455㎡","priority_score":40,"source":"경기부동산포털 국공유지조회·연속지적도","source_date":"2026-08-11","installed_solar_match":false}},{"type":"Feature","id":"4127310900200280002","geometry":{"type":"Point","coordinates":[126.7958329,37.3530881]},"properties":{"pnu":"4127310900200280002","municipality_code":"41270","municipality":"안산시","district":"안산시 단원구","locality":"선부동","address":"안산시 단원구 선부동 산28-2","owner_type":"국유지","owner_label":"국(국토교통부)","manager":"","property_class":"","land_category":"도로","area_sqm":10350.0,"area_band":"5,000㎡ 이상","interest_category":"도로","solar_candidate":"검토필요","candidate_reason":"도로점용 및 실제 이용형태 추가 검토 필요; 면적 10,350㎡","priority_score":40,"source":"경기부동산포털 국공유지조회·연속지적도","source_date":"2026-08-11","installed_solar_match":false}},{"type":"Feature","id":"4127311300106700000","geometry":{"type":"Point","coordinates":[126.6328792,37.2248575]},"properties":{"pnu":"4127311300106700000","municipality_code":"41270","municipality":"안산시","district":"안산시 단원구","locality":"선감동","address":"안산시 단원구 선감동 670","owner_type":"국유지","owner_label":"국(농림수산부)(기획재정부)","manager":"","property_class":"","land_category":"도로","area_sqm":10318.0,"area_band":"5,000㎡ 이상","interest_category":"도로","solar_candidate":"검토필요","candidate_reason":"도로점용 및 실제 이용형태 추가 검토 필요; 면적 10,318㎡","priority_score":40,"source":"경기부동산포털 국공유지조회·연속지적도","source_date":"2026-08-11","installed_solar_match":false}},{"type":"Feature","id":"4127310900200450001","geometry":{"type":"Point","coordinates":[126.7922233,37.345867]},"properties":{"pnu":"4127310900200450001","municipality_code":"41270","municipality":"안산시","district":"안산시 단원구","locality":"선부동","address":"안산시 단원구 선부동 산45-1","owner_type":"국유지","owner_label":"국(국토해양부)","manager":"","property_class":"","land_category":"도로","area_sqm":10305.0,"area_band":"5,000㎡ 이상","interest_category":"도로","solar_candidate":"검토필요","candidate_reason":"도로점용 및 실제 이용형태 추가 검토 필요; 면적 10,305㎡","priority_score":40,"source":"경기부동산포털 국공유지조회·연속지적도","source_date":"2026-08-11","installed_solar_match":false}},{"type":"Feature","id":"4127110500103290000","geometry":{"type":"Point","coordinates":[126.8837549,37.2868909]},"properties":{"pnu":"4127110500103290000","municipality_code":"41270","municipality":"안산시","district":"안산시 상록구","locality":"팔곡이동","address":"안산시 상록구 팔곡이동 329","owner_type":"국유지","owner_label":"국(농림축산식품부)","manager":"","property_class":"","land_category":"도로","area_sqm":10267.0,"area_band":"5,000㎡ 이상","interest_category":"도로","solar_candidate":"검토필요","candidate_reason":"도로점용 및 실제 이용형태 추가 검토 필요; 면적 10,267㎡","priority_score":40,"source":"경기부동산포털 국공유지조회·연속지적도","source_date":"2026-08-11","installed_solar_match":false}},{"type":"Feature","id":"4127110400108810077","geometry":{"type":"Point","coordinates":[126.8684894,37.2869277]},"properties":{"pnu":"4127110400108810077","municipality_code":"41270","municipality":"안산시","district":"안산시 상록구","locality":"본오동","address":"안산시 상록구 본오동 881-77","owner_type":"국유지","owner_label":"국(국토교통부)","manager":"","property_class":"","land_category":"도로","area_sqm":10160.4,"area_band":"5,000㎡ 이상","interest_category":"도로","solar_candidate":"검토필요","candidate_reason":"도로점용 및 실제 이용형태 추가 검토 필요; 면적 10,160㎡","priority_score":40,"source":"경기부동산포털 국공유지조회·연속지적도","source_date":"2026-08-11","installed_solar_match":false}},{"type":"Feature","id":"4127110900105350000","geometry":{"type":"Point","coordinates":[126.8432085,37.3340924]},"properties":{"pnu":"4127110900105350000","municipality_code":"41270","municipality":"안산시","district":"안산시 상록구","locality":"월피동","address":"안산시 상록구 월피동 535","owner_type":"국유지","owner_label":"국(국토교통부)","manager":"","property_class":"","land_category":"도로","area_sqm":10157.5,"area_band":"5,000㎡ 이상","interest_category":"도로","solar_candidate":"검토필요","candidate_reason":"도로점용 및 실제 이용형태 추가 검토 필요; 면적 10,158㎡","priority_score":40,"source":"경기부동산포털 국공유지조회·연속지적도","source_date":"2026-08-11","installed_solar_match":false}},{"type":"Feature","id":"4127310900111580020","geometry":{"type":"Point","coordinates":[126.8145279,37.3341468]},"properties":{"pnu":"4127310900111580020","municipality_code":"41270","municipality":"안산시","district":"안산시 단원구","locality":"선부동","address":"안산시 단원구 선부동 1158-20","owner_type":"국유지","owner_label":"국(국토교통부)","manager":"","property_class":"","land_category":"도로","area_sqm":10127.5,"area_band":"5,000㎡ 이상","interest_category":"도로","solar_candidate":"검토필요","candidate_reason":"도로점용 및 실제 이용형태 추가 검토 필요; 면적 10,128㎡","priority_score":40,"source":"경기부동산포털 국공유지조회·연속지적도","source_date":"2026-08-11","installed_solar_match":false}},{"type":"Feature","id":"4127111200101730004","geometry":{"type":"Point","coordinates":[126.9356347,37.2955948]},"properties":{"pnu":"4127111200101730004","municipality_code":"41270","municipality":"안산시","district":"안산시 상록구","locality":"사사동","address":"안산시 상록구 사사동 173-4","owner_type":"국유지","owner_label":"국(국토교통부)","manager":"","property_class":"","land_category":"도로","area_sqm":10034.0,"area_band":"5,000㎡ 이상","interest_category":"도로","solar_candidate":"검토필요","candidate_reason":"도로점용 및 실제 이용형태 추가 검토 필요; 면적 10,034㎡","priority_score":40,"source":"경기부동산포털 국공유지조회·연속지적도","source_date":"2026-08-11","installed_solar_match":false}},{"type":"Feature","id":"4127111100100580033","geometry":{"type":"Point","coordinates":[126.9026567,37.320217]},"properties":{"pnu":"4127111100100580033","municipality_code":"41270","municipality":"안산시","district":"안산시 상록구","locality":"건건동","address":"안산시 상록구 건건동 58-33","owner_type":"국유지","owner_label":"국(국토교통부)","manager":"","property_class":"","land_category":"도로","area_sqm":9975.0,"area_band":"5,000㎡ 이상","interest_category":"도로","solar_candidate":"검토필요","candidate_reason":"도로점용 및 실제 이용형태 추가 검토 필요; 면적 9,975㎡","priority_score":40,"source":"경기부동산포털 국공유지조회·연속지적도","source_date":"2026-08-11","installed_solar_match":false}},{"type":"Feature","id":"4127111000200050001","geometry":{"type":"Point","coordinates":[126.8858063,37.3156438]},"properties":{"pnu":"4127111000200050001","municipality_code":"41270","municipality":"안산시","district":"안산시 상록구","locality":"팔곡일동","address":"안산시 상록구 팔곡일동 산5-1","owner_type":"국유지","owner_label":"국(국토교통부)","manager":"","property_class":"","land_category":"도로","area_sqm":9974.0,"area_band":"5,000㎡ 이상","interest_category":"도로","solar_candidate":"검토필요","candidate_reason":"도로점용 및 실제 이용형태 추가 검토 필요; 면적 9,974㎡","priority_score":40,"source":"경기부동산포털 국공유지조회·연속지적도","source_date":"2026-08-11","installed_solar_match":false}},{"type":"Feature","id":"4127111200201020003","geometry":{"type":"Point","coordinates":[126.9114467,37.2906276]},"properties":{"pnu":"4127111200201020003","municipality_code":"41270","municipality":"안산시","district":"안산시 상록구","locality":"사사동","address":"안산시 상록구 사사동 산102-3","owner_type":"국유지","owner_label":"국(국토교통부)","manager":"","property_class":"","land_category":"도로","area_sqm":9962.0,"area_band":"5,000㎡ 이상","interest_category":"도로","solar_candidate":"검토필요","candidate_reason":"도로점용 및 실제 이용형태 추가 검토 필요; 면적 9,962㎡","priority_score":40,"source":"경기부동산포털 국공유지조회·연속지적도","source_date":"2026-08-11","installed_solar_match":false}},{"type":"Feature","id":"4127111200101700007","geometry":{"type":"Point","coordinates":[126.9354229,37.2957583]},"properties":{"pnu":"4127111200101700007","municipality_code":"41270","municipality":"안산시","district":"안산시 상록구","locality":"사사동","address":"안산시 상록구 사사동 170-7","owner_type":"국유지","owner_label":"국(국토교통부)","manager":"","property_class":"","land_category":"도로","area_sqm":9482.0,"area_band":"5,000㎡ 이상","interest_category":"도로","solar_candidate":"검토필요","candidate_reason":"도로점용 및 실제 이용형태 추가 검토 필요; 면적 9,482㎡","priority_score":40,"source":"경기부동산포털 국공유지조회·연속지적도","source_date":"2026-08-11","installed_solar_match":false}},{"type":"Feature","id":"4127110500102430000","geometry":{"type":"Point","coordinates":[126.8792616,37.2877179]},"properties":{"pnu":"4127110500102430000","municipality_code":"41270","municipality":"안산시","district":"안산시 상록구","locality":"팔곡이동","address":"안산시 상록구 팔곡이동 243","owner_type":"국유지","owner_label":"국(농림축산식품부)","manager":"","property_class":"","land_category":"도로","area_sqm":9474.0,"area_band":"5,000㎡ 이상","interest_category":"도로","solar_candidate":"검토필요","candidate_reason":"도로점용 및 실제 이용형태 추가 검토 필요; 면적 9,474㎡","priority_score":40,"source":"경기부동산포털 국공유지조회·연속지적도","source_date":"2026-08-11","installed_solar_match":false}},{"type":"Feature","id":"4127310900200470002","geometry":{"type":"Point","coordinates":[126.7922788,37.3450908]},"properties":{"pnu":"4127310900200470002","municipality_code":"41270","municipality":"안산시","district":"안산시 단원구","locality":"선부동","address":"안산시 단원구 선부동 산47-2","owner_type":"국유지","owner_label":"국(국토교통부)","manager":"","property_class":"","land_category":"도로","area_sqm":9073.0,"area_band":"5,000㎡ 이상","interest_category":"도로","solar_candidate":"검토필요","candidate_reason":"도로점용 및 실제 이용형태 추가 검토 필요; 면적 9,073㎡","priority_score":40,"source":"경기부동산포털 국공유지조회·연속지적도","source_date":"2026-08-11","installed_solar_match":false}},{"type":"Feature","id":"4127110400103750000","geometry":{"type":"Point","coordinates":[126.8760783,37.2818496]},"properties":{"pnu":"4127110400103750000","municipality_code":"41270","municipality":"안산시","district":"안산시 상록구","locality":"본오동","address":"안산시 상록구 본오동 375","owner_type":"국유지","owner_label":"국(농림축산식품부)","manager":"","property_class":"","land_category":"도로","area_sqm":9020.0,"area_band":"5,000㎡ 이상","interest_category":"도로","solar_candidate":"검토필요","candidate_reason":"도로점용 및 실제 이용형태 추가 검토 필요; 면적 9,020㎡","priority_score":40,"source":"경기부동산포털 국공유지조회·연속지적도","source_date":"2026-08-11","installed_solar_match":false}},{"type":"Feature","id":"4127310900109920008","geometry":{"type":"Point","coordinates":[126.7994193,37.3394891]},"properties":{"pnu":"4127310900109920008","municipality_code":"41270","municipality":"안산시","district":"안산시 단원구","locality":"선부동","address":"안산시 단원구 선부동 992-8","owner_type":"국유지","owner_label":"국(국토교통부)","manager":"","property_class":"","land_category":"도로","area_sqm":9018.9,"area_band":"5,000㎡ 이상","interest_category":"도로","solar_candidate":"검토필요","candidate_reason":"도로점용 및 실제 이용형태 추가 검토 필요; 면적 9,019㎡","priority_score":40,"source":"경기부동산포털 국공유지조회·연속지적도","source_date":"2026-08-11","installed_solar_match":false}},{"type":"Feature","id":"4127110400108810071","geometry":{"type":"Point","coordinates":[126.8724845,37.2915817]},"properties":{"pnu":"4127110400108810071","municipality_code":"41270","municipality":"안산시","district":"안산시 상록구","locality":"본오동","address":"안산시 상록구 본오동 881-71","owner_type":"국유지","owner_label":"국(국토교통부)","manager":"","property_class":"","land_category":"도로","area_sqm":8909.5,"area_band":"5,000㎡ 이상","interest_category":"도로","solar_candidate":"검토필요","candidate_reason":"도로점용 및 실제 이용형태 추가 검토 필요; 면적 8,910㎡","priority_score":40,"source":"경기부동산포털 국공유지조회·연속지적도","source_date":"2026-08-11","installed_solar_match":false}},{"type":"Feature","id":"4127111100108990002","geometry":{"type":"Point","coordinates":[126.8999835,37.3020618]},"properties":{"pnu":"4127111100108990002","municipality_code":"41270","municipality":"안산시","district":"안산시 상록구","locality":"건건동","address":"안산시 상록구 건건동 899-2","owner_type":"국유지","owner_label":"국(국토교통부)","manager":"","property_class":"","land_category":"도로","area_sqm":8890.0,"area_band":"5,000㎡ 이상","interest_category":"도로","solar_candidate":"검토필요","candidate_reason":"도로점용 및 실제 이용형태 추가 검토 필요; 면적 8,890㎡","priority_score":40,"source":"경기부동산포털 국공유지조회·연속지적도","source_date":"2026-08-11","installed_solar_match":false}},{"type":"Feature","id":"4127310900111580013","geometry":{"type":"Point","coordinates":[126.8097953,37.338988]},"properties":{"pnu":"4127310900111580013","municipality_code":"41270","municipality":"안산시","district":"안산시 단원구","locality":"선부동","address":"안산시 단원구 선부동 1158-13","owner_type":"국유지","owner_label":"국(국토교통부)","manager":"","property_class":"","land_category":"도로","area_sqm":8852.2,"area_band":"5,000㎡ 이상","interest_category":"도로","solar_candidate":"검토필요","candidate_reason":"도로점용 및 실제 이용형태 추가 검토 필요; 면적 8,852㎡","priority_score":40,"source":"경기부동산포털 국공유지조회·연속지적도","source_date":"2026-08-11","installed_solar_match":false}},{"type":"Feature","id":"4127110400108810013","geometry":{"type":"Point","coordinates":[126.8632078,37.2988529]},"properties":{"pnu":"4127110400108810013","municipality_code":"41270","municipality":"안산시","district":"안산시 상록구","locality":"본오동","address":"안산시 상록구 본오동 881-13","owner_type":"국유지","owner_label":"국(국토교통부)","manager":"","property_class":"","land_category":"도로","area_sqm":8838.5,"area_band":"5,000㎡ 이상","interest_category":"도로","solar_candidate":"검토필요","candidate_reason":"도로점용 및 실제 이용형태 추가 검토 필요; 면적 8,838㎡","priority_score":40,"source":"경기부동산포털 국공유지조회·연속지적도","source_date":"2026-08-11","installed_solar_match":false}},{"type":"Feature","id":"4127111200101700001","geometry":{"type":"Point","coordinates":[126.9309978,37.296193]},"properties":{"pnu":"4127111200101700001","municipality_code":"41270","municipality":"안산시","district":"안산시 상록구","locality":"사사동","address":"안산시 상록구 사사동 170-1","owner_type":"국유지","owner_label":"국(국토교통부)","manager":"","property_class":"","land_category":"도로","area_sqm":8622.0,"area_band":"5,000㎡ 이상","interest_category":"도로","solar_candidate":"검토필요","candidate_reason":"도로점용 및 실제 이용형태 추가 검토 필요; 면적 8,622㎡","priority_score":40,"source":"경기부동산포털 국공유지조회·연속지적도","source_date":"2026-08-11","installed_solar_match":false}},{"type":"Feature","id":"4127111300100410003","geometry":{"type":"Point","coordinates":[126.8787736,37.3690073]},"properties":{"pnu":"4127111300100410003","municipality_code":"41270","municipality":"안산시","district":"안산시 상록구","locality":"수암동","address":"안산시 상록구 수암동 41-3","owner_type":"국유지","owner_label":"국(국토교통부)","manager":"","property_class":"","land_category":"도로","area_sqm":8591.0,"area_band":"5,000㎡ 이상","interest_category":"도로","solar_candidate":"검토필요","candidate_reason":"도로점용 및 실제 이용형태 추가 검토 필요; 면적 8,591㎡","priority_score":40,"source":"경기부동산포털 국공유지조회·연속지적도","source_date":"2026-08-11","installed_solar_match":false}},{"type":"Feature","id":"4127310900200260008","geometry":{"type":"Point","coordinates":[126.7969655,37.3526823]},"properties":{"pnu":"4127310900200260008","municipality_code":"41270","municipality":"안산시","district":"안산시 단원구","locality":"선부동","address":"안산시 단원구 선부동 산26-8","owner_type":"국유지","owner_label":"국(국토교통부)","manager":"","property_class":"","land_category":"도로","area_sqm":8548.0,"area_band":"5,000㎡ 이상","interest_category":"도로","solar_candidate":"검토필요","candidate_reason":"도로점용 및 실제 이용형태 추가 검토 필요; 면적 8,548㎡","priority_score":40,"source":"경기부동산포털 국공유지조회·연속지적도","source_date":"2026-08-11","installed_solar_match":false}},{"type":"Feature","id":"4127310900109920000","geometry":{"type":"Point","coordinates":[126.8025932,37.3382802]},"properties":{"pnu":"4127310900109920000","municipality_code":"41270","municipality":"안산시","district":"안산시 단원구","locality":"선부동","address":"안산시 단원구 선부동 992","owner_type":"국유지","owner_label":"국(국토교통부)","manager":"","property_class":"","land_category":"도로","area_sqm":8534.0,"area_band":"5,000㎡ 이상","interest_category":"도로","solar_candidate":"검토필요","candidate_reason":"도로점용 및 실제 이용형태 추가 검토 필요; 면적 8,534㎡","priority_score":40,"source":"경기부동산포털 국공유지조회·연속지적도","source_date":"2026-08-11","installed_solar_match":false}},{"type":"Feature","id":"4127110400111440012","geometry":{"type":"Point","coordinates":[126.8687246,37.3015364]},"properties":{"pnu":"4127110400111440012","municipality_code":"41270","municipality":"안산시","district":"안산시 상록구","locality":"본오동","address":"안산시 상록구 본오동 1144-12","owner_type":"국유지","owner_label":"국(국토교통부)","manager":"","property_class":"","land_category":"도로","area_sqm":8261.0,"area_band":"5,000㎡ 이상","interest_category":"도로","solar_candidate":"검토필요","candidate_reason":"도로점용 및 실제 이용형태 추가 검토 필요; 면적 8,261㎡","priority_score":40,"source":"경기부동산포털 국공유지조회·연속지적도","source_date":"2026-08-11","installed_solar_match":false}},{"type":"Feature","id":"4127110900105320000","geometry":{"type":"Point","coordinates":[126.8443315,37.3374868]},"properties":{"pnu":"4127110900105320000","municipality_code":"41270","municipality":"안산시","district":"안산시 상록구","locality":"월피동","address":"안산시 상록구 월피동 532","owner_type":"국유지","owner_label":"국(국토교통부)","manager":"","property_class":"","land_category":"도로","area_sqm":8234.1,"area_band":"5,000㎡ 이상","interest_category":"도로","solar_candidate":"검토필요","candidate_reason":"도로점용 및 실제 이용형태 추가 검토 필요; 면적 8,234㎡","priority_score":40,"source":"경기부동산포털 국공유지조회·연속지적도","source_date":"2026-08-11","installed_solar_match":false}},{"type":"Feature","id":"4127310900200010039","geometry":{"type":"Point","coordinates":[126.8167806,37.3503322]},"properties":{"pnu":"4127310900200010039","municipality_code":"41270","municipality":"안산시","district":"안산시 단원구","locality":"선부동","address":"안산시 단원구 선부동 산1-39","owner_type":"국유지","owner_label":"국(국토교통부)","manager":"","property_class":"","land_category":"도로","area_sqm":8185.0,"area_band":"5,000㎡ 이상","interest_category":"도로","solar_candidate":"검토필요","candidate_reason":"도로점용 및 실제 이용형태 추가 검토 필요; 면적 8,185㎡","priority_score":40,"source":"경기부동산포털 국공유지조회·연속지적도","source_date":"2026-08-11","installed_solar_match":false}},{"type":"Feature","id":"4127111100109440000","geometry":{"type":"Point","coordinates":[126.899841,37.3006695]},"properties":{"pnu":"4127111100109440000","municipality_code":"41270","municipality":"안산시","district":"안산시 상록구","locality":"건건동","address":"안산시 상록구 건건동 944","owner_type":"국유지","owner_label":"국(국토교통부)","manager":"","property_class":"","land_category":"도로","area_sqm":8142.0,"area_band":"5,000㎡ 이상","interest_category":"도로","solar_candidate":"검토필요","candidate_reason":"도로점용 및 실제 이용형태 추가 검토 필요; 면적 8,142㎡","priority_score":40,"source":"경기부동산포털 국공유지조회·연속지적도","source_date":"2026-08-11","installed_solar_match":false}},{"type":"Feature","id":"4127111100109470000","geometry":{"type":"Point","coordinates":[126.9003693,37.2992827]},"properties":{"pnu":"4127111100109470000","municipality_code":"41270","municipality":"안산시","district":"안산시 상록구","locality":"건건동","address":"안산시 상록구 건건동 947","owner_type":"국유지","owner_label":"국(국토교통부)","manager":"","property_class":"","land_category":"도로","area_sqm":8116.0,"area_band":"5,000㎡ 이상","interest_category":"도로","solar_candidate":"검토필요","candidate_reason":"도로점용 및 실제 이용형태 추가 검토 필요; 면적 8,116㎡","priority_score":40,"source":"경기부동산포털 국공유지조회·연속지적도","source_date":"2026-08-11","installed_solar_match":false}},{"type":"Feature","id":"4127110400100010000","geometry":{"type":"Point","coordinates":[126.8701434,37.2815622]},"properties":{"pnu":"4127110400100010000","municipality_code":"41270","municipality":"안산시","district":"안산시 상록구","locality":"본오동","address":"안산시 상록구 본오동 1","owner_type":"국유지","owner_label":"국(농림축산식품부)","manager":"","property_class":"","land_category":"도로","area_sqm":8111.0,"area_band":"5,000㎡ 이상","interest_category":"도로","solar_candidate":"검토필요","candidate_reason":"도로점용 및 실제 이용형태 추가 검토 필요; 면적 8,111㎡","priority_score":40,"source":"경기부동산포털 국공유지조회·연속지적도","source_date":"2026-08-11","installed_solar_match":false}},{"type":"Feature","id":"4127110700105260000","geometry":{"type":"Point","coordinates":[126.8641463,37.3395977]},"properties":{"pnu":"4127110700105260000","municipality_code":"41270","municipality":"안산시","district":"안산시 상록구","locality":"부곡동","address":"안산시 상록구 부곡동 526","owner_type":"국유지","owner_label":"국(국토교통부)","manager":"","property_class":"","land_category":"도로","area_sqm":8082.0,"area_band":"5,000㎡ 이상","interest_category":"도로","solar_candidate":"검토필요","candidate_reason":"도로점용 및 실제 이용형태 추가 검토 필요; 면적 8,082㎡","priority_score":40,"source":"경기부동산포털 국공유지조회·연속지적도","source_date":"2026-08-11","installed_solar_match":false}},{"type":"Feature","id":"4127111100107690002","geometry":{"type":"Point","coordinates":[126.9128979,37.3094062]},"properties":{"pnu":"4127111100107690002","municipality_code":"41270","municipality":"안산시","district":"안산시 상록구","locality":"건건동","address":"안산시 상록구 건건동 769-2","owner_type":"국유지","owner_label":"국(국토교통부)","manager":"","property_class":"","land_category":"도로","area_sqm":7920.0,"area_band":"5,000㎡ 이상","interest_category":"도로","solar_candidate":"검토필요","candidate_reason":"도로점용 및 실제 이용형태 추가 검토 필요; 면적 7,920㎡","priority_score":40,"source":"경기부동산포털 국공유지조회·연속지적도","source_date":"2026-08-11","installed_solar_match":false}},{"type":"Feature","id":"4127111000106770000","geometry":{"type":"Point","coordinates":[126.8942328,37.2953589]},"properties":{"pnu":"4127111000106770000","municipality_code":"41270","municipality":"안산시","district":"안산시 상록구","locality":"팔곡일동","address":"안산시 상록구 팔곡일동 677","owner_type":"국유지","owner_label":"국(국토교통부)","manager":"","property_class":"","land_category":"도로","area_sqm":7895.0,"area_band":"5,000㎡ 이상","interest_category":"도로","solar_candidate":"검토필요","candidate_reason":"도로점용 및 실제 이용형태 추가 검토 필요; 면적 7,895㎡","priority_score":40,"source":"경기부동산포털 국공유지조회·연속지적도","source_date":"2026-08-11","installed_solar_match":false}},{"type":"Feature","id":"4127310900102150011","geometry":{"type":"Point","coordinates":[126.8061641,37.350763]},"properties":{"pnu":"4127310900102150011","municipality_code":"41270","municipality":"안산시","district":"안산시 단원구","locality":"선부동","address":"안산시 단원구 선부동 215-11","owner_type":"국유지","owner_label":"국(국토교통부)","manager":"","property_class":"","land_category":"도로","area_sqm":7831.0,"area_band":"5,000㎡ 이상","interest_category":"도로","solar_candidate":"검토필요","candidate_reason":"도로점용 및 실제 이용형태 추가 검토 필요; 면적 7,831㎡","priority_score":40,"source":"경기부동산포털 국공유지조회·연속지적도","source_date":"2026-08-11","installed_solar_match":false}},{"type":"Feature","id":"4127111500102000000","geometry":{"type":"Point","coordinates":[126.8619524,37.3535115]},"properties":{"pnu":"4127111500102000000","municipality_code":"41270","municipality":"안산시","district":"안산시 상록구","locality":"장하동","address":"안산시 상록구 장하동 200","owner_type":"국유지","owner_label":"국(국토교통부)","manager":"","property_class":"","land_category":"도로","area_sqm":7681.0,"area_band":"5,000㎡ 이상","interest_category":"도로","solar_candidate":"검토필요","candidate_reason":"도로점용 및 실제 이용형태 추가 검토 필요; 면적 7,681㎡","priority_score":40,"source":"경기부동산포털 국공유지조회·연속지적도","source_date":"2026-08-11","installed_solar_match":false}},{"type":"Feature","id":"4127111100109320005","geometry":{"type":"Point","coordinates":[126.8988455,37.3019218]},"properties":{"pnu":"4127111100109320005","municipality_code":"41270","municipality":"안산시","district":"안산시 상록구","locality":"건건동","address":"안산시 상록구 건건동 932-5","owner_type":"국유지","owner_label":"국(국토교통부)","manager":"","property_class":"","land_category":"도로","area_sqm":7665.8,"area_band":"5,000㎡ 이상","interest_category":"도로","solar_candidate":"검토필요","candidate_reason":"도로점용 및 실제 이용형태 추가 검토 필요; 면적 7,666㎡","priority_score":40,"source":"경기부동산포털 국공유지조회·연속지적도","source_date":"2026-08-11","installed_solar_match":false}},{"type":"Feature","id":"4127111100201330001","geometry":{"type":"Point","coordinates":[126.9022722,37.301061]},"properties":{"pnu":"4127111100201330001","municipality_code":"41270","municipality":"안산시","district":"안산시 상록구","locality":"건건동","address":"안산시 상록구 건건동 산133-1","owner_type":"국유지","owner_label":"국(국토교통부)","manager":"","property_class":"","land_category":"도로","area_sqm":7650.0,"area_band":"5,000㎡ 이상","interest_category":"도로","solar_candidate":"검토필요","candidate_reason":"도로점용 및 실제 이용형태 추가 검토 필요; 면적 7,650㎡","priority_score":40,"source":"경기부동산포털 국공유지조회·연속지적도","source_date":"2026-08-11","installed_solar_match":false}},{"type":"Feature","id":"4127111400100010005","geometry":{"type":"Point","coordinates":[126.875126,37.3602171]},"properties":{"pnu":"4127111400100010005","municipality_code":"41270","municipality":"안산시","district":"안산시 상록구","locality":"장상동","address":"안산시 상록구 장상동 1-5","owner_type":"국유지","owner_label":"국(국토교통부)","manager":"","property_class":"","land_category":"도로","area_sqm":7447.0,"area_band":"5,000㎡ 이상","interest_category":"도로","solar_candidate":"검토필요","candidate_reason":"도로점용 및 실제 이용형태 추가 검토 필요; 면적 7,447㎡","priority_score":40,"source":"경기부동산포털 국공유지조회·연속지적도","source_date":"2026-08-11","installed_solar_match":false}},{"type":"Feature","id":"4127110400110100000","geometry":{"type":"Point","coordinates":[126.8596633,37.2849493]},"properties":{"pnu":"4127110400110100000","municipality_code":"41270","municipality":"안산시","district":"안산시 상록구","locality":"본오동","address":"안산시 상록구 본오동 1010","owner_type":"국유지","owner_label":"국(국토교통부)","manager":"","property_class":"","land_category":"도로","area_sqm":7304.4,"area_band":"5,000㎡ 이상","interest_category":"도로","solar_candidate":"검토필요","candidate_reason":"도로점용 및 실제 이용형태 추가 검토 필요; 면적 7,304㎡","priority_score":40,"source":"경기부동산포털 국공유지조회·연속지적도","source_date":"2026-08-11","installed_solar_match":false}},{"type":"Feature","id":"4127310900111580022","geometry":{"type":"Point","coordinates":[126.8156721,37.3317106]},"properties":{"pnu":"4127310900111580022","municipality_code":"41270","municipality":"안산시","district":"안산시 단원구","locality":"선부동","address":"안산시 단원구 선부동 1158-22","owner_type":"국유지","owner_label":"국(국토교통부)","manager":"","property_class":"","land_category":"도로","area_sqm":7253.7,"area_band":"5,000㎡ 이상","interest_category":"도로","solar_candidate":"검토필요","candidate_reason":"도로점용 및 실제 이용형태 추가 검토 필요; 면적 7,254㎡","priority_score":40,"source":"경기부동산포털 국공유지조회·연속지적도","source_date":"2026-08-11","installed_solar_match":false}},{"type":"Feature","id":"4127111300102210001","geometry":{"type":"Point","coordinates":[126.8803091,37.3692327]},"properties":{"pnu":"4127111300102210001","municipality_code":"41270","municipality":"안산시","district":"안산시 상록구","locality":"수암동","address":"안산시 상록구 수암동 221-1","owner_type":"국유지","owner_label":"국(국토교통부)","manager":"","property_class":"","land_category":"도로","area_sqm":7252.0,"area_band":"5,000㎡ 이상","interest_category":"도로","solar_candidate":"검토필요","candidate_reason":"도로점용 및 실제 이용형태 추가 검토 필요; 면적 7,252㎡","priority_score":40,"source":"경기부동산포털 국공유지조회·연속지적도","source_date":"2026-08-11","installed_solar_match":false}},{"type":"Feature","id":"4127110700107070007","geometry":{"type":"Point","coordinates":[126.8655541,37.3340398]},"properties":{"pnu":"4127110700107070007","municipality_code":"41270","municipality":"안산시","district":"안산시 상록구","locality":"부곡동","address":"안산시 상록구 부곡동 707-7","owner_type":"국유지","owner_label":"국(국토교통부)","manager":"","property_class":"","land_category":"도로","area_sqm":7244.3,"area_band":"5,000㎡ 이상","interest_category":"도로","solar_candidate":"검토필요","candidate_reason":"도로점용 및 실제 이용형태 추가 검토 필요; 면적 7,244㎡","priority_score":40,"source":"경기부동산포털 국공유지조회·연속지적도","source_date":"2026-08-11","installed_solar_match":false}},{"type":"Feature","id":"4127110400108750001","geometry":{"type":"Point","coordinates":[126.8598433,37.3030138]},"properties":{"pnu":"4127110400108750001","municipality_code":"41270","municipality":"안산시","district":"안산시 상록구","locality":"본오동","address":"안산시 상록구 본오동 875-1","owner_type":"국유지","owner_label":"국(국토교통부)","manager":"","property_class":"","land_category":"도로","area_sqm":7211.9,"area_band":"5,000㎡ 이상","interest_category":"도로","solar_candidate":"검토필요","candidate_reason":"도로점용 및 실제 이용형태 추가 검토 필요; 면적 7,212㎡","priority_score":40,"source":"경기부동산포털 국공유지조회·연속지적도","source_date":"2026-08-11","installed_solar_match":false}},{"type":"Feature","id":"4127111400104150004","geometry":{"type":"Point","coordinates":[126.8709508,37.3499035]},"properties":{"pnu":"4127111400104150004","municipality_code":"41270","municipality":"안산시","district":"안산시 상록구","locality":"장상동","address":"안산시 상록구 장상동 415-4","owner_type":"국유지","owner_label":"국(국토교통부)","manager":"","property_class":"","land_category":"도로","area_sqm":7204.0,"area_band":"5,000㎡ 이상","interest_category":"도로","solar_candidate":"검토필요","candidate_reason":"도로점용 및 실제 이용형태 추가 검토 필요; 면적 7,204㎡","priority_score":40,"source":"경기부동산포털 국공유지조회·연속지적도","source_date":"2026-08-11","installed_solar_match":false}},{"type":"Feature","id":"4127111200200850001","geometry":{"type":"Point","coordinates":[126.9098892,37.2995745]},"properties":{"pnu":"4127111200200850001","municipality_code":"41270","municipality":"안산시","district":"안산시 상록구","locality":"사사동","address":"안산시 상록구 사사동 산85-1","owner_type":"국유지","owner_label":"국(국토교통부)","manager":"","property_class":"","land_category":"도로","area_sqm":7191.0,"area_band":"5,000㎡ 이상","interest_category":"도로","solar_candidate":"검토필요","candidate_reason":"도로점용 및 실제 이용형태 추가 검토 필요; 면적 7,191㎡","priority_score":40,"source":"경기부동산포털 국공유지조회·연속지적도","source_date":"2026-08-11","installed_solar_match":false}},{"type":"Feature","id":"4127110700107070034","geometry":{"type":"Point","coordinates":[126.8611664,37.3308575]},"properties":{"pnu":"4127110700107070034","municipality_code":"41270","municipality":"안산시","district":"안산시 상록구","locality":"부곡동","address":"안산시 상록구 부곡동 707-34","owner_type":"국유지","owner_label":"국(국토교통부)","manager":"","property_class":"","land_category":"도로","area_sqm":7168.8,"area_band":"5,000㎡ 이상","interest_category":"도로","solar_candidate":"검토필요","candidate_reason":"도로점용 및 실제 이용형태 추가 검토 필요; 면적 7,169㎡","priority_score":40,"source":"경기부동산포털 국공유지조회·연속지적도","source_date":"2026-08-11","installed_solar_match":false}},{"type":"Feature","id":"4127111500103180000","geometry":{"type":"Point","coordinates":[126.8594743,37.3461712]},"properties":{"pnu":"4127111500103180000","municipality_code":"41270","municipality":"안산시","district":"안산시 상록구","locality":"장하동","address":"안산시 상록구 장하동 318","owner_type":"국유지","owner_label":"국(국토교통부)","manager":"","property_class":"","land_category":"도로","area_sqm":7160.0,"area_band":"5,000㎡ 이상","interest_category":"도로","solar_candidate":"검토필요","candidate_reason":"도로점용 및 실제 이용형태 추가 검토 필요; 면적 7,160㎡","priority_score":40,"source":"경기부동산포털 국공유지조회·연속지적도","source_date":"2026-08-11","installed_solar_match":false}},{"type":"Feature","id":"4127111500200120001","geometry":{"type":"Point","coordinates":[126.8630724,37.3566201]},"properties":{"pnu":"4127111500200120001","municipality_code":"41270","municipality":"안산시","district":"안산시 상록구","locality":"장하동","address":"안산시 상록구 장하동 산12-1","owner_type":"국유지","owner_label":"국(국토교통부)","manager":"","property_class":"","land_category":"도로","area_sqm":7090.0,"area_band":"5,000㎡ 이상","interest_category":"도로","solar_candidate":"검토필요","candidate_reason":"도로점용 및 실제 이용형태 추가 검토 필요; 면적 7,090㎡","priority_score":40,"source":"경기부동산포털 국공유지조회·연속지적도","source_date":"2026-08-11","installed_solar_match":false}},{"type":"Feature","id":"4127310900200640003","geometry":{"type":"Point","coordinates":[126.8007283,37.3494449]},"properties":{"pnu":"4127310900200640003","municipality_code":"41270","municipality":"안산시","district":"안산시 단원구","locality":"선부동","address":"안산시 단원구 선부동 산64-3","owner_type":"국유지","owner_label":"국(국토교통부)","manager":"","property_class":"","land_category":"도로","area_sqm":7042.0,"area_band":"5,000㎡ 이상","interest_category":"도로","solar_candidate":"검토필요","candidate_reason":"도로점용 및 실제 이용형태 추가 검토 필요; 면적 7,042㎡","priority_score":40,"source":"경기부동산포털 국공유지조회·연속지적도","source_date":"2026-08-11","installed_solar_match":false}},{"type":"Feature","id":"4127310500108110000","geometry":{"type":"Point","coordinates":[126.7911191,37.3072766]},"properties":{"pnu":"4127310500108110000","municipality_code":"41270","municipality":"안산시","district":"안산시 단원구","locality":"원시동","address":"안산시 단원구 원시동 811","owner_type":"국유지","owner_label":"국(국토교통부)","manager":"","property_class":"","land_category":"도로","area_sqm":6999.0,"area_band":"5,000㎡ 이상","interest_category":"도로","solar_candidate":"검토필요","candidate_reason":"도로점용 및 실제 이용형태 추가 검토 필요; 면적 6,999㎡","priority_score":40,"source":"경기부동산포털 국공유지조회·연속지적도","source_date":"2026-08-11","installed_solar_match":false}},{"type":"Feature","id":"4127111000104380008","geometry":{"type":"Point","coordinates":[126.89607,37.3009713]},"properties":{"pnu":"4127111000104380008","municipality_code":"41270","municipality":"안산시","district":"안산시 상록구","locality":"팔곡일동","address":"안산시 상록구 팔곡일동 438-8","owner_type":"국유지","owner_label":"국(국토교통부)","manager":"","property_class":"","land_category":"도로","area_sqm":6910.0,"area_band":"5,000㎡ 이상","interest_category":"도로","solar_candidate":"검토필요","candidate_reason":"도로점용 및 실제 이용형태 추가 검토 필요; 면적 6,910㎡","priority_score":40,"source":"경기부동산포털 국공유지조회·연속지적도","source_date":"2026-08-11","installed_solar_match":false}},{"type":"Feature","id":"4127110400108810033","geometry":{"type":"Point","coordinates":[126.8630181,37.2951928]},"properties":{"pnu":"4127110400108810033","municipality_code":"41270","municipality":"안산시","district":"안산시 상록구","locality":"본오동","address":"안산시 상록구 본오동 881-33","owner_type":"국유지","owner_label":"국(국토교통부)","manager":"","property_class":"","land_category":"도로","area_sqm":6875.0,"area_band":"5,000㎡ 이상","interest_category":"도로","solar_candidate":"검토필요","candidate_reason":"도로점용 및 실제 이용형태 추가 검토 필요; 면적 6,875㎡","priority_score":40,"source":"경기부동산포털 국공유지조회·연속지적도","source_date":"2026-08-11","installed_solar_match":false}},{"type":"Feature","id":"4127310300102830034","geometry":{"type":"Point","coordinates":[126.7482911,37.3264267]},"properties":{"pnu":"4127310300102830034","municipality_code":"41270","municipality":"안산시","district":"안산시 단원구","locality":"신길동","address":"안산시 단원구 신길동 283-34","owner_type":"국유지","owner_label":"국(국토해양부)","manager":"","property_class":"","land_category":"도로","area_sqm":6863.0,"area_band":"5,000㎡ 이상","interest_category":"도로","solar_candidate":"검토필요","candidate_reason":"도로점용 및 실제 이용형태 추가 검토 필요; 면적 6,863㎡","priority_score":40,"source":"경기부동산포털 국공유지조회·연속지적도","source_date":"2026-08-11","installed_solar_match":false}},{"type":"Feature","id":"4127310900200300008","geometry":{"type":"Point","coordinates":[126.794818,37.353419]},"properties":{"pnu":"4127310900200300008","municipality_code":"41270","municipality":"안산시","district":"안산시 단원구","locality":"선부동","address":"안산시 단원구 선부동 산30-8","owner_type":"국유지","owner_label":"국(국토교통부)","manager":"","property_class":"","land_category":"도로","area_sqm":6848.0,"area_band":"5,000㎡ 이상","interest_category":"도로","solar_candidate":"검토필요","candidate_reason":"도로점용 및 실제 이용형태 추가 검토 필요; 면적 6,848㎡","priority_score":40,"source":"경기부동산포털 국공유지조회·연속지적도","source_date":"2026-08-11","installed_solar_match":false}},{"type":"Feature","id":"4127310900200180003","geometry":{"type":"Point","coordinates":[126.8033015,37.3515735]},"properties":{"pnu":"4127310900200180003","municipality_code":"41270","municipality":"안산시","district":"안산시 단원구","locality":"선부동","address":"안산시 단원구 선부동 산18-3","owner_type":"국유지","owner_label":"국(국토교통부)","manager":"","property_class":"","land_category":"도로","area_sqm":6843.0,"area_band":"5,000㎡ 이상","interest_category":"도로","solar_candidate":"검토필요","candidate_reason":"도로점용 및 실제 이용형태 추가 검토 필요; 면적 6,843㎡","priority_score":40,"source":"경기부동산포털 국공유지조회·연속지적도","source_date":"2026-08-11","installed_solar_match":false}},{"type":"Feature","id":"4127311200204260000","geometry":{"type":"Point","coordinates":[126.5703971,37.2227313]},"properties":{"pnu":"4127311200204260000","municipality_code":"41270","municipality":"안산시","district":"안산시 단원구","locality":"대부남동","address":"안산시 단원구 대부남동 산426","owner_type":"국유지","owner_label":"국(농림축산식품부)","manager":"","property_class":"","land_category":"도로","area_sqm":6824.0,"area_band":"5,000㎡ 이상","interest_category":"도로","solar_candidate":"검토필요","candidate_reason":"도로점용 및 실제 이용형태 추가 검토 필요; 면적 6,824㎡","priority_score":40,"source":"경기부동산포털 국공유지조회·연속지적도","source_date":"2026-08-11","installed_solar_match":false}},{"type":"Feature","id":"4127110400110050000","geometry":{"type":"Point","coordinates":[126.8622643,37.2887091]},"properties":{"pnu":"4127110400110050000","municipality_code":"41270","municipality":"안산시","district":"안산시 상록구","locality":"본오동","address":"안산시 상록구 본오동 1005","owner_type":"국유지","owner_label":"국(국토교통부)","manager":"","property_class":"","land_category":"도로","area_sqm":6794.2,"area_band":"5,000㎡ 이상","interest_category":"도로","solar_candidate":"검토필요","candidate_reason":"도로점용 및 실제 이용형태 추가 검토 필요; 면적 6,794㎡","priority_score":40,"source":"경기부동산포털 국공유지조회·연속지적도","source_date":"2026-08-11","installed_solar_match":false}},{"type":"Feature","id":"4127111000200510003","geometry":{"type":"Point","coordinates":[126.8790417,37.3024331]},"properties":{"pnu":"4127111000200510003","municipality_code":"41270","municipality":"안산시","district":"안산시 상록구","locality":"팔곡일동","address":"안산시 상록구 팔곡일동 산51-3","owner_type":"국유지","owner_label":"국(국토교통부)","manager":"","property_class":"","land_category":"도로","area_sqm":6737.0,"area_band":"5,000㎡ 이상","interest_category":"도로","solar_candidate":"검토필요","candidate_reason":"도로점용 및 실제 이용형태 추가 검토 필요; 면적 6,737㎡","priority_score":40,"source":"경기부동산포털 국공유지조회·연속지적도","source_date":"2026-08-11","installed_solar_match":false}},{"type":"Feature","id":"4127310300102860009","geometry":{"type":"Point","coordinates":[126.7488116,37.3232989]},"properties":{"pnu":"4127310300102860009","municipality_code":"41270","municipality":"안산시","district":"안산시 단원구","locality":"신길동","address":"안산시 단원구 신길동 286-9","owner_type":"국유지","owner_label":"국(국토해양부)","manager":"","property_class":"","land_category":"도로","area_sqm":6698.0,"area_band":"5,000㎡ 이상","interest_category":"도로","solar_candidate":"검토필요","candidate_reason":"도로점용 및 실제 이용형태 추가 검토 필요; 면적 6,698㎡","priority_score":40,"source":"경기부동산포털 국공유지조회·연속지적도","source_date":"2026-08-11","installed_solar_match":false}},{"type":"Feature","id":"4127111200106170017","geometry":{"type":"Point","coordinates":[126.9348135,37.2958949]},"properties":{"pnu":"4127111200106170017","municipality_code":"41270","municipality":"안산시","district":"안산시 상록구","locality":"사사동","address":"안산시 상록구 사사동 617-17","owner_type":"국유지","owner_label":"국(국토교통부)","manager":"","property_class":"","land_category":"도로","area_sqm":6684.0,"area_band":"5,000㎡ 이상","interest_category":"도로","solar_candidate":"검토필요","candidate_reason":"도로점용 및 실제 이용형태 추가 검토 필요; 면적 6,684㎡","priority_score":40,"source":"경기부동산포털 국공유지조회·연속지적도","source_date":"2026-08-11","installed_solar_match":false}},{"type":"Feature","id":"4127110700107070022","geometry":{"type":"Point","coordinates":[126.8627544,37.3350575]},"properties":{"pnu":"4127110700107070022","municipality_code":"41270","municipality":"안산시","district":"안산시 상록구","locality":"부곡동","address":"안산시 상록구 부곡동 707-22","owner_type":"국유지","owner_label":"국(국토교통부)","manager":"","property_class":"","land_category":"도로","area_sqm":6545.1,"area_band":"5,000㎡ 이상","interest_category":"도로","solar_candidate":"검토필요","candidate_reason":"도로점용 및 실제 이용형태 추가 검토 필요; 면적 6,545㎡","priority_score":40,"source":"경기부동산포털 국공유지조회·연속지적도","source_date":"2026-08-11","installed_solar_match":false}},{"type":"Feature","id":"4127111400100860003","geometry":{"type":"Point","coordinates":[126.8733923,37.3556813]},"properties":{"pnu":"4127111400100860003","municipality_code":"41270","municipality":"안산시","district":"안산시 상록구","locality":"장상동","address":"안산시 상록구 장상동 86-3","owner_type":"국유지","owner_label":"국(국토교통부)","manager":"","property_class":"","land_category":"도로","area_sqm":6460.0,"area_band":"5,000㎡ 이상","interest_category":"도로","solar_candidate":"검토필요","candidate_reason":"도로점용 및 실제 이용형태 추가 검토 필요; 면적 6,460㎡","priority_score":40,"source":"경기부동산포털 국공유지조회·연속지적도","source_date":"2026-08-11","installed_solar_match":false}},{"type":"Feature","id":"4127310900200190003","geometry":{"type":"Point","coordinates":[126.8026048,37.3522963]},"properties":{"pnu":"4127310900200190003","municipality_code":"41270","municipality":"안산시","district":"안산시 단원구","locality":"선부동","address":"안산시 단원구 선부동 산19-3","owner_type":"국유지","owner_label":"국(국토교통부)","manager":"","property_class":"","land_category":"도로","area_sqm":6361.0,"area_band":"5,000㎡ 이상","interest_category":"도로","solar_candidate":"검토필요","candidate_reason":"도로점용 및 실제 이용형태 추가 검토 필요; 면적 6,361㎡","priority_score":40,"source":"경기부동산포털 국공유지조회·연속지적도","source_date":"2026-08-11","installed_solar_match":false}},{"type":"Feature","id":"4127310500108090000","geometry":{"type":"Point","coordinates":[126.7932414,37.3109259]},"properties":{"pnu":"4127310500108090000","municipality_code":"41270","municipality":"안산시","district":"안산시 단원구","locality":"원시동","address":"안산시 단원구 원시동 809","owner_type":"국유지","owner_label":"국(국토교통부)","manager":"","property_class":"","land_category":"도로","area_sqm":6332.5,"area_band":"5,000㎡ 이상","interest_category":"도로","solar_candidate":"검토필요","candidate_reason":"도로점용 및 실제 이용형태 추가 검토 필요; 면적 6,332㎡","priority_score":40,"source":"경기부동산포털 국공유지조회·연속지적도","source_date":"2026-08-11","installed_solar_match":false}},{"type":"Feature","id":"4127311500200180016","geometry":{"type":"Point","coordinates":[126.8276145,37.3482286]},"properties":{"pnu":"4127311500200180016","municipality_code":"41270","municipality":"안산시","district":"안산시 단원구","locality":"화정동","address":"안산시 단원구 화정동 산18-16","owner_type":"국유지","owner_label":"국(국토교통부)","manager":"","property_class":"","land_category":"도로","area_sqm":6305.0,"area_band":"5,000㎡ 이상","interest_category":"도로","solar_candidate":"검토필요","candidate_reason":"도로점용 및 실제 이용형태 추가 검토 필요; 면적 6,305㎡","priority_score":40,"source":"경기부동산포털 국공유지조회·연속지적도","source_date":"2026-08-11","installed_solar_match":false}},{"type":"Feature","id":"4127310900200240013","geometry":{"type":"Point","coordinates":[126.7994495,37.3520567]},"properties":{"pnu":"4127310900200240013","municipality_code":"41270","municipality":"안산시","district":"안산시 단원구","locality":"선부동","address":"안산시 단원구 선부동 산24-13","owner_type":"국유지","owner_label":"국(국토교통부)","manager":"","property_class":"","land_category":"도로","area_sqm":6275.0,"area_band":"5,000㎡ 이상","interest_category":"도로","solar_candidate":"검토필요","candidate_reason":"도로점용 및 실제 이용형태 추가 검토 필요; 면적 6,275㎡","priority_score":40,"source":"경기부동산포털 국공유지조회·연속지적도","source_date":"2026-08-11","installed_solar_match":false}},{"type":"Feature","id":"4127310900111580019","geometry":{"type":"Point","coordinates":[126.8148317,37.3363402]},"properties":{"pnu":"4127310900111580019","municipality_code":"41270","municipality":"안산시","district":"안산시 단원구","locality":"선부동","address":"안산시 단원구 선부동 1158-19","owner_type":"국유지","owner_label":"국(국토교통부)","manager":"","property_class":"","land_category":"도로","area_sqm":6234.4,"area_band":"5,000㎡ 이상","interest_category":"도로","solar_candidate":"검토필요","candidate_reason":"도로점용 및 실제 이용형태 추가 검토 필요; 면적 6,234㎡","priority_score":40,"source":"경기부동산포털 국공유지조회·연속지적도","source_date":"2026-08-11","installed_solar_match":false}},{"type":"Feature","id":"4127111500200340009","geometry":{"type":"Point","coordinates":[126.8621177,37.3528813]},"properties":{"pnu":"4127111500200340009","municipality_code":"41270","municipality":"안산시","district":"안산시 상록구","locality":"장하동","address":"안산시 상록구 장하동 산34-9","owner_type":"국유지","owner_label":"국(국토교통부)","manager":"","property_class":"","land_category":"도로","area_sqm":6208.0,"area_band":"5,000㎡ 이상","interest_category":"도로","solar_candidate":"검토필요","candidate_reason":"도로점용 및 실제 이용형태 추가 검토 필요; 면적 6,208㎡","priority_score":40,"source":"경기부동산포털 국공유지조회·연속지적도","source_date":"2026-08-11","installed_solar_match":false}},{"type":"Feature","id":"4127310300102830064","geometry":{"type":"Point","coordinates":[126.748929,37.3276902]},"properties":{"pnu":"4127310300102830064","municipality_code":"41270","municipality":"안산시","district":"안산시 단원구","locality":"신길동","address":"안산시 단원구 신길동 283-64","owner_type":"국유지","owner_label":"국(기획재정부)","manager":"","property_class":"","land_category":"도로","area_sqm":6138.0,"area_band":"5,000㎡ 이상","interest_category":"도로","solar_candidate":"검토필요","candidate_reason":"도로점용 및 실제 이용형태 추가 검토 필요; 면적 6,138㎡","priority_score":40,"source":"경기부동산포털 국공유지조회·연속지적도","source_date":"2026-08-11","installed_solar_match":false}},{"type":"Feature","id":"4127110700107400000","geometry":{"type":"Point","coordinates":[126.8581228,37.3183361]},"properties":{"pnu":"4127110700107400000","municipality_code":"41270","municipality":"안산시","district":"안산시 상록구","locality":"부곡동","address":"안산시 상록구 부곡동 740","owner_type":"국유지","owner_label":"국(국토교통부)","manager":"","property_class":"","land_category":"도로","area_sqm":6120.5,"area_band":"5,000㎡ 이상","interest_category":"도로","solar_candidate":"검토필요","candidate_reason":"도로점용 및 실제 이용형태 추가 검토 필요; 면적 6,120㎡","priority_score":40,"source":"경기부동산포털 국공유지조회·연속지적도","source_date":"2026-08-11","installed_solar_match":false}},{"type":"Feature","id":"4127310900200260006","geometry":{"type":"Point","coordinates":[126.7980458,37.3524099]},"properties":{"pnu":"4127310900200260006","municipality_code":"41270","municipality":"안산시","district":"안산시 단원구","locality":"선부동","address":"안산시 단원구 선부동 산26-6","owner_type":"국유지","owner_label":"국(국토교통부)","manager":"","property_class":"","land_category":"도로","area_sqm":6084.0,"area_band":"5,000㎡ 이상","interest_category":"도로","solar_candidate":"검토필요","candidate_reason":"도로점용 및 실제 이용형태 추가 검토 필요; 면적 6,084㎡","priority_score":40,"source":"경기부동산포털 국공유지조회·연속지적도","source_date":"2026-08-11","installed_solar_match":false}},{"type":"Feature","id":"4127110300112120006","geometry":{"type":"Point","coordinates":[126.8426522,37.3021613]},"properties":{"pnu":"4127110300112120006","municipality_code":"41270","municipality":"안산시","district":"안산시 상록구","locality":"사동","address":"안산시 상록구 사동 1212-6","owner_type":"국유지","owner_label":"국(국토교통부)","manager":"","property_class":"","land_category":"도로","area_sqm":6071.4,"area_band":"5,000㎡ 이상","interest_category":"도로","solar_candidate":"검토필요","candidate_reason":"도로점용 및 실제 이용형태 추가 검토 필요; 면적 6,071㎡","priority_score":40,"source":"경기부동산포털 국공유지조회·연속지적도","source_date":"2026-08-11","installed_solar_match":false}},{"type":"Feature","id":"4127110600101040003","geometry":{"type":"Point","coordinates":[126.848264,37.347119]},"properties":{"pnu":"4127110600101040003","municipality_code":"41270","municipality":"안산시","district":"안산시 상록구","locality":"양상동","address":"안산시 상록구 양상동 104-3","owner_type":"국유지","owner_label":"국(국토교통부)","manager":"","property_class":"","land_category":"도로","area_sqm":6064.0,"area_band":"5,000㎡ 이상","interest_category":"도로","solar_candidate":"검토필요","candidate_reason":"도로점용 및 실제 이용형태 추가 검토 필요; 면적 6,064㎡","priority_score":40,"source":"경기부동산포털 국공유지조회·연속지적도","source_date":"2026-08-11","installed_solar_match":false}},{"type":"Feature","id":"4127311100201910006","geometry":{"type":"Point","coordinates":[126.5793525,37.253094]},"properties":{"pnu":"4127311100201910006","municipality_code":"41270","municipality":"안산시","district":"안산시 단원구","locality":"대부북동","address":"안산시 단원구 대부북동 산191-6","owner_type":"국유지","owner_label":"국(기획재정부)","manager":"","property_class":"","land_category":"도로","area_sqm":6063.0,"area_band":"5,000㎡ 이상","interest_category":"도로","solar_candidate":"검토필요","candidate_reason":"도로점용 및 실제 이용형태 추가 검토 필요; 면적 6,063㎡","priority_score":40,"source":"경기부동산포털 국공유지조회·연속지적도","source_date":"2026-08-11","installed_solar_match":false}},{"type":"Feature","id":"4127111000106300008","geometry":{"type":"Point","coordinates":[126.8803311,37.3021055]},"properties":{"pnu":"4127111000106300008","municipality_code":"41270","municipality":"안산시","district":"안산시 상록구","locality":"팔곡일동","address":"안산시 상록구 팔곡일동 630-8","owner_type":"국유지","owner_label":"국(국토교통부)","manager":"","property_class":"","land_category":"도로","area_sqm":6057.0,"area_band":"5,000㎡ 이상","interest_category":"도로","solar_candidate":"검토필요","candidate_reason":"도로점용 및 실제 이용형태 추가 검토 필요; 면적 6,057㎡","priority_score":40,"source":"경기부동산포털 국공유지조회·연속지적도","source_date":"2026-08-11","installed_solar_match":false}},{"type":"Feature","id":"4127111000200430011","geometry":{"type":"Point","coordinates":[126.8891092,37.2996701]},"properties":{"pnu":"4127111000200430011","municipality_code":"41270","municipality":"안산시","district":"안산시 상록구","locality":"팔곡일동","address":"안산시 상록구 팔곡일동 산43-11","owner_type":"국유지","owner_label":"국(국토교통부)","manager":"","property_class":"","land_category":"도로","area_sqm":6049.0,"area_band":"5,000㎡ 이상","interest_category":"도로","solar_candidate":"검토필요","candidate_reason":"도로점용 및 실제 이용형태 추가 검토 필요; 면적 6,049㎡","priority_score":40,"source":"경기부동산포털 국공유지조회·연속지적도","source_date":"2026-08-11","installed_solar_match":false}},{"type":"Feature","id":"4127110700107070035","geometry":{"type":"Point","coordinates":[126.8611223,37.3324344]},"properties":{"pnu":"4127110700107070035","municipality_code":"41270","municipality":"안산시","district":"안산시 상록구","locality":"부곡동","address":"안산시 상록구 부곡동 707-35","owner_type":"국유지","owner_label":"국(국토교통부)","manager":"","property_class":"","land_category":"도로","area_sqm":6003.1,"area_band":"5,000㎡ 이상","interest_category":"도로","solar_candidate":"검토필요","candidate_reason":"도로점용 및 실제 이용형태 추가 검토 필요; 면적 6,003㎡","priority_score":40,"source":"경기부동산포털 국공유지조회·연속지적도","source_date":"2026-08-11","installed_solar_match":false}},{"type":"Feature","id":"4127111200105400002","geometry":{"type":"Point","coordinates":[126.9109522,37.2991189]},"properties":{"pnu":"4127111200105400002","municipality_code":"41270","municipality":"안산시","district":"안산시 상록구","locality":"사사동","address":"안산시 상록구 사사동 540-2","owner_type":"국유지","owner_label":"국(국토교통부)","manager":"","property_class":"","land_category":"도로","area_sqm":5949.8,"area_band":"5,000㎡ 이상","interest_category":"도로","solar_candidate":"검토필요","candidate_reason":"도로점용 및 실제 이용형태 추가 검토 필요; 면적 5,950㎡","priority_score":40,"source":"경기부동산포털 국공유지조회·연속지적도","source_date":"2026-08-11","installed_solar_match":false}},{"type":"Feature","id":"4127110400109970000","geometry":{"type":"Point","coordinates":[126.8605819,37.2920166]},"properties":{"pnu":"4127110400109970000","municipality_code":"41270","municipality":"안산시","district":"안산시 상록구","locality":"본오동","address":"안산시 상록구 본오동 997","owner_type":"국유지","owner_label":"국(국토교통부)","manager":"","property_class":"","land_category":"도로","area_sqm":5855.2,"area_band":"5,000㎡ 이상","interest_category":"도로","solar_candidate":"검토필요","candidate_reason":"도로점용 및 실제 이용형태 추가 검토 필요; 면적 5,855㎡","priority_score":40,"source":"경기부동산포털 국공유지조회·연속지적도","source_date":"2026-08-11","installed_solar_match":false}},{"type":"Feature","id":"4127110700200090020","geometry":{"type":"Point","coordinates":[126.868487,37.34249]},"properties":{"pnu":"4127110700200090020","municipality_code":"41270","municipality":"안산시","district":"안산시 상록구","locality":"부곡동","address":"안산시 상록구 부곡동 산9-20","owner_type":"국유지","owner_label":"국(국토교통부)","manager":"","property_class":"","land_category":"도로","area_sqm":5755.0,"area_band":"5,000㎡ 이상","interest_category":"도로","solar_candidate":"검토필요","candidate_reason":"도로점용 및 실제 이용형태 추가 검토 필요; 면적 5,755㎡","priority_score":40,"source":"경기부동산포털 국공유지조회·연속지적도","source_date":"2026-08-11","installed_solar_match":false}},{"type":"Feature","id":"4127111300100640004","geometry":{"type":"Point","coordinates":[126.8739433,37.368134]},"properties":{"pnu":"4127111300100640004","municipality_code":"41270","municipality":"안산시","district":"안산시 상록구","locality":"수암동","address":"안산시 상록구 수암동 64-4","owner_type":"국유지","owner_label":"국(국토교통부)","manager":"","property_class":"","land_category":"도로","area_sqm":5729.0,"area_band":"5,000㎡ 이상","interest_category":"도로","solar_candidate":"검토필요","candidate_reason":"도로점용 및 실제 이용형태 추가 검토 필요; 면적 5,729㎡","priority_score":40,"source":"경기부동산포털 국공유지조회·연속지적도","source_date":"2026-08-11","installed_solar_match":false}},{"type":"Feature","id":"4127111200106360000","geometry":{"type":"Point","coordinates":[126.9115024,37.299453]},"properties":{"pnu":"4127111200106360000","municipality_code":"41270","municipality":"안산시","district":"안산시 상록구","locality":"사사동","address":"안산시 상록구 사사동 636","owner_type":"국유지","owner_label":"국(국토교통부)","manager":"","property_class":"","land_category":"도로","area_sqm":5713.0,"area_band":"5,000㎡ 이상","interest_category":"도로","solar_candidate":"검토필요","candidate_reason":"도로점용 및 실제 이용형태 추가 검토 필요; 면적 5,713㎡","priority_score":40,"source":"경기부동산포털 국공유지조회·연속지적도","source_date":"2026-08-11","installed_solar_match":false}},{"type":"Feature","id":"4127311500107280000","geometry":{"type":"Point","coordinates":[126.8238441,37.3560995]},"properties":{"pnu":"4127311500107280000","municipality_code":"41270","municipality":"안산시","district":"안산시 단원구","locality":"화정동","address":"안산시 단원구 화정동 728","owner_type":"국유지","owner_label":"국(국토교통부)","manager":"","property_class":"","land_category":"도로","area_sqm":5606.0,"area_band":"5,000㎡ 이상","interest_category":"도로","solar_candidate":"검토필요","candidate_reason":"도로점용 및 실제 이용형태 추가 검토 필요; 면적 5,606㎡","priority_score":40,"source":"경기부동산포털 국공유지조회·연속지적도","source_date":"2026-08-11","installed_solar_match":false}},{"type":"Feature","id":"4127310900101900001","geometry":{"type":"Point","coordinates":[126.8009211,37.3508533]},"properties":{"pnu":"4127310900101900001","municipality_code":"41270","municipality":"안산시","district":"안산시 단원구","locality":"선부동","address":"안산시 단원구 선부동 190-1","owner_type":"국유지","owner_label":"국(국토교통부)","manager":"","property_class":"","land_category":"도로","area_sqm":5597.0,"area_band":"5,000㎡ 이상","interest_category":"도로","solar_candidate":"검토필요","candidate_reason":"도로점용 및 실제 이용형태 추가 검토 필요; 면적 5,597㎡","priority_score":40,"source":"경기부동산포털 국공유지조회·연속지적도","source_date":"2026-08-11","installed_solar_match":false}},{"type":"Feature","id":"4127110400108810073","geometry":{"type":"Point","coordinates":[126.8740117,37.2904217]},"properties":{"pnu":"4127110400108810073","municipality_code":"41270","municipality":"안산시","district":"안산시 상록구","locality":"본오동","address":"안산시 상록구 본오동 881-73","owner_type":"국유지","owner_label":"국(국토교통부)","manager":"","property_class":"","land_category":"도로","area_sqm":5593.8,"area_band":"5,000㎡ 이상","interest_category":"도로","solar_candidate":"검토필요","candidate_reason":"도로점용 및 실제 이용형태 추가 검토 필요; 면적 5,594㎡","priority_score":40,"source":"경기부동산포털 국공유지조회·연속지적도","source_date":"2026-08-11","installed_solar_match":false}},{"type":"Feature","id":"4127110700100950001","geometry":{"type":"Point","coordinates":[126.8632923,37.3437918]},"properties":{"pnu":"4127110700100950001","municipality_code":"41270","municipality":"안산시","district":"안산시 상록구","locality":"부곡동","address":"안산시 상록구 부곡동 95-1","owner_type":"국유지","owner_label":"국(국토교통부)","manager":"","property_class":"","land_category":"도로","area_sqm":5587.0,"area_band":"5,000㎡ 이상","interest_category":"도로","solar_candidate":"검토필요","candidate_reason":"도로점용 및 실제 이용형태 추가 검토 필요; 면적 5,587㎡","priority_score":40,"source":"경기부동산포털 국공유지조회·연속지적도","source_date":"2026-08-11","installed_solar_match":false}},{"type":"Feature","id":"4127111300102240005","geometry":{"type":"Point","coordinates":[126.881081,37.369387]},"properties":{"pnu":"4127111300102240005","municipality_code":"41270","municipality":"안산시","district":"안산시 상록구","locality":"수암동","address":"안산시 상록구 수암동 224-5","owner_type":"국유지","owner_label":"국(국토교통부)","manager":"","property_class":"","land_category":"도로","area_sqm":5582.0,"area_band":"5,000㎡ 이상","interest_category":"도로","solar_candidate":"검토필요","candidate_reason":"도로점용 및 실제 이용형태 추가 검토 필요; 면적 5,582㎡","priority_score":40,"source":"경기부동산포털 국공유지조회·연속지적도","source_date":"2026-08-11","installed_solar_match":false}},{"type":"Feature","id":"4127111500101620000","geometry":{"type":"Point","coordinates":[126.8638026,37.3573602]},"properties":{"pnu":"4127111500101620000","municipality_code":"41270","municipality":"안산시","district":"안산시 상록구","locality":"장하동","address":"안산시 상록구 장하동 162","owner_type":"국유지","owner_label":"국(국토교통부)","manager":"","property_class":"","land_category":"도로","area_sqm":5548.0,"area_band":"5,000㎡ 이상","interest_category":"도로","solar_candidate":"검토필요","candidate_reason":"도로점용 및 실제 이용형태 추가 검토 필요; 면적 5,548㎡","priority_score":40,"source":"경기부동산포털 국공유지조회·연속지적도","source_date":"2026-08-11","installed_solar_match":false}},{"type":"Feature","id":"4127111100201350016","geometry":{"type":"Point","coordinates":[126.9009073,37.2992731]},"properties":{"pnu":"4127111100201350016","municipality_code":"41270","municipality":"안산시","district":"안산시 상록구","locality":"건건동","address":"안산시 상록구 건건동 산135-16","owner_type":"국유지","owner_label":"국(국토교통부)","manager":"","property_class":"","land_category":"도로","area_sqm":5483.0,"area_band":"5,000㎡ 이상","interest_category":"도로","solar_candidate":"검토필요","candidate_reason":"도로점용 및 실제 이용형태 추가 검토 필요; 면적 5,483㎡","priority_score":40,"source":"경기부동산포털 국공유지조회·연속지적도","source_date":"2026-08-11","installed_solar_match":false}},{"type":"Feature","id":"4127310900111580017","geometry":{"type":"Point","coordinates":[126.8114621,37.3385671]},"properties":{"pnu":"4127310900111580017","municipality_code":"41270","municipality":"안산시","district":"안산시 단원구","locality":"선부동","address":"안산시 단원구 선부동 1158-17","owner_type":"국유지","owner_label":"국(국토교통부)","manager":"","property_class":"","land_category":"도로","area_sqm":5432.4,"area_band":"5,000㎡ 이상","interest_category":"도로","solar_candidate":"검토필요","candidate_reason":"도로점용 및 실제 이용형태 추가 검토 필요; 면적 5,432㎡","priority_score":40,"source":"경기부동산포털 국공유지조회·연속지적도","source_date":"2026-08-11","installed_solar_match":false}},{"type":"Feature","id":"4127311000100790003","geometry":{"type":"Point","coordinates":[126.6168352,37.2358432]},"properties":{"pnu":"4127311000100790003","municipality_code":"41270","municipality":"안산시","district":"안산시 단원구","locality":"대부동동","address":"안산시 단원구 대부동동 79-3","owner_type":"국유지","owner_label":"국(국토교통부)","manager":"","property_class":"","land_category":"도로","area_sqm":5388.0,"area_band":"5,000㎡ 이상","interest_category":"도로","solar_candidate":"검토필요","candidate_reason":"도로점용 및 실제 이용형태 추가 검토 필요; 면적 5,388㎡","priority_score":40,"source":"경기부동산포털 국공유지조회·연속지적도","source_date":"2026-08-11","installed_solar_match":false}},{"type":"Feature","id":"4127110700200090017","geometry":{"type":"Point","coordinates":[126.8703335,37.3419244]},"properties":{"pnu":"4127110700200090017","municipality_code":"41270","municipality":"안산시","district":"안산시 상록구","locality":"부곡동","address":"안산시 상록구 부곡동 산9-17","owner_type":"국유지","owner_label":"국(국토교통부)","manager":"","property_class":"","land_category":"도로","area_sqm":5378.0,"area_band":"5,000㎡ 이상","interest_category":"도로","solar_candidate":"검토필요","candidate_reason":"도로점용 및 실제 이용형태 추가 검토 필요; 면적 5,378㎡","priority_score":40,"source":"경기부동산포털 국공유지조회·연속지적도","source_date":"2026-08-11","installed_solar_match":false}},{"type":"Feature","id":"4127110400110140000","geometry":{"type":"Point","coordinates":[126.8568533,37.2822693]},"properties":{"pnu":"4127110400110140000","municipality_code":"41270","municipality":"안산시","district":"안산시 상록구","locality":"본오동","address":"안산시 상록구 본오동 1014","owner_type":"국유지","owner_label":"국(국토교통부)","manager":"","property_class":"","land_category":"도로","area_sqm":5322.9,"area_band":"5,000㎡ 이상","interest_category":"도로","solar_candidate":"검토필요","candidate_reason":"도로점용 및 실제 이용형태 추가 검토 필요; 면적 5,323㎡","priority_score":40,"source":"경기부동산포털 국공유지조회·연속지적도","source_date":"2026-08-11","installed_solar_match":false}},{"type":"Feature","id":"4127311200113400000","geometry":{"type":"Point","coordinates":[126.6021319,37.2214326]},"properties":{"pnu":"4127311200113400000","municipality_code":"41270","municipality":"안산시","district":"안산시 단원구","locality":"대부남동","address":"안산시 단원구 대부남동 1340","owner_type":"국유지","owner_label":"국(농림축산식품부)","manager":"","property_class":"","land_category":"도로","area_sqm":5288.0,"area_band":"5,000㎡ 이상","interest_category":"도로","solar_candidate":"검토필요","candidate_reason":"도로점용 및 실제 이용형태 추가 검토 필요; 면적 5,288㎡","priority_score":40,"source":"경기부동산포털 국공유지조회·연속지적도","source_date":"2026-08-11","installed_solar_match":false}},{"type":"Feature","id":"4127110400110150000","geometry":{"type":"Point","coordinates":[126.8617209,37.2854801]},"properties":{"pnu":"4127110400110150000","municipality_code":"41270","municipality":"안산시","district":"안산시 상록구","locality":"본오동","address":"안산시 상록구 본오동 1015","owner_type":"국유지","owner_label":"국(국토교통부)","manager":"","property_class":"","land_category":"도로","area_sqm":5239.1,"area_band":"5,000㎡ 이상","interest_category":"도로","solar_candidate":"검토필요","candidate_reason":"도로점용 및 실제 이용형태 추가 검토 필요; 면적 5,239㎡","priority_score":40,"source":"경기부동산포털 국공유지조회·연속지적도","source_date":"2026-08-11","installed_solar_match":false}},{"type":"Feature","id":"4127111000103320014","geometry":{"type":"Point","coordinates":[126.8957644,37.3012334]},"properties":{"pnu":"4127111000103320014","municipality_code":"41270","municipality":"안산시","district":"안산시 상록구","locality":"팔곡일동","address":"안산시 상록구 팔곡일동 332-14","owner_type":"국유지","owner_label":"국(국토교통부)","manager":"","property_class":"","land_category":"도로","area_sqm":5235.0,"area_band":"5,000㎡ 이상","interest_category":"도로","solar_candidate":"검토필요","candidate_reason":"도로점용 및 실제 이용형태 추가 검토 필요; 면적 5,235㎡","priority_score":40,"source":"경기부동산포털 국공유지조회·연속지적도","source_date":"2026-08-11","installed_solar_match":false}},{"type":"Feature","id":"4127311300107280000","geometry":{"type":"Point","coordinates":[126.6477193,37.1922317]},"properties":{"pnu":"4127311300107280000","municipality_code":"41270","municipality":"안산시","district":"안산시 단원구","locality":"선감동","address":"안산시 단원구 선감동 728","owner_type":"국유지","owner_label":"국(농림축산식품부)","manager":"","property_class":"","land_category":"도로","area_sqm":5232.0,"area_band":"5,000㎡ 이상","interest_category":"도로","solar_candidate":"검토필요","candidate_reason":"도로점용 및 실제 이용형태 추가 검토 필요; 면적 5,232㎡","priority_score":40,"source":"경기부동산포털 국공유지조회·연속지적도","source_date":"2026-08-11","installed_solar_match":false}},{"type":"Feature","id":"4127110400108810048","geometry":{"type":"Point","coordinates":[126.8694425,37.2917106]},"properties":{"pnu":"4127110400108810048","municipality_code":"41270","municipality":"안산시","district":"안산시 상록구","locality":"본오동","address":"안산시 상록구 본오동 881-48","owner_type":"국유지","owner_label":"국(국토교통부)","manager":"","property_class":"","land_category":"도로","area_sqm":5189.6,"area_band":"5,000㎡ 이상","interest_category":"도로","solar_candidate":"검토필요","candidate_reason":"도로점용 및 실제 이용형태 추가 검토 필요; 면적 5,190㎡","priority_score":40,"source":"경기부동산포털 국공유지조회·연속지적도","source_date":"2026-08-11","installed_solar_match":false}},{"type":"Feature","id":"4127310300103150013","geometry":{"type":"Point","coordinates":[126.7558505,37.328273]},"properties":{"pnu":"4127310300103150013","municipality_code":"41270","municipality":"안산시","district":"안산시 단원구","locality":"신길동","address":"안산시 단원구 신길동 315-13","owner_type":"국유지","owner_label":"국(국토해양부)","manager":"","property_class":"","land_category":"도로","area_sqm":5180.0,"area_band":"5,000㎡ 이상","interest_category":"도로","solar_candidate":"검토필요","candidate_reason":"도로점용 및 실제 이용형태 추가 검토 필요; 면적 5,180㎡","priority_score":40,"source":"경기부동산포털 국공유지조회·연속지적도","source_date":"2026-08-11","installed_solar_match":false}},{"type":"Feature","id":"4127111300102350001","geometry":{"type":"Point","coordinates":[126.8848005,37.3697556]},"properties":{"pnu":"4127111300102350001","municipality_code":"41270","municipality":"안산시","district":"안산시 상록구","locality":"수암동","address":"안산시 상록구 수암동 235-1","owner_type":"국유지","owner_label":"국(국토교통부)","manager":"","property_class":"","land_category":"도로","area_sqm":5171.0,"area_band":"5,000㎡ 이상","interest_category":"도로","solar_candidate":"검토필요","candidate_reason":"도로점용 및 실제 이용형태 추가 검토 필요; 면적 5,171㎡","priority_score":40,"source":"경기부동산포털 국공유지조회·연속지적도","source_date":"2026-08-11","installed_solar_match":false}},{"type":"Feature","id":"4127310300102810016","geometry":{"type":"Point","coordinates":[126.7510173,37.331755]},"properties":{"pnu":"4127310300102810016","municipality_code":"41270","municipality":"안산시","district":"안산시 단원구","locality":"신길동","address":"안산시 단원구 신길동 281-16","owner_type":"국유지","owner_label":"국(국토해양부)","manager":"","property_class":"","land_category":"도로","area_sqm":5162.0,"area_band":"5,000㎡ 이상","interest_category":"도로","solar_candidate":"검토필요","candidate_reason":"도로점용 및 실제 이용형태 추가 검토 필요; 면적 5,162㎡","priority_score":40,"source":"경기부동산포털 국공유지조회·연속지적도","source_date":"2026-08-11","installed_solar_match":false}},{"type":"Feature","id":"4127111200102530017","geometry":{"type":"Point","coordinates":[126.92351,37.297649]},"properties":{"pnu":"4127111200102530017","municipality_code":"41270","municipality":"안산시","district":"안산시 상록구","locality":"사사동","address":"안산시 상록구 사사동 253-17","owner_type":"국유지","owner_label":"국(국토교통부)","manager":"","property_class":"","land_category":"도로","area_sqm":5149.0,"area_band":"5,000㎡ 이상","interest_category":"도로","solar_candidate":"검토필요","candidate_reason":"도로점용 및 실제 이용형태 추가 검토 필요; 면적 5,149㎡","priority_score":40,"source":"경기부동산포털 국공유지조회·연속지적도","source_date":"2026-08-11","installed_solar_match":false}},{"type":"Feature","id":"4127311200113010000","geometry":{"type":"Point","coordinates":[126.5699643,37.2100152]},"properties":{"pnu":"4127311200113010000","municipality_code":"41270","municipality":"안산시","district":"안산시 단원구","locality":"대부남동","address":"안산시 단원구 대부남동 1301","owner_type":"국유지","owner_label":"국(농림축산식품부)","manager":"","property_class":"","land_category":"도로","area_sqm":5096.0,"area_band":"5,000㎡ 이상","interest_category":"도로","solar_candidate":"검토필요","candidate_reason":"도로점용 및 실제 이용형태 추가 검토 필요; 면적 5,096㎡","priority_score":40,"source":"경기부동산포털 국공유지조회·연속지적도","source_date":"2026-08-11","installed_solar_match":false}},{"type":"Feature","id":"4127310500108070000","geometry":{"type":"Point","coordinates":[126.7995756,37.3124598]},"properties":{"pnu":"4127310500108070000","municipality_code":"41270","municipality":"안산시","district":"안산시 단원구","locality":"원시동","address":"안산시 단원구 원시동 807","owner_type":"국유지","owner_label":"국(국토교통부)","manager":"","property_class":"","land_category":"도로","area_sqm":5095.0,"area_band":"5,000㎡ 이상","interest_category":"도로","solar_candidate":"검토필요","candidate_reason":"도로점용 및 실제 이용형태 추가 검토 필요; 면적 5,095㎡","priority_score":40,"source":"경기부동산포털 국공유지조회·연속지적도","source_date":"2026-08-11","installed_solar_match":false}},{"type":"Feature","id":"4127310900111580018","geometry":{"type":"Point","coordinates":[126.814047,37.3372023]},"properties":{"pnu":"4127310900111580018","municipality_code":"41270","municipality":"안산시","district":"안산시 단원구","locality":"선부동","address":"안산시 단원구 선부동 1158-18","owner_type":"국유지","owner_label":"국(국토교통부)","manager":"","property_class":"","land_category":"도로","area_sqm":5088.2,"area_band":"5,000㎡ 이상","interest_category":"도로","solar_candidate":"검토필요","candidate_reason":"도로점용 및 실제 이용형태 추가 검토 필요; 면적 5,088㎡","priority_score":40,"source":"경기부동산포털 국공유지조회·연속지적도","source_date":"2026-08-11","installed_solar_match":false}},{"type":"Feature","id":"4127110700100970000","geometry":{"type":"Point","coordinates":[126.860065,37.3430237]},"properties":{"pnu":"4127110700100970000","municipality_code":"41270","municipality":"안산시","district":"안산시 상록구","locality":"부곡동","address":"안산시 상록구 부곡동 97","owner_type":"국유지","owner_label":"국(국토교통부)","manager":"","property_class":"","land_category":"도로","area_sqm":5082.0,"area_band":"5,000㎡ 이상","interest_category":"도로","solar_candidate":"검토필요","candidate_reason":"도로점용 및 실제 이용형태 추가 검토 필요; 면적 5,082㎡","priority_score":40,"source":"경기부동산포털 국공유지조회·연속지적도","source_date":"2026-08-11","installed_solar_match":false}},{"type":"Feature","id":"4127110700102650001","geometry":{"type":"Point","coordinates":[126.8750774,37.3384595]},"properties":{"pnu":"4127110700102650001","municipality_code":"41270","municipality":"안산시","district":"안산시 상록구","locality":"부곡동","address":"안산시 상록구 부곡동 265-1","owner_type":"국유지","owner_label":"국(국토교통부)","manager":"","property_class":"","land_category":"도로","area_sqm":5023.0,"area_band":"5,000㎡ 이상","interest_category":"도로","solar_candidate":"검토필요","candidate_reason":"도로점용 및 실제 이용형태 추가 검토 필요; 면적 5,023㎡","priority_score":40,"source":"경기부동산포털 국공유지조회·연속지적도","source_date":"2026-08-11","installed_solar_match":false}},{"type":"Feature","id":"4127311200106090012","geometry":{"type":"Point","coordinates":[126.5678434,37.2050039]},"properties":{"pnu":"4127311200106090012","municipality_code":"41270","municipality":"안산시","district":"안산시 단원구","locality":"대부남동","address":"안산시 단원구 대부남동 609-12","owner_type":"국유지","owner_label":"국(기획재정부)","manager":"","property_class":"","land_category":"대","area_sqm":487.0,"area_band":"100~500㎡","interest_category":"대","solar_candidate":"검토필요","candidate_reason":"청사·공공건축물·주차장 현황 추가 확인 필요; 면적 487㎡","priority_score":40,"source":"경기부동산포털 국공유지조회·연속지적도","source_date":"2026-08-11","installed_solar_match":false}},{"type":"Feature","id":"4127110400107790002","geometry":{"type":"Point","coordinates":[126.8723092,37.2941931]},"properties":{"pnu":"4127110400107790002","municipality_code":"41270","municipality":"안산시","district":"안산시 상록구","locality":"본오동","address":"안산시 상록구 본오동 779-2","owner_type":"국유지","owner_label":"국(과학기술정보통신부)","manager":"","property_class":"","land_category":"대","area_sqm":482.8,"area_band":"100~500㎡","interest_category":"대","solar_candidate":"검토필요","candidate_reason":"청사·공공건축물·주차장 현황 추가 확인 필요; 면적 483㎡","priority_score":40,"source":"경기부동산포털 국공유지조회·연속지적도","source_date":"2026-08-11","installed_solar_match":false}},{"type":"Feature","id":"4127110800105930003","geometry":{"type":"Point","coordinates":[126.8445734,37.3271593]},"properties":{"pnu":"4127110800105930003","municipality_code":"41270","municipality":"안산시","district":"안산시 상록구","locality":"성포동","address":"안산시 상록구 성포동 593-3","owner_type":"국유지","owner_label":"대한민국(과학기술정보통신부)","manager":"","property_class":"","land_category":"대","area_sqm":456.4,"area_band":"100~500㎡","interest_category":"대","solar_candidate":"검토필요","candidate_reason":"청사·공공건축물·주차장 현황 추가 확인 필요; 면적 456㎡","priority_score":40,"source":"경기부동산포털 국공유지조회·연속지적도","source_date":"2026-08-11","installed_solar_match":false}},{"type":"Feature","id":"4127110100105330004","geometry":{"type":"Point","coordinates":[126.8650731,37.3182108]},"properties":{"pnu":"4127110100105330004","municipality_code":"41270","municipality":"안산시","district":"안산시 상록구","locality":"일동","address":"안산시 상록구 일동 533-4","owner_type":"국유지","owner_label":"국(기획재정부)","manager":"","property_class":"","land_category":"대","area_sqm":450.7,"area_band":"100~500㎡","interest_category":"대","solar_candidate":"검토필요","candidate_reason":"청사·공공건축물·주차장 현황 추가 확인 필요; 면적 451㎡","priority_score":40,"source":"경기부동산포털 국공유지조회·연속지적도","source_date":"2026-08-11","installed_solar_match":false}},{"type":"Feature","id":"4127311100118480443","geometry":{"type":"Point","coordinates":[126.5767624,37.2929043]},"properties":{"pnu":"4127311100118480443","municipality_code":"41270","municipality":"안산시","district":"안산시 단원구","locality":"대부북동","address":"안산시 단원구 대부북동 1848-443","owner_type":"국유지","owner_label":"국(국방부)","manager":"","property_class":"","land_category":"대","area_sqm":433.0,"area_band":"100~500㎡","interest_category":"대","solar_candidate":"검토필요","candidate_reason":"청사·공공건축물·주차장 현황 추가 확인 필요; 면적 433㎡","priority_score":40,"source":"경기부동산포털 국공유지조회·연속지적도","source_date":"2026-08-11","installed_solar_match":false}},{"type":"Feature","id":"4127311200100070034","geometry":{"type":"Point","coordinates":[126.6042499,37.2140484]},"properties":{"pnu":"4127311200100070034","municipality_code":"41270","municipality":"안산시","district":"안산시 단원구","locality":"대부남동","address":"안산시 단원구 대부남동 7-34","owner_type":"국유지","owner_label":"국(기획재정부)","manager":"","property_class":"","land_category":"대","area_sqm":431.0,"area_band":"100~500㎡","interest_category":"대","solar_candidate":"검토필요","candidate_reason":"청사·공공건축물·주차장 현황 추가 확인 필요; 면적 431㎡","priority_score":40,"source":"경기부동산포털 국공유지조회·연속지적도","source_date":"2026-08-11","installed_solar_match":false}},{"type":"Feature","id":"4127310500107730006","geometry":{"type":"Point","coordinates":[126.7934062,37.3128871]},"properties":{"pnu":"4127310500107730006","municipality_code":"41270","municipality":"안산시","district":"안산시 단원구","locality":"원시동","address":"안산시 단원구 원시동 773-6","owner_type":"국유지","owner_label":"국(경찰청)","manager":"","property_class":"","land_category":"대","area_sqm":360.1,"area_band":"100~500㎡","interest_category":"대","solar_candidate":"검토필요","candidate_reason":"청사·공공건축물·주차장 현황 추가 확인 필요; 면적 360㎡","priority_score":40,"source":"경기부동산포털 국공유지조회·연속지적도","source_date":"2026-08-11","installed_solar_match":false}},{"type":"Feature","id":"4127111300102310000","geometry":{"type":"Point","coordinates":[126.882243,37.3703544]},"properties":{"pnu":"4127111300102310000","municipality_code":"41270","municipality":"안산시","district":"안산시 상록구","locality":"수암동","address":"안산시 상록구 수암동 231","owner_type":"국유지","owner_label":"국(국토교통부)","manager":"","property_class":"","land_category":"대","area_sqm":345.0,"area_band":"100~500㎡","interest_category":"대","solar_candidate":"검토필요","candidate_reason":"청사·공공건축물·주차장 현황 추가 확인 필요; 면적 345㎡","priority_score":40,"source":"경기부동산포털 국공유지조회·연속지적도","source_date":"2026-08-11","installed_solar_match":false}},{"type":"Feature","id":"4127111300102310001","geometry":{"type":"Point","coordinates":[126.8823961,37.3703869]},"properties":{"pnu":"4127111300102310001","municipality_code":"41270","municipality":"안산시","district":"안산시 상록구","locality":"수암동","address":"안산시 상록구 수암동 231-1","owner_type":"국유지","owner_label":"국(국토교통부)","manager":"","property_class":"","land_category":"대","area_sqm":332.0,"area_band":"100~500㎡","interest_category":"대","solar_candidate":"검토필요","candidate_reason":"청사·공공건축물·주차장 현황 추가 확인 필요; 면적 332㎡","priority_score":40,"source":"경기부동산포털 국공유지조회·연속지적도","source_date":"2026-08-11","installed_solar_match":false}},{"type":"Feature","id":"4127110700106710011","geometry":{"type":"Point","coordinates":[126.8608399,37.3316271]},"properties":{"pnu":"4127110700106710011","municipality_code":"41270","municipality":"안산시","district":"안산시 상록구","locality":"부곡동","address":"안산시 상록구 부곡동 671-11","owner_type":"국유지","owner_label":"국(경찰청)","manager":"","property_class":"","land_category":"대","area_sqm":330.0,"area_band":"100~500㎡","interest_category":"대","solar_candidate":"검토필요","candidate_reason":"청사·공공건축물·주차장 현황 추가 확인 필요; 면적 330㎡","priority_score":40,"source":"경기부동산포털 국공유지조회·연속지적도","source_date":"2026-08-11","installed_solar_match":false}},{"type":"Feature","id":"4127110100106320011","geometry":{"type":"Point","coordinates":[126.8686747,37.3098313]},"properties":{"pnu":"4127110100106320011","municipality_code":"41270","municipality":"안산시","district":"안산시 상록구","locality":"일동","address":"안산시 상록구 일동 632-11","owner_type":"국유지","owner_label":"국(과학기술정보통신부)","manager":"","property_class":"","land_category":"대","area_sqm":324.0,"area_band":"100~500㎡","interest_category":"대","solar_candidate":"검토필요","candidate_reason":"청사·공공건축물·주차장 현황 추가 확인 필요; 면적 324㎡","priority_score":40,"source":"경기부동산포털 국공유지조회·연속지적도","source_date":"2026-08-11","installed_solar_match":false}},{"type":"Feature","id":"4127311300106700002","geometry":{"type":"Point","coordinates":[126.63228,37.2271001]},"properties":{"pnu":"4127311300106700002","municipality_code":"41270","municipality":"안산시","district":"안산시 단원구","locality":"선감동","address":"안산시 단원구 선감동 670-2","owner_type":"국유지","owner_label":"국(기획재정부)","manager":"문화체육관광국 문화정책과","property_class":"행정재산","land_category":"대","area_sqm":304.0,"area_band":"100~500㎡","interest_category":"대","solar_candidate":"검토필요","candidate_reason":"청사·공공건축물·주차장 현황 추가 확인 필요; 면적 304㎡","priority_score":40,"source":"경기부동산포털 국공유지조회·연속지적도","source_date":"2026-08-11","installed_solar_match":false}},{"type":"Feature","id":"4127110900105120003","geometry":{"type":"Point","coordinates":[126.8463669,37.3331395]},"properties":{"pnu":"4127110900105120003","municipality_code":"41270","municipality":"안산시","district":"안산시 상록구","locality":"월피동","address":"안산시 상록구 월피동 512-3","owner_type":"국유지","owner_label":"국(경찰청)","manager":"","property_class":"","land_category":"대","area_sqm":285.1,"area_band":"100~500㎡","interest_category":"대","solar_candidate":"검토필요","candidate_reason":"청사·공공건축물·주차장 현황 추가 확인 필요; 면적 285㎡","priority_score":40,"source":"경기부동산포털 국공유지조회·연속지적도","source_date":"2026-08-11","installed_solar_match":false}},{"type":"Feature","id":"4127110400108940000","geometry":{"type":"Point","coordinates":[126.8584808,37.2919295]},"properties":{"pnu":"4127110400108940000","municipality_code":"41270","municipality":"안산시","district":"안산시 상록구","locality":"본오동","address":"안산시 상록구 본오동 894","owner_type":"국유지","owner_label":"국유지","manager":"","property_class":"","land_category":"대","area_sqm":280.3,"area_band":"100~500㎡","interest_category":"대","solar_candidate":"검토필요","candidate_reason":"청사·공공건축물·주차장 현황 추가 확인 필요; 면적 280㎡","priority_score":40,"source":"경기부동산포털 국공유지조회·연속지적도","source_date":"2026-08-11","installed_solar_match":false}},{"type":"Feature","id":"4127110100106000006","geometry":{"type":"Point","coordinates":[126.8643941,37.3126686]},"properties":{"pnu":"4127110100106000006","municipality_code":"41270","municipality":"안산시","district":"안산시 상록구","locality":"일동","address":"안산시 상록구 일동 600-6","owner_type":"국유지","owner_label":"국(경찰청)","manager":"","property_class":"","land_category":"대","area_sqm":265.1,"area_band":"100~500㎡","interest_category":"대","solar_candidate":"검토필요","candidate_reason":"청사·공공건축물·주차장 현황 추가 확인 필요; 면적 265㎡","priority_score":40,"source":"경기부동산포털 국공유지조회·연속지적도","source_date":"2026-08-11","installed_solar_match":false}},{"type":"Feature","id":"4127110100106570004","geometry":{"type":"Point","coordinates":[126.8648486,37.3062804]},"properties":{"pnu":"4127110100106570004","municipality_code":"41270","municipality":"안산시","district":"안산시 상록구","locality":"일동","address":"안산시 상록구 일동 657-4","owner_type":"국유지","owner_label":"국(기획재정부)","manager":"","property_class":"","land_category":"대","area_sqm":258.8,"area_band":"100~500㎡","interest_category":"대","solar_candidate":"검토필요","candidate_reason":"청사·공공건축물·주차장 현황 추가 확인 필요; 면적 259㎡","priority_score":40,"source":"경기부동산포털 국공유지조회·연속지적도","source_date":"2026-08-11","installed_solar_match":false}},{"type":"Feature","id":"4127311200100070025","geometry":{"type":"Point","coordinates":[126.6050063,37.2132151]},"properties":{"pnu":"4127311200100070025","municipality_code":"41270","municipality":"안산시","district":"안산시 단원구","locality":"대부남동","address":"안산시 단원구 대부남동 7-25","owner_type":"국유지","owner_label":"국(기획재정부)","manager":"","property_class":"","land_category":"대","area_sqm":234.0,"area_band":"100~500㎡","interest_category":"대","solar_candidate":"검토필요","candidate_reason":"청사·공공건축물·주차장 현황 추가 확인 필요; 면적 234㎡","priority_score":40,"source":"경기부동산포털 국공유지조회·연속지적도","source_date":"2026-08-11","installed_solar_match":false}},{"type":"Feature","id":"4127311100118570017","geometry":{"type":"Point","coordinates":[126.5696584,37.2748642]},"properties":{"pnu":"4127311100118570017","municipality_code":"41270","municipality":"안산시","district":"안산시 단원구","locality":"대부북동","address":"안산시 단원구 대부북동 1857-17","owner_type":"국유지","owner_label":"국(기획재정부)","manager":"","property_class":"","land_category":"대","area_sqm":232.0,"area_band":"100~500㎡","interest_category":"대","solar_candidate":"검토필요","candidate_reason":"청사·공공건축물·주차장 현황 추가 확인 필요; 면적 232㎡","priority_score":40,"source":"경기부동산포털 국공유지조회·연속지적도","source_date":"2026-08-11","installed_solar_match":false}},{"type":"Feature","id":"4127310900110320013","geometry":{"type":"Point","coordinates":[126.8056963,37.341497]},"properties":{"pnu":"4127310900110320013","municipality_code":"41270","municipality":"안산시","district":"안산시 단원구","locality":"선부동","address":"안산시 단원구 선부동 1032-13","owner_type":"국유지","owner_label":"국(경찰청)","manager":"","property_class":"","land_category":"대","area_sqm":231.1,"area_band":"100~500㎡","interest_category":"대","solar_candidate":"검토필요","candidate_reason":"청사·공공건축물·주차장 현황 추가 확인 필요; 면적 231㎡","priority_score":40,"source":"경기부동산포털 국공유지조회·연속지적도","source_date":"2026-08-11","installed_solar_match":false}},{"type":"Feature","id":"4127110400111530001","geometry":{"type":"Point","coordinates":[126.8635234,37.284893]},"properties":{"pnu":"4127110400111530001","municipality_code":"41270","municipality":"안산시","district":"안산시 상록구","locality":"본오동","address":"안산시 상록구 본오동 1153-1","owner_type":"국유지","owner_label":"국(경찰청)","manager":"","property_class":"","land_category":"대","area_sqm":223.8,"area_band":"100~500㎡","interest_category":"대","solar_candidate":"검토필요","candidate_reason":"청사·공공건축물·주차장 현황 추가 확인 필요; 면적 224㎡","priority_score":40,"source":"경기부동산포털 국공유지조회·연속지적도","source_date":"2026-08-11","installed_solar_match":false}},{"type":"Feature","id":"4127311200100070036","geometry":{"type":"Point","coordinates":[126.6039054,37.2144822]},"properties":{"pnu":"4127311200100070036","municipality_code":"41270","municipality":"안산시","district":"안산시 단원구","locality":"대부남동","address":"안산시 단원구 대부남동 7-36","owner_type":"국유지","owner_label":"국(기획재정부)","manager":"","property_class":"","land_category":"대","area_sqm":222.0,"area_band":"100~500㎡","interest_category":"대","solar_candidate":"검토필요","candidate_reason":"청사·공공건축물·주차장 현황 추가 확인 필요; 면적 222㎡","priority_score":40,"source":"경기부동산포털 국공유지조회·연속지적도","source_date":"2026-08-11","installed_solar_match":false}},{"type":"Feature","id":"4127311100118570075","geometry":{"type":"Point","coordinates":[126.5698099,37.2741862]},"properties":{"pnu":"4127311100118570075","municipality_code":"41270","municipality":"안산시","district":"안산시 단원구","locality":"대부북동","address":"안산시 단원구 대부북동 1857-75","owner_type":"국유지","owner_label":"국(기획재정부)","manager":"","property_class":"","land_category":"대","area_sqm":209.0,"area_band":"100~500㎡","interest_category":"대","solar_candidate":"검토필요","candidate_reason":"청사·공공건축물·주차장 현황 추가 확인 필요; 면적 209㎡","priority_score":40,"source":"경기부동산포털 국공유지조회·연속지적도","source_date":"2026-08-11","installed_solar_match":false}},{"type":"Feature","id":"4127311400101510002","geometry":{"type":"Point","coordinates":[126.3913977,37.1109141]},"properties":{"pnu":"4127311400101510002","municipality_code":"41270","municipality":"안산시","district":"안산시 단원구","locality":"풍도동","address":"안산시 단원구 풍도동 151-2","owner_type":"국유지","owner_label":"국(기획재정부)","manager":"","property_class":"","land_category":"대","area_sqm":165.0,"area_band":"100~500㎡","interest_category":"대","solar_candidate":"검토필요","candidate_reason":"청사·공공건축물·주차장 현황 추가 확인 필요; 면적 165㎡","priority_score":40,"source":"경기부동산포털 국공유지조회·연속지적도","source_date":"2026-08-11","installed_solar_match":false}},{"type":"Feature","id":"4127311400101370003","geometry":{"type":"Point","coordinates":[126.3913687,37.1113398]},"properties":{"pnu":"4127311400101370003","municipality_code":"41270","municipality":"안산시","district":"안산시 단원구","locality":"풍도동","address":"안산시 단원구 풍도동 137-3","owner_type":"국유지","owner_label":"국(기획재정부)","manager":"","property_class":"","land_category":"대","area_sqm":152.0,"area_band":"100~500㎡","interest_category":"대","solar_candidate":"검토필요","candidate_reason":"청사·공공건축물·주차장 현황 추가 확인 필요; 면적 152㎡","priority_score":40,"source":"경기부동산포털 국공유지조회·연속지적도","source_date":"2026-08-11","installed_solar_match":false}},{"type":"Feature","id":"4127111500100170013","geometry":{"type":"Point","coordinates":[126.869601,37.3612942]},"properties":{"pnu":"4127111500100170013","municipality_code":"41270","municipality":"안산시","district":"안산시 상록구","locality":"장하동","address":"안산시 상록구 장하동 17-13","owner_type":"국유지","owner_label":"국(국토교통부)","manager":"","property_class":"","land_category":"대","area_sqm":137.0,"area_band":"100~500㎡","interest_category":"대","solar_candidate":"검토필요","candidate_reason":"청사·공공건축물·주차장 현황 추가 확인 필요; 면적 137㎡","priority_score":40,"source":"경기부동산포털 국공유지조회·연속지적도","source_date":"2026-08-11","installed_solar_match":false}},{"type":"Feature","id":"4127311200113480000","geometry":{"type":"Point","coordinates":[126.5424645,37.2332937]},"properties":{"pnu":"4127311200113480000","municipality_code":"41270","municipality":"안산시","district":"안산시 단원구","locality":"대부남동","address":"안산시 단원구 대부남동 1348","owner_type":"국유지","owner_label":"국(기획재정부)","manager":"","property_class":"","land_category":"대","area_sqm":130.0,"area_band":"100~500㎡","interest_category":"대","solar_candidate":"검토필요","candidate_reason":"청사·공공건축물·주차장 현황 추가 확인 필요; 면적 130㎡","priority_score":40,"source":"경기부동산포털 국공유지조회·연속지적도","source_date":"2026-08-11","installed_solar_match":false}},{"type":"Feature","id":"4127111300102230001","geometry":{"type":"Point","coordinates":[126.8809877,37.369874]},"properties":{"pnu":"4127111300102230001","municipality_code":"41270","municipality":"안산시","district":"안산시 상록구","locality":"수암동","address":"안산시 상록구 수암동 223-1","owner_type":"국유지","owner_label":"국(국토교통부)","manager":"","property_class":"","land_category":"대","area_sqm":118.0,"area_band":"100~500㎡","interest_category":"대","solar_candidate":"검토필요","candidate_reason":"청사·공공건축물·주차장 현황 추가 확인 필요; 면적 118㎡","priority_score":40,"source":"경기부동산포털 국공유지조회·연속지적도","source_date":"2026-08-11","installed_solar_match":false}},{"type":"Feature","id":"4127111100106250023","geometry":{"type":"Point","coordinates":[126.9030394,37.3067084]},"properties":{"pnu":"4127111100106250023","municipality_code":"41270","municipality":"안산시","district":"안산시 상록구","locality":"건건동","address":"안산시 상록구 건건동 625-23","owner_type":"국유지","owner_label":"국(기획재정부)","manager":"","property_class":"","land_category":"대","area_sqm":113.0,"area_band":"100~500㎡","interest_category":"대","solar_candidate":"검토필요","candidate_reason":"청사·공공건축물·주차장 현황 추가 확인 필요; 면적 113㎡","priority_score":40,"source":"경기부동산포털 국공유지조회·연속지적도","source_date":"2026-08-11","installed_solar_match":false}},{"type":"Feature","id":"4127311000115270002","geometry":{"type":"Point","coordinates":[126.5936473,37.2418795]},"properties":{"pnu":"4127311000115270002","municipality_code":"41270","municipality":"안산시","district":"안산시 단원구","locality":"대부동동","address":"안산시 단원구 대부동동 1527-2","owner_type":"국유지","owner_label":"국(기획재정부)","manager":"","property_class":"","land_category":"대","area_sqm":108.0,"area_band":"100~500㎡","interest_category":"대","solar_candidate":"검토필요","candidate_reason":"청사·공공건축물·주차장 현황 추가 확인 필요; 면적 108㎡","priority_score":40,"source":"경기부동산포털 국공유지조회·연속지적도","source_date":"2026-08-11","installed_solar_match":false}},{"type":"Feature","id":"4127311400101540001","geometry":{"type":"Point","coordinates":[126.391403,37.1107602]},"properties":{"pnu":"4127311400101540001","municipality_code":"41270","municipality":"안산시","district":"안산시 단원구","locality":"풍도동","address":"안산시 단원구 풍도동 154-1","owner_type":"국유지","owner_label":"국(기획재정부)","manager":"","property_class":"","land_category":"대","area_sqm":107.0,"area_band":"100~500㎡","interest_category":"대","solar_candidate":"검토필요","candidate_reason":"청사·공공건축물·주차장 현황 추가 확인 필요; 면적 107㎡","priority_score":40,"source":"경기부동산포털 국공유지조회·연속지적도","source_date":"2026-08-11","installed_solar_match":false}},{"type":"Feature","id":"4127111000100100007","geometry":{"type":"Point","coordinates":[126.8871675,37.3177355]},"properties":{"pnu":"4127111000100100007","municipality_code":"41270","municipality":"안산시","district":"안산시 상록구","locality":"팔곡일동","address":"안산시 상록구 팔곡일동 10-7","owner_type":"국유지","owner_label":"국(국토교통부)","manager":"","property_class":"","land_category":"대","area_sqm":106.0,"area_band":"100~500㎡","interest_category":"대","solar_candidate":"검토필요","candidate_reason":"청사·공공건축물·주차장 현황 추가 확인 필요; 면적 106㎡","priority_score":40,"source":"경기부동산포털 국공유지조회·연속지적도","source_date":"2026-08-11","installed_solar_match":false}},{"type":"Feature","id":"4127311400101670001","geometry":{"type":"Point","coordinates":[126.3905237,37.1102836]},"properties":{"pnu":"4127311400101670001","municipality_code":"41270","municipality":"안산시","district":"안산시 단원구","locality":"풍도동","address":"안산시 단원구 풍도동 167-1","owner_type":"국유지","owner_label":"국(기획재정부)","manager":"","property_class":"","land_category":"대","area_sqm":103.0,"area_band":"100~500㎡","interest_category":"대","solar_candidate":"검토필요","candidate_reason":"청사·공공건축물·주차장 현황 추가 확인 필요; 면적 103㎡","priority_score":40,"source":"경기부동산포털 국공유지조회·연속지적도","source_date":"2026-08-11","installed_solar_match":false}},{"type":"Feature","id":"4127310100104530059","geometry":{"type":"Point","coordinates":[126.8231367,37.3168002]},"properties":{"pnu":"4127310100104530059","municipality_code":"41270","municipality":"안산시","district":"안산시 단원구","locality":"고잔동","address":"안산시 단원구 고잔동 453-59","owner_type":"국유지","owner_label":"국(국토교통부)","manager":"","property_class":"","land_category":"대","area_sqm":102.0,"area_band":"100~500㎡","interest_category":"대","solar_candidate":"검토필요","candidate_reason":"청사·공공건축물·주차장 현황 추가 확인 필요; 면적 102㎡","priority_score":40,"source":"경기부동산포털 국공유지조회·연속지적도","source_date":"2026-08-11","installed_solar_match":false}},{"type":"Feature","id":"4127311300106700003","geometry":{"type":"Point","coordinates":[126.6318467,37.2267733]},"properties":{"pnu":"4127311300106700003","municipality_code":"41270","municipality":"안산시","district":"안산시 단원구","locality":"선감동","address":"안산시 단원구 선감동 670-3","owner_type":"국유지","owner_label":"국(기획재정부)","manager":"문화체육관광국 문화정책과","property_class":"행정재산","land_category":"대","area_sqm":101.0,"area_band":"100~500㎡","interest_category":"대","solar_candidate":"검토필요","candidate_reason":"청사·공공건축물·주차장 현황 추가 확인 필요; 면적 101㎡","priority_score":40,"source":"경기부동산포털 국공유지조회·연속지적도","source_date":"2026-08-11","installed_solar_match":false}},{"type":"Feature","id":"4127310500107730014","geometry":{"type":"Point","coordinates":[126.7962778,37.313494]},"properties":{"pnu":"4127310500107730014","municipality_code":"41270","municipality":"안산시","district":"안산시 단원구","locality":"원시동","address":"안산시 단원구 원시동 773-14","owner_type":"국유지","owner_label":"국(국토해양부)","manager":"","property_class":"","land_category":"대","area_sqm":100.7,"area_band":"100~500㎡","interest_category":"대","solar_candidate":"검토필요","candidate_reason":"청사·공공건축물·주차장 현황 추가 확인 필요; 면적 101㎡","priority_score":40,"source":"경기부동산포털 국공유지조회·연속지적도","source_date":"2026-08-11","installed_solar_match":false}},{"type":"Feature","id":"4127310500107730019","geometry":{"type":"Point","coordinates":[126.7950841,37.3131997]},"properties":{"pnu":"4127310500107730019","municipality_code":"41270","municipality":"안산시","district":"안산시 단원구","locality":"원시동","address":"안산시 단원구 원시동 773-19","owner_type":"국유지","owner_label":"국(국토교통부)","manager":"","property_class":"","land_category":"대","area_sqm":100.7,"area_band":"100~500㎡","interest_category":"대","solar_candidate":"검토필요","candidate_reason":"청사·공공건축물·주차장 현황 추가 확인 필요; 면적 101㎡","priority_score":40,"source":"경기부동산포털 국공유지조회·연속지적도","source_date":"2026-08-11","installed_solar_match":false}},{"type":"Feature","id":"4127110500100270006","geometry":{"type":"Point","coordinates":[126.8907363,37.2911977]},"properties":{"pnu":"4127110500100270006","municipality_code":"41270","municipality":"안산시","district":"안산시 상록구","locality":"팔곡이동","address":"안산시 상록구 팔곡이동 27-6","owner_type":"국유지","owner_label":"국(기획재정부)","manager":"","property_class":"","land_category":"공장용지","area_sqm":293.0,"area_band":"100~500㎡","interest_category":"공장용지","solar_candidate":"검토필요","candidate_reason":"지목·면적 기준 1차 검토 대상; 면적 293㎡","priority_score":37,"source":"경기부동산포털 국공유지조회·연속지적도","source_date":"2026-08-11","installed_solar_match":false}},{"type":"Feature","id":"4127310400106080005","geometry":{"type":"Point","coordinates":[126.7633482,37.3054005]},"properties":{"pnu":"4127310400106080005","municipality_code":"41270","municipality":"안산시","district":"안산시 단원구","locality":"성곡동","address":"안산시 단원구 성곡동 608-5","owner_type":"국유지","owner_label":"국(기획재정부)","manager":"","property_class":"","land_category":"공장용지","area_sqm":258.6,"area_band":"100~500㎡","interest_category":"공장용지","solar_candidate":"검토필요","candidate_reason":"지목·면적 기준 1차 검토 대상; 면적 259㎡","priority_score":37,"source":"경기부동산포털 국공유지조회·연속지적도","source_date":"2026-08-11","installed_solar_match":false}},{"type":"Feature","id":"4127310600103990009","geometry":{"type":"Point","coordinates":[126.7742901,37.3069727]},"properties":{"pnu":"4127310600103990009","municipality_code":"41270","municipality":"안산시","district":"안산시 단원구","locality":"목내동","address":"안산시 단원구 목내동 399-9","owner_type":"국유지","owner_label":"국(기획재정부)","manager":"","property_class":"","land_category":"공장용지","area_sqm":225.2,"area_band":"100~500㎡","interest_category":"공장용지","solar_candidate":"검토필요","candidate_reason":"지목·면적 기준 1차 검토 대상; 면적 225㎡","priority_score":37,"source":"경기부동산포털 국공유지조회·연속지적도","source_date":"2026-08-11","installed_solar_match":false}},{"type":"Feature","id":"4127110500100370000","geometry":{"type":"Point","coordinates":[126.8890975,37.2918163]},"properties":{"pnu":"4127110500100370000","municipality_code":"41270","municipality":"안산시","district":"안산시 상록구","locality":"팔곡이동","address":"안산시 상록구 팔곡이동 37","owner_type":"국유지","owner_label":"국(기획재정부)","manager":"","property_class":"","land_category":"공장용지","area_sqm":220.0,"area_band":"100~500㎡","interest_category":"공장용지","solar_candidate":"검토필요","candidate_reason":"지목·면적 기준 1차 검토 대상; 면적 220㎡","priority_score":37,"source":"경기부동산포털 국공유지조회·연속지적도","source_date":"2026-08-11","installed_solar_match":false}},{"type":"Feature","id":"4127310500108360014","geometry":{"type":"Point","coordinates":[126.7838108,37.2953617]},"properties":{"pnu":"4127310500108360014","municipality_code":"41270","municipality":"안산시","district":"안산시 단원구","locality":"원시동","address":"안산시 단원구 원시동 836-14","owner_type":"국유지","owner_label":"국(국토교통부)","manager":"","property_class":"","land_category":"공장용지","area_sqm":164.5,"area_band":"100~500㎡","interest_category":"공장용지","solar_candidate":"검토필요","candidate_reason":"지목·면적 기준 1차 검토 대상; 면적 164㎡","priority_score":37,"source":"경기부동산포털 국공유지조회·연속지적도","source_date":"2026-08-11","installed_solar_match":false}},{"type":"Feature","id":"4127310700106490010","geometry":{"type":"Point","coordinates":[126.7916458,37.3017084]},"properties":{"pnu":"4127310700106490010","municipality_code":"41270","municipality":"안산시","district":"안산시 단원구","locality":"초지동","address":"안산시 단원구 초지동 649-10","owner_type":"국유지","owner_label":"국(기획재정부)","manager":"","property_class":"","land_category":"공장용지","area_sqm":152.6,"area_band":"100~500㎡","interest_category":"공장용지","solar_candidate":"검토필요","candidate_reason":"지목·면적 기준 1차 검토 대상; 면적 153㎡","priority_score":37,"source":"경기부동산포털 국공유지조회·연속지적도","source_date":"2026-08-11","installed_solar_match":false}},{"type":"Feature","id":"4127310600104550008","geometry":{"type":"Point","coordinates":[126.7739967,37.3077198]},"properties":{"pnu":"4127310600104550008","municipality_code":"41270","municipality":"안산시","district":"안산시 단원구","locality":"목내동","address":"안산시 단원구 목내동 455-8","owner_type":"국유지","owner_label":"국(기획재정부)","manager":"","property_class":"","land_category":"공장용지","area_sqm":143.7,"area_band":"100~500㎡","interest_category":"공장용지","solar_candidate":"검토필요","candidate_reason":"지목·면적 기준 1차 검토 대상; 면적 144㎡","priority_score":37,"source":"경기부동산포털 국공유지조회·연속지적도","source_date":"2026-08-11","installed_solar_match":false}},{"type":"Feature","id":"4127110500105900022","geometry":{"type":"Point","coordinates":[126.884839,37.2859354]},"properties":{"pnu":"4127110500105900022","municipality_code":"41270","municipality":"안산시","district":"안산시 상록구","locality":"팔곡이동","address":"안산시 상록구 팔곡이동 590-22","owner_type":"국유지","owner_label":"국(기획재정부)","manager":"","property_class":"","land_category":"공장용지","area_sqm":123.0,"area_band":"100~500㎡","interest_category":"공장용지","solar_candidate":"검토필요","candidate_reason":"지목·면적 기준 1차 검토 대상; 면적 123㎡","priority_score":37,"source":"경기부동산포털 국공유지조회·연속지적도","source_date":"2026-08-11","installed_solar_match":false}},{"type":"Feature","id":"4127310500107360007","geometry":{"type":"Point","coordinates":[126.7863379,37.3021598]},"properties":{"pnu":"4127310500107360007","municipality_code":"41270","municipality":"안산시","district":"안산시 단원구","locality":"원시동","address":"안산시 단원구 원시동 736-7","owner_type":"국유지","owner_label":"국(국토교통부)","manager":"","property_class":"","land_category":"공장용지","area_sqm":115.6,"area_band":"100~500㎡","interest_category":"공장용지","solar_candidate":"검토필요","candidate_reason":"지목·면적 기준 1차 검토 대상; 면적 116㎡","priority_score":37,"source":"경기부동산포털 국공유지조회·연속지적도","source_date":"2026-08-11","installed_solar_match":false}},{"type":"Feature","id":"4127111100101070023","geometry":{"type":"Point","coordinates":[126.9013527,37.3184716]},"properties":{"pnu":"4127111100101070023","municipality_code":"41270","municipality":"안산시","district":"안산시 상록구","locality":"건건동","address":"안산시 상록구 건건동 107-23","owner_type":"국유지","owner_label":"국(국토교통부)","manager":"","property_class":"","land_category":"도로","area_sqm":4994.8,"area_band":"3,000~5,000㎡","interest_category":"도로","solar_candidate":"검토필요","candidate_reason":"도로점용 및 실제 이용형태 추가 검토 필요; 면적 4,995㎡","priority_score":35,"source":"경기부동산포털 국공유지조회·연속지적도","source_date":"2026-08-11","installed_solar_match":false}},{"type":"Feature","id":"4127310500108080000","geometry":{"type":"Point","coordinates":[126.7952456,37.3117235]},"properties":{"pnu":"4127310500108080000","municipality_code":"41270","municipality":"안산시","district":"안산시 단원구","locality":"원시동","address":"안산시 단원구 원시동 808","owner_type":"국유지","owner_label":"국(국토교통부)","manager":"","property_class":"","land_category":"도로","area_sqm":4963.4,"area_band":"3,000~5,000㎡","interest_category":"도로","solar_candidate":"검토필요","candidate_reason":"도로점용 및 실제 이용형태 추가 검토 필요; 면적 4,963㎡","priority_score":35,"source":"경기부동산포털 국공유지조회·연속지적도","source_date":"2026-08-11","installed_solar_match":false}},{"type":"Feature","id":"4127110400108810105","geometry":{"type":"Point","coordinates":[126.8772122,37.2910157]},"properties":{"pnu":"4127110400108810105","municipality_code":"41270","municipality":"안산시","district":"안산시 상록구","locality":"본오동","address":"안산시 상록구 본오동 881-105","owner_type":"국유지","owner_label":"국(국토교통부)","manager":"","property_class":"","land_category":"도로","area_sqm":4961.5,"area_band":"3,000~5,000㎡","interest_category":"도로","solar_candidate":"검토필요","candidate_reason":"도로점용 및 실제 이용형태 추가 검토 필요; 면적 4,962㎡","priority_score":35,"source":"경기부동산포털 국공유지조회·연속지적도","source_date":"2026-08-11","installed_solar_match":false}},{"type":"Feature","id":"4127310300102810000","geometry":{"type":"Point","coordinates":[126.7505187,37.3309521]},"properties":{"pnu":"4127310300102810000","municipality_code":"41270","municipality":"안산시","district":"안산시 단원구","locality":"신길동","address":"안산시 단원구 신길동 281","owner_type":"국유지","owner_label":"국(국토해양부)","manager":"","property_class":"","land_category":"도로","area_sqm":4949.0,"area_band":"3,000~5,000㎡","interest_category":"도로","solar_candidate":"검토필요","candidate_reason":"도로점용 및 실제 이용형태 추가 검토 필요; 면적 4,949㎡","priority_score":35,"source":"경기부동산포털 국공유지조회·연속지적도","source_date":"2026-08-11","installed_solar_match":false}},{"type":"Feature","id":"4127310400106970000","geometry":{"type":"Point","coordinates":[126.7357707,37.3225608]},"properties":{"pnu":"4127310400106970000","municipality_code":"41270","municipality":"안산시","district":"안산시 단원구","locality":"성곡동","address":"안산시 단원구 성곡동 697","owner_type":"국유지","owner_label":"국(국토교통부)","manager":"","property_class":"","land_category":"도로","area_sqm":4938.3,"area_band":"3,000~5,000㎡","interest_category":"도로","solar_candidate":"검토필요","candidate_reason":"도로점용 및 실제 이용형태 추가 검토 필요; 면적 4,938㎡","priority_score":35,"source":"경기부동산포털 국공유지조회·연속지적도","source_date":"2026-08-11","installed_solar_match":false}},{"type":"Feature","id":"4127111000104300001","geometry":{"type":"Point","coordinates":[126.8938114,37.3005104]},"properties":{"pnu":"4127111000104300001","municipality_code":"41270","municipality":"안산시","district":"안산시 상록구","locality":"팔곡일동","address":"안산시 상록구 팔곡일동 430-1","owner_type":"국유지","owner_label":"국(국토교통부)","manager":"","property_class":"","land_category":"도로","area_sqm":4895.0,"area_band":"3,000~5,000㎡","interest_category":"도로","solar_candidate":"검토필요","candidate_reason":"도로점용 및 실제 이용형태 추가 검토 필요; 면적 4,895㎡","priority_score":35,"source":"경기부동산포털 국공유지조회·연속지적도","source_date":"2026-08-11","installed_solar_match":false}},{"type":"Feature","id":"4127111100108710002","geometry":{"type":"Point","coordinates":[126.9018087,37.3015711]},"properties":{"pnu":"4127111100108710002","municipality_code":"41270","municipality":"안산시","district":"안산시 상록구","locality":"건건동","address":"안산시 상록구 건건동 871-2","owner_type":"국유지","owner_label":"국(국토교통부)","manager":"","property_class":"","land_category":"도로","area_sqm":4874.4,"area_band":"3,000~5,000㎡","interest_category":"도로","solar_candidate":"검토필요","candidate_reason":"도로점용 및 실제 이용형태 추가 검토 필요; 면적 4,874㎡","priority_score":35,"source":"경기부동산포털 국공유지조회·연속지적도","source_date":"2026-08-11","installed_solar_match":false}},{"type":"Feature","id":"4127111500200320003","geometry":{"type":"Point","coordinates":[126.8614686,37.351728]},"properties":{"pnu":"4127111500200320003","municipality_code":"41270","municipality":"안산시","district":"안산시 상록구","locality":"장하동","address":"안산시 상록구 장하동 산32-3","owner_type":"국유지","owner_label":"국(국토교통부)","manager":"","property_class":"","land_category":"도로","area_sqm":4871.0,"area_band":"3,000~5,000㎡","interest_category":"도로","solar_candidate":"검토필요","candidate_reason":"도로점용 및 실제 이용형태 추가 검토 필요; 면적 4,871㎡","priority_score":35,"source":"경기부동산포털 국공유지조회·연속지적도","source_date":"2026-08-11","installed_solar_match":false}},{"type":"Feature","id":"4127311000120400000","geometry":{"type":"Point","coordinates":[126.6078194,37.2549338]},"properties":{"pnu":"4127311000120400000","municipality_code":"41270","municipality":"안산시","district":"안산시 단원구","locality":"대부동동","address":"안산시 단원구 대부동동 2040","owner_type":"국유지","owner_label":"국(국토교통부)","manager":"","property_class":"","land_category":"도로","area_sqm":4854.0,"area_band":"3,000~5,000㎡","interest_category":"도로","solar_candidate":"검토필요","candidate_reason":"도로점용 및 실제 이용형태 추가 검토 필요; 면적 4,854㎡","priority_score":35,"source":"경기부동산포털 국공유지조회·연속지적도","source_date":"2026-08-11","installed_solar_match":false}},{"type":"Feature","id":"4127310900200150017","geometry":{"type":"Point","coordinates":[126.8075684,37.3507154]},"properties":{"pnu":"4127310900200150017","municipality_code":"41270","municipality":"안산시","district":"안산시 단원구","locality":"선부동","address":"안산시 단원구 선부동 산15-17","owner_type":"국유지","owner_label":"국(국토교통부)","manager":"","property_class":"","land_category":"도로","area_sqm":4842.0,"area_band":"3,000~5,000㎡","interest_category":"도로","solar_candidate":"검토필요","candidate_reason":"도로점용 및 실제 이용형태 추가 검토 필요; 면적 4,842㎡","priority_score":35,"source":"경기부동산포털 국공유지조회·연속지적도","source_date":"2026-08-11","installed_solar_match":false}},{"type":"Feature","id":"4127110500200030004","geometry":{"type":"Point","coordinates":[126.8934713,37.2927831]},"properties":{"pnu":"4127110500200030004","municipality_code":"41270","municipality":"안산시","district":"안산시 상록구","locality":"팔곡이동","address":"안산시 상록구 팔곡이동 산3-4","owner_type":"국유지","owner_label":"국(국토교통부)","manager":"","property_class":"","land_category":"도로","area_sqm":4840.0,"area_band":"3,000~5,000㎡","interest_category":"도로","solar_candidate":"검토필요","candidate_reason":"도로점용 및 실제 이용형태 추가 검토 필요; 면적 4,840㎡","priority_score":35,"source":"경기부동산포털 국공유지조회·연속지적도","source_date":"2026-08-11","installed_solar_match":false}},{"type":"Feature","id":"4127310900200250001","geometry":{"type":"Point","coordinates":[126.7991245,37.3517981]},"properties":{"pnu":"4127310900200250001","municipality_code":"41270","municipality":"안산시","district":"안산시 단원구","locality":"선부동","address":"안산시 단원구 선부동 산25-1","owner_type":"국유지","owner_label":"국(국토교통부)","manager":"","property_class":"","land_category":"도로","area_sqm":4818.0,"area_band":"3,000~5,000㎡","interest_category":"도로","solar_candidate":"검토필요","candidate_reason":"도로점용 및 실제 이용형태 추가 검토 필요; 면적 4,818㎡","priority_score":35,"source":"경기부동산포털 국공유지조회·연속지적도","source_date":"2026-08-11","installed_solar_match":false}},{"type":"Feature","id":"4127110700107070001","geometry":{"type":"Point","coordinates":[126.8648574,37.3366821]},"properties":{"pnu":"4127110700107070001","municipality_code":"41270","municipality":"안산시","district":"안산시 상록구","locality":"부곡동","address":"안산시 상록구 부곡동 707-1","owner_type":"국유지","owner_label":"국(국토교통부)","manager":"","property_class":"","land_category":"도로","area_sqm":4779.6,"area_band":"3,000~5,000㎡","interest_category":"도로","solar_candidate":"검토필요","candidate_reason":"도로점용 및 실제 이용형태 추가 검토 필요; 면적 4,780㎡","priority_score":35,"source":"경기부동산포털 국공유지조회·연속지적도","source_date":"2026-08-11","installed_solar_match":false}},{"type":"Feature","id":"4127111200101730002","geometry":{"type":"Point","coordinates":[126.9310032,37.2959312]},"properties":{"pnu":"4127111200101730002","municipality_code":"41270","municipality":"안산시","district":"안산시 상록구","locality":"사사동","address":"안산시 상록구 사사동 173-2","owner_type":"국유지","owner_label":"국(국토교통부)","manager":"","property_class":"","land_category":"도로","area_sqm":4685.8,"area_band":"3,000~5,000㎡","interest_category":"도로","solar_candidate":"검토필요","candidate_reason":"도로점용 및 실제 이용형태 추가 검토 필요; 면적 4,686㎡","priority_score":35,"source":"경기부동산포털 국공유지조회·연속지적도","source_date":"2026-08-11","installed_solar_match":false}},{"type":"Feature","id":"4127110700102510003","geometry":{"type":"Point","coordinates":[126.8722059,37.3408004]},"properties":{"pnu":"4127110700102510003","municipality_code":"41270","municipality":"안산시","district":"안산시 상록구","locality":"부곡동","address":"안산시 상록구 부곡동 251-3","owner_type":"국유지","owner_label":"국(국토교통부)","manager":"","property_class":"","land_category":"도로","area_sqm":4645.0,"area_band":"3,000~5,000㎡","interest_category":"도로","solar_candidate":"검토필요","candidate_reason":"도로점용 및 실제 이용형태 추가 검토 필요; 면적 4,645㎡","priority_score":35,"source":"경기부동산포털 국공유지조회·연속지적도","source_date":"2026-08-11","installed_solar_match":false}},{"type":"Feature","id":"4127110400108810009","geometry":{"type":"Point","coordinates":[126.8623837,37.3002186]},"properties":{"pnu":"4127110400108810009","municipality_code":"41270","municipality":"안산시","district":"안산시 상록구","locality":"본오동","address":"안산시 상록구 본오동 881-9","owner_type":"국유지","owner_label":"국(국토교통부)","manager":"","property_class":"","land_category":"도로","area_sqm":4626.0,"area_band":"3,000~5,000㎡","interest_category":"도로","solar_candidate":"검토필요","candidate_reason":"도로점용 및 실제 이용형태 추가 검토 필요; 면적 4,626㎡","priority_score":35,"source":"경기부동산포털 국공유지조회·연속지적도","source_date":"2026-08-11","installed_solar_match":false}},{"type":"Feature","id":"4127310900111580011","geometry":{"type":"Point","coordinates":[126.805661,37.3366147]},"properties":{"pnu":"4127310900111580011","municipality_code":"41270","municipality":"안산시","district":"안산시 단원구","locality":"선부동","address":"안산시 단원구 선부동 1158-11","owner_type":"국유지","owner_label":"국(국토교통부)","manager":"","property_class":"","land_category":"도로","area_sqm":4624.8,"area_band":"3,000~5,000㎡","interest_category":"도로","solar_candidate":"검토필요","candidate_reason":"도로점용 및 실제 이용형태 추가 검토 필요; 면적 4,625㎡","priority_score":35,"source":"경기부동산포털 국공유지조회·연속지적도","source_date":"2026-08-11","installed_solar_match":false}},{"type":"Feature","id":"4127311400103850000","geometry":{"type":"Point","coordinates":[126.3891436,37.110354]},"properties":{"pnu":"4127311400103850000","municipality_code":"41270","municipality":"안산시","district":"안산시 단원구","locality":"풍도동","address":"안산시 단원구 풍도동 385","owner_type":"국유지","owner_label":"국(국토교통부)","manager":"","property_class":"","land_category":"도로","area_sqm":4586.0,"area_band":"3,000~5,000㎡","interest_category":"도로","solar_candidate":"검토필요","candidate_reason":"도로점용 및 실제 이용형태 추가 검토 필요; 면적 4,586㎡","priority_score":35,"source":"경기부동산포털 국공유지조회·연속지적도","source_date":"2026-08-11","installed_solar_match":false}},{"type":"Feature","id":"4127110400110120000","geometry":{"type":"Point","coordinates":[126.8578286,37.2838976]},"properties":{"pnu":"4127110400110120000","municipality_code":"41270","municipality":"안산시","district":"안산시 상록구","locality":"본오동","address":"안산시 상록구 본오동 1012","owner_type":"국유지","owner_label":"국(국토교통부)","manager":"","property_class":"","land_category":"도로","area_sqm":4578.3,"area_band":"3,000~5,000㎡","interest_category":"도로","solar_candidate":"검토필요","candidate_reason":"도로점용 및 실제 이용형태 추가 검토 필요; 면적 4,578㎡","priority_score":35,"source":"경기부동산포털 국공유지조회·연속지적도","source_date":"2026-08-11","installed_solar_match":false}},{"type":"Feature","id":"4127110100106370000","geometry":{"type":"Point","coordinates":[126.8719114,37.3064652]},"properties":{"pnu":"4127110100106370000","municipality_code":"41270","municipality":"안산시","district":"안산시 상록구","locality":"일동","address":"안산시 상록구 일동 637","owner_type":"국유지","owner_label":"국(국토교통부)","manager":"","property_class":"","land_category":"도로","area_sqm":4556.4,"area_band":"3,000~5,000㎡","interest_category":"도로","solar_candidate":"검토필요","candidate_reason":"도로점용 및 실제 이용형태 추가 검토 필요; 면적 4,556㎡","priority_score":35,"source":"경기부동산포털 국공유지조회·연속지적도","source_date":"2026-08-11","installed_solar_match":false}},{"type":"Feature","id":"4127310200200100001","geometry":{"type":"Point","coordinates":[126.8345207,37.3474331]},"properties":{"pnu":"4127310200200100001","municipality_code":"41270","municipality":"안산시","district":"안산시 단원구","locality":"와동","address":"안산시 단원구 와동 산10-1","owner_type":"국유지","owner_label":"국(국토교통부)","manager":"","property_class":"","land_category":"도로","area_sqm":4543.0,"area_band":"3,000~5,000㎡","interest_category":"도로","solar_candidate":"검토필요","candidate_reason":"도로점용 및 실제 이용형태 추가 검토 필요; 면적 4,543㎡","priority_score":35,"source":"경기부동산포털 국공유지조회·연속지적도","source_date":"2026-08-11","installed_solar_match":false}},{"type":"Feature","id":"4127311500200330017","geometry":{"type":"Point","coordinates":[126.8250355,37.3490194]},"properties":{"pnu":"4127311500200330017","municipality_code":"41270","municipality":"안산시","district":"안산시 단원구","locality":"화정동","address":"안산시 단원구 화정동 산33-17","owner_type":"국유지","owner_label":"국(국토교통부)","manager":"","property_class":"","land_category":"도로","area_sqm":4518.0,"area_band":"3,000~5,000㎡","interest_category":"도로","solar_candidate":"검토필요","candidate_reason":"도로점용 및 실제 이용형태 추가 검토 필요; 면적 4,518㎡","priority_score":35,"source":"경기부동산포털 국공유지조회·연속지적도","source_date":"2026-08-11","installed_solar_match":false}},{"type":"Feature","id":"4127111000101410000","geometry":{"type":"Point","coordinates":[126.8928425,37.3103244]},"properties":{"pnu":"4127111000101410000","municipality_code":"41270","municipality":"안산시","district":"안산시 상록구","locality":"팔곡일동","address":"안산시 상록구 팔곡일동 141","owner_type":"국유지","owner_label":"국(국토교통부)","manager":"","property_class":"","land_category":"도로","area_sqm":4504.0,"area_band":"3,000~5,000㎡","interest_category":"도로","solar_candidate":"검토필요","candidate_reason":"도로점용 및 실제 이용형태 추가 검토 필요; 면적 4,504㎡","priority_score":35,"source":"경기부동산포털 국공유지조회·연속지적도","source_date":"2026-08-11","installed_solar_match":false}},{"type":"Feature","id":"4127111100200970008","geometry":{"type":"Point","coordinates":[126.9129358,37.310673]},"properties":{"pnu":"4127111100200970008","municipality_code":"41270","municipality":"안산시","district":"안산시 상록구","locality":"건건동","address":"안산시 상록구 건건동 산97-8","owner_type":"국유지","owner_label":"국(국토교통부)","manager":"","property_class":"","land_category":"도로","area_sqm":4492.0,"area_band":"3,000~5,000㎡","interest_category":"도로","solar_candidate":"검토필요","candidate_reason":"도로점용 및 실제 이용형태 추가 검토 필요; 면적 4,492㎡","priority_score":35,"source":"경기부동산포털 국공유지조회·연속지적도","source_date":"2026-08-11","installed_solar_match":false}},{"type":"Feature","id":"4127110400108810089","geometry":{"type":"Point","coordinates":[126.8646248,37.2918837]},"properties":{"pnu":"4127110400108810089","municipality_code":"41270","municipality":"안산시","district":"안산시 상록구","locality":"본오동","address":"안산시 상록구 본오동 881-89","owner_type":"국유지","owner_label":"국(국토교통부)","manager":"","property_class":"","land_category":"도로","area_sqm":4489.1,"area_band":"3,000~5,000㎡","interest_category":"도로","solar_candidate":"검토필요","candidate_reason":"도로점용 및 실제 이용형태 추가 검토 필요; 면적 4,489㎡","priority_score":35,"source":"경기부동산포털 국공유지조회·연속지적도","source_date":"2026-08-11","installed_solar_match":false}},{"type":"Feature","id":"4127310300102810014","geometry":{"type":"Point","coordinates":[126.7498104,37.3318675]},"properties":{"pnu":"4127310300102810014","municipality_code":"41270","municipality":"안산시","district":"안산시 단원구","locality":"신길동","address":"안산시 단원구 신길동 281-14","owner_type":"국유지","owner_label":"국(국토해양부)","manager":"","property_class":"","land_category":"도로","area_sqm":4395.0,"area_band":"3,000~5,000㎡","interest_category":"도로","solar_candidate":"검토필요","candidate_reason":"도로점용 및 실제 이용형태 추가 검토 필요; 면적 4,395㎡","priority_score":35,"source":"경기부동산포털 국공유지조회·연속지적도","source_date":"2026-08-11","installed_solar_match":false}},{"type":"Feature","id":"4127310900102050000","geometry":{"type":"Point","coordinates":[126.8044311,37.3506737]},"properties":{"pnu":"4127310900102050000","municipality_code":"41270","municipality":"안산시","district":"안산시 단원구","locality":"선부동","address":"안산시 단원구 선부동 205","owner_type":"국유지","owner_label":"국(국토교통부)","manager":"","property_class":"","land_category":"도로","area_sqm":4368.0,"area_band":"3,000~5,000㎡","interest_category":"도로","solar_candidate":"검토필요","candidate_reason":"도로점용 및 실제 이용형태 추가 검토 필요; 면적 4,368㎡","priority_score":35,"source":"경기부동산포털 국공유지조회·연속지적도","source_date":"2026-08-11","installed_solar_match":false}},{"type":"Feature","id":"4127111300100220006","geometry":{"type":"Point","coordinates":[126.8797244,37.369351]},"properties":{"pnu":"4127111300100220006","municipality_code":"41270","municipality":"안산시","district":"안산시 상록구","locality":"수암동","address":"안산시 상록구 수암동 22-6","owner_type":"국유지","owner_label":"국(국토교통부)","manager":"","property_class":"","land_category":"도로","area_sqm":4365.0,"area_band":"3,000~5,000㎡","interest_category":"도로","solar_candidate":"검토필요","candidate_reason":"도로점용 및 실제 이용형태 추가 검토 필요; 면적 4,365㎡","priority_score":35,"source":"경기부동산포털 국공유지조회·연속지적도","source_date":"2026-08-11","installed_solar_match":false}},{"type":"Feature","id":"4127311300201620000","geometry":{"type":"Point","coordinates":[126.632961,37.2277027]},"properties":{"pnu":"4127311300201620000","municipality_code":"41270","municipality":"안산시","district":"안산시 단원구","locality":"선감동","address":"안산시 단원구 선감동 산162","owner_type":"국유지","owner_label":"국(농림축산식품부)","manager":"","property_class":"","land_category":"도로","area_sqm":4364.0,"area_band":"3,000~5,000㎡","interest_category":"도로","solar_candidate":"검토필요","candidate_reason":"도로점용 및 실제 이용형태 추가 검토 필요; 면적 4,364㎡","priority_score":35,"source":"경기부동산포털 국공유지조회·연속지적도","source_date":"2026-08-11","installed_solar_match":false}},{"type":"Feature","id":"4127311000203370000","geometry":{"type":"Point","coordinates":[126.5992341,37.2523424]},"properties":{"pnu":"4127311000203370000","municipality_code":"41270","municipality":"안산시","district":"안산시 단원구","locality":"대부동동","address":"안산시 단원구 대부동동 산337","owner_type":"국유지","owner_label":"국(농림축산식품부)","manager":"","property_class":"","land_category":"도로","area_sqm":4347.0,"area_band":"3,000~5,000㎡","interest_category":"도로","solar_candidate":"검토필요","candidate_reason":"도로점용 및 실제 이용형태 추가 검토 필요; 면적 4,347㎡","priority_score":35,"source":"경기부동산포털 국공유지조회·연속지적도","source_date":"2026-08-11","installed_solar_match":false}},{"type":"Feature","id":"4127111000100030003","geometry":{"type":"Point","coordinates":[126.8830085,37.3178949]},"properties":{"pnu":"4127111000100030003","municipality_code":"41270","municipality":"안산시","district":"안산시 상록구","locality":"팔곡일동","address":"안산시 상록구 팔곡일동 3-3","owner_type":"국유지","owner_label":"국(국토교통부)","manager":"","property_class":"","land_category":"도로","area_sqm":4333.0,"area_band":"3,000~5,000㎡","interest_category":"도로","solar_candidate":"검토필요","candidate_reason":"도로점용 및 실제 이용형태 추가 검토 필요; 면적 4,333㎡","priority_score":35,"source":"경기부동산포털 국공유지조회·연속지적도","source_date":"2026-08-11","installed_solar_match":false}},{"type":"Feature","id":"4127311300201680002","geometry":{"type":"Point","coordinates":[126.6444928,37.2170908]},"properties":{"pnu":"4127311300201680002","municipality_code":"41270","municipality":"안산시","district":"안산시 단원구","locality":"선감동","address":"안산시 단원구 선감동 산168-2","owner_type":"국유지","owner_label":"국(기획재정부)","manager":"","property_class":"","land_category":"도로","area_sqm":4328.0,"area_band":"3,000~5,000㎡","interest_category":"도로","solar_candidate":"검토필요","candidate_reason":"도로점용 및 실제 이용형태 추가 검토 필요; 면적 4,328㎡","priority_score":35,"source":"경기부동산포털 국공유지조회·연속지적도","source_date":"2026-08-11","installed_solar_match":false}},{"type":"Feature","id":"4127310900111580005","geometry":{"type":"Point","coordinates":[126.8020833,37.3335899]},"properties":{"pnu":"4127310900111580005","municipality_code":"41270","municipality":"안산시","district":"안산시 단원구","locality":"선부동","address":"안산시 단원구 선부동 1158-5","owner_type":"국유지","owner_label":"국(국토교통부)","manager":"","property_class":"","land_category":"도로","area_sqm":4309.5,"area_band":"3,000~5,000㎡","interest_category":"도로","solar_candidate":"검토필요","candidate_reason":"도로점용 및 실제 이용형태 추가 검토 필요; 면적 4,310㎡","priority_score":35,"source":"경기부동산포털 국공유지조회·연속지적도","source_date":"2026-08-11","installed_solar_match":false}},{"type":"Feature","id":"4127111100104290002","geometry":{"type":"Point","coordinates":[126.9130341,37.311466]},"properties":{"pnu":"4127111100104290002","municipality_code":"41270","municipality":"안산시","district":"안산시 상록구","locality":"건건동","address":"안산시 상록구 건건동 429-2","owner_type":"국유지","owner_label":"국(국토교통부)","manager":"","property_class":"","land_category":"도로","area_sqm":4293.0,"area_band":"3,000~5,000㎡","interest_category":"도로","solar_candidate":"검토필요","candidate_reason":"도로점용 및 실제 이용형태 추가 검토 필요; 면적 4,293㎡","priority_score":35,"source":"경기부동산포털 국공유지조회·연속지적도","source_date":"2026-08-11","installed_solar_match":false}},{"type":"Feature","id":"4127110400108810072","geometry":{"type":"Point","coordinates":[126.8739613,37.2931967]},"properties":{"pnu":"4127110400108810072","municipality_code":"41270","municipality":"안산시","district":"안산시 상록구","locality":"본오동","address":"안산시 상록구 본오동 881-72","owner_type":"국유지","owner_label":"국(국토교통부)","manager":"","property_class":"","land_category":"도로","area_sqm":4227.1,"area_band":"3,000~5,000㎡","interest_category":"도로","solar_candidate":"검토필요","candidate_reason":"도로점용 및 실제 이용형태 추가 검토 필요; 면적 4,227㎡","priority_score":35,"source":"경기부동산포털 국공유지조회·연속지적도","source_date":"2026-08-11","installed_solar_match":false}},{"type":"Feature","id":"4127311500107230001","geometry":{"type":"Point","coordinates":[126.8289398,37.3504453]},"properties":{"pnu":"4127311500107230001","municipality_code":"41270","municipality":"안산시","district":"안산시 단원구","locality":"화정동","address":"안산시 단원구 화정동 723-1","owner_type":"국유지","owner_label":"국(국토교통부)","manager":"","property_class":"","land_category":"도로","area_sqm":4197.0,"area_band":"3,000~5,000㎡","interest_category":"도로","solar_candidate":"검토필요","candidate_reason":"도로점용 및 실제 이용형태 추가 검토 필요; 면적 4,197㎡","priority_score":35,"source":"경기부동산포털 국공유지조회·연속지적도","source_date":"2026-08-11","installed_solar_match":false}},{"type":"Feature","id":"4127110700100130000","geometry":{"type":"Point","coordinates":[126.8610231,37.3449441]},"properties":{"pnu":"4127110700100130000","municipality_code":"41270","municipality":"안산시","district":"안산시 상록구","locality":"부곡동","address":"안산시 상록구 부곡동 13","owner_type":"국유지","owner_label":"국(국토교통부)","manager":"","property_class":"","land_category":"도로","area_sqm":4195.0,"area_band":"3,000~5,000㎡","interest_category":"도로","solar_candidate":"검토필요","candidate_reason":"도로점용 및 실제 이용형태 추가 검토 필요; 면적 4,195㎡","priority_score":35,"source":"경기부동산포털 국공유지조회·연속지적도","source_date":"2026-08-11","installed_solar_match":false}},{"type":"Feature","id":"4127111000200230001","geometry":{"type":"Point","coordinates":[126.8951052,37.3120319]},"properties":{"pnu":"4127111000200230001","municipality_code":"41270","municipality":"안산시","district":"안산시 상록구","locality":"팔곡일동","address":"안산시 상록구 팔곡일동 산23-1","owner_type":"국유지","owner_label":"국(국토교통부)","manager":"","property_class":"","land_category":"도로","area_sqm":4195.0,"area_band":"3,000~5,000㎡","interest_category":"도로","solar_candidate":"검토필요","candidate_reason":"도로점용 및 실제 이용형태 추가 검토 필요; 면적 4,195㎡","priority_score":35,"source":"경기부동산포털 국공유지조회·연속지적도","source_date":"2026-08-11","installed_solar_match":false}},{"type":"Feature","id":"4127310900200140022","geometry":{"type":"Point","coordinates":[126.8101903,37.3505518]},"properties":{"pnu":"4127310900200140022","municipality_code":"41270","municipality":"안산시","district":"안산시 단원구","locality":"선부동","address":"안산시 단원구 선부동 산14-22","owner_type":"국유지","owner_label":"국(국토교통부)","manager":"","property_class":"","land_category":"도로","area_sqm":4162.0,"area_band":"3,000~5,000㎡","interest_category":"도로","solar_candidate":"검토필요","candidate_reason":"도로점용 및 실제 이용형태 추가 검토 필요; 면적 4,162㎡","priority_score":35,"source":"경기부동산포털 국공유지조회·연속지적도","source_date":"2026-08-11","installed_solar_match":false}},{"type":"Feature","id":"4127311500103710001","geometry":{"type":"Point","coordinates":[126.831867,37.3470445]},"properties":{"pnu":"4127311500103710001","municipality_code":"41270","municipality":"안산시","district":"안산시 단원구","locality":"화정동","address":"안산시 단원구 화정동 371-1","owner_type":"국유지","owner_label":"국(국토교통부)","manager":"","property_class":"","land_category":"도로","area_sqm":4132.0,"area_band":"3,000~5,000㎡","interest_category":"도로","solar_candidate":"검토필요","candidate_reason":"도로점용 및 실제 이용형태 추가 검토 필요; 면적 4,132㎡","priority_score":35,"source":"경기부동산포털 국공유지조회·연속지적도","source_date":"2026-08-11","installed_solar_match":false}},{"type":"Feature","id":"4127110700107070015","geometry":{"type":"Point","coordinates":[126.8645183,37.3346684]},"properties":{"pnu":"4127110700107070015","municipality_code":"41270","municipality":"안산시","district":"안산시 상록구","locality":"부곡동","address":"안산시 상록구 부곡동 707-15","owner_type":"국유지","owner_label":"국(국토교통부)","manager":"","property_class":"","land_category":"도로","area_sqm":4118.4,"area_band":"3,000~5,000㎡","interest_category":"도로","solar_candidate":"검토필요","candidate_reason":"도로점용 및 실제 이용형태 추가 검토 필요; 면적 4,118㎡","priority_score":35,"source":"경기부동산포털 국공유지조회·연속지적도","source_date":"2026-08-11","installed_solar_match":false}},{"type":"Feature","id":"4127310800109980000","geometry":{"type":"Point","coordinates":[126.7990424,37.3368814]},"properties":{"pnu":"4127310800109980000","municipality_code":"41270","municipality":"안산시","district":"안산시 단원구","locality":"원곡동","address":"안산시 단원구 원곡동 998","owner_type":"국유지","owner_label":"국(국토교통부)","manager":"","property_class":"","land_category":"도로","area_sqm":4077.2,"area_band":"3,000~5,000㎡","interest_category":"도로","solar_candidate":"검토필요","candidate_reason":"도로점용 및 실제 이용형태 추가 검토 필요; 면적 4,077㎡","priority_score":35,"source":"경기부동산포털 국공유지조회·연속지적도","source_date":"2026-08-11","installed_solar_match":false}},{"type":"Feature","id":"4127311200110660227","geometry":{"type":"Point","coordinates":[126.5761647,37.2205529]},"properties":{"pnu":"4127311200110660227","municipality_code":"41270","municipality":"안산시","district":"안산시 단원구","locality":"대부남동","address":"안산시 단원구 대부남동 1066-227","owner_type":"국유지","owner_label":"국(기획재정부)","manager":"","property_class":"","land_category":"도로","area_sqm":4039.0,"area_band":"3,000~5,000㎡","interest_category":"도로","solar_candidate":"검토필요","candidate_reason":"도로점용 및 실제 이용형태 추가 검토 필요; 면적 4,039㎡","priority_score":35,"source":"경기부동산포털 국공유지조회·연속지적도","source_date":"2026-08-11","installed_solar_match":false}},{"type":"Feature","id":"4127310500108130000","geometry":{"type":"Point","coordinates":[126.7886931,37.3012858]},"properties":{"pnu":"4127310500108130000","municipality_code":"41270","municipality":"안산시","district":"안산시 단원구","locality":"원시동","address":"안산시 단원구 원시동 813","owner_type":"국유지","owner_label":"국(국토교통부)","manager":"","property_class":"","land_category":"도로","area_sqm":4036.0,"area_band":"3,000~5,000㎡","interest_category":"도로","solar_candidate":"검토필요","candidate_reason":"도로점용 및 실제 이용형태 추가 검토 필요; 면적 4,036㎡","priority_score":35,"source":"경기부동산포털 국공유지조회·연속지적도","source_date":"2026-08-11","installed_solar_match":false}},{"type":"Feature","id":"4127110100106340001","geometry":{"type":"Point","coordinates":[126.8706149,37.3087619]},"properties":{"pnu":"4127110100106340001","municipality_code":"41270","municipality":"안산시","district":"안산시 상록구","locality":"일동","address":"안산시 상록구 일동 634-1","owner_type":"국유지","owner_label":"국(국토교통부)","manager":"","property_class":"","land_category":"도로","area_sqm":4024.9,"area_band":"3,000~5,000㎡","interest_category":"도로","solar_candidate":"검토필요","candidate_reason":"도로점용 및 실제 이용형태 추가 검토 필요; 면적 4,025㎡","priority_score":35,"source":"경기부동산포털 국공유지조회·연속지적도","source_date":"2026-08-11","installed_solar_match":false}},{"type":"Feature","id":"4127310300102810003","geometry":{"type":"Point","coordinates":[126.7502651,37.3318429]},"properties":{"pnu":"4127310300102810003","municipality_code":"41270","municipality":"안산시","district":"안산시 단원구","locality":"신길동","address":"안산시 단원구 신길동 281-3","owner_type":"국유지","owner_label":"국(국토해양부)","manager":"","property_class":"","land_category":"도로","area_sqm":4017.0,"area_band":"3,000~5,000㎡","interest_category":"도로","solar_candidate":"검토필요","candidate_reason":"도로점용 및 실제 이용형태 추가 검토 필요; 면적 4,017㎡","priority_score":35,"source":"경기부동산포털 국공유지조회·연속지적도","source_date":"2026-08-11","installed_solar_match":false}},{"type":"Feature","id":"4127110700100750007","geometry":{"type":"Point","coordinates":[126.8666239,37.3427608]},"properties":{"pnu":"4127110700100750007","municipality_code":"41270","municipality":"안산시","district":"안산시 상록구","locality":"부곡동","address":"안산시 상록구 부곡동 75-7","owner_type":"국유지","owner_label":"국(국토교통부)","manager":"","property_class":"","land_category":"도로","area_sqm":4003.0,"area_band":"3,000~5,000㎡","interest_category":"도로","solar_candidate":"검토필요","candidate_reason":"도로점용 및 실제 이용형태 추가 검토 필요; 면적 4,003㎡","priority_score":35,"source":"경기부동산포털 국공유지조회·연속지적도","source_date":"2026-08-11","installed_solar_match":false}},{"type":"Feature","id":"4127310300102830068","geometry":{"type":"Point","coordinates":[126.7487665,37.3257032]},"properties":{"pnu":"4127310300102830068","municipality_code":"41270","municipality":"안산시","district":"안산시 단원구","locality":"신길동","address":"안산시 단원구 신길동 283-68","owner_type":"국유지","owner_label":"국(기획재정부)","manager":"","property_class":"","land_category":"도로","area_sqm":3948.0,"area_band":"3,000~5,000㎡","interest_category":"도로","solar_candidate":"검토필요","candidate_reason":"도로점용 및 실제 이용형태 추가 검토 필요; 면적 3,948㎡","priority_score":35,"source":"경기부동산포털 국공유지조회·연속지적도","source_date":"2026-08-11","installed_solar_match":false}},{"type":"Feature","id":"4127311500107160000","geometry":{"type":"Point","coordinates":[126.8258398,37.3549958]},"properties":{"pnu":"4127311500107160000","municipality_code":"41270","municipality":"안산시","district":"안산시 단원구","locality":"화정동","address":"안산시 단원구 화정동 716","owner_type":"국유지","owner_label":"국(국토교통부)","manager":"","property_class":"","land_category":"도로","area_sqm":3926.0,"area_band":"3,000~5,000㎡","interest_category":"도로","solar_candidate":"검토필요","candidate_reason":"도로점용 및 실제 이용형태 추가 검토 필요; 면적 3,926㎡","priority_score":35,"source":"경기부동산포털 국공유지조회·연속지적도","source_date":"2026-08-11","installed_solar_match":false}},{"type":"Feature","id":"4127111100100580038","geometry":{"type":"Point","coordinates":[126.904521,37.319473]},"properties":{"pnu":"4127111100100580038","municipality_code":"41270","municipality":"안산시","district":"안산시 상록구","locality":"건건동","address":"안산시 상록구 건건동 58-38","owner_type":"국유지","owner_label":"국(농림축산식품부)","manager":"","property_class":"","land_category":"도로","area_sqm":3924.9,"area_band":"3,000~5,000㎡","interest_category":"도로","solar_candidate":"검토필요","candidate_reason":"도로점용 및 실제 이용형태 추가 검토 필요; 면적 3,925㎡","priority_score":35,"source":"경기부동산포털 국공유지조회·연속지적도","source_date":"2026-08-11","installed_solar_match":false}},{"type":"Feature","id":"4127110400110160006","geometry":{"type":"Point","coordinates":[126.8602086,37.2829253]},"properties":{"pnu":"4127110400110160006","municipality_code":"41270","municipality":"안산시","district":"안산시 상록구","locality":"본오동","address":"안산시 상록구 본오동 1016-6","owner_type":"국유지","owner_label":"국(국토교통부)","manager":"","property_class":"","land_category":"도로","area_sqm":3914.8,"area_band":"3,000~5,000㎡","interest_category":"도로","solar_candidate":"검토필요","candidate_reason":"도로점용 및 실제 이용형태 추가 검토 필요; 면적 3,915㎡","priority_score":35,"source":"경기부동산포털 국공유지조회·연속지적도","source_date":"2026-08-11","installed_solar_match":false}},{"type":"Feature","id":"4127110600101270000","geometry":{"type":"Point","coordinates":[126.847589,37.3475649]},"properties":{"pnu":"4127110600101270000","municipality_code":"41270","municipality":"안산시","district":"안산시 상록구","locality":"양상동","address":"안산시 상록구 양상동 127","owner_type":"국유지","owner_label":"국(국토교통부)","manager":"","property_class":"","land_category":"도로","area_sqm":3887.0,"area_band":"3,000~5,000㎡","interest_category":"도로","solar_candidate":"검토필요","candidate_reason":"도로점용 및 실제 이용형태 추가 검토 필요; 면적 3,887㎡","priority_score":35,"source":"경기부동산포털 국공유지조회·연속지적도","source_date":"2026-08-11","installed_solar_match":false}},{"type":"Feature","id":"4127311100119540000","geometry":{"type":"Point","coordinates":[126.575722,37.2945537]},"properties":{"pnu":"4127311100119540000","municipality_code":"41270","municipality":"안산시","district":"안산시 단원구","locality":"대부북동","address":"안산시 단원구 대부북동 1954","owner_type":"국유지","owner_label":"국(해양수산부)","manager":"","property_class":"","land_category":"도로","area_sqm":3881.0,"area_band":"3,000~5,000㎡","interest_category":"도로","solar_candidate":"검토필요","candidate_reason":"도로점용 및 실제 이용형태 추가 검토 필요; 면적 3,881㎡","priority_score":35,"source":"경기부동산포털 국공유지조회·연속지적도","source_date":"2026-08-11","installed_solar_match":false}},{"type":"Feature","id":"4127310900101930000","geometry":{"type":"Point","coordinates":[126.8009805,37.3501865]},"properties":{"pnu":"4127310900101930000","municipality_code":"41270","municipality":"안산시","district":"안산시 단원구","locality":"선부동","address":"안산시 단원구 선부동 193","owner_type":"국유지","owner_label":"국(국토교통부)","manager":"","property_class":"","land_category":"도로","area_sqm":3878.0,"area_band":"3,000~5,000㎡","interest_category":"도로","solar_candidate":"검토필요","candidate_reason":"도로점용 및 실제 이용형태 추가 검토 필요; 면적 3,878㎡","priority_score":35,"source":"경기부동산포털 국공유지조회·연속지적도","source_date":"2026-08-11","installed_solar_match":false}},{"type":"Feature","id":"4127110400110030000","geometry":{"type":"Point","coordinates":[126.863344,37.2894911]},"properties":{"pnu":"4127110400110030000","municipality_code":"41270","municipality":"안산시","district":"안산시 상록구","locality":"본오동","address":"안산시 상록구 본오동 1003","owner_type":"국유지","owner_label":"국(국토교통부)","manager":"","property_class":"","land_category":"도로","area_sqm":3877.1,"area_band":"3,000~5,000㎡","interest_category":"도로","solar_candidate":"검토필요","candidate_reason":"도로점용 및 실제 이용형태 추가 검토 필요; 면적 3,877㎡","priority_score":35,"source":"경기부동산포털 국공유지조회·연속지적도","source_date":"2026-08-11","installed_solar_match":false}},{"type":"Feature","id":"4127311100119030000","geometry":{"type":"Point","coordinates":[126.5732491,37.2526202]},"properties":{"pnu":"4127311100119030000","municipality_code":"41270","municipality":"안산시","district":"안산시 단원구","locality":"대부북동","address":"안산시 단원구 대부북동 1903","owner_type":"국유지","owner_label":"국(농림축산식품부)","manager":"","property_class":"","land_category":"도로","area_sqm":3863.0,"area_band":"3,000~5,000㎡","interest_category":"도로","solar_candidate":"검토필요","candidate_reason":"도로점용 및 실제 이용형태 추가 검토 필요; 면적 3,863㎡","priority_score":35,"source":"경기부동산포털 국공유지조회·연속지적도","source_date":"2026-08-11","installed_solar_match":false}},{"type":"Feature","id":"4127311000120410000","geometry":{"type":"Point","coordinates":[126.5952533,37.2596819]},"properties":{"pnu":"4127311000120410000","municipality_code":"41270","municipality":"안산시","district":"안산시 단원구","locality":"대부동동","address":"안산시 단원구 대부동동 2041","owner_type":"국유지","owner_label":"국(국토교통부)","manager":"","property_class":"","land_category":"도로","area_sqm":3858.0,"area_band":"3,000~5,000㎡","interest_category":"도로","solar_candidate":"검토필요","candidate_reason":"도로점용 및 실제 이용형태 추가 검토 필요; 면적 3,858㎡","priority_score":35,"source":"경기부동산포털 국공유지조회·연속지적도","source_date":"2026-08-11","installed_solar_match":false}},{"type":"Feature","id":"4127110400108810040","geometry":{"type":"Point","coordinates":[126.8679369,37.2917731]},"properties":{"pnu":"4127110400108810040","municipality_code":"41270","municipality":"안산시","district":"안산시 상록구","locality":"본오동","address":"안산시 상록구 본오동 881-40","owner_type":"국유지","owner_label":"국(국토교통부)","manager":"","property_class":"","land_category":"도로","area_sqm":3856.2,"area_band":"3,000~5,000㎡","interest_category":"도로","solar_candidate":"검토필요","candidate_reason":"도로점용 및 실제 이용형태 추가 검토 필요; 면적 3,856㎡","priority_score":35,"source":"경기부동산포털 국공유지조회·연속지적도","source_date":"2026-08-11","installed_solar_match":false}},{"type":"Feature","id":"4127110400108810062","geometry":{"type":"Point","coordinates":[126.8709463,37.2916722]},"properties":{"pnu":"4127110400108810062","municipality_code":"41270","municipality":"안산시","district":"안산시 상록구","locality":"본오동","address":"안산시 상록구 본오동 881-62","owner_type":"국유지","owner_label":"국(국토교통부)","manager":"","property_class":"","land_category":"도로","area_sqm":3850.3,"area_band":"3,000~5,000㎡","interest_category":"도로","solar_candidate":"검토필요","candidate_reason":"도로점용 및 실제 이용형태 추가 검토 필요; 면적 3,850㎡","priority_score":35,"source":"경기부동산포털 국공유지조회·연속지적도","source_date":"2026-08-11","installed_solar_match":false}},{"type":"Feature","id":"4127310900100990003","geometry":{"type":"Point","coordinates":[126.7942237,37.3463962]},"properties":{"pnu":"4127310900100990003","municipality_code":"41270","municipality":"안산시","district":"안산시 단원구","locality":"선부동","address":"안산시 단원구 선부동 99-3","owner_type":"국유지","owner_label":"국(국토교통부)","manager":"","property_class":"","land_category":"도로","area_sqm":3836.0,"area_band":"3,000~5,000㎡","interest_category":"도로","solar_candidate":"검토필요","candidate_reason":"도로점용 및 실제 이용형태 추가 검토 필요; 면적 3,836㎡","priority_score":35,"source":"경기부동산포털 국공유지조회·연속지적도","source_date":"2026-08-11","installed_solar_match":false}},{"type":"Feature","id":"4127111500103270000","geometry":{"type":"Point","coordinates":[126.8591761,37.3450522]},"properties":{"pnu":"4127111500103270000","municipality_code":"41270","municipality":"안산시","district":"안산시 상록구","locality":"장하동","address":"안산시 상록구 장하동 327","owner_type":"국유지","owner_label":"국(국토교통부)","manager":"","property_class":"","land_category":"도로","area_sqm":3835.0,"area_band":"3,000~5,000㎡","interest_category":"도로","solar_candidate":"검토필요","candidate_reason":"도로점용 및 실제 이용형태 추가 검토 필요; 면적 3,835㎡","priority_score":35,"source":"경기부동산포털 국공유지조회·연속지적도","source_date":"2026-08-11","installed_solar_match":false}},{"type":"Feature","id":"4127310300102750010","geometry":{"type":"Point","coordinates":[126.7507729,37.3296509]},"properties":{"pnu":"4127310300102750010","municipality_code":"41270","municipality":"안산시","district":"안산시 단원구","locality":"신길동","address":"안산시 단원구 신길동 275-10","owner_type":"국유지","owner_label":"국(국토해양부)","manager":"","property_class":"","land_category":"도로","area_sqm":3831.0,"area_band":"3,000~5,000㎡","interest_category":"도로","solar_candidate":"검토필요","candidate_reason":"도로점용 및 실제 이용형태 추가 검토 필요; 면적 3,831㎡","priority_score":35,"source":"경기부동산포털 국공유지조회·연속지적도","source_date":"2026-08-11","installed_solar_match":false}},{"type":"Feature","id":"4127310900200150020","geometry":{"type":"Point","coordinates":[126.8079175,37.3504246]},"properties":{"pnu":"4127310900200150020","municipality_code":"41270","municipality":"안산시","district":"안산시 단원구","locality":"선부동","address":"안산시 단원구 선부동 산15-20","owner_type":"국유지","owner_label":"국(국토교통부)","manager":"","property_class":"","land_category":"도로","area_sqm":3831.0,"area_band":"3,000~5,000㎡","interest_category":"도로","solar_candidate":"검토필요","candidate_reason":"도로점용 및 실제 이용형태 추가 검토 필요; 면적 3,831㎡","priority_score":35,"source":"경기부동산포털 국공유지조회·연속지적도","source_date":"2026-08-11","installed_solar_match":false}},{"type":"Feature","id":"4127311500201180003","geometry":{"type":"Point","coordinates":[126.8291638,37.3631131]},"properties":{"pnu":"4127311500201180003","municipality_code":"41270","municipality":"안산시","district":"안산시 단원구","locality":"화정동","address":"안산시 단원구 화정동 산118-3","owner_type":"국유지","owner_label":"국(국토교통부)","manager":"","property_class":"","land_category":"도로","area_sqm":3808.0,"area_band":"3,000~5,000㎡","interest_category":"도로","solar_candidate":"검토필요","candidate_reason":"도로점용 및 실제 이용형태 추가 검토 필요; 면적 3,808㎡","priority_score":35,"source":"경기부동산포털 국공유지조회·연속지적도","source_date":"2026-08-11","installed_solar_match":false}},{"type":"Feature","id":"4127310300102750011","geometry":{"type":"Point","coordinates":[126.7509152,37.3291515]},"properties":{"pnu":"4127310300102750011","municipality_code":"41270","municipality":"안산시","district":"안산시 단원구","locality":"신길동","address":"안산시 단원구 신길동 275-11","owner_type":"국유지","owner_label":"국(국토해양부)","manager":"","property_class":"","land_category":"도로","area_sqm":3718.0,"area_band":"3,000~5,000㎡","interest_category":"도로","solar_candidate":"검토필요","candidate_reason":"도로점용 및 실제 이용형태 추가 검토 필요; 면적 3,718㎡","priority_score":35,"source":"경기부동산포털 국공유지조회·연속지적도","source_date":"2026-08-11","installed_solar_match":false}},{"type":"Feature","id":"4127310900101940001","geometry":{"type":"Point","coordinates":[126.8017399,37.3504009]},"properties":{"pnu":"4127310900101940001","municipality_code":"41270","municipality":"안산시","district":"안산시 단원구","locality":"선부동","address":"안산시 단원구 선부동 194-1","owner_type":"국유지","owner_label":"국(국토교통부)","manager":"","property_class":"","land_category":"도로","area_sqm":3703.0,"area_band":"3,000~5,000㎡","interest_category":"도로","solar_candidate":"검토필요","candidate_reason":"도로점용 및 실제 이용형태 추가 검토 필요; 면적 3,703㎡","priority_score":35,"source":"경기부동산포털 국공유지조회·연속지적도","source_date":"2026-08-11","installed_solar_match":false}},{"type":"Feature","id":"4127310300102830025","geometry":{"type":"Point","coordinates":[126.7490545,37.3286311]},"properties":{"pnu":"4127310300102830025","municipality_code":"41270","municipality":"안산시","district":"안산시 단원구","locality":"신길동","address":"안산시 단원구 신길동 283-25","owner_type":"국유지","owner_label":"국(기획재정부)","manager":"","property_class":"","land_category":"도로","area_sqm":3695.0,"area_band":"3,000~5,000㎡","interest_category":"도로","solar_candidate":"검토필요","candidate_reason":"도로점용 및 실제 이용형태 추가 검토 필요; 면적 3,695㎡","priority_score":35,"source":"경기부동산포털 국공유지조회·연속지적도","source_date":"2026-08-11","installed_solar_match":false}},{"type":"Feature","id":"4127310300102960031","geometry":{"type":"Point","coordinates":[126.7522559,37.3285193]},"properties":{"pnu":"4127310300102960031","municipality_code":"41270","municipality":"안산시","district":"안산시 단원구","locality":"신길동","address":"안산시 단원구 신길동 296-31","owner_type":"국유지","owner_label":"국(국토해양부)","manager":"","property_class":"","land_category":"도로","area_sqm":3678.0,"area_band":"3,000~5,000㎡","interest_category":"도로","solar_candidate":"검토필요","candidate_reason":"도로점용 및 실제 이용형태 추가 검토 필요; 면적 3,678㎡","priority_score":35,"source":"경기부동산포털 국공유지조회·연속지적도","source_date":"2026-08-11","installed_solar_match":false}},{"type":"Feature","id":"4127310900111580010","geometry":{"type":"Point","coordinates":[126.8048036,37.3358561]},"properties":{"pnu":"4127310900111580010","municipality_code":"41270","municipality":"안산시","district":"안산시 단원구","locality":"선부동","address":"안산시 단원구 선부동 1158-10","owner_type":"국유지","owner_label":"국(국토교통부)","manager":"","property_class":"","land_category":"도로","area_sqm":3663.7,"area_band":"3,000~5,000㎡","interest_category":"도로","solar_candidate":"검토필요","candidate_reason":"도로점용 및 실제 이용형태 추가 검토 필요; 면적 3,664㎡","priority_score":35,"source":"경기부동산포털 국공유지조회·연속지적도","source_date":"2026-08-11","installed_solar_match":false}},{"type":"Feature","id":"4127110700102660005","geometry":{"type":"Point","coordinates":[126.8744983,37.338701]},"properties":{"pnu":"4127110700102660005","municipality_code":"41270","municipality":"안산시","district":"안산시 상록구","locality":"부곡동","address":"안산시 상록구 부곡동 266-5","owner_type":"국유지","owner_label":"국(국토교통부)","manager":"","property_class":"","land_category":"도로","area_sqm":3635.0,"area_band":"3,000~5,000㎡","interest_category":"도로","solar_candidate":"검토필요","candidate_reason":"도로점용 및 실제 이용형태 추가 검토 필요; 면적 3,635㎡","priority_score":35,"source":"경기부동산포털 국공유지조회·연속지적도","source_date":"2026-08-11","installed_solar_match":false}},{"type":"Feature","id":"4127310300103190009","geometry":{"type":"Point","coordinates":[126.7588816,37.3294691]},"properties":{"pnu":"4127310300103190009","municipality_code":"41270","municipality":"안산시","district":"안산시 단원구","locality":"신길동","address":"안산시 단원구 신길동 319-9","owner_type":"국유지","owner_label":"국(국토해양부)","manager":"","property_class":"","land_category":"도로","area_sqm":3605.0,"area_band":"3,000~5,000㎡","interest_category":"도로","solar_candidate":"검토필요","candidate_reason":"도로점용 및 실제 이용형태 추가 검토 필요; 면적 3,605㎡","priority_score":35,"source":"경기부동산포털 국공유지조회·연속지적도","source_date":"2026-08-11","installed_solar_match":false}},{"type":"Feature","id":"4127110900105450000","geometry":{"type":"Point","coordinates":[126.8454731,37.3341812]},"properties":{"pnu":"4127110900105450000","municipality_code":"41270","municipality":"안산시","district":"안산시 상록구","locality":"월피동","address":"안산시 상록구 월피동 545","owner_type":"국유지","owner_label":"국(국토교통부)","manager":"","property_class":"","land_category":"도로","area_sqm":3586.0,"area_band":"3,000~5,000㎡","interest_category":"도로","solar_candidate":"검토필요","candidate_reason":"도로점용 및 실제 이용형태 추가 검토 필요; 면적 3,586㎡","priority_score":35,"source":"경기부동산포털 국공유지조회·연속지적도","source_date":"2026-08-11","installed_solar_match":false}},{"type":"Feature","id":"4127111500103250001","geometry":{"type":"Point","coordinates":[126.8587771,37.345763]},"properties":{"pnu":"4127111500103250001","municipality_code":"41270","municipality":"안산시","district":"안산시 상록구","locality":"장하동","address":"안산시 상록구 장하동 325-1","owner_type":"국유지","owner_label":"국(국토교통부)","manager":"","property_class":"","land_category":"도로","area_sqm":3577.0,"area_band":"3,000~5,000㎡","interest_category":"도로","solar_candidate":"검토필요","candidate_reason":"도로점용 및 실제 이용형태 추가 검토 필요; 면적 3,577㎡","priority_score":35,"source":"경기부동산포털 국공유지조회·연속지적도","source_date":"2026-08-11","installed_solar_match":false}},{"type":"Feature","id":"4127110400108810090","geometry":{"type":"Point","coordinates":[126.8628867,37.2926746]},"properties":{"pnu":"4127110400108810090","municipality_code":"41270","municipality":"안산시","district":"안산시 상록구","locality":"본오동","address":"안산시 상록구 본오동 881-90","owner_type":"국유지","owner_label":"국(국토교통부)","manager":"","property_class":"","land_category":"도로","area_sqm":3561.7,"area_band":"3,000~5,000㎡","interest_category":"도로","solar_candidate":"검토필요","candidate_reason":"도로점용 및 실제 이용형태 추가 검토 필요; 면적 3,562㎡","priority_score":35,"source":"경기부동산포털 국공유지조회·연속지적도","source_date":"2026-08-11","installed_solar_match":false}},{"type":"Feature","id":"4127111000100650000","geometry":{"type":"Point","coordinates":[126.8896287,37.3129377]},"properties":{"pnu":"4127111000100650000","municipality_code":"41270","municipality":"안산시","district":"안산시 상록구","locality":"팔곡일동","address":"안산시 상록구 팔곡일동 65","owner_type":"국유지","owner_label":"국(국토교통부)","manager":"","property_class":"","land_category":"도로","area_sqm":3532.0,"area_band":"3,000~5,000㎡","interest_category":"도로","solar_candidate":"검토필요","candidate_reason":"도로점용 및 실제 이용형태 추가 검토 필요; 면적 3,532㎡","priority_score":35,"source":"경기부동산포털 국공유지조회·연속지적도","source_date":"2026-08-11","installed_solar_match":false}},{"type":"Feature","id":"4127310200200090005","geometry":{"type":"Point","coordinates":[126.8349745,37.3471264]},"properties":{"pnu":"4127310200200090005","municipality_code":"41270","municipality":"안산시","district":"안산시 단원구","locality":"와동","address":"안산시 단원구 와동 산9-5","owner_type":"국유지","owner_label":"국(국토교통부)","manager":"","property_class":"","land_category":"도로","area_sqm":3514.0,"area_band":"3,000~5,000㎡","interest_category":"도로","solar_candidate":"검토필요","candidate_reason":"도로점용 및 실제 이용형태 추가 검토 필요; 면적 3,514㎡","priority_score":35,"source":"경기부동산포털 국공유지조회·연속지적도","source_date":"2026-08-11","installed_solar_match":false}},{"type":"Feature","id":"4127311300107230001","geometry":{"type":"Point","coordinates":[126.6472718,37.2097941]},"properties":{"pnu":"4127311300107230001","municipality_code":"41270","municipality":"안산시","district":"안산시 단원구","locality":"선감동","address":"안산시 단원구 선감동 723-1","owner_type":"국유지","owner_label":"국(농림축산식품부)","manager":"","property_class":"","land_category":"도로","area_sqm":3491.0,"area_band":"3,000~5,000㎡","interest_category":"도로","solar_candidate":"검토필요","candidate_reason":"도로점용 및 실제 이용형태 추가 검토 필요; 면적 3,491㎡","priority_score":35,"source":"경기부동산포털 국공유지조회·연속지적도","source_date":"2026-08-11","installed_solar_match":false}},{"type":"Feature","id":"4127110400108810015","geometry":{"type":"Point","coordinates":[126.8637051,37.2988365]},"properties":{"pnu":"4127110400108810015","municipality_code":"41270","municipality":"안산시","district":"안산시 상록구","locality":"본오동","address":"안산시 상록구 본오동 881-15","owner_type":"국유지","owner_label":"국(국토교통부)","manager":"","property_class":"","land_category":"도로","area_sqm":3484.5,"area_band":"3,000~5,000㎡","interest_category":"도로","solar_candidate":"검토필요","candidate_reason":"도로점용 및 실제 이용형태 추가 검토 필요; 면적 3,484㎡","priority_score":35,"source":"경기부동산포털 국공유지조회·연속지적도","source_date":"2026-08-11","installed_solar_match":false}},{"type":"Feature","id":"4127311500200350001","geometry":{"type":"Point","coordinates":[126.8228505,37.3496848]},"properties":{"pnu":"4127311500200350001","municipality_code":"41270","municipality":"안산시","district":"안산시 단원구","locality":"화정동","address":"안산시 단원구 화정동 산35-1","owner_type":"국유지","owner_label":"국(국토교통부)","manager":"","property_class":"","land_category":"도로","area_sqm":3477.0,"area_band":"3,000~5,000㎡","interest_category":"도로","solar_candidate":"검토필요","candidate_reason":"도로점용 및 실제 이용형태 추가 검토 필요; 면적 3,477㎡","priority_score":35,"source":"경기부동산포털 국공유지조회·연속지적도","source_date":"2026-08-11","installed_solar_match":false}},{"type":"Feature","id":"4127110700107070017","geometry":{"type":"Point","coordinates":[126.8635881,37.3347445]},"properties":{"pnu":"4127110700107070017","municipality_code":"41270","municipality":"안산시","district":"안산시 상록구","locality":"부곡동","address":"안산시 상록구 부곡동 707-17","owner_type":"국유지","owner_label":"국(국토교통부)","manager":"","property_class":"","land_category":"도로","area_sqm":3458.6,"area_band":"3,000~5,000㎡","interest_category":"도로","solar_candidate":"검토필요","candidate_reason":"도로점용 및 실제 이용형태 추가 검토 필요; 면적 3,459㎡","priority_score":35,"source":"경기부동산포털 국공유지조회·연속지적도","source_date":"2026-08-11","installed_solar_match":false}},{"type":"Feature","id":"4127310900102850014","geometry":{"type":"Point","coordinates":[126.8157446,37.3504439]},"properties":{"pnu":"4127310900102850014","municipality_code":"41270","municipality":"안산시","district":"안산시 단원구","locality":"선부동","address":"안산시 단원구 선부동 285-14","owner_type":"국유지","owner_label":"국(국토교통부)","manager":"","property_class":"","land_category":"도로","area_sqm":3435.0,"area_band":"3,000~5,000㎡","interest_category":"도로","solar_candidate":"검토필요","candidate_reason":"도로점용 및 실제 이용형태 추가 검토 필요; 면적 3,435㎡","priority_score":35,"source":"경기부동산포털 국공유지조회·연속지적도","source_date":"2026-08-11","installed_solar_match":false}},{"type":"Feature","id":"4127110600200610001","geometry":{"type":"Point","coordinates":[126.8394133,37.3468619]},"properties":{"pnu":"4127110600200610001","municipality_code":"41270","municipality":"안산시","district":"안산시 상록구","locality":"양상동","address":"안산시 상록구 양상동 산61-1","owner_type":"국유지","owner_label":"국(국토교통부)","manager":"","property_class":"","land_category":"도로","area_sqm":3409.0,"area_band":"3,000~5,000㎡","interest_category":"도로","solar_candidate":"검토필요","candidate_reason":"도로점용 및 실제 이용형태 추가 검토 필요; 면적 3,409㎡","priority_score":35,"source":"경기부동산포털 국공유지조회·연속지적도","source_date":"2026-08-11","installed_solar_match":false}},{"type":"Feature","id":"4127310300102650015","geometry":{"type":"Point","coordinates":[126.7519534,37.3326401]},"properties":{"pnu":"4127310300102650015","municipality_code":"41270","municipality":"안산시","district":"안산시 단원구","locality":"신길동","address":"안산시 단원구 신길동 265-15","owner_type":"국유지","owner_label":"국(국토해양부)","manager":"","property_class":"","land_category":"도로","area_sqm":3403.0,"area_band":"3,000~5,000㎡","interest_category":"도로","solar_candidate":"검토필요","candidate_reason":"도로점용 및 실제 이용형태 추가 검토 필요; 면적 3,403㎡","priority_score":35,"source":"경기부동산포털 국공유지조회·연속지적도","source_date":"2026-08-11","installed_solar_match":false}},{"type":"Feature","id":"4127110700107070006","geometry":{"type":"Point","coordinates":[126.867864,37.3336352]},"properties":{"pnu":"4127110700107070006","municipality_code":"41270","municipality":"안산시","district":"안산시 상록구","locality":"부곡동","address":"안산시 상록구 부곡동 707-6","owner_type":"국유지","owner_label":"국(국토교통부)","manager":"","property_class":"","land_category":"도로","area_sqm":3385.5,"area_band":"3,000~5,000㎡","interest_category":"도로","solar_candidate":"검토필요","candidate_reason":"도로점용 및 실제 이용형태 추가 검토 필요; 면적 3,386㎡","priority_score":35,"source":"경기부동산포털 국공유지조회·연속지적도","source_date":"2026-08-11","installed_solar_match":false}},{"type":"Feature","id":"4127111300200380000","geometry":{"type":"Point","coordinates":[126.8735425,37.3685106]},"properties":{"pnu":"4127111300200380000","municipality_code":"41270","municipality":"안산시","district":"안산시 상록구","locality":"수암동","address":"안산시 상록구 수암동 산38","owner_type":"국유지","owner_label":"국(국토교통부)","manager":"","property_class":"","land_category":"도로","area_sqm":3372.0,"area_band":"3,000~5,000㎡","interest_category":"도로","solar_candidate":"검토필요","candidate_reason":"도로점용 및 실제 이용형태 추가 검토 필요; 면적 3,372㎡","priority_score":35,"source":"경기부동산포털 국공유지조회·연속지적도","source_date":"2026-08-11","installed_solar_match":false}},{"type":"Feature","id":"4127311200106090014","geometry":{"type":"Point","coordinates":[126.5690016,37.2064545]},"properties":{"pnu":"4127311200106090014","municipality_code":"41270","municipality":"안산시","district":"안산시 단원구","locality":"대부남동","address":"안산시 단원구 대부남동 609-14","owner_type":"국유지","owner_label":"국(국토교통부)","manager":"","property_class":"","land_category":"도로","area_sqm":3362.0,"area_band":"3,000~5,000㎡","interest_category":"도로","solar_candidate":"검토필요","candidate_reason":"도로점용 및 실제 이용형태 추가 검토 필요; 면적 3,362㎡","priority_score":35,"source":"경기부동산포털 국공유지조회·연속지적도","source_date":"2026-08-11","installed_solar_match":false}},{"type":"Feature","id":"4127110400109990000","geometry":{"type":"Point","coordinates":[126.8628089,37.2911335]},"properties":{"pnu":"4127110400109990000","municipality_code":"41270","municipality":"안산시","district":"안산시 상록구","locality":"본오동","address":"안산시 상록구 본오동 999","owner_type":"국유지","owner_label":"국(국토교통부)","manager":"","property_class":"","land_category":"도로","area_sqm":3355.1,"area_band":"3,000~5,000㎡","interest_category":"도로","solar_candidate":"검토필요","candidate_reason":"도로점용 및 실제 이용형태 추가 검토 필요; 면적 3,355㎡","priority_score":35,"source":"경기부동산포털 국공유지조회·연속지적도","source_date":"2026-08-11","installed_solar_match":false}},{"type":"Feature","id":"4127310300102830067","geometry":{"type":"Point","coordinates":[126.748756,37.3261147]},"properties":{"pnu":"4127310300102830067","municipality_code":"41270","municipality":"안산시","district":"안산시 단원구","locality":"신길동","address":"안산시 단원구 신길동 283-67","owner_type":"국유지","owner_label":"국(기획재정부)","manager":"","property_class":"","land_category":"도로","area_sqm":3354.0,"area_band":"3,000~5,000㎡","interest_category":"도로","solar_candidate":"검토필요","candidate_reason":"도로점용 및 실제 이용형태 추가 검토 필요; 면적 3,354㎡","priority_score":35,"source":"경기부동산포털 국공유지조회·연속지적도","source_date":"2026-08-11","installed_solar_match":false}},{"type":"Feature","id":"4127111100101010000","geometry":{"type":"Point","coordinates":[126.9008686,37.3177889]},"properties":{"pnu":"4127111100101010000","municipality_code":"41270","municipality":"안산시","district":"안산시 상록구","locality":"건건동","address":"안산시 상록구 건건동 101","owner_type":"국유지","owner_label":"국(국토교통부)","manager":"","property_class":"","land_category":"도로","area_sqm":3351.0,"area_band":"3,000~5,000㎡","interest_category":"도로","solar_candidate":"검토필요","candidate_reason":"도로점용 및 실제 이용형태 추가 검토 필요; 면적 3,351㎡","priority_score":35,"source":"경기부동산포털 국공유지조회·연속지적도","source_date":"2026-08-11","installed_solar_match":false}},{"type":"Feature","id":"4127110100106330000","geometry":{"type":"Point","coordinates":[126.8731081,37.311952]},"properties":{"pnu":"4127110100106330000","municipality_code":"41270","municipality":"안산시","district":"안산시 상록구","locality":"일동","address":"안산시 상록구 일동 633","owner_type":"국유지","owner_label":"국(국토교통부)","manager":"","property_class":"","land_category":"도로","area_sqm":3345.6,"area_band":"3,000~5,000㎡","interest_category":"도로","solar_candidate":"검토필요","candidate_reason":"도로점용 및 실제 이용형태 추가 검토 필요; 면적 3,346㎡","priority_score":35,"source":"경기부동산포털 국공유지조회·연속지적도","source_date":"2026-08-11","installed_solar_match":false}},{"type":"Feature","id":"4127110700100230001","geometry":{"type":"Point","coordinates":[126.8593026,37.3435819]},"properties":{"pnu":"4127110700100230001","municipality_code":"41270","municipality":"안산시","district":"안산시 상록구","locality":"부곡동","address":"안산시 상록구 부곡동 23-1","owner_type":"국유지","owner_label":"국(국토교통부)","manager":"","property_class":"","land_category":"도로","area_sqm":3335.0,"area_band":"3,000~5,000㎡","interest_category":"도로","solar_candidate":"검토필요","candidate_reason":"도로점용 및 실제 이용형태 추가 검토 필요; 면적 3,335㎡","priority_score":35,"source":"경기부동산포털 국공유지조회·연속지적도","source_date":"2026-08-11","installed_solar_match":false}},{"type":"Feature","id":"4127310900111580009","geometry":{"type":"Point","coordinates":[126.8008152,37.3363043]},"properties":{"pnu":"4127310900111580009","municipality_code":"41270","municipality":"안산시","district":"안산시 단원구","locality":"선부동","address":"안산시 단원구 선부동 1158-9","owner_type":"국유지","owner_label":"국(국토교통부)","manager":"","property_class":"","land_category":"도로","area_sqm":3331.7,"area_band":"3,000~5,000㎡","interest_category":"도로","solar_candidate":"검토필요","candidate_reason":"도로점용 및 실제 이용형태 추가 검토 필요; 면적 3,332㎡","priority_score":35,"source":"경기부동산포털 국공유지조회·연속지적도","source_date":"2026-08-11","installed_solar_match":false}},{"type":"Feature","id":"4127310300102810011","geometry":{"type":"Point","coordinates":[126.7499295,37.3302362]},"properties":{"pnu":"4127310300102810011","municipality_code":"41270","municipality":"안산시","district":"안산시 단원구","locality":"신길동","address":"안산시 단원구 신길동 281-11","owner_type":"국유지","owner_label":"국(국토해양부)","manager":"","property_class":"","land_category":"도로","area_sqm":3306.0,"area_band":"3,000~5,000㎡","interest_category":"도로","solar_candidate":"검토필요","candidate_reason":"도로점용 및 실제 이용형태 추가 검토 필요; 면적 3,306㎡","priority_score":35,"source":"경기부동산포털 국공유지조회·연속지적도","source_date":"2026-08-11","installed_solar_match":false}},{"type":"Feature","id":"4127311100202950002","geometry":{"type":"Point","coordinates":[126.5680971,37.2403207]},"properties":{"pnu":"4127311100202950002","municipality_code":"41270","municipality":"안산시","district":"안산시 단원구","locality":"대부북동","address":"안산시 단원구 대부북동 산295-2","owner_type":"국유지","owner_label":"국(농림축산식품부)","manager":"","property_class":"","land_category":"도로","area_sqm":3304.0,"area_band":"3,000~5,000㎡","interest_category":"도로","solar_candidate":"검토필요","candidate_reason":"도로점용 및 실제 이용형태 추가 검토 필요; 면적 3,304㎡","priority_score":35,"source":"경기부동산포털 국공유지조회·연속지적도","source_date":"2026-08-11","installed_solar_match":false}},{"type":"Feature","id":"4127110500100270008","geometry":{"type":"Point","coordinates":[126.8918442,37.2915203]},"properties":{"pnu":"4127110500100270008","municipality_code":"41270","municipality":"안산시","district":"안산시 상록구","locality":"팔곡이동","address":"안산시 상록구 팔곡이동 27-8","owner_type":"국유지","owner_label":"국(국토교통부)","manager":"","property_class":"","land_category":"도로","area_sqm":3303.9,"area_band":"3,000~5,000㎡","interest_category":"도로","solar_candidate":"검토필요","candidate_reason":"도로점용 및 실제 이용형태 추가 검토 필요; 면적 3,304㎡","priority_score":35,"source":"경기부동산포털 국공유지조회·연속지적도","source_date":"2026-08-11","installed_solar_match":false}},{"type":"Feature","id":"4127110700200090015","geometry":{"type":"Point","coordinates":[126.8711118,37.341543]},"properties":{"pnu":"4127110700200090015","municipality_code":"41270","municipality":"안산시","district":"안산시 상록구","locality":"부곡동","address":"안산시 상록구 부곡동 산9-15","owner_type":"국유지","owner_label":"국(국토교통부)","manager":"","property_class":"","land_category":"도로","area_sqm":3302.0,"area_band":"3,000~5,000㎡","interest_category":"도로","solar_candidate":"검토필요","candidate_reason":"도로점용 및 실제 이용형태 추가 검토 필요; 면적 3,302㎡","priority_score":35,"source":"경기부동산포털 국공유지조회·연속지적도","source_date":"2026-08-11","installed_solar_match":false}},{"type":"Feature","id":"4127110400108810088","geometry":{"type":"Point","coordinates":[126.8662729,37.2893809]},"properties":{"pnu":"4127110400108810088","municipality_code":"41270","municipality":"안산시","district":"안산시 상록구","locality":"본오동","address":"안산시 상록구 본오동 881-88","owner_type":"국유지","owner_label":"국(국토교통부)","manager":"","property_class":"","land_category":"도로","area_sqm":3299.1,"area_band":"3,000~5,000㎡","interest_category":"도로","solar_candidate":"검토필요","candidate_reason":"도로점용 및 실제 이용형태 추가 검토 필요; 면적 3,299㎡","priority_score":35,"source":"경기부동산포털 국공유지조회·연속지적도","source_date":"2026-08-11","installed_solar_match":false}},{"type":"Feature","id":"4127110700105240001","geometry":{"type":"Point","coordinates":[126.8635064,37.3441296]},"properties":{"pnu":"4127110700105240001","municipality_code":"41270","municipality":"안산시","district":"안산시 상록구","locality":"부곡동","address":"안산시 상록구 부곡동 524-1","owner_type":"국유지","owner_label":"국(농림축산식품부)","manager":"","property_class":"","land_category":"도로","area_sqm":3280.2,"area_band":"3,000~5,000㎡","interest_category":"도로","solar_candidate":"검토필요","candidate_reason":"도로점용 및 실제 이용형태 추가 검토 필요; 면적 3,280㎡","priority_score":35,"source":"경기부동산포털 국공유지조회·연속지적도","source_date":"2026-08-11","installed_solar_match":false}},{"type":"Feature","id":"4127111200106300001","geometry":{"type":"Point","coordinates":[126.915751,37.3048985]},"properties":{"pnu":"4127111200106300001","municipality_code":"41270","municipality":"안산시","district":"안산시 상록구","locality":"사사동","address":"안산시 상록구 사사동 630-1","owner_type":"국유지","owner_label":"국(국토교통부)","manager":"","property_class":"","land_category":"도로","area_sqm":3280.0,"area_band":"3,000~5,000㎡","interest_category":"도로","solar_candidate":"검토필요","candidate_reason":"도로점용 및 실제 이용형태 추가 검토 필요; 면적 3,280㎡","priority_score":35,"source":"경기부동산포털 국공유지조회·연속지적도","source_date":"2026-08-11","installed_solar_match":false}},{"type":"Feature","id":"4127110400108810080","geometry":{"type":"Point","coordinates":[126.8672391,37.2885239]},"properties":{"pnu":"4127110400108810080","municipality_code":"41270","municipality":"안산시","district":"안산시 상록구","locality":"본오동","address":"안산시 상록구 본오동 881-80","owner_type":"국유지","owner_label":"국(국토교통부)","manager":"","property_class":"","land_category":"도로","area_sqm":3260.7,"area_band":"3,000~5,000㎡","interest_category":"도로","solar_candidate":"검토필요","candidate_reason":"도로점용 및 실제 이용형태 추가 검토 필요; 면적 3,261㎡","priority_score":35,"source":"경기부동산포털 국공유지조회·연속지적도","source_date":"2026-08-11","installed_solar_match":false}},{"type":"Feature","id":"4127110400106650013","geometry":{"type":"Point","coordinates":[126.8497604,37.2762105]},"properties":{"pnu":"4127110400106650013","municipality_code":"41270","municipality":"안산시","district":"안산시 상록구","locality":"본오동","address":"안산시 상록구 본오동 665-13","owner_type":"국유지","owner_label":"국(농림축산식품부)","manager":"","property_class":"","land_category":"도로","area_sqm":3260.0,"area_band":"3,000~5,000㎡","interest_category":"도로","solar_candidate":"검토필요","candidate_reason":"도로점용 및 실제 이용형태 추가 검토 필요; 면적 3,260㎡","priority_score":35,"source":"경기부동산포털 국공유지조회·연속지적도","source_date":"2026-08-11","installed_solar_match":false}},{"type":"Feature","id":"4127110900105350007","geometry":{"type":"Point","coordinates":[126.8435589,37.3317808]},"properties":{"pnu":"4127110900105350007","municipality_code":"41270","municipality":"안산시","district":"안산시 상록구","locality":"월피동","address":"안산시 상록구 월피동 535-7","owner_type":"국유지","owner_label":"국(국토교통부)","manager":"","property_class":"","land_category":"도로","area_sqm":3259.0,"area_band":"3,000~5,000㎡","interest_category":"도로","solar_candidate":"검토필요","candidate_reason":"도로점용 및 실제 이용형태 추가 검토 필요; 면적 3,259㎡","priority_score":35,"source":"경기부동산포털 국공유지조회·연속지적도","source_date":"2026-08-11","installed_solar_match":false}},{"type":"Feature","id":"4127111000200640004","geometry":{"type":"Point","coordinates":[126.8951338,37.2952092]},"properties":{"pnu":"4127111000200640004","municipality_code":"41270","municipality":"안산시","district":"안산시 상록구","locality":"팔곡일동","address":"안산시 상록구 팔곡일동 산64-4","owner_type":"국유지","owner_label":"국(국토교통부)","manager":"","property_class":"","land_category":"도로","area_sqm":3241.0,"area_band":"3,000~5,000㎡","interest_category":"도로","solar_candidate":"검토필요","candidate_reason":"도로점용 및 실제 이용형태 추가 검토 필요; 면적 3,241㎡","priority_score":35,"source":"경기부동산포털 국공유지조회·연속지적도","source_date":"2026-08-11","installed_solar_match":false}},{"type":"Feature","id":"4127111300101260014","geometry":{"type":"Point","coordinates":[126.8763064,37.3648403]},"properties":{"pnu":"4127111300101260014","municipality_code":"41270","municipality":"안산시","district":"안산시 상록구","locality":"수암동","address":"안산시 상록구 수암동 126-14","owner_type":"국유지","owner_label":"국(국토교통부)","manager":"","property_class":"","land_category":"도로","area_sqm":3231.0,"area_band":"3,000~5,000㎡","interest_category":"도로","solar_candidate":"검토필요","candidate_reason":"도로점용 및 실제 이용형태 추가 검토 필요; 면적 3,231㎡","priority_score":35,"source":"경기부동산포털 국공유지조회·연속지적도","source_date":"2026-08-11","installed_solar_match":false}},{"type":"Feature","id":"4127110700102500005","geometry":{"type":"Point","coordinates":[126.8727964,37.3406968]},"properties":{"pnu":"4127110700102500005","municipality_code":"41270","municipality":"안산시","district":"안산시 상록구","locality":"부곡동","address":"안산시 상록구 부곡동 250-5","owner_type":"국유지","owner_label":"국(국토교통부)","manager":"","property_class":"","land_category":"도로","area_sqm":3227.0,"area_band":"3,000~5,000㎡","interest_category":"도로","solar_candidate":"검토필요","candidate_reason":"도로점용 및 실제 이용형태 추가 검토 필요; 면적 3,227㎡","priority_score":35,"source":"경기부동산포털 국공유지조회·연속지적도","source_date":"2026-08-11","installed_solar_match":false}},{"type":"Feature","id":"4127110400110060001","geometry":{"type":"Point","coordinates":[126.8594847,37.2899634]},"properties":{"pnu":"4127110400110060001","municipality_code":"41270","municipality":"안산시","district":"안산시 상록구","locality":"본오동","address":"안산시 상록구 본오동 1006-1","owner_type":"국유지","owner_label":"국(국토교통부)","manager":"","property_class":"","land_category":"도로","area_sqm":3226.0,"area_band":"3,000~5,000㎡","interest_category":"도로","solar_candidate":"검토필요","candidate_reason":"도로점용 및 실제 이용형태 추가 검토 필요; 면적 3,226㎡","priority_score":35,"source":"경기부동산포털 국공유지조회·연속지적도","source_date":"2026-08-11","installed_solar_match":false}},{"type":"Feature","id":"4127111500103370003","geometry":{"type":"Point","coordinates":[126.8578544,37.3445785]},"properties":{"pnu":"4127111500103370003","municipality_code":"41270","municipality":"안산시","district":"안산시 상록구","locality":"장하동","address":"안산시 상록구 장하동 337-3","owner_type":"국유지","owner_label":"국(국토교통부)","manager":"","property_class":"","land_category":"도로","area_sqm":3223.0,"area_band":"3,000~5,000㎡","interest_category":"도로","solar_candidate":"검토필요","candidate_reason":"도로점용 및 실제 이용형태 추가 검토 필요; 면적 3,223㎡","priority_score":35,"source":"경기부동산포털 국공유지조회·연속지적도","source_date":"2026-08-11","installed_solar_match":false}},{"type":"Feature","id":"4127310300113770001","geometry":{"type":"Point","coordinates":[126.75908,37.3388971]},"properties":{"pnu":"4127310300113770001","municipality_code":"41270","municipality":"안산시","district":"안산시 단원구","locality":"신길동","address":"안산시 단원구 신길동 1377-1","owner_type":"국유지","owner_label":"국(국토해양부)","manager":"","property_class":"","land_category":"도로","area_sqm":3219.7,"area_band":"3,000~5,000㎡","interest_category":"도로","solar_candidate":"검토필요","candidate_reason":"도로점용 및 실제 이용형태 추가 검토 필요; 면적 3,220㎡","priority_score":35,"source":"경기부동산포털 국공유지조회·연속지적도","source_date":"2026-08-11","installed_solar_match":false}},{"type":"Feature","id":"4127310900101000005","geometry":{"type":"Point","coordinates":[126.794684,37.34662]},"properties":{"pnu":"4127310900101000005","municipality_code":"41270","municipality":"안산시","district":"안산시 단원구","locality":"선부동","address":"안산시 단원구 선부동 100-5","owner_type":"국유지","owner_label":"국(국토교통부)","manager":"","property_class":"","land_category":"도로","area_sqm":3217.0,"area_band":"3,000~5,000㎡","interest_category":"도로","solar_candidate":"검토필요","candidate_reason":"도로점용 및 실제 이용형태 추가 검토 필요; 면적 3,217㎡","priority_score":35,"source":"경기부동산포털 국공유지조회·연속지적도","source_date":"2026-08-11","installed_solar_match":false}},{"type":"Feature","id":"4127110400108760002","geometry":{"type":"Point","coordinates":[126.8627989,37.303734]},"properties":{"pnu":"4127110400108760002","municipality_code":"41270","municipality":"안산시","district":"안산시 상록구","locality":"본오동","address":"안산시 상록구 본오동 876-2","owner_type":"국유지","owner_label":"국(국토교통부)","manager":"","property_class":"","land_category":"도로","area_sqm":3199.6,"area_band":"3,000~5,000㎡","interest_category":"도로","solar_candidate":"검토필요","candidate_reason":"도로점용 및 실제 이용형태 추가 검토 필요; 면적 3,200㎡","priority_score":35,"source":"경기부동산포털 국공유지조회·연속지적도","source_date":"2026-08-11","installed_solar_match":false}},{"type":"Feature","id":"4127110200105050038","geometry":{"type":"Point","coordinates":[126.8554036,37.3082809]},"properties":{"pnu":"4127110200105050038","municipality_code":"41270","municipality":"안산시","district":"안산시 상록구","locality":"이동","address":"안산시 상록구 이동 505-38","owner_type":"국유지","owner_label":"국(농림축산식품부)","manager":"","property_class":"","land_category":"도로","area_sqm":3193.0,"area_band":"3,000~5,000㎡","interest_category":"도로","solar_candidate":"검토필요","candidate_reason":"도로점용 및 실제 이용형태 추가 검토 필요; 면적 3,193㎡","priority_score":35,"source":"경기부동산포털 국공유지조회·연속지적도","source_date":"2026-08-11","installed_solar_match":false}},{"type":"Feature","id":"4127111000200100007","geometry":{"type":"Point","coordinates":[126.8864383,37.3150221]},"properties":{"pnu":"4127111000200100007","municipality_code":"41270","municipality":"안산시","district":"안산시 상록구","locality":"팔곡일동","address":"안산시 상록구 팔곡일동 산10-7","owner_type":"국유지","owner_label":"국(국토교통부)","manager":"","property_class":"","land_category":"도로","area_sqm":3176.0,"area_band":"3,000~5,000㎡","interest_category":"도로","solar_candidate":"검토필요","candidate_reason":"도로점용 및 실제 이용형태 추가 검토 필요; 면적 3,176㎡","priority_score":35,"source":"경기부동산포털 국공유지조회·연속지적도","source_date":"2026-08-11","installed_solar_match":false}},{"type":"Feature","id":"4127310900101950001","geometry":{"type":"Point","coordinates":[126.8025061,37.3505411]},"properties":{"pnu":"4127310900101950001","municipality_code":"41270","municipality":"안산시","district":"안산시 단원구","locality":"선부동","address":"안산시 단원구 선부동 195-1","owner_type":"국유지","owner_label":"국(국토교통부)","manager":"","property_class":"","land_category":"도로","area_sqm":3173.0,"area_band":"3,000~5,000㎡","interest_category":"도로","solar_candidate":"검토필요","candidate_reason":"도로점용 및 실제 이용형태 추가 검토 필요; 면적 3,173㎡","priority_score":35,"source":"경기부동산포털 국공유지조회·연속지적도","source_date":"2026-08-11","installed_solar_match":false}},{"type":"Feature","id":"4127110400105880187","geometry":{"type":"Point","coordinates":[126.8613844,37.2807378]},"properties":{"pnu":"4127110400105880187","municipality_code":"41270","municipality":"안산시","district":"안산시 상록구","locality":"본오동","address":"안산시 상록구 본오동 588-187","owner_type":"국유지","owner_label":"국(농림축산식품부)","manager":"","property_class":"","land_category":"도로","area_sqm":3150.0,"area_band":"3,000~5,000㎡","interest_category":"도로","solar_candidate":"검토필요","candidate_reason":"도로점용 및 실제 이용형태 추가 검토 필요; 면적 3,150㎡","priority_score":35,"source":"경기부동산포털 국공유지조회·연속지적도","source_date":"2026-08-11","installed_solar_match":false}},{"type":"Feature","id":"4127310300102590005","geometry":{"type":"Point","coordinates":[126.7532215,37.3338867]},"properties":{"pnu":"4127310300102590005","municipality_code":"41270","municipality":"안산시","district":"안산시 단원구","locality":"신길동","address":"안산시 단원구 신길동 259-5","owner_type":"국유지","owner_label":"국(국토해양부)","manager":"","property_class":"","land_category":"도로","area_sqm":3148.0,"area_band":"3,000~5,000㎡","interest_category":"도로","solar_candidate":"검토필요","candidate_reason":"도로점용 및 실제 이용형태 추가 검토 필요; 면적 3,148㎡","priority_score":35,"source":"경기부동산포털 국공유지조회·연속지적도","source_date":"2026-08-11","installed_solar_match":false}},{"type":"Feature","id":"4127111500102030000","geometry":{"type":"Point","coordinates":[126.8614741,37.3520956]},"properties":{"pnu":"4127111500102030000","municipality_code":"41270","municipality":"안산시","district":"안산시 상록구","locality":"장하동","address":"안산시 상록구 장하동 203","owner_type":"국유지","owner_label":"국(국토교통부)","manager":"","property_class":"","land_category":"도로","area_sqm":3141.0,"area_band":"3,000~5,000㎡","interest_category":"도로","solar_candidate":"검토필요","candidate_reason":"도로점용 및 실제 이용형태 추가 검토 필요; 면적 3,141㎡","priority_score":35,"source":"경기부동산포털 국공유지조회·연속지적도","source_date":"2026-08-11","installed_solar_match":false}},{"type":"Feature","id":"4127111500103280005","geometry":{"type":"Point","coordinates":[126.8573893,37.3449412]},"properties":{"pnu":"4127111500103280005","municipality_code":"41270","municipality":"안산시","district":"안산시 상록구","locality":"장하동","address":"안산시 상록구 장하동 328-5","owner_type":"국유지","owner_label":"국(국토교통부)","manager":"","property_class":"","land_category":"도로","area_sqm":3134.0,"area_band":"3,000~5,000㎡","interest_category":"도로","solar_candidate":"검토필요","candidate_reason":"도로점용 및 실제 이용형태 추가 검토 필요; 면적 3,134㎡","priority_score":35,"source":"경기부동산포털 국공유지조회·연속지적도","source_date":"2026-08-11","installed_solar_match":false}},{"type":"Feature","id":"4127111500101580000","geometry":{"type":"Point","coordinates":[126.8642487,37.3553067]},"properties":{"pnu":"4127111500101580000","municipality_code":"41270","municipality":"안산시","district":"안산시 상록구","locality":"장하동","address":"안산시 상록구 장하동 158","owner_type":"국유지","owner_label":"국(국토교통부)","manager":"","property_class":"","land_category":"도로","area_sqm":3101.0,"area_band":"3,000~5,000㎡","interest_category":"도로","solar_candidate":"검토필요","candidate_reason":"도로점용 및 실제 이용형태 추가 검토 필요; 면적 3,101㎡","priority_score":35,"source":"경기부동산포털 국공유지조회·연속지적도","source_date":"2026-08-11","installed_solar_match":false}},{"type":"Feature","id":"4127110500101700005","geometry":{"type":"Point","coordinates":[126.8870089,37.2954628]},"properties":{"pnu":"4127110500101700005","municipality_code":"41270","municipality":"안산시","district":"안산시 상록구","locality":"팔곡이동","address":"안산시 상록구 팔곡이동 170-5","owner_type":"국유지","owner_label":"국(국토교통부)","manager":"","property_class":"","land_category":"도로","area_sqm":3094.0,"area_band":"3,000~5,000㎡","interest_category":"도로","solar_candidate":"검토필요","candidate_reason":"도로점용 및 실제 이용형태 추가 검토 필요; 면적 3,094㎡","priority_score":35,"source":"경기부동산포털 국공유지조회·연속지적도","source_date":"2026-08-11","installed_solar_match":false}},{"type":"Feature","id":"4127111100109680020","geometry":{"type":"Point","coordinates":[126.8994869,37.3015759]},"properties":{"pnu":"4127111100109680020","municipality_code":"41270","municipality":"안산시","district":"안산시 상록구","locality":"건건동","address":"안산시 상록구 건건동 968-20","owner_type":"국유지","owner_label":"국(국토교통부)","manager":"","property_class":"","land_category":"도로","area_sqm":3073.0,"area_band":"3,000~5,000㎡","interest_category":"도로","solar_candidate":"검토필요","candidate_reason":"도로점용 및 실제 이용형태 추가 검토 필요; 면적 3,073㎡","priority_score":35,"source":"경기부동산포털 국공유지조회·연속지적도","source_date":"2026-08-11","installed_solar_match":false}},{"type":"Feature","id":"4127110400110190000","geometry":{"type":"Point","coordinates":[126.8637165,37.2846721]},"properties":{"pnu":"4127110400110190000","municipality_code":"41270","municipality":"안산시","district":"안산시 상록구","locality":"본오동","address":"안산시 상록구 본오동 1019","owner_type":"국유지","owner_label":"국(국토교통부)","manager":"","property_class":"","land_category":"도로","area_sqm":3050.5,"area_band":"3,000~5,000㎡","interest_category":"도로","solar_candidate":"검토필요","candidate_reason":"도로점용 및 실제 이용형태 추가 검토 필요; 면적 3,050㎡","priority_score":35,"source":"경기부동산포털 국공유지조회·연속지적도","source_date":"2026-08-11","installed_solar_match":false}},{"type":"Feature","id":"4127110700200090025","geometry":{"type":"Point","coordinates":[126.8695089,37.3421816]},"properties":{"pnu":"4127110700200090025","municipality_code":"41270","municipality":"안산시","district":"안산시 상록구","locality":"부곡동","address":"안산시 상록구 부곡동 산9-25","owner_type":"국유지","owner_label":"국(국토교통부)","manager":"","property_class":"","land_category":"도로","area_sqm":3046.0,"area_band":"3,000~5,000㎡","interest_category":"도로","solar_candidate":"검토필요","candidate_reason":"도로점용 및 실제 이용형태 추가 검토 필요; 면적 3,046㎡","priority_score":35,"source":"경기부동산포털 국공유지조회·연속지적도","source_date":"2026-08-11","installed_solar_match":false}},{"type":"Feature","id":"4127110700100320003","geometry":{"type":"Point","coordinates":[126.8619414,37.3444622]},"properties":{"pnu":"4127110700100320003","municipality_code":"41270","municipality":"안산시","district":"안산시 상록구","locality":"부곡동","address":"안산시 상록구 부곡동 32-3","owner_type":"국유지","owner_label":"국(국토교통부)","manager":"","property_class":"","land_category":"도로","area_sqm":3009.0,"area_band":"3,000~5,000㎡","interest_category":"도로","solar_candidate":"검토필요","candidate_reason":"도로점용 및 실제 이용형태 추가 검토 필요; 면적 3,009㎡","priority_score":35,"source":"경기부동산포털 국공유지조회·연속지적도","source_date":"2026-08-11","installed_solar_match":false}},{"type":"Feature","id":"4127310900101890001","geometry":{"type":"Point","coordinates":[126.8013049,37.3514297]},"properties":{"pnu":"4127310900101890001","municipality_code":"41270","municipality":"안산시","district":"안산시 단원구","locality":"선부동","address":"안산시 단원구 선부동 189-1","owner_type":"국유지","owner_label":"국(국토교통부)","manager":"","property_class":"","land_category":"도로","area_sqm":3008.0,"area_band":"3,000~5,000㎡","interest_category":"도로","solar_candidate":"검토필요","candidate_reason":"도로점용 및 실제 이용형태 추가 검토 필요; 면적 3,008㎡","priority_score":35,"source":"경기부동산포털 국공유지조회·연속지적도","source_date":"2026-08-11","installed_solar_match":false}},{"type":"Feature","id":"4127111500102580002","geometry":{"type":"Point","coordinates":[126.8598265,37.3485607]},"properties":{"pnu":"4127111500102580002","municipality_code":"41270","municipality":"안산시","district":"안산시 상록구","locality":"장하동","address":"안산시 상록구 장하동 258-2","owner_type":"국유지","owner_label":"국(국토교통부)","manager":"","property_class":"","land_category":"도로","area_sqm":3007.0,"area_band":"3,000~5,000㎡","interest_category":"도로","solar_candidate":"검토필요","candidate_reason":"도로점용 및 실제 이용형태 추가 검토 필요; 면적 3,007㎡","priority_score":35,"source":"경기부동산포털 국공유지조회·연속지적도","source_date":"2026-08-11","installed_solar_match":false}},{"type":"Feature","id":"4127111100104110003","geometry":{"type":"Point","coordinates":[126.9138424,37.3142163]},"properties":{"pnu":"4127111100104110003","municipality_code":"41270","municipality":"안산시","district":"안산시 상록구","locality":"건건동","address":"안산시 상록구 건건동 411-3","owner_type":"국유지","owner_label":"국(국토교통부)","manager":"","property_class":"","land_category":"도로","area_sqm":3004.0,"area_band":"3,000~5,000㎡","interest_category":"도로","solar_candidate":"검토필요","candidate_reason":"도로점용 및 실제 이용형태 추가 검토 필요; 면적 3,004㎡","priority_score":35,"source":"경기부동산포털 국공유지조회·연속지적도","source_date":"2026-08-11","installed_solar_match":false}},{"type":"Feature","id":"4127311100118570077","geometry":{"type":"Point","coordinates":[126.5697318,37.2744215]},"properties":{"pnu":"4127311100118570077","municipality_code":"41270","municipality":"안산시","district":"안산시 단원구","locality":"대부북동","address":"안산시 단원구 대부북동 1857-77","owner_type":"국유지","owner_label":"국(기획재정부)","manager":"","property_class":"","land_category":"창고용지","area_sqm":423.0,"area_band":"100~500㎡","interest_category":"창고용지","solar_candidate":"검토필요","candidate_reason":"지목·면적 기준 1차 검토 대상; 면적 423㎡","priority_score":35,"source":"경기부동산포털 국공유지조회·연속지적도","source_date":"2026-08-11","installed_solar_match":false}},{"type":"Feature","id":"4127311200100130010","geometry":{"type":"Point","coordinates":[126.6141578,37.2110238]},"properties":{"pnu":"4127311200100130010","municipality_code":"41270","municipality":"안산시","district":"안산시 단원구","locality":"대부남동","address":"안산시 단원구 대부남동 13-10","owner_type":"국유지","owner_label":"국(기획재정부)","manager":"","property_class":"","land_category":"창고용지","area_sqm":282.0,"area_band":"100~500㎡","interest_category":"창고용지","solar_candidate":"검토필요","candidate_reason":"지목·면적 기준 1차 검토 대상; 면적 282㎡","priority_score":35,"source":"경기부동산포털 국공유지조회·연속지적도","source_date":"2026-08-11","installed_solar_match":false}},{"type":"Feature","id":"4127311200100130012","geometry":{"type":"Point","coordinates":[126.6142228,37.2109039]},"properties":{"pnu":"4127311200100130012","municipality_code":"41270","municipality":"안산시","district":"안산시 단원구","locality":"대부남동","address":"안산시 단원구 대부남동 13-12","owner_type":"국유지","owner_label":"국(기획재정부)","manager":"","property_class":"","land_category":"창고용지","area_sqm":114.0,"area_band":"100~500㎡","interest_category":"창고용지","solar_candidate":"검토필요","candidate_reason":"지목·면적 기준 1차 검토 대상; 면적 114㎡","priority_score":35,"source":"경기부동산포털 국공유지조회·연속지적도","source_date":"2026-08-11","installed_solar_match":false}},{"type":"Feature","id":"4127310300102830030","geometry":{"type":"Point","coordinates":[126.7495497,37.3283451]},"properties":{"pnu":"4127310300102830030","municipality_code":"41270","municipality":"안산시","district":"안산시 단원구","locality":"신길동","address":"안산시 단원구 신길동 283-30","owner_type":"국유지","owner_label":"국(국토해양부)","manager":"","property_class":"","land_category":"창고용지","area_sqm":102.0,"area_band":"100~500㎡","interest_category":"창고용지","solar_candidate":"검토필요","candidate_reason":"지목·면적 기준 1차 검토 대상; 면적 102㎡","priority_score":35,"source":"경기부동산포털 국공유지조회·연속지적도","source_date":"2026-08-11","installed_solar_match":false}}]}