{"type":"FeatureCollection","name":"gyeonggi_41290_municipal_solar_candidates","metadata":{"generated_on":"2026-08-11","source":"경기부동산포털 국공유지조회·연속지적도","source_agency":"경기도","ownership_source":"경기부동산포털 국공유지조회","coverage":"과천시","owner_code":"5","owner_type":"시·군유지","minimum_area_sqm":100.0,"feature_count":283,"coordinate_reference":"GRIS native values interpreted as EPSG:5174 and projected to EPSG:4326","coordinate_precision":"7 decimals, increased only when needed to keep narrow-parcel points inside","disclaimer":"설치 가능 확정이 아닌 현장조사 우선순위"},"features":[{"type":"Feature","id":"4129010600100550000","geometry":{"type":"Point","coordinates":[127.0315917,37.4619737]},"properties":{"pnu":"4129010600100550000","municipality_code":"41290","municipality":"과천시","district":"과천시","locality":"주암동","address":"과천시 주암동 55","owner_type":"시·군유지","owner_label":"과천시","manager":"","property_class":"","land_category":"주차장","area_sqm":5804.0,"area_band":"5,000㎡ 이상","interest_category":"주차장","solar_candidate":"Y","candidate_reason":"주차면 상부 태양광을 우선 검토할 지목; 면적 5,804㎡","priority_score":80,"source":"경기부동산포털 국공유지조회·연속지적도","source_date":"2026-08-11","installed_solar_match":false}},{"type":"Feature","id":"4129010300102050001","geometry":{"type":"Point","coordinates":[126.992651,37.4076534]},"properties":{"pnu":"4129010300102050001","municipality_code":"41290","municipality":"과천시","district":"과천시","locality":"갈현동","address":"과천시 갈현동 205-1","owner_type":"시·군유지","owner_label":"과천시","manager":"","property_class":"","land_category":"잡종지","area_sqm":33573.0,"area_band":"5,000㎡ 이상","interest_category":"잡종지","solar_candidate":"Y","candidate_reason":"실제 이용·점유 여부 확인 후 검토할 잡종지; 면적 33,573㎡","priority_score":75,"source":"경기부동산포털 국공유지조회·연속지적도","source_date":"2026-08-11","installed_solar_match":true,"installed_solar_count":18,"installed_solar_area_sqm":1828.5,"installed_solar_analysis_years":["2024"],"installed_solar_types":["공공시설물"],"installed_solar_permit_status_counts":{"N":18}}},{"type":"Feature","id":"4129010500102490000","geometry":{"type":"Point","coordinates":[127.0024171,37.4487553]},"properties":{"pnu":"4129010500102490000","municipality_code":"41290","municipality":"과천시","district":"과천시","locality":"과천동","address":"과천시 과천동 249","owner_type":"시·군유지","owner_label":"과천시","manager":"","property_class":"","land_category":"잡종지","area_sqm":29505.0,"area_band":"5,000㎡ 이상","interest_category":"잡종지","solar_candidate":"Y","candidate_reason":"실제 이용·점유 여부 확인 후 검토할 잡종지; 면적 29,505㎡","priority_score":75,"source":"경기부동산포털 국공유지조회·연속지적도","source_date":"2026-08-11","installed_solar_match":true,"installed_solar_count":3,"installed_solar_area_sqm":55.5,"installed_solar_analysis_years":["2024"],"installed_solar_types":["공공시설물"],"installed_solar_permit_status_counts":{"N":3}}},{"type":"Feature","id":"4129011000100520000","geometry":{"type":"Point","coordinates":[127.0021457,37.4336253]},"properties":{"pnu":"4129011000100520000","municipality_code":"41290","municipality":"과천시","district":"과천시","locality":"부림동","address":"과천시 부림동 52","owner_type":"시·군유지","owner_label":"과천시","manager":"","property_class":"","land_category":"잡종지","area_sqm":3627.5,"area_band":"3,000~5,000㎡","interest_category":"잡종지","solar_candidate":"Y","candidate_reason":"실제 이용·점유 여부 확인 후 검토할 잡종지; 면적 3,628㎡","priority_score":70,"source":"경기부동산포털 국공유지조회·연속지적도","source_date":"2026-08-11","installed_solar_match":false}},{"type":"Feature","id":"4129010200101500008","geometry":{"type":"Point","coordinates":[127.0083933,37.4228599]},"properties":{"pnu":"4129010200101500008","municipality_code":"41290","municipality":"과천시","district":"과천시","locality":"문원동","address":"과천시 문원동 150-8","owner_type":"시·군유지","owner_label":"과천시","manager":"","property_class":"","land_category":"주차장","area_sqm":2534.0,"area_band":"1,000~3,000㎡","interest_category":"주차장","solar_candidate":"Y","candidate_reason":"주차면 상부 태양광을 우선 검토할 지목; 면적 2,534㎡","priority_score":68,"source":"경기부동산포털 국공유지조회·연속지적도","source_date":"2026-08-11","installed_solar_match":false}},{"type":"Feature","id":"4129010200101420000","geometry":{"type":"Point","coordinates":[127.0077811,37.4245488]},"properties":{"pnu":"4129010200101420000","municipality_code":"41290","municipality":"과천시","district":"과천시","locality":"문원동","address":"과천시 문원동 142","owner_type":"시·군유지","owner_label":"과천시","manager":"","property_class":"","land_category":"주차장","area_sqm":2209.0,"area_band":"1,000~3,000㎡","interest_category":"주차장","solar_candidate":"Y","candidate_reason":"주차면 상부 태양광을 우선 검토할 지목; 면적 2,209㎡","priority_score":68,"source":"경기부동산포털 국공유지조회·연속지적도","source_date":"2026-08-11","installed_solar_match":false}},{"type":"Feature","id":"4129010300108460000","geometry":{"type":"Point","coordinates":[126.9822194,37.409953]},"properties":{"pnu":"4129010300108460000","municipality_code":"41290","municipality":"과천시","district":"과천시","locality":"갈현동","address":"과천시 갈현동 846","owner_type":"시·군유지","owner_label":"과천시","manager":"","property_class":"","land_category":"주차장","area_sqm":2093.2,"area_band":"1,000~3,000㎡","interest_category":"주차장","solar_candidate":"Y","candidate_reason":"주차면 상부 태양광을 우선 검토할 지목; 면적 2,093㎡","priority_score":68,"source":"경기부동산포털 국공유지조회·연속지적도","source_date":"2026-08-11","installed_solar_match":false}},{"type":"Feature","id":"4129010500105490025","geometry":{"type":"Point","coordinates":[126.9936006,37.4471936]},"properties":{"pnu":"4129010500105490025","municipality_code":"41290","municipality":"과천시","district":"과천시","locality":"과천동","address":"과천시 과천동 549-25","owner_type":"시·군유지","owner_label":"과천시","manager":"","property_class":"","land_category":"주차장","area_sqm":1854.0,"area_band":"1,000~3,000㎡","interest_category":"주차장","solar_candidate":"Y","candidate_reason":"주차면 상부 태양광을 우선 검토할 지목; 면적 1,854㎡","priority_score":68,"source":"경기부동산포털 국공유지조회·연속지적도","source_date":"2026-08-11","installed_solar_match":false}},{"type":"Feature","id":"4129010500101500000","geometry":{"type":"Point","coordinates":[127.0112471,37.4492621]},"properties":{"pnu":"4129010500101500000","municipality_code":"41290","municipality":"과천시","district":"과천시","locality":"과천동","address":"과천시 과천동 150","owner_type":"시·군유지","owner_label":"과천시","manager":"","property_class":"","land_category":"주차장","area_sqm":1642.0,"area_band":"1,000~3,000㎡","interest_category":"주차장","solar_candidate":"Y","candidate_reason":"주차면 상부 태양광을 우선 검토할 지목; 면적 1,642㎡","priority_score":68,"source":"경기부동산포털 국공유지조회·연속지적도","source_date":"2026-08-11","installed_solar_match":false}},{"type":"Feature","id":"4129010700100010003","geometry":{"type":"Point","coordinates":[126.9874904,37.429359]},"properties":{"pnu":"4129010700100010003","municipality_code":"41290","municipality":"과천시","district":"과천시","locality":"중앙동","address":"과천시 중앙동 1-3","owner_type":"시·군유지","owner_label":"과천시","manager":"","property_class":"","land_category":"대","area_sqm":24132.8,"area_band":"5,000㎡ 이상","interest_category":"대","solar_candidate":"Y","candidate_reason":"청사·공공건축물·주차장 현황 추가 확인 필요; 면적 24,133㎡","priority_score":65,"source":"경기부동산포털 국공유지조회·연속지적도","source_date":"2026-08-11","installed_solar_match":false}},{"type":"Feature","id":"4129010700100060002","geometry":{"type":"Point","coordinates":[126.9896789,37.4279853]},"properties":{"pnu":"4129010700100060002","municipality_code":"41290","municipality":"과천시","district":"과천시","locality":"중앙동","address":"과천시 중앙동 6-2","owner_type":"시·군유지","owner_label":"과천시","manager":"","property_class":"","land_category":"대","area_sqm":22237.2,"area_band":"5,000㎡ 이상","interest_category":"대","solar_candidate":"Y","candidate_reason":"청사·공공건축물·주차장 현황 추가 확인 필요; 면적 22,237㎡","priority_score":65,"source":"경기부동산포털 국공유지조회·연속지적도","source_date":"2026-08-11","installed_solar_match":true,"installed_solar_count":15,"installed_solar_area_sqm":482.5,"installed_solar_analysis_years":["2024"],"installed_solar_types":["공공시설물"],"installed_solar_permit_status_counts":{"N":15}}},{"type":"Feature","id":"4129010200101990000","geometry":{"type":"Point","coordinates":[127.0010853,37.4266608]},"properties":{"pnu":"4129010200101990000","municipality_code":"41290","municipality":"과천시","district":"과천시","locality":"문원동","address":"과천시 문원동 199","owner_type":"시·군유지","owner_label":"과천시","manager":"","property_class":"","land_category":"대","area_sqm":8331.0,"area_band":"5,000㎡ 이상","interest_category":"대","solar_candidate":"Y","candidate_reason":"청사·공공건축물·주차장 현황 추가 확인 필요; 면적 8,331㎡","priority_score":65,"source":"경기부동산포털 국공유지조회·연속지적도","source_date":"2026-08-11","installed_solar_match":false}},{"type":"Feature","id":"4129010200100310003","geometry":{"type":"Point","coordinates":[127.0020116,37.4288445]},"properties":{"pnu":"4129010200100310003","municipality_code":"41290","municipality":"과천시","district":"과천시","locality":"문원동","address":"과천시 문원동 31-3","owner_type":"시·군유지","owner_label":"과천시","manager":"","property_class":"","land_category":"대","area_sqm":6434.0,"area_band":"5,000㎡ 이상","interest_category":"대","solar_candidate":"Y","candidate_reason":"청사·공공건축물·주차장 현황 추가 확인 필요; 면적 6,434㎡","priority_score":65,"source":"경기부동산포털 국공유지조회·연속지적도","source_date":"2026-08-11","installed_solar_match":true,"installed_solar_count":2,"installed_solar_area_sqm":294.1,"installed_solar_analysis_years":["2024"],"installed_solar_types":["공공시설물"],"installed_solar_permit_status_counts":{"N":2}}},{"type":"Feature","id":"4129010200100310007","geometry":{"type":"Point","coordinates":[127.0017661,37.4281589]},"properties":{"pnu":"4129010200100310007","municipality_code":"41290","municipality":"과천시","district":"과천시","locality":"문원동","address":"과천시 문원동 31-7","owner_type":"시·군유지","owner_label":"과천시","manager":"","property_class":"","land_category":"대","area_sqm":5144.0,"area_band":"5,000㎡ 이상","interest_category":"대","solar_candidate":"Y","candidate_reason":"청사·공공건축물·주차장 현황 추가 확인 필요; 면적 5,144㎡","priority_score":65,"source":"경기부동산포털 국공유지조회·연속지적도","source_date":"2026-08-11","installed_solar_match":false}},{"type":"Feature","id":"4129010900100890000","geometry":{"type":"Point","coordinates":[127.0003432,37.4284356]},"properties":{"pnu":"4129010900100890000","municipality_code":"41290","municipality":"과천시","district":"과천시","locality":"별양동","address":"과천시 별양동 89","owner_type":"시·군유지","owner_label":"과천시","manager":"","property_class":"","land_category":"잡종지","area_sqm":2081.6,"area_band":"1,000~3,000㎡","interest_category":"잡종지","solar_candidate":"Y","candidate_reason":"실제 이용·점유 여부 확인 후 검토할 잡종지; 면적 2,082㎡","priority_score":63,"source":"경기부동산포털 국공유지조회·연속지적도","source_date":"2026-08-11","installed_solar_match":false}},{"type":"Feature","id":"4129011000100820000","geometry":{"type":"Point","coordinates":[126.9968048,37.4395139]},"properties":{"pnu":"4129011000100820000","municipality_code":"41290","municipality":"과천시","district":"과천시","locality":"부림동","address":"과천시 부림동 82","owner_type":"시·군유지","owner_label":"과천시","manager":"","property_class":"","land_category":"잡종지","area_sqm":1701.8,"area_band":"1,000~3,000㎡","interest_category":"잡종지","solar_candidate":"Y","candidate_reason":"실제 이용·점유 여부 확인 후 검토할 잡종지; 면적 1,702㎡","priority_score":63,"source":"경기부동산포털 국공유지조회·연속지적도","source_date":"2026-08-11","installed_solar_match":false}},{"type":"Feature","id":"4129010700100540000","geometry":{"type":"Point","coordinates":[126.9887716,37.4293362]},"properties":{"pnu":"4129010700100540000","municipality_code":"41290","municipality":"과천시","district":"과천시","locality":"중앙동","address":"과천시 중앙동 54","owner_type":"시·군유지","owner_label":"과천시","manager":"","property_class":"","land_category":"잡종지","area_sqm":1541.1,"area_band":"1,000~3,000㎡","interest_category":"잡종지","solar_candidate":"Y","candidate_reason":"실제 이용·점유 여부 확인 후 검토할 잡종지; 면적 1,541㎡","priority_score":63,"source":"경기부동산포털 국공유지조회·연속지적도","source_date":"2026-08-11","installed_solar_match":false}},{"type":"Feature","id":"4129011000100860000","geometry":{"type":"Point","coordinates":[126.99856,37.4391247]},"properties":{"pnu":"4129011000100860000","municipality_code":"41290","municipality":"과천시","district":"과천시","locality":"부림동","address":"과천시 부림동 86","owner_type":"시·군유지","owner_label":"과천시","manager":"","property_class":"","land_category":"잡종지","area_sqm":1112.2,"area_band":"1,000~3,000㎡","interest_category":"잡종지","solar_candidate":"Y","candidate_reason":"실제 이용·점유 여부 확인 후 검토할 잡종지; 면적 1,112㎡","priority_score":63,"source":"경기부동산포털 국공유지조회·연속지적도","source_date":"2026-08-11","installed_solar_match":false}},{"type":"Feature","id":"4129010600100530000","geometry":{"type":"Point","coordinates":[127.0319435,37.4610335]},"properties":{"pnu":"4129010600100530000","municipality_code":"41290","municipality":"과천시","district":"과천시","locality":"주암동","address":"과천시 주암동 53","owner_type":"시·군유지","owner_label":"과천시","manager":"","property_class":"","land_category":"체육용지","area_sqm":9706.0,"area_band":"5,000㎡ 이상","interest_category":"체육용지","solar_candidate":"Y","candidate_reason":"체육시설·주차장 상부 활용 가능성 추가 검토; 면적 9,706㎡","priority_score":60,"source":"경기부동산포털 국공유지조회·연속지적도","source_date":"2026-08-11","installed_solar_match":false}},{"type":"Feature","id":"4129010700100010004","geometry":{"type":"Point","coordinates":[126.9870279,37.4304974]},"properties":{"pnu":"4129010700100010004","municipality_code":"41290","municipality":"과천시","district":"과천시","locality":"중앙동","address":"과천시 중앙동 1-4","owner_type":"시·군유지","owner_label":"과천시","manager":"","property_class":"","land_category":"대","area_sqm":4039.3,"area_band":"3,000~5,000㎡","interest_category":"대","solar_candidate":"Y","candidate_reason":"청사·공공건축물·주차장 현황 추가 확인 필요; 면적 4,039㎡","priority_score":60,"source":"경기부동산포털 국공유지조회·연속지적도","source_date":"2026-08-11","installed_solar_match":false}},{"type":"Feature","id":"4129010100101070005","geometry":{"type":"Point","coordinates":[126.992369,37.4361795]},"properties":{"pnu":"4129010100101070005","municipality_code":"41290","municipality":"과천시","district":"과천시","locality":"관문동","address":"과천시 관문동 107-5","owner_type":"시·군유지","owner_label":"과천시","manager":"","property_class":"","land_category":"대","area_sqm":3478.0,"area_band":"3,000~5,000㎡","interest_category":"대","solar_candidate":"Y","candidate_reason":"청사·공공건축물·주차장 현황 추가 확인 필요; 면적 3,478㎡","priority_score":60,"source":"경기부동산포털 국공유지조회·연속지적도","source_date":"2026-08-11","installed_solar_match":false}},{"type":"Feature","id":"4129010700100620014","geometry":{"type":"Point","coordinates":[126.978286,37.4230996]},"properties":{"pnu":"4129010700100620014","municipality_code":"41290","municipality":"과천시","district":"과천시","locality":"중앙동","address":"과천시 중앙동 62-14","owner_type":"시·군유지","owner_label":"과천시","manager":"","property_class":"","land_category":"대","area_sqm":3306.0,"area_band":"3,000~5,000㎡","interest_category":"대","solar_candidate":"Y","candidate_reason":"청사·공공건축물·주차장 현황 추가 확인 필요; 면적 3,306㎡","priority_score":60,"source":"경기부동산포털 국공유지조회·연속지적도","source_date":"2026-08-11","installed_solar_match":false}},{"type":"Feature","id":"4129010200100150168","geometry":{"type":"Point","coordinates":[127.0043697,37.4281499]},"properties":{"pnu":"4129010200100150168","municipality_code":"41290","municipality":"과천시","district":"과천시","locality":"문원동","address":"과천시 문원동 15-168","owner_type":"시·군유지","owner_label":"과천시","manager":"","property_class":"","land_category":"대","area_sqm":3215.0,"area_band":"3,000~5,000㎡","interest_category":"대","solar_candidate":"Y","candidate_reason":"청사·공공건축물·주차장 현황 추가 확인 필요; 면적 3,215㎡","priority_score":60,"source":"경기부동산포털 국공유지조회·연속지적도","source_date":"2026-08-11","installed_solar_match":false}},{"type":"Feature","id":"4129010200101150073","geometry":{"type":"Point","coordinates":[127.0097742,37.4248472]},"properties":{"pnu":"4129010200101150073","municipality_code":"41290","municipality":"과천시","district":"과천시","locality":"문원동","address":"과천시 문원동 115-73","owner_type":"시·군유지","owner_label":"과천시","manager":"","property_class":"","land_category":"주차장","area_sqm":980.0,"area_band":"500~1,000㎡","interest_category":"주차장","solar_candidate":"Y","candidate_reason":"주차면 상부 태양광을 우선 검토할 지목; 면적 980㎡","priority_score":60,"source":"경기부동산포털 국공유지조회·연속지적도","source_date":"2026-08-11","installed_solar_match":false}},{"type":"Feature","id":"4129010200101150077","geometry":{"type":"Point","coordinates":[127.0095965,37.4248079]},"properties":{"pnu":"4129010200101150077","municipality_code":"41290","municipality":"과천시","district":"과천시","locality":"문원동","address":"과천시 문원동 115-77","owner_type":"시·군유지","owner_label":"과천시","manager":"","property_class":"","land_category":"주차장","area_sqm":980.0,"area_band":"500~1,000㎡","interest_category":"주차장","solar_candidate":"Y","candidate_reason":"주차면 상부 태양광을 우선 검토할 지목; 면적 980㎡","priority_score":60,"source":"경기부동산포털 국공유지조회·연속지적도","source_date":"2026-08-11","installed_solar_match":false}},{"type":"Feature","id":"4129010200101150069","geometry":{"type":"Point","coordinates":[127.0100162,37.424896]},"properties":{"pnu":"4129010200101150069","municipality_code":"41290","municipality":"과천시","district":"과천시","locality":"문원동","address":"과천시 문원동 115-69","owner_type":"시·군유지","owner_label":"과천시","manager":"","property_class":"","land_category":"주차장","area_sqm":948.0,"area_band":"500~1,000㎡","interest_category":"주차장","solar_candidate":"Y","candidate_reason":"주차면 상부 태양광을 우선 검토할 지목; 면적 948㎡","priority_score":60,"source":"경기부동산포털 국공유지조회·연속지적도","source_date":"2026-08-11","installed_solar_match":false}},{"type":"Feature","id":"4129010500103700012","geometry":{"type":"Point","coordinates":[127.00093,37.4542715]},"properties":{"pnu":"4129010500103700012","municipality_code":"41290","municipality":"과천시","district":"과천시","locality":"과천동","address":"과천시 과천동 370-12","owner_type":"시·군유지","owner_label":"과천시","manager":"","property_class":"","land_category":"주차장","area_sqm":906.0,"area_band":"500~1,000㎡","interest_category":"주차장","solar_candidate":"Y","candidate_reason":"주차면 상부 태양광을 우선 검토할 지목; 면적 906㎡","priority_score":60,"source":"경기부동산포털 국공유지조회·연속지적도","source_date":"2026-08-11","installed_solar_match":false}},{"type":"Feature","id":"4129010300100130034","geometry":{"type":"Point","coordinates":[126.9841869,37.4165422]},"properties":{"pnu":"4129010300100130034","municipality_code":"41290","municipality":"과천시","district":"과천시","locality":"갈현동","address":"과천시 갈현동 13-34","owner_type":"시·군유지","owner_label":"과천시","manager":"","property_class":"","land_category":"주차장","area_sqm":904.0,"area_band":"500~1,000㎡","interest_category":"주차장","solar_candidate":"Y","candidate_reason":"주차면 상부 태양광을 우선 검토할 지목; 면적 904㎡","priority_score":60,"source":"경기부동산포털 국공유지조회·연속지적도","source_date":"2026-08-11","installed_solar_match":false}},{"type":"Feature","id":"4129010500104020012","geometry":{"type":"Point","coordinates":[127.0007312,37.4598371]},"properties":{"pnu":"4129010500104020012","municipality_code":"41290","municipality":"과천시","district":"과천시","locality":"과천동","address":"과천시 과천동 402-12","owner_type":"시·군유지","owner_label":"과천시","manager":"","property_class":"","land_category":"주차장","area_sqm":889.0,"area_band":"500~1,000㎡","interest_category":"주차장","solar_candidate":"Y","candidate_reason":"주차면 상부 태양광을 우선 검토할 지목; 면적 889㎡","priority_score":60,"source":"경기부동산포털 국공유지조회·연속지적도","source_date":"2026-08-11","installed_solar_match":false}},{"type":"Feature","id":"4129010500103670004","geometry":{"type":"Point","coordinates":[127.001259,37.4536929]},"properties":{"pnu":"4129010500103670004","municipality_code":"41290","municipality":"과천시","district":"과천시","locality":"과천동","address":"과천시 과천동 367-4","owner_type":"시·군유지","owner_label":"과천시","manager":"","property_class":"","land_category":"주차장","area_sqm":888.0,"area_band":"500~1,000㎡","interest_category":"주차장","solar_candidate":"Y","candidate_reason":"주차면 상부 태양광을 우선 검토할 지목; 면적 888㎡","priority_score":60,"source":"경기부동산포털 국공유지조회·연속지적도","source_date":"2026-08-11","installed_solar_match":false}},{"type":"Feature","id":"4129010600104400003","geometry":{"type":"Point","coordinates":[127.0225132,37.4467074]},"properties":{"pnu":"4129010600104400003","municipality_code":"41290","municipality":"과천시","district":"과천시","locality":"주암동","address":"과천시 주암동 440-3","owner_type":"시·군유지","owner_label":"과천시","manager":"","property_class":"","land_category":"주차장","area_sqm":879.0,"area_band":"500~1,000㎡","interest_category":"주차장","solar_candidate":"Y","candidate_reason":"주차면 상부 태양광을 우선 검토할 지목; 면적 879㎡","priority_score":60,"source":"경기부동산포털 국공유지조회·연속지적도","source_date":"2026-08-11","installed_solar_match":false}},{"type":"Feature","id":"4129010900100010034","geometry":{"type":"Point","coordinates":[126.9940462,37.4282815]},"properties":{"pnu":"4129010900100010034","municipality_code":"41290","municipality":"과천시","district":"과천시","locality":"별양동","address":"과천시 별양동 1-34","owner_type":"시·군유지","owner_label":"과천시","manager":"","property_class":"","land_category":"주차장","area_sqm":878.5,"area_band":"500~1,000㎡","interest_category":"주차장","solar_candidate":"Y","candidate_reason":"주차면 상부 태양광을 우선 검토할 지목; 면적 878㎡","priority_score":60,"source":"경기부동산포털 국공유지조회·연속지적도","source_date":"2026-08-11","installed_solar_match":false}},{"type":"Feature","id":"4129010200101150030","geometry":{"type":"Point","coordinates":[127.0098365,37.4254295]},"properties":{"pnu":"4129010200101150030","municipality_code":"41290","municipality":"과천시","district":"과천시","locality":"문원동","address":"과천시 문원동 115-30","owner_type":"시·군유지","owner_label":"과천시","manager":"","property_class":"","land_category":"주차장","area_sqm":794.0,"area_band":"500~1,000㎡","interest_category":"주차장","solar_candidate":"Y","candidate_reason":"주차면 상부 태양광을 우선 검토할 지목; 면적 794㎡","priority_score":60,"source":"경기부동산포털 국공유지조회·연속지적도","source_date":"2026-08-11","installed_solar_match":false}},{"type":"Feature","id":"4129010500103720000","geometry":{"type":"Point","coordinates":[127.0007035,37.4549834]},"properties":{"pnu":"4129010500103720000","municipality_code":"41290","municipality":"과천시","district":"과천시","locality":"과천동","address":"과천시 과천동 372","owner_type":"시·군유지","owner_label":"과천시","manager":"","property_class":"","land_category":"주차장","area_sqm":762.0,"area_band":"500~1,000㎡","interest_category":"주차장","solar_candidate":"Y","candidate_reason":"주차면 상부 태양광을 우선 검토할 지목; 면적 762㎡","priority_score":60,"source":"경기부동산포털 국공유지조회·연속지적도","source_date":"2026-08-11","installed_solar_match":false}},{"type":"Feature","id":"4129010900100010035","geometry":{"type":"Point","coordinates":[126.9916343,37.4256055]},"properties":{"pnu":"4129010900100010035","municipality_code":"41290","municipality":"과천시","district":"과천시","locality":"별양동","address":"과천시 별양동 1-35","owner_type":"시·군유지","owner_label":"과천시","manager":"","property_class":"","land_category":"주차장","area_sqm":714.3,"area_band":"500~1,000㎡","interest_category":"주차장","solar_candidate":"Y","candidate_reason":"주차면 상부 태양광을 우선 검토할 지목; 면적 714㎡","priority_score":60,"source":"경기부동산포털 국공유지조회·연속지적도","source_date":"2026-08-11","installed_solar_match":false}},{"type":"Feature","id":"4129010500104870009","geometry":{"type":"Point","coordinates":[126.9928346,37.4525878]},"properties":{"pnu":"4129010500104870009","municipality_code":"41290","municipality":"과천시","district":"과천시","locality":"과천동","address":"과천시 과천동 487-9","owner_type":"시·군유지","owner_label":"과천시","manager":"","property_class":"","land_category":"주차장","area_sqm":542.0,"area_band":"500~1,000㎡","interest_category":"주차장","solar_candidate":"Y","candidate_reason":"주차면 상부 태양광을 우선 검토할 지목; 면적 542㎡","priority_score":60,"source":"경기부동산포털 국공유지조회·연속지적도","source_date":"2026-08-11","installed_solar_match":false}},{"type":"Feature","id":"4129010500105270018","geometry":{"type":"Point","coordinates":[126.9980078,37.447373]},"properties":{"pnu":"4129010500105270018","municipality_code":"41290","municipality":"과천시","district":"과천시","locality":"과천동","address":"과천시 과천동 527-18","owner_type":"시·군유지","owner_label":"과천시","manager":"","property_class":"","land_category":"주차장","area_sqm":541.0,"area_band":"500~1,000㎡","interest_category":"주차장","solar_candidate":"Y","candidate_reason":"주차면 상부 태양광을 우선 검토할 지목; 면적 541㎡","priority_score":60,"source":"경기부동산포털 국공유지조회·연속지적도","source_date":"2026-08-11","installed_solar_match":false}},{"type":"Feature","id":"4129010600104180008","geometry":{"type":"Point","coordinates":[127.0223862,37.447943]},"properties":{"pnu":"4129010600104180008","municipality_code":"41290","municipality":"과천시","district":"과천시","locality":"주암동","address":"과천시 주암동 418-8","owner_type":"시·군유지","owner_label":"과천시","manager":"","property_class":"","land_category":"주차장","area_sqm":506.0,"area_band":"500~1,000㎡","interest_category":"주차장","solar_candidate":"Y","candidate_reason":"주차면 상부 태양광을 우선 검토할 지목; 면적 506㎡","priority_score":60,"source":"경기부동산포털 국공유지조회·연속지적도","source_date":"2026-08-11","installed_solar_match":false}},{"type":"Feature","id":"4129010200100310008","geometry":{"type":"Point","coordinates":[127.0023353,37.4284577]},"properties":{"pnu":"4129010200100310008","municipality_code":"41290","municipality":"과천시","district":"과천시","locality":"문원동","address":"과천시 문원동 31-8","owner_type":"시·군유지","owner_label":"과천시","manager":"","property_class":"","land_category":"잡종지","area_sqm":949.0,"area_band":"500~1,000㎡","interest_category":"잡종지","solar_candidate":"검토필요","candidate_reason":"실제 이용·점유 여부 확인 후 검토할 잡종지; 면적 949㎡","priority_score":55,"source":"경기부동산포털 국공유지조회·연속지적도","source_date":"2026-08-11","installed_solar_match":false}},{"type":"Feature","id":"4129010600107430035","geometry":{"type":"Point","coordinates":[127.0102754,37.4470285]},"properties":{"pnu":"4129010600107430035","municipality_code":"41290","municipality":"과천시","district":"과천시","locality":"주암동","address":"과천시 주암동 743-35","owner_type":"시·군유지","owner_label":"과천시","manager":"","property_class":"","land_category":"잡종지","area_sqm":862.9,"area_band":"500~1,000㎡","interest_category":"잡종지","solar_candidate":"검토필요","candidate_reason":"실제 이용·점유 여부 확인 후 검토할 잡종지; 면적 863㎡","priority_score":55,"source":"경기부동산포털 국공유지조회·연속지적도","source_date":"2026-08-11","installed_solar_match":false}},{"type":"Feature","id":"4129011000100510000","geometry":{"type":"Point","coordinates":[126.9999423,37.4379376]},"properties":{"pnu":"4129011000100510000","municipality_code":"41290","municipality":"과천시","district":"과천시","locality":"부림동","address":"과천시 부림동 51","owner_type":"시·군유지","owner_label":"과천시","manager":"","property_class":"","land_category":"잡종지","area_sqm":861.3,"area_band":"500~1,000㎡","interest_category":"잡종지","solar_candidate":"검토필요","candidate_reason":"실제 이용·점유 여부 확인 후 검토할 잡종지; 면적 861㎡","priority_score":55,"source":"경기부동산포털 국공유지조회·연속지적도","source_date":"2026-08-11","installed_solar_match":false}},{"type":"Feature","id":"4129011000100520001","geometry":{"type":"Point","coordinates":[127.0012628,37.4354524]},"properties":{"pnu":"4129011000100520001","municipality_code":"41290","municipality":"과천시","district":"과천시","locality":"부림동","address":"과천시 부림동 52-1","owner_type":"시·군유지","owner_label":"과천시","manager":"","property_class":"","land_category":"잡종지","area_sqm":819.9,"area_band":"500~1,000㎡","interest_category":"잡종지","solar_candidate":"검토필요","candidate_reason":"실제 이용·점유 여부 확인 후 검토할 잡종지; 면적 820㎡","priority_score":55,"source":"경기부동산포털 국공유지조회·연속지적도","source_date":"2026-08-11","installed_solar_match":false}},{"type":"Feature","id":"4129010200109790007","geometry":{"type":"Point","coordinates":[126.9954265,37.4124795]},"properties":{"pnu":"4129010200109790007","municipality_code":"41290","municipality":"과천시","district":"과천시","locality":"문원동","address":"과천시 문원동 979-7","owner_type":"시·군유지","owner_label":"과천시","manager":"","property_class":"","land_category":"잡종지","area_sqm":661.0,"area_band":"500~1,000㎡","interest_category":"잡종지","solar_candidate":"검토필요","candidate_reason":"실제 이용·점유 여부 확인 후 검토할 잡종지; 면적 661㎡","priority_score":55,"source":"경기부동산포털 국공유지조회·연속지적도","source_date":"2026-08-11","installed_solar_match":false}},{"type":"Feature","id":"4129010700100490000","geometry":{"type":"Point","coordinates":[126.9915062,37.4320261]},"properties":{"pnu":"4129010700100490000","municipality_code":"41290","municipality":"과천시","district":"과천시","locality":"중앙동","address":"과천시 중앙동 49","owner_type":"시·군유지","owner_label":"과천시","manager":"","property_class":"","land_category":"잡종지","area_sqm":622.0,"area_band":"500~1,000㎡","interest_category":"잡종지","solar_candidate":"검토필요","candidate_reason":"실제 이용·점유 여부 확인 후 검토할 잡종지; 면적 622㎡","priority_score":55,"source":"경기부동산포털 국공유지조회·연속지적도","source_date":"2026-08-11","installed_solar_match":false}},{"type":"Feature","id":"4129011000100530000","geometry":{"type":"Point","coordinates":[127.0013468,37.4307603]},"properties":{"pnu":"4129011000100530000","municipality_code":"41290","municipality":"과천시","district":"과천시","locality":"부림동","address":"과천시 부림동 53","owner_type":"시·군유지","owner_label":"과천시","manager":"","property_class":"","land_category":"잡종지","area_sqm":596.6,"area_band":"500~1,000㎡","interest_category":"잡종지","solar_candidate":"검토필요","candidate_reason":"실제 이용·점유 여부 확인 후 검토할 잡종지; 면적 597㎡","priority_score":55,"source":"경기부동산포털 국공유지조회·연속지적도","source_date":"2026-08-11","installed_solar_match":false}},{"type":"Feature","id":"4129010600104220010","geometry":{"type":"Point","coordinates":[127.0228018,37.4472677]},"properties":{"pnu":"4129010600104220010","municipality_code":"41290","municipality":"과천시","district":"과천시","locality":"주암동","address":"과천시 주암동 422-10","owner_type":"시·군유지","owner_label":"과천시","manager":"","property_class":"","land_category":"주차장","area_sqm":455.0,"area_band":"100~500㎡","interest_category":"주차장","solar_candidate":"검토필요","candidate_reason":"주차면 상부 태양광을 우선 검토할 지목; 면적 455㎡","priority_score":55,"source":"경기부동산포털 국공유지조회·연속지적도","source_date":"2026-08-11","installed_solar_match":false}},{"type":"Feature","id":"4129010500105200003","geometry":{"type":"Point","coordinates":[126.9976773,37.449947]},"properties":{"pnu":"4129010500105200003","municipality_code":"41290","municipality":"과천시","district":"과천시","locality":"과천동","address":"과천시 과천동 520-3","owner_type":"시·군유지","owner_label":"과천시","manager":"","property_class":"","land_category":"주차장","area_sqm":451.0,"area_band":"100~500㎡","interest_category":"주차장","solar_candidate":"검토필요","candidate_reason":"주차면 상부 태양광을 우선 검토할 지목; 면적 451㎡","priority_score":55,"source":"경기부동산포털 국공유지조회·연속지적도","source_date":"2026-08-11","installed_solar_match":false}},{"type":"Feature","id":"4129010600100240004","geometry":{"type":"Point","coordinates":[127.0341923,37.4581885]},"properties":{"pnu":"4129010600100240004","municipality_code":"41290","municipality":"과천시","district":"과천시","locality":"주암동","address":"과천시 주암동 24-4","owner_type":"시·군유지","owner_label":"과천시","manager":"","property_class":"","land_category":"주차장","area_sqm":427.0,"area_band":"100~500㎡","interest_category":"주차장","solar_candidate":"검토필요","candidate_reason":"주차면 상부 태양광을 우선 검토할 지목; 면적 427㎡","priority_score":55,"source":"경기부동산포털 국공유지조회·연속지적도","source_date":"2026-08-11","installed_solar_match":false}},{"type":"Feature","id":"4129010600101830007","geometry":{"type":"Point","coordinates":[127.0278849,37.4522284]},"properties":{"pnu":"4129010600101830007","municipality_code":"41290","municipality":"과천시","district":"과천시","locality":"주암동","address":"과천시 주암동 183-7","owner_type":"시·군유지","owner_label":"과천시","manager":"","property_class":"","land_category":"주차장","area_sqm":415.0,"area_band":"100~500㎡","interest_category":"주차장","solar_candidate":"검토필요","candidate_reason":"주차면 상부 태양광을 우선 검토할 지목; 면적 415㎡","priority_score":55,"source":"경기부동산포털 국공유지조회·연속지적도","source_date":"2026-08-11","installed_solar_match":false}},{"type":"Feature","id":"4129010600100160002","geometry":{"type":"Point","coordinates":[127.0330744,37.459517]},"properties":{"pnu":"4129010600100160002","municipality_code":"41290","municipality":"과천시","district":"과천시","locality":"주암동","address":"과천시 주암동 16-2","owner_type":"시·군유지","owner_label":"과천시","manager":"","property_class":"","land_category":"주차장","area_sqm":411.0,"area_band":"100~500㎡","interest_category":"주차장","solar_candidate":"검토필요","candidate_reason":"주차면 상부 태양광을 우선 검토할 지목; 면적 411㎡","priority_score":55,"source":"경기부동산포털 국공유지조회·연속지적도","source_date":"2026-08-11","installed_solar_match":false}},{"type":"Feature","id":"4129010500103890013","geometry":{"type":"Point","coordinates":[127.0011858,37.4586666]},"properties":{"pnu":"4129010500103890013","municipality_code":"41290","municipality":"과천시","district":"과천시","locality":"과천동","address":"과천시 과천동 389-13","owner_type":"시·군유지","owner_label":"과천시","manager":"","property_class":"","land_category":"주차장","area_sqm":410.0,"area_band":"100~500㎡","interest_category":"주차장","solar_candidate":"검토필요","candidate_reason":"주차면 상부 태양광을 우선 검토할 지목; 면적 410㎡","priority_score":55,"source":"경기부동산포털 국공유지조회·연속지적도","source_date":"2026-08-11","installed_solar_match":false}},{"type":"Feature","id":"4129010500104850025","geometry":{"type":"Point","coordinates":[126.9932314,37.4523572]},"properties":{"pnu":"4129010500104850025","municipality_code":"41290","municipality":"과천시","district":"과천시","locality":"과천동","address":"과천시 과천동 485-25","owner_type":"시·군유지","owner_label":"과천시","manager":"","property_class":"","land_category":"주차장","area_sqm":397.0,"area_band":"100~500㎡","interest_category":"주차장","solar_candidate":"검토필요","candidate_reason":"주차면 상부 태양광을 우선 검토할 지목; 면적 397㎡","priority_score":55,"source":"경기부동산포털 국공유지조회·연속지적도","source_date":"2026-08-11","installed_solar_match":false}},{"type":"Feature","id":"4129010500101540019","geometry":{"type":"Point","coordinates":[127.0129469,37.4517124]},"properties":{"pnu":"4129010500101540019","municipality_code":"41290","municipality":"과천시","district":"과천시","locality":"과천동","address":"과천시 과천동 154-19","owner_type":"시·군유지","owner_label":"과천시","manager":"","property_class":"","land_category":"주차장","area_sqm":389.0,"area_band":"100~500㎡","interest_category":"주차장","solar_candidate":"검토필요","candidate_reason":"주차면 상부 태양광을 우선 검토할 지목; 면적 389㎡","priority_score":55,"source":"경기부동산포털 국공유지조회·연속지적도","source_date":"2026-08-11","installed_solar_match":false}},{"type":"Feature","id":"4129010500104620015","geometry":{"type":"Point","coordinates":[126.9957887,37.4501058]},"properties":{"pnu":"4129010500104620015","municipality_code":"41290","municipality":"과천시","district":"과천시","locality":"과천동","address":"과천시 과천동 462-15","owner_type":"시·군유지","owner_label":"과천시","manager":"","property_class":"","land_category":"주차장","area_sqm":385.0,"area_band":"100~500㎡","interest_category":"주차장","solar_candidate":"검토필요","candidate_reason":"주차면 상부 태양광을 우선 검토할 지목; 면적 385㎡","priority_score":55,"source":"경기부동산포털 국공유지조회·연속지적도","source_date":"2026-08-11","installed_solar_match":false}},{"type":"Feature","id":"4129010500101540025","geometry":{"type":"Point","coordinates":[127.0133795,37.451264]},"properties":{"pnu":"4129010500101540025","municipality_code":"41290","municipality":"과천시","district":"과천시","locality":"과천동","address":"과천시 과천동 154-25","owner_type":"시·군유지","owner_label":"과천시","manager":"","property_class":"","land_category":"주차장","area_sqm":366.0,"area_band":"100~500㎡","interest_category":"주차장","solar_candidate":"검토필요","candidate_reason":"주차면 상부 태양광을 우선 검토할 지목; 면적 366㎡","priority_score":55,"source":"경기부동산포털 국공유지조회·연속지적도","source_date":"2026-08-11","installed_solar_match":false}},{"type":"Feature","id":"4129010500101420034","geometry":{"type":"Point","coordinates":[127.0106597,37.4473152]},"properties":{"pnu":"4129010500101420034","municipality_code":"41290","municipality":"과천시","district":"과천시","locality":"과천동","address":"과천시 과천동 142-34","owner_type":"시·군유지","owner_label":"과천시","manager":"","property_class":"","land_category":"주차장","area_sqm":365.0,"area_band":"100~500㎡","interest_category":"주차장","solar_candidate":"검토필요","candidate_reason":"주차면 상부 태양광을 우선 검토할 지목; 면적 365㎡","priority_score":55,"source":"경기부동산포털 국공유지조회·연속지적도","source_date":"2026-08-11","installed_solar_match":false}},{"type":"Feature","id":"4129010600101620006","geometry":{"type":"Point","coordinates":[127.0298186,37.455862]},"properties":{"pnu":"4129010600101620006","municipality_code":"41290","municipality":"과천시","district":"과천시","locality":"주암동","address":"과천시 주암동 162-6","owner_type":"시·군유지","owner_label":"과천시","manager":"","property_class":"","land_category":"주차장","area_sqm":361.0,"area_band":"100~500㎡","interest_category":"주차장","solar_candidate":"검토필요","candidate_reason":"주차면 상부 태양광을 우선 검토할 지목; 면적 361㎡","priority_score":55,"source":"경기부동산포털 국공유지조회·연속지적도","source_date":"2026-08-11","installed_solar_match":false}},{"type":"Feature","id":"4129010600104400008","geometry":{"type":"Point","coordinates":[127.0222783,37.4466869]},"properties":{"pnu":"4129010600104400008","municipality_code":"41290","municipality":"과천시","district":"과천시","locality":"주암동","address":"과천시 주암동 440-8","owner_type":"시·군유지","owner_label":"과천시","manager":"","property_class":"","land_category":"주차장","area_sqm":360.0,"area_band":"100~500㎡","interest_category":"주차장","solar_candidate":"검토필요","candidate_reason":"주차면 상부 태양광을 우선 검토할 지목; 면적 360㎡","priority_score":55,"source":"경기부동산포털 국공유지조회·연속지적도","source_date":"2026-08-11","installed_solar_match":false}},{"type":"Feature","id":"4129010200103550003","geometry":{"type":"Point","coordinates":[127.0029994,37.4186877]},"properties":{"pnu":"4129010200103550003","municipality_code":"41290","municipality":"과천시","district":"과천시","locality":"문원동","address":"과천시 문원동 355-3","owner_type":"시·군유지","owner_label":"과천시","manager":"","property_class":"","land_category":"주차장","area_sqm":348.0,"area_band":"100~500㎡","interest_category":"주차장","solar_candidate":"검토필요","candidate_reason":"주차면 상부 태양광을 우선 검토할 지목; 면적 348㎡","priority_score":55,"source":"경기부동산포털 국공유지조회·연속지적도","source_date":"2026-08-11","installed_solar_match":false}},{"type":"Feature","id":"4129010500103690006","geometry":{"type":"Point","coordinates":[127.0012005,37.4540256]},"properties":{"pnu":"4129010500103690006","municipality_code":"41290","municipality":"과천시","district":"과천시","locality":"과천동","address":"과천시 과천동 369-6","owner_type":"시·군유지","owner_label":"과천시","manager":"","property_class":"","land_category":"주차장","area_sqm":316.0,"area_band":"100~500㎡","interest_category":"주차장","solar_candidate":"검토필요","candidate_reason":"주차면 상부 태양광을 우선 검토할 지목; 면적 316㎡","priority_score":55,"source":"경기부동산포털 국공유지조회·연속지적도","source_date":"2026-08-11","installed_solar_match":false}},{"type":"Feature","id":"4129010600104220016","geometry":{"type":"Point","coordinates":[127.0231563,37.4465125]},"properties":{"pnu":"4129010600104220016","municipality_code":"41290","municipality":"과천시","district":"과천시","locality":"주암동","address":"과천시 주암동 422-16","owner_type":"시·군유지","owner_label":"과천시","manager":"","property_class":"","land_category":"주차장","area_sqm":297.0,"area_band":"100~500㎡","interest_category":"주차장","solar_candidate":"검토필요","candidate_reason":"주차면 상부 태양광을 우선 검토할 지목; 면적 297㎡","priority_score":55,"source":"경기부동산포털 국공유지조회·연속지적도","source_date":"2026-08-11","installed_solar_match":false}},{"type":"Feature","id":"4129010500101430003","geometry":{"type":"Point","coordinates":[127.0101209,37.4484268]},"properties":{"pnu":"4129010500101430003","municipality_code":"41290","municipality":"과천시","district":"과천시","locality":"과천동","address":"과천시 과천동 143-3","owner_type":"시·군유지","owner_label":"과천시","manager":"","property_class":"","land_category":"주차장","area_sqm":296.0,"area_band":"100~500㎡","interest_category":"주차장","solar_candidate":"검토필요","candidate_reason":"주차면 상부 태양광을 우선 검토할 지목; 면적 296㎡","priority_score":55,"source":"경기부동산포털 국공유지조회·연속지적도","source_date":"2026-08-11","installed_solar_match":false}},{"type":"Feature","id":"4129010900100410001","geometry":{"type":"Point","coordinates":[126.9962797,37.4235228]},"properties":{"pnu":"4129010900100410001","municipality_code":"41290","municipality":"과천시","district":"과천시","locality":"별양동","address":"과천시 별양동 41-1","owner_type":"시·군유지","owner_label":"과천시","manager":"","property_class":"","land_category":"주차장","area_sqm":289.6,"area_band":"100~500㎡","interest_category":"주차장","solar_candidate":"검토필요","candidate_reason":"주차면 상부 태양광을 우선 검토할 지목; 면적 290㎡","priority_score":55,"source":"경기부동산포털 국공유지조회·연속지적도","source_date":"2026-08-11","installed_solar_match":false}},{"type":"Feature","id":"4129010200103240014","geometry":{"type":"Point","coordinates":[126.9991788,37.4197181]},"properties":{"pnu":"4129010200103240014","municipality_code":"41290","municipality":"과천시","district":"과천시","locality":"문원동","address":"과천시 문원동 324-14","owner_type":"시·군유지","owner_label":"과천시","manager":"","property_class":"","land_category":"주차장","area_sqm":280.0,"area_band":"100~500㎡","interest_category":"주차장","solar_candidate":"검토필요","candidate_reason":"주차면 상부 태양광을 우선 검토할 지목; 면적 280㎡","priority_score":55,"source":"경기부동산포털 국공유지조회·연속지적도","source_date":"2026-08-11","installed_solar_match":false}},{"type":"Feature","id":"4129010500105250010","geometry":{"type":"Point","coordinates":[126.9986283,37.4482405]},"properties":{"pnu":"4129010500105250010","municipality_code":"41290","municipality":"과천시","district":"과천시","locality":"과천동","address":"과천시 과천동 525-10","owner_type":"시·군유지","owner_label":"과천시","manager":"","property_class":"","land_category":"주차장","area_sqm":274.0,"area_band":"100~500㎡","interest_category":"주차장","solar_candidate":"검토필요","candidate_reason":"주차면 상부 태양광을 우선 검토할 지목; 면적 274㎡","priority_score":55,"source":"경기부동산포털 국공유지조회·연속지적도","source_date":"2026-08-11","installed_solar_match":false}},{"type":"Feature","id":"4129010600101080014","geometry":{"type":"Point","coordinates":[127.0306256,37.4570785]},"properties":{"pnu":"4129010600101080014","municipality_code":"41290","municipality":"과천시","district":"과천시","locality":"주암동","address":"과천시 주암동 108-14","owner_type":"시·군유지","owner_label":"과천시","manager":"","property_class":"","land_category":"주차장","area_sqm":270.0,"area_band":"100~500㎡","interest_category":"주차장","solar_candidate":"검토필요","candidate_reason":"주차면 상부 태양광을 우선 검토할 지목; 면적 270㎡","priority_score":55,"source":"경기부동산포털 국공유지조회·연속지적도","source_date":"2026-08-11","installed_solar_match":false}},{"type":"Feature","id":"4129010900100420002","geometry":{"type":"Point","coordinates":[126.9966881,37.4236487]},"properties":{"pnu":"4129010900100420002","municipality_code":"41290","municipality":"과천시","district":"과천시","locality":"별양동","address":"과천시 별양동 42-2","owner_type":"시·군유지","owner_label":"과천시","manager":"","property_class":"","land_category":"주차장","area_sqm":256.8,"area_band":"100~500㎡","interest_category":"주차장","solar_candidate":"검토필요","candidate_reason":"주차면 상부 태양광을 우선 검토할 지목; 면적 257㎡","priority_score":55,"source":"경기부동산포털 국공유지조회·연속지적도","source_date":"2026-08-11","installed_solar_match":false}},{"type":"Feature","id":"4129010200103640026","geometry":{"type":"Point","coordinates":[126.9996047,37.4182755]},"properties":{"pnu":"4129010200103640026","municipality_code":"41290","municipality":"과천시","district":"과천시","locality":"문원동","address":"과천시 문원동 364-26","owner_type":"시·군유지","owner_label":"과천시","manager":"","property_class":"","land_category":"주차장","area_sqm":256.0,"area_band":"100~500㎡","interest_category":"주차장","solar_candidate":"검토필요","candidate_reason":"주차면 상부 태양광을 우선 검토할 지목; 면적 256㎡","priority_score":55,"source":"경기부동산포털 국공유지조회·연속지적도","source_date":"2026-08-11","installed_solar_match":false}},{"type":"Feature","id":"4129011000100200003","geometry":{"type":"Point","coordinates":[126.9974267,37.4389276]},"properties":{"pnu":"4129011000100200003","municipality_code":"41290","municipality":"과천시","district":"과천시","locality":"부림동","address":"과천시 부림동 20-3","owner_type":"시·군유지","owner_label":"과천시","manager":"","property_class":"","land_category":"주차장","area_sqm":255.5,"area_band":"100~500㎡","interest_category":"주차장","solar_candidate":"검토필요","candidate_reason":"주차면 상부 태양광을 우선 검토할 지목; 면적 256㎡","priority_score":55,"source":"경기부동산포털 국공유지조회·연속지적도","source_date":"2026-08-11","installed_solar_match":false}},{"type":"Feature","id":"4129010500101330003","geometry":{"type":"Point","coordinates":[127.0100228,37.4486632]},"properties":{"pnu":"4129010500101330003","municipality_code":"41290","municipality":"과천시","district":"과천시","locality":"과천동","address":"과천시 과천동 133-3","owner_type":"시·군유지","owner_label":"과천시","manager":"","property_class":"","land_category":"주차장","area_sqm":254.0,"area_band":"100~500㎡","interest_category":"주차장","solar_candidate":"검토필요","candidate_reason":"주차면 상부 태양광을 우선 검토할 지목; 면적 254㎡","priority_score":55,"source":"경기부동산포털 국공유지조회·연속지적도","source_date":"2026-08-11","installed_solar_match":false}},{"type":"Feature","id":"4129010700100090006","geometry":{"type":"Point","coordinates":[126.9885602,37.4311997]},"properties":{"pnu":"4129010700100090006","municipality_code":"41290","municipality":"과천시","district":"과천시","locality":"중앙동","address":"과천시 중앙동 9-6","owner_type":"시·군유지","owner_label":"과천시","manager":"","property_class":"","land_category":"주차장","area_sqm":249.9,"area_band":"100~500㎡","interest_category":"주차장","solar_candidate":"검토필요","candidate_reason":"주차면 상부 태양광을 우선 검토할 지목; 면적 250㎡","priority_score":55,"source":"경기부동산포털 국공유지조회·연속지적도","source_date":"2026-08-11","installed_solar_match":false}},{"type":"Feature","id":"4129011000100390008","geometry":{"type":"Point","coordinates":[126.9996125,37.437461]},"properties":{"pnu":"4129011000100390008","municipality_code":"41290","municipality":"과천시","district":"과천시","locality":"부림동","address":"과천시 부림동 39-8","owner_type":"시·군유지","owner_label":"과천시","manager":"","property_class":"","land_category":"주차장","area_sqm":246.9,"area_band":"100~500㎡","interest_category":"주차장","solar_candidate":"검토필요","candidate_reason":"주차면 상부 태양광을 우선 검토할 지목; 면적 247㎡","priority_score":55,"source":"경기부동산포털 국공유지조회·연속지적도","source_date":"2026-08-11","installed_solar_match":false}},{"type":"Feature","id":"4129010900100230003","geometry":{"type":"Point","coordinates":[126.9955414,37.425594]},"properties":{"pnu":"4129010900100230003","municipality_code":"41290","municipality":"과천시","district":"과천시","locality":"별양동","address":"과천시 별양동 23-3","owner_type":"시·군유지","owner_label":"과천시","manager":"","property_class":"","land_category":"주차장","area_sqm":244.4,"area_band":"100~500㎡","interest_category":"주차장","solar_candidate":"검토필요","candidate_reason":"주차면 상부 태양광을 우선 검토할 지목; 면적 244㎡","priority_score":55,"source":"경기부동산포털 국공유지조회·연속지적도","source_date":"2026-08-11","installed_solar_match":false}},{"type":"Feature","id":"4129011000100350008","geometry":{"type":"Point","coordinates":[126.9989774,37.4383533]},"properties":{"pnu":"4129011000100350008","municipality_code":"41290","municipality":"과천시","district":"과천시","locality":"부림동","address":"과천시 부림동 35-8","owner_type":"시·군유지","owner_label":"과천시","manager":"","property_class":"","land_category":"주차장","area_sqm":243.4,"area_band":"100~500㎡","interest_category":"주차장","solar_candidate":"검토필요","candidate_reason":"주차면 상부 태양광을 우선 검토할 지목; 면적 243㎡","priority_score":55,"source":"경기부동산포털 국공유지조회·연속지적도","source_date":"2026-08-11","installed_solar_match":false}},{"type":"Feature","id":"4129010700100190008","geometry":{"type":"Point","coordinates":[126.9910479,37.4331766]},"properties":{"pnu":"4129010700100190008","municipality_code":"41290","municipality":"과천시","district":"과천시","locality":"중앙동","address":"과천시 중앙동 19-8","owner_type":"시·군유지","owner_label":"과천시","manager":"","property_class":"","land_category":"주차장","area_sqm":241.5,"area_band":"100~500㎡","interest_category":"주차장","solar_candidate":"검토필요","candidate_reason":"주차면 상부 태양광을 우선 검토할 지목; 면적 242㎡","priority_score":55,"source":"경기부동산포털 국공유지조회·연속지적도","source_date":"2026-08-11","installed_solar_match":false}},{"type":"Feature","id":"4129010700100280003","geometry":{"type":"Point","coordinates":[126.9902951,37.4319996]},"properties":{"pnu":"4129010700100280003","municipality_code":"41290","municipality":"과천시","district":"과천시","locality":"중앙동","address":"과천시 중앙동 28-3","owner_type":"시·군유지","owner_label":"과천시","manager":"","property_class":"","land_category":"주차장","area_sqm":240.0,"area_band":"100~500㎡","interest_category":"주차장","solar_candidate":"검토필요","candidate_reason":"주차면 상부 태양광을 우선 검토할 지목; 면적 240㎡","priority_score":55,"source":"경기부동산포털 국공유지조회·연속지적도","source_date":"2026-08-11","installed_solar_match":false}},{"type":"Feature","id":"4129011000100390006","geometry":{"type":"Point","coordinates":[126.9996918,37.4376487]},"properties":{"pnu":"4129011000100390006","municipality_code":"41290","municipality":"과천시","district":"과천시","locality":"부림동","address":"과천시 부림동 39-6","owner_type":"시·군유지","owner_label":"과천시","manager":"","property_class":"","land_category":"주차장","area_sqm":239.1,"area_band":"100~500㎡","interest_category":"주차장","solar_candidate":"검토필요","candidate_reason":"주차면 상부 태양광을 우선 검토할 지목; 면적 239㎡","priority_score":55,"source":"경기부동산포털 국공유지조회·연속지적도","source_date":"2026-08-11","installed_solar_match":false}},{"type":"Feature","id":"4129010700100260003","geometry":{"type":"Point","coordinates":[126.9890947,37.4295062]},"properties":{"pnu":"4129010700100260003","municipality_code":"41290","municipality":"과천시","district":"과천시","locality":"중앙동","address":"과천시 중앙동 26-3","owner_type":"시·군유지","owner_label":"과천시","manager":"","property_class":"","land_category":"주차장","area_sqm":234.0,"area_band":"100~500㎡","interest_category":"주차장","solar_candidate":"검토필요","candidate_reason":"주차면 상부 태양광을 우선 검토할 지목; 면적 234㎡","priority_score":55,"source":"경기부동산포털 국공유지조회·연속지적도","source_date":"2026-08-11","installed_solar_match":false}},{"type":"Feature","id":"4129010500105300006","geometry":{"type":"Point","coordinates":[126.9971689,37.4470377]},"properties":{"pnu":"4129010500105300006","municipality_code":"41290","municipality":"과천시","district":"과천시","locality":"과천동","address":"과천시 과천동 530-6","owner_type":"시·군유지","owner_label":"과천시","manager":"","property_class":"","land_category":"주차장","area_sqm":230.0,"area_band":"100~500㎡","interest_category":"주차장","solar_candidate":"검토필요","candidate_reason":"주차면 상부 태양광을 우선 검토할 지목; 면적 230㎡","priority_score":55,"source":"경기부동산포털 국공유지조회·연속지적도","source_date":"2026-08-11","installed_solar_match":false}},{"type":"Feature","id":"4129011000100290011","geometry":{"type":"Point","coordinates":[126.9965614,37.4370713]},"properties":{"pnu":"4129011000100290011","municipality_code":"41290","municipality":"과천시","district":"과천시","locality":"부림동","address":"과천시 부림동 29-11","owner_type":"시·군유지","owner_label":"과천시","manager":"","property_class":"","land_category":"주차장","area_sqm":225.3,"area_band":"100~500㎡","interest_category":"주차장","solar_candidate":"검토필요","candidate_reason":"주차면 상부 태양광을 우선 검토할 지목; 면적 225㎡","priority_score":55,"source":"경기부동산포털 국공유지조회·연속지적도","source_date":"2026-08-11","installed_solar_match":false}},{"type":"Feature","id":"4129010300103560006","geometry":{"type":"Point","coordinates":[126.9820681,37.4166163]},"properties":{"pnu":"4129010300103560006","municipality_code":"41290","municipality":"과천시","district":"과천시","locality":"갈현동","address":"과천시 갈현동 356-6","owner_type":"시·군유지","owner_label":"과천시","manager":"","property_class":"","land_category":"주차장","area_sqm":209.0,"area_band":"100~500㎡","interest_category":"주차장","solar_candidate":"검토필요","candidate_reason":"주차면 상부 태양광을 우선 검토할 지목; 면적 209㎡","priority_score":55,"source":"경기부동산포털 국공유지조회·연속지적도","source_date":"2026-08-11","installed_solar_match":false}},{"type":"Feature","id":"4129010500101540020","geometry":{"type":"Point","coordinates":[127.0122534,37.4514336]},"properties":{"pnu":"4129010500101540020","municipality_code":"41290","municipality":"과천시","district":"과천시","locality":"과천동","address":"과천시 과천동 154-20","owner_type":"시·군유지","owner_label":"과천시","manager":"","property_class":"","land_category":"주차장","area_sqm":188.0,"area_band":"100~500㎡","interest_category":"주차장","solar_candidate":"검토필요","candidate_reason":"주차면 상부 태양광을 우선 검토할 지목; 면적 188㎡","priority_score":55,"source":"경기부동산포털 국공유지조회·연속지적도","source_date":"2026-08-11","installed_solar_match":false}},{"type":"Feature","id":"4129010300100050013","geometry":{"type":"Point","coordinates":[126.9851283,37.4182212]},"properties":{"pnu":"4129010300100050013","municipality_code":"41290","municipality":"과천시","district":"과천시","locality":"갈현동","address":"과천시 갈현동 5-13","owner_type":"시·군유지","owner_label":"과천시","manager":"","property_class":"","land_category":"주차장","area_sqm":177.0,"area_band":"100~500㎡","interest_category":"주차장","solar_candidate":"검토필요","candidate_reason":"주차면 상부 태양광을 우선 검토할 지목; 면적 177㎡","priority_score":55,"source":"경기부동산포털 국공유지조회·연속지적도","source_date":"2026-08-11","installed_solar_match":false}},{"type":"Feature","id":"4129010300100040003","geometry":{"type":"Point","coordinates":[126.9852767,37.4182963]},"properties":{"pnu":"4129010300100040003","municipality_code":"41290","municipality":"과천시","district":"과천시","locality":"갈현동","address":"과천시 갈현동 4-3","owner_type":"시·군유지","owner_label":"과천시","manager":"","property_class":"","land_category":"주차장","area_sqm":163.0,"area_band":"100~500㎡","interest_category":"주차장","solar_candidate":"검토필요","candidate_reason":"주차면 상부 태양광을 우선 검토할 지목; 면적 163㎡","priority_score":55,"source":"경기부동산포털 국공유지조회·연속지적도","source_date":"2026-08-11","installed_solar_match":false}},{"type":"Feature","id":"4129010500103750010","geometry":{"type":"Point","coordinates":[127.0013994,37.4561803]},"properties":{"pnu":"4129010500103750010","municipality_code":"41290","municipality":"과천시","district":"과천시","locality":"과천동","address":"과천시 과천동 375-10","owner_type":"시·군유지","owner_label":"과천시","manager":"","property_class":"","land_category":"주차장","area_sqm":154.0,"area_band":"100~500㎡","interest_category":"주차장","solar_candidate":"검토필요","candidate_reason":"주차면 상부 태양광을 우선 검토할 지목; 면적 154㎡","priority_score":55,"source":"경기부동산포털 국공유지조회·연속지적도","source_date":"2026-08-11","installed_solar_match":false}},{"type":"Feature","id":"4129010500105220027","geometry":{"type":"Point","coordinates":[126.9969041,37.4484061]},"properties":{"pnu":"4129010500105220027","municipality_code":"41290","municipality":"과천시","district":"과천시","locality":"과천동","address":"과천시 과천동 522-27","owner_type":"시·군유지","owner_label":"과천시","manager":"","property_class":"","land_category":"주차장","area_sqm":134.0,"area_band":"100~500㎡","interest_category":"주차장","solar_candidate":"검토필요","candidate_reason":"주차면 상부 태양광을 우선 검토할 지목; 면적 134㎡","priority_score":55,"source":"경기부동산포털 국공유지조회·연속지적도","source_date":"2026-08-11","installed_solar_match":false}},{"type":"Feature","id":"4129010200101150059","geometry":{"type":"Point","coordinates":[127.0103143,37.4251484]},"properties":{"pnu":"4129010200101150059","municipality_code":"41290","municipality":"과천시","district":"과천시","locality":"문원동","address":"과천시 문원동 115-59","owner_type":"시·군유지","owner_label":"과천시","manager":"","property_class":"","land_category":"주차장","area_sqm":132.0,"area_band":"100~500㎡","interest_category":"주차장","solar_candidate":"검토필요","candidate_reason":"주차면 상부 태양광을 우선 검토할 지목; 면적 132㎡","priority_score":55,"source":"경기부동산포털 국공유지조회·연속지적도","source_date":"2026-08-11","installed_solar_match":false}},{"type":"Feature","id":"4129010200101150136","geometry":{"type":"Point","coordinates":[127.0091387,37.424103]},"properties":{"pnu":"4129010200101150136","municipality_code":"41290","municipality":"과천시","district":"과천시","locality":"문원동","address":"과천시 문원동 115-136","owner_type":"시·군유지","owner_label":"과천시","manager":"","property_class":"","land_category":"주차장","area_sqm":132.0,"area_band":"100~500㎡","interest_category":"주차장","solar_candidate":"검토필요","candidate_reason":"주차면 상부 태양광을 우선 검토할 지목; 면적 132㎡","priority_score":55,"source":"경기부동산포털 국공유지조회·연속지적도","source_date":"2026-08-11","installed_solar_match":false}},{"type":"Feature","id":"4129010200101150186","geometry":{"type":"Point","coordinates":[127.0101065,37.4237986]},"properties":{"pnu":"4129010200101150186","municipality_code":"41290","municipality":"과천시","district":"과천시","locality":"문원동","address":"과천시 문원동 115-186","owner_type":"시·군유지","owner_label":"과천시","manager":"","property_class":"","land_category":"주차장","area_sqm":132.0,"area_band":"100~500㎡","interest_category":"주차장","solar_candidate":"검토필요","candidate_reason":"주차면 상부 태양광을 우선 검토할 지목; 면적 132㎡","priority_score":55,"source":"경기부동산포털 국공유지조회·연속지적도","source_date":"2026-08-11","installed_solar_match":false}},{"type":"Feature","id":"4129010200101150219","geometry":{"type":"Point","coordinates":[127.0106069,37.4244121]},"properties":{"pnu":"4129010200101150219","municipality_code":"41290","municipality":"과천시","district":"과천시","locality":"문원동","address":"과천시 문원동 115-219","owner_type":"시·군유지","owner_label":"과천시","manager":"","property_class":"","land_category":"주차장","area_sqm":132.0,"area_band":"100~500㎡","interest_category":"주차장","solar_candidate":"검토필요","candidate_reason":"주차면 상부 태양광을 우선 검토할 지목; 면적 132㎡","priority_score":55,"source":"경기부동산포털 국공유지조회·연속지적도","source_date":"2026-08-11","installed_solar_match":false}},{"type":"Feature","id":"4129010200101150264","geometry":{"type":"Point","coordinates":[127.0106071,37.422926]},"properties":{"pnu":"4129010200101150264","municipality_code":"41290","municipality":"과천시","district":"과천시","locality":"문원동","address":"과천시 문원동 115-264","owner_type":"시·군유지","owner_label":"과천시","manager":"","property_class":"","land_category":"주차장","area_sqm":132.0,"area_band":"100~500㎡","interest_category":"주차장","solar_candidate":"검토필요","candidate_reason":"주차면 상부 태양광을 우선 검토할 지목; 면적 132㎡","priority_score":55,"source":"경기부동산포털 국공유지조회·연속지적도","source_date":"2026-08-11","installed_solar_match":false}},{"type":"Feature","id":"4129010600101840021","geometry":{"type":"Point","coordinates":[127.027826,37.4522986]},"properties":{"pnu":"4129010600101840021","municipality_code":"41290","municipality":"과천시","district":"과천시","locality":"주암동","address":"과천시 주암동 184-21","owner_type":"시·군유지","owner_label":"과천시","manager":"","property_class":"","land_category":"주차장","area_sqm":129.0,"area_band":"100~500㎡","interest_category":"주차장","solar_candidate":"검토필요","candidate_reason":"주차면 상부 태양광을 우선 검토할 지목; 면적 129㎡","priority_score":55,"source":"경기부동산포털 국공유지조회·연속지적도","source_date":"2026-08-11","installed_solar_match":false}},{"type":"Feature","id":"4129010300103550011","geometry":{"type":"Point","coordinates":[126.9821334,37.4166936]},"properties":{"pnu":"4129010300103550011","municipality_code":"41290","municipality":"과천시","district":"과천시","locality":"갈현동","address":"과천시 갈현동 355-11","owner_type":"시·군유지","owner_label":"과천시","manager":"","property_class":"","land_category":"주차장","area_sqm":122.0,"area_band":"100~500㎡","interest_category":"주차장","solar_candidate":"검토필요","candidate_reason":"주차면 상부 태양광을 우선 검토할 지목; 면적 122㎡","priority_score":55,"source":"경기부동산포털 국공유지조회·연속지적도","source_date":"2026-08-11","installed_solar_match":false}},{"type":"Feature","id":"4129010200100150147","geometry":{"type":"Point","coordinates":[127.0050909,37.4289325]},"properties":{"pnu":"4129010200100150147","municipality_code":"41290","municipality":"과천시","district":"과천시","locality":"문원동","address":"과천시 문원동 15-147","owner_type":"시·군유지","owner_label":"과천시","manager":"","property_class":"","land_category":"주차장","area_sqm":118.0,"area_band":"100~500㎡","interest_category":"주차장","solar_candidate":"검토필요","candidate_reason":"주차면 상부 태양광을 우선 검토할 지목; 면적 118㎡","priority_score":55,"source":"경기부동산포털 국공유지조회·연속지적도","source_date":"2026-08-11","installed_solar_match":false}},{"type":"Feature","id":"4129010600100160016","geometry":{"type":"Point","coordinates":[127.0331639,37.4596073]},"properties":{"pnu":"4129010600100160016","municipality_code":"41290","municipality":"과천시","district":"과천시","locality":"주암동","address":"과천시 주암동 16-16","owner_type":"시·군유지","owner_label":"과천시","manager":"","property_class":"","land_category":"주차장","area_sqm":117.0,"area_band":"100~500㎡","interest_category":"주차장","solar_candidate":"검토필요","candidate_reason":"주차면 상부 태양광을 우선 검토할 지목; 면적 117㎡","priority_score":55,"source":"경기부동산포털 국공유지조회·연속지적도","source_date":"2026-08-11","installed_solar_match":false}},{"type":"Feature","id":"4129010200103240016","geometry":{"type":"Point","coordinates":[126.9990568,37.4197341]},"properties":{"pnu":"4129010200103240016","municipality_code":"41290","municipality":"과천시","district":"과천시","locality":"문원동","address":"과천시 문원동 324-16","owner_type":"시·군유지","owner_label":"과천시","manager":"","property_class":"","land_category":"주차장","area_sqm":111.0,"area_band":"100~500㎡","interest_category":"주차장","solar_candidate":"검토필요","candidate_reason":"주차면 상부 태양광을 우선 검토할 지목; 면적 111㎡","priority_score":55,"source":"경기부동산포털 국공유지조회·연속지적도","source_date":"2026-08-11","installed_solar_match":false}},{"type":"Feature","id":"4129010200101870001","geometry":{"type":"Point","coordinates":[127.001863,37.4263975]},"properties":{"pnu":"4129010200101870001","municipality_code":"41290","municipality":"과천시","district":"과천시","locality":"문원동","address":"과천시 문원동 187-1","owner_type":"시·군유지","owner_label":"과천시","manager":"","property_class":"","land_category":"대","area_sqm":2937.0,"area_band":"1,000~3,000㎡","interest_category":"대","solar_candidate":"검토필요","candidate_reason":"청사·공공건축물·주차장 현황 추가 확인 필요; 면적 2,937㎡","priority_score":53,"source":"경기부동산포털 국공유지조회·연속지적도","source_date":"2026-08-11","installed_solar_match":false}},{"type":"Feature","id":"4129010200100150160","geometry":{"type":"Point","coordinates":[127.0052334,37.429525]},"properties":{"pnu":"4129010200100150160","municipality_code":"41290","municipality":"과천시","district":"과천시","locality":"문원동","address":"과천시 문원동 15-160","owner_type":"시·군유지","owner_label":"과천시","manager":"","property_class":"","land_category":"대","area_sqm":2008.0,"area_band":"1,000~3,000㎡","interest_category":"대","solar_candidate":"검토필요","candidate_reason":"청사·공공건축물·주차장 현황 추가 확인 필요; 면적 2,008㎡","priority_score":53,"source":"경기부동산포털 국공유지조회·연속지적도","source_date":"2026-08-11","installed_solar_match":true,"installed_solar_count":1,"installed_solar_area_sqm":43.8,"installed_solar_analysis_years":["2024"],"installed_solar_types":["공공시설물"],"installed_solar_permit_status_counts":{"N":1}}},{"type":"Feature","id":"4129010700100400000","geometry":{"type":"Point","coordinates":[126.9904631,37.4285539]},"properties":{"pnu":"4129010700100400000","municipality_code":"41290","municipality":"과천시","district":"과천시","locality":"중앙동","address":"과천시 중앙동 40","owner_type":"시·군유지","owner_label":"과천시","manager":"","property_class":"","land_category":"대","area_sqm":1903.5,"area_band":"1,000~3,000㎡","interest_category":"대","solar_candidate":"검토필요","candidate_reason":"청사·공공건축물·주차장 현황 추가 확인 필요; 면적 1,904㎡","priority_score":53,"source":"경기부동산포털 국공유지조회·연속지적도","source_date":"2026-08-11","installed_solar_match":false}},{"type":"Feature","id":"4129010900100300000","geometry":{"type":"Point","coordinates":[126.9964239,37.4246941]},"properties":{"pnu":"4129010900100300000","municipality_code":"41290","municipality":"과천시","district":"과천시","locality":"별양동","address":"과천시 별양동 30","owner_type":"시·군유지","owner_label":"과천시","manager":"","property_class":"","land_category":"대","area_sqm":1782.5,"area_band":"1,000~3,000㎡","interest_category":"대","solar_candidate":"검토필요","candidate_reason":"청사·공공건축물·주차장 현황 추가 확인 필요; 면적 1,782㎡","priority_score":53,"source":"경기부동산포털 국공유지조회·연속지적도","source_date":"2026-08-11","installed_solar_match":false}},{"type":"Feature","id":"4129010300108470000","geometry":{"type":"Point","coordinates":[126.9825139,37.4098142]},"properties":{"pnu":"4129010300108470000","municipality_code":"41290","municipality":"과천시","district":"과천시","locality":"갈현동","address":"과천시 갈현동 847","owner_type":"시·군유지","owner_label":"과천시","manager":"","property_class":"","land_category":"대","area_sqm":1673.7,"area_band":"1,000~3,000㎡","interest_category":"대","solar_candidate":"검토필요","candidate_reason":"청사·공공건축물·주차장 현황 추가 확인 필요; 면적 1,674㎡","priority_score":53,"source":"경기부동산포털 국공유지조회·연속지적도","source_date":"2026-08-11","installed_solar_match":false}},{"type":"Feature","id":"4129010200100890012","geometry":{"type":"Point","coordinates":[127.0013485,37.4278541]},"properties":{"pnu":"4129010200100890012","municipality_code":"41290","municipality":"과천시","district":"과천시","locality":"문원동","address":"과천시 문원동 89-12","owner_type":"시·군유지","owner_label":"과천시","manager":"","property_class":"","land_category":"대","area_sqm":1663.0,"area_band":"1,000~3,000㎡","interest_category":"대","solar_candidate":"검토필요","candidate_reason":"청사·공공건축물·주차장 현황 추가 확인 필요; 면적 1,663㎡","priority_score":53,"source":"경기부동산포털 국공유지조회·연속지적도","source_date":"2026-08-11","installed_solar_match":false}},{"type":"Feature","id":"4129010200101150021","geometry":{"type":"Point","coordinates":[127.0095085,37.4253587]},"properties":{"pnu":"4129010200101150021","municipality_code":"41290","municipality":"과천시","district":"과천시","locality":"문원동","address":"과천시 문원동 115-21","owner_type":"시·군유지","owner_label":"과천시","manager":"","property_class":"","land_category":"대","area_sqm":1632.0,"area_band":"1,000~3,000㎡","interest_category":"대","solar_candidate":"검토필요","candidate_reason":"청사·공공건축물·주차장 현황 추가 확인 필요; 면적 1,632㎡","priority_score":53,"source":"경기부동산포털 국공유지조회·연속지적도","source_date":"2026-08-11","installed_solar_match":false}},{"type":"Feature","id":"4129011000100470000","geometry":{"type":"Point","coordinates":[126.9984782,37.4334542]},"properties":{"pnu":"4129011000100470000","municipality_code":"41290","municipality":"과천시","district":"과천시","locality":"부림동","address":"과천시 부림동 47","owner_type":"시·군유지","owner_label":"과천시","manager":"","property_class":"","land_category":"대","area_sqm":1390.3,"area_band":"1,000~3,000㎡","interest_category":"대","solar_candidate":"검토필요","candidate_reason":"청사·공공건축물·주차장 현황 추가 확인 필요; 면적 1,390㎡","priority_score":53,"source":"경기부동산포털 국공유지조회·연속지적도","source_date":"2026-08-11","installed_solar_match":false}},{"type":"Feature","id":"4129010100101070004","geometry":{"type":"Point","coordinates":[126.9926715,37.4364359]},"properties":{"pnu":"4129010100101070004","municipality_code":"41290","municipality":"과천시","district":"과천시","locality":"관문동","address":"과천시 관문동 107-4","owner_type":"시·군유지","owner_label":"과천시","manager":"","property_class":"","land_category":"대","area_sqm":1359.0,"area_band":"1,000~3,000㎡","interest_category":"대","solar_candidate":"검토필요","candidate_reason":"청사·공공건축물·주차장 현황 추가 확인 필요; 면적 1,359㎡","priority_score":53,"source":"경기부동산포털 국공유지조회·연속지적도","source_date":"2026-08-11","installed_solar_match":false}},{"type":"Feature","id":"4129010500105380009","geometry":{"type":"Point","coordinates":[126.9951907,37.4480529]},"properties":{"pnu":"4129010500105380009","municipality_code":"41290","municipality":"과천시","district":"과천시","locality":"과천동","address":"과천시 과천동 538-9","owner_type":"시·군유지","owner_label":"과천시","manager":"","property_class":"","land_category":"대","area_sqm":1300.0,"area_band":"1,000~3,000㎡","interest_category":"대","solar_candidate":"검토필요","candidate_reason":"청사·공공건축물·주차장 현황 추가 확인 필요; 면적 1,300㎡","priority_score":53,"source":"경기부동산포털 국공유지조회·연속지적도","source_date":"2026-08-11","installed_solar_match":false}},{"type":"Feature","id":"4129010200101780003","geometry":{"type":"Point","coordinates":[127.0074263,37.4248642]},"properties":{"pnu":"4129010200101780003","municipality_code":"41290","municipality":"과천시","district":"과천시","locality":"문원동","address":"과천시 문원동 178-3","owner_type":"시·군유지","owner_label":"과천시","manager":"","property_class":"","land_category":"대","area_sqm":1255.0,"area_band":"1,000~3,000㎡","interest_category":"대","solar_candidate":"검토필요","candidate_reason":"청사·공공건축물·주차장 현황 추가 확인 필요; 면적 1,255㎡","priority_score":53,"source":"경기부동산포털 국공유지조회·연속지적도","source_date":"2026-08-11","installed_solar_match":true,"installed_solar_count":1,"installed_solar_area_sqm":38.7,"installed_solar_analysis_years":["2024"],"installed_solar_types":["공공시설물"],"installed_solar_permit_status_counts":{"N":1}}},{"type":"Feature","id":"4129010300106780000","geometry":{"type":"Point","coordinates":[126.9893342,37.4192402]},"properties":{"pnu":"4129010300106780000","municipality_code":"41290","municipality":"과천시","district":"과천시","locality":"갈현동","address":"과천시 갈현동 678","owner_type":"시·군유지","owner_label":"과천시","manager":"","property_class":"","land_category":"대","area_sqm":1205.0,"area_band":"1,000~3,000㎡","interest_category":"대","solar_candidate":"검토필요","candidate_reason":"청사·공공건축물·주차장 현황 추가 확인 필요; 면적 1,205㎡","priority_score":53,"source":"경기부동산포털 국공유지조회·연속지적도","source_date":"2026-08-11","installed_solar_match":false}},{"type":"Feature","id":"4129010700100410002","geometry":{"type":"Point","coordinates":[126.9913238,37.4296363]},"properties":{"pnu":"4129010700100410002","municipality_code":"41290","municipality":"과천시","district":"과천시","locality":"중앙동","address":"과천시 중앙동 41-2","owner_type":"시·군유지","owner_label":"과천시","manager":"","property_class":"","land_category":"대","area_sqm":1070.7,"area_band":"1,000~3,000㎡","interest_category":"대","solar_candidate":"검토필요","candidate_reason":"청사·공공건축물·주차장 현황 추가 확인 필요; 면적 1,071㎡","priority_score":53,"source":"경기부동산포털 국공유지조회·연속지적도","source_date":"2026-08-11","installed_solar_match":false}},{"type":"Feature","id":"4129010200101910003","geometry":{"type":"Point","coordinates":[127.0013742,37.4259664]},"properties":{"pnu":"4129010200101910003","municipality_code":"41290","municipality":"과천시","district":"과천시","locality":"문원동","address":"과천시 문원동 191-3","owner_type":"시·군유지","owner_label":"과천시","manager":"","property_class":"","land_category":"대","area_sqm":1045.0,"area_band":"1,000~3,000㎡","interest_category":"대","solar_candidate":"검토필요","candidate_reason":"청사·공공건축물·주차장 현황 추가 확인 필요; 면적 1,045㎡","priority_score":53,"source":"경기부동산포털 국공유지조회·연속지적도","source_date":"2026-08-11","installed_solar_match":false}},{"type":"Feature","id":"4129010700100450000","geometry":{"type":"Point","coordinates":[126.9898709,37.4338311]},"properties":{"pnu":"4129010700100450000","municipality_code":"41290","municipality":"과천시","district":"과천시","locality":"중앙동","address":"과천시 중앙동 45","owner_type":"시·군유지","owner_label":"과천시","manager":"","property_class":"","land_category":"잡종지","area_sqm":392.7,"area_band":"100~500㎡","interest_category":"잡종지","solar_candidate":"검토필요","candidate_reason":"실제 이용·점유 여부 확인 후 검토할 잡종지; 면적 393㎡","priority_score":50,"source":"경기부동산포털 국공유지조회·연속지적도","source_date":"2026-08-11","installed_solar_match":false}},{"type":"Feature","id":"4129010200109330001","geometry":{"type":"Point","coordinates":[126.9955765,37.4128494]},"properties":{"pnu":"4129010200109330001","municipality_code":"41290","municipality":"과천시","district":"과천시","locality":"문원동","address":"과천시 문원동 933-1","owner_type":"시·군유지","owner_label":"과천시","manager":"","property_class":"","land_category":"잡종지","area_sqm":372.0,"area_band":"100~500㎡","interest_category":"잡종지","solar_candidate":"검토필요","candidate_reason":"실제 이용·점유 여부 확인 후 검토할 잡종지; 면적 372㎡","priority_score":50,"source":"경기부동산포털 국공유지조회·연속지적도","source_date":"2026-08-11","installed_solar_match":false}},{"type":"Feature","id":"4129010600100250002","geometry":{"type":"Point","coordinates":[127.035326,37.4574468]},"properties":{"pnu":"4129010600100250002","municipality_code":"41290","municipality":"과천시","district":"과천시","locality":"주암동","address":"과천시 주암동 25-2","owner_type":"시·군유지","owner_label":"과천시","manager":"","property_class":"","land_category":"잡종지","area_sqm":301.0,"area_band":"100~500㎡","interest_category":"잡종지","solar_candidate":"검토필요","candidate_reason":"실제 이용·점유 여부 확인 후 검토할 잡종지; 면적 301㎡","priority_score":50,"source":"경기부동산포털 국공유지조회·연속지적도","source_date":"2026-08-11","installed_solar_match":false}},{"type":"Feature","id":"4129010200101820006","geometry":{"type":"Point","coordinates":[127.0032529,37.4266355]},"properties":{"pnu":"4129010200101820006","municipality_code":"41290","municipality":"과천시","district":"과천시","locality":"문원동","address":"과천시 문원동 182-6","owner_type":"시·군유지","owner_label":"과천시","manager":"","property_class":"","land_category":"잡종지","area_sqm":260.0,"area_band":"100~500㎡","interest_category":"잡종지","solar_candidate":"검토필요","candidate_reason":"실제 이용·점유 여부 확인 후 검토할 잡종지; 면적 260㎡","priority_score":50,"source":"경기부동산포털 국공유지조회·연속지적도","source_date":"2026-08-11","installed_solar_match":false}},{"type":"Feature","id":"4129010600107430028","geometry":{"type":"Point","coordinates":[127.0125631,37.4501677]},"properties":{"pnu":"4129010600107430028","municipality_code":"41290","municipality":"과천시","district":"과천시","locality":"주암동","address":"과천시 주암동 743-28","owner_type":"시·군유지","owner_label":"과천시","manager":"","property_class":"","land_category":"잡종지","area_sqm":178.6,"area_band":"100~500㎡","interest_category":"잡종지","solar_candidate":"검토필요","candidate_reason":"실제 이용·점유 여부 확인 후 검토할 잡종지; 면적 179㎡","priority_score":50,"source":"경기부동산포털 국공유지조회·연속지적도","source_date":"2026-08-11","installed_solar_match":false}},{"type":"Feature","id":"4129010700100510000","geometry":{"type":"Point","coordinates":[126.9876464,37.4319948]},"properties":{"pnu":"4129010700100510000","municipality_code":"41290","municipality":"과천시","district":"과천시","locality":"중앙동","address":"과천시 중앙동 51","owner_type":"시·군유지","owner_label":"과천시","manager":"","property_class":"","land_category":"잡종지","area_sqm":165.5,"area_band":"100~500㎡","interest_category":"잡종지","solar_candidate":"검토필요","candidate_reason":"실제 이용·점유 여부 확인 후 검토할 잡종지; 면적 166㎡","priority_score":50,"source":"경기부동산포털 국공유지조회·연속지적도","source_date":"2026-08-11","installed_solar_match":false}},{"type":"Feature","id":"4129010600107430005","geometry":{"type":"Point","coordinates":[127.0122685,37.4496019]},"properties":{"pnu":"4129010600107430005","municipality_code":"41290","municipality":"과천시","district":"과천시","locality":"주암동","address":"과천시 주암동 743-5","owner_type":"시·군유지","owner_label":"과천시","manager":"","property_class":"","land_category":"잡종지","area_sqm":101.6,"area_band":"100~500㎡","interest_category":"잡종지","solar_candidate":"검토필요","candidate_reason":"실제 이용·점유 여부 확인 후 검토할 잡종지; 면적 102㎡","priority_score":50,"source":"경기부동산포털 국공유지조회·연속지적도","source_date":"2026-08-11","installed_solar_match":false}},{"type":"Feature","id":"4129010100100030000","geometry":{"type":"Point","coordinates":[126.9968129,37.4410052]},"properties":{"pnu":"4129010100100030000","municipality_code":"41290","municipality":"과천시","district":"과천시","locality":"관문동","address":"과천시 관문동 3","owner_type":"시·군유지","owner_label":"과천시","manager":"","property_class":"","land_category":"공원","area_sqm":77296.0,"area_band":"5,000㎡ 이상","interest_category":"공원","solar_candidate":"검토필요","candidate_reason":"도시공원 관련 법령 및 공원시설 기준 검토 필요; 면적 77,296㎡","priority_score":45,"source":"경기부동산포털 국공유지조회·연속지적도","source_date":"2026-08-11","installed_solar_match":true,"installed_solar_count":52,"installed_solar_area_sqm":1117.5,"installed_solar_analysis_years":["2024"],"installed_solar_types":["공공시설물"],"installed_solar_permit_status_counts":{"N":52}}},{"type":"Feature","id":"4129010100100470000","geometry":{"type":"Point","coordinates":[126.9951826,37.4427178]},"properties":{"pnu":"4129010100100470000","municipality_code":"41290","municipality":"과천시","district":"과천시","locality":"관문동","address":"과천시 관문동 47","owner_type":"시·군유지","owner_label":"과천시","manager":"","property_class":"","land_category":"공원","area_sqm":40082.0,"area_band":"5,000㎡ 이상","interest_category":"공원","solar_candidate":"검토필요","candidate_reason":"도시공원 관련 법령 및 공원시설 기준 검토 필요; 면적 40,082㎡","priority_score":45,"source":"경기부동산포털 국공유지조회·연속지적도","source_date":"2026-08-11","installed_solar_match":false}},{"type":"Feature","id":"4129010900100020005","geometry":{"type":"Point","coordinates":[126.9948866,37.4306202]},"properties":{"pnu":"4129010900100020005","municipality_code":"41290","municipality":"과천시","district":"과천시","locality":"별양동","address":"과천시 별양동 2-5","owner_type":"시·군유지","owner_label":"과천시","manager":"","property_class":"","land_category":"공원","area_sqm":26028.0,"area_band":"5,000㎡ 이상","interest_category":"공원","solar_candidate":"검토필요","candidate_reason":"도시공원 관련 법령 및 공원시설 기준 검토 필요; 면적 26,028㎡","priority_score":45,"source":"경기부동산포털 국공유지조회·연속지적도","source_date":"2026-08-11","installed_solar_match":false}},{"type":"Feature","id":"4129010200100200002","geometry":{"type":"Point","coordinates":[127.0033064,37.4275769]},"properties":{"pnu":"4129010200100200002","municipality_code":"41290","municipality":"과천시","district":"과천시","locality":"문원동","address":"과천시 문원동 20-2","owner_type":"시·군유지","owner_label":"과천시","manager":"","property_class":"","land_category":"공원","area_sqm":25785.0,"area_band":"5,000㎡ 이상","interest_category":"공원","solar_candidate":"검토필요","candidate_reason":"도시공원 관련 법령 및 공원시설 기준 검토 필요; 면적 25,785㎡","priority_score":45,"source":"경기부동산포털 국공유지조회·연속지적도","source_date":"2026-08-11","installed_solar_match":false}},{"type":"Feature","id":"4129010300106770000","geometry":{"type":"Point","coordinates":[126.9895323,37.4185676]},"properties":{"pnu":"4129010300106770000","municipality_code":"41290","municipality":"과천시","district":"과천시","locality":"갈현동","address":"과천시 갈현동 677","owner_type":"시·군유지","owner_label":"과천시","manager":"","property_class":"","land_category":"공원","area_sqm":18945.0,"area_band":"5,000㎡ 이상","interest_category":"공원","solar_candidate":"검토필요","candidate_reason":"도시공원 관련 법령 및 공원시설 기준 검토 필요; 면적 18,945㎡","priority_score":45,"source":"경기부동산포털 국공유지조회·연속지적도","source_date":"2026-08-11","installed_solar_match":false}},{"type":"Feature","id":"4129010900100020000","geometry":{"type":"Point","coordinates":[126.9969545,37.4329045]},"properties":{"pnu":"4129010900100020000","municipality_code":"41290","municipality":"과천시","district":"과천시","locality":"별양동","address":"과천시 별양동 2","owner_type":"시·군유지","owner_label":"과천시","manager":"","property_class":"","land_category":"공원","area_sqm":16404.0,"area_band":"5,000㎡ 이상","interest_category":"공원","solar_candidate":"검토필요","candidate_reason":"도시공원 관련 법령 및 공원시설 기준 검토 필요; 면적 16,404㎡","priority_score":45,"source":"경기부동산포털 국공유지조회·연속지적도","source_date":"2026-08-11","installed_solar_match":false}},{"type":"Feature","id":"4129010900100930005","geometry":{"type":"Point","coordinates":[126.9976007,37.4266789]},"properties":{"pnu":"4129010900100930005","municipality_code":"41290","municipality":"과천시","district":"과천시","locality":"별양동","address":"과천시 별양동 93-5","owner_type":"시·군유지","owner_label":"과천시","manager":"","property_class":"","land_category":"공원","area_sqm":8464.7,"area_band":"5,000㎡ 이상","interest_category":"공원","solar_candidate":"검토필요","candidate_reason":"도시공원 관련 법령 및 공원시설 기준 검토 필요; 면적 8,465㎡","priority_score":45,"source":"경기부동산포털 국공유지조회·연속지적도","source_date":"2026-08-11","installed_solar_match":false}},{"type":"Feature","id":"4129010100100160002","geometry":{"type":"Point","coordinates":[126.9992428,37.4390147]},"properties":{"pnu":"4129010100100160002","municipality_code":"41290","municipality":"과천시","district":"과천시","locality":"관문동","address":"과천시 관문동 16-2","owner_type":"시·군유지","owner_label":"과천시","manager":"","property_class":"","land_category":"공원","area_sqm":5319.0,"area_band":"5,000㎡ 이상","interest_category":"공원","solar_candidate":"검토필요","candidate_reason":"도시공원 관련 법령 및 공원시설 기준 검토 필요; 면적 5,319㎡","priority_score":45,"source":"경기부동산포털 국공유지조회·연속지적도","source_date":"2026-08-11","installed_solar_match":false}},{"type":"Feature","id":"4129010200101150082","geometry":{"type":"Point","coordinates":[127.0092152,37.424864]},"properties":{"pnu":"4129010200101150082","municipality_code":"41290","municipality":"과천시","district":"과천시","locality":"문원동","address":"과천시 문원동 115-82","owner_type":"시·군유지","owner_label":"과천시","manager":"","property_class":"","land_category":"대","area_sqm":980.0,"area_band":"500~1,000㎡","interest_category":"대","solar_candidate":"검토필요","candidate_reason":"청사·공공건축물·주차장 현황 추가 확인 필요; 면적 980㎡","priority_score":45,"source":"경기부동산포털 국공유지조회·연속지적도","source_date":"2026-08-11","installed_solar_match":false}},{"type":"Feature","id":"4129010900100340002","geometry":{"type":"Point","coordinates":[126.9977461,37.4256345]},"properties":{"pnu":"4129010900100340002","municipality_code":"41290","municipality":"과천시","district":"과천시","locality":"별양동","address":"과천시 별양동 34-2","owner_type":"시·군유지","owner_label":"과천시","manager":"","property_class":"","land_category":"대","area_sqm":740.5,"area_band":"500~1,000㎡","interest_category":"대","solar_candidate":"검토필요","candidate_reason":"청사·공공건축물·주차장 현황 추가 확인 필요; 면적 740㎡","priority_score":45,"source":"경기부동산포털 국공유지조회·연속지적도","source_date":"2026-08-11","installed_solar_match":false}},{"type":"Feature","id":"4129010900100450000","geometry":{"type":"Point","coordinates":[126.9973455,37.4240388]},"properties":{"pnu":"4129010900100450000","municipality_code":"41290","municipality":"과천시","district":"과천시","locality":"별양동","address":"과천시 별양동 45","owner_type":"시·군유지","owner_label":"과천시","manager":"","property_class":"","land_category":"대","area_sqm":738.1,"area_band":"500~1,000㎡","interest_category":"대","solar_candidate":"검토필요","candidate_reason":"청사·공공건축물·주차장 현황 추가 확인 필요; 면적 738㎡","priority_score":45,"source":"경기부동산포털 국공유지조회·연속지적도","source_date":"2026-08-11","installed_solar_match":false}},{"type":"Feature","id":"4129010100101070002","geometry":{"type":"Point","coordinates":[126.9930314,37.436412]},"properties":{"pnu":"4129010100101070002","municipality_code":"41290","municipality":"과천시","district":"과천시","locality":"관문동","address":"과천시 관문동 107-2","owner_type":"시·군유지","owner_label":"과천시","manager":"","property_class":"","land_category":"대","area_sqm":695.0,"area_band":"500~1,000㎡","interest_category":"대","solar_candidate":"검토필요","candidate_reason":"청사·공공건축물·주차장 현황 추가 확인 필요; 면적 695㎡","priority_score":45,"source":"경기부동산포털 국공유지조회·연속지적도","source_date":"2026-08-11","installed_solar_match":false}},{"type":"Feature","id":"4129010700100680000","geometry":{"type":"Point","coordinates":[126.9934534,37.4331517]},"properties":{"pnu":"4129010700100680000","municipality_code":"41290","municipality":"과천시","district":"과천시","locality":"중앙동","address":"과천시 중앙동 68","owner_type":"시·군유지","owner_label":"과천시","manager":"","property_class":"","land_category":"대","area_sqm":680.0,"area_band":"500~1,000㎡","interest_category":"대","solar_candidate":"검토필요","candidate_reason":"청사·공공건축물·주차장 현황 추가 확인 필요; 면적 680㎡","priority_score":45,"source":"경기부동산포털 국공유지조회·연속지적도","source_date":"2026-08-11","installed_solar_match":false}},{"type":"Feature","id":"4129010500106020000","geometry":{"type":"Point","coordinates":[126.9998488,37.4382829]},"properties":{"pnu":"4129010500106020000","municipality_code":"41290","municipality":"과천시","district":"과천시","locality":"과천동","address":"과천시 과천동 602","owner_type":"시·군유지","owner_label":"과천시","manager":"","property_class":"","land_category":"대","area_sqm":645.0,"area_band":"500~1,000㎡","interest_category":"대","solar_candidate":"검토필요","candidate_reason":"청사·공공건축물·주차장 현황 추가 확인 필요; 면적 645㎡","priority_score":45,"source":"경기부동산포털 국공유지조회·연속지적도","source_date":"2026-08-11","installed_solar_match":false}},{"type":"Feature","id":"4129010500106020001","geometry":{"type":"Point","coordinates":[127.0001106,37.4378918]},"properties":{"pnu":"4129010500106020001","municipality_code":"41290","municipality":"과천시","district":"과천시","locality":"과천동","address":"과천시 과천동 602-1","owner_type":"시·군유지","owner_label":"과천시","manager":"","property_class":"","land_category":"대","area_sqm":642.0,"area_band":"500~1,000㎡","interest_category":"대","solar_candidate":"검토필요","candidate_reason":"청사·공공건축물·주차장 현황 추가 확인 필요; 면적 642㎡","priority_score":45,"source":"경기부동산포털 국공유지조회·연속지적도","source_date":"2026-08-11","installed_solar_match":false}},{"type":"Feature","id":"4129010100101070003","geometry":{"type":"Point","coordinates":[126.9928835,37.4361401]},"properties":{"pnu":"4129010100101070003","municipality_code":"41290","municipality":"과천시","district":"과천시","locality":"관문동","address":"과천시 관문동 107-3","owner_type":"시·군유지","owner_label":"과천시","manager":"","property_class":"","land_category":"대","area_sqm":595.0,"area_band":"500~1,000㎡","interest_category":"대","solar_candidate":"검토필요","candidate_reason":"청사·공공건축물·주차장 현황 추가 확인 필요; 면적 595㎡","priority_score":45,"source":"경기부동산포털 국공유지조회·연속지적도","source_date":"2026-08-11","installed_solar_match":false}},{"type":"Feature","id":"4129011000100300005","geometry":{"type":"Point","coordinates":[126.9976389,37.4381065]},"properties":{"pnu":"4129011000100300005","municipality_code":"41290","municipality":"과천시","district":"과천시","locality":"부림동","address":"과천시 부림동 30-5","owner_type":"시·군유지","owner_label":"과천시","manager":"","property_class":"","land_category":"대","area_sqm":552.3,"area_band":"500~1,000㎡","interest_category":"대","solar_candidate":"검토필요","candidate_reason":"청사·공공건축물·주차장 현황 추가 확인 필요; 면적 552㎡","priority_score":45,"source":"경기부동산포털 국공유지조회·연속지적도","source_date":"2026-08-11","installed_solar_match":false}},{"type":"Feature","id":"4129010700100640000","geometry":{"type":"Point","coordinates":[126.9808518,37.423375]},"properties":{"pnu":"4129010700100640000","municipality_code":"41290","municipality":"과천시","district":"과천시","locality":"중앙동","address":"과천시 중앙동 64","owner_type":"시·군유지","owner_label":"과천시","manager":"","property_class":"","land_category":"도로","area_sqm":27733.0,"area_band":"5,000㎡ 이상","interest_category":"도로","solar_candidate":"검토필요","candidate_reason":"도로점용 및 실제 이용형태 추가 검토 필요; 면적 27,733㎡","priority_score":40,"source":"경기부동산포털 국공유지조회·연속지적도","source_date":"2026-08-11","installed_solar_match":false}},{"type":"Feature","id":"4129010200101150039","geometry":{"type":"Point","coordinates":[127.0090691,37.4224117]},"properties":{"pnu":"4129010200101150039","municipality_code":"41290","municipality":"과천시","district":"과천시","locality":"문원동","address":"과천시 문원동 115-39","owner_type":"시·군유지","owner_label":"과천시","manager":"","property_class":"","land_category":"도로","area_sqm":26596.0,"area_band":"5,000㎡ 이상","interest_category":"도로","solar_candidate":"검토필요","candidate_reason":"도로점용 및 실제 이용형태 추가 검토 필요; 면적 26,596㎡","priority_score":40,"source":"경기부동산포털 국공유지조회·연속지적도","source_date":"2026-08-11","installed_solar_match":false}},{"type":"Feature","id":"4129010300108270003","geometry":{"type":"Point","coordinates":[126.9853385,37.4114989]},"properties":{"pnu":"4129010300108270003","municipality_code":"41290","municipality":"과천시","district":"과천시","locality":"갈현동","address":"과천시 갈현동 827-3","owner_type":"시·군유지","owner_label":"과천시","manager":"","property_class":"","land_category":"도로","area_sqm":20819.1,"area_band":"5,000㎡ 이상","interest_category":"도로","solar_candidate":"검토필요","candidate_reason":"도로점용 및 실제 이용형태 추가 검토 필요; 면적 20,819㎡","priority_score":40,"source":"경기부동산포털 국공유지조회·연속지적도","source_date":"2026-08-11","installed_solar_match":false}},{"type":"Feature","id":"4129010700100560000","geometry":{"type":"Point","coordinates":[126.9891244,37.4290366]},"properties":{"pnu":"4129010700100560000","municipality_code":"41290","municipality":"과천시","district":"과천시","locality":"중앙동","address":"과천시 중앙동 56","owner_type":"시·군유지","owner_label":"과천시","manager":"","property_class":"","land_category":"도로","area_sqm":20275.3,"area_band":"5,000㎡ 이상","interest_category":"도로","solar_candidate":"검토필요","candidate_reason":"도로점용 및 실제 이용형태 추가 검토 필요; 면적 20,275㎡","priority_score":40,"source":"경기부동산포털 국공유지조회·연속지적도","source_date":"2026-08-11","installed_solar_match":false}},{"type":"Feature","id":"4129010300108220002","geometry":{"type":"Point","coordinates":[126.9865206,37.4113334]},"properties":{"pnu":"4129010300108220002","municipality_code":"41290","municipality":"과천시","district":"과천시","locality":"갈현동","address":"과천시 갈현동 822-2","owner_type":"시·군유지","owner_label":"과천시","manager":"","property_class":"","land_category":"도로","area_sqm":15511.3,"area_band":"5,000㎡ 이상","interest_category":"도로","solar_candidate":"검토필요","candidate_reason":"도로점용 및 실제 이용형태 추가 검토 필요; 면적 15,511㎡","priority_score":40,"source":"경기부동산포털 국공유지조회·연속지적도","source_date":"2026-08-11","installed_solar_match":false}},{"type":"Feature","id":"4129010200100140008","geometry":{"type":"Point","coordinates":[127.0028925,37.430676]},"properties":{"pnu":"4129010200100140008","municipality_code":"41290","municipality":"과천시","district":"과천시","locality":"문원동","address":"과천시 문원동 14-8","owner_type":"시·군유지","owner_label":"과천시","manager":"","property_class":"","land_category":"도로","area_sqm":15010.0,"area_band":"5,000㎡ 이상","interest_category":"도로","solar_candidate":"검토필요","candidate_reason":"도로점용 및 실제 이용형태 추가 검토 필요; 면적 15,010㎡","priority_score":40,"source":"경기부동산포털 국공유지조회·연속지적도","source_date":"2026-08-11","installed_solar_match":false}},{"type":"Feature","id":"4129010600107370000","geometry":{"type":"Point","coordinates":[127.0329616,37.463908]},"properties":{"pnu":"4129010600107370000","municipality_code":"41290","municipality":"과천시","district":"과천시","locality":"주암동","address":"과천시 주암동 737","owner_type":"시·군유지","owner_label":"과천시","manager":"","property_class":"","land_category":"도로","area_sqm":14491.8,"area_band":"5,000㎡ 이상","interest_category":"도로","solar_candidate":"검토필요","candidate_reason":"도로점용 및 실제 이용형태 추가 검토 필요; 면적 14,492㎡","priority_score":40,"source":"경기부동산포털 국공유지조회·연속지적도","source_date":"2026-08-11","installed_solar_match":false}},{"type":"Feature","id":"4129010900100010027","geometry":{"type":"Point","coordinates":[126.9922103,37.4271918]},"properties":{"pnu":"4129010900100010027","municipality_code":"41290","municipality":"과천시","district":"과천시","locality":"별양동","address":"과천시 별양동 1-27","owner_type":"시·군유지","owner_label":"과천시","manager":"","property_class":"","land_category":"도로","area_sqm":13671.3,"area_band":"5,000㎡ 이상","interest_category":"도로","solar_candidate":"검토필요","candidate_reason":"도로점용 및 실제 이용형태 추가 검토 필요; 면적 13,671㎡","priority_score":40,"source":"경기부동산포털 국공유지조회·연속지적도","source_date":"2026-08-11","installed_solar_match":false}},{"type":"Feature","id":"4129010900100010000","geometry":{"type":"Point","coordinates":[126.9914218,37.4274887]},"properties":{"pnu":"4129010900100010000","municipality_code":"41290","municipality":"과천시","district":"과천시","locality":"별양동","address":"과천시 별양동 1","owner_type":"시·군유지","owner_label":"과천시","manager":"","property_class":"","land_category":"도로","area_sqm":12574.4,"area_band":"5,000㎡ 이상","interest_category":"도로","solar_candidate":"검토필요","candidate_reason":"도로점용 및 실제 이용형태 추가 검토 필요; 면적 12,574㎡","priority_score":40,"source":"경기부동산포털 국공유지조회·연속지적도","source_date":"2026-08-11","installed_solar_match":false}},{"type":"Feature","id":"4129010900100540000","geometry":{"type":"Point","coordinates":[126.9934025,37.4236705]},"properties":{"pnu":"4129010900100540000","municipality_code":"41290","municipality":"과천시","district":"과천시","locality":"별양동","address":"과천시 별양동 54","owner_type":"시·군유지","owner_label":"과천시","manager":"","property_class":"","land_category":"도로","area_sqm":12473.4,"area_band":"5,000㎡ 이상","interest_category":"도로","solar_candidate":"검토필요","candidate_reason":"도로점용 및 실제 이용형태 추가 검토 필요; 면적 12,473㎡","priority_score":40,"source":"경기부동산포털 국공유지조회·연속지적도","source_date":"2026-08-11","installed_solar_match":false}},{"type":"Feature","id":"4129010800100070000","geometry":{"type":"Point","coordinates":[126.9933119,37.4234299]},"properties":{"pnu":"4129010800100070000","municipality_code":"41290","municipality":"과천시","district":"과천시","locality":"원문동","address":"과천시 원문동 7","owner_type":"시·군유지","owner_label":"과천시","manager":"","property_class":"","land_category":"도로","area_sqm":12341.5,"area_band":"5,000㎡ 이상","interest_category":"도로","solar_candidate":"검토필요","candidate_reason":"도로점용 및 실제 이용형태 추가 검토 필요; 면적 12,342㎡","priority_score":40,"source":"경기부동산포털 국공유지조회·연속지적도","source_date":"2026-08-11","installed_solar_match":false}},{"type":"Feature","id":"4129010900100860003","geometry":{"type":"Point","coordinates":[126.9973937,37.4290931]},"properties":{"pnu":"4129010900100860003","municipality_code":"41290","municipality":"과천시","district":"과천시","locality":"별양동","address":"과천시 별양동 86-3","owner_type":"시·군유지","owner_label":"과천시","manager":"","property_class":"","land_category":"도로","area_sqm":11343.2,"area_band":"5,000㎡ 이상","interest_category":"도로","solar_candidate":"검토필요","candidate_reason":"도로점용 및 실제 이용형태 추가 검토 필요; 면적 11,343㎡","priority_score":40,"source":"경기부동산포털 국공유지조회·연속지적도","source_date":"2026-08-11","installed_solar_match":false}},{"type":"Feature","id":"4129010700100920000","geometry":{"type":"Point","coordinates":[126.9943066,37.4349252]},"properties":{"pnu":"4129010700100920000","municipality_code":"41290","municipality":"과천시","district":"과천시","locality":"중앙동","address":"과천시 중앙동 92","owner_type":"시·군유지","owner_label":"과천시","manager":"","property_class":"","land_category":"도로","area_sqm":11064.1,"area_band":"5,000㎡ 이상","interest_category":"도로","solar_candidate":"검토필요","candidate_reason":"도로점용 및 실제 이용형태 추가 검토 필요; 면적 11,064㎡","priority_score":40,"source":"경기부동산포털 국공유지조회·연속지적도","source_date":"2026-08-11","installed_solar_match":false}},{"type":"Feature","id":"4129010700100480000","geometry":{"type":"Point","coordinates":[126.9907658,37.432704]},"properties":{"pnu":"4129010700100480000","municipality_code":"41290","municipality":"과천시","district":"과천시","locality":"중앙동","address":"과천시 중앙동 48","owner_type":"시·군유지","owner_label":"과천시","manager":"","property_class":"","land_category":"도로","area_sqm":10564.1,"area_band":"5,000㎡ 이상","interest_category":"도로","solar_candidate":"검토필요","candidate_reason":"도로점용 및 실제 이용형태 추가 검토 필요; 면적 10,564㎡","priority_score":40,"source":"경기부동산포털 국공유지조회·연속지적도","source_date":"2026-08-11","installed_solar_match":false}},{"type":"Feature","id":"4129010500103830000","geometry":{"type":"Point","coordinates":[127.0007226,37.456671]},"properties":{"pnu":"4129010500103830000","municipality_code":"41290","municipality":"과천시","district":"과천시","locality":"과천동","address":"과천시 과천동 383","owner_type":"시·군유지","owner_label":"과천시","manager":"","property_class":"","land_category":"도로","area_sqm":10536.0,"area_band":"5,000㎡ 이상","interest_category":"도로","solar_candidate":"검토필요","candidate_reason":"도로점용 및 실제 이용형태 추가 검토 필요; 면적 10,536㎡","priority_score":40,"source":"경기부동산포털 국공유지조회·연속지적도","source_date":"2026-08-11","installed_solar_match":false}},{"type":"Feature","id":"4129010800100080000","geometry":{"type":"Point","coordinates":[126.9895496,37.421057]},"properties":{"pnu":"4129010800100080000","municipality_code":"41290","municipality":"과천시","district":"과천시","locality":"원문동","address":"과천시 원문동 8","owner_type":"시·군유지","owner_label":"과천시","manager":"","property_class":"","land_category":"도로","area_sqm":10237.1,"area_band":"5,000㎡ 이상","interest_category":"도로","solar_candidate":"검토필요","candidate_reason":"도로점용 및 실제 이용형태 추가 검토 필요; 면적 10,237㎡","priority_score":40,"source":"경기부동산포털 국공유지조회·연속지적도","source_date":"2026-08-11","installed_solar_match":false}},{"type":"Feature","id":"4129010700100890000","geometry":{"type":"Point","coordinates":[126.9925482,37.4357943]},"properties":{"pnu":"4129010700100890000","municipality_code":"41290","municipality":"과천시","district":"과천시","locality":"중앙동","address":"과천시 중앙동 89","owner_type":"시·군유지","owner_label":"과천시","manager":"","property_class":"","land_category":"도로","area_sqm":7395.1,"area_band":"5,000㎡ 이상","interest_category":"도로","solar_candidate":"검토필요","candidate_reason":"도로점용 및 실제 이용형태 추가 검토 필요; 면적 7,395㎡","priority_score":40,"source":"경기부동산포털 국공유지조회·연속지적도","source_date":"2026-08-11","installed_solar_match":false}},{"type":"Feature","id":"4129010900100550000","geometry":{"type":"Point","coordinates":[126.991995,37.4257386]},"properties":{"pnu":"4129010900100550000","municipality_code":"41290","municipality":"과천시","district":"과천시","locality":"별양동","address":"과천시 별양동 55","owner_type":"시·군유지","owner_label":"과천시","manager":"","property_class":"","land_category":"도로","area_sqm":7055.7,"area_band":"5,000㎡ 이상","interest_category":"도로","solar_candidate":"검토필요","candidate_reason":"도로점용 및 실제 이용형태 추가 검토 필요; 면적 7,056㎡","priority_score":40,"source":"경기부동산포털 국공유지조회·연속지적도","source_date":"2026-08-11","installed_solar_match":false}},{"type":"Feature","id":"4129010500200950017","geometry":{"type":"Point","coordinates":[126.9897184,37.4559237]},"properties":{"pnu":"4129010500200950017","municipality_code":"41290","municipality":"과천시","district":"과천시","locality":"과천동","address":"과천시 과천동 산95-17","owner_type":"시·군유지","owner_label":"과천시","manager":"","property_class":"","land_category":"도로","area_sqm":6830.0,"area_band":"5,000㎡ 이상","interest_category":"도로","solar_candidate":"검토필요","candidate_reason":"도로점용 및 실제 이용형태 추가 검토 필요; 면적 6,830㎡","priority_score":40,"source":"경기부동산포털 국공유지조회·연속지적도","source_date":"2026-08-11","installed_solar_match":false}},{"type":"Feature","id":"4129011000100950000","geometry":{"type":"Point","coordinates":[127.0002244,37.4332164]},"properties":{"pnu":"4129011000100950000","municipality_code":"41290","municipality":"과천시","district":"과천시","locality":"부림동","address":"과천시 부림동 95","owner_type":"시·군유지","owner_label":"과천시","manager":"","property_class":"","land_category":"도로","area_sqm":6809.5,"area_band":"5,000㎡ 이상","interest_category":"도로","solar_candidate":"검토필요","candidate_reason":"도로점용 및 실제 이용형태 추가 검토 필요; 면적 6,810㎡","priority_score":40,"source":"경기부동산포털 국공유지조회·연속지적도","source_date":"2026-08-11","installed_solar_match":false}},{"type":"Feature","id":"4129010500200340001","geometry":{"type":"Point","coordinates":[127.007776,37.4551385]},"properties":{"pnu":"4129010500200340001","municipality_code":"41290","municipality":"과천시","district":"과천시","locality":"과천동","address":"과천시 과천동 산34-1","owner_type":"시·군유지","owner_label":"과천시","manager":"","property_class":"","land_category":"도로","area_sqm":6744.0,"area_band":"5,000㎡ 이상","interest_category":"도로","solar_candidate":"검토필요","candidate_reason":"도로점용 및 실제 이용형태 추가 검토 필요; 면적 6,744㎡","priority_score":40,"source":"경기부동산포털 국공유지조회·연속지적도","source_date":"2026-08-11","installed_solar_match":false}},{"type":"Feature","id":"4129010300108570001","geometry":{"type":"Point","coordinates":[126.9826223,37.407019]},"properties":{"pnu":"4129010300108570001","municipality_code":"41290","municipality":"과천시","district":"과천시","locality":"갈현동","address":"과천시 갈현동 857-1","owner_type":"시·군유지","owner_label":"과천시","manager":"","property_class":"","land_category":"도로","area_sqm":6299.2,"area_band":"5,000㎡ 이상","interest_category":"도로","solar_candidate":"검토필요","candidate_reason":"도로점용 및 실제 이용형태 추가 검토 필요; 면적 6,299㎡","priority_score":40,"source":"경기부동산포털 국공유지조회·연속지적도","source_date":"2026-08-11","installed_solar_match":false}},{"type":"Feature","id":"4129010700100550000","geometry":{"type":"Point","coordinates":[126.9884454,37.4305294]},"properties":{"pnu":"4129010700100550000","municipality_code":"41290","municipality":"과천시","district":"과천시","locality":"중앙동","address":"과천시 중앙동 55","owner_type":"시·군유지","owner_label":"과천시","manager":"","property_class":"","land_category":"도로","area_sqm":6264.7,"area_band":"5,000㎡ 이상","interest_category":"도로","solar_candidate":"검토필요","candidate_reason":"도로점용 및 실제 이용형태 추가 검토 필요; 면적 6,265㎡","priority_score":40,"source":"경기부동산포털 국공유지조회·연속지적도","source_date":"2026-08-11","installed_solar_match":false}},{"type":"Feature","id":"4129010300108210012","geometry":{"type":"Point","coordinates":[126.9865048,37.4152638]},"properties":{"pnu":"4129010300108210012","municipality_code":"41290","municipality":"과천시","district":"과천시","locality":"갈현동","address":"과천시 갈현동 821-12","owner_type":"시·군유지","owner_label":"과천시","manager":"","property_class":"","land_category":"도로","area_sqm":5800.9,"area_band":"5,000㎡ 이상","interest_category":"도로","solar_candidate":"검토필요","candidate_reason":"도로점용 및 실제 이용형태 추가 검토 필요; 면적 5,801㎡","priority_score":40,"source":"경기부동산포털 국공유지조회·연속지적도","source_date":"2026-08-11","installed_solar_match":false}},{"type":"Feature","id":"4129010600106850039","geometry":{"type":"Point","coordinates":[127.0110412,37.4472409]},"properties":{"pnu":"4129010600106850039","municipality_code":"41290","municipality":"과천시","district":"과천시","locality":"주암동","address":"과천시 주암동 685-39","owner_type":"시·군유지","owner_label":"과천시","manager":"","property_class":"","land_category":"도로","area_sqm":5253.8,"area_band":"5,000㎡ 이상","interest_category":"도로","solar_candidate":"검토필요","candidate_reason":"도로점용 및 실제 이용형태 추가 검토 필요; 면적 5,254㎡","priority_score":40,"source":"경기부동산포털 국공유지조회·연속지적도","source_date":"2026-08-11","installed_solar_match":false}},{"type":"Feature","id":"4129011000100960002","geometry":{"type":"Point","coordinates":[127.0016295,37.4316264]},"properties":{"pnu":"4129011000100960002","municipality_code":"41290","municipality":"과천시","district":"과천시","locality":"부림동","address":"과천시 부림동 96-2","owner_type":"시·군유지","owner_label":"과천시","manager":"","property_class":"","land_category":"공원","area_sqm":4762.1,"area_band":"3,000~5,000㎡","interest_category":"공원","solar_candidate":"검토필요","candidate_reason":"도시공원 관련 법령 및 공원시설 기준 검토 필요; 면적 4,762㎡","priority_score":40,"source":"경기부동산포털 국공유지조회·연속지적도","source_date":"2026-08-11","installed_solar_match":false}},{"type":"Feature","id":"4129010600101840002","geometry":{"type":"Point","coordinates":[127.0285707,37.4526721]},"properties":{"pnu":"4129010600101840002","municipality_code":"41290","municipality":"과천시","district":"과천시","locality":"주암동","address":"과천시 주암동 184-2","owner_type":"시·군유지","owner_label":"과천시","manager":"","property_class":"","land_category":"공원","area_sqm":4258.0,"area_band":"3,000~5,000㎡","interest_category":"공원","solar_candidate":"검토필요","candidate_reason":"도시공원 관련 법령 및 공원시설 기준 검토 필요; 면적 4,258㎡","priority_score":40,"source":"경기부동산포털 국공유지조회·연속지적도","source_date":"2026-08-11","installed_solar_match":true,"installed_solar_count":5,"installed_solar_area_sqm":116.4,"installed_solar_analysis_years":["2024"],"installed_solar_types":["공공시설물"],"installed_solar_permit_status_counts":{"N":5}}},{"type":"Feature","id":"4129010800100120000","geometry":{"type":"Point","coordinates":[126.9922974,37.4236099]},"properties":{"pnu":"4129010800100120000","municipality_code":"41290","municipality":"과천시","district":"과천시","locality":"원문동","address":"과천시 원문동 12","owner_type":"시·군유지","owner_label":"과천시","manager":"","property_class":"","land_category":"공원","area_sqm":3801.7,"area_band":"3,000~5,000㎡","interest_category":"공원","solar_candidate":"검토필요","candidate_reason":"도시공원 관련 법령 및 공원시설 기준 검토 필요; 면적 3,802㎡","priority_score":40,"source":"경기부동산포털 국공유지조회·연속지적도","source_date":"2026-08-11","installed_solar_match":false}},{"type":"Feature","id":"4129010100100160013","geometry":{"type":"Point","coordinates":[126.9986634,37.4398242]},"properties":{"pnu":"4129010100100160013","municipality_code":"41290","municipality":"과천시","district":"과천시","locality":"관문동","address":"과천시 관문동 16-13","owner_type":"시·군유지","owner_label":"과천시","manager":"","property_class":"","land_category":"공원","area_sqm":3258.0,"area_band":"3,000~5,000㎡","interest_category":"공원","solar_candidate":"검토필요","candidate_reason":"도시공원 관련 법령 및 공원시설 기준 검토 필요; 면적 3,258㎡","priority_score":40,"source":"경기부동산포털 국공유지조회·연속지적도","source_date":"2026-08-11","installed_solar_match":false}},{"type":"Feature","id":"4129010100100070001","geometry":{"type":"Point","coordinates":[126.9983539,37.4406434]},"properties":{"pnu":"4129010100100070001","municipality_code":"41290","municipality":"과천시","district":"과천시","locality":"관문동","address":"과천시 관문동 7-1","owner_type":"시·군유지","owner_label":"과천시","manager":"","property_class":"","land_category":"공원","area_sqm":3225.0,"area_band":"3,000~5,000㎡","interest_category":"공원","solar_candidate":"검토필요","candidate_reason":"도시공원 관련 법령 및 공원시설 기준 검토 필요; 면적 3,225㎡","priority_score":40,"source":"경기부동산포털 국공유지조회·연속지적도","source_date":"2026-08-11","installed_solar_match":false}},{"type":"Feature","id":"4129010200109290005","geometry":{"type":"Point","coordinates":[126.9953428,37.4130633]},"properties":{"pnu":"4129010200109290005","municipality_code":"41290","municipality":"과천시","district":"과천시","locality":"문원동","address":"과천시 문원동 929-5","owner_type":"시·군유지","owner_label":"과천시","manager":"","property_class":"","land_category":"창고용지","area_sqm":823.0,"area_band":"500~1,000㎡","interest_category":"창고용지","solar_candidate":"검토필요","candidate_reason":"지목·면적 기준 1차 검토 대상; 면적 823㎡","priority_score":40,"source":"경기부동산포털 국공유지조회·연속지적도","source_date":"2026-08-11","installed_solar_match":false}},{"type":"Feature","id":"4129010200100150011","geometry":{"type":"Point","coordinates":[127.0024729,37.4302414]},"properties":{"pnu":"4129010200100150011","municipality_code":"41290","municipality":"과천시","district":"과천시","locality":"문원동","address":"과천시 문원동 15-11","owner_type":"시·군유지","owner_label":"과천시","manager":"","property_class":"","land_category":"대","area_sqm":477.0,"area_band":"100~500㎡","interest_category":"대","solar_candidate":"검토필요","candidate_reason":"청사·공공건축물·주차장 현황 추가 확인 필요; 면적 477㎡","priority_score":40,"source":"경기부동산포털 국공유지조회·연속지적도","source_date":"2026-08-11","installed_solar_match":false}},{"type":"Feature","id":"4129010500103780019","geometry":{"type":"Point","coordinates":[127.0001661,37.4555591]},"properties":{"pnu":"4129010500103780019","municipality_code":"41290","municipality":"과천시","district":"과천시","locality":"과천동","address":"과천시 과천동 378-19","owner_type":"시·군유지","owner_label":"과천시","manager":"","property_class":"","land_category":"대","area_sqm":475.0,"area_band":"100~500㎡","interest_category":"대","solar_candidate":"검토필요","candidate_reason":"청사·공공건축물·주차장 현황 추가 확인 필요; 면적 475㎡","priority_score":40,"source":"경기부동산포털 국공유지조회·연속지적도","source_date":"2026-08-11","installed_solar_match":false}},{"type":"Feature","id":"4129010300106790000","geometry":{"type":"Point","coordinates":[126.9891125,37.4193365]},"properties":{"pnu":"4129010300106790000","municipality_code":"41290","municipality":"과천시","district":"과천시","locality":"갈현동","address":"과천시 갈현동 679","owner_type":"시·군유지","owner_label":"과천시","manager":"","property_class":"","land_category":"대","area_sqm":462.0,"area_band":"100~500㎡","interest_category":"대","solar_candidate":"검토필요","candidate_reason":"청사·공공건축물·주차장 현황 추가 확인 필요; 면적 462㎡","priority_score":40,"source":"경기부동산포털 국공유지조회·연속지적도","source_date":"2026-08-11","installed_solar_match":false}},{"type":"Feature","id":"4129010500103760002","geometry":{"type":"Point","coordinates":[127.0012938,37.455321]},"properties":{"pnu":"4129010500103760002","municipality_code":"41290","municipality":"과천시","district":"과천시","locality":"과천동","address":"과천시 과천동 376-2","owner_type":"시·군유지","owner_label":"과천시","manager":"","property_class":"","land_category":"대","area_sqm":457.0,"area_band":"100~500㎡","interest_category":"대","solar_candidate":"검토필요","candidate_reason":"청사·공공건축물·주차장 현황 추가 확인 필요; 면적 457㎡","priority_score":40,"source":"경기부동산포털 국공유지조회·연속지적도","source_date":"2026-08-11","installed_solar_match":false}},{"type":"Feature","id":"4129010200109290001","geometry":{"type":"Point","coordinates":[126.9953787,37.412915]},"properties":{"pnu":"4129010200109290001","municipality_code":"41290","municipality":"과천시","district":"과천시","locality":"문원동","address":"과천시 문원동 929-1","owner_type":"시·군유지","owner_label":"과천시","manager":"","property_class":"","land_category":"대","area_sqm":453.0,"area_band":"100~500㎡","interest_category":"대","solar_candidate":"검토필요","candidate_reason":"청사·공공건축물·주차장 현황 추가 확인 필요; 면적 453㎡","priority_score":40,"source":"경기부동산포털 국공유지조회·연속지적도","source_date":"2026-08-11","installed_solar_match":false}},{"type":"Feature","id":"4129010200101150089","geometry":{"type":"Point","coordinates":[127.0082982,37.4246697]},"properties":{"pnu":"4129010200101150089","municipality_code":"41290","municipality":"과천시","district":"과천시","locality":"문원동","address":"과천시 문원동 115-89","owner_type":"시·군유지","owner_label":"과천시","manager":"","property_class":"","land_category":"대","area_sqm":440.0,"area_band":"100~500㎡","interest_category":"대","solar_candidate":"검토필요","candidate_reason":"청사·공공건축물·주차장 현황 추가 확인 필요; 면적 440㎡","priority_score":40,"source":"경기부동산포털 국공유지조회·연속지적도","source_date":"2026-08-11","installed_solar_match":false}},{"type":"Feature","id":"4129010200100150177","geometry":{"type":"Point","coordinates":[127.0032516,37.4287652]},"properties":{"pnu":"4129010200100150177","municipality_code":"41290","municipality":"과천시","district":"과천시","locality":"문원동","address":"과천시 문원동 15-177","owner_type":"시·군유지","owner_label":"과천시","manager":"","property_class":"","land_category":"대","area_sqm":416.0,"area_band":"100~500㎡","interest_category":"대","solar_candidate":"검토필요","candidate_reason":"청사·공공건축물·주차장 현황 추가 확인 필요; 면적 416㎡","priority_score":40,"source":"경기부동산포털 국공유지조회·연속지적도","source_date":"2026-08-11","installed_solar_match":false}},{"type":"Feature","id":"4129010600101050016","geometry":{"type":"Point","coordinates":[127.0322531,37.4570582]},"properties":{"pnu":"4129010600101050016","municipality_code":"41290","municipality":"과천시","district":"과천시","locality":"주암동","address":"과천시 주암동 105-16","owner_type":"시·군유지","owner_label":"과천시","manager":"","property_class":"","land_category":"대","area_sqm":381.0,"area_band":"100~500㎡","interest_category":"대","solar_candidate":"검토필요","candidate_reason":"청사·공공건축물·주차장 현황 추가 확인 필요; 면적 381㎡","priority_score":40,"source":"경기부동산포털 국공유지조회·연속지적도","source_date":"2026-08-11","installed_solar_match":false}},{"type":"Feature","id":"4129010900100120000","geometry":{"type":"Point","coordinates":[126.99376,37.4242424]},"properties":{"pnu":"4129010900100120000","municipality_code":"41290","municipality":"과천시","district":"과천시","locality":"별양동","address":"과천시 별양동 12","owner_type":"시·군유지","owner_label":"과천시","manager":"","property_class":"","land_category":"대","area_sqm":378.9,"area_band":"100~500㎡","interest_category":"대","solar_candidate":"검토필요","candidate_reason":"청사·공공건축물·주차장 현황 추가 확인 필요; 면적 379㎡","priority_score":40,"source":"경기부동산포털 국공유지조회·연속지적도","source_date":"2026-08-11","installed_solar_match":false}},{"type":"Feature","id":"4129010500105380001","geometry":{"type":"Point","coordinates":[126.995408,37.4483874]},"properties":{"pnu":"4129010500105380001","municipality_code":"41290","municipality":"과천시","district":"과천시","locality":"과천동","address":"과천시 과천동 538-1","owner_type":"시·군유지","owner_label":"과천시","manager":"","property_class":"","land_category":"대","area_sqm":375.0,"area_band":"100~500㎡","interest_category":"대","solar_candidate":"검토필요","candidate_reason":"청사·공공건축물·주차장 현황 추가 확인 필요; 면적 375㎡","priority_score":40,"source":"경기부동산포털 국공유지조회·연속지적도","source_date":"2026-08-11","installed_solar_match":false}},{"type":"Feature","id":"4129010500105550134","geometry":{"type":"Point","coordinates":[126.9954164,37.4496281]},"properties":{"pnu":"4129010500105550134","municipality_code":"41290","municipality":"과천시","district":"과천시","locality":"과천동","address":"과천시 과천동 555-134","owner_type":"시·군유지","owner_label":"과천시","manager":"","property_class":"","land_category":"대","area_sqm":362.0,"area_band":"100~500㎡","interest_category":"대","solar_candidate":"검토필요","candidate_reason":"청사·공공건축물·주차장 현황 추가 확인 필요; 면적 362㎡","priority_score":40,"source":"경기부동산포털 국공유지조회·연속지적도","source_date":"2026-08-11","installed_solar_match":false}},{"type":"Feature","id":"4129010600101060006","geometry":{"type":"Point","coordinates":[127.030698,37.45729]},"properties":{"pnu":"4129010600101060006","municipality_code":"41290","municipality":"과천시","district":"과천시","locality":"주암동","address":"과천시 주암동 106-6","owner_type":"시·군유지","owner_label":"과천시","manager":"","property_class":"","land_category":"대","area_sqm":350.0,"area_band":"100~500㎡","interest_category":"대","solar_candidate":"검토필요","candidate_reason":"청사·공공건축물·주차장 현황 추가 확인 필요; 면적 350㎡","priority_score":40,"source":"경기부동산포털 국공유지조회·연속지적도","source_date":"2026-08-11","installed_solar_match":false}},{"type":"Feature","id":"4129010200103200019","geometry":{"type":"Point","coordinates":[126.9990233,37.4198978]},"properties":{"pnu":"4129010200103200019","municipality_code":"41290","municipality":"과천시","district":"과천시","locality":"문원동","address":"과천시 문원동 320-19","owner_type":"시·군유지","owner_label":"과천시","manager":"","property_class":"","land_category":"대","area_sqm":345.0,"area_band":"100~500㎡","interest_category":"대","solar_candidate":"검토필요","candidate_reason":"청사·공공건축물·주차장 현황 추가 확인 필요; 면적 345㎡","priority_score":40,"source":"경기부동산포털 국공유지조회·연속지적도","source_date":"2026-08-11","installed_solar_match":false}},{"type":"Feature","id":"4129011000100450000","geometry":{"type":"Point","coordinates":[126.9979435,37.4340347]},"properties":{"pnu":"4129011000100450000","municipality_code":"41290","municipality":"과천시","district":"과천시","locality":"부림동","address":"과천시 부림동 45","owner_type":"시·군유지","owner_label":"과천시","manager":"","property_class":"","land_category":"대","area_sqm":330.2,"area_band":"100~500㎡","interest_category":"대","solar_candidate":"검토필요","candidate_reason":"청사·공공건축물·주차장 현황 추가 확인 필요; 면적 330㎡","priority_score":40,"source":"경기부동산포털 국공유지조회·연속지적도","source_date":"2026-08-11","installed_solar_match":false}},{"type":"Feature","id":"4129010300105180006","geometry":{"type":"Point","coordinates":[126.9685657,37.421202]},"properties":{"pnu":"4129010300105180006","municipality_code":"41290","municipality":"과천시","district":"과천시","locality":"갈현동","address":"과천시 갈현동 518-6","owner_type":"시·군유지","owner_label":"과천시","manager":"","property_class":"","land_category":"대","area_sqm":330.0,"area_band":"100~500㎡","interest_category":"대","solar_candidate":"검토필요","candidate_reason":"청사·공공건축물·주차장 현황 추가 확인 필요; 면적 330㎡","priority_score":40,"source":"경기부동산포털 국공유지조회·연속지적도","source_date":"2026-08-11","installed_solar_match":false}},{"type":"Feature","id":"4129010500105310004","geometry":{"type":"Point","coordinates":[126.997506,37.4472529]},"properties":{"pnu":"4129010500105310004","municipality_code":"41290","municipality":"과천시","district":"과천시","locality":"과천동","address":"과천시 과천동 531-4","owner_type":"시·군유지","owner_label":"과천시","manager":"","property_class":"","land_category":"대","area_sqm":323.0,"area_band":"100~500㎡","interest_category":"대","solar_candidate":"검토필요","candidate_reason":"청사·공공건축물·주차장 현황 추가 확인 필요; 면적 323㎡","priority_score":40,"source":"경기부동산포털 국공유지조회·연속지적도","source_date":"2026-08-11","installed_solar_match":false}},{"type":"Feature","id":"4129010200101910000","geometry":{"type":"Point","coordinates":[127.0014832,37.4261517]},"properties":{"pnu":"4129010200101910000","municipality_code":"41290","municipality":"과천시","district":"과천시","locality":"문원동","address":"과천시 문원동 191","owner_type":"시·군유지","owner_label":"과천시","manager":"","property_class":"","land_category":"대","area_sqm":318.0,"area_band":"100~500㎡","interest_category":"대","solar_candidate":"검토필요","candidate_reason":"청사·공공건축물·주차장 현황 추가 확인 필요; 면적 318㎡","priority_score":40,"source":"경기부동산포털 국공유지조회·연속지적도","source_date":"2026-08-11","installed_solar_match":false}},{"type":"Feature","id":"4129010500103790019","geometry":{"type":"Point","coordinates":[127.0011775,37.4568267]},"properties":{"pnu":"4129010500103790019","municipality_code":"41290","municipality":"과천시","district":"과천시","locality":"과천동","address":"과천시 과천동 379-19","owner_type":"시·군유지","owner_label":"과천시","manager":"","property_class":"","land_category":"대","area_sqm":313.0,"area_band":"100~500㎡","interest_category":"대","solar_candidate":"검토필요","candidate_reason":"청사·공공건축물·주차장 현황 추가 확인 필요; 면적 313㎡","priority_score":40,"source":"경기부동산포털 국공유지조회·연속지적도","source_date":"2026-08-11","installed_solar_match":false}},{"type":"Feature","id":"4129010600101830005","geometry":{"type":"Point","coordinates":[127.0281379,37.4519247]},"properties":{"pnu":"4129010600101830005","municipality_code":"41290","municipality":"과천시","district":"과천시","locality":"주암동","address":"과천시 주암동 183-5","owner_type":"시·군유지","owner_label":"과천시","manager":"","property_class":"","land_category":"대","area_sqm":306.0,"area_band":"100~500㎡","interest_category":"대","solar_candidate":"검토필요","candidate_reason":"청사·공공건축물·주차장 현황 추가 확인 필요; 면적 306㎡","priority_score":40,"source":"경기부동산포털 국공유지조회·연속지적도","source_date":"2026-08-11","installed_solar_match":false}},{"type":"Feature","id":"4129010700100070009","geometry":{"type":"Point","coordinates":[126.9877513,37.4307455]},"properties":{"pnu":"4129010700100070009","municipality_code":"41290","municipality":"과천시","district":"과천시","locality":"중앙동","address":"과천시 중앙동 7-9","owner_type":"시·군유지","owner_label":"과천시","manager":"","property_class":"","land_category":"대","area_sqm":303.7,"area_band":"100~500㎡","interest_category":"대","solar_candidate":"검토필요","candidate_reason":"청사·공공건축물·주차장 현황 추가 확인 필요; 면적 304㎡","priority_score":40,"source":"경기부동산포털 국공유지조회·연속지적도","source_date":"2026-08-11","installed_solar_match":false}},{"type":"Feature","id":"4129010200101740011","geometry":{"type":"Point","coordinates":[127.0071527,37.4241917]},"properties":{"pnu":"4129010200101740011","municipality_code":"41290","municipality":"과천시","district":"과천시","locality":"문원동","address":"과천시 문원동 174-11","owner_type":"시·군유지","owner_label":"과천시","manager":"","property_class":"","land_category":"대","area_sqm":300.0,"area_band":"100~500㎡","interest_category":"대","solar_candidate":"검토필요","candidate_reason":"청사·공공건축물·주차장 현황 추가 확인 필요; 면적 300㎡","priority_score":40,"source":"경기부동산포털 국공유지조회·연속지적도","source_date":"2026-08-11","installed_solar_match":false}},{"type":"Feature","id":"4129010200100150034","geometry":{"type":"Point","coordinates":[127.0031721,37.4305377]},"properties":{"pnu":"4129010200100150034","municipality_code":"41290","municipality":"과천시","district":"과천시","locality":"문원동","address":"과천시 문원동 15-34","owner_type":"시·군유지","owner_label":"과천시","manager":"","property_class":"","land_category":"대","area_sqm":296.0,"area_band":"100~500㎡","interest_category":"대","solar_candidate":"검토필요","candidate_reason":"청사·공공건축물·주차장 현황 추가 확인 필요; 면적 296㎡","priority_score":40,"source":"경기부동산포털 국공유지조회·연속지적도","source_date":"2026-08-11","installed_solar_match":false}},{"type":"Feature","id":"4129010700100690000","geometry":{"type":"Point","coordinates":[126.9932168,37.4333057]},"properties":{"pnu":"4129010700100690000","municipality_code":"41290","municipality":"과천시","district":"과천시","locality":"중앙동","address":"과천시 중앙동 69","owner_type":"시·군유지","owner_label":"과천시","manager":"","property_class":"","land_category":"대","area_sqm":295.9,"area_band":"100~500㎡","interest_category":"대","solar_candidate":"검토필요","candidate_reason":"청사·공공건축물·주차장 현황 추가 확인 필요; 면적 296㎡","priority_score":40,"source":"경기부동산포털 국공유지조회·연속지적도","source_date":"2026-08-11","installed_solar_match":false}},{"type":"Feature","id":"4129010200100150033","geometry":{"type":"Point","coordinates":[127.0028892,37.4305429]},"properties":{"pnu":"4129010200100150033","municipality_code":"41290","municipality":"과천시","district":"과천시","locality":"문원동","address":"과천시 문원동 15-33","owner_type":"시·군유지","owner_label":"과천시","manager":"","property_class":"","land_category":"대","area_sqm":287.0,"area_band":"100~500㎡","interest_category":"대","solar_candidate":"검토필요","candidate_reason":"청사·공공건축물·주차장 현황 추가 확인 필요; 면적 287㎡","priority_score":40,"source":"경기부동산포털 국공유지조회·연속지적도","source_date":"2026-08-11","installed_solar_match":false}},{"type":"Feature","id":"4129010500105550102","geometry":{"type":"Point","coordinates":[126.9974922,37.4500982]},"properties":{"pnu":"4129010500105550102","municipality_code":"41290","municipality":"과천시","district":"과천시","locality":"과천동","address":"과천시 과천동 555-102","owner_type":"시·군유지","owner_label":"과천시","manager":"","property_class":"","land_category":"대","area_sqm":270.0,"area_band":"100~500㎡","interest_category":"대","solar_candidate":"검토필요","candidate_reason":"청사·공공건축물·주차장 현황 추가 확인 필요; 면적 270㎡","priority_score":40,"source":"경기부동산포털 국공유지조회·연속지적도","source_date":"2026-08-11","installed_solar_match":false}},{"type":"Feature","id":"4129010200100150001","geometry":{"type":"Point","coordinates":[127.0021592,37.4295459]},"properties":{"pnu":"4129010200100150001","municipality_code":"41290","municipality":"과천시","district":"과천시","locality":"문원동","address":"과천시 문원동 15-1","owner_type":"시·군유지","owner_label":"과천시","manager":"","property_class":"","land_category":"대","area_sqm":266.0,"area_band":"100~500㎡","interest_category":"대","solar_candidate":"검토필요","candidate_reason":"청사·공공건축물·주차장 현황 추가 확인 필요; 면적 266㎡","priority_score":40,"source":"경기부동산포털 국공유지조회·연속지적도","source_date":"2026-08-11","installed_solar_match":false}},{"type":"Feature","id":"4129010600101050074","geometry":{"type":"Point","coordinates":[127.0319743,37.4570107]},"properties":{"pnu":"4129010600101050074","municipality_code":"41290","municipality":"과천시","district":"과천시","locality":"주암동","address":"과천시 주암동 105-74","owner_type":"시·군유지","owner_label":"과천시","manager":"","property_class":"","land_category":"대","area_sqm":266.0,"area_band":"100~500㎡","interest_category":"대","solar_candidate":"검토필요","candidate_reason":"청사·공공건축물·주차장 현황 추가 확인 필요; 면적 266㎡","priority_score":40,"source":"경기부동산포털 국공유지조회·연속지적도","source_date":"2026-08-11","installed_solar_match":false}},{"type":"Feature","id":"4129011000100440000","geometry":{"type":"Point","coordinates":[126.9978304,37.4339857]},"properties":{"pnu":"4129011000100440000","municipality_code":"41290","municipality":"과천시","district":"과천시","locality":"부림동","address":"과천시 부림동 44","owner_type":"시·군유지","owner_label":"과천시","manager":"","property_class":"","land_category":"대","area_sqm":249.8,"area_band":"100~500㎡","interest_category":"대","solar_candidate":"검토필요","candidate_reason":"청사·공공건축물·주차장 현황 추가 확인 필요; 면적 250㎡","priority_score":40,"source":"경기부동산포털 국공유지조회·연속지적도","source_date":"2026-08-11","installed_solar_match":false}},{"type":"Feature","id":"4129010700100080004","geometry":{"type":"Point","coordinates":[126.9881868,37.4307772]},"properties":{"pnu":"4129010700100080004","municipality_code":"41290","municipality":"과천시","district":"과천시","locality":"중앙동","address":"과천시 중앙동 8-4","owner_type":"시·군유지","owner_label":"과천시","manager":"","property_class":"","land_category":"대","area_sqm":245.0,"area_band":"100~500㎡","interest_category":"대","solar_candidate":"검토필요","candidate_reason":"청사·공공건축물·주차장 현황 추가 확인 필요; 면적 245㎡","priority_score":40,"source":"경기부동산포털 국공유지조회·연속지적도","source_date":"2026-08-11","installed_solar_match":false}},{"type":"Feature","id":"4129010200100150022","geometry":{"type":"Point","coordinates":[127.0027359,37.4304602]},"properties":{"pnu":"4129010200100150022","municipality_code":"41290","municipality":"과천시","district":"과천시","locality":"문원동","address":"과천시 문원동 15-22","owner_type":"시·군유지","owner_label":"과천시","manager":"","property_class":"","land_category":"대","area_sqm":244.0,"area_band":"100~500㎡","interest_category":"대","solar_candidate":"검토필요","candidate_reason":"청사·공공건축물·주차장 현황 추가 확인 필요; 면적 244㎡","priority_score":40,"source":"경기부동산포털 국공유지조회·연속지적도","source_date":"2026-08-11","installed_solar_match":false}},{"type":"Feature","id":"4129011000100380015","geometry":{"type":"Point","coordinates":[126.9987808,37.4379242]},"properties":{"pnu":"4129011000100380015","municipality_code":"41290","municipality":"과천시","district":"과천시","locality":"부림동","address":"과천시 부림동 38-15","owner_type":"시·군유지","owner_label":"과천시","manager":"","property_class":"","land_category":"대","area_sqm":243.0,"area_band":"100~500㎡","interest_category":"대","solar_candidate":"검토필요","candidate_reason":"청사·공공건축물·주차장 현황 추가 확인 필요; 면적 243㎡","priority_score":40,"source":"경기부동산포털 국공유지조회·연속지적도","source_date":"2026-08-11","installed_solar_match":false}},{"type":"Feature","id":"4129010700100100004","geometry":{"type":"Point","coordinates":[126.9881753,37.4316765]},"properties":{"pnu":"4129010700100100004","municipality_code":"41290","municipality":"과천시","district":"과천시","locality":"중앙동","address":"과천시 중앙동 10-4","owner_type":"시·군유지","owner_label":"과천시","manager":"","property_class":"","land_category":"대","area_sqm":241.0,"area_band":"100~500㎡","interest_category":"대","solar_candidate":"검토필요","candidate_reason":"청사·공공건축물·주차장 현황 추가 확인 필요; 면적 241㎡","priority_score":40,"source":"경기부동산포털 국공유지조회·연속지적도","source_date":"2026-08-11","installed_solar_match":false}},{"type":"Feature","id":"4129010500106010001","geometry":{"type":"Point","coordinates":[126.9999535,37.4383095]},"properties":{"pnu":"4129010500106010001","municipality_code":"41290","municipality":"과천시","district":"과천시","locality":"과천동","address":"과천시 과천동 601-1","owner_type":"시·군유지","owner_label":"과천시","manager":"","property_class":"","land_category":"대","area_sqm":240.0,"area_band":"100~500㎡","interest_category":"대","solar_candidate":"검토필요","candidate_reason":"청사·공공건축물·주차장 현황 추가 확인 필요; 면적 240㎡","priority_score":40,"source":"경기부동산포털 국공유지조회·연속지적도","source_date":"2026-08-11","installed_solar_match":false}},{"type":"Feature","id":"4129010700100280011","geometry":{"type":"Point","coordinates":[126.9904417,37.4319152]},"properties":{"pnu":"4129010700100280011","municipality_code":"41290","municipality":"과천시","district":"과천시","locality":"중앙동","address":"과천시 중앙동 28-11","owner_type":"시·군유지","owner_label":"과천시","manager":"","property_class":"","land_category":"대","area_sqm":240.0,"area_band":"100~500㎡","interest_category":"대","solar_candidate":"검토필요","candidate_reason":"청사·공공건축물·주차장 현황 추가 확인 필요; 면적 240㎡","priority_score":40,"source":"경기부동산포털 국공유지조회·연속지적도","source_date":"2026-08-11","installed_solar_match":false}},{"type":"Feature","id":"4129011000100380004","geometry":{"type":"Point","coordinates":[126.9991024,37.4377911]},"properties":{"pnu":"4129011000100380004","municipality_code":"41290","municipality":"과천시","district":"과천시","locality":"부림동","address":"과천시 부림동 38-4","owner_type":"시·군유지","owner_label":"과천시","manager":"","property_class":"","land_category":"대","area_sqm":237.3,"area_band":"100~500㎡","interest_category":"대","solar_candidate":"검토필요","candidate_reason":"청사·공공건축물·주차장 현황 추가 확인 필요; 면적 237㎡","priority_score":40,"source":"경기부동산포털 국공유지조회·연속지적도","source_date":"2026-08-11","installed_solar_match":false}},{"type":"Feature","id":"4129011000100140010","geometry":{"type":"Point","coordinates":[126.9961175,37.4385981]},"properties":{"pnu":"4129011000100140010","municipality_code":"41290","municipality":"과천시","district":"과천시","locality":"부림동","address":"과천시 부림동 14-10","owner_type":"시·군유지","owner_label":"과천시","manager":"","property_class":"","land_category":"대","area_sqm":233.7,"area_band":"100~500㎡","interest_category":"대","solar_candidate":"검토필요","candidate_reason":"청사·공공건축물·주차장 현황 추가 확인 필요; 면적 234㎡","priority_score":40,"source":"경기부동산포털 국공유지조회·연속지적도","source_date":"2026-08-11","installed_solar_match":false}},{"type":"Feature","id":"4129010200101150088","geometry":{"type":"Point","coordinates":[127.0084836,37.4246413]},"properties":{"pnu":"4129010200101150088","municipality_code":"41290","municipality":"과천시","district":"과천시","locality":"문원동","address":"과천시 문원동 115-88","owner_type":"시·군유지","owner_label":"과천시","manager":"","property_class":"","land_category":"대","area_sqm":224.0,"area_band":"100~500㎡","interest_category":"대","solar_candidate":"검토필요","candidate_reason":"청사·공공건축물·주차장 현황 추가 확인 필요; 면적 224㎡","priority_score":40,"source":"경기부동산포털 국공유지조회·연속지적도","source_date":"2026-08-11","installed_solar_match":false}},{"type":"Feature","id":"4129010200101150090","geometry":{"type":"Point","coordinates":[127.0083579,37.4244772]},"properties":{"pnu":"4129010200101150090","municipality_code":"41290","municipality":"과천시","district":"과천시","locality":"문원동","address":"과천시 문원동 115-90","owner_type":"시·군유지","owner_label":"과천시","manager":"","property_class":"","land_category":"대","area_sqm":224.0,"area_band":"100~500㎡","interest_category":"대","solar_candidate":"검토필요","candidate_reason":"청사·공공건축물·주차장 현황 추가 확인 필요; 면적 224㎡","priority_score":40,"source":"경기부동산포털 국공유지조회·연속지적도","source_date":"2026-08-11","installed_solar_match":false}},{"type":"Feature","id":"4129011000100230008","geometry":{"type":"Point","coordinates":[126.9963572,37.4384264]},"properties":{"pnu":"4129011000100230008","municipality_code":"41290","municipality":"과천시","district":"과천시","locality":"부림동","address":"과천시 부림동 23-8","owner_type":"시·군유지","owner_label":"과천시","manager":"","property_class":"","land_category":"대","area_sqm":222.7,"area_band":"100~500㎡","interest_category":"대","solar_candidate":"검토필요","candidate_reason":"청사·공공건축물·주차장 현황 추가 확인 필요; 면적 223㎡","priority_score":40,"source":"경기부동산포털 국공유지조회·연속지적도","source_date":"2026-08-11","installed_solar_match":false}},{"type":"Feature","id":"4129010200101150087","geometry":{"type":"Point","coordinates":[127.0084408,37.424768]},"properties":{"pnu":"4129010200101150087","municipality_code":"41290","municipality":"과천시","district":"과천시","locality":"문원동","address":"과천시 문원동 115-87","owner_type":"시·군유지","owner_label":"과천시","manager":"","property_class":"","land_category":"대","area_sqm":218.0,"area_band":"100~500㎡","interest_category":"대","solar_candidate":"검토필요","candidate_reason":"청사·공공건축물·주차장 현황 추가 확인 필요; 면적 218㎡","priority_score":40,"source":"경기부동산포털 국공유지조회·연속지적도","source_date":"2026-08-11","installed_solar_match":false}},{"type":"Feature","id":"4129010200101150093","geometry":{"type":"Point","coordinates":[127.0084013,37.4243492]},"properties":{"pnu":"4129010200101150093","municipality_code":"41290","municipality":"과천시","district":"과천시","locality":"문원동","address":"과천시 문원동 115-93","owner_type":"시·군유지","owner_label":"과천시","manager":"","property_class":"","land_category":"대","area_sqm":218.0,"area_band":"100~500㎡","interest_category":"대","solar_candidate":"검토필요","candidate_reason":"청사·공공건축물·주차장 현황 추가 확인 필요; 면적 218㎡","priority_score":40,"source":"경기부동산포털 국공유지조회·연속지적도","source_date":"2026-08-11","installed_solar_match":false}},{"type":"Feature","id":"4129010500101490005","geometry":{"type":"Point","coordinates":[127.0114827,37.4488524]},"properties":{"pnu":"4129010500101490005","municipality_code":"41290","municipality":"과천시","district":"과천시","locality":"과천동","address":"과천시 과천동 149-5","owner_type":"시·군유지","owner_label":"과천시","manager":"","property_class":"","land_category":"대","area_sqm":215.0,"area_band":"100~500㎡","interest_category":"대","solar_candidate":"검토필요","candidate_reason":"청사·공공건축물·주차장 현황 추가 확인 필요; 면적 215㎡","priority_score":40,"source":"경기부동산포털 국공유지조회·연속지적도","source_date":"2026-08-11","installed_solar_match":false}},{"type":"Feature","id":"4129010200100150042","geometry":{"type":"Point","coordinates":[127.0034237,37.4304754]},"properties":{"pnu":"4129010200100150042","municipality_code":"41290","municipality":"과천시","district":"과천시","locality":"문원동","address":"과천시 문원동 15-42","owner_type":"시·군유지","owner_label":"과천시","manager":"","property_class":"","land_category":"대","area_sqm":200.0,"area_band":"100~500㎡","interest_category":"대","solar_candidate":"검토필요","candidate_reason":"청사·공공건축물·주차장 현황 추가 확인 필요; 면적 200㎡","priority_score":40,"source":"경기부동산포털 국공유지조회·연속지적도","source_date":"2026-08-11","installed_solar_match":false}},{"type":"Feature","id":"4129010200100150092","geometry":{"type":"Point","coordinates":[127.0029697,37.4290926]},"properties":{"pnu":"4129010200100150092","municipality_code":"41290","municipality":"과천시","district":"과천시","locality":"문원동","address":"과천시 문원동 15-92","owner_type":"시·군유지","owner_label":"과천시","manager":"","property_class":"","land_category":"대","area_sqm":194.0,"area_band":"100~500㎡","interest_category":"대","solar_candidate":"검토필요","candidate_reason":"청사·공공건축물·주차장 현황 추가 확인 필요; 면적 194㎡","priority_score":40,"source":"경기부동산포털 국공유지조회·연속지적도","source_date":"2026-08-11","installed_solar_match":false}},{"type":"Feature","id":"4129010200101150045","geometry":{"type":"Point","coordinates":[127.0107108,37.4252512]},"properties":{"pnu":"4129010200101150045","municipality_code":"41290","municipality":"과천시","district":"과천시","locality":"문원동","address":"과천시 문원동 115-45","owner_type":"시·군유지","owner_label":"과천시","manager":"","property_class":"","land_category":"대","area_sqm":194.0,"area_band":"100~500㎡","interest_category":"대","solar_candidate":"검토필요","candidate_reason":"청사·공공건축물·주차장 현황 추가 확인 필요; 면적 194㎡","priority_score":40,"source":"경기부동산포털 국공유지조회·연속지적도","source_date":"2026-08-11","installed_solar_match":false}},{"type":"Feature","id":"4129010300103570003","geometry":{"type":"Point","coordinates":[126.9829764,37.4162853]},"properties":{"pnu":"4129010300103570003","municipality_code":"41290","municipality":"과천시","district":"과천시","locality":"갈현동","address":"과천시 갈현동 357-3","owner_type":"시·군유지","owner_label":"과천시","manager":"","property_class":"","land_category":"대","area_sqm":178.0,"area_band":"100~500㎡","interest_category":"대","solar_candidate":"검토필요","candidate_reason":"청사·공공건축물·주차장 현황 추가 확인 필요; 면적 178㎡","priority_score":40,"source":"경기부동산포털 국공유지조회·연속지적도","source_date":"2026-08-11","installed_solar_match":false}},{"type":"Feature","id":"4129010500103760029","geometry":{"type":"Point","coordinates":[127.001315,37.4552008]},"properties":{"pnu":"4129010500103760029","municipality_code":"41290","municipality":"과천시","district":"과천시","locality":"과천동","address":"과천시 과천동 376-29","owner_type":"시·군유지","owner_label":"과천시","manager":"","property_class":"","land_category":"대","area_sqm":170.0,"area_band":"100~500㎡","interest_category":"대","solar_candidate":"검토필요","candidate_reason":"청사·공공건축물·주차장 현황 추가 확인 필요; 면적 170㎡","priority_score":40,"source":"경기부동산포털 국공유지조회·연속지적도","source_date":"2026-08-11","installed_solar_match":false}},{"type":"Feature","id":"4129010500105490012","geometry":{"type":"Point","coordinates":[126.9938088,37.4471473]},"properties":{"pnu":"4129010500105490012","municipality_code":"41290","municipality":"과천시","district":"과천시","locality":"과천동","address":"과천시 과천동 549-12","owner_type":"시·군유지","owner_label":"과천시","manager":"","property_class":"","land_category":"대","area_sqm":150.0,"area_band":"100~500㎡","interest_category":"대","solar_candidate":"검토필요","candidate_reason":"청사·공공건축물·주차장 현황 추가 확인 필요; 면적 150㎡","priority_score":40,"source":"경기부동산포털 국공유지조회·연속지적도","source_date":"2026-08-11","installed_solar_match":false}},{"type":"Feature","id":"4129010300106800000","geometry":{"type":"Point","coordinates":[126.9888466,37.4192768]},"properties":{"pnu":"4129010300106800000","municipality_code":"41290","municipality":"과천시","district":"과천시","locality":"갈현동","address":"과천시 갈현동 680","owner_type":"시·군유지","owner_label":"과천시","manager":"","property_class":"","land_category":"대","area_sqm":148.0,"area_band":"100~500㎡","interest_category":"대","solar_candidate":"검토필요","candidate_reason":"청사·공공건축물·주차장 현황 추가 확인 필요; 면적 148㎡","priority_score":40,"source":"경기부동산포털 국공유지조회·연속지적도","source_date":"2026-08-11","installed_solar_match":false}},{"type":"Feature","id":"4129010200101150036","geometry":{"type":"Point","coordinates":[127.0099863,37.4254804]},"properties":{"pnu":"4129010200101150036","municipality_code":"41290","municipality":"과천시","district":"과천시","locality":"문원동","address":"과천시 문원동 115-36","owner_type":"시·군유지","owner_label":"과천시","manager":"","property_class":"","land_category":"대","area_sqm":147.0,"area_band":"100~500㎡","interest_category":"대","solar_candidate":"검토필요","candidate_reason":"청사·공공건축물·주차장 현황 추가 확인 필요; 면적 147㎡","priority_score":40,"source":"경기부동산포털 국공유지조회·연속지적도","source_date":"2026-08-11","installed_solar_match":false}},{"type":"Feature","id":"4129010200100150044","geometry":{"type":"Point","coordinates":[127.0038636,37.4303306]},"properties":{"pnu":"4129010200100150044","municipality_code":"41290","municipality":"과천시","district":"과천시","locality":"문원동","address":"과천시 문원동 15-44","owner_type":"시·군유지","owner_label":"과천시","manager":"","property_class":"","land_category":"대","area_sqm":146.0,"area_band":"100~500㎡","interest_category":"대","solar_candidate":"검토필요","candidate_reason":"청사·공공건축물·주차장 현황 추가 확인 필요; 면적 146㎡","priority_score":40,"source":"경기부동산포털 국공유지조회·연속지적도","source_date":"2026-08-11","installed_solar_match":false}},{"type":"Feature","id":"4129010200100150047","geometry":{"type":"Point","coordinates":[127.0040208,37.4304062]},"properties":{"pnu":"4129010200100150047","municipality_code":"41290","municipality":"과천시","district":"과천시","locality":"문원동","address":"과천시 문원동 15-47","owner_type":"시·군유지","owner_label":"과천시","manager":"","property_class":"","land_category":"대","area_sqm":146.0,"area_band":"100~500㎡","interest_category":"대","solar_candidate":"검토필요","candidate_reason":"청사·공공건축물·주차장 현황 추가 확인 필요; 면적 146㎡","priority_score":40,"source":"경기부동산포털 국공유지조회·연속지적도","source_date":"2026-08-11","installed_solar_match":false}},{"type":"Feature","id":"4129010500105490018","geometry":{"type":"Point","coordinates":[126.9940242,37.4472878]},"properties":{"pnu":"4129010500105490018","municipality_code":"41290","municipality":"과천시","district":"과천시","locality":"과천동","address":"과천시 과천동 549-18","owner_type":"시·군유지","owner_label":"과천시","manager":"","property_class":"","land_category":"대","area_sqm":144.0,"area_band":"100~500㎡","interest_category":"대","solar_candidate":"검토필요","candidate_reason":"청사·공공건축물·주차장 현황 추가 확인 필요; 면적 144㎡","priority_score":40,"source":"경기부동산포털 국공유지조회·연속지적도","source_date":"2026-08-11","installed_solar_match":false}},{"type":"Feature","id":"4129010600101610000","geometry":{"type":"Point","coordinates":[127.0293201,37.4557829]},"properties":{"pnu":"4129010600101610000","municipality_code":"41290","municipality":"과천시","district":"과천시","locality":"주암동","address":"과천시 주암동 161","owner_type":"시·군유지","owner_label":"과천시","manager":"","property_class":"","land_category":"대","area_sqm":142.0,"area_band":"100~500㎡","interest_category":"대","solar_candidate":"검토필요","candidate_reason":"청사·공공건축물·주차장 현황 추가 확인 필요; 면적 142㎡","priority_score":40,"source":"경기부동산포털 국공유지조회·연속지적도","source_date":"2026-08-11","installed_solar_match":true,"installed_solar_count":1,"installed_solar_area_sqm":47.6,"installed_solar_analysis_years":["2024"],"installed_solar_types":["기타"],"installed_solar_permit_status_counts":{"N":1}}},{"type":"Feature","id":"4129010200100150010","geometry":{"type":"Point","coordinates":[127.0022509,37.4300371]},"properties":{"pnu":"4129010200100150010","municipality_code":"41290","municipality":"과천시","district":"과천시","locality":"문원동","address":"과천시 문원동 15-10","owner_type":"시·군유지","owner_label":"과천시","manager":"","property_class":"","land_category":"대","area_sqm":140.0,"area_band":"100~500㎡","interest_category":"대","solar_candidate":"검토필요","candidate_reason":"청사·공공건축물·주차장 현황 추가 확인 필요; 면적 140㎡","priority_score":40,"source":"경기부동산포털 국공유지조회·연속지적도","source_date":"2026-08-11","installed_solar_match":false}},{"type":"Feature","id":"4129010500105380030","geometry":{"type":"Point","coordinates":[126.9953249,37.4478745]},"properties":{"pnu":"4129010500105380030","municipality_code":"41290","municipality":"과천시","district":"과천시","locality":"과천동","address":"과천시 과천동 538-30","owner_type":"시·군유지","owner_label":"과천시","manager":"","property_class":"","land_category":"대","area_sqm":139.0,"area_band":"100~500㎡","interest_category":"대","solar_candidate":"검토필요","candidate_reason":"청사·공공건축물·주차장 현황 추가 확인 필요; 면적 139㎡","priority_score":40,"source":"경기부동산포털 국공유지조회·연속지적도","source_date":"2026-08-11","installed_solar_match":false}},{"type":"Feature","id":"4129010200109500007","geometry":{"type":"Point","coordinates":[126.9995509,37.4112075]},"properties":{"pnu":"4129010200109500007","municipality_code":"41290","municipality":"과천시","district":"과천시","locality":"문원동","address":"과천시 문원동 950-7","owner_type":"시·군유지","owner_label":"과천시","manager":"","property_class":"","land_category":"대","area_sqm":138.0,"area_band":"100~500㎡","interest_category":"대","solar_candidate":"검토필요","candidate_reason":"청사·공공건축물·주차장 현황 추가 확인 필요; 면적 138㎡","priority_score":40,"source":"경기부동산포털 국공유지조회·연속지적도","source_date":"2026-08-11","installed_solar_match":false}},{"type":"Feature","id":"4129010600101660006","geometry":{"type":"Point","coordinates":[127.0299558,37.4545815]},"properties":{"pnu":"4129010600101660006","municipality_code":"41290","municipality":"과천시","district":"과천시","locality":"주암동","address":"과천시 주암동 166-6","owner_type":"시·군유지","owner_label":"과천시","manager":"","property_class":"","land_category":"대","area_sqm":137.0,"area_band":"100~500㎡","interest_category":"대","solar_candidate":"검토필요","candidate_reason":"청사·공공건축물·주차장 현황 추가 확인 필요; 면적 137㎡","priority_score":40,"source":"경기부동산포털 국공유지조회·연속지적도","source_date":"2026-08-11","installed_solar_match":false}},{"type":"Feature","id":"4129010300103550020","geometry":{"type":"Point","coordinates":[126.9825921,37.4162299]},"properties":{"pnu":"4129010300103550020","municipality_code":"41290","municipality":"과천시","district":"과천시","locality":"갈현동","address":"과천시 갈현동 355-20","owner_type":"시·군유지","owner_label":"과천시","manager":"","property_class":"","land_category":"대","area_sqm":133.0,"area_band":"100~500㎡","interest_category":"대","solar_candidate":"검토필요","candidate_reason":"청사·공공건축물·주차장 현황 추가 확인 필요; 면적 133㎡","priority_score":40,"source":"경기부동산포털 국공유지조회·연속지적도","source_date":"2026-08-11","installed_solar_match":false}},{"type":"Feature","id":"4129010200101150379","geometry":{"type":"Point","coordinates":[127.0101722,37.4225451]},"properties":{"pnu":"4129010200101150379","municipality_code":"41290","municipality":"과천시","district":"과천시","locality":"문원동","address":"과천시 문원동 115-379","owner_type":"시·군유지","owner_label":"과천시","manager":"","property_class":"","land_category":"대","area_sqm":132.0,"area_band":"100~500㎡","interest_category":"대","solar_candidate":"검토필요","candidate_reason":"청사·공공건축물·주차장 현황 추가 확인 필요; 면적 132㎡","priority_score":40,"source":"경기부동산포털 국공유지조회·연속지적도","source_date":"2026-08-11","installed_solar_match":false}},{"type":"Feature","id":"4129010200101150424","geometry":{"type":"Point","coordinates":[127.0110585,37.4226301]},"properties":{"pnu":"4129010200101150424","municipality_code":"41290","municipality":"과천시","district":"과천시","locality":"문원동","address":"과천시 문원동 115-424","owner_type":"시·군유지","owner_label":"과천시","manager":"","property_class":"","land_category":"대","area_sqm":132.0,"area_band":"100~500㎡","interest_category":"대","solar_candidate":"검토필요","candidate_reason":"청사·공공건축물·주차장 현황 추가 확인 필요; 면적 132㎡","priority_score":40,"source":"경기부동산포털 국공유지조회·연속지적도","source_date":"2026-08-11","installed_solar_match":false}},{"type":"Feature","id":"4129010600101050064","geometry":{"type":"Point","coordinates":[127.0320497,37.4569779]},"properties":{"pnu":"4129010600101050064","municipality_code":"41290","municipality":"과천시","district":"과천시","locality":"주암동","address":"과천시 주암동 105-64","owner_type":"시·군유지","owner_label":"과천시","manager":"","property_class":"","land_category":"대","area_sqm":132.0,"area_band":"100~500㎡","interest_category":"대","solar_candidate":"검토필요","candidate_reason":"청사·공공건축물·주차장 현황 추가 확인 필요; 면적 132㎡","priority_score":40,"source":"경기부동산포털 국공유지조회·연속지적도","source_date":"2026-08-11","installed_solar_match":false}},{"type":"Feature","id":"4129010200100150178","geometry":{"type":"Point","coordinates":[127.003476,37.4284943]},"properties":{"pnu":"4129010200100150178","municipality_code":"41290","municipality":"과천시","district":"과천시","locality":"문원동","address":"과천시 문원동 15-178","owner_type":"시·군유지","owner_label":"과천시","manager":"","property_class":"","land_category":"대","area_sqm":126.0,"area_band":"100~500㎡","interest_category":"대","solar_candidate":"검토필요","candidate_reason":"청사·공공건축물·주차장 현황 추가 확인 필요; 면적 126㎡","priority_score":40,"source":"경기부동산포털 국공유지조회·연속지적도","source_date":"2026-08-11","installed_solar_match":false}},{"type":"Feature","id":"4129010600104360001","geometry":{"type":"Point","coordinates":[127.0235054,37.4459912]},"properties":{"pnu":"4129010600104360001","municipality_code":"41290","municipality":"과천시","district":"과천시","locality":"주암동","address":"과천시 주암동 436-1","owner_type":"시·군유지","owner_label":"과천시","manager":"","property_class":"","land_category":"대","area_sqm":126.0,"area_band":"100~500㎡","interest_category":"대","solar_candidate":"검토필요","candidate_reason":"청사·공공건축물·주차장 현황 추가 확인 필요; 면적 126㎡","priority_score":40,"source":"경기부동산포털 국공유지조회·연속지적도","source_date":"2026-08-11","installed_solar_match":false}},{"type":"Feature","id":"4129010300100090012","geometry":{"type":"Point","coordinates":[126.9850284,37.4174933]},"properties":{"pnu":"4129010300100090012","municipality_code":"41290","municipality":"과천시","district":"과천시","locality":"갈현동","address":"과천시 갈현동 9-12","owner_type":"시·군유지","owner_label":"과천시","manager":"","property_class":"","land_category":"대","area_sqm":125.0,"area_band":"100~500㎡","interest_category":"대","solar_candidate":"검토필요","candidate_reason":"청사·공공건축물·주차장 현황 추가 확인 필요; 면적 125㎡","priority_score":40,"source":"경기부동산포털 국공유지조회·연속지적도","source_date":"2026-08-11","installed_solar_match":false}},{"type":"Feature","id":"4129010500104870001","geometry":{"type":"Point","coordinates":[126.9924186,37.4527166]},"properties":{"pnu":"4129010500104870001","municipality_code":"41290","municipality":"과천시","district":"과천시","locality":"과천동","address":"과천시 과천동 487-1","owner_type":"시·군유지","owner_label":"과천시","manager":"","property_class":"","land_category":"대","area_sqm":124.0,"area_band":"100~500㎡","interest_category":"대","solar_candidate":"검토필요","candidate_reason":"청사·공공건축물·주차장 현황 추가 확인 필요; 면적 124㎡","priority_score":40,"source":"경기부동산포털 국공유지조회·연속지적도","source_date":"2026-08-11","installed_solar_match":false}},{"type":"Feature","id":"4129010300101630003","geometry":{"type":"Point","coordinates":[126.9907605,37.4115311]},"properties":{"pnu":"4129010300101630003","municipality_code":"41290","municipality":"과천시","district":"과천시","locality":"갈현동","address":"과천시 갈현동 163-3","owner_type":"시·군유지","owner_label":"과천시","manager":"","property_class":"","land_category":"대","area_sqm":121.0,"area_band":"100~500㎡","interest_category":"대","solar_candidate":"검토필요","candidate_reason":"청사·공공건축물·주차장 현황 추가 확인 필요; 면적 121㎡","priority_score":40,"source":"경기부동산포털 국공유지조회·연속지적도","source_date":"2026-08-11","installed_solar_match":false}},{"type":"Feature","id":"4129010300104090001","geometry":{"type":"Point","coordinates":[126.9788451,37.4186283]},"properties":{"pnu":"4129010300104090001","municipality_code":"41290","municipality":"과천시","district":"과천시","locality":"갈현동","address":"과천시 갈현동 409-1","owner_type":"시·군유지","owner_label":"과천시","manager":"","property_class":"","land_category":"대","area_sqm":118.0,"area_band":"100~500㎡","interest_category":"대","solar_candidate":"검토필요","candidate_reason":"청사·공공건축물·주차장 현황 추가 확인 필요; 면적 118㎡","priority_score":40,"source":"경기부동산포털 국공유지조회·연속지적도","source_date":"2026-08-11","installed_solar_match":false}},{"type":"Feature","id":"4129010100101070001","geometry":{"type":"Point","coordinates":[126.9931797,37.4364529]},"properties":{"pnu":"4129010100101070001","municipality_code":"41290","municipality":"과천시","district":"과천시","locality":"관문동","address":"과천시 관문동 107-1","owner_type":"시·군유지","owner_label":"과천시","manager":"","property_class":"","land_category":"대","area_sqm":115.0,"area_band":"100~500㎡","interest_category":"대","solar_candidate":"검토필요","candidate_reason":"청사·공공건축물·주차장 현황 추가 확인 필요; 면적 115㎡","priority_score":40,"source":"경기부동산포털 국공유지조회·연속지적도","source_date":"2026-08-11","installed_solar_match":false}},{"type":"Feature","id":"4129010500105300005","geometry":{"type":"Point","coordinates":[126.9971726,37.447121]},"properties":{"pnu":"4129010500105300005","municipality_code":"41290","municipality":"과천시","district":"과천시","locality":"과천동","address":"과천시 과천동 530-5","owner_type":"시·군유지","owner_label":"과천시","manager":"","property_class":"","land_category":"대","area_sqm":115.0,"area_band":"100~500㎡","interest_category":"대","solar_candidate":"검토필요","candidate_reason":"청사·공공건축물·주차장 현황 추가 확인 필요; 면적 115㎡","priority_score":40,"source":"경기부동산포털 국공유지조회·연속지적도","source_date":"2026-08-11","installed_solar_match":false}},{"type":"Feature","id":"4129010500105320006","geometry":{"type":"Point","coordinates":[126.9976302,37.4474682]},"properties":{"pnu":"4129010500105320006","municipality_code":"41290","municipality":"과천시","district":"과천시","locality":"과천동","address":"과천시 과천동 532-6","owner_type":"시·군유지","owner_label":"과천시","manager":"","property_class":"","land_category":"대","area_sqm":115.0,"area_band":"100~500㎡","interest_category":"대","solar_candidate":"검토필요","candidate_reason":"청사·공공건축물·주차장 현황 추가 확인 필요; 면적 115㎡","priority_score":40,"source":"경기부동산포털 국공유지조회·연속지적도","source_date":"2026-08-11","installed_solar_match":false}},{"type":"Feature","id":"4129010300103570009","geometry":{"type":"Point","coordinates":[126.9828363,37.4163192]},"properties":{"pnu":"4129010300103570009","municipality_code":"41290","municipality":"과천시","district":"과천시","locality":"갈현동","address":"과천시 갈현동 357-9","owner_type":"시·군유지","owner_label":"과천시","manager":"","property_class":"","land_category":"대","area_sqm":113.0,"area_band":"100~500㎡","interest_category":"대","solar_candidate":"검토필요","candidate_reason":"청사·공공건축물·주차장 현황 추가 확인 필요; 면적 113㎡","priority_score":40,"source":"경기부동산포털 국공유지조회·연속지적도","source_date":"2026-08-11","installed_solar_match":false}},{"type":"Feature","id":"4129010500105550198","geometry":{"type":"Point","coordinates":[126.9955619,37.4496878]},"properties":{"pnu":"4129010500105550198","municipality_code":"41290","municipality":"과천시","district":"과천시","locality":"과천동","address":"과천시 과천동 555-198","owner_type":"시·군유지","owner_label":"과천시","manager":"","property_class":"","land_category":"대","area_sqm":111.0,"area_band":"100~500㎡","interest_category":"대","solar_candidate":"검토필요","candidate_reason":"청사·공공건축물·주차장 현황 추가 확인 필요; 면적 111㎡","priority_score":40,"source":"경기부동산포털 국공유지조회·연속지적도","source_date":"2026-08-11","installed_solar_match":false}},{"type":"Feature","id":"4129010600104560009","geometry":{"type":"Point","coordinates":[127.0250032,37.4451562]},"properties":{"pnu":"4129010600104560009","municipality_code":"41290","municipality":"과천시","district":"과천시","locality":"주암동","address":"과천시 주암동 456-9","owner_type":"시·군유지","owner_label":"과천시","manager":"","property_class":"","land_category":"대","area_sqm":111.0,"area_band":"100~500㎡","interest_category":"대","solar_candidate":"검토필요","candidate_reason":"청사·공공건축물·주차장 현황 추가 확인 필요; 면적 111㎡","priority_score":40,"source":"경기부동산포털 국공유지조회·연속지적도","source_date":"2026-08-11","installed_solar_match":false}},{"type":"Feature","id":"4129010200109420001","geometry":{"type":"Point","coordinates":[126.9973533,37.412036]},"properties":{"pnu":"4129010200109420001","municipality_code":"41290","municipality":"과천시","district":"과천시","locality":"문원동","address":"과천시 문원동 942-1","owner_type":"시·군유지","owner_label":"과천시","manager":"","property_class":"","land_category":"대","area_sqm":106.0,"area_band":"100~500㎡","interest_category":"대","solar_candidate":"검토필요","candidate_reason":"청사·공공건축물·주차장 현황 추가 확인 필요; 면적 106㎡","priority_score":40,"source":"경기부동산포털 국공유지조회·연속지적도","source_date":"2026-08-11","installed_solar_match":false}},{"type":"Feature","id":"4129010600101050006","geometry":{"type":"Point","coordinates":[127.0318323,37.4569562]},"properties":{"pnu":"4129010600101050006","municipality_code":"41290","municipality":"과천시","district":"과천시","locality":"주암동","address":"과천시 주암동 105-6","owner_type":"시·군유지","owner_label":"과천시","manager":"","property_class":"","land_category":"대","area_sqm":106.0,"area_band":"100~500㎡","interest_category":"대","solar_candidate":"검토필요","candidate_reason":"청사·공공건축물·주차장 현황 추가 확인 필요; 면적 106㎡","priority_score":40,"source":"경기부동산포털 국공유지조회·연속지적도","source_date":"2026-08-11","installed_solar_match":false}},{"type":"Feature","id":"4129010600104430017","geometry":{"type":"Point","coordinates":[127.0227177,37.4463142]},"properties":{"pnu":"4129010600104430017","municipality_code":"41290","municipality":"과천시","district":"과천시","locality":"주암동","address":"과천시 주암동 443-17","owner_type":"시·군유지","owner_label":"과천시","manager":"","property_class":"","land_category":"대","area_sqm":104.0,"area_band":"100~500㎡","interest_category":"대","solar_candidate":"검토필요","candidate_reason":"청사·공공건축물·주차장 현황 추가 확인 필요; 면적 104㎡","priority_score":40,"source":"경기부동산포털 국공유지조회·연속지적도","source_date":"2026-08-11","installed_solar_match":false}},{"type":"Feature","id":"4129010200109500006","geometry":{"type":"Point","coordinates":[126.9993491,37.4112978]},"properties":{"pnu":"4129010200109500006","municipality_code":"41290","municipality":"과천시","district":"과천시","locality":"문원동","address":"과천시 문원동 950-6","owner_type":"시·군유지","owner_label":"과천시","manager":"","property_class":"","land_category":"대","area_sqm":101.0,"area_band":"100~500㎡","interest_category":"대","solar_candidate":"검토필요","candidate_reason":"청사·공공건축물·주차장 현황 추가 확인 필요; 면적 101㎡","priority_score":40,"source":"경기부동산포털 국공유지조회·연속지적도","source_date":"2026-08-11","installed_solar_match":false}},{"type":"Feature","id":"4129010200109230009","geometry":{"type":"Point","coordinates":[126.99449,37.412938]},"properties":{"pnu":"4129010200109230009","municipality_code":"41290","municipality":"과천시","district":"과천시","locality":"문원동","address":"과천시 문원동 923-9","owner_type":"시·군유지","owner_label":"과천시","manager":"","property_class":"","land_category":"대","area_sqm":100.0,"area_band":"100~500㎡","interest_category":"대","solar_candidate":"검토필요","candidate_reason":"청사·공공건축물·주차장 현황 추가 확인 필요; 면적 100㎡","priority_score":40,"source":"경기부동산포털 국공유지조회·연속지적도","source_date":"2026-08-11","installed_solar_match":false}},{"type":"Feature","id":"4129010800100140000","geometry":{"type":"Point","coordinates":[126.9891244,37.4210981]},"properties":{"pnu":"4129010800100140000","municipality_code":"41290","municipality":"과천시","district":"과천시","locality":"원문동","address":"과천시 원문동 14","owner_type":"시·군유지","owner_label":"과천시","manager":"","property_class":"","land_category":"도로","area_sqm":4640.5,"area_band":"3,000~5,000㎡","interest_category":"도로","solar_candidate":"검토필요","candidate_reason":"도로점용 및 실제 이용형태 추가 검토 필요; 면적 4,640㎡","priority_score":35,"source":"경기부동산포털 국공유지조회·연속지적도","source_date":"2026-08-11","installed_solar_match":false}},{"type":"Feature","id":"4129010600101580002","geometry":{"type":"Point","coordinates":[127.0294249,37.4552769]},"properties":{"pnu":"4129010600101580002","municipality_code":"41290","municipality":"과천시","district":"과천시","locality":"주암동","address":"과천시 주암동 158-2","owner_type":"시·군유지","owner_label":"과천시","manager":"","property_class":"","land_category":"도로","area_sqm":4627.0,"area_band":"3,000~5,000㎡","interest_category":"도로","solar_candidate":"검토필요","candidate_reason":"도로점용 및 실제 이용형태 추가 검토 필요; 면적 4,627㎡","priority_score":35,"source":"경기부동산포털 국공유지조회·연속지적도","source_date":"2026-08-11","installed_solar_match":false}},{"type":"Feature","id":"4129010300108140010","geometry":{"type":"Point","coordinates":[126.9822814,37.4145761]},"properties":{"pnu":"4129010300108140010","municipality_code":"41290","municipality":"과천시","district":"과천시","locality":"갈현동","address":"과천시 갈현동 814-10","owner_type":"시·군유지","owner_label":"과천시","manager":"","property_class":"","land_category":"도로","area_sqm":4568.2,"area_band":"3,000~5,000㎡","interest_category":"도로","solar_candidate":"검토필요","candidate_reason":"도로점용 및 실제 이용형태 추가 검토 필요; 면적 4,568㎡","priority_score":35,"source":"경기부동산포털 국공유지조회·연속지적도","source_date":"2026-08-11","installed_solar_match":false}},{"type":"Feature","id":"4129010600100970006","geometry":{"type":"Point","coordinates":[127.03109,37.4580625]},"properties":{"pnu":"4129010600100970006","municipality_code":"41290","municipality":"과천시","district":"과천시","locality":"주암동","address":"과천시 주암동 97-6","owner_type":"시·군유지","owner_label":"과천시","manager":"","property_class":"","land_category":"도로","area_sqm":4510.0,"area_band":"3,000~5,000㎡","interest_category":"도로","solar_candidate":"검토필요","candidate_reason":"도로점용 및 실제 이용형태 추가 검토 필요; 면적 4,510㎡","priority_score":35,"source":"경기부동산포털 국공유지조회·연속지적도","source_date":"2026-08-11","installed_solar_match":false}},{"type":"Feature","id":"4129010900100030002","geometry":{"type":"Point","coordinates":[126.9984354,37.432546]},"properties":{"pnu":"4129010900100030002","municipality_code":"41290","municipality":"과천시","district":"과천시","locality":"별양동","address":"과천시 별양동 3-2","owner_type":"시·군유지","owner_label":"과천시","manager":"","property_class":"","land_category":"도로","area_sqm":4319.9,"area_band":"3,000~5,000㎡","interest_category":"도로","solar_candidate":"검토필요","candidate_reason":"도로점용 및 실제 이용형태 추가 검토 필요; 면적 4,320㎡","priority_score":35,"source":"경기부동산포털 국공유지조회·연속지적도","source_date":"2026-08-11","installed_solar_match":false}},{"type":"Feature","id":"4129010700100400014","geometry":{"type":"Point","coordinates":[126.991027,37.4287244]},"properties":{"pnu":"4129010700100400014","municipality_code":"41290","municipality":"과천시","district":"과천시","locality":"중앙동","address":"과천시 중앙동 40-14","owner_type":"시·군유지","owner_label":"과천시","manager":"","property_class":"","land_category":"도로","area_sqm":4171.4,"area_band":"3,000~5,000㎡","interest_category":"도로","solar_candidate":"검토필요","candidate_reason":"도로점용 및 실제 이용형태 추가 검토 필요; 면적 4,171㎡","priority_score":35,"source":"경기부동산포털 국공유지조회·연속지적도","source_date":"2026-08-11","installed_solar_match":false}},{"type":"Feature","id":"4129010300201190004","geometry":{"type":"Point","coordinates":[126.987004,37.4220813]},"properties":{"pnu":"4129010300201190004","municipality_code":"41290","municipality":"과천시","district":"과천시","locality":"갈현동","address":"과천시 갈현동 산119-4","owner_type":"시·군유지","owner_label":"과천시","manager":"","property_class":"","land_category":"도로","area_sqm":3982.0,"area_band":"3,000~5,000㎡","interest_category":"도로","solar_candidate":"검토필요","candidate_reason":"도로점용 및 실제 이용형태 추가 검토 필요; 면적 3,982㎡","priority_score":35,"source":"경기부동산포털 국공유지조회·연속지적도","source_date":"2026-08-11","installed_solar_match":false}},{"type":"Feature","id":"4129010800100040002","geometry":{"type":"Point","coordinates":[126.9897946,37.4209735]},"properties":{"pnu":"4129010800100040002","municipality_code":"41290","municipality":"과천시","district":"과천시","locality":"원문동","address":"과천시 원문동 4-2","owner_type":"시·군유지","owner_label":"과천시","manager":"","property_class":"","land_category":"도로","area_sqm":3947.2,"area_band":"3,000~5,000㎡","interest_category":"도로","solar_candidate":"검토필요","candidate_reason":"도로점용 및 실제 이용형태 추가 검토 필요; 면적 3,947㎡","priority_score":35,"source":"경기부동산포털 국공유지조회·연속지적도","source_date":"2026-08-11","installed_solar_match":false}},{"type":"Feature","id":"4129010900100630000","geometry":{"type":"Point","coordinates":[126.9977213,37.4253977]},"properties":{"pnu":"4129010900100630000","municipality_code":"41290","municipality":"과천시","district":"과천시","locality":"별양동","address":"과천시 별양동 63","owner_type":"시·군유지","owner_label":"과천시","manager":"","property_class":"","land_category":"도로","area_sqm":3871.9,"area_band":"3,000~5,000㎡","interest_category":"도로","solar_candidate":"검토필요","candidate_reason":"도로점용 및 실제 이용형태 추가 검토 필요; 면적 3,872㎡","priority_score":35,"source":"경기부동산포털 국공유지조회·연속지적도","source_date":"2026-08-11","installed_solar_match":false}},{"type":"Feature","id":"4129010500101390003","geometry":{"type":"Point","coordinates":[127.010221,37.4485247]},"properties":{"pnu":"4129010500101390003","municipality_code":"41290","municipality":"과천시","district":"과천시","locality":"과천동","address":"과천시 과천동 139-3","owner_type":"시·군유지","owner_label":"과천시","manager":"","property_class":"","land_category":"도로","area_sqm":3726.0,"area_band":"3,000~5,000㎡","interest_category":"도로","solar_candidate":"검토필요","candidate_reason":"도로점용 및 실제 이용형태 추가 검토 필요; 면적 3,726㎡","priority_score":35,"source":"경기부동산포털 국공유지조회·연속지적도","source_date":"2026-08-11","installed_solar_match":false}},{"type":"Feature","id":"4129010600104140000","geometry":{"type":"Point","coordinates":[127.0218504,37.4490889]},"properties":{"pnu":"4129010600104140000","municipality_code":"41290","municipality":"과천시","district":"과천시","locality":"주암동","address":"과천시 주암동 414","owner_type":"시·군유지","owner_label":"과천시","manager":"","property_class":"","land_category":"도로","area_sqm":3700.0,"area_band":"3,000~5,000㎡","interest_category":"도로","solar_candidate":"검토필요","candidate_reason":"도로점용 및 실제 이용형태 추가 검토 필요; 면적 3,700㎡","priority_score":35,"source":"경기부동산포털 국공유지조회·연속지적도","source_date":"2026-08-11","installed_solar_match":false}},{"type":"Feature","id":"4129011000100610000","geometry":{"type":"Point","coordinates":[126.9968705,37.4386522]},"properties":{"pnu":"4129011000100610000","municipality_code":"41290","municipality":"과천시","district":"과천시","locality":"부림동","address":"과천시 부림동 61","owner_type":"시·군유지","owner_label":"과천시","manager":"","property_class":"","land_category":"도로","area_sqm":3630.2,"area_band":"3,000~5,000㎡","interest_category":"도로","solar_candidate":"검토필요","candidate_reason":"도로점용 및 실제 이용형태 추가 검토 필요; 면적 3,630㎡","priority_score":35,"source":"경기부동산포털 국공유지조회·연속지적도","source_date":"2026-08-11","installed_solar_match":false}},{"type":"Feature","id":"4129010300101340002","geometry":{"type":"Point","coordinates":[126.9906402,37.4097247]},"properties":{"pnu":"4129010300101340002","municipality_code":"41290","municipality":"과천시","district":"과천시","locality":"갈현동","address":"과천시 갈현동 134-2","owner_type":"시·군유지","owner_label":"과천시","manager":"","property_class":"","land_category":"도로","area_sqm":3556.0,"area_band":"3,000~5,000㎡","interest_category":"도로","solar_candidate":"검토필요","candidate_reason":"도로점용 및 실제 이용형태 추가 검토 필요; 면적 3,556㎡","priority_score":35,"source":"경기부동산포털 국공유지조회·연속지적도","source_date":"2026-08-11","installed_solar_match":false}},{"type":"Feature","id":"4129010300108550003","geometry":{"type":"Point","coordinates":[126.9859078,37.4103935]},"properties":{"pnu":"4129010300108550003","municipality_code":"41290","municipality":"과천시","district":"과천시","locality":"갈현동","address":"과천시 갈현동 855-3","owner_type":"시·군유지","owner_label":"과천시","manager":"","property_class":"","land_category":"도로","area_sqm":3547.0,"area_band":"3,000~5,000㎡","interest_category":"도로","solar_candidate":"검토필요","candidate_reason":"도로점용 및 실제 이용형태 추가 검토 필요; 면적 3,547㎡","priority_score":35,"source":"경기부동산포털 국공유지조회·연속지적도","source_date":"2026-08-11","installed_solar_match":false}},{"type":"Feature","id":"4129010500200280015","geometry":{"type":"Point","coordinates":[127.0041599,37.4535027]},"properties":{"pnu":"4129010500200280015","municipality_code":"41290","municipality":"과천시","district":"과천시","locality":"과천동","address":"과천시 과천동 산28-15","owner_type":"시·군유지","owner_label":"과천시","manager":"","property_class":"","land_category":"도로","area_sqm":3272.0,"area_band":"3,000~5,000㎡","interest_category":"도로","solar_candidate":"검토필요","candidate_reason":"도로점용 및 실제 이용형태 추가 검토 필요; 면적 3,272㎡","priority_score":35,"source":"경기부동산포털 국공유지조회·연속지적도","source_date":"2026-08-11","installed_solar_match":false}},{"type":"Feature","id":"4129010900100560000","geometry":{"type":"Point","coordinates":[126.9942171,37.428379]},"properties":{"pnu":"4129010900100560000","municipality_code":"41290","municipality":"과천시","district":"과천시","locality":"별양동","address":"과천시 별양동 56","owner_type":"시·군유지","owner_label":"과천시","manager":"","property_class":"","land_category":"도로","area_sqm":3235.3,"area_band":"3,000~5,000㎡","interest_category":"도로","solar_candidate":"검토필요","candidate_reason":"도로점용 및 실제 이용형태 추가 검토 필요; 면적 3,235㎡","priority_score":35,"source":"경기부동산포털 국공유지조회·연속지적도","source_date":"2026-08-11","installed_solar_match":false}},{"type":"Feature","id":"4129010300108090010","geometry":{"type":"Point","coordinates":[126.980932,37.4158766]},"properties":{"pnu":"4129010300108090010","municipality_code":"41290","municipality":"과천시","district":"과천시","locality":"갈현동","address":"과천시 갈현동 809-10","owner_type":"시·군유지","owner_label":"과천시","manager":"","property_class":"","land_category":"도로","area_sqm":3086.5,"area_band":"3,000~5,000㎡","interest_category":"도로","solar_candidate":"검토필요","candidate_reason":"도로점용 및 실제 이용형태 추가 검토 필요; 면적 3,086㎡","priority_score":35,"source":"경기부동산포털 국공유지조회·연속지적도","source_date":"2026-08-11","installed_solar_match":false}},{"type":"Feature","id":"4129010300108220001","geometry":{"type":"Point","coordinates":[126.9890887,37.4151803]},"properties":{"pnu":"4129010300108220001","municipality_code":"41290","municipality":"과천시","district":"과천시","locality":"갈현동","address":"과천시 갈현동 822-1","owner_type":"시·군유지","owner_label":"과천시","manager":"","property_class":"","land_category":"도로","area_sqm":3081.4,"area_band":"3,000~5,000㎡","interest_category":"도로","solar_candidate":"검토필요","candidate_reason":"도로점용 및 실제 이용형태 추가 검토 필요; 면적 3,081㎡","priority_score":35,"source":"경기부동산포털 국공유지조회·연속지적도","source_date":"2026-08-11","installed_solar_match":false}},{"type":"Feature","id":"4129010700100500000","geometry":{"type":"Point","coordinates":[126.9890816,37.4313019]},"properties":{"pnu":"4129010700100500000","municipality_code":"41290","municipality":"과천시","district":"과천시","locality":"중앙동","address":"과천시 중앙동 50","owner_type":"시·군유지","owner_label":"과천시","manager":"","property_class":"","land_category":"도로","area_sqm":3073.2,"area_band":"3,000~5,000㎡","interest_category":"도로","solar_candidate":"검토필요","candidate_reason":"도로점용 및 실제 이용형태 추가 검토 필요; 면적 3,073㎡","priority_score":35,"source":"경기부동산포털 국공유지조회·연속지적도","source_date":"2026-08-11","installed_solar_match":false}},{"type":"Feature","id":"4129011000100960004","geometry":{"type":"Point","coordinates":[126.9982978,37.4330664]},"properties":{"pnu":"4129011000100960004","municipality_code":"41290","municipality":"과천시","district":"과천시","locality":"부림동","address":"과천시 부림동 96-4","owner_type":"시·군유지","owner_label":"과천시","manager":"","property_class":"","land_category":"도로","area_sqm":3069.1,"area_band":"3,000~5,000㎡","interest_category":"도로","solar_candidate":"검토필요","candidate_reason":"도로점용 및 실제 이용형태 추가 검토 필요; 면적 3,069㎡","priority_score":35,"source":"경기부동산포털 국공유지조회·연속지적도","source_date":"2026-08-11","installed_solar_match":false}},{"type":"Feature","id":"4129010300100140010","geometry":{"type":"Point","coordinates":[126.9838527,37.4160053]},"properties":{"pnu":"4129010300100140010","municipality_code":"41290","municipality":"과천시","district":"과천시","locality":"갈현동","address":"과천시 갈현동 14-10","owner_type":"시·군유지","owner_label":"과천시","manager":"","property_class":"","land_category":"체육용지","area_sqm":460.0,"area_band":"100~500㎡","interest_category":"체육용지","solar_candidate":"검토필요","candidate_reason":"체육시설·주차장 상부 활용 가능성 추가 검토; 면적 460㎡","priority_score":35,"source":"경기부동산포털 국공유지조회·연속지적도","source_date":"2026-08-11","installed_solar_match":false}},{"type":"Feature","id":"4129010600100430000","geometry":{"type":"Point","coordinates":[127.0327089,37.4594425]},"properties":{"pnu":"4129010600100430000","municipality_code":"41290","municipality":"과천시","district":"과천시","locality":"주암동","address":"과천시 주암동 43","owner_type":"시·군유지","owner_label":"과천시","manager":"","property_class":"","land_category":"창고용지","area_sqm":340.0,"area_band":"100~500㎡","interest_category":"창고용지","solar_candidate":"검토필요","candidate_reason":"지목·면적 기준 1차 검토 대상; 면적 340㎡","priority_score":35,"source":"경기부동산포털 국공유지조회·연속지적도","source_date":"2026-08-11","installed_solar_match":false}},{"type":"Feature","id":"4129010200101150007","geometry":{"type":"Point","coordinates":[127.0085756,37.4251333]},"properties":{"pnu":"4129010200101150007","municipality_code":"41290","municipality":"과천시","district":"과천시","locality":"문원동","address":"과천시 문원동 115-7","owner_type":"시·군유지","owner_label":"과천시","manager":"","property_class":"","land_category":"체육용지","area_sqm":248.0,"area_band":"100~500㎡","interest_category":"체육용지","solar_candidate":"검토필요","candidate_reason":"체육시설·주차장 상부 활용 가능성 추가 검토; 면적 248㎡","priority_score":35,"source":"경기부동산포털 국공유지조회·연속지적도","source_date":"2026-08-11","installed_solar_match":false}},{"type":"Feature","id":"4129010200101150010","geometry":{"type":"Point","coordinates":[127.0087542,37.4251717]},"properties":{"pnu":"4129010200101150010","municipality_code":"41290","municipality":"과천시","district":"과천시","locality":"문원동","address":"과천시 문원동 115-10","owner_type":"시·군유지","owner_label":"과천시","manager":"","property_class":"","land_category":"체육용지","area_sqm":248.0,"area_band":"100~500㎡","interest_category":"체육용지","solar_candidate":"검토필요","candidate_reason":"체육시설·주차장 상부 활용 가능성 추가 검토; 면적 248㎡","priority_score":35,"source":"경기부동산포털 국공유지조회·연속지적도","source_date":"2026-08-11","installed_solar_match":false}},{"type":"Feature","id":"4129010200101150015","geometry":{"type":"Point","coordinates":[127.0090006,37.4252247]},"properties":{"pnu":"4129010200101150015","municipality_code":"41290","municipality":"과천시","district":"과천시","locality":"문원동","address":"과천시 문원동 115-15","owner_type":"시·군유지","owner_label":"과천시","manager":"","property_class":"","land_category":"체육용지","area_sqm":248.0,"area_band":"100~500㎡","interest_category":"체육용지","solar_candidate":"검토필요","candidate_reason":"체육시설·주차장 상부 활용 가능성 추가 검토; 면적 248㎡","priority_score":35,"source":"경기부동산포털 국공유지조회·연속지적도","source_date":"2026-08-11","installed_solar_match":false}},{"type":"Feature","id":"4129010200101150018","geometry":{"type":"Point","coordinates":[127.0091807,37.4252626]},"properties":{"pnu":"4129010200101150018","municipality_code":"41290","municipality":"과천시","district":"과천시","locality":"문원동","address":"과천시 문원동 115-18","owner_type":"시·군유지","owner_label":"과천시","manager":"","property_class":"","land_category":"체육용지","area_sqm":248.0,"area_band":"100~500㎡","interest_category":"체육용지","solar_candidate":"검토필요","candidate_reason":"체육시설·주차장 상부 활용 가능성 추가 검토; 면적 248㎡","priority_score":35,"source":"경기부동산포털 국공유지조회·연속지적도","source_date":"2026-08-11","installed_solar_match":false}},{"type":"Feature","id":"4129010200101150008","geometry":{"type":"Point","coordinates":[127.00862,37.4250038]},"properties":{"pnu":"4129010200101150008","municipality_code":"41290","municipality":"과천시","district":"과천시","locality":"문원동","address":"과천시 문원동 115-8","owner_type":"시·군유지","owner_label":"과천시","manager":"","property_class":"","land_category":"체육용지","area_sqm":242.0,"area_band":"100~500㎡","interest_category":"체육용지","solar_candidate":"검토필요","candidate_reason":"체육시설·주차장 상부 활용 가능성 추가 검토; 면적 242㎡","priority_score":35,"source":"경기부동산포털 국공유지조회·연속지적도","source_date":"2026-08-11","installed_solar_match":false}},{"type":"Feature","id":"4129010200101150009","geometry":{"type":"Point","coordinates":[127.0087949,37.4250419]},"properties":{"pnu":"4129010200101150009","municipality_code":"41290","municipality":"과천시","district":"과천시","locality":"문원동","address":"과천시 문원동 115-9","owner_type":"시·군유지","owner_label":"과천시","manager":"","property_class":"","land_category":"체육용지","area_sqm":242.0,"area_band":"100~500㎡","interest_category":"체육용지","solar_candidate":"검토필요","candidate_reason":"체육시설·주차장 상부 활용 가능성 추가 검토; 면적 242㎡","priority_score":35,"source":"경기부동산포털 국공유지조회·연속지적도","source_date":"2026-08-11","installed_solar_match":false}},{"type":"Feature","id":"4129010200101150016","geometry":{"type":"Point","coordinates":[127.0090448,37.4250952]},"properties":{"pnu":"4129010200101150016","municipality_code":"41290","municipality":"과천시","district":"과천시","locality":"문원동","address":"과천시 문원동 115-16","owner_type":"시·군유지","owner_label":"과천시","manager":"","property_class":"","land_category":"체육용지","area_sqm":242.0,"area_band":"100~500㎡","interest_category":"체육용지","solar_candidate":"검토필요","candidate_reason":"체육시설·주차장 상부 활용 가능성 추가 검토; 면적 242㎡","priority_score":35,"source":"경기부동산포털 국공유지조회·연속지적도","source_date":"2026-08-11","installed_solar_match":false}},{"type":"Feature","id":"4129010200101150017","geometry":{"type":"Point","coordinates":[127.009221,37.4251327]},"properties":{"pnu":"4129010200101150017","municipality_code":"41290","municipality":"과천시","district":"과천시","locality":"문원동","address":"과천시 문원동 115-17","owner_type":"시·군유지","owner_label":"과천시","manager":"","property_class":"","land_category":"체육용지","area_sqm":242.0,"area_band":"100~500㎡","interest_category":"체육용지","solar_candidate":"검토필요","candidate_reason":"체육시설·주차장 상부 활용 가능성 추가 검토; 면적 242㎡","priority_score":35,"source":"경기부동산포털 국공유지조회·연속지적도","source_date":"2026-08-11","installed_solar_match":false}},{"type":"Feature","id":"4129010200101150004","geometry":{"type":"Point","coordinates":[127.0083445,37.4250961]},"properties":{"pnu":"4129010200101150004","municipality_code":"41290","municipality":"과천시","district":"과천시","locality":"문원동","address":"과천시 문원동 115-4","owner_type":"시·군유지","owner_label":"과천시","manager":"","property_class":"","land_category":"체육용지","area_sqm":231.0,"area_band":"100~500㎡","interest_category":"체육용지","solar_candidate":"검토필요","candidate_reason":"체육시설·주차장 상부 활용 가능성 추가 검토; 면적 231㎡","priority_score":35,"source":"경기부동산포털 국공유지조회·연속지적도","source_date":"2026-08-11","installed_solar_match":false}},{"type":"Feature","id":"4129010200101150013","geometry":{"type":"Point","coordinates":[127.008934,37.425433]},"properties":{"pnu":"4129010200101150013","municipality_code":"41290","municipality":"과천시","district":"과천시","locality":"문원동","address":"과천시 문원동 115-13","owner_type":"시·군유지","owner_label":"과천시","manager":"","property_class":"","land_category":"체육용지","area_sqm":196.0,"area_band":"100~500㎡","interest_category":"체육용지","solar_candidate":"검토필요","candidate_reason":"체육시설·주차장 상부 활용 가능성 추가 검토; 면적 196㎡","priority_score":35,"source":"경기부동산포털 국공유지조회·연속지적도","source_date":"2026-08-11","installed_solar_match":false}},{"type":"Feature","id":"4129010200101150012","geometry":{"type":"Point","coordinates":[127.0086904,37.4253738]},"properties":{"pnu":"4129010200101150012","municipality_code":"41290","municipality":"과천시","district":"과천시","locality":"문원동","address":"과천시 문원동 115-12","owner_type":"시·군유지","owner_label":"과천시","manager":"","property_class":"","land_category":"체육용지","area_sqm":170.0,"area_band":"100~500㎡","interest_category":"체육용지","solar_candidate":"검토필요","candidate_reason":"체육시설·주차장 상부 활용 가능성 추가 검토; 면적 170㎡","priority_score":35,"source":"경기부동산포털 국공유지조회·연속지적도","source_date":"2026-08-11","installed_solar_match":false}},{"type":"Feature","id":"4129010200101150011","geometry":{"type":"Point","coordinates":[127.0087188,37.4252822]},"properties":{"pnu":"4129010200101150011","municipality_code":"41290","municipality":"과천시","district":"과천시","locality":"문원동","address":"과천시 문원동 115-11","owner_type":"시·군유지","owner_label":"과천시","manager":"","property_class":"","land_category":"체육용지","area_sqm":166.0,"area_band":"100~500㎡","interest_category":"체육용지","solar_candidate":"검토필요","candidate_reason":"체육시설·주차장 상부 활용 가능성 추가 검토; 면적 166㎡","priority_score":35,"source":"경기부동산포털 국공유지조회·연속지적도","source_date":"2026-08-11","installed_solar_match":false}},{"type":"Feature","id":"4129010200101150014","geometry":{"type":"Point","coordinates":[127.0089648,37.4253344]},"properties":{"pnu":"4129010200101150014","municipality_code":"41290","municipality":"과천시","district":"과천시","locality":"문원동","address":"과천시 문원동 115-14","owner_type":"시·군유지","owner_label":"과천시","manager":"","property_class":"","land_category":"체육용지","area_sqm":166.0,"area_band":"100~500㎡","interest_category":"체육용지","solar_candidate":"검토필요","candidate_reason":"체육시설·주차장 상부 활용 가능성 추가 검토; 면적 166㎡","priority_score":35,"source":"경기부동산포털 국공유지조회·연속지적도","source_date":"2026-08-11","installed_solar_match":false}},{"type":"Feature","id":"4129010200101150019","geometry":{"type":"Point","coordinates":[127.0091446,37.4253726]},"properties":{"pnu":"4129010200101150019","municipality_code":"41290","municipality":"과천시","district":"과천시","locality":"문원동","address":"과천시 문원동 115-19","owner_type":"시·군유지","owner_label":"과천시","manager":"","property_class":"","land_category":"체육용지","area_sqm":166.0,"area_band":"100~500㎡","interest_category":"체육용지","solar_candidate":"검토필요","candidate_reason":"체육시설·주차장 상부 활용 가능성 추가 검토; 면적 166㎡","priority_score":35,"source":"경기부동산포털 국공유지조회·연속지적도","source_date":"2026-08-11","installed_solar_match":false}},{"type":"Feature","id":"4129010200101150020","geometry":{"type":"Point","coordinates":[127.009109,37.4254608]},"properties":{"pnu":"4129010200101150020","municipality_code":"41290","municipality":"과천시","district":"과천시","locality":"문원동","address":"과천시 문원동 115-20","owner_type":"시·군유지","owner_label":"과천시","manager":"","property_class":"","land_category":"체육용지","area_sqm":166.0,"area_band":"100~500㎡","interest_category":"체육용지","solar_candidate":"검토필요","candidate_reason":"체육시설·주차장 상부 활용 가능성 추가 검토; 면적 166㎡","priority_score":35,"source":"경기부동산포털 국공유지조회·연속지적도","source_date":"2026-08-11","installed_solar_match":false}},{"type":"Feature","id":"4129010200101150006","geometry":{"type":"Point","coordinates":[127.0085463,37.425243]},"properties":{"pnu":"4129010200101150006","municipality_code":"41290","municipality":"과천시","district":"과천시","locality":"문원동","address":"과천시 문원동 115-6","owner_type":"시·군유지","owner_label":"과천시","manager":"","property_class":"","land_category":"체육용지","area_sqm":154.0,"area_band":"100~500㎡","interest_category":"체육용지","solar_candidate":"검토필요","candidate_reason":"체육시설·주차장 상부 활용 가능성 추가 검토; 면적 154㎡","priority_score":35,"source":"경기부동산포털 국공유지조회·연속지적도","source_date":"2026-08-11","installed_solar_match":false}},{"type":"Feature","id":"4129010200101150003","geometry":{"type":"Point","coordinates":[127.0083998,37.4249605]},"properties":{"pnu":"4129010200101150003","municipality_code":"41290","municipality":"과천시","district":"과천시","locality":"문원동","address":"과천시 문원동 115-3","owner_type":"시·군유지","owner_label":"과천시","manager":"","property_class":"","land_category":"체육용지","area_sqm":153.0,"area_band":"100~500㎡","interest_category":"체육용지","solar_candidate":"검토필요","candidate_reason":"체육시설·주차장 상부 활용 가능성 추가 검토; 면적 153㎡","priority_score":35,"source":"경기부동산포털 국공유지조회·연속지적도","source_date":"2026-08-11","installed_solar_match":false}}]}