{"type":"FeatureCollection","name":"gyeonggi_41370_municipal_solar_candidates","metadata":{"generated_on":"2026-08-11","source":"경기부동산포털 국공유지조회·연속지적도","source_agency":"경기도","ownership_source":"경기부동산포털 국공유지조회","coverage":"오산시","owner_code":"5","owner_type":"시·군유지","minimum_area_sqm":100.0,"feature_count":784,"coordinate_reference":"GRIS native values interpreted as EPSG:5174 and projected to EPSG:4326","coordinate_precision":"7 decimals, increased only when needed to keep narrow-parcel points inside","disclaimer":"설치 가능 확정이 아닌 현장조사 우선순위"},"features":[{"type":"Feature","id":"4137011300105850000","geometry":{"type":"Point","coordinates":[127.0454485,37.1887543]},"properties":{"pnu":"4137011300105850000","municipality_code":"41370","municipality":"오산시","district":"오산시","locality":"세교동","address":"오산시 세교동 585","owner_type":"시·군유지","owner_label":"오산시","manager":"","property_class":"","land_category":"주차장","area_sqm":22897.9,"area_band":"5,000㎡ 이상","interest_category":"주차장","solar_candidate":"Y","candidate_reason":"주차면 상부 태양광을 우선 검토할 지목; 면적 22,898㎡","priority_score":80,"source":"경기부동산포털 국공유지조회·연속지적도","source_date":"2026-08-11","installed_solar_match":false}},{"type":"Feature","id":"4137011800101820000","geometry":{"type":"Point","coordinates":[127.0405584,37.131229]},"properties":{"pnu":"4137011800101820000","municipality_code":"41370","municipality":"오산시","district":"오산시","locality":"두곡동","address":"오산시 두곡동 182","owner_type":"시·군유지","owner_label":"오산시","manager":"","property_class":"","land_category":"주차장","area_sqm":14060.2,"area_band":"5,000㎡ 이상","interest_category":"주차장","solar_candidate":"Y","candidate_reason":"주차면 상부 태양광을 우선 검토할 지목; 면적 14,060㎡","priority_score":80,"source":"경기부동산포털 국공유지조회·연속지적도","source_date":"2026-08-11","installed_solar_match":true,"installed_solar_count":1,"installed_solar_area_sqm":543.4,"installed_solar_analysis_years":["2024"],"installed_solar_types":["기타"],"installed_solar_permit_status_counts":{"Y":1}}},{"type":"Feature","id":"4137011200200190089","geometry":{"type":"Point","coordinates":[127.0157805,37.1811338]},"properties":{"pnu":"4137011200200190089","municipality_code":"41370","municipality":"오산시","district":"오산시","locality":"양산동","address":"오산시 양산동 산19-89","owner_type":"시·군유지","owner_label":"오산시","manager":"","property_class":"","land_category":"주차장","area_sqm":8621.0,"area_band":"5,000㎡ 이상","interest_category":"주차장","solar_candidate":"Y","candidate_reason":"주차면 상부 태양광을 우선 검토할 지목; 면적 8,621㎡","priority_score":80,"source":"경기부동산포털 국공유지조회·연속지적도","source_date":"2026-08-11","installed_solar_match":false}},{"type":"Feature","id":"4137010300108120005","geometry":{"type":"Point","coordinates":[127.075348,37.1475258]},"properties":{"pnu":"4137010300108120005","municipality_code":"41370","municipality":"오산시","district":"오산시","locality":"원동","address":"오산시 원동 812-5","owner_type":"시·군유지","owner_label":"오산시","manager":"","property_class":"","land_category":"주차장","area_sqm":6845.9,"area_band":"5,000㎡ 이상","interest_category":"주차장","solar_candidate":"Y","candidate_reason":"주차면 상부 태양광을 우선 검토할 지목; 면적 6,846㎡","priority_score":80,"source":"경기부동산포털 국공유지조회·연속지적도","source_date":"2026-08-11","installed_solar_match":false}},{"type":"Feature","id":"4137010100106210003","geometry":{"type":"Point","coordinates":[127.0661529,37.1470213]},"properties":{"pnu":"4137010100106210003","municipality_code":"41370","municipality":"오산시","district":"오산시","locality":"오산동","address":"오산시 오산동 621-3","owner_type":"시·군유지","owner_label":"오산시","manager":"","property_class":"","land_category":"주차장","area_sqm":6061.2,"area_band":"5,000㎡ 이상","interest_category":"주차장","solar_candidate":"Y","candidate_reason":"주차면 상부 태양광을 우선 검토할 지목; 면적 6,061㎡","priority_score":80,"source":"경기부동산포털 국공유지조회·연속지적도","source_date":"2026-08-11","installed_solar_match":false}},{"type":"Feature","id":"4137010100107500000","geometry":{"type":"Point","coordinates":[127.0646346,37.140543]},"properties":{"pnu":"4137010100107500000","municipality_code":"41370","municipality":"오산시","district":"오산시","locality":"오산동","address":"오산시 오산동 750","owner_type":"시·군유지","owner_label":"오산시","manager":"","property_class":"","land_category":"잡종지","area_sqm":69059.8,"area_band":"5,000㎡ 이상","interest_category":"잡종지","solar_candidate":"Y","candidate_reason":"실제 이용·점유 여부 확인 후 검토할 잡종지; 면적 69,060㎡","priority_score":75,"source":"경기부동산포털 국공유지조회·연속지적도","source_date":"2026-08-11","installed_solar_match":true,"installed_solar_count":69,"installed_solar_area_sqm":2642.7,"installed_solar_analysis_years":["2024"],"installed_solar_types":["공공시설물"],"installed_solar_permit_status_counts":{"N":69}}},{"type":"Feature","id":"4137011500102950000","geometry":{"type":"Point","coordinates":[127.0007412,37.1766965]},"properties":{"pnu":"4137011500102950000","municipality_code":"41370","municipality":"오산시","district":"오산시","locality":"서랑동","address":"오산시 서랑동 295","owner_type":"시·군유지","owner_label":"오산시","manager":"","property_class":"","land_category":"잡종지","area_sqm":29994.0,"area_band":"5,000㎡ 이상","interest_category":"잡종지","solar_candidate":"Y","candidate_reason":"실제 이용·점유 여부 확인 후 검토할 잡종지; 면적 29,994㎡","priority_score":75,"source":"경기부동산포털 국공유지조회·연속지적도","source_date":"2026-08-11","installed_solar_match":true,"installed_solar_count":2,"installed_solar_area_sqm":1844.7,"installed_solar_analysis_years":["2024"],"installed_solar_types":["공공시설물"],"installed_solar_permit_status_counts":{"Y":2}}},{"type":"Feature","id":"4137010100107500001","geometry":{"type":"Point","coordinates":[127.064558,37.1382403]},"properties":{"pnu":"4137010100107500001","municipality_code":"41370","municipality":"오산시","district":"오산시","locality":"오산동","address":"오산시 오산동 750-1","owner_type":"시·군유지","owner_label":"오산시","manager":"","property_class":"","land_category":"잡종지","area_sqm":28598.1,"area_band":"5,000㎡ 이상","interest_category":"잡종지","solar_candidate":"Y","candidate_reason":"실제 이용·점유 여부 확인 후 검토할 잡종지; 면적 28,598㎡","priority_score":75,"source":"경기부동산포털 국공유지조회·연속지적도","source_date":"2026-08-11","installed_solar_match":false}},{"type":"Feature","id":"4137012400107230000","geometry":{"type":"Point","coordinates":[127.0585756,37.1327829]},"properties":{"pnu":"4137012400107230000","municipality_code":"41370","municipality":"오산시","district":"오산시","locality":"갈곶동","address":"오산시 갈곶동 723","owner_type":"시·군유지","owner_label":"오산시","manager":"","property_class":"","land_category":"잡종지","area_sqm":11875.3,"area_band":"5,000㎡ 이상","interest_category":"잡종지","solar_candidate":"Y","candidate_reason":"실제 이용·점유 여부 확인 후 검토할 잡종지; 면적 11,875㎡","priority_score":75,"source":"경기부동산포털 국공유지조회·연속지적도","source_date":"2026-08-11","installed_solar_match":false}},{"type":"Feature","id":"4137010900100530000","geometry":{"type":"Point","coordinates":[127.0723779,37.1629468]},"properties":{"pnu":"4137010900100530000","municipality_code":"41370","municipality":"오산시","district":"오산시","locality":"은계동","address":"오산시 은계동 53","owner_type":"시·군유지","owner_label":"오산시","manager":"","property_class":"","land_category":"잡종지","area_sqm":5530.0,"area_band":"5,000㎡ 이상","interest_category":"잡종지","solar_candidate":"Y","candidate_reason":"실제 이용·점유 여부 확인 후 검토할 잡종지; 면적 5,530㎡","priority_score":75,"source":"경기부동산포털 국공유지조회·연속지적도","source_date":"2026-08-11","installed_solar_match":false}},{"type":"Feature","id":"4137010100109640000","geometry":{"type":"Point","coordinates":[127.0626438,37.1359981]},"properties":{"pnu":"4137010100109640000","municipality_code":"41370","municipality":"오산시","district":"오산시","locality":"오산동","address":"오산시 오산동 964","owner_type":"시·군유지","owner_label":"오산시","manager":"","property_class":"","land_category":"잡종지","area_sqm":5084.8,"area_band":"5,000㎡ 이상","interest_category":"잡종지","solar_candidate":"Y","candidate_reason":"실제 이용·점유 여부 확인 후 검토할 잡종지; 면적 5,085㎡","priority_score":75,"source":"경기부동산포털 국공유지조회·연속지적도","source_date":"2026-08-11","installed_solar_match":false}},{"type":"Feature","id":"4137010100103450002","geometry":{"type":"Point","coordinates":[127.0700869,37.1556734]},"properties":{"pnu":"4137010100103450002","municipality_code":"41370","municipality":"오산시","district":"오산시","locality":"오산동","address":"오산시 오산동 345-2","owner_type":"시·군유지","owner_label":"오산시","manager":"","property_class":"","land_category":"주차장","area_sqm":4124.0,"area_band":"3,000~5,000㎡","interest_category":"주차장","solar_candidate":"Y","candidate_reason":"주차면 상부 태양광을 우선 검토할 지목; 면적 4,124㎡","priority_score":75,"source":"경기부동산포털 국공유지조회·연속지적도","source_date":"2026-08-11","installed_solar_match":false}},{"type":"Feature","id":"4137010400100940000","geometry":{"type":"Point","coordinates":[127.0652315,37.1573542]},"properties":{"pnu":"4137010400100940000","municipality_code":"41370","municipality":"오산시","district":"오산시","locality":"궐동","address":"오산시 궐동 94","owner_type":"시·군유지","owner_label":"오산시","manager":"","property_class":"","land_category":"주차장","area_sqm":3071.0,"area_band":"3,000~5,000㎡","interest_category":"주차장","solar_candidate":"Y","candidate_reason":"주차면 상부 태양광을 우선 검토할 지목; 면적 3,071㎡","priority_score":75,"source":"경기부동산포털 국공유지조회·연속지적도","source_date":"2026-08-11","installed_solar_match":false}},{"type":"Feature","id":"4137010100109030001","geometry":{"type":"Point","coordinates":[127.0680658,37.1463849]},"properties":{"pnu":"4137010100109030001","municipality_code":"41370","municipality":"오산시","district":"오산시","locality":"오산동","address":"오산시 오산동 903-1","owner_type":"시·군유지","owner_label":"오산시","manager":"","property_class":"","land_category":"잡종지","area_sqm":4312.5,"area_band":"3,000~5,000㎡","interest_category":"잡종지","solar_candidate":"Y","candidate_reason":"실제 이용·점유 여부 확인 후 검토할 잡종지; 면적 4,312㎡","priority_score":70,"source":"경기부동산포털 국공유지조회·연속지적도","source_date":"2026-08-11","installed_solar_match":false}},{"type":"Feature","id":"4137010400104220014","geometry":{"type":"Point","coordinates":[127.0435203,37.1640627]},"properties":{"pnu":"4137010400104220014","municipality_code":"41370","municipality":"오산시","district":"오산시","locality":"궐동","address":"오산시 궐동 422-14","owner_type":"시·군유지","owner_label":"오산시","manager":"","property_class":"","land_category":"잡종지","area_sqm":3966.0,"area_band":"3,000~5,000㎡","interest_category":"잡종지","solar_candidate":"Y","candidate_reason":"실제 이용·점유 여부 확인 후 검토할 잡종지; 면적 3,966㎡","priority_score":70,"source":"경기부동산포털 국공유지조회·연속지적도","source_date":"2026-08-11","installed_solar_match":false}},{"type":"Feature","id":"4137010300108150007","geometry":{"type":"Point","coordinates":[127.0762082,37.1431753]},"properties":{"pnu":"4137010300108150007","municipality_code":"41370","municipality":"오산시","district":"오산시","locality":"원동","address":"오산시 원동 815-7","owner_type":"시·군유지","owner_label":"오산시","manager":"","property_class":"","land_category":"잡종지","area_sqm":3199.3,"area_band":"3,000~5,000㎡","interest_category":"잡종지","solar_candidate":"Y","candidate_reason":"실제 이용·점유 여부 확인 후 검토할 잡종지; 면적 3,199㎡","priority_score":70,"source":"경기부동산포털 국공유지조회·연속지적도","source_date":"2026-08-11","installed_solar_match":false}},{"type":"Feature","id":"4137011400100890001","geometry":{"type":"Point","coordinates":[127.0282903,37.1800335]},"properties":{"pnu":"4137011400100890001","municipality_code":"41370","municipality":"오산시","district":"오산시","locality":"지곶동","address":"오산시 지곶동 89-1","owner_type":"시·군유지","owner_label":"오산시","manager":"","property_class":"","land_category":"주차장","area_sqm":2816.0,"area_band":"1,000~3,000㎡","interest_category":"주차장","solar_candidate":"Y","candidate_reason":"주차면 상부 태양광을 우선 검토할 지목; 면적 2,816㎡","priority_score":68,"source":"경기부동산포털 국공유지조회·연속지적도","source_date":"2026-08-11","installed_solar_match":false}},{"type":"Feature","id":"4137010400100210003","geometry":{"type":"Point","coordinates":[127.067828,37.1603414]},"properties":{"pnu":"4137010400100210003","municipality_code":"41370","municipality":"오산시","district":"오산시","locality":"궐동","address":"오산시 궐동 21-3","owner_type":"시·군유지","owner_label":"오산시","manager":"","property_class":"","land_category":"주차장","area_sqm":2627.0,"area_band":"1,000~3,000㎡","interest_category":"주차장","solar_candidate":"Y","candidate_reason":"주차면 상부 태양광을 우선 검토할 지목; 면적 2,627㎡","priority_score":68,"source":"경기부동산포털 국공유지조회·연속지적도","source_date":"2026-08-11","installed_solar_match":false}},{"type":"Feature","id":"4137011200106700004","geometry":{"type":"Point","coordinates":[127.0327793,37.1939742]},"properties":{"pnu":"4137011200106700004","municipality_code":"41370","municipality":"오산시","district":"오산시","locality":"양산동","address":"오산시 양산동 670-4","owner_type":"시·군유지","owner_label":"오산시","manager":"","property_class":"","land_category":"주차장","area_sqm":2226.6,"area_band":"1,000~3,000㎡","interest_category":"주차장","solar_candidate":"Y","candidate_reason":"주차면 상부 태양광을 우선 검토할 지목; 면적 2,227㎡","priority_score":68,"source":"경기부동산포털 국공유지조회·연속지적도","source_date":"2026-08-11","installed_solar_match":false}},{"type":"Feature","id":"4137010800106350002","geometry":{"type":"Point","coordinates":[127.0676061,37.1674171]},"properties":{"pnu":"4137010800106350002","municipality_code":"41370","municipality":"오산시","district":"오산시","locality":"수청동","address":"오산시 수청동 635-2","owner_type":"시·군유지","owner_label":"오산시","manager":"","property_class":"","land_category":"주차장","area_sqm":1878.0,"area_band":"1,000~3,000㎡","interest_category":"주차장","solar_candidate":"Y","candidate_reason":"주차면 상부 태양광을 우선 검토할 지목; 면적 1,878㎡","priority_score":68,"source":"경기부동산포털 국공유지조회·연속지적도","source_date":"2026-08-11","installed_solar_match":false}},{"type":"Feature","id":"4137010400106130002","geometry":{"type":"Point","coordinates":[127.0534754,37.1615027]},"properties":{"pnu":"4137010400106130002","municipality_code":"41370","municipality":"오산시","district":"오산시","locality":"궐동","address":"오산시 궐동 613-2","owner_type":"시·군유지","owner_label":"오산시","manager":"","property_class":"","land_category":"주차장","area_sqm":1526.0,"area_band":"1,000~3,000㎡","interest_category":"주차장","solar_candidate":"Y","candidate_reason":"주차면 상부 태양광을 우선 검토할 지목; 면적 1,526㎡","priority_score":68,"source":"경기부동산포털 국공유지조회·연속지적도","source_date":"2026-08-11","installed_solar_match":false}},{"type":"Feature","id":"4137010300107720015","geometry":{"type":"Point","coordinates":[127.0720634,37.1442741]},"properties":{"pnu":"4137010300107720015","municipality_code":"41370","municipality":"오산시","district":"오산시","locality":"원동","address":"오산시 원동 772-15","owner_type":"시·군유지","owner_label":"오산시","manager":"","property_class":"","land_category":"주차장","area_sqm":1322.0,"area_band":"1,000~3,000㎡","interest_category":"주차장","solar_candidate":"Y","candidate_reason":"주차면 상부 태양광을 우선 검토할 지목; 면적 1,322㎡","priority_score":68,"source":"경기부동산포털 국공유지조회·연속지적도","source_date":"2026-08-11","installed_solar_match":false}},{"type":"Feature","id":"4137010100109150000","geometry":{"type":"Point","coordinates":[127.0774917,37.1498923]},"properties":{"pnu":"4137010100109150000","municipality_code":"41370","municipality":"오산시","district":"오산시","locality":"오산동","address":"오산시 오산동 915","owner_type":"시·군유지","owner_label":"오산시","manager":"","property_class":"","land_category":"대","area_sqm":39679.3,"area_band":"5,000㎡ 이상","interest_category":"대","solar_candidate":"Y","candidate_reason":"청사·공공건축물·주차장 현황 추가 확인 필요; 면적 39,679㎡","priority_score":65,"source":"경기부동산포털 국공유지조회·연속지적도","source_date":"2026-08-11","installed_solar_match":true,"installed_solar_count":2,"installed_solar_area_sqm":239.0,"installed_solar_analysis_years":["2024"],"installed_solar_types":["공공시설물"],"installed_solar_permit_status_counts":{"Y":2}}},{"type":"Feature","id":"4137011000109080000","geometry":{"type":"Point","coordinates":[127.0627107,37.1783803]},"properties":{"pnu":"4137011000109080000","municipality_code":"41370","municipality":"오산시","district":"오산시","locality":"내삼미동","address":"오산시 내삼미동 908","owner_type":"시·군유지","owner_label":"오산시","manager":"","property_class":"","land_category":"대","area_sqm":16806.8,"area_band":"5,000㎡ 이상","interest_category":"대","solar_candidate":"Y","candidate_reason":"청사·공공건축물·주차장 현황 추가 확인 필요; 면적 16,807㎡","priority_score":65,"source":"경기부동산포털 국공유지조회·연속지적도","source_date":"2026-08-11","installed_solar_match":false}},{"type":"Feature","id":"4137011000109070000","geometry":{"type":"Point","coordinates":[127.0627481,37.1773099]},"properties":{"pnu":"4137011000109070000","municipality_code":"41370","municipality":"오산시","district":"오산시","locality":"내삼미동","address":"오산시 내삼미동 907","owner_type":"시·군유지","owner_label":"오산시","manager":"","property_class":"","land_category":"대","area_sqm":11836.1,"area_band":"5,000㎡ 이상","interest_category":"대","solar_candidate":"Y","candidate_reason":"청사·공공건축물·주차장 현황 추가 확인 필요; 면적 11,836㎡","priority_score":65,"source":"경기부동산포털 국공유지조회·연속지적도","source_date":"2026-08-11","installed_solar_match":true,"installed_solar_count":5,"installed_solar_area_sqm":380.1,"installed_solar_analysis_years":["2024"],"installed_solar_types":["기타"],"installed_solar_permit_status_counts":{"N":5}}},{"type":"Feature","id":"4137010100100340005","geometry":{"type":"Point","coordinates":[127.0768568,37.1591198]},"properties":{"pnu":"4137010100100340005","municipality_code":"41370","municipality":"오산시","district":"오산시","locality":"오산동","address":"오산시 오산동 34-5","owner_type":"시·군유지","owner_label":"오산시","manager":"","property_class":"","land_category":"대","area_sqm":11703.0,"area_band":"5,000㎡ 이상","interest_category":"대","solar_candidate":"Y","candidate_reason":"청사·공공건축물·주차장 현황 추가 확인 필요; 면적 11,703㎡","priority_score":65,"source":"경기부동산포털 국공유지조회·연속지적도","source_date":"2026-08-11","installed_solar_match":true,"installed_solar_count":7,"installed_solar_area_sqm":1122.6,"installed_solar_analysis_years":["2024"],"installed_solar_types":["공공시설물"],"installed_solar_permit_status_counts":{"Y":7}}},{"type":"Feature","id":"4137010100100250000","geometry":{"type":"Point","coordinates":[127.0778204,37.1594548]},"properties":{"pnu":"4137010100100250000","municipality_code":"41370","municipality":"오산시","district":"오산시","locality":"오산동","address":"오산시 오산동 25","owner_type":"시·군유지","owner_label":"오산시","manager":"","property_class":"","land_category":"대","area_sqm":10183.0,"area_band":"5,000㎡ 이상","interest_category":"대","solar_candidate":"Y","candidate_reason":"청사·공공건축물·주차장 현황 추가 확인 필요; 면적 10,183㎡","priority_score":65,"source":"경기부동산포털 국공유지조회·연속지적도","source_date":"2026-08-11","installed_solar_match":false}},{"type":"Feature","id":"4137010100103450000","geometry":{"type":"Point","coordinates":[127.0714768,37.1560524]},"properties":{"pnu":"4137010100103450000","municipality_code":"41370","municipality":"오산시","district":"오산시","locality":"오산동","address":"오산시 오산동 345","owner_type":"시·군유지","owner_label":"오산시","manager":"","property_class":"","land_category":"대","area_sqm":10047.0,"area_band":"5,000㎡ 이상","interest_category":"대","solar_candidate":"Y","candidate_reason":"청사·공공건축물·주차장 현황 추가 확인 필요; 면적 10,047㎡","priority_score":65,"source":"경기부동산포털 국공유지조회·연속지적도","source_date":"2026-08-11","installed_solar_match":true,"installed_solar_count":2,"installed_solar_area_sqm":1775.3,"installed_solar_analysis_years":["2024"],"installed_solar_types":["공공시설물"],"installed_solar_permit_status_counts":{"Y":2}}},{"type":"Feature","id":"4137010700105120000","geometry":{"type":"Point","coordinates":[127.0450009,37.1776594]},"properties":{"pnu":"4137010700105120000","municipality_code":"41370","municipality":"오산시","district":"오산시","locality":"금암동","address":"오산시 금암동 512","owner_type":"시·군유지","owner_label":"오산시","manager":"","property_class":"","land_category":"대","area_sqm":9007.3,"area_band":"5,000㎡ 이상","interest_category":"대","solar_candidate":"Y","candidate_reason":"청사·공공건축물·주차장 현황 추가 확인 필요; 면적 9,007㎡","priority_score":65,"source":"경기부동산포털 국공유지조회·연속지적도","source_date":"2026-08-11","installed_solar_match":true,"installed_solar_count":2,"installed_solar_area_sqm":584.1,"installed_solar_analysis_years":["2024"],"installed_solar_types":["공공시설물"],"installed_solar_permit_status_counts":{"N":2}}},{"type":"Feature","id":"4137011300106180000","geometry":{"type":"Point","coordinates":[127.0454077,37.1816542]},"properties":{"pnu":"4137011300106180000","municipality_code":"41370","municipality":"오산시","district":"오산시","locality":"세교동","address":"오산시 세교동 618","owner_type":"시·군유지","owner_label":"오산시","manager":"","property_class":"","land_category":"대","area_sqm":8342.9,"area_band":"5,000㎡ 이상","interest_category":"대","solar_candidate":"Y","candidate_reason":"청사·공공건축물·주차장 현황 추가 확인 필요; 면적 8,343㎡","priority_score":65,"source":"경기부동산포털 국공유지조회·연속지적도","source_date":"2026-08-11","installed_solar_match":true,"installed_solar_count":3,"installed_solar_area_sqm":347.6,"installed_solar_analysis_years":["2024"],"installed_solar_types":["공공시설물"],"installed_solar_permit_status_counts":{"N":3}}},{"type":"Feature","id":"4137010400105940000","geometry":{"type":"Point","coordinates":[127.0648707,37.1607849]},"properties":{"pnu":"4137010400105940000","municipality_code":"41370","municipality":"오산시","district":"오산시","locality":"궐동","address":"오산시 궐동 594","owner_type":"시·군유지","owner_label":"오산시","manager":"","property_class":"","land_category":"잡종지","area_sqm":2929.0,"area_band":"1,000~3,000㎡","interest_category":"잡종지","solar_candidate":"Y","candidate_reason":"실제 이용·점유 여부 확인 후 검토할 잡종지; 면적 2,929㎡","priority_score":63,"source":"경기부동산포털 국공유지조회·연속지적도","source_date":"2026-08-11","installed_solar_match":false}},{"type":"Feature","id":"4137010200107780006","geometry":{"type":"Point","coordinates":[127.0816411,37.156456]},"properties":{"pnu":"4137010200107780006","municipality_code":"41370","municipality":"오산시","district":"오산시","locality":"부산동","address":"오산시 부산동 778-6","owner_type":"시·군유지","owner_label":"오산시","manager":"","property_class":"","land_category":"잡종지","area_sqm":2809.5,"area_band":"1,000~3,000㎡","interest_category":"잡종지","solar_candidate":"Y","candidate_reason":"실제 이용·점유 여부 확인 후 검토할 잡종지; 면적 2,810㎡","priority_score":63,"source":"경기부동산포털 국공유지조회·연속지적도","source_date":"2026-08-11","installed_solar_match":false}},{"type":"Feature","id":"4137010300108150008","geometry":{"type":"Point","coordinates":[127.0779263,37.1447932]},"properties":{"pnu":"4137010300108150008","municipality_code":"41370","municipality":"오산시","district":"오산시","locality":"원동","address":"오산시 원동 815-8","owner_type":"시·군유지","owner_label":"오산시","manager":"","property_class":"","land_category":"잡종지","area_sqm":2671.3,"area_band":"1,000~3,000㎡","interest_category":"잡종지","solar_candidate":"Y","candidate_reason":"실제 이용·점유 여부 확인 후 검토할 잡종지; 면적 2,671㎡","priority_score":63,"source":"경기부동산포털 국공유지조회·연속지적도","source_date":"2026-08-11","installed_solar_match":false}},{"type":"Feature","id":"4137010200107790003","geometry":{"type":"Point","coordinates":[127.0803712,37.1538128]},"properties":{"pnu":"4137010200107790003","municipality_code":"41370","municipality":"오산시","district":"오산시","locality":"부산동","address":"오산시 부산동 779-3","owner_type":"시·군유지","owner_label":"오산시","manager":"","property_class":"","land_category":"잡종지","area_sqm":2361.9,"area_band":"1,000~3,000㎡","interest_category":"잡종지","solar_candidate":"Y","candidate_reason":"실제 이용·점유 여부 확인 후 검토할 잡종지; 면적 2,362㎡","priority_score":63,"source":"경기부동산포털 국공유지조회·연속지적도","source_date":"2026-08-11","installed_solar_match":false}},{"type":"Feature","id":"4137010400105890001","geometry":{"type":"Point","coordinates":[127.0652461,37.1592164]},"properties":{"pnu":"4137010400105890001","municipality_code":"41370","municipality":"오산시","district":"오산시","locality":"궐동","address":"오산시 궐동 589-1","owner_type":"시·군유지","owner_label":"오산시","manager":"","property_class":"","land_category":"잡종지","area_sqm":2114.0,"area_band":"1,000~3,000㎡","interest_category":"잡종지","solar_candidate":"Y","candidate_reason":"실제 이용·점유 여부 확인 후 검토할 잡종지; 면적 2,114㎡","priority_score":63,"source":"경기부동산포털 국공유지조회·연속지적도","source_date":"2026-08-11","installed_solar_match":false}},{"type":"Feature","id":"4137011100105150000","geometry":{"type":"Point","coordinates":[127.0450782,37.1942078]},"properties":{"pnu":"4137011100105150000","municipality_code":"41370","municipality":"오산시","district":"오산시","locality":"외삼미동","address":"오산시 외삼미동 515","owner_type":"시·군유지","owner_label":"오산시","manager":"","property_class":"","land_category":"잡종지","area_sqm":1800.0,"area_band":"1,000~3,000㎡","interest_category":"잡종지","solar_candidate":"Y","candidate_reason":"실제 이용·점유 여부 확인 후 검토할 잡종지; 면적 1,800㎡","priority_score":63,"source":"경기부동산포털 국공유지조회·연속지적도","source_date":"2026-08-11","installed_solar_match":false}},{"type":"Feature","id":"4137010100109230004","geometry":{"type":"Point","coordinates":[127.079274,37.1515231]},"properties":{"pnu":"4137010100109230004","municipality_code":"41370","municipality":"오산시","district":"오산시","locality":"오산동","address":"오산시 오산동 923-4","owner_type":"시·군유지","owner_label":"오산시","manager":"","property_class":"","land_category":"잡종지","area_sqm":1777.3,"area_band":"1,000~3,000㎡","interest_category":"잡종지","solar_candidate":"Y","candidate_reason":"실제 이용·점유 여부 확인 후 검토할 잡종지; 면적 1,777㎡","priority_score":63,"source":"경기부동산포털 국공유지조회·연속지적도","source_date":"2026-08-11","installed_solar_match":false}},{"type":"Feature","id":"4137010100109110004","geometry":{"type":"Point","coordinates":[127.0766456,37.1578758]},"properties":{"pnu":"4137010100109110004","municipality_code":"41370","municipality":"오산시","district":"오산시","locality":"오산동","address":"오산시 오산동 911-4","owner_type":"시·군유지","owner_label":"오산시","manager":"","property_class":"","land_category":"잡종지","area_sqm":1489.8,"area_band":"1,000~3,000㎡","interest_category":"잡종지","solar_candidate":"Y","candidate_reason":"실제 이용·점유 여부 확인 후 검토할 잡종지; 면적 1,490㎡","priority_score":63,"source":"경기부동산포털 국공유지조회·연속지적도","source_date":"2026-08-11","installed_solar_match":false}},{"type":"Feature","id":"4137010100109610000","geometry":{"type":"Point","coordinates":[127.062576,37.1363041]},"properties":{"pnu":"4137010100109610000","municipality_code":"41370","municipality":"오산시","district":"오산시","locality":"오산동","address":"오산시 오산동 961","owner_type":"시·군유지","owner_label":"오산시","manager":"","property_class":"","land_category":"잡종지","area_sqm":1471.7,"area_band":"1,000~3,000㎡","interest_category":"잡종지","solar_candidate":"Y","candidate_reason":"실제 이용·점유 여부 확인 후 검토할 잡종지; 면적 1,472㎡","priority_score":63,"source":"경기부동산포털 국공유지조회·연속지적도","source_date":"2026-08-11","installed_solar_match":false}},{"type":"Feature","id":"4137010100108160081","geometry":{"type":"Point","coordinates":[127.0640031,37.1371177]},"properties":{"pnu":"4137010100108160081","municipality_code":"41370","municipality":"오산시","district":"오산시","locality":"오산동","address":"오산시 오산동 816-81","owner_type":"시·군유지","owner_label":"오산시","manager":"","property_class":"","land_category":"잡종지","area_sqm":1443.6,"area_band":"1,000~3,000㎡","interest_category":"잡종지","solar_candidate":"Y","candidate_reason":"실제 이용·점유 여부 확인 후 검토할 잡종지; 면적 1,444㎡","priority_score":63,"source":"경기부동산포털 국공유지조회·연속지적도","source_date":"2026-08-11","installed_solar_match":false}},{"type":"Feature","id":"4137010200107780002","geometry":{"type":"Point","coordinates":[127.0809562,37.1587079]},"properties":{"pnu":"4137010200107780002","municipality_code":"41370","municipality":"오산시","district":"오산시","locality":"부산동","address":"오산시 부산동 778-2","owner_type":"시·군유지","owner_label":"오산시","manager":"","property_class":"","land_category":"잡종지","area_sqm":1402.2,"area_band":"1,000~3,000㎡","interest_category":"잡종지","solar_candidate":"Y","candidate_reason":"실제 이용·점유 여부 확인 후 검토할 잡종지; 면적 1,402㎡","priority_score":63,"source":"경기부동산포털 국공유지조회·연속지적도","source_date":"2026-08-11","installed_solar_match":false}},{"type":"Feature","id":"4137010300108140003","geometry":{"type":"Point","coordinates":[127.0778699,37.1471275]},"properties":{"pnu":"4137010300108140003","municipality_code":"41370","municipality":"오산시","district":"오산시","locality":"원동","address":"오산시 원동 814-3","owner_type":"시·군유지","owner_label":"오산시","manager":"","property_class":"","land_category":"잡종지","area_sqm":1273.8,"area_band":"1,000~3,000㎡","interest_category":"잡종지","solar_candidate":"Y","candidate_reason":"실제 이용·점유 여부 확인 후 검토할 잡종지; 면적 1,274㎡","priority_score":63,"source":"경기부동산포털 국공유지조회·연속지적도","source_date":"2026-08-11","installed_solar_match":false}},{"type":"Feature","id":"4137010100109110002","geometry":{"type":"Point","coordinates":[127.0779934,37.1585536]},"properties":{"pnu":"4137010100109110002","municipality_code":"41370","municipality":"오산시","district":"오산시","locality":"오산동","address":"오산시 오산동 911-2","owner_type":"시·군유지","owner_label":"오산시","manager":"","property_class":"","land_category":"잡종지","area_sqm":1073.7,"area_band":"1,000~3,000㎡","interest_category":"잡종지","solar_candidate":"Y","candidate_reason":"실제 이용·점유 여부 확인 후 검토할 잡종지; 면적 1,074㎡","priority_score":63,"source":"경기부동산포털 국공유지조회·연속지적도","source_date":"2026-08-11","installed_solar_match":false}},{"type":"Feature","id":"4137010100100490000","geometry":{"type":"Point","coordinates":[127.0738354,37.157275]},"properties":{"pnu":"4137010100100490000","municipality_code":"41370","municipality":"오산시","district":"오산시","locality":"오산동","address":"오산시 오산동 49","owner_type":"시·군유지","owner_label":"오산시","manager":"","property_class":"","land_category":"체육용지","area_sqm":28133.0,"area_band":"5,000㎡ 이상","interest_category":"체육용지","solar_candidate":"Y","candidate_reason":"체육시설·주차장 상부 활용 가능성 추가 검토; 면적 28,133㎡","priority_score":60,"source":"경기부동산포털 국공유지조회·연속지적도","source_date":"2026-08-11","installed_solar_match":false}},{"type":"Feature","id":"4137010100100400000","geometry":{"type":"Point","coordinates":[127.0757751,37.1588255]},"properties":{"pnu":"4137010100100400000","municipality_code":"41370","municipality":"오산시","district":"오산시","locality":"오산동","address":"오산시 오산동 40","owner_type":"시·군유지","owner_label":"오산시","manager":"","property_class":"","land_category":"체육용지","area_sqm":7765.0,"area_band":"5,000㎡ 이상","interest_category":"체육용지","solar_candidate":"Y","candidate_reason":"체육시설·주차장 상부 활용 가능성 추가 검토; 면적 7,765㎡","priority_score":60,"source":"경기부동산포털 국공유지조회·연속지적도","source_date":"2026-08-11","installed_solar_match":true,"installed_solar_count":51,"installed_solar_area_sqm":1591.8,"installed_solar_analysis_years":["2024"],"installed_solar_types":["공공시설물"],"installed_solar_permit_status_counts":{"Y":51}}},{"type":"Feature","id":"4137010900100070011","geometry":{"type":"Point","coordinates":[127.0729209,37.1574005]},"properties":{"pnu":"4137010900100070011","municipality_code":"41370","municipality":"오산시","district":"오산시","locality":"은계동","address":"오산시 은계동 7-11","owner_type":"시·군유지","owner_label":"오산시","manager":"","property_class":"","land_category":"체육용지","area_sqm":5034.0,"area_band":"5,000㎡ 이상","interest_category":"체육용지","solar_candidate":"Y","candidate_reason":"체육시설·주차장 상부 활용 가능성 추가 검토; 면적 5,034㎡","priority_score":60,"source":"경기부동산포털 국공유지조회·연속지적도","source_date":"2026-08-11","installed_solar_match":false}},{"type":"Feature","id":"4137010100108500001","geometry":{"type":"Point","coordinates":[127.0732474,37.1522836]},"properties":{"pnu":"4137010100108500001","municipality_code":"41370","municipality":"오산시","district":"오산시","locality":"오산동","address":"오산시 오산동 850-1","owner_type":"시·군유지","owner_label":"오산시","manager":"","property_class":"","land_category":"대","area_sqm":4741.3,"area_band":"3,000~5,000㎡","interest_category":"대","solar_candidate":"Y","candidate_reason":"청사·공공건축물·주차장 현황 추가 확인 필요; 면적 4,741㎡","priority_score":60,"source":"경기부동산포털 국공유지조회·연속지적도","source_date":"2026-08-11","installed_solar_match":false}},{"type":"Feature","id":"4137011700103950000","geometry":{"type":"Point","coordinates":[127.044195,37.1400931]},"properties":{"pnu":"4137011700103950000","municipality_code":"41370","municipality":"오산시","district":"오산시","locality":"벌음동","address":"오산시 벌음동 395","owner_type":"시·군유지","owner_label":"오산시","manager":"","property_class":"","land_category":"대","area_sqm":4473.0,"area_band":"3,000~5,000㎡","interest_category":"대","solar_candidate":"Y","candidate_reason":"청사·공공건축물·주차장 현황 추가 확인 필요; 면적 4,473㎡","priority_score":60,"source":"경기부동산포털 국공유지조회·연속지적도","source_date":"2026-08-11","installed_solar_match":true,"installed_solar_count":2,"installed_solar_area_sqm":285.8,"installed_solar_analysis_years":["2024"],"installed_solar_types":["공공시설물"],"installed_solar_permit_status_counts":{"N":2}}},{"type":"Feature","id":"4137010900100070007","geometry":{"type":"Point","coordinates":[127.0769566,37.160274]},"properties":{"pnu":"4137010900100070007","municipality_code":"41370","municipality":"오산시","district":"오산시","locality":"은계동","address":"오산시 은계동 7-7","owner_type":"시·군유지","owner_label":"오산시","manager":"","property_class":"","land_category":"대","area_sqm":4160.0,"area_band":"3,000~5,000㎡","interest_category":"대","solar_candidate":"Y","candidate_reason":"청사·공공건축물·주차장 현황 추가 확인 필요; 면적 4,160㎡","priority_score":60,"source":"경기부동산포털 국공유지조회·연속지적도","source_date":"2026-08-11","installed_solar_match":true,"installed_solar_count":2,"installed_solar_area_sqm":214.0,"installed_solar_analysis_years":["2024"],"installed_solar_types":["공공시설물"],"installed_solar_permit_status_counts":{"N":2}}},{"type":"Feature","id":"4137010500100160006","geometry":{"type":"Point","coordinates":[127.0636935,37.154589]},"properties":{"pnu":"4137010500100160006","municipality_code":"41370","municipality":"오산시","district":"오산시","locality":"청학동","address":"오산시 청학동 16-6","owner_type":"시·군유지","owner_label":"오산시","manager":"","property_class":"","land_category":"대","area_sqm":3798.0,"area_band":"3,000~5,000㎡","interest_category":"대","solar_candidate":"Y","candidate_reason":"청사·공공건축물·주차장 현황 추가 확인 필요; 면적 3,798㎡","priority_score":60,"source":"경기부동산포털 국공유지조회·연속지적도","source_date":"2026-08-11","installed_solar_match":false}},{"type":"Feature","id":"4137010900100070004","geometry":{"type":"Point","coordinates":[127.0713559,37.1565135]},"properties":{"pnu":"4137010900100070004","municipality_code":"41370","municipality":"오산시","district":"오산시","locality":"은계동","address":"오산시 은계동 7-4","owner_type":"시·군유지","owner_label":"오산시","manager":"","property_class":"","land_category":"대","area_sqm":3505.0,"area_band":"3,000~5,000㎡","interest_category":"대","solar_candidate":"Y","candidate_reason":"청사·공공건축물·주차장 현황 추가 확인 필요; 면적 3,505㎡","priority_score":60,"source":"경기부동산포털 국공유지조회·연속지적도","source_date":"2026-08-11","installed_solar_match":true,"installed_solar_count":1,"installed_solar_area_sqm":411.2,"installed_solar_analysis_years":["2024"],"installed_solar_types":["공공시설물"],"installed_solar_permit_status_counts":{"N":1}}},{"type":"Feature","id":"4137010600103870001","geometry":{"type":"Point","coordinates":[127.035239,37.1670972]},"properties":{"pnu":"4137010600103870001","municipality_code":"41370","municipality":"오산시","district":"오산시","locality":"가장동","address":"오산시 가장동 387-1","owner_type":"시·군유지","owner_label":"오산시","manager":"","property_class":"","land_category":"대","area_sqm":3358.8,"area_band":"3,000~5,000㎡","interest_category":"대","solar_candidate":"Y","candidate_reason":"청사·공공건축물·주차장 현황 추가 확인 필요; 면적 3,359㎡","priority_score":60,"source":"경기부동산포털 국공유지조회·연속지적도","source_date":"2026-08-11","installed_solar_match":false}},{"type":"Feature","id":"4137011300106170003","geometry":{"type":"Point","coordinates":[127.0444671,37.181294]},"properties":{"pnu":"4137011300106170003","municipality_code":"41370","municipality":"오산시","district":"오산시","locality":"세교동","address":"오산시 세교동 617-3","owner_type":"시·군유지","owner_label":"오산시","manager":"","property_class":"","land_category":"대","area_sqm":3195.8,"area_band":"3,000~5,000㎡","interest_category":"대","solar_candidate":"Y","candidate_reason":"청사·공공건축물·주차장 현황 추가 확인 필요; 면적 3,196㎡","priority_score":60,"source":"경기부동산포털 국공유지조회·연속지적도","source_date":"2026-08-11","installed_solar_match":false}},{"type":"Feature","id":"4137010100106090047","geometry":{"type":"Point","coordinates":[127.0648229,37.1477893]},"properties":{"pnu":"4137010100106090047","municipality_code":"41370","municipality":"오산시","district":"오산시","locality":"오산동","address":"오산시 오산동 609-47","owner_type":"시·군유지","owner_label":"오산시","manager":"","property_class":"","land_category":"주차장","area_sqm":933.7,"area_band":"500~1,000㎡","interest_category":"주차장","solar_candidate":"Y","candidate_reason":"주차면 상부 태양광을 우선 검토할 지목; 면적 934㎡","priority_score":60,"source":"경기부동산포털 국공유지조회·연속지적도","source_date":"2026-08-11","installed_solar_match":false}},{"type":"Feature","id":"4137012000106300001","geometry":{"type":"Point","coordinates":[127.0532114,37.1393849]},"properties":{"pnu":"4137012000106300001","municipality_code":"41370","municipality":"오산시","district":"오산시","locality":"누읍동","address":"오산시 누읍동 630-1","owner_type":"시·군유지","owner_label":"오산시","manager":"","property_class":"","land_category":"주차장","area_sqm":873.4,"area_band":"500~1,000㎡","interest_category":"주차장","solar_candidate":"Y","candidate_reason":"주차면 상부 태양광을 우선 검토할 지목; 면적 873㎡","priority_score":60,"source":"경기부동산포털 국공유지조회·연속지적도","source_date":"2026-08-11","installed_solar_match":false}},{"type":"Feature","id":"4137011200106440004","geometry":{"type":"Point","coordinates":[127.0162001,37.1808431]},"properties":{"pnu":"4137011200106440004","municipality_code":"41370","municipality":"오산시","district":"오산시","locality":"양산동","address":"오산시 양산동 644-4","owner_type":"시·군유지","owner_label":"오산시","manager":"","property_class":"","land_category":"주차장","area_sqm":708.0,"area_band":"500~1,000㎡","interest_category":"주차장","solar_candidate":"Y","candidate_reason":"주차면 상부 태양광을 우선 검토할 지목; 면적 708㎡","priority_score":60,"source":"경기부동산포털 국공유지조회·연속지적도","source_date":"2026-08-11","installed_solar_match":false}},{"type":"Feature","id":"4137011300104980001","geometry":{"type":"Point","coordinates":[127.0347728,37.1841544]},"properties":{"pnu":"4137011300104980001","municipality_code":"41370","municipality":"오산시","district":"오산시","locality":"세교동","address":"오산시 세교동 498-1","owner_type":"시·군유지","owner_label":"오산시","manager":"","property_class":"","land_category":"주차장","area_sqm":555.2,"area_band":"500~1,000㎡","interest_category":"주차장","solar_candidate":"Y","candidate_reason":"주차면 상부 태양광을 우선 검토할 지목; 면적 555㎡","priority_score":60,"source":"경기부동산포털 국공유지조회·연속지적도","source_date":"2026-08-11","installed_solar_match":false}},{"type":"Feature","id":"4137010400104220015","geometry":{"type":"Point","coordinates":[127.0438287,37.1641897]},"properties":{"pnu":"4137010400104220015","municipality_code":"41370","municipality":"오산시","district":"오산시","locality":"궐동","address":"오산시 궐동 422-15","owner_type":"시·군유지","owner_label":"오산시","manager":"","property_class":"","land_category":"잡종지","area_sqm":974.0,"area_band":"500~1,000㎡","interest_category":"잡종지","solar_candidate":"검토필요","candidate_reason":"실제 이용·점유 여부 확인 후 검토할 잡종지; 면적 974㎡","priority_score":55,"source":"경기부동산포털 국공유지조회·연속지적도","source_date":"2026-08-11","installed_solar_match":false}},{"type":"Feature","id":"4137010500100410001","geometry":{"type":"Point","coordinates":[127.0612084,37.151403]},"properties":{"pnu":"4137010500100410001","municipality_code":"41370","municipality":"오산시","district":"오산시","locality":"청학동","address":"오산시 청학동 41-1","owner_type":"시·군유지","owner_label":"오산시","manager":"","property_class":"","land_category":"잡종지","area_sqm":953.0,"area_band":"500~1,000㎡","interest_category":"잡종지","solar_candidate":"검토필요","candidate_reason":"실제 이용·점유 여부 확인 후 검토할 잡종지; 면적 953㎡","priority_score":55,"source":"경기부동산포털 국공유지조회·연속지적도","source_date":"2026-08-11","installed_solar_match":true,"installed_solar_count":1,"installed_solar_area_sqm":12.3,"installed_solar_analysis_years":["2024"],"installed_solar_types":["개인주택"],"installed_solar_permit_status_counts":{"N":1}}},{"type":"Feature","id":"4137010600103400007","geometry":{"type":"Point","coordinates":[127.0420257,37.1609691]},"properties":{"pnu":"4137010600103400007","municipality_code":"41370","municipality":"오산시","district":"오산시","locality":"가장동","address":"오산시 가장동 340-7","owner_type":"시·군유지","owner_label":"오산시","manager":"","property_class":"","land_category":"잡종지","area_sqm":927.0,"area_band":"500~1,000㎡","interest_category":"잡종지","solar_candidate":"검토필요","candidate_reason":"실제 이용·점유 여부 확인 후 검토할 잡종지; 면적 927㎡","priority_score":55,"source":"경기부동산포털 국공유지조회·연속지적도","source_date":"2026-08-11","installed_solar_match":false}},{"type":"Feature","id":"4137010400100130010","geometry":{"type":"Point","coordinates":[127.0659789,37.159682]},"properties":{"pnu":"4137010400100130010","municipality_code":"41370","municipality":"오산시","district":"오산시","locality":"궐동","address":"오산시 궐동 13-10","owner_type":"시·군유지","owner_label":"오산시","manager":"","property_class":"","land_category":"잡종지","area_sqm":841.0,"area_band":"500~1,000㎡","interest_category":"잡종지","solar_candidate":"검토필요","candidate_reason":"실제 이용·점유 여부 확인 후 검토할 잡종지; 면적 841㎡","priority_score":55,"source":"경기부동산포털 국공유지조회·연속지적도","source_date":"2026-08-11","installed_solar_match":true,"installed_solar_count":1,"installed_solar_area_sqm":30.5,"installed_solar_analysis_years":["2024"],"installed_solar_types":["공공시설물"],"installed_solar_permit_status_counts":{"N":1}}},{"type":"Feature","id":"4137010100106370008","geometry":{"type":"Point","coordinates":[127.0639941,37.1421491]},"properties":{"pnu":"4137010100106370008","municipality_code":"41370","municipality":"오산시","district":"오산시","locality":"오산동","address":"오산시 오산동 637-8","owner_type":"시·군유지","owner_label":"오산시","manager":"","property_class":"","land_category":"잡종지","area_sqm":833.3,"area_band":"500~1,000㎡","interest_category":"잡종지","solar_candidate":"검토필요","candidate_reason":"실제 이용·점유 여부 확인 후 검토할 잡종지; 면적 833㎡","priority_score":55,"source":"경기부동산포털 국공유지조회·연속지적도","source_date":"2026-08-11","installed_solar_match":false}},{"type":"Feature","id":"4137010300108060002","geometry":{"type":"Point","coordinates":[127.0724061,37.1346174]},"properties":{"pnu":"4137010300108060002","municipality_code":"41370","municipality":"오산시","district":"오산시","locality":"원동","address":"오산시 원동 806-2","owner_type":"시·군유지","owner_label":"오산시","manager":"","property_class":"","land_category":"잡종지","area_sqm":828.4,"area_band":"500~1,000㎡","interest_category":"잡종지","solar_candidate":"검토필요","candidate_reason":"실제 이용·점유 여부 확인 후 검토할 잡종지; 면적 828㎡","priority_score":55,"source":"경기부동산포털 국공유지조회·연속지적도","source_date":"2026-08-11","installed_solar_match":false}},{"type":"Feature","id":"4137010100109030002","geometry":{"type":"Point","coordinates":[127.0684113,37.1464198]},"properties":{"pnu":"4137010100109030002","municipality_code":"41370","municipality":"오산시","district":"오산시","locality":"오산동","address":"오산시 오산동 903-2","owner_type":"시·군유지","owner_label":"오산시","manager":"","property_class":"","land_category":"잡종지","area_sqm":800.3,"area_band":"500~1,000㎡","interest_category":"잡종지","solar_candidate":"검토필요","candidate_reason":"실제 이용·점유 여부 확인 후 검토할 잡종지; 면적 800㎡","priority_score":55,"source":"경기부동산포털 국공유지조회·연속지적도","source_date":"2026-08-11","installed_solar_match":false}},{"type":"Feature","id":"4137011100105150001","geometry":{"type":"Point","coordinates":[127.045116,37.1943963]},"properties":{"pnu":"4137011100105150001","municipality_code":"41370","municipality":"오산시","district":"오산시","locality":"외삼미동","address":"오산시 외삼미동 515-1","owner_type":"시·군유지","owner_label":"오산시","manager":"","property_class":"","land_category":"잡종지","area_sqm":754.0,"area_band":"500~1,000㎡","interest_category":"잡종지","solar_candidate":"검토필요","candidate_reason":"실제 이용·점유 여부 확인 후 검토할 잡종지; 면적 754㎡","priority_score":55,"source":"경기부동산포털 국공유지조회·연속지적도","source_date":"2026-08-11","installed_solar_match":false}},{"type":"Feature","id":"4137012400200070004","geometry":{"type":"Point","coordinates":[127.0744105,37.1307217]},"properties":{"pnu":"4137012400200070004","municipality_code":"41370","municipality":"오산시","district":"오산시","locality":"갈곶동","address":"오산시 갈곶동 산7-4","owner_type":"시·군유지","owner_label":"오산시","manager":"","property_class":"","land_category":"잡종지","area_sqm":738.0,"area_band":"500~1,000㎡","interest_category":"잡종지","solar_candidate":"검토필요","candidate_reason":"실제 이용·점유 여부 확인 후 검토할 잡종지; 면적 738㎡","priority_score":55,"source":"경기부동산포털 국공유지조회·연속지적도","source_date":"2026-08-11","installed_solar_match":false}},{"type":"Feature","id":"4137010400105890000","geometry":{"type":"Point","coordinates":[127.0649272,37.1593732]},"properties":{"pnu":"4137010400105890000","municipality_code":"41370","municipality":"오산시","district":"오산시","locality":"궐동","address":"오산시 궐동 589","owner_type":"시·군유지","owner_label":"오산시","manager":"","property_class":"","land_category":"잡종지","area_sqm":732.2,"area_band":"500~1,000㎡","interest_category":"잡종지","solar_candidate":"검토필요","candidate_reason":"실제 이용·점유 여부 확인 후 검토할 잡종지; 면적 732㎡","priority_score":55,"source":"경기부동산포털 국공유지조회·연속지적도","source_date":"2026-08-11","installed_solar_match":false}},{"type":"Feature","id":"4137010100109850000","geometry":{"type":"Point","coordinates":[127.0645257,37.1358673]},"properties":{"pnu":"4137010100109850000","municipality_code":"41370","municipality":"오산시","district":"오산시","locality":"오산동","address":"오산시 오산동 985","owner_type":"시·군유지","owner_label":"오산시","manager":"","property_class":"","land_category":"잡종지","area_sqm":624.1,"area_band":"500~1,000㎡","interest_category":"잡종지","solar_candidate":"검토필요","candidate_reason":"실제 이용·점유 여부 확인 후 검토할 잡종지; 면적 624㎡","priority_score":55,"source":"경기부동산포털 국공유지조회·연속지적도","source_date":"2026-08-11","installed_solar_match":false}},{"type":"Feature","id":"4137011600100750005","geometry":{"type":"Point","coordinates":[127.0428781,37.1508755]},"properties":{"pnu":"4137011600100750005","municipality_code":"41370","municipality":"오산시","district":"오산시","locality":"서동","address":"오산시 서동 75-5","owner_type":"시·군유지","owner_label":"오산시","manager":"","property_class":"","land_category":"잡종지","area_sqm":550.0,"area_band":"500~1,000㎡","interest_category":"잡종지","solar_candidate":"검토필요","candidate_reason":"실제 이용·점유 여부 확인 후 검토할 잡종지; 면적 550㎡","priority_score":55,"source":"경기부동산포털 국공유지조회·연속지적도","source_date":"2026-08-11","installed_solar_match":false}},{"type":"Feature","id":"4137010100109610001","geometry":{"type":"Point","coordinates":[127.0623031,37.1362465]},"properties":{"pnu":"4137010100109610001","municipality_code":"41370","municipality":"오산시","district":"오산시","locality":"오산동","address":"오산시 오산동 961-1","owner_type":"시·군유지","owner_label":"오산시","manager":"","property_class":"","land_category":"잡종지","area_sqm":538.6,"area_band":"500~1,000㎡","interest_category":"잡종지","solar_candidate":"검토필요","candidate_reason":"실제 이용·점유 여부 확인 후 검토할 잡종지; 면적 539㎡","priority_score":55,"source":"경기부동산포털 국공유지조회·연속지적도","source_date":"2026-08-11","installed_solar_match":false}},{"type":"Feature","id":"4137011400106040001","geometry":{"type":"Point","coordinates":[127.0345687,37.1747718]},"properties":{"pnu":"4137011400106040001","municipality_code":"41370","municipality":"오산시","district":"오산시","locality":"지곶동","address":"오산시 지곶동 604-1","owner_type":"시·군유지","owner_label":"오산시","manager":"","property_class":"","land_category":"주차장","area_sqm":462.0,"area_band":"100~500㎡","interest_category":"주차장","solar_candidate":"검토필요","candidate_reason":"주차면 상부 태양광을 우선 검토할 지목; 면적 462㎡","priority_score":55,"source":"경기부동산포털 국공유지조회·연속지적도","source_date":"2026-08-11","installed_solar_match":false}},{"type":"Feature","id":"4137010400100940002","geometry":{"type":"Point","coordinates":[127.0648262,37.1574475]},"properties":{"pnu":"4137010400100940002","municipality_code":"41370","municipality":"오산시","district":"오산시","locality":"궐동","address":"오산시 궐동 94-2","owner_type":"시·군유지","owner_label":"오산시","manager":"","property_class":"","land_category":"주차장","area_sqm":361.0,"area_band":"100~500㎡","interest_category":"주차장","solar_candidate":"검토필요","candidate_reason":"주차면 상부 태양광을 우선 검토할 지목; 면적 361㎡","priority_score":55,"source":"경기부동산포털 국공유지조회·연속지적도","source_date":"2026-08-11","installed_solar_match":false}},{"type":"Feature","id":"4137011600100110006","geometry":{"type":"Point","coordinates":[127.043157,37.1557765]},"properties":{"pnu":"4137011600100110006","municipality_code":"41370","municipality":"오산시","district":"오산시","locality":"서동","address":"오산시 서동 11-6","owner_type":"시·군유지","owner_label":"오산시","manager":"","property_class":"","land_category":"주차장","area_sqm":202.0,"area_band":"100~500㎡","interest_category":"주차장","solar_candidate":"검토필요","candidate_reason":"주차면 상부 태양광을 우선 검토할 지목; 면적 202㎡","priority_score":55,"source":"경기부동산포털 국공유지조회·연속지적도","source_date":"2026-08-11","installed_solar_match":false}},{"type":"Feature","id":"4137010100103470000","geometry":{"type":"Point","coordinates":[127.0695678,37.155422]},"properties":{"pnu":"4137010100103470000","municipality_code":"41370","municipality":"오산시","district":"오산시","locality":"오산동","address":"오산시 오산동 347","owner_type":"시·군유지","owner_label":"오산시","manager":"","property_class":"","land_category":"주차장","area_sqm":199.0,"area_band":"100~500㎡","interest_category":"주차장","solar_candidate":"검토필요","candidate_reason":"주차면 상부 태양광을 우선 검토할 지목; 면적 199㎡","priority_score":55,"source":"경기부동산포털 국공유지조회·연속지적도","source_date":"2026-08-11","installed_solar_match":false}},{"type":"Feature","id":"4137010100103450008","geometry":{"type":"Point","coordinates":[127.0699641,37.1558614]},"properties":{"pnu":"4137010100103450008","municipality_code":"41370","municipality":"오산시","district":"오산시","locality":"오산동","address":"오산시 오산동 345-8","owner_type":"시·군유지","owner_label":"오산시","manager":"","property_class":"","land_category":"주차장","area_sqm":197.0,"area_band":"100~500㎡","interest_category":"주차장","solar_candidate":"검토필요","candidate_reason":"주차면 상부 태양광을 우선 검토할 지목; 면적 197㎡","priority_score":55,"source":"경기부동산포털 국공유지조회·연속지적도","source_date":"2026-08-11","installed_solar_match":false}},{"type":"Feature","id":"4137010100103480000","geometry":{"type":"Point","coordinates":[127.0693224,37.1553604]},"properties":{"pnu":"4137010100103480000","municipality_code":"41370","municipality":"오산시","district":"오산시","locality":"오산동","address":"오산시 오산동 348","owner_type":"시·군유지","owner_label":"오산시","manager":"","property_class":"","land_category":"주차장","area_sqm":186.0,"area_band":"100~500㎡","interest_category":"주차장","solar_candidate":"검토필요","candidate_reason":"주차면 상부 태양광을 우선 검토할 지목; 면적 186㎡","priority_score":55,"source":"경기부동산포털 국공유지조회·연속지적도","source_date":"2026-08-11","installed_solar_match":false}},{"type":"Feature","id":"4137010100100480022","geometry":{"type":"Point","coordinates":[127.0695356,37.1555619]},"properties":{"pnu":"4137010100100480022","municipality_code":"41370","municipality":"오산시","district":"오산시","locality":"오산동","address":"오산시 오산동 48-22","owner_type":"시·군유지","owner_label":"오산시","manager":"","property_class":"","land_category":"주차장","area_sqm":159.0,"area_band":"100~500㎡","interest_category":"주차장","solar_candidate":"검토필요","candidate_reason":"주차면 상부 태양광을 우선 검토할 지목; 면적 159㎡","priority_score":55,"source":"경기부동산포털 국공유지조회·연속지적도","source_date":"2026-08-11","installed_solar_match":false}},{"type":"Feature","id":"4137010100100480013","geometry":{"type":"Point","coordinates":[127.069543,37.1555146]},"properties":{"pnu":"4137010100100480013","municipality_code":"41370","municipality":"오산시","district":"오산시","locality":"오산동","address":"오산시 오산동 48-13","owner_type":"시·군유지","owner_label":"오산시","manager":"","property_class":"","land_category":"주차장","area_sqm":142.0,"area_band":"100~500㎡","interest_category":"주차장","solar_candidate":"검토필요","candidate_reason":"주차면 상부 태양광을 우선 검토할 지목; 면적 142㎡","priority_score":55,"source":"경기부동산포털 국공유지조회·연속지적도","source_date":"2026-08-11","installed_solar_match":false}},{"type":"Feature","id":"4137010100103450003","geometry":{"type":"Point","coordinates":[127.0696993,37.1555285]},"properties":{"pnu":"4137010100103450003","municipality_code":"41370","municipality":"오산시","district":"오산시","locality":"오산동","address":"오산시 오산동 345-3","owner_type":"시·군유지","owner_label":"오산시","manager":"","property_class":"","land_category":"주차장","area_sqm":113.0,"area_band":"100~500㎡","interest_category":"주차장","solar_candidate":"검토필요","candidate_reason":"주차면 상부 태양광을 우선 검토할 지목; 면적 113㎡","priority_score":55,"source":"경기부동산포털 국공유지조회·연속지적도","source_date":"2026-08-11","installed_solar_match":false}},{"type":"Feature","id":"4137010700104950002","geometry":{"type":"Point","coordinates":[127.0545657,37.1766482]},"properties":{"pnu":"4137010700104950002","municipality_code":"41370","municipality":"오산시","district":"오산시","locality":"금암동","address":"오산시 금암동 495-2","owner_type":"시·군유지","owner_label":"오산시","manager":"","property_class":"","land_category":"대","area_sqm":2998.2,"area_band":"1,000~3,000㎡","interest_category":"대","solar_candidate":"검토필요","candidate_reason":"청사·공공건축물·주차장 현황 추가 확인 필요; 면적 2,998㎡","priority_score":53,"source":"경기부동산포털 국공유지조회·연속지적도","source_date":"2026-08-11","installed_solar_match":true,"installed_solar_count":3,"installed_solar_area_sqm":164.7,"installed_solar_analysis_years":["2024"],"installed_solar_types":["공공시설물"],"installed_solar_permit_status_counts":{"N":3}}},{"type":"Feature","id":"4137010100108620000","geometry":{"type":"Point","coordinates":[127.0707233,37.1509088]},"properties":{"pnu":"4137010100108620000","municipality_code":"41370","municipality":"오산시","district":"오산시","locality":"오산동","address":"오산시 오산동 862","owner_type":"시·군유지","owner_label":"오산시","manager":"","property_class":"","land_category":"대","area_sqm":2983.4,"area_band":"1,000~3,000㎡","interest_category":"대","solar_candidate":"검토필요","candidate_reason":"청사·공공건축물·주차장 현황 추가 확인 필요; 면적 2,983㎡","priority_score":53,"source":"경기부동산포털 국공유지조회·연속지적도","source_date":"2026-08-11","installed_solar_match":false}},{"type":"Feature","id":"4137010100109200003","geometry":{"type":"Point","coordinates":[127.0768713,37.1538729]},"properties":{"pnu":"4137010100109200003","municipality_code":"41370","municipality":"오산시","district":"오산시","locality":"오산동","address":"오산시 오산동 920-3","owner_type":"시·군유지","owner_label":"오산시","manager":"","property_class":"","land_category":"대","area_sqm":2970.1,"area_band":"1,000~3,000㎡","interest_category":"대","solar_candidate":"검토필요","candidate_reason":"청사·공공건축물·주차장 현황 추가 확인 필요; 면적 2,970㎡","priority_score":53,"source":"경기부동산포털 국공유지조회·연속지적도","source_date":"2026-08-11","installed_solar_match":false}},{"type":"Feature","id":"4137010600103750006","geometry":{"type":"Point","coordinates":[127.0406461,37.1624235]},"properties":{"pnu":"4137010600103750006","municipality_code":"41370","municipality":"오산시","district":"오산시","locality":"가장동","address":"오산시 가장동 375-6","owner_type":"시·군유지","owner_label":"오산시","manager":"","property_class":"","land_category":"대","area_sqm":2730.2,"area_band":"1,000~3,000㎡","interest_category":"대","solar_candidate":"검토필요","candidate_reason":"청사·공공건축물·주차장 현황 추가 확인 필요; 면적 2,730㎡","priority_score":53,"source":"경기부동산포털 국공유지조회·연속지적도","source_date":"2026-08-11","installed_solar_match":true,"installed_solar_count":3,"installed_solar_area_sqm":566.6,"installed_solar_analysis_years":["2024"],"installed_solar_types":["기타"],"installed_solar_permit_status_counts":{"Y":3}}},{"type":"Feature","id":"4137011200106700001","geometry":{"type":"Point","coordinates":[127.031113,37.1948724]},"properties":{"pnu":"4137011200106700001","municipality_code":"41370","municipality":"오산시","district":"오산시","locality":"양산동","address":"오산시 양산동 670-1","owner_type":"시·군유지","owner_label":"오산시","manager":"","property_class":"","land_category":"대","area_sqm":2724.5,"area_band":"1,000~3,000㎡","interest_category":"대","solar_candidate":"검토필요","candidate_reason":"청사·공공건축물·주차장 현황 추가 확인 필요; 면적 2,724㎡","priority_score":53,"source":"경기부동산포털 국공유지조회·연속지적도","source_date":"2026-08-11","installed_solar_match":true,"installed_solar_count":2,"installed_solar_area_sqm":157.3,"installed_solar_analysis_years":["2024"],"installed_solar_types":["공공시설물"],"installed_solar_permit_status_counts":{"N":2}}},{"type":"Feature","id":"4137010400104220001","geometry":{"type":"Point","coordinates":[127.0432135,37.1646649]},"properties":{"pnu":"4137010400104220001","municipality_code":"41370","municipality":"오산시","district":"오산시","locality":"궐동","address":"오산시 궐동 422-1","owner_type":"시·군유지","owner_label":"오산시","manager":"","property_class":"","land_category":"대","area_sqm":2580.0,"area_band":"1,000~3,000㎡","interest_category":"대","solar_candidate":"검토필요","candidate_reason":"청사·공공건축물·주차장 현황 추가 확인 필요; 면적 2,580㎡","priority_score":53,"source":"경기부동산포털 국공유지조회·연속지적도","source_date":"2026-08-11","installed_solar_match":false}},{"type":"Feature","id":"4137011600104920001","geometry":{"type":"Point","coordinates":[127.0312563,37.1499648]},"properties":{"pnu":"4137011600104920001","municipality_code":"41370","municipality":"오산시","district":"오산시","locality":"서동","address":"오산시 서동 492-1","owner_type":"시·군유지","owner_label":"오산시","manager":"","property_class":"","land_category":"대","area_sqm":2573.0,"area_band":"1,000~3,000㎡","interest_category":"대","solar_candidate":"검토필요","candidate_reason":"청사·공공건축물·주차장 현황 추가 확인 필요; 면적 2,573㎡","priority_score":53,"source":"경기부동산포털 국공유지조회·연속지적도","source_date":"2026-08-11","installed_solar_match":false}},{"type":"Feature","id":"4137011300105950002","geometry":{"type":"Point","coordinates":[127.0407171,37.188343]},"properties":{"pnu":"4137011300105950002","municipality_code":"41370","municipality":"오산시","district":"오산시","locality":"세교동","address":"오산시 세교동 595-2","owner_type":"시·군유지","owner_label":"오산시","manager":"","property_class":"","land_category":"대","area_sqm":2514.2,"area_band":"1,000~3,000㎡","interest_category":"대","solar_candidate":"검토필요","candidate_reason":"청사·공공건축물·주차장 현황 추가 확인 필요; 면적 2,514㎡","priority_score":53,"source":"경기부동산포털 국공유지조회·연속지적도","source_date":"2026-08-11","installed_solar_match":false}},{"type":"Feature","id":"4137010800106210002","geometry":{"type":"Point","coordinates":[127.0659707,37.1691386]},"properties":{"pnu":"4137010800106210002","municipality_code":"41370","municipality":"오산시","district":"오산시","locality":"수청동","address":"오산시 수청동 621-2","owner_type":"시·군유지","owner_label":"오산시","manager":"","property_class":"","land_category":"대","area_sqm":2060.9,"area_band":"1,000~3,000㎡","interest_category":"대","solar_candidate":"검토필요","candidate_reason":"청사·공공건축물·주차장 현황 추가 확인 필요; 면적 2,061㎡","priority_score":53,"source":"경기부동산포털 국공유지조회·연속지적도","source_date":"2026-08-11","installed_solar_match":false}},{"type":"Feature","id":"4137011600101290010","geometry":{"type":"Point","coordinates":[127.0443731,37.1452963]},"properties":{"pnu":"4137011600101290010","municipality_code":"41370","municipality":"오산시","district":"오산시","locality":"서동","address":"오산시 서동 129-10","owner_type":"시·군유지","owner_label":"오산시","manager":"","property_class":"","land_category":"대","area_sqm":2044.0,"area_band":"1,000~3,000㎡","interest_category":"대","solar_candidate":"검토필요","candidate_reason":"청사·공공건축물·주차장 현황 추가 확인 필요; 면적 2,044㎡","priority_score":53,"source":"경기부동산포털 국공유지조회·연속지적도","source_date":"2026-08-11","installed_solar_match":false}},{"type":"Feature","id":"4137010100100060018","geometry":{"type":"Point","coordinates":[127.0767685,37.1599428]},"properties":{"pnu":"4137010100100060018","municipality_code":"41370","municipality":"오산시","district":"오산시","locality":"오산동","address":"오산시 오산동 6-18","owner_type":"시·군유지","owner_label":"오산시","manager":"","property_class":"","land_category":"대","area_sqm":1714.0,"area_band":"1,000~3,000㎡","interest_category":"대","solar_candidate":"검토필요","candidate_reason":"청사·공공건축물·주차장 현황 추가 확인 필요; 면적 1,714㎡","priority_score":53,"source":"경기부동산포털 국공유지조회·연속지적도","source_date":"2026-08-11","installed_solar_match":false}},{"type":"Feature","id":"4137010100106090037","geometry":{"type":"Point","coordinates":[127.0646479,37.1482703]},"properties":{"pnu":"4137010100106090037","municipality_code":"41370","municipality":"오산시","district":"오산시","locality":"오산동","address":"오산시 오산동 609-37","owner_type":"시·군유지","owner_label":"오산시","manager":"","property_class":"","land_category":"대","area_sqm":1601.8,"area_band":"1,000~3,000㎡","interest_category":"대","solar_candidate":"검토필요","candidate_reason":"청사·공공건축물·주차장 현황 추가 확인 필요; 면적 1,602㎡","priority_score":53,"source":"경기부동산포털 국공유지조회·연속지적도","source_date":"2026-08-11","installed_solar_match":false}},{"type":"Feature","id":"4137010100103450005","geometry":{"type":"Point","coordinates":[127.0722817,37.1559867]},"properties":{"pnu":"4137010100103450005","municipality_code":"41370","municipality":"오산시","district":"오산시","locality":"오산동","address":"오산시 오산동 345-5","owner_type":"시·군유지","owner_label":"오산시","manager":"","property_class":"","land_category":"대","area_sqm":1581.0,"area_band":"1,000~3,000㎡","interest_category":"대","solar_candidate":"검토필요","candidate_reason":"청사·공공건축물·주차장 현황 추가 확인 필요; 면적 1,581㎡","priority_score":53,"source":"경기부동산포털 국공유지조회·연속지적도","source_date":"2026-08-11","installed_solar_match":false}},{"type":"Feature","id":"4137011600104920000","geometry":{"type":"Point","coordinates":[127.0313937,37.1497528]},"properties":{"pnu":"4137011600104920000","municipality_code":"41370","municipality":"오산시","district":"오산시","locality":"서동","address":"오산시 서동 492","owner_type":"시·군유지","owner_label":"오산시","manager":"","property_class":"","land_category":"대","area_sqm":1547.0,"area_band":"1,000~3,000㎡","interest_category":"대","solar_candidate":"검토필요","candidate_reason":"청사·공공건축물·주차장 현황 추가 확인 필요; 면적 1,547㎡","priority_score":53,"source":"경기부동산포털 국공유지조회·연속지적도","source_date":"2026-08-11","installed_solar_match":false}},{"type":"Feature","id":"4137010300104040011","geometry":{"type":"Point","coordinates":[127.0723216,37.1383562]},"properties":{"pnu":"4137010300104040011","municipality_code":"41370","municipality":"오산시","district":"오산시","locality":"원동","address":"오산시 원동 404-11","owner_type":"시·군유지","owner_label":"오산시","manager":"","property_class":"","land_category":"대","area_sqm":1512.8,"area_band":"1,000~3,000㎡","interest_category":"대","solar_candidate":"검토필요","candidate_reason":"청사·공공건축물·주차장 현황 추가 확인 필요; 면적 1,513㎡","priority_score":53,"source":"경기부동산포털 국공유지조회·연속지적도","source_date":"2026-08-11","installed_solar_match":true,"installed_solar_count":2,"installed_solar_area_sqm":309.4,"installed_solar_analysis_years":["2024"],"installed_solar_types":["공공시설물"],"installed_solar_permit_status_counts":{"N":2}}},{"type":"Feature","id":"4137010300104040008","geometry":{"type":"Point","coordinates":[127.0717508,37.1385169]},"properties":{"pnu":"4137010300104040008","municipality_code":"41370","municipality":"오산시","district":"오산시","locality":"원동","address":"오산시 원동 404-8","owner_type":"시·군유지","owner_label":"오산시","manager":"","property_class":"","land_category":"대","area_sqm":1508.9,"area_band":"1,000~3,000㎡","interest_category":"대","solar_candidate":"검토필요","candidate_reason":"청사·공공건축물·주차장 현황 추가 확인 필요; 면적 1,509㎡","priority_score":53,"source":"경기부동산포털 국공유지조회·연속지적도","source_date":"2026-08-11","installed_solar_match":false}},{"type":"Feature","id":"4137010300104040010","geometry":{"type":"Point","coordinates":[127.0723249,37.1386468]},"properties":{"pnu":"4137010300104040010","municipality_code":"41370","municipality":"오산시","district":"오산시","locality":"원동","address":"오산시 원동 404-10","owner_type":"시·군유지","owner_label":"오산시","manager":"","property_class":"","land_category":"대","area_sqm":1492.3,"area_band":"1,000~3,000㎡","interest_category":"대","solar_candidate":"검토필요","candidate_reason":"청사·공공건축물·주차장 현황 추가 확인 필요; 면적 1,492㎡","priority_score":53,"source":"경기부동산포털 국공유지조회·연속지적도","source_date":"2026-08-11","installed_solar_match":false}},{"type":"Feature","id":"4137010300108130011","geometry":{"type":"Point","coordinates":[127.0759608,37.1469979]},"properties":{"pnu":"4137010300108130011","municipality_code":"41370","municipality":"오산시","district":"오산시","locality":"원동","address":"오산시 원동 813-11","owner_type":"시·군유지","owner_label":"오산시","manager":"","property_class":"","land_category":"대","area_sqm":1400.1,"area_band":"1,000~3,000㎡","interest_category":"대","solar_candidate":"검토필요","candidate_reason":"청사·공공건축물·주차장 현황 추가 확인 필요; 면적 1,400㎡","priority_score":53,"source":"경기부동산포털 국공유지조회·연속지적도","source_date":"2026-08-11","installed_solar_match":false}},{"type":"Feature","id":"4137011000102590003","geometry":{"type":"Point","coordinates":[127.0635091,37.1765319]},"properties":{"pnu":"4137011000102590003","municipality_code":"41370","municipality":"오산시","district":"오산시","locality":"내삼미동","address":"오산시 내삼미동 259-3","owner_type":"시·군유지","owner_label":"오산시","manager":"","property_class":"","land_category":"대","area_sqm":1264.0,"area_band":"1,000~3,000㎡","interest_category":"대","solar_candidate":"검토필요","candidate_reason":"청사·공공건축물·주차장 현황 추가 확인 필요; 면적 1,264㎡","priority_score":53,"source":"경기부동산포털 국공유지조회·연속지적도","source_date":"2026-08-11","installed_solar_match":false}},{"type":"Feature","id":"4137011200106700002","geometry":{"type":"Point","coordinates":[127.0318069,37.1945162]},"properties":{"pnu":"4137011200106700002","municipality_code":"41370","municipality":"오산시","district":"오산시","locality":"양산동","address":"오산시 양산동 670-2","owner_type":"시·군유지","owner_label":"오산시","manager":"","property_class":"","land_category":"대","area_sqm":1229.8,"area_band":"1,000~3,000㎡","interest_category":"대","solar_candidate":"검토필요","candidate_reason":"청사·공공건축물·주차장 현황 추가 확인 필요; 면적 1,230㎡","priority_score":53,"source":"경기부동산포털 국공유지조회·연속지적도","source_date":"2026-08-11","installed_solar_match":true,"installed_solar_count":1,"installed_solar_area_sqm":29.7,"installed_solar_analysis_years":["2024"],"installed_solar_types":["공공시설물"],"installed_solar_permit_status_counts":{"N":1}}},{"type":"Feature","id":"4137010100100300007","geometry":{"type":"Point","coordinates":[127.0774547,37.1588686]},"properties":{"pnu":"4137010100100300007","municipality_code":"41370","municipality":"오산시","district":"오산시","locality":"오산동","address":"오산시 오산동 30-7","owner_type":"시·군유지","owner_label":"오산시","manager":"","property_class":"","land_category":"대","area_sqm":1217.0,"area_band":"1,000~3,000㎡","interest_category":"대","solar_candidate":"검토필요","candidate_reason":"청사·공공건축물·주차장 현황 추가 확인 필요; 면적 1,217㎡","priority_score":53,"source":"경기부동산포털 국공유지조회·연속지적도","source_date":"2026-08-11","installed_solar_match":false}},{"type":"Feature","id":"4137010100100060009","geometry":{"type":"Point","coordinates":[127.0763083,37.159948]},"properties":{"pnu":"4137010100100060009","municipality_code":"41370","municipality":"오산시","district":"오산시","locality":"오산동","address":"오산시 오산동 6-9","owner_type":"시·군유지","owner_label":"오산시","manager":"","property_class":"","land_category":"대","area_sqm":1135.0,"area_band":"1,000~3,000㎡","interest_category":"대","solar_candidate":"검토필요","candidate_reason":"청사·공공건축물·주차장 현황 추가 확인 필요; 면적 1,135㎡","priority_score":53,"source":"경기부동산포털 국공유지조회·연속지적도","source_date":"2026-08-11","installed_solar_match":false}},{"type":"Feature","id":"4137012400100070001","geometry":{"type":"Point","coordinates":[127.0598336,37.1333864]},"properties":{"pnu":"4137012400100070001","municipality_code":"41370","municipality":"오산시","district":"오산시","locality":"갈곶동","address":"오산시 갈곶동 7-1","owner_type":"시·군유지","owner_label":"오산시","manager":"","property_class":"","land_category":"대","area_sqm":1129.0,"area_band":"1,000~3,000㎡","interest_category":"대","solar_candidate":"검토필요","candidate_reason":"청사·공공건축물·주차장 현황 추가 확인 필요; 면적 1,129㎡","priority_score":53,"source":"경기부동산포털 국공유지조회·연속지적도","source_date":"2026-08-11","installed_solar_match":false}},{"type":"Feature","id":"4137011200106700003","geometry":{"type":"Point","coordinates":[127.0322134,37.1942992]},"properties":{"pnu":"4137011200106700003","municipality_code":"41370","municipality":"오산시","district":"오산시","locality":"양산동","address":"오산시 양산동 670-3","owner_type":"시·군유지","owner_label":"오산시","manager":"","property_class":"","land_category":"대","area_sqm":1113.4,"area_band":"1,000~3,000㎡","interest_category":"대","solar_candidate":"검토필요","candidate_reason":"청사·공공건축물·주차장 현황 추가 확인 필요; 면적 1,113㎡","priority_score":53,"source":"경기부동산포털 국공유지조회·연속지적도","source_date":"2026-08-11","installed_solar_match":false}},{"type":"Feature","id":"4137010300105520088","geometry":{"type":"Point","coordinates":[127.0754887,37.1394089]},"properties":{"pnu":"4137010300105520088","municipality_code":"41370","municipality":"오산시","district":"오산시","locality":"원동","address":"오산시 원동 552-88","owner_type":"시·군유지","owner_label":"오산시","manager":"","property_class":"","land_category":"대","area_sqm":1063.0,"area_band":"1,000~3,000㎡","interest_category":"대","solar_candidate":"검토필요","candidate_reason":"청사·공공건축물·주차장 현황 추가 확인 필요; 면적 1,063㎡","priority_score":53,"source":"경기부동산포털 국공유지조회·연속지적도","source_date":"2026-08-11","installed_solar_match":false}},{"type":"Feature","id":"4137010300104040009","geometry":{"type":"Point","coordinates":[127.071772,37.138105]},"properties":{"pnu":"4137010300104040009","municipality_code":"41370","municipality":"오산시","district":"오산시","locality":"원동","address":"오산시 원동 404-9","owner_type":"시·군유지","owner_label":"오산시","manager":"","property_class":"","land_category":"대","area_sqm":1001.3,"area_band":"1,000~3,000㎡","interest_category":"대","solar_candidate":"검토필요","candidate_reason":"청사·공공건축물·주차장 현황 추가 확인 필요; 면적 1,001㎡","priority_score":53,"source":"경기부동산포털 국공유지조회·연속지적도","source_date":"2026-08-11","installed_solar_match":false}},{"type":"Feature","id":"4137010500101880005","geometry":{"type":"Point","coordinates":[127.0597972,37.151009]},"properties":{"pnu":"4137010500101880005","municipality_code":"41370","municipality":"오산시","district":"오산시","locality":"청학동","address":"오산시 청학동 188-5","owner_type":"시·군유지","owner_label":"오산시","manager":"","property_class":"","land_category":"공장용지","area_sqm":1921.0,"area_band":"1,000~3,000㎡","interest_category":"공장용지","solar_candidate":"검토필요","candidate_reason":"지목·면적 기준 1차 검토 대상; 면적 1,921㎡","priority_score":50,"source":"경기부동산포털 국공유지조회·연속지적도","source_date":"2026-08-11","installed_solar_match":false}},{"type":"Feature","id":"4137010300105280007","geometry":{"type":"Point","coordinates":[127.0762309,37.1338492]},"properties":{"pnu":"4137010300105280007","municipality_code":"41370","municipality":"오산시","district":"오산시","locality":"원동","address":"오산시 원동 528-7","owner_type":"시·군유지","owner_label":"오산시","manager":"","property_class":"","land_category":"공장용지","area_sqm":1137.0,"area_band":"1,000~3,000㎡","interest_category":"공장용지","solar_candidate":"검토필요","candidate_reason":"지목·면적 기준 1차 검토 대상; 면적 1,137㎡","priority_score":50,"source":"경기부동산포털 국공유지조회·연속지적도","source_date":"2026-08-11","installed_solar_match":false}},{"type":"Feature","id":"4137010100107360006","geometry":{"type":"Point","coordinates":[127.0686066,37.1396171]},"properties":{"pnu":"4137010100107360006","municipality_code":"41370","municipality":"오산시","district":"오산시","locality":"오산동","address":"오산시 오산동 736-6","owner_type":"시·군유지","owner_label":"오산시","manager":"","property_class":"","land_category":"공장용지","area_sqm":1023.7,"area_band":"1,000~3,000㎡","interest_category":"공장용지","solar_candidate":"검토필요","candidate_reason":"지목·면적 기준 1차 검토 대상; 면적 1,024㎡","priority_score":50,"source":"경기부동산포털 국공유지조회·연속지적도","source_date":"2026-08-11","installed_solar_match":false}},{"type":"Feature","id":"4137010100109770000","geometry":{"type":"Point","coordinates":[127.0638105,37.1356905]},"properties":{"pnu":"4137010100109770000","municipality_code":"41370","municipality":"오산시","district":"오산시","locality":"오산동","address":"오산시 오산동 977","owner_type":"시·군유지","owner_label":"오산시","manager":"","property_class":"","land_category":"잡종지","area_sqm":494.2,"area_band":"100~500㎡","interest_category":"잡종지","solar_candidate":"검토필요","candidate_reason":"실제 이용·점유 여부 확인 후 검토할 잡종지; 면적 494㎡","priority_score":50,"source":"경기부동산포털 국공유지조회·연속지적도","source_date":"2026-08-11","installed_solar_match":false}},{"type":"Feature","id":"4137010100109110035","geometry":{"type":"Point","coordinates":[127.0764418,37.156332]},"properties":{"pnu":"4137010100109110035","municipality_code":"41370","municipality":"오산시","district":"오산시","locality":"오산동","address":"오산시 오산동 911-35","owner_type":"시·군유지","owner_label":"오산시","manager":"","property_class":"","land_category":"잡종지","area_sqm":466.2,"area_band":"100~500㎡","interest_category":"잡종지","solar_candidate":"검토필요","candidate_reason":"실제 이용·점유 여부 확인 후 검토할 잡종지; 면적 466㎡","priority_score":50,"source":"경기부동산포털 국공유지조회·연속지적도","source_date":"2026-08-11","installed_solar_match":false}},{"type":"Feature","id":"4137010100109800000","geometry":{"type":"Point","coordinates":[127.0640628,37.1357342]},"properties":{"pnu":"4137010100109800000","municipality_code":"41370","municipality":"오산시","district":"오산시","locality":"오산동","address":"오산시 오산동 980","owner_type":"시·군유지","owner_label":"오산시","manager":"","property_class":"","land_category":"잡종지","area_sqm":460.9,"area_band":"100~500㎡","interest_category":"잡종지","solar_candidate":"검토필요","candidate_reason":"실제 이용·점유 여부 확인 후 검토할 잡종지; 면적 461㎡","priority_score":50,"source":"경기부동산포털 국공유지조회·연속지적도","source_date":"2026-08-11","installed_solar_match":false}},{"type":"Feature","id":"4137010100109880000","geometry":{"type":"Point","coordinates":[127.0651213,37.1359654]},"properties":{"pnu":"4137010100109880000","municipality_code":"41370","municipality":"오산시","district":"오산시","locality":"오산동","address":"오산시 오산동 988","owner_type":"시·군유지","owner_label":"오산시","manager":"","property_class":"","land_category":"잡종지","area_sqm":435.9,"area_band":"100~500㎡","interest_category":"잡종지","solar_candidate":"검토필요","candidate_reason":"실제 이용·점유 여부 확인 후 검토할 잡종지; 면적 436㎡","priority_score":50,"source":"경기부동산포털 국공유지조회·연속지적도","source_date":"2026-08-11","installed_solar_match":false}},{"type":"Feature","id":"4137011400105340119","geometry":{"type":"Point","coordinates":[127.0269489,37.1729605]},"properties":{"pnu":"4137011400105340119","municipality_code":"41370","municipality":"오산시","district":"오산시","locality":"지곶동","address":"오산시 지곶동 534-119","owner_type":"시·군유지","owner_label":"오산시","manager":"","property_class":"","land_category":"잡종지","area_sqm":334.0,"area_band":"100~500㎡","interest_category":"잡종지","solar_candidate":"검토필요","candidate_reason":"실제 이용·점유 여부 확인 후 검토할 잡종지; 면적 334㎡","priority_score":50,"source":"경기부동산포털 국공유지조회·연속지적도","source_date":"2026-08-11","installed_solar_match":false}},{"type":"Feature","id":"4137010100109640001","geometry":{"type":"Point","coordinates":[127.0619769,37.1357956]},"properties":{"pnu":"4137010100109640001","municipality_code":"41370","municipality":"오산시","district":"오산시","locality":"오산동","address":"오산시 오산동 964-1","owner_type":"시·군유지","owner_label":"오산시","manager":"","property_class":"","land_category":"잡종지","area_sqm":314.5,"area_band":"100~500㎡","interest_category":"잡종지","solar_candidate":"검토필요","candidate_reason":"실제 이용·점유 여부 확인 후 검토할 잡종지; 면적 314㎡","priority_score":50,"source":"경기부동산포털 국공유지조회·연속지적도","source_date":"2026-08-11","installed_solar_match":false}},{"type":"Feature","id":"4137010100106630006","geometry":{"type":"Point","coordinates":[127.0655183,37.1420644]},"properties":{"pnu":"4137010100106630006","municipality_code":"41370","municipality":"오산시","district":"오산시","locality":"오산동","address":"오산시 오산동 663-6","owner_type":"시·군유지","owner_label":"오산시","manager":"","property_class":"","land_category":"잡종지","area_sqm":297.4,"area_band":"100~500㎡","interest_category":"잡종지","solar_candidate":"검토필요","candidate_reason":"실제 이용·점유 여부 확인 후 검토할 잡종지; 면적 297㎡","priority_score":50,"source":"경기부동산포털 국공유지조회·연속지적도","source_date":"2026-08-11","installed_solar_match":false}},{"type":"Feature","id":"4137012400100070002","geometry":{"type":"Point","coordinates":[127.0602601,37.13347]},"properties":{"pnu":"4137012400100070002","municipality_code":"41370","municipality":"오산시","district":"오산시","locality":"갈곶동","address":"오산시 갈곶동 7-2","owner_type":"시·군유지","owner_label":"오산시","manager":"","property_class":"","land_category":"잡종지","area_sqm":297.0,"area_band":"100~500㎡","interest_category":"잡종지","solar_candidate":"검토필요","candidate_reason":"실제 이용·점유 여부 확인 후 검토할 잡종지; 면적 297㎡","priority_score":50,"source":"경기부동산포털 국공유지조회·연속지적도","source_date":"2026-08-11","installed_solar_match":false}},{"type":"Feature","id":"4137010300103370003","geometry":{"type":"Point","coordinates":[127.0717119,37.1423954]},"properties":{"pnu":"4137010300103370003","municipality_code":"41370","municipality":"오산시","district":"오산시","locality":"원동","address":"오산시 원동 337-3","owner_type":"시·군유지","owner_label":"오산시","manager":"","property_class":"","land_category":"잡종지","area_sqm":296.8,"area_band":"100~500㎡","interest_category":"잡종지","solar_candidate":"검토필요","candidate_reason":"실제 이용·점유 여부 확인 후 검토할 잡종지; 면적 297㎡","priority_score":50,"source":"경기부동산포털 국공유지조회·연속지적도","source_date":"2026-08-11","installed_solar_match":false}},{"type":"Feature","id":"4137010400105750036","geometry":{"type":"Point","coordinates":[127.0661052,37.1589]},"properties":{"pnu":"4137010400105750036","municipality_code":"41370","municipality":"오산시","district":"오산시","locality":"궐동","address":"오산시 궐동 575-36","owner_type":"시·군유지","owner_label":"오산시","manager":"","property_class":"","land_category":"잡종지","area_sqm":288.0,"area_band":"100~500㎡","interest_category":"잡종지","solar_candidate":"검토필요","candidate_reason":"실제 이용·점유 여부 확인 후 검토할 잡종지; 면적 288㎡","priority_score":50,"source":"경기부동산포털 국공유지조회·연속지적도","source_date":"2026-08-11","installed_solar_match":false}},{"type":"Feature","id":"4137010100109190005","geometry":{"type":"Point","coordinates":[127.0784251,37.1566379]},"properties":{"pnu":"4137010100109190005","municipality_code":"41370","municipality":"오산시","district":"오산시","locality":"오산동","address":"오산시 오산동 919-5","owner_type":"시·군유지","owner_label":"오산시","manager":"","property_class":"","land_category":"잡종지","area_sqm":283.0,"area_band":"100~500㎡","interest_category":"잡종지","solar_candidate":"검토필요","candidate_reason":"실제 이용·점유 여부 확인 후 검토할 잡종지; 면적 283㎡","priority_score":50,"source":"경기부동산포털 국공유지조회·연속지적도","source_date":"2026-08-11","installed_solar_match":false}},{"type":"Feature","id":"4137010100109190023","geometry":{"type":"Point","coordinates":[127.0774141,37.1561415]},"properties":{"pnu":"4137010100109190023","municipality_code":"41370","municipality":"오산시","district":"오산시","locality":"오산동","address":"오산시 오산동 919-23","owner_type":"시·군유지","owner_label":"오산시","manager":"","property_class":"","land_category":"잡종지","area_sqm":273.1,"area_band":"100~500㎡","interest_category":"잡종지","solar_candidate":"검토필요","candidate_reason":"실제 이용·점유 여부 확인 후 검토할 잡종지; 면적 273㎡","priority_score":50,"source":"경기부동산포털 국공유지조회·연속지적도","source_date":"2026-08-11","installed_solar_match":false}},{"type":"Feature","id":"4137010600100280008","geometry":{"type":"Point","coordinates":[127.0419544,37.1614385]},"properties":{"pnu":"4137010600100280008","municipality_code":"41370","municipality":"오산시","district":"오산시","locality":"가장동","address":"오산시 가장동 28-8","owner_type":"시·군유지","owner_label":"오산시","manager":"","property_class":"","land_category":"잡종지","area_sqm":268.0,"area_band":"100~500㎡","interest_category":"잡종지","solar_candidate":"검토필요","candidate_reason":"실제 이용·점유 여부 확인 후 검토할 잡종지; 면적 268㎡","priority_score":50,"source":"경기부동산포털 국공유지조회·연속지적도","source_date":"2026-08-11","installed_solar_match":false}},{"type":"Feature","id":"4137010100109030003","geometry":{"type":"Point","coordinates":[127.0679509,37.1467407]},"properties":{"pnu":"4137010100109030003","municipality_code":"41370","municipality":"오산시","district":"오산시","locality":"오산동","address":"오산시 오산동 903-3","owner_type":"시·군유지","owner_label":"오산시","manager":"","property_class":"","land_category":"잡종지","area_sqm":267.2,"area_band":"100~500㎡","interest_category":"잡종지","solar_candidate":"검토필요","candidate_reason":"실제 이용·점유 여부 확인 후 검토할 잡종지; 면적 267㎡","priority_score":50,"source":"경기부동산포털 국공유지조회·연속지적도","source_date":"2026-08-11","installed_solar_match":false}},{"type":"Feature","id":"4137010100106640006","geometry":{"type":"Point","coordinates":[127.0651979,37.1420807]},"properties":{"pnu":"4137010100106640006","municipality_code":"41370","municipality":"오산시","district":"오산시","locality":"오산동","address":"오산시 오산동 664-6","owner_type":"시·군유지","owner_label":"오산시","manager":"","property_class":"","land_category":"잡종지","area_sqm":259.0,"area_band":"100~500㎡","interest_category":"잡종지","solar_candidate":"검토필요","candidate_reason":"실제 이용·점유 여부 확인 후 검토할 잡종지; 면적 259㎡","priority_score":50,"source":"경기부동산포털 국공유지조회·연속지적도","source_date":"2026-08-11","installed_solar_match":false}},{"type":"Feature","id":"4137011300105560005","geometry":{"type":"Point","coordinates":[127.0325095,37.1823116]},"properties":{"pnu":"4137011300105560005","municipality_code":"41370","municipality":"오산시","district":"오산시","locality":"세교동","address":"오산시 세교동 556-5","owner_type":"시·군유지","owner_label":"오산시","manager":"","property_class":"","land_category":"잡종지","area_sqm":232.7,"area_band":"100~500㎡","interest_category":"잡종지","solar_candidate":"검토필요","candidate_reason":"실제 이용·점유 여부 확인 후 검토할 잡종지; 면적 233㎡","priority_score":50,"source":"경기부동산포털 국공유지조회·연속지적도","source_date":"2026-08-11","installed_solar_match":false}},{"type":"Feature","id":"4137010100109170004","geometry":{"type":"Point","coordinates":[127.0786001,37.1572077]},"properties":{"pnu":"4137010100109170004","municipality_code":"41370","municipality":"오산시","district":"오산시","locality":"오산동","address":"오산시 오산동 917-4","owner_type":"시·군유지","owner_label":"오산시","manager":"","property_class":"","land_category":"잡종지","area_sqm":225.0,"area_band":"100~500㎡","interest_category":"잡종지","solar_candidate":"검토필요","candidate_reason":"실제 이용·점유 여부 확인 후 검토할 잡종지; 면적 225㎡","priority_score":50,"source":"경기부동산포털 국공유지조회·연속지적도","source_date":"2026-08-11","installed_solar_match":false}},{"type":"Feature","id":"4137010400105880005","geometry":{"type":"Point","coordinates":[127.0648694,37.158767]},"properties":{"pnu":"4137010400105880005","municipality_code":"41370","municipality":"오산시","district":"오산시","locality":"궐동","address":"오산시 궐동 588-5","owner_type":"시·군유지","owner_label":"오산시","manager":"","property_class":"","land_category":"잡종지","area_sqm":199.1,"area_band":"100~500㎡","interest_category":"잡종지","solar_candidate":"검토필요","candidate_reason":"실제 이용·점유 여부 확인 후 검토할 잡종지; 면적 199㎡","priority_score":50,"source":"경기부동산포털 국공유지조회·연속지적도","source_date":"2026-08-11","installed_solar_match":false}},{"type":"Feature","id":"4137010100106620006","geometry":{"type":"Point","coordinates":[127.0657992,37.1420482]},"properties":{"pnu":"4137010100106620006","municipality_code":"41370","municipality":"오산시","district":"오산시","locality":"오산동","address":"오산시 오산동 662-6","owner_type":"시·군유지","owner_label":"오산시","manager":"","property_class":"","land_category":"잡종지","area_sqm":193.4,"area_band":"100~500㎡","interest_category":"잡종지","solar_candidate":"검토필요","candidate_reason":"실제 이용·점유 여부 확인 후 검토할 잡종지; 면적 193㎡","priority_score":50,"source":"경기부동산포털 국공유지조회·연속지적도","source_date":"2026-08-11","installed_solar_match":false}},{"type":"Feature","id":"4137010400106070000","geometry":{"type":"Point","coordinates":[127.0646442,37.1619549]},"properties":{"pnu":"4137010400106070000","municipality_code":"41370","municipality":"오산시","district":"오산시","locality":"궐동","address":"오산시 궐동 607","owner_type":"시·군유지","owner_label":"오산시","manager":"","property_class":"","land_category":"잡종지","area_sqm":185.7,"area_band":"100~500㎡","interest_category":"잡종지","solar_candidate":"검토필요","candidate_reason":"실제 이용·점유 여부 확인 후 검토할 잡종지; 면적 186㎡","priority_score":50,"source":"경기부동산포털 국공유지조회·연속지적도","source_date":"2026-08-11","installed_solar_match":false}},{"type":"Feature","id":"4137011800101470002","geometry":{"type":"Point","coordinates":[127.0411939,37.1299519]},"properties":{"pnu":"4137011800101470002","municipality_code":"41370","municipality":"오산시","district":"오산시","locality":"두곡동","address":"오산시 두곡동 147-2","owner_type":"시·군유지","owner_label":"오산시","manager":"","property_class":"","land_category":"잡종지","area_sqm":167.0,"area_band":"100~500㎡","interest_category":"잡종지","solar_candidate":"검토필요","candidate_reason":"실제 이용·점유 여부 확인 후 검토할 잡종지; 면적 167㎡","priority_score":50,"source":"경기부동산포털 국공유지조회·연속지적도","source_date":"2026-08-11","installed_solar_match":false}},{"type":"Feature","id":"4137010100107760002","geometry":{"type":"Point","coordinates":[127.0649455,37.1360035]},"properties":{"pnu":"4137010100107760002","municipality_code":"41370","municipality":"오산시","district":"오산시","locality":"오산동","address":"오산시 오산동 776-2","owner_type":"시·군유지","owner_label":"오산시","manager":"","property_class":"","land_category":"잡종지","area_sqm":163.9,"area_band":"100~500㎡","interest_category":"잡종지","solar_candidate":"검토필요","candidate_reason":"실제 이용·점유 여부 확인 후 검토할 잡종지; 면적 164㎡","priority_score":50,"source":"경기부동산포털 국공유지조회·연속지적도","source_date":"2026-08-11","installed_solar_match":false}},{"type":"Feature","id":"4137010100107500002","geometry":{"type":"Point","coordinates":[127.0635045,37.1418253]},"properties":{"pnu":"4137010100107500002","municipality_code":"41370","municipality":"오산시","district":"오산시","locality":"오산동","address":"오산시 오산동 750-2","owner_type":"시·군유지","owner_label":"오산시","manager":"","property_class":"","land_category":"잡종지","area_sqm":156.0,"area_band":"100~500㎡","interest_category":"잡종지","solar_candidate":"검토필요","candidate_reason":"실제 이용·점유 여부 확인 후 검토할 잡종지; 면적 156㎡","priority_score":50,"source":"경기부동산포털 국공유지조회·연속지적도","source_date":"2026-08-11","installed_solar_match":false}},{"type":"Feature","id":"4137012100102930004","geometry":{"type":"Point","coordinates":[127.0602946,37.1506485]},"properties":{"pnu":"4137012100102930004","municipality_code":"41370","municipality":"오산시","district":"오산시","locality":"가수동","address":"오산시 가수동 293-4","owner_type":"시·군유지","owner_label":"오산시","manager":"","property_class":"","land_category":"잡종지","area_sqm":152.0,"area_band":"100~500㎡","interest_category":"잡종지","solar_candidate":"검토필요","candidate_reason":"실제 이용·점유 여부 확인 후 검토할 잡종지; 면적 152㎡","priority_score":50,"source":"경기부동산포털 국공유지조회·연속지적도","source_date":"2026-08-11","installed_solar_match":false}},{"type":"Feature","id":"4137011100101260015","geometry":{"type":"Point","coordinates":[127.0642923,37.1990101]},"properties":{"pnu":"4137011100101260015","municipality_code":"41370","municipality":"오산시","district":"오산시","locality":"외삼미동","address":"오산시 외삼미동 126-15","owner_type":"시·군유지","owner_label":"오산시","manager":"","property_class":"","land_category":"잡종지","area_sqm":146.0,"area_band":"100~500㎡","interest_category":"잡종지","solar_candidate":"검토필요","candidate_reason":"실제 이용·점유 여부 확인 후 검토할 잡종지; 면적 146㎡","priority_score":50,"source":"경기부동산포털 국공유지조회·연속지적도","source_date":"2026-08-11","installed_solar_match":false}},{"type":"Feature","id":"4137010100108170001","geometry":{"type":"Point","coordinates":[127.0652547,37.1360709]},"properties":{"pnu":"4137010100108170001","municipality_code":"41370","municipality":"오산시","district":"오산시","locality":"오산동","address":"오산시 오산동 817-1","owner_type":"시·군유지","owner_label":"오산시","manager":"","property_class":"","land_category":"잡종지","area_sqm":145.8,"area_band":"100~500㎡","interest_category":"잡종지","solar_candidate":"검토필요","candidate_reason":"실제 이용·점유 여부 확인 후 검토할 잡종지; 면적 146㎡","priority_score":50,"source":"경기부동산포털 국공유지조회·연속지적도","source_date":"2026-08-11","installed_solar_match":false}},{"type":"Feature","id":"4137012400103170032","geometry":{"type":"Point","coordinates":[127.075113,37.1315683]},"properties":{"pnu":"4137012400103170032","municipality_code":"41370","municipality":"오산시","district":"오산시","locality":"갈곶동","address":"오산시 갈곶동 317-32","owner_type":"시·군유지","owner_label":"오산시","manager":"","property_class":"","land_category":"잡종지","area_sqm":145.0,"area_band":"100~500㎡","interest_category":"잡종지","solar_candidate":"검토필요","candidate_reason":"실제 이용·점유 여부 확인 후 검토할 잡종지; 면적 145㎡","priority_score":50,"source":"경기부동산포털 국공유지조회·연속지적도","source_date":"2026-08-11","installed_solar_match":false}},{"type":"Feature","id":"4137010900100670016","geometry":{"type":"Point","coordinates":[127.0696462,37.1594999]},"properties":{"pnu":"4137010900100670016","municipality_code":"41370","municipality":"오산시","district":"오산시","locality":"은계동","address":"오산시 은계동 67-16","owner_type":"시·군유지","owner_label":"오산시","manager":"","property_class":"","land_category":"잡종지","area_sqm":132.0,"area_band":"100~500㎡","interest_category":"잡종지","solar_candidate":"검토필요","candidate_reason":"실제 이용·점유 여부 확인 후 검토할 잡종지; 면적 132㎡","priority_score":50,"source":"경기부동산포털 국공유지조회·연속지적도","source_date":"2026-08-11","installed_solar_match":false}},{"type":"Feature","id":"4137011100102030020","geometry":{"type":"Point","coordinates":[127.0592819,37.1928637]},"properties":{"pnu":"4137011100102030020","municipality_code":"41370","municipality":"오산시","district":"오산시","locality":"외삼미동","address":"오산시 외삼미동 203-20","owner_type":"시·군유지","owner_label":"오산시","manager":"","property_class":"","land_category":"잡종지","area_sqm":118.0,"area_band":"100~500㎡","interest_category":"잡종지","solar_candidate":"검토필요","candidate_reason":"실제 이용·점유 여부 확인 후 검토할 잡종지; 면적 118㎡","priority_score":50,"source":"경기부동산포털 국공유지조회·연속지적도","source_date":"2026-08-11","installed_solar_match":false}},{"type":"Feature","id":"4137012400103360014","geometry":{"type":"Point","coordinates":[127.0779215,37.1316576]},"properties":{"pnu":"4137012400103360014","municipality_code":"41370","municipality":"오산시","district":"오산시","locality":"갈곶동","address":"오산시 갈곶동 336-14","owner_type":"시·군유지","owner_label":"오산시","manager":"","property_class":"","land_category":"잡종지","area_sqm":108.0,"area_band":"100~500㎡","interest_category":"잡종지","solar_candidate":"검토필요","candidate_reason":"실제 이용·점유 여부 확인 후 검토할 잡종지; 면적 108㎡","priority_score":50,"source":"경기부동산포털 국공유지조회·연속지적도","source_date":"2026-08-11","installed_solar_match":false}},{"type":"Feature","id":"4137011400100900001","geometry":{"type":"Point","coordinates":[127.0288264,37.1798697]},"properties":{"pnu":"4137011400100900001","municipality_code":"41370","municipality":"오산시","district":"오산시","locality":"지곶동","address":"오산시 지곶동 90-1","owner_type":"시·군유지","owner_label":"오산시","manager":"","property_class":"","land_category":"잡종지","area_sqm":101.0,"area_band":"100~500㎡","interest_category":"잡종지","solar_candidate":"검토필요","candidate_reason":"실제 이용·점유 여부 확인 후 검토할 잡종지; 면적 101㎡","priority_score":50,"source":"경기부동산포털 국공유지조회·연속지적도","source_date":"2026-08-11","installed_solar_match":false}},{"type":"Feature","id":"4137010100100420004","geometry":{"type":"Point","coordinates":[127.0759378,37.1581078]},"properties":{"pnu":"4137010100100420004","municipality_code":"41370","municipality":"오산시","district":"오산시","locality":"오산동","address":"오산시 오산동 42-4","owner_type":"시·군유지","owner_label":"오산시","manager":"","property_class":"","land_category":"체육용지","area_sqm":2390.0,"area_band":"1,000~3,000㎡","interest_category":"체육용지","solar_candidate":"검토필요","candidate_reason":"체육시설·주차장 상부 활용 가능성 추가 검토; 면적 2,390㎡","priority_score":48,"source":"경기부동산포털 국공유지조회·연속지적도","source_date":"2026-08-11","installed_solar_match":false}},{"type":"Feature","id":"4137010100108140016","geometry":{"type":"Point","coordinates":[127.0763184,37.158703]},"properties":{"pnu":"4137010100108140016","municipality_code":"41370","municipality":"오산시","district":"오산시","locality":"오산동","address":"오산시 오산동 814-16","owner_type":"시·군유지","owner_label":"오산시","manager":"","property_class":"","land_category":"체육용지","area_sqm":2242.0,"area_band":"1,000~3,000㎡","interest_category":"체육용지","solar_candidate":"검토필요","candidate_reason":"체육시설·주차장 상부 활용 가능성 추가 검토; 면적 2,242㎡","priority_score":48,"source":"경기부동산포털 국공유지조회·연속지적도","source_date":"2026-08-11","installed_solar_match":false}},{"type":"Feature","id":"4137010100108220000","geometry":{"type":"Point","coordinates":[127.0752592,37.1590822]},"properties":{"pnu":"4137010100108220000","municipality_code":"41370","municipality":"오산시","district":"오산시","locality":"오산동","address":"오산시 오산동 822","owner_type":"시·군유지","owner_label":"오산시","manager":"","property_class":"","land_category":"체육용지","area_sqm":1603.0,"area_band":"1,000~3,000㎡","interest_category":"체육용지","solar_candidate":"검토필요","candidate_reason":"체육시설·주차장 상부 활용 가능성 추가 검토; 면적 1,603㎡","priority_score":48,"source":"경기부동산포털 국공유지조회·연속지적도","source_date":"2026-08-11","installed_solar_match":false}},{"type":"Feature","id":"4137010100100490001","geometry":{"type":"Point","coordinates":[127.0729521,37.1562271]},"properties":{"pnu":"4137010100100490001","municipality_code":"41370","municipality":"오산시","district":"오산시","locality":"오산동","address":"오산시 오산동 49-1","owner_type":"시·군유지","owner_label":"오산시","manager":"","property_class":"","land_category":"체육용지","area_sqm":1252.0,"area_band":"1,000~3,000㎡","interest_category":"체육용지","solar_candidate":"검토필요","candidate_reason":"체육시설·주차장 상부 활용 가능성 추가 검토; 면적 1,252㎡","priority_score":48,"source":"경기부동산포털 국공유지조회·연속지적도","source_date":"2026-08-11","installed_solar_match":false}},{"type":"Feature","id":"4137010100100430026","geometry":{"type":"Point","coordinates":[127.0748729,37.157985]},"properties":{"pnu":"4137010100100430026","municipality_code":"41370","municipality":"오산시","district":"오산시","locality":"오산동","address":"오산시 오산동 43-26","owner_type":"시·군유지","owner_label":"오산시","manager":"","property_class":"","land_category":"체육용지","area_sqm":1157.0,"area_band":"1,000~3,000㎡","interest_category":"체육용지","solar_candidate":"검토필요","candidate_reason":"체육시설·주차장 상부 활용 가능성 추가 검토; 면적 1,157㎡","priority_score":48,"source":"경기부동산포털 국공유지조회·연속지적도","source_date":"2026-08-11","installed_solar_match":false}},{"type":"Feature","id":"4137010100100420005","geometry":{"type":"Point","coordinates":[127.0753779,37.1579021]},"properties":{"pnu":"4137010100100420005","municipality_code":"41370","municipality":"오산시","district":"오산시","locality":"오산동","address":"오산시 오산동 42-5","owner_type":"시·군유지","owner_label":"오산시","manager":"","property_class":"","land_category":"체육용지","area_sqm":1101.0,"area_band":"1,000~3,000㎡","interest_category":"체육용지","solar_candidate":"검토필요","candidate_reason":"체육시설·주차장 상부 활용 가능성 추가 검토; 면적 1,101㎡","priority_score":48,"source":"경기부동산포털 국공유지조회·연속지적도","source_date":"2026-08-11","installed_solar_match":false}},{"type":"Feature","id":"4137010500102730000","geometry":{"type":"Point","coordinates":[127.0497305,37.1509769]},"properties":{"pnu":"4137010500102730000","municipality_code":"41370","municipality":"오산시","district":"오산시","locality":"청학동","address":"오산시 청학동 273","owner_type":"시·군유지","owner_label":"오산시","manager":"","property_class":"","land_category":"공원","area_sqm":325374.1,"area_band":"5,000㎡ 이상","interest_category":"공원","solar_candidate":"검토필요","candidate_reason":"도시공원 관련 법령 및 공원시설 기준 검토 필요; 면적 325,374㎡","priority_score":45,"source":"경기부동산포털 국공유지조회·연속지적도","source_date":"2026-08-11","installed_solar_match":false}},{"type":"Feature","id":"4137011100106600000","geometry":{"type":"Point","coordinates":[127.0519344,37.1853206]},"properties":{"pnu":"4137011100106600000","municipality_code":"41370","municipality":"오산시","district":"오산시","locality":"외삼미동","address":"오산시 외삼미동 660","owner_type":"시·군유지","owner_label":"오산시","manager":"","property_class":"","land_category":"공원","area_sqm":119601.4,"area_band":"5,000㎡ 이상","interest_category":"공원","solar_candidate":"검토필요","candidate_reason":"도시공원 관련 법령 및 공원시설 기준 검토 필요; 면적 119,601㎡","priority_score":45,"source":"경기부동산포털 국공유지조회·연속지적도","source_date":"2026-08-11","installed_solar_match":true,"installed_solar_count":1,"installed_solar_area_sqm":278.5,"installed_solar_analysis_years":["2024"],"installed_solar_types":["기타"],"installed_solar_permit_status_counts":{"N":1}}},{"type":"Feature","id":"4137010700105200000","geometry":{"type":"Point","coordinates":[127.0479838,37.1731886]},"properties":{"pnu":"4137010700105200000","municipality_code":"41370","municipality":"오산시","district":"오산시","locality":"금암동","address":"오산시 금암동 520","owner_type":"시·군유지","owner_label":"오산시","manager":"","property_class":"","land_category":"공원","area_sqm":94291.7,"area_band":"5,000㎡ 이상","interest_category":"공원","solar_candidate":"검토필요","candidate_reason":"도시공원 관련 법령 및 공원시설 기준 검토 필요; 면적 94,292㎡","priority_score":45,"source":"경기부동산포털 국공유지조회·연속지적도","source_date":"2026-08-11","installed_solar_match":true,"installed_solar_count":1,"installed_solar_area_sqm":21.0,"installed_solar_analysis_years":["2024"],"installed_solar_types":["개인주택"],"installed_solar_permit_status_counts":{"N":1}}},{"type":"Feature","id":"4137011300106200000","geometry":{"type":"Point","coordinates":[127.0461951,37.1824816]},"properties":{"pnu":"4137011300106200000","municipality_code":"41370","municipality":"오산시","district":"오산시","locality":"세교동","address":"오산시 세교동 620","owner_type":"시·군유지","owner_label":"오산시","manager":"","property_class":"","land_category":"공원","area_sqm":66818.8,"area_band":"5,000㎡ 이상","interest_category":"공원","solar_candidate":"검토필요","candidate_reason":"도시공원 관련 법령 및 공원시설 기준 검토 필요; 면적 66,819㎡","priority_score":45,"source":"경기부동산포털 국공유지조회·연속지적도","source_date":"2026-08-11","installed_solar_match":false}},{"type":"Feature","id":"4137010700105140000","geometry":{"type":"Point","coordinates":[127.04269,37.1735295]},"properties":{"pnu":"4137010700105140000","municipality_code":"41370","municipality":"오산시","district":"오산시","locality":"금암동","address":"오산시 금암동 514","owner_type":"시·군유지","owner_label":"오산시","manager":"","property_class":"","land_category":"공원","area_sqm":65574.3,"area_band":"5,000㎡ 이상","interest_category":"공원","solar_candidate":"검토필요","candidate_reason":"도시공원 관련 법령 및 공원시설 기준 검토 필요; 면적 65,574㎡","priority_score":45,"source":"경기부동산포털 국공유지조회·연속지적도","source_date":"2026-08-11","installed_solar_match":false}},{"type":"Feature","id":"4137010600103820001","geometry":{"type":"Point","coordinates":[127.0391596,37.1680088]},"properties":{"pnu":"4137010600103820001","municipality_code":"41370","municipality":"오산시","district":"오산시","locality":"가장동","address":"오산시 가장동 382-1","owner_type":"시·군유지","owner_label":"오산시","manager":"","property_class":"","land_category":"공원","area_sqm":55940.6,"area_band":"5,000㎡ 이상","interest_category":"공원","solar_candidate":"검토필요","candidate_reason":"도시공원 관련 법령 및 공원시설 기준 검토 필요; 면적 55,941㎡","priority_score":45,"source":"경기부동산포털 국공유지조회·연속지적도","source_date":"2026-08-11","installed_solar_match":false}},{"type":"Feature","id":"4137010800105800000","geometry":{"type":"Point","coordinates":[127.0562018,37.1734429]},"properties":{"pnu":"4137010800105800000","municipality_code":"41370","municipality":"오산시","district":"오산시","locality":"수청동","address":"오산시 수청동 580","owner_type":"시·군유지","owner_label":"오산시","manager":"","property_class":"","land_category":"공원","area_sqm":51830.4,"area_band":"5,000㎡ 이상","interest_category":"공원","solar_candidate":"검토필요","candidate_reason":"도시공원 관련 법령 및 공원시설 기준 검토 필요; 면적 51,830㎡","priority_score":45,"source":"경기부동산포털 국공유지조회·연속지적도","source_date":"2026-08-11","installed_solar_match":false}},{"type":"Feature","id":"4137010700105210000","geometry":{"type":"Point","coordinates":[127.0506455,37.1731683]},"properties":{"pnu":"4137010700105210000","municipality_code":"41370","municipality":"오산시","district":"오산시","locality":"금암동","address":"오산시 금암동 521","owner_type":"시·군유지","owner_label":"오산시","manager":"","property_class":"","land_category":"공원","area_sqm":46289.7,"area_band":"5,000㎡ 이상","interest_category":"공원","solar_candidate":"검토필요","candidate_reason":"도시공원 관련 법령 및 공원시설 기준 검토 필요; 면적 46,290㎡","priority_score":45,"source":"경기부동산포털 국공유지조회·연속지적도","source_date":"2026-08-11","installed_solar_match":false}},{"type":"Feature","id":"4137011000108790000","geometry":{"type":"Point","coordinates":[127.0547957,37.1741575]},"properties":{"pnu":"4137011000108790000","municipality_code":"41370","municipality":"오산시","district":"오산시","locality":"내삼미동","address":"오산시 내삼미동 879","owner_type":"시·군유지","owner_label":"오산시","manager":"","property_class":"","land_category":"공원","area_sqm":44580.8,"area_band":"5,000㎡ 이상","interest_category":"공원","solar_candidate":"검토필요","candidate_reason":"도시공원 관련 법령 및 공원시설 기준 검토 필요; 면적 44,581㎡","priority_score":45,"source":"경기부동산포털 국공유지조회·연속지적도","source_date":"2026-08-11","installed_solar_match":true,"installed_solar_count":1,"installed_solar_area_sqm":35.3,"installed_solar_analysis_years":["2024"],"installed_solar_types":["공공시설물"],"installed_solar_permit_status_counts":{"N":1}}},{"type":"Feature","id":"4137010400107490000","geometry":{"type":"Point","coordinates":[127.0487375,37.1683047]},"properties":{"pnu":"4137010400107490000","municipality_code":"41370","municipality":"오산시","district":"오산시","locality":"궐동","address":"오산시 궐동 749","owner_type":"시·군유지","owner_label":"오산시","manager":"","property_class":"","land_category":"공원","area_sqm":42544.1,"area_band":"5,000㎡ 이상","interest_category":"공원","solar_candidate":"검토필요","candidate_reason":"도시공원 관련 법령 및 공원시설 기준 검토 필요; 면적 42,544㎡","priority_score":45,"source":"경기부동산포털 국공유지조회·연속지적도","source_date":"2026-08-11","installed_solar_match":false}},{"type":"Feature","id":"4137010400108230000","geometry":{"type":"Point","coordinates":[127.0498088,37.1578232]},"properties":{"pnu":"4137010400108230000","municipality_code":"41370","municipality":"오산시","district":"오산시","locality":"궐동","address":"오산시 궐동 823","owner_type":"시·군유지","owner_label":"오산시","manager":"","property_class":"","land_category":"공원","area_sqm":41879.6,"area_band":"5,000㎡ 이상","interest_category":"공원","solar_candidate":"검토필요","candidate_reason":"도시공원 관련 법령 및 공원시설 기준 검토 필요; 면적 41,880㎡","priority_score":45,"source":"경기부동산포털 국공유지조회·연속지적도","source_date":"2026-08-11","installed_solar_match":false}},{"type":"Feature","id":"4137011400105800000","geometry":{"type":"Point","coordinates":[127.0258385,37.1661223]},"properties":{"pnu":"4137011400105800000","municipality_code":"41370","municipality":"오산시","district":"오산시","locality":"지곶동","address":"오산시 지곶동 580","owner_type":"시·군유지","owner_label":"오산시","manager":"","property_class":"","land_category":"공원","area_sqm":41748.9,"area_band":"5,000㎡ 이상","interest_category":"공원","solar_candidate":"검토필요","candidate_reason":"도시공원 관련 법령 및 공원시설 기준 검토 필요; 면적 41,749㎡","priority_score":45,"source":"경기부동산포털 국공유지조회·연속지적도","source_date":"2026-08-11","installed_solar_match":false}},{"type":"Feature","id":"4137010700104970000","geometry":{"type":"Point","coordinates":[127.0503678,37.1775893]},"properties":{"pnu":"4137010700104970000","municipality_code":"41370","municipality":"오산시","district":"오산시","locality":"금암동","address":"오산시 금암동 497","owner_type":"시·군유지","owner_label":"오산시","manager":"","property_class":"","land_category":"공원","area_sqm":38604.0,"area_band":"5,000㎡ 이상","interest_category":"공원","solar_candidate":"검토필요","candidate_reason":"도시공원 관련 법령 및 공원시설 기준 검토 필요; 면적 38,604㎡","priority_score":45,"source":"경기부동산포털 국공유지조회·연속지적도","source_date":"2026-08-11","installed_solar_match":false}},{"type":"Feature","id":"4137010700104880000","geometry":{"type":"Point","coordinates":[127.05307,37.1791606]},"properties":{"pnu":"4137010700104880000","municipality_code":"41370","municipality":"오산시","district":"오산시","locality":"금암동","address":"오산시 금암동 488","owner_type":"시·군유지","owner_label":"오산시","manager":"","property_class":"","land_category":"공원","area_sqm":28542.7,"area_band":"5,000㎡ 이상","interest_category":"공원","solar_candidate":"검토필요","candidate_reason":"도시공원 관련 법령 및 공원시설 기준 검토 필요; 면적 28,543㎡","priority_score":45,"source":"경기부동산포털 국공유지조회·연속지적도","source_date":"2026-08-11","installed_solar_match":false}},{"type":"Feature","id":"4137010700104840000","geometry":{"type":"Point","coordinates":[127.0478516,37.1799028]},"properties":{"pnu":"4137010700104840000","municipality_code":"41370","municipality":"오산시","district":"오산시","locality":"금암동","address":"오산시 금암동 484","owner_type":"시·군유지","owner_label":"오산시","manager":"","property_class":"","land_category":"공원","area_sqm":26088.2,"area_band":"5,000㎡ 이상","interest_category":"공원","solar_candidate":"검토필요","candidate_reason":"도시공원 관련 법령 및 공원시설 기준 검토 필요; 면적 26,088㎡","priority_score":45,"source":"경기부동산포털 국공유지조회·연속지적도","source_date":"2026-08-11","installed_solar_match":false}},{"type":"Feature","id":"4137011300106270000","geometry":{"type":"Point","coordinates":[127.04197,37.1795244]},"properties":{"pnu":"4137011300106270000","municipality_code":"41370","municipality":"오산시","district":"오산시","locality":"세교동","address":"오산시 세교동 627","owner_type":"시·군유지","owner_label":"오산시","manager":"","property_class":"","land_category":"공원","area_sqm":24662.6,"area_band":"5,000㎡ 이상","interest_category":"공원","solar_candidate":"검토필요","candidate_reason":"도시공원 관련 법령 및 공원시설 기준 검토 필요; 면적 24,663㎡","priority_score":45,"source":"경기부동산포털 국공유지조회·연속지적도","source_date":"2026-08-11","installed_solar_match":true,"installed_solar_count":1,"installed_solar_area_sqm":249.5,"installed_solar_analysis_years":["2024"],"installed_solar_types":["공공시설물"],"installed_solar_permit_status_counts":{"N":1}}},{"type":"Feature","id":"4137010400108280000","geometry":{"type":"Point","coordinates":[127.0483579,37.1633195]},"properties":{"pnu":"4137010400108280000","municipality_code":"41370","municipality":"오산시","district":"오산시","locality":"궐동","address":"오산시 궐동 828","owner_type":"시·군유지","owner_label":"오산시","manager":"","property_class":"","land_category":"공원","area_sqm":23135.9,"area_band":"5,000㎡ 이상","interest_category":"공원","solar_candidate":"검토필요","candidate_reason":"도시공원 관련 법령 및 공원시설 기준 검토 필요; 면적 23,136㎡","priority_score":45,"source":"경기부동산포털 국공유지조회·연속지적도","source_date":"2026-08-11","installed_solar_match":false}},{"type":"Feature","id":"4137010800105820000","geometry":{"type":"Point","coordinates":[127.0533236,37.1706407]},"properties":{"pnu":"4137010800105820000","municipality_code":"41370","municipality":"오산시","district":"오산시","locality":"수청동","address":"오산시 수청동 582","owner_type":"시·군유지","owner_label":"오산시","manager":"","property_class":"","land_category":"공원","area_sqm":19939.4,"area_band":"5,000㎡ 이상","interest_category":"공원","solar_candidate":"검토필요","candidate_reason":"도시공원 관련 법령 및 공원시설 기준 검토 필요; 면적 19,939㎡","priority_score":45,"source":"경기부동산포털 국공유지조회·연속지적도","source_date":"2026-08-11","installed_solar_match":false}},{"type":"Feature","id":"4137011300106190000","geometry":{"type":"Point","coordinates":[127.0453138,37.1806638]},"properties":{"pnu":"4137011300106190000","municipality_code":"41370","municipality":"오산시","district":"오산시","locality":"세교동","address":"오산시 세교동 619","owner_type":"시·군유지","owner_label":"오산시","manager":"","property_class":"","land_category":"공원","area_sqm":17830.7,"area_band":"5,000㎡ 이상","interest_category":"공원","solar_candidate":"검토필요","candidate_reason":"도시공원 관련 법령 및 공원시설 기준 검토 필요; 면적 17,831㎡","priority_score":45,"source":"경기부동산포털 국공유지조회·연속지적도","source_date":"2026-08-11","installed_solar_match":false}},{"type":"Feature","id":"4137010700105410000","geometry":{"type":"Point","coordinates":[127.047507,37.1702196]},"properties":{"pnu":"4137010700105410000","municipality_code":"41370","municipality":"오산시","district":"오산시","locality":"금암동","address":"오산시 금암동 541","owner_type":"시·군유지","owner_label":"오산시","manager":"","property_class":"","land_category":"공원","area_sqm":17615.1,"area_band":"5,000㎡ 이상","interest_category":"공원","solar_candidate":"검토필요","candidate_reason":"도시공원 관련 법령 및 공원시설 기준 검토 필요; 면적 17,615㎡","priority_score":45,"source":"경기부동산포털 국공유지조회·연속지적도","source_date":"2026-08-11","installed_solar_match":false}},{"type":"Feature","id":"4137010700105080000","geometry":{"type":"Point","coordinates":[127.0423297,37.1787119]},"properties":{"pnu":"4137010700105080000","municipality_code":"41370","municipality":"오산시","district":"오산시","locality":"금암동","address":"오산시 금암동 508","owner_type":"시·군유지","owner_label":"오산시","manager":"","property_class":"","land_category":"공원","area_sqm":16979.7,"area_band":"5,000㎡ 이상","interest_category":"공원","solar_candidate":"검토필요","candidate_reason":"도시공원 관련 법령 및 공원시설 기준 검토 필요; 면적 16,980㎡","priority_score":45,"source":"경기부동산포털 국공유지조회·연속지적도","source_date":"2026-08-11","installed_solar_match":false}},{"type":"Feature","id":"4137010400107740000","geometry":{"type":"Point","coordinates":[127.0512023,37.1671908]},"properties":{"pnu":"4137010400107740000","municipality_code":"41370","municipality":"오산시","district":"오산시","locality":"궐동","address":"오산시 궐동 774","owner_type":"시·군유지","owner_label":"오산시","manager":"","property_class":"","land_category":"공원","area_sqm":16343.1,"area_band":"5,000㎡ 이상","interest_category":"공원","solar_candidate":"검토필요","candidate_reason":"도시공원 관련 법령 및 공원시설 기준 검토 필요; 면적 16,343㎡","priority_score":45,"source":"경기부동산포털 국공유지조회·연속지적도","source_date":"2026-08-11","installed_solar_match":false}},{"type":"Feature","id":"4137011900102840003","geometry":{"type":"Point","coordinates":[127.0453385,37.1345245]},"properties":{"pnu":"4137011900102840003","municipality_code":"41370","municipality":"오산시","district":"오산시","locality":"탑동","address":"오산시 탑동 284-3","owner_type":"시·군유지","owner_label":"오산시","manager":"","property_class":"","land_category":"공원","area_sqm":14370.2,"area_band":"5,000㎡ 이상","interest_category":"공원","solar_candidate":"검토필요","candidate_reason":"도시공원 관련 법령 및 공원시설 기준 검토 필요; 면적 14,370㎡","priority_score":45,"source":"경기부동산포털 국공유지조회·연속지적도","source_date":"2026-08-11","installed_solar_match":false}},{"type":"Feature","id":"4137010600103850001","geometry":{"type":"Point","coordinates":[127.0310565,37.167869]},"properties":{"pnu":"4137010600103850001","municipality_code":"41370","municipality":"오산시","district":"오산시","locality":"가장동","address":"오산시 가장동 385-1","owner_type":"시·군유지","owner_label":"오산시","manager":"","property_class":"","land_category":"공원","area_sqm":14069.2,"area_band":"5,000㎡ 이상","interest_category":"공원","solar_candidate":"검토필요","candidate_reason":"도시공원 관련 법령 및 공원시설 기준 검토 필요; 면적 14,069㎡","priority_score":45,"source":"경기부동산포털 국공유지조회·연속지적도","source_date":"2026-08-11","installed_solar_match":false}},{"type":"Feature","id":"4137011200106670005","geometry":{"type":"Point","coordinates":[127.0316964,37.1957471]},"properties":{"pnu":"4137011200106670005","municipality_code":"41370","municipality":"오산시","district":"오산시","locality":"양산동","address":"오산시 양산동 667-5","owner_type":"시·군유지","owner_label":"오산시","manager":"","property_class":"","land_category":"공원","area_sqm":13997.2,"area_band":"5,000㎡ 이상","interest_category":"공원","solar_candidate":"검토필요","candidate_reason":"도시공원 관련 법령 및 공원시설 기준 검토 필요; 면적 13,997㎡","priority_score":45,"source":"경기부동산포털 국공유지조회·연속지적도","source_date":"2026-08-11","installed_solar_match":false}},{"type":"Feature","id":"4137010800106330000","geometry":{"type":"Point","coordinates":[127.0694065,37.169569]},"properties":{"pnu":"4137010800106330000","municipality_code":"41370","municipality":"오산시","district":"오산시","locality":"수청동","address":"오산시 수청동 633","owner_type":"시·군유지","owner_label":"오산시","manager":"","property_class":"","land_category":"공원","area_sqm":12719.1,"area_band":"5,000㎡ 이상","interest_category":"공원","solar_candidate":"검토필요","candidate_reason":"도시공원 관련 법령 및 공원시설 기준 검토 필요; 면적 12,719㎡","priority_score":45,"source":"경기부동산포털 국공유지조회·연속지적도","source_date":"2026-08-11","installed_solar_match":false}},{"type":"Feature","id":"4137010200108140000","geometry":{"type":"Point","coordinates":[127.0942662,37.1513786]},"properties":{"pnu":"4137010200108140000","municipality_code":"41370","municipality":"오산시","district":"오산시","locality":"부산동","address":"오산시 부산동 814","owner_type":"시·군유지","owner_label":"오산시","manager":"","property_class":"","land_category":"공원","area_sqm":12367.0,"area_band":"5,000㎡ 이상","interest_category":"공원","solar_candidate":"검토필요","candidate_reason":"도시공원 관련 법령 및 공원시설 기준 검토 필요; 면적 12,367㎡","priority_score":45,"source":"경기부동산포털 국공유지조회·연속지적도","source_date":"2026-08-11","installed_solar_match":false}},{"type":"Feature","id":"4137010700104830001","geometry":{"type":"Point","coordinates":[127.045379,37.1797685]},"properties":{"pnu":"4137010700104830001","municipality_code":"41370","municipality":"오산시","district":"오산시","locality":"금암동","address":"오산시 금암동 483-1","owner_type":"시·군유지","owner_label":"오산시","manager":"","property_class":"","land_category":"공원","area_sqm":12283.8,"area_band":"5,000㎡ 이상","interest_category":"공원","solar_candidate":"검토필요","candidate_reason":"도시공원 관련 법령 및 공원시설 기준 검토 필요; 면적 12,284㎡","priority_score":45,"source":"경기부동산포털 국공유지조회·연속지적도","source_date":"2026-08-11","installed_solar_match":false}},{"type":"Feature","id":"4137010600103820004","geometry":{"type":"Point","coordinates":[127.0411286,37.1646782]},"properties":{"pnu":"4137010600103820004","municipality_code":"41370","municipality":"오산시","district":"오산시","locality":"가장동","address":"오산시 가장동 382-4","owner_type":"시·군유지","owner_label":"오산시","manager":"","property_class":"","land_category":"공원","area_sqm":11856.2,"area_band":"5,000㎡ 이상","interest_category":"공원","solar_candidate":"검토필요","candidate_reason":"도시공원 관련 법령 및 공원시설 기준 검토 필요; 면적 11,856㎡","priority_score":45,"source":"경기부동산포털 국공유지조회·연속지적도","source_date":"2026-08-11","installed_solar_match":false}},{"type":"Feature","id":"4137010600103850003","geometry":{"type":"Point","coordinates":[127.0275309,37.1662842]},"properties":{"pnu":"4137010600103850003","municipality_code":"41370","municipality":"오산시","district":"오산시","locality":"가장동","address":"오산시 가장동 385-3","owner_type":"시·군유지","owner_label":"오산시","manager":"","property_class":"","land_category":"공원","area_sqm":11732.9,"area_band":"5,000㎡ 이상","interest_category":"공원","solar_candidate":"검토필요","candidate_reason":"도시공원 관련 법령 및 공원시설 기준 검토 필요; 면적 11,733㎡","priority_score":45,"source":"경기부동산포털 국공유지조회·연속지적도","source_date":"2026-08-11","installed_solar_match":false}},{"type":"Feature","id":"4137011100106450000","geometry":{"type":"Point","coordinates":[127.0620484,37.193859]},"properties":{"pnu":"4137011100106450000","municipality_code":"41370","municipality":"오산시","district":"오산시","locality":"외삼미동","address":"오산시 외삼미동 645","owner_type":"시·군유지","owner_label":"오산시","manager":"","property_class":"","land_category":"공원","area_sqm":11548.8,"area_band":"5,000㎡ 이상","interest_category":"공원","solar_candidate":"검토필요","candidate_reason":"도시공원 관련 법령 및 공원시설 기준 검토 필요; 면적 11,549㎡","priority_score":45,"source":"경기부동산포털 국공유지조회·연속지적도","source_date":"2026-08-11","installed_solar_match":false}},{"type":"Feature","id":"4137010800106240000","geometry":{"type":"Point","coordinates":[127.0667381,37.1705748]},"properties":{"pnu":"4137010800106240000","municipality_code":"41370","municipality":"오산시","district":"오산시","locality":"수청동","address":"오산시 수청동 624","owner_type":"시·군유지","owner_label":"오산시","manager":"","property_class":"","land_category":"공원","area_sqm":11463.7,"area_band":"5,000㎡ 이상","interest_category":"공원","solar_candidate":"검토필요","candidate_reason":"도시공원 관련 법령 및 공원시설 기준 검토 필요; 면적 11,464㎡","priority_score":45,"source":"경기부동산포털 국공유지조회·연속지적도","source_date":"2026-08-11","installed_solar_match":false}},{"type":"Feature","id":"4137011300106240001","geometry":{"type":"Point","coordinates":[127.0404287,37.1829629]},"properties":{"pnu":"4137011300106240001","municipality_code":"41370","municipality":"오산시","district":"오산시","locality":"세교동","address":"오산시 세교동 624-1","owner_type":"시·군유지","owner_label":"오산시","manager":"","property_class":"","land_category":"공원","area_sqm":11239.3,"area_band":"5,000㎡ 이상","interest_category":"공원","solar_candidate":"검토필요","candidate_reason":"도시공원 관련 법령 및 공원시설 기준 검토 필요; 면적 11,239㎡","priority_score":45,"source":"경기부동산포털 국공유지조회·연속지적도","source_date":"2026-08-11","installed_solar_match":false}},{"type":"Feature","id":"4137010300108140001","geometry":{"type":"Point","coordinates":[127.0771295,37.1481967]},"properties":{"pnu":"4137010300108140001","municipality_code":"41370","municipality":"오산시","district":"오산시","locality":"원동","address":"오산시 원동 814-1","owner_type":"시·군유지","owner_label":"오산시","manager":"","property_class":"","land_category":"공원","area_sqm":11001.9,"area_band":"5,000㎡ 이상","interest_category":"공원","solar_candidate":"검토필요","candidate_reason":"도시공원 관련 법령 및 공원시설 기준 검토 필요; 면적 11,002㎡","priority_score":45,"source":"경기부동산포털 국공유지조회·연속지적도","source_date":"2026-08-11","installed_solar_match":false}},{"type":"Feature","id":"4137010700105110000","geometry":{"type":"Point","coordinates":[127.0451829,37.178449]},"properties":{"pnu":"4137010700105110000","municipality_code":"41370","municipality":"오산시","district":"오산시","locality":"금암동","address":"오산시 금암동 511","owner_type":"시·군유지","owner_label":"오산시","manager":"","property_class":"","land_category":"공원","area_sqm":10878.3,"area_band":"5,000㎡ 이상","interest_category":"공원","solar_candidate":"검토필요","candidate_reason":"도시공원 관련 법령 및 공원시설 기준 검토 필요; 면적 10,878㎡","priority_score":45,"source":"경기부동산포털 국공유지조회·연속지적도","source_date":"2026-08-11","installed_solar_match":false}},{"type":"Feature","id":"4137011300106220003","geometry":{"type":"Point","coordinates":[127.0417429,37.184774]},"properties":{"pnu":"4137011300106220003","municipality_code":"41370","municipality":"오산시","district":"오산시","locality":"세교동","address":"오산시 세교동 622-3","owner_type":"시·군유지","owner_label":"오산시","manager":"","property_class":"","land_category":"공원","area_sqm":10875.4,"area_band":"5,000㎡ 이상","interest_category":"공원","solar_candidate":"검토필요","candidate_reason":"도시공원 관련 법령 및 공원시설 기준 검토 필요; 면적 10,875㎡","priority_score":45,"source":"경기부동산포털 국공유지조회·연속지적도","source_date":"2026-08-11","installed_solar_match":false}},{"type":"Feature","id":"4137011000108990003","geometry":{"type":"Point","coordinates":[127.0682017,37.1734832]},"properties":{"pnu":"4137011000108990003","municipality_code":"41370","municipality":"오산시","district":"오산시","locality":"내삼미동","address":"오산시 내삼미동 899-3","owner_type":"시·군유지","owner_label":"오산시","manager":"","property_class":"","land_category":"공원","area_sqm":10489.7,"area_band":"5,000㎡ 이상","interest_category":"공원","solar_candidate":"검토필요","candidate_reason":"도시공원 관련 법령 및 공원시설 기준 검토 필요; 면적 10,490㎡","priority_score":45,"source":"경기부동산포털 국공유지조회·연속지적도","source_date":"2026-08-11","installed_solar_match":false}},{"type":"Feature","id":"4137010600103750007","geometry":{"type":"Point","coordinates":[127.0401322,37.1619676]},"properties":{"pnu":"4137010600103750007","municipality_code":"41370","municipality":"오산시","district":"오산시","locality":"가장동","address":"오산시 가장동 375-7","owner_type":"시·군유지","owner_label":"오산시","manager":"","property_class":"","land_category":"공원","area_sqm":10030.8,"area_band":"5,000㎡ 이상","interest_category":"공원","solar_candidate":"검토필요","candidate_reason":"도시공원 관련 법령 및 공원시설 기준 검토 필요; 면적 10,031㎡","priority_score":45,"source":"경기부동산포털 국공유지조회·연속지적도","source_date":"2026-08-11","installed_solar_match":false}},{"type":"Feature","id":"4137010100109200001","geometry":{"type":"Point","coordinates":[127.0761726,37.1556998]},"properties":{"pnu":"4137010100109200001","municipality_code":"41370","municipality":"오산시","district":"오산시","locality":"오산동","address":"오산시 오산동 920-1","owner_type":"시·군유지","owner_label":"오산시","manager":"","property_class":"","land_category":"공원","area_sqm":10020.9,"area_band":"5,000㎡ 이상","interest_category":"공원","solar_candidate":"검토필요","candidate_reason":"도시공원 관련 법령 및 공원시설 기준 검토 필요; 면적 10,021㎡","priority_score":45,"source":"경기부동산포털 국공유지조회·연속지적도","source_date":"2026-08-11","installed_solar_match":false}},{"type":"Feature","id":"4137010300104040007","geometry":{"type":"Point","coordinates":[127.0709972,37.138341]},"properties":{"pnu":"4137010300104040007","municipality_code":"41370","municipality":"오산시","district":"오산시","locality":"원동","address":"오산시 원동 404-7","owner_type":"시·군유지","owner_label":"오산시","manager":"","property_class":"","land_category":"공원","area_sqm":9977.2,"area_band":"5,000㎡ 이상","interest_category":"공원","solar_candidate":"검토필요","candidate_reason":"도시공원 관련 법령 및 공원시설 기준 검토 필요; 면적 9,977㎡","priority_score":45,"source":"경기부동산포털 국공유지조회·연속지적도","source_date":"2026-08-11","installed_solar_match":false}},{"type":"Feature","id":"4137011300106220001","geometry":{"type":"Point","coordinates":[127.0393323,37.1865562]},"properties":{"pnu":"4137011300106220001","municipality_code":"41370","municipality":"오산시","district":"오산시","locality":"세교동","address":"오산시 세교동 622-1","owner_type":"시·군유지","owner_label":"오산시","manager":"","property_class":"","land_category":"공원","area_sqm":9819.3,"area_band":"5,000㎡ 이상","interest_category":"공원","solar_candidate":"검토필요","candidate_reason":"도시공원 관련 법령 및 공원시설 기준 검토 필요; 면적 9,819㎡","priority_score":45,"source":"경기부동산포털 국공유지조회·연속지적도","source_date":"2026-08-11","installed_solar_match":false}},{"type":"Feature","id":"4137011600106440000","geometry":{"type":"Point","coordinates":[127.0442139,37.1532274]},"properties":{"pnu":"4137011600106440000","municipality_code":"41370","municipality":"오산시","district":"오산시","locality":"서동","address":"오산시 서동 644","owner_type":"시·군유지","owner_label":"오산시","manager":"","property_class":"","land_category":"공원","area_sqm":9604.5,"area_band":"5,000㎡ 이상","interest_category":"공원","solar_candidate":"검토필요","candidate_reason":"도시공원 관련 법령 및 공원시설 기준 검토 필요; 면적 9,604㎡","priority_score":45,"source":"경기부동산포털 국공유지조회·연속지적도","source_date":"2026-08-11","installed_solar_match":false}},{"type":"Feature","id":"4137011000108950001","geometry":{"type":"Point","coordinates":[127.0623326,37.1740124]},"properties":{"pnu":"4137011000108950001","municipality_code":"41370","municipality":"오산시","district":"오산시","locality":"내삼미동","address":"오산시 내삼미동 895-1","owner_type":"시·군유지","owner_label":"오산시","manager":"","property_class":"","land_category":"공원","area_sqm":9577.8,"area_band":"5,000㎡ 이상","interest_category":"공원","solar_candidate":"검토필요","candidate_reason":"도시공원 관련 법령 및 공원시설 기준 검토 필요; 면적 9,578㎡","priority_score":45,"source":"경기부동산포털 국공유지조회·연속지적도","source_date":"2026-08-11","installed_solar_match":false}},{"type":"Feature","id":"4137012200102710000","geometry":{"type":"Point","coordinates":[127.0795594,37.1345698]},"properties":{"pnu":"4137012200102710000","municipality_code":"41370","municipality":"오산시","district":"오산시","locality":"고현동","address":"오산시 고현동 271","owner_type":"시·군유지","owner_label":"오산시","manager":"","property_class":"","land_category":"공원","area_sqm":8926.0,"area_band":"5,000㎡ 이상","interest_category":"공원","solar_candidate":"검토필요","candidate_reason":"도시공원 관련 법령 및 공원시설 기준 검토 필요; 면적 8,926㎡","priority_score":45,"source":"경기부동산포털 국공유지조회·연속지적도","source_date":"2026-08-11","installed_solar_match":false}},{"type":"Feature","id":"4137011400106100000","geometry":{"type":"Point","coordinates":[127.0361297,37.1717932]},"properties":{"pnu":"4137011400106100000","municipality_code":"41370","municipality":"오산시","district":"오산시","locality":"지곶동","address":"오산시 지곶동 610","owner_type":"시·군유지","owner_label":"오산시","manager":"","property_class":"","land_category":"공원","area_sqm":8823.5,"area_band":"5,000㎡ 이상","interest_category":"공원","solar_candidate":"검토필요","candidate_reason":"도시공원 관련 법령 및 공원시설 기준 검토 필요; 면적 8,824㎡","priority_score":45,"source":"경기부동산포털 국공유지조회·연속지적도","source_date":"2026-08-11","installed_solar_match":false}},{"type":"Feature","id":"4137011100106370001","geometry":{"type":"Point","coordinates":[127.047484,37.187829]},"properties":{"pnu":"4137011100106370001","municipality_code":"41370","municipality":"오산시","district":"오산시","locality":"외삼미동","address":"오산시 외삼미동 637-1","owner_type":"시·군유지","owner_label":"오산시","manager":"","property_class":"","land_category":"공원","area_sqm":8537.0,"area_band":"5,000㎡ 이상","interest_category":"공원","solar_candidate":"검토필요","candidate_reason":"도시공원 관련 법령 및 공원시설 기준 검토 필요; 면적 8,537㎡","priority_score":45,"source":"경기부동산포털 국공유지조회·연속지적도","source_date":"2026-08-11","installed_solar_match":false}},{"type":"Feature","id":"4137011100106510000","geometry":{"type":"Point","coordinates":[127.0639883,37.1900231]},"properties":{"pnu":"4137011100106510000","municipality_code":"41370","municipality":"오산시","district":"오산시","locality":"외삼미동","address":"오산시 외삼미동 651","owner_type":"시·군유지","owner_label":"오산시","manager":"","property_class":"","land_category":"공원","area_sqm":8499.1,"area_band":"5,000㎡ 이상","interest_category":"공원","solar_candidate":"검토필요","candidate_reason":"도시공원 관련 법령 및 공원시설 기준 검토 필요; 면적 8,499㎡","priority_score":45,"source":"경기부동산포털 국공유지조회·연속지적도","source_date":"2026-08-11","installed_solar_match":false}},{"type":"Feature","id":"4137011100106400000","geometry":{"type":"Point","coordinates":[127.0492738,37.1843526]},"properties":{"pnu":"4137011100106400000","municipality_code":"41370","municipality":"오산시","district":"오산시","locality":"외삼미동","address":"오산시 외삼미동 640","owner_type":"시·군유지","owner_label":"오산시","manager":"","property_class":"","land_category":"공원","area_sqm":8224.8,"area_band":"5,000㎡ 이상","interest_category":"공원","solar_candidate":"검토필요","candidate_reason":"도시공원 관련 법령 및 공원시설 기준 검토 필요; 면적 8,225㎡","priority_score":45,"source":"경기부동산포털 국공유지조회·연속지적도","source_date":"2026-08-11","installed_solar_match":false}},{"type":"Feature","id":"4137011400106080000","geometry":{"type":"Point","coordinates":[127.0337902,37.1757118]},"properties":{"pnu":"4137011400106080000","municipality_code":"41370","municipality":"오산시","district":"오산시","locality":"지곶동","address":"오산시 지곶동 608","owner_type":"시·군유지","owner_label":"오산시","manager":"","property_class":"","land_category":"공원","area_sqm":8130.3,"area_band":"5,000㎡ 이상","interest_category":"공원","solar_candidate":"검토필요","candidate_reason":"도시공원 관련 법령 및 공원시설 기준 검토 필요; 면적 8,130㎡","priority_score":45,"source":"경기부동산포털 국공유지조회·연속지적도","source_date":"2026-08-11","installed_solar_match":false}},{"type":"Feature","id":"4137012100104480000","geometry":{"type":"Point","coordinates":[127.0559688,37.1469885]},"properties":{"pnu":"4137012100104480000","municipality_code":"41370","municipality":"오산시","district":"오산시","locality":"가수동","address":"오산시 가수동 448","owner_type":"시·군유지","owner_label":"오산시","manager":"","property_class":"","land_category":"공원","area_sqm":7936.4,"area_band":"5,000㎡ 이상","interest_category":"공원","solar_candidate":"검토필요","candidate_reason":"도시공원 관련 법령 및 공원시설 기준 검토 필요; 면적 7,936㎡","priority_score":45,"source":"경기부동산포털 국공유지조회·연속지적도","source_date":"2026-08-11","installed_solar_match":false}},{"type":"Feature","id":"4137012100104530003","geometry":{"type":"Point","coordinates":[127.0617565,37.1482886]},"properties":{"pnu":"4137012100104530003","municipality_code":"41370","municipality":"오산시","district":"오산시","locality":"가수동","address":"오산시 가수동 453-3","owner_type":"시·군유지","owner_label":"오산시","manager":"","property_class":"","land_category":"공원","area_sqm":7884.9,"area_band":"5,000㎡ 이상","interest_category":"공원","solar_candidate":"검토필요","candidate_reason":"도시공원 관련 법령 및 공원시설 기준 검토 필요; 면적 7,885㎡","priority_score":45,"source":"경기부동산포털 국공유지조회·연속지적도","source_date":"2026-08-11","installed_solar_match":false}},{"type":"Feature","id":"4137010600103860005","geometry":{"type":"Point","coordinates":[127.033238,37.1683409]},"properties":{"pnu":"4137010600103860005","municipality_code":"41370","municipality":"오산시","district":"오산시","locality":"가장동","address":"오산시 가장동 386-5","owner_type":"시·군유지","owner_label":"오산시","manager":"","property_class":"","land_category":"공원","area_sqm":7515.1,"area_band":"5,000㎡ 이상","interest_category":"공원","solar_candidate":"검토필요","candidate_reason":"도시공원 관련 법령 및 공원시설 기준 검토 필요; 면적 7,515㎡","priority_score":45,"source":"경기부동산포털 국공유지조회·연속지적도","source_date":"2026-08-11","installed_solar_match":false}},{"type":"Feature","id":"4137010800106020000","geometry":{"type":"Point","coordinates":[127.0581334,37.1685857]},"properties":{"pnu":"4137010800106020000","municipality_code":"41370","municipality":"오산시","district":"오산시","locality":"수청동","address":"오산시 수청동 602","owner_type":"시·군유지","owner_label":"오산시","manager":"","property_class":"","land_category":"공원","area_sqm":7459.0,"area_band":"5,000㎡ 이상","interest_category":"공원","solar_candidate":"검토필요","candidate_reason":"도시공원 관련 법령 및 공원시설 기준 검토 필요; 면적 7,459㎡","priority_score":45,"source":"경기부동산포털 국공유지조회·연속지적도","source_date":"2026-08-11","installed_solar_match":false}},{"type":"Feature","id":"4137012000106980000","geometry":{"type":"Point","coordinates":[127.0455988,37.1404853]},"properties":{"pnu":"4137012000106980000","municipality_code":"41370","municipality":"오산시","district":"오산시","locality":"누읍동","address":"오산시 누읍동 698","owner_type":"시·군유지","owner_label":"오산시","manager":"","property_class":"","land_category":"공원","area_sqm":7448.7,"area_band":"5,000㎡ 이상","interest_category":"공원","solar_candidate":"검토필요","candidate_reason":"도시공원 관련 법령 및 공원시설 기준 검토 필요; 면적 7,449㎡","priority_score":45,"source":"경기부동산포털 국공유지조회·연속지적도","source_date":"2026-08-11","installed_solar_match":false}},{"type":"Feature","id":"4137010200107920000","geometry":{"type":"Point","coordinates":[127.0911191,37.1526815]},"properties":{"pnu":"4137010200107920000","municipality_code":"41370","municipality":"오산시","district":"오산시","locality":"부산동","address":"오산시 부산동 792","owner_type":"시·군유지","owner_label":"오산시","manager":"","property_class":"","land_category":"공원","area_sqm":7260.8,"area_band":"5,000㎡ 이상","interest_category":"공원","solar_candidate":"검토필요","candidate_reason":"도시공원 관련 법령 및 공원시설 기준 검토 필요; 면적 7,261㎡","priority_score":45,"source":"경기부동산포털 국공유지조회·연속지적도","source_date":"2026-08-11","installed_solar_match":false}},{"type":"Feature","id":"4137011300106240003","geometry":{"type":"Point","coordinates":[127.042294,37.1824479]},"properties":{"pnu":"4137011300106240003","municipality_code":"41370","municipality":"오산시","district":"오산시","locality":"세교동","address":"오산시 세교동 624-3","owner_type":"시·군유지","owner_label":"오산시","manager":"","property_class":"","land_category":"공원","area_sqm":7008.0,"area_band":"5,000㎡ 이상","interest_category":"공원","solar_candidate":"검토필요","candidate_reason":"도시공원 관련 법령 및 공원시설 기준 검토 필요; 면적 7,008㎡","priority_score":45,"source":"경기부동산포털 국공유지조회·연속지적도","source_date":"2026-08-11","installed_solar_match":false}},{"type":"Feature","id":"4137010600103810000","geometry":{"type":"Point","coordinates":[127.0412966,37.1609565]},"properties":{"pnu":"4137010600103810000","municipality_code":"41370","municipality":"오산시","district":"오산시","locality":"가장동","address":"오산시 가장동 381","owner_type":"시·군유지","owner_label":"오산시","manager":"","property_class":"","land_category":"공원","area_sqm":6910.4,"area_band":"5,000㎡ 이상","interest_category":"공원","solar_candidate":"검토필요","candidate_reason":"도시공원 관련 법령 및 공원시설 기준 검토 필요; 면적 6,910㎡","priority_score":45,"source":"경기부동산포털 국공유지조회·연속지적도","source_date":"2026-08-11","installed_solar_match":false}},{"type":"Feature","id":"4137011100106350001","geometry":{"type":"Point","coordinates":[127.0490411,37.1870895]},"properties":{"pnu":"4137011100106350001","municipality_code":"41370","municipality":"오산시","district":"오산시","locality":"외삼미동","address":"오산시 외삼미동 635-1","owner_type":"시·군유지","owner_label":"오산시","manager":"","property_class":"","land_category":"공원","area_sqm":6893.8,"area_band":"5,000㎡ 이상","interest_category":"공원","solar_candidate":"검토필요","candidate_reason":"도시공원 관련 법령 및 공원시설 기준 검토 필요; 면적 6,894㎡","priority_score":45,"source":"경기부동산포털 국공유지조회·연속지적도","source_date":"2026-08-11","installed_solar_match":false}},{"type":"Feature","id":"4137010700104850001","geometry":{"type":"Point","coordinates":[127.0491067,37.1809979]},"properties":{"pnu":"4137010700104850001","municipality_code":"41370","municipality":"오산시","district":"오산시","locality":"금암동","address":"오산시 금암동 485-1","owner_type":"시·군유지","owner_label":"오산시","manager":"","property_class":"","land_category":"공원","area_sqm":6870.6,"area_band":"5,000㎡ 이상","interest_category":"공원","solar_candidate":"검토필요","candidate_reason":"도시공원 관련 법령 및 공원시설 기준 검토 필요; 면적 6,871㎡","priority_score":45,"source":"경기부동산포털 국공유지조회·연속지적도","source_date":"2026-08-11","installed_solar_match":false}},{"type":"Feature","id":"4137010800106230003","geometry":{"type":"Point","coordinates":[127.065184,37.1663526]},"properties":{"pnu":"4137010800106230003","municipality_code":"41370","municipality":"오산시","district":"오산시","locality":"수청동","address":"오산시 수청동 623-3","owner_type":"시·군유지","owner_label":"오산시","manager":"","property_class":"","land_category":"공원","area_sqm":6821.6,"area_band":"5,000㎡ 이상","interest_category":"공원","solar_candidate":"검토필요","candidate_reason":"도시공원 관련 법령 및 공원시설 기준 검토 필요; 면적 6,822㎡","priority_score":45,"source":"경기부동산포털 국공유지조회·연속지적도","source_date":"2026-08-11","installed_solar_match":false}},{"type":"Feature","id":"4137011300106250001","geometry":{"type":"Point","coordinates":[127.0433055,37.1806104]},"properties":{"pnu":"4137011300106250001","municipality_code":"41370","municipality":"오산시","district":"오산시","locality":"세교동","address":"오산시 세교동 625-1","owner_type":"시·군유지","owner_label":"오산시","manager":"","property_class":"","land_category":"공원","area_sqm":6581.0,"area_band":"5,000㎡ 이상","interest_category":"공원","solar_candidate":"검토필요","candidate_reason":"도시공원 관련 법령 및 공원시설 기준 검토 필요; 면적 6,581㎡","priority_score":45,"source":"경기부동산포털 국공유지조회·연속지적도","source_date":"2026-08-11","installed_solar_match":false}},{"type":"Feature","id":"4137010600103820002","geometry":{"type":"Point","coordinates":[127.0358597,37.1667726]},"properties":{"pnu":"4137010600103820002","municipality_code":"41370","municipality":"오산시","district":"오산시","locality":"가장동","address":"오산시 가장동 382-2","owner_type":"시·군유지","owner_label":"오산시","manager":"","property_class":"","land_category":"공원","area_sqm":6556.7,"area_band":"5,000㎡ 이상","interest_category":"공원","solar_candidate":"검토필요","candidate_reason":"도시공원 관련 법령 및 공원시설 기준 검토 필요; 면적 6,557㎡","priority_score":45,"source":"경기부동산포털 국공유지조회·연속지적도","source_date":"2026-08-11","installed_solar_match":false}},{"type":"Feature","id":"4137010700104960001","geometry":{"type":"Point","coordinates":[127.0496807,37.1755365]},"properties":{"pnu":"4137010700104960001","municipality_code":"41370","municipality":"오산시","district":"오산시","locality":"금암동","address":"오산시 금암동 496-1","owner_type":"시·군유지","owner_label":"오산시","manager":"","property_class":"","land_category":"공원","area_sqm":6449.2,"area_band":"5,000㎡ 이상","interest_category":"공원","solar_candidate":"검토필요","candidate_reason":"도시공원 관련 법령 및 공원시설 기준 검토 필요; 면적 6,449㎡","priority_score":45,"source":"경기부동산포털 국공유지조회·연속지적도","source_date":"2026-08-11","installed_solar_match":false}},{"type":"Feature","id":"4137011100106360001","geometry":{"type":"Point","coordinates":[127.0486204,37.1850247]},"properties":{"pnu":"4137011100106360001","municipality_code":"41370","municipality":"오산시","district":"오산시","locality":"외삼미동","address":"오산시 외삼미동 636-1","owner_type":"시·군유지","owner_label":"오산시","manager":"","property_class":"","land_category":"공원","area_sqm":6263.9,"area_band":"5,000㎡ 이상","interest_category":"공원","solar_candidate":"검토필요","candidate_reason":"도시공원 관련 법령 및 공원시설 기준 검토 필요; 면적 6,264㎡","priority_score":45,"source":"경기부동산포털 국공유지조회·연속지적도","source_date":"2026-08-11","installed_solar_match":false}},{"type":"Feature","id":"4137012400101080000","geometry":{"type":"Point","coordinates":[127.0664986,37.1342796]},"properties":{"pnu":"4137012400101080000","municipality_code":"41370","municipality":"오산시","district":"오산시","locality":"갈곶동","address":"오산시 갈곶동 108","owner_type":"시·군유지","owner_label":"오산시","manager":"","property_class":"","land_category":"공원","area_sqm":6001.4,"area_band":"5,000㎡ 이상","interest_category":"공원","solar_candidate":"검토필요","candidate_reason":"도시공원 관련 법령 및 공원시설 기준 검토 필요; 면적 6,001㎡","priority_score":45,"source":"경기부동산포털 국공유지조회·연속지적도","source_date":"2026-08-11","installed_solar_match":false}},{"type":"Feature","id":"4137011000108970001","geometry":{"type":"Point","coordinates":[127.063471,37.1722168]},"properties":{"pnu":"4137011000108970001","municipality_code":"41370","municipality":"오산시","district":"오산시","locality":"내삼미동","address":"오산시 내삼미동 897-1","owner_type":"시·군유지","owner_label":"오산시","manager":"","property_class":"","land_category":"공원","area_sqm":5951.3,"area_band":"5,000㎡ 이상","interest_category":"공원","solar_candidate":"검토필요","candidate_reason":"도시공원 관련 법령 및 공원시설 기준 검토 필요; 면적 5,951㎡","priority_score":45,"source":"경기부동산포털 국공유지조회·연속지적도","source_date":"2026-08-11","installed_solar_match":false}},{"type":"Feature","id":"4137012100103990003","geometry":{"type":"Point","coordinates":[127.0468064,37.1442274]},"properties":{"pnu":"4137012100103990003","municipality_code":"41370","municipality":"오산시","district":"오산시","locality":"가수동","address":"오산시 가수동 399-3","owner_type":"시·군유지","owner_label":"오산시","manager":"","property_class":"","land_category":"공원","area_sqm":5931.8,"area_band":"5,000㎡ 이상","interest_category":"공원","solar_candidate":"검토필요","candidate_reason":"도시공원 관련 법령 및 공원시설 기준 검토 필요; 면적 5,932㎡","priority_score":45,"source":"경기부동산포털 국공유지조회·연속지적도","source_date":"2026-08-11","installed_solar_match":false}},{"type":"Feature","id":"4137011300106030002","geometry":{"type":"Point","coordinates":[127.044426,37.1851867]},"properties":{"pnu":"4137011300106030002","municipality_code":"41370","municipality":"오산시","district":"오산시","locality":"세교동","address":"오산시 세교동 603-2","owner_type":"시·군유지","owner_label":"오산시","manager":"","property_class":"","land_category":"공원","area_sqm":5870.6,"area_band":"5,000㎡ 이상","interest_category":"공원","solar_candidate":"검토필요","candidate_reason":"도시공원 관련 법령 및 공원시설 기준 검토 필요; 면적 5,871㎡","priority_score":45,"source":"경기부동산포털 국공유지조회·연속지적도","source_date":"2026-08-11","installed_solar_match":false}},{"type":"Feature","id":"4137011600106560000","geometry":{"type":"Point","coordinates":[127.0462143,37.1433212]},"properties":{"pnu":"4137011600106560000","municipality_code":"41370","municipality":"오산시","district":"오산시","locality":"서동","address":"오산시 서동 656","owner_type":"시·군유지","owner_label":"오산시","manager":"","property_class":"","land_category":"공원","area_sqm":5839.0,"area_band":"5,000㎡ 이상","interest_category":"공원","solar_candidate":"검토필요","candidate_reason":"도시공원 관련 법령 및 공원시설 기준 검토 필요; 면적 5,839㎡","priority_score":45,"source":"경기부동산포털 국공유지조회·연속지적도","source_date":"2026-08-11","installed_solar_match":false}},{"type":"Feature","id":"4137011000109040000","geometry":{"type":"Point","coordinates":[127.0498306,37.1837313]},"properties":{"pnu":"4137011000109040000","municipality_code":"41370","municipality":"오산시","district":"오산시","locality":"내삼미동","address":"오산시 내삼미동 904","owner_type":"시·군유지","owner_label":"오산시","manager":"","property_class":"","land_category":"공원","area_sqm":5825.9,"area_band":"5,000㎡ 이상","interest_category":"공원","solar_candidate":"검토필요","candidate_reason":"도시공원 관련 법령 및 공원시설 기준 검토 필요; 면적 5,826㎡","priority_score":45,"source":"경기부동산포털 국공유지조회·연속지적도","source_date":"2026-08-11","installed_solar_match":false}},{"type":"Feature","id":"4137012000106940001","geometry":{"type":"Point","coordinates":[127.0446702,37.1409919]},"properties":{"pnu":"4137012000106940001","municipality_code":"41370","municipality":"오산시","district":"오산시","locality":"누읍동","address":"오산시 누읍동 694-1","owner_type":"시·군유지","owner_label":"오산시","manager":"","property_class":"","land_category":"공원","area_sqm":5561.6,"area_band":"5,000㎡ 이상","interest_category":"공원","solar_candidate":"검토필요","candidate_reason":"도시공원 관련 법령 및 공원시설 기준 검토 필요; 면적 5,562㎡","priority_score":45,"source":"경기부동산포털 국공유지조회·연속지적도","source_date":"2026-08-11","installed_solar_match":false}},{"type":"Feature","id":"4137011900103200002","geometry":{"type":"Point","coordinates":[127.0495761,37.1345306]},"properties":{"pnu":"4137011900103200002","municipality_code":"41370","municipality":"오산시","district":"오산시","locality":"탑동","address":"오산시 탑동 320-2","owner_type":"시·군유지","owner_label":"오산시","manager":"","property_class":"","land_category":"공원","area_sqm":5444.6,"area_band":"5,000㎡ 이상","interest_category":"공원","solar_candidate":"검토필요","candidate_reason":"도시공원 관련 법령 및 공원시설 기준 검토 필요; 면적 5,445㎡","priority_score":45,"source":"경기부동산포털 국공유지조회·연속지적도","source_date":"2026-08-11","installed_solar_match":false}},{"type":"Feature","id":"4137010800106230001","geometry":{"type":"Point","coordinates":[127.0646202,37.1683213]},"properties":{"pnu":"4137010800106230001","municipality_code":"41370","municipality":"오산시","district":"오산시","locality":"수청동","address":"오산시 수청동 623-1","owner_type":"시·군유지","owner_label":"오산시","manager":"","property_class":"","land_category":"공원","area_sqm":5344.6,"area_band":"5,000㎡ 이상","interest_category":"공원","solar_candidate":"검토필요","candidate_reason":"도시공원 관련 법령 및 공원시설 기준 검토 필요; 면적 5,345㎡","priority_score":45,"source":"경기부동산포털 국공유지조회·연속지적도","source_date":"2026-08-11","installed_solar_match":false}},{"type":"Feature","id":"4137010200107790002","geometry":{"type":"Point","coordinates":[127.0776881,37.1536484]},"properties":{"pnu":"4137010200107790002","municipality_code":"41370","municipality":"오산시","district":"오산시","locality":"부산동","address":"오산시 부산동 779-2","owner_type":"시·군유지","owner_label":"오산시","manager":"","property_class":"","land_category":"공원","area_sqm":5200.2,"area_band":"5,000㎡ 이상","interest_category":"공원","solar_candidate":"검토필요","candidate_reason":"도시공원 관련 법령 및 공원시설 기준 검토 필요; 면적 5,200㎡","priority_score":45,"source":"경기부동산포털 국공유지조회·연속지적도","source_date":"2026-08-11","installed_solar_match":false}},{"type":"Feature","id":"4137010600103750005","geometry":{"type":"Point","coordinates":[127.0401346,37.1624329]},"properties":{"pnu":"4137010600103750005","municipality_code":"41370","municipality":"오산시","district":"오산시","locality":"가장동","address":"오산시 가장동 375-5","owner_type":"시·군유지","owner_label":"오산시","manager":"","property_class":"","land_category":"대","area_sqm":992.4,"area_band":"500~1,000㎡","interest_category":"대","solar_candidate":"검토필요","candidate_reason":"청사·공공건축물·주차장 현황 추가 확인 필요; 면적 992㎡","priority_score":45,"source":"경기부동산포털 국공유지조회·연속지적도","source_date":"2026-08-11","installed_solar_match":false}},{"type":"Feature","id":"4137012400103020023","geometry":{"type":"Point","coordinates":[127.076742,37.1273386]},"properties":{"pnu":"4137012400103020023","municipality_code":"41370","municipality":"오산시","district":"오산시","locality":"갈곶동","address":"오산시 갈곶동 302-23","owner_type":"시·군유지","owner_label":"오산시","manager":"","property_class":"","land_category":"대","area_sqm":963.0,"area_band":"500~1,000㎡","interest_category":"대","solar_candidate":"검토필요","candidate_reason":"청사·공공건축물·주차장 현황 추가 확인 필요; 면적 963㎡","priority_score":45,"source":"경기부동산포털 국공유지조회·연속지적도","source_date":"2026-08-11","installed_solar_match":false}},{"type":"Feature","id":"4137010800100690043","geometry":{"type":"Point","coordinates":[127.0695332,37.1637328]},"properties":{"pnu":"4137010800100690043","municipality_code":"41370","municipality":"오산시","district":"오산시","locality":"수청동","address":"오산시 수청동 69-43","owner_type":"시·군유지","owner_label":"오산시","manager":"","property_class":"","land_category":"대","area_sqm":949.0,"area_band":"500~1,000㎡","interest_category":"대","solar_candidate":"검토필요","candidate_reason":"청사·공공건축물·주차장 현황 추가 확인 필요; 면적 949㎡","priority_score":45,"source":"경기부동산포털 국공유지조회·연속지적도","source_date":"2026-08-11","installed_solar_match":false}},{"type":"Feature","id":"4137010500100120001","geometry":{"type":"Point","coordinates":[127.0637318,37.1539729]},"properties":{"pnu":"4137010500100120001","municipality_code":"41370","municipality":"오산시","district":"오산시","locality":"청학동","address":"오산시 청학동 12-1","owner_type":"시·군유지","owner_label":"오산시","manager":"","property_class":"","land_category":"대","area_sqm":921.0,"area_band":"500~1,000㎡","interest_category":"대","solar_candidate":"검토필요","candidate_reason":"청사·공공건축물·주차장 현황 추가 확인 필요; 면적 921㎡","priority_score":45,"source":"경기부동산포털 국공유지조회·연속지적도","source_date":"2026-08-11","installed_solar_match":false}},{"type":"Feature","id":"4137010100108540010","geometry":{"type":"Point","coordinates":[127.0697933,37.1513219]},"properties":{"pnu":"4137010100108540010","municipality_code":"41370","municipality":"오산시","district":"오산시","locality":"오산동","address":"오산시 오산동 854-10","owner_type":"시·군유지","owner_label":"오산시","manager":"","property_class":"","land_category":"대","area_sqm":912.0,"area_band":"500~1,000㎡","interest_category":"대","solar_candidate":"검토필요","candidate_reason":"청사·공공건축물·주차장 현황 추가 확인 필요; 면적 912㎡","priority_score":45,"source":"경기부동산포털 국공유지조회·연속지적도","source_date":"2026-08-11","installed_solar_match":false}},{"type":"Feature","id":"4137011000104960002","geometry":{"type":"Point","coordinates":[127.0571119,37.1792543]},"properties":{"pnu":"4137011000104960002","municipality_code":"41370","municipality":"오산시","district":"오산시","locality":"내삼미동","address":"오산시 내삼미동 496-2","owner_type":"시·군유지","owner_label":"오산시","manager":"","property_class":"","land_category":"대","area_sqm":912.0,"area_band":"500~1,000㎡","interest_category":"대","solar_candidate":"검토필요","candidate_reason":"청사·공공건축물·주차장 현황 추가 확인 필요; 면적 912㎡","priority_score":45,"source":"경기부동산포털 국공유지조회·연속지적도","source_date":"2026-08-11","installed_solar_match":false}},{"type":"Feature","id":"4137010300101190191","geometry":{"type":"Point","coordinates":[127.0812475,37.1422952]},"properties":{"pnu":"4137010300101190191","municipality_code":"41370","municipality":"오산시","district":"오산시","locality":"원동","address":"오산시 원동 119-191","owner_type":"시·군유지","owner_label":"오산시","manager":"","property_class":"","land_category":"대","area_sqm":892.0,"area_band":"500~1,000㎡","interest_category":"대","solar_candidate":"검토필요","candidate_reason":"청사·공공건축물·주차장 현황 추가 확인 필요; 면적 892㎡","priority_score":45,"source":"경기부동산포털 국공유지조회·연속지적도","source_date":"2026-08-11","installed_solar_match":false}},{"type":"Feature","id":"4137010800105570000","geometry":{"type":"Point","coordinates":[127.0588428,37.1720057]},"properties":{"pnu":"4137010800105570000","municipality_code":"41370","municipality":"오산시","district":"오산시","locality":"수청동","address":"오산시 수청동 557","owner_type":"시·군유지","owner_label":"오산시","manager":"","property_class":"","land_category":"대","area_sqm":857.9,"area_band":"500~1,000㎡","interest_category":"대","solar_candidate":"검토필요","candidate_reason":"청사·공공건축물·주차장 현황 추가 확인 필요; 면적 858㎡","priority_score":45,"source":"경기부동산포털 국공유지조회·연속지적도","source_date":"2026-08-11","installed_solar_match":false}},{"type":"Feature","id":"4137010400105850002","geometry":{"type":"Point","coordinates":[127.0639377,37.1600089]},"properties":{"pnu":"4137010400105850002","municipality_code":"41370","municipality":"오산시","district":"오산시","locality":"궐동","address":"오산시 궐동 585-2","owner_type":"시·군유지","owner_label":"오산시","manager":"","property_class":"","land_category":"대","area_sqm":807.1,"area_band":"500~1,000㎡","interest_category":"대","solar_candidate":"검토필요","candidate_reason":"청사·공공건축물·주차장 현황 추가 확인 필요; 면적 807㎡","priority_score":45,"source":"경기부동산포털 국공유지조회·연속지적도","source_date":"2026-08-11","installed_solar_match":false}},{"type":"Feature","id":"4137010300101190193","geometry":{"type":"Point","coordinates":[127.081264,37.1416573]},"properties":{"pnu":"4137010300101190193","municipality_code":"41370","municipality":"오산시","district":"오산시","locality":"원동","address":"오산시 원동 119-193","owner_type":"시·군유지","owner_label":"오산시","manager":"","property_class":"","land_category":"대","area_sqm":749.0,"area_band":"500~1,000㎡","interest_category":"대","solar_candidate":"검토필요","candidate_reason":"청사·공공건축물·주차장 현황 추가 확인 필요; 면적 749㎡","priority_score":45,"source":"경기부동산포털 국공유지조회·연속지적도","source_date":"2026-08-11","installed_solar_match":false}},{"type":"Feature","id":"4137010100108710001","geometry":{"type":"Point","coordinates":[127.0705577,37.1491735]},"properties":{"pnu":"4137010100108710001","municipality_code":"41370","municipality":"오산시","district":"오산시","locality":"오산동","address":"오산시 오산동 871-1","owner_type":"시·군유지","owner_label":"오산시","manager":"","property_class":"","land_category":"대","area_sqm":727.3,"area_band":"500~1,000㎡","interest_category":"대","solar_candidate":"검토필요","candidate_reason":"청사·공공건축물·주차장 현황 추가 확인 필요; 면적 727㎡","priority_score":45,"source":"경기부동산포털 국공유지조회·연속지적도","source_date":"2026-08-11","installed_solar_match":false}},{"type":"Feature","id":"4137010400106380002","geometry":{"type":"Point","coordinates":[127.0631185,37.1588638]},"properties":{"pnu":"4137010400106380002","municipality_code":"41370","municipality":"오산시","district":"오산시","locality":"궐동","address":"오산시 궐동 638-2","owner_type":"시·군유지","owner_label":"오산시","manager":"","property_class":"","land_category":"대","area_sqm":727.0,"area_band":"500~1,000㎡","interest_category":"대","solar_candidate":"검토필요","candidate_reason":"청사·공공건축물·주차장 현황 추가 확인 필요; 면적 727㎡","priority_score":45,"source":"경기부동산포털 국공유지조회·연속지적도","source_date":"2026-08-11","installed_solar_match":false}},{"type":"Feature","id":"4137010900100440024","geometry":{"type":"Point","coordinates":[127.0728915,37.1612604]},"properties":{"pnu":"4137010900100440024","municipality_code":"41370","municipality":"오산시","district":"오산시","locality":"은계동","address":"오산시 은계동 44-24","owner_type":"시·군유지","owner_label":"오산시","manager":"","property_class":"","land_category":"대","area_sqm":726.0,"area_band":"500~1,000㎡","interest_category":"대","solar_candidate":"검토필요","candidate_reason":"청사·공공건축물·주차장 현황 추가 확인 필요; 면적 726㎡","priority_score":45,"source":"경기부동산포털 국공유지조회·연속지적도","source_date":"2026-08-11","installed_solar_match":false}},{"type":"Feature","id":"4137011300105090016","geometry":{"type":"Point","coordinates":[127.0365736,37.1852159]},"properties":{"pnu":"4137011300105090016","municipality_code":"41370","municipality":"오산시","district":"오산시","locality":"세교동","address":"오산시 세교동 509-16","owner_type":"시·군유지","owner_label":"오산시","manager":"","property_class":"","land_category":"대","area_sqm":722.7,"area_band":"500~1,000㎡","interest_category":"대","solar_candidate":"검토필요","candidate_reason":"청사·공공건축물·주차장 현황 추가 확인 필요; 면적 723㎡","priority_score":45,"source":"경기부동산포털 국공유지조회·연속지적도","source_date":"2026-08-11","installed_solar_match":false}},{"type":"Feature","id":"4137012000106270002","geometry":{"type":"Point","coordinates":[127.0533001,37.1399507]},"properties":{"pnu":"4137012000106270002","municipality_code":"41370","municipality":"오산시","district":"오산시","locality":"누읍동","address":"오산시 누읍동 627-2","owner_type":"시·군유지","owner_label":"오산시","manager":"","property_class":"","land_category":"대","area_sqm":720.6,"area_band":"500~1,000㎡","interest_category":"대","solar_candidate":"검토필요","candidate_reason":"청사·공공건축물·주차장 현황 추가 확인 필요; 면적 721㎡","priority_score":45,"source":"경기부동산포털 국공유지조회·연속지적도","source_date":"2026-08-11","installed_solar_match":false}},{"type":"Feature","id":"4137010300104040012","geometry":{"type":"Point","coordinates":[127.0723285,37.1381436]},"properties":{"pnu":"4137010300104040012","municipality_code":"41370","municipality":"오산시","district":"오산시","locality":"원동","address":"오산시 원동 404-12","owner_type":"시·군유지","owner_label":"오산시","manager":"","property_class":"","land_category":"대","area_sqm":697.9,"area_band":"500~1,000㎡","interest_category":"대","solar_candidate":"검토필요","candidate_reason":"청사·공공건축물·주차장 현황 추가 확인 필요; 면적 698㎡","priority_score":45,"source":"경기부동산포털 국공유지조회·연속지적도","source_date":"2026-08-11","installed_solar_match":false}},{"type":"Feature","id":"4137010100103540001","geometry":{"type":"Point","coordinates":[127.0698695,37.1546943]},"properties":{"pnu":"4137010100103540001","municipality_code":"41370","municipality":"오산시","district":"오산시","locality":"오산동","address":"오산시 오산동 354-1","owner_type":"시·군유지","owner_label":"오산시","manager":"","property_class":"","land_category":"대","area_sqm":676.0,"area_band":"500~1,000㎡","interest_category":"대","solar_candidate":"검토필요","candidate_reason":"청사·공공건축물·주차장 현황 추가 확인 필요; 면적 676㎡","priority_score":45,"source":"경기부동산포털 국공유지조회·연속지적도","source_date":"2026-08-11","installed_solar_match":false}},{"type":"Feature","id":"4137010100108140029","geometry":{"type":"Point","coordinates":[127.0762506,37.1594851]},"properties":{"pnu":"4137010100108140029","municipality_code":"41370","municipality":"오산시","district":"오산시","locality":"오산동","address":"오산시 오산동 814-29","owner_type":"시·군유지","owner_label":"오산시","manager":"","property_class":"","land_category":"대","area_sqm":676.0,"area_band":"500~1,000㎡","interest_category":"대","solar_candidate":"검토필요","candidate_reason":"청사·공공건축물·주차장 현황 추가 확인 필요; 면적 676㎡","priority_score":45,"source":"경기부동산포털 국공유지조회·연속지적도","source_date":"2026-08-11","installed_solar_match":false}},{"type":"Feature","id":"4137012000105180004","geometry":{"type":"Point","coordinates":[127.0475533,37.139593]},"properties":{"pnu":"4137012000105180004","municipality_code":"41370","municipality":"오산시","district":"오산시","locality":"누읍동","address":"오산시 누읍동 518-4","owner_type":"시·군유지","owner_label":"오산시","manager":"","property_class":"","land_category":"대","area_sqm":673.0,"area_band":"500~1,000㎡","interest_category":"대","solar_candidate":"검토필요","candidate_reason":"청사·공공건축물·주차장 현황 추가 확인 필요; 면적 673㎡","priority_score":45,"source":"경기부동산포털 국공유지조회·연속지적도","source_date":"2026-08-11","installed_solar_match":false}},{"type":"Feature","id":"4137010200102190002","geometry":{"type":"Point","coordinates":[127.086636,37.1605515]},"properties":{"pnu":"4137010200102190002","municipality_code":"41370","municipality":"오산시","district":"오산시","locality":"부산동","address":"오산시 부산동 219-2","owner_type":"시·군유지","owner_label":"오산시","manager":"","property_class":"","land_category":"대","area_sqm":659.0,"area_band":"500~1,000㎡","interest_category":"대","solar_candidate":"검토필요","candidate_reason":"청사·공공건축물·주차장 현황 추가 확인 필요; 면적 659㎡","priority_score":45,"source":"경기부동산포털 국공유지조회·연속지적도","source_date":"2026-08-11","installed_solar_match":false}},{"type":"Feature","id":"4137010800100100065","geometry":{"type":"Point","coordinates":[127.0697347,37.1676008]},"properties":{"pnu":"4137010800100100065","municipality_code":"41370","municipality":"오산시","district":"오산시","locality":"수청동","address":"오산시 수청동 10-65","owner_type":"시·군유지","owner_label":"오산시","manager":"","property_class":"","land_category":"대","area_sqm":647.0,"area_band":"500~1,000㎡","interest_category":"대","solar_candidate":"검토필요","candidate_reason":"청사·공공건축물·주차장 현황 추가 확인 필요; 면적 647㎡","priority_score":45,"source":"경기부동산포털 국공유지조회·연속지적도","source_date":"2026-08-11","installed_solar_match":false}},{"type":"Feature","id":"4137010100108110027","geometry":{"type":"Point","coordinates":[127.0767831,37.159764]},"properties":{"pnu":"4137010100108110027","municipality_code":"41370","municipality":"오산시","district":"오산시","locality":"오산동","address":"오산시 오산동 811-27","owner_type":"시·군유지","owner_label":"오산시","manager":"","property_class":"","land_category":"대","area_sqm":631.0,"area_band":"500~1,000㎡","interest_category":"대","solar_candidate":"검토필요","candidate_reason":"청사·공공건축물·주차장 현황 추가 확인 필요; 면적 631㎡","priority_score":45,"source":"경기부동산포털 국공유지조회·연속지적도","source_date":"2026-08-11","installed_solar_match":false}},{"type":"Feature","id":"4137010100103160047","geometry":{"type":"Point","coordinates":[127.0707759,37.1534308]},"properties":{"pnu":"4137010100103160047","municipality_code":"41370","municipality":"오산시","district":"오산시","locality":"오산동","address":"오산시 오산동 316-47","owner_type":"시·군유지","owner_label":"오산시","manager":"","property_class":"","land_category":"대","area_sqm":624.0,"area_band":"500~1,000㎡","interest_category":"대","solar_candidate":"검토필요","candidate_reason":"청사·공공건축물·주차장 현황 추가 확인 필요; 면적 624㎡","priority_score":45,"source":"경기부동산포털 국공유지조회·연속지적도","source_date":"2026-08-11","installed_solar_match":false}},{"type":"Feature","id":"4137012400100070000","geometry":{"type":"Point","coordinates":[127.0603591,37.1332532]},"properties":{"pnu":"4137012400100070000","municipality_code":"41370","municipality":"오산시","district":"오산시","locality":"갈곶동","address":"오산시 갈곶동 7","owner_type":"시·군유지","owner_label":"오산시","manager":"","property_class":"","land_category":"대","area_sqm":610.0,"area_band":"500~1,000㎡","interest_category":"대","solar_candidate":"검토필요","candidate_reason":"청사·공공건축물·주차장 현황 추가 확인 필요; 면적 610㎡","priority_score":45,"source":"경기부동산포털 국공유지조회·연속지적도","source_date":"2026-08-11","installed_solar_match":false}},{"type":"Feature","id":"4137011800100410002","geometry":{"type":"Point","coordinates":[127.0417149,37.1300759]},"properties":{"pnu":"4137011800100410002","municipality_code":"41370","municipality":"오산시","district":"오산시","locality":"두곡동","address":"오산시 두곡동 41-2","owner_type":"시·군유지","owner_label":"오산시","manager":"","property_class":"","land_category":"대","area_sqm":603.0,"area_band":"500~1,000㎡","interest_category":"대","solar_candidate":"검토필요","candidate_reason":"청사·공공건축물·주차장 현황 추가 확인 필요; 면적 603㎡","priority_score":45,"source":"경기부동산포털 국공유지조회·연속지적도","source_date":"2026-08-11","installed_solar_match":false}},{"type":"Feature","id":"4137010100106240006","geometry":{"type":"Point","coordinates":[127.0664125,37.1474123]},"properties":{"pnu":"4137010100106240006","municipality_code":"41370","municipality":"오산시","district":"오산시","locality":"오산동","address":"오산시 오산동 624-6","owner_type":"시·군유지","owner_label":"오산시","manager":"","property_class":"","land_category":"대","area_sqm":538.3,"area_band":"500~1,000㎡","interest_category":"대","solar_candidate":"검토필요","candidate_reason":"청사·공공건축물·주차장 현황 추가 확인 필요; 면적 538㎡","priority_score":45,"source":"경기부동산포털 국공유지조회·연속지적도","source_date":"2026-08-11","installed_solar_match":false}},{"type":"Feature","id":"4137010300108070004","geometry":{"type":"Point","coordinates":[127.0722226,37.1334736]},"properties":{"pnu":"4137010300108070004","municipality_code":"41370","municipality":"오산시","district":"오산시","locality":"원동","address":"오산시 원동 807-4","owner_type":"시·군유지","owner_label":"오산시","manager":"","property_class":"","land_category":"대","area_sqm":530.2,"area_band":"500~1,000㎡","interest_category":"대","solar_candidate":"검토필요","candidate_reason":"청사·공공건축물·주차장 현황 추가 확인 필요; 면적 530㎡","priority_score":45,"source":"경기부동산포털 국공유지조회·연속지적도","source_date":"2026-08-11","installed_solar_match":false}},{"type":"Feature","id":"4137010100103150002","geometry":{"type":"Point","coordinates":[127.0706396,37.1532716]},"properties":{"pnu":"4137010100103150002","municipality_code":"41370","municipality":"오산시","district":"오산시","locality":"오산동","address":"오산시 오산동 315-2","owner_type":"시·군유지","owner_label":"오산시","manager":"","property_class":"","land_category":"대","area_sqm":528.0,"area_band":"500~1,000㎡","interest_category":"대","solar_candidate":"검토필요","candidate_reason":"청사·공공건축물·주차장 현황 추가 확인 필요; 면적 528㎡","priority_score":45,"source":"경기부동산포털 국공유지조회·연속지적도","source_date":"2026-08-11","installed_solar_match":false}},{"type":"Feature","id":"4137010600101570008","geometry":{"type":"Point","coordinates":[127.0327607,37.1615279]},"properties":{"pnu":"4137010600101570008","municipality_code":"41370","municipality":"오산시","district":"오산시","locality":"가장동","address":"오산시 가장동 157-8","owner_type":"시·군유지","owner_label":"오산시","manager":"","property_class":"","land_category":"공장용지","area_sqm":709.0,"area_band":"500~1,000㎡","interest_category":"공장용지","solar_candidate":"검토필요","candidate_reason":"지목·면적 기준 1차 검토 대상; 면적 709㎡","priority_score":42,"source":"경기부동산포털 국공유지조회·연속지적도","source_date":"2026-08-11","installed_solar_match":false}},{"type":"Feature","id":"4137010300105280005","geometry":{"type":"Point","coordinates":[127.0762264,37.1340916]},"properties":{"pnu":"4137010300105280005","municipality_code":"41370","municipality":"오산시","district":"오산시","locality":"원동","address":"오산시 원동 528-5","owner_type":"시·군유지","owner_label":"오산시","manager":"","property_class":"","land_category":"공장용지","area_sqm":606.0,"area_band":"500~1,000㎡","interest_category":"공장용지","solar_candidate":"검토필요","candidate_reason":"지목·면적 기준 1차 검토 대상; 면적 606㎡","priority_score":42,"source":"경기부동산포털 국공유지조회·연속지적도","source_date":"2026-08-11","installed_solar_match":false}},{"type":"Feature","id":"4137011100104930005","geometry":{"type":"Point","coordinates":[127.044303,37.1970014]},"properties":{"pnu":"4137011100104930005","municipality_code":"41370","municipality":"오산시","district":"오산시","locality":"외삼미동","address":"오산시 외삼미동 493-5","owner_type":"시·군유지","owner_label":"오산시","manager":"","property_class":"","land_category":"공장용지","area_sqm":592.0,"area_band":"500~1,000㎡","interest_category":"공장용지","solar_candidate":"검토필요","candidate_reason":"지목·면적 기준 1차 검토 대상; 면적 592㎡","priority_score":42,"source":"경기부동산포털 국공유지조회·연속지적도","source_date":"2026-08-11","installed_solar_match":false}},{"type":"Feature","id":"4137011200100330009","geometry":{"type":"Point","coordinates":[127.02945,37.1949364]},"properties":{"pnu":"4137011200100330009","municipality_code":"41370","municipality":"오산시","district":"오산시","locality":"양산동","address":"오산시 양산동 33-9","owner_type":"시·군유지","owner_label":"오산시","manager":"","property_class":"","land_category":"도로","area_sqm":81538.0,"area_band":"5,000㎡ 이상","interest_category":"도로","solar_candidate":"검토필요","candidate_reason":"도로점용 및 실제 이용형태 추가 검토 필요; 면적 81,538㎡","priority_score":40,"source":"경기부동산포털 국공유지조회·연속지적도","source_date":"2026-08-11","installed_solar_match":false}},{"type":"Feature","id":"4137011300103030004","geometry":{"type":"Point","coordinates":[127.0385108,37.1847187]},"properties":{"pnu":"4137011300103030004","municipality_code":"41370","municipality":"오산시","district":"오산시","locality":"세교동","address":"오산시 세교동 303-4","owner_type":"시·군유지","owner_label":"오산시","manager":"","property_class":"","land_category":"도로","area_sqm":58195.0,"area_band":"5,000㎡ 이상","interest_category":"도로","solar_candidate":"검토필요","candidate_reason":"도로점용 및 실제 이용형태 추가 검토 필요; 면적 58,195㎡","priority_score":40,"source":"경기부동산포털 국공유지조회·연속지적도","source_date":"2026-08-11","installed_solar_match":false}},{"type":"Feature","id":"4137010600100030003","geometry":{"type":"Point","coordinates":[127.0417269,37.161916]},"properties":{"pnu":"4137010600100030003","municipality_code":"41370","municipality":"오산시","district":"오산시","locality":"가장동","address":"오산시 가장동 3-3","owner_type":"시·군유지","owner_label":"오산시","manager":"","property_class":"","land_category":"도로","area_sqm":42962.0,"area_band":"5,000㎡ 이상","interest_category":"도로","solar_candidate":"검토필요","candidate_reason":"도로점용 및 실제 이용형태 추가 검토 필요; 면적 42,962㎡","priority_score":40,"source":"경기부동산포털 국공유지조회·연속지적도","source_date":"2026-08-11","installed_solar_match":false}},{"type":"Feature","id":"4137010700102980000","geometry":{"type":"Point","coordinates":[127.0428115,37.1703667]},"properties":{"pnu":"4137010700102980000","municipality_code":"41370","municipality":"오산시","district":"오산시","locality":"금암동","address":"오산시 금암동 298","owner_type":"시·군유지","owner_label":"오산시","manager":"","property_class":"","land_category":"도로","area_sqm":42781.0,"area_band":"5,000㎡ 이상","interest_category":"도로","solar_candidate":"검토필요","candidate_reason":"도로점용 및 실제 이용형태 추가 검토 필요; 면적 42,781㎡","priority_score":40,"source":"경기부동산포털 국공유지조회·연속지적도","source_date":"2026-08-11","installed_solar_match":false}},{"type":"Feature","id":"4137010700100460003","geometry":{"type":"Point","coordinates":[127.04093,37.1749327]},"properties":{"pnu":"4137010700100460003","municipality_code":"41370","municipality":"오산시","district":"오산시","locality":"금암동","address":"오산시 금암동 46-3","owner_type":"시·군유지","owner_label":"오산시","manager":"","property_class":"","land_category":"도로","area_sqm":39142.0,"area_band":"5,000㎡ 이상","interest_category":"도로","solar_candidate":"검토필요","candidate_reason":"도로점용 및 실제 이용형태 추가 검토 필요; 면적 39,142㎡","priority_score":40,"source":"경기부동산포털 국공유지조회·연속지적도","source_date":"2026-08-11","installed_solar_match":false}},{"type":"Feature","id":"4137010700105450000","geometry":{"type":"Point","coordinates":[127.046247,37.1779332]},"properties":{"pnu":"4137010700105450000","municipality_code":"41370","municipality":"오산시","district":"오산시","locality":"금암동","address":"오산시 금암동 545","owner_type":"시·군유지","owner_label":"오산시","manager":"","property_class":"","land_category":"도로","area_sqm":38357.1,"area_band":"5,000㎡ 이상","interest_category":"도로","solar_candidate":"검토필요","candidate_reason":"도로점용 및 실제 이용형태 추가 검토 필요; 면적 38,357㎡","priority_score":40,"source":"경기부동산포털 국공유지조회·연속지적도","source_date":"2026-08-11","installed_solar_match":false}},{"type":"Feature","id":"4137011100100720002","geometry":{"type":"Point","coordinates":[127.059717,37.1959462]},"properties":{"pnu":"4137011100100720002","municipality_code":"41370","municipality":"오산시","district":"오산시","locality":"외삼미동","address":"오산시 외삼미동 72-2","owner_type":"시·군유지","owner_label":"오산시","manager":"","property_class":"","land_category":"도로","area_sqm":37597.0,"area_band":"5,000㎡ 이상","interest_category":"도로","solar_candidate":"검토필요","candidate_reason":"도로점용 및 실제 이용형태 추가 검토 필요; 면적 37,597㎡","priority_score":40,"source":"경기부동산포털 국공유지조회·연속지적도","source_date":"2026-08-11","installed_solar_match":false}},{"type":"Feature","id":"4137010800106380000","geometry":{"type":"Point","coordinates":[127.0636458,37.1696586]},"properties":{"pnu":"4137010800106380000","municipality_code":"41370","municipality":"오산시","district":"오산시","locality":"수청동","address":"오산시 수청동 638","owner_type":"시·군유지","owner_label":"오산시","manager":"","property_class":"","land_category":"도로","area_sqm":33088.3,"area_band":"5,000㎡ 이상","interest_category":"도로","solar_candidate":"검토필요","candidate_reason":"도로점용 및 실제 이용형태 추가 검토 필요; 면적 33,088㎡","priority_score":40,"source":"경기부동산포털 국공유지조회·연속지적도","source_date":"2026-08-11","installed_solar_match":false}},{"type":"Feature","id":"4137011300106290000","geometry":{"type":"Point","coordinates":[127.0423883,37.1836981]},"properties":{"pnu":"4137011300106290000","municipality_code":"41370","municipality":"오산시","district":"오산시","locality":"세교동","address":"오산시 세교동 629","owner_type":"시·군유지","owner_label":"오산시","manager":"","property_class":"","land_category":"도로","area_sqm":32948.7,"area_band":"5,000㎡ 이상","interest_category":"도로","solar_candidate":"검토필요","candidate_reason":"도로점용 및 실제 이용형태 추가 검토 필요; 면적 32,949㎡","priority_score":40,"source":"경기부동산포털 국공유지조회·연속지적도","source_date":"2026-08-11","installed_solar_match":false}},{"type":"Feature","id":"4137010400107690000","geometry":{"type":"Point","coordinates":[127.0501611,37.1686303]},"properties":{"pnu":"4137010400107690000","municipality_code":"41370","municipality":"오산시","district":"오산시","locality":"궐동","address":"오산시 궐동 769","owner_type":"시·군유지","owner_label":"오산시","manager":"","property_class":"","land_category":"도로","area_sqm":32177.8,"area_band":"5,000㎡ 이상","interest_category":"도로","solar_candidate":"검토필요","candidate_reason":"도로점용 및 실제 이용형태 추가 검토 필요; 면적 32,178㎡","priority_score":40,"source":"경기부동산포털 국공유지조회·연속지적도","source_date":"2026-08-11","installed_solar_match":false}},{"type":"Feature","id":"4137011300105940000","geometry":{"type":"Point","coordinates":[127.0454576,37.1894154]},"properties":{"pnu":"4137011300105940000","municipality_code":"41370","municipality":"오산시","district":"오산시","locality":"세교동","address":"오산시 세교동 594","owner_type":"시·군유지","owner_label":"오산시","manager":"","property_class":"","land_category":"도로","area_sqm":31972.9,"area_band":"5,000㎡ 이상","interest_category":"도로","solar_candidate":"검토필요","candidate_reason":"도로점용 및 실제 이용형태 추가 검토 필요; 면적 31,973㎡","priority_score":40,"source":"경기부동산포털 국공유지조회·연속지적도","source_date":"2026-08-11","installed_solar_match":false}},{"type":"Feature","id":"4137011400100370007","geometry":{"type":"Point","coordinates":[127.0273034,37.1782934]},"properties":{"pnu":"4137011400100370007","municipality_code":"41370","municipality":"오산시","district":"오산시","locality":"지곶동","address":"오산시 지곶동 37-7","owner_type":"시·군유지","owner_label":"오산시","manager":"","property_class":"","land_category":"도로","area_sqm":29840.0,"area_band":"5,000㎡ 이상","interest_category":"도로","solar_candidate":"검토필요","candidate_reason":"도로점용 및 실제 이용형태 추가 검토 필요; 면적 29,840㎡","priority_score":40,"source":"경기부동산포털 국공유지조회·연속지적도","source_date":"2026-08-11","installed_solar_match":false}},{"type":"Feature","id":"4137010500103140000","geometry":{"type":"Point","coordinates":[127.0534866,37.1503863]},"properties":{"pnu":"4137010500103140000","municipality_code":"41370","municipality":"오산시","district":"오산시","locality":"청학동","address":"오산시 청학동 314","owner_type":"시·군유지","owner_label":"오산시","manager":"","property_class":"","land_category":"도로","area_sqm":29833.6,"area_band":"5,000㎡ 이상","interest_category":"도로","solar_candidate":"검토필요","candidate_reason":"도로점용 및 실제 이용형태 추가 검토 필요; 면적 29,834㎡","priority_score":40,"source":"경기부동산포털 국공유지조회·연속지적도","source_date":"2026-08-11","installed_solar_match":false}},{"type":"Feature","id":"4137011000109020000","geometry":{"type":"Point","coordinates":[127.0634415,37.1759657]},"properties":{"pnu":"4137011000109020000","municipality_code":"41370","municipality":"오산시","district":"오산시","locality":"내삼미동","address":"오산시 내삼미동 902","owner_type":"시·군유지","owner_label":"오산시","manager":"","property_class":"","land_category":"도로","area_sqm":26088.9,"area_band":"5,000㎡ 이상","interest_category":"도로","solar_candidate":"검토필요","candidate_reason":"도로점용 및 실제 이용형태 추가 검토 필요; 면적 26,089㎡","priority_score":40,"source":"경기부동산포털 국공유지조회·연속지적도","source_date":"2026-08-11","installed_solar_match":false}},{"type":"Feature","id":"4137011000102510002","geometry":{"type":"Point","coordinates":[127.0621908,37.1801929]},"properties":{"pnu":"4137011000102510002","municipality_code":"41370","municipality":"오산시","district":"오산시","locality":"내삼미동","address":"오산시 내삼미동 251-2","owner_type":"시·군유지","owner_label":"오산시","manager":"","property_class":"","land_category":"도로","area_sqm":25811.0,"area_band":"5,000㎡ 이상","interest_category":"도로","solar_candidate":"검토필요","candidate_reason":"도로점용 및 실제 이용형태 추가 검토 필요; 면적 25,811㎡","priority_score":40,"source":"경기부동산포털 국공유지조회·연속지적도","source_date":"2026-08-11","installed_solar_match":false}},{"type":"Feature","id":"4137011900103220000","geometry":{"type":"Point","coordinates":[127.0474626,37.1342759]},"properties":{"pnu":"4137011900103220000","municipality_code":"41370","municipality":"오산시","district":"오산시","locality":"탑동","address":"오산시 탑동 322","owner_type":"시·군유지","owner_label":"오산시","manager":"","property_class":"","land_category":"도로","area_sqm":24745.3,"area_band":"5,000㎡ 이상","interest_category":"도로","solar_candidate":"검토필요","candidate_reason":"도로점용 및 실제 이용형태 추가 검토 필요; 면적 24,745㎡","priority_score":40,"source":"경기부동산포털 국공유지조회·연속지적도","source_date":"2026-08-11","installed_solar_match":false}},{"type":"Feature","id":"4137010300108540000","geometry":{"type":"Point","coordinates":[127.0711032,37.1388739]},"properties":{"pnu":"4137010300108540000","municipality_code":"41370","municipality":"오산시","district":"오산시","locality":"원동","address":"오산시 원동 854","owner_type":"시·군유지","owner_label":"오산시","manager":"","property_class":"","land_category":"도로","area_sqm":24348.8,"area_band":"5,000㎡ 이상","interest_category":"도로","solar_candidate":"검토필요","candidate_reason":"도로점용 및 실제 이용형태 추가 검토 필요; 면적 24,349㎡","priority_score":40,"source":"경기부동산포털 국공유지조회·연속지적도","source_date":"2026-08-11","installed_solar_match":false}},{"type":"Feature","id":"4137010400107150000","geometry":{"type":"Point","coordinates":[127.0587502,37.1593088]},"properties":{"pnu":"4137010400107150000","municipality_code":"41370","municipality":"오산시","district":"오산시","locality":"궐동","address":"오산시 궐동 715","owner_type":"시·군유지","owner_label":"오산시","manager":"","property_class":"","land_category":"도로","area_sqm":22861.4,"area_band":"5,000㎡ 이상","interest_category":"도로","solar_candidate":"검토필요","candidate_reason":"도로점용 및 실제 이용형태 추가 검토 필요; 면적 22,861㎡","priority_score":40,"source":"경기부동산포털 국공유지조회·연속지적도","source_date":"2026-08-11","installed_solar_match":false}},{"type":"Feature","id":"4137010400107770000","geometry":{"type":"Point","coordinates":[127.0524067,37.1669357]},"properties":{"pnu":"4137010400107770000","municipality_code":"41370","municipality":"오산시","district":"오산시","locality":"궐동","address":"오산시 궐동 777","owner_type":"시·군유지","owner_label":"오산시","manager":"","property_class":"","land_category":"도로","area_sqm":22734.7,"area_band":"5,000㎡ 이상","interest_category":"도로","solar_candidate":"검토필요","candidate_reason":"도로점용 및 실제 이용형태 추가 검토 필요; 면적 22,735㎡","priority_score":40,"source":"경기부동산포털 국공유지조회·연속지적도","source_date":"2026-08-11","installed_solar_match":false}},{"type":"Feature","id":"4137011100100080005","geometry":{"type":"Point","coordinates":[127.0622153,37.1895256]},"properties":{"pnu":"4137011100100080005","municipality_code":"41370","municipality":"오산시","district":"오산시","locality":"외삼미동","address":"오산시 외삼미동 8-5","owner_type":"시·군유지","owner_label":"오산시","manager":"","property_class":"","land_category":"도로","area_sqm":22623.0,"area_band":"5,000㎡ 이상","interest_category":"도로","solar_candidate":"검토필요","candidate_reason":"도로점용 및 실제 이용형태 추가 검토 필요; 면적 22,623㎡","priority_score":40,"source":"경기부동산포털 국공유지조회·연속지적도","source_date":"2026-08-11","installed_solar_match":false}},{"type":"Feature","id":"4137010400107110000","geometry":{"type":"Point","coordinates":[127.0550282,37.1537924]},"properties":{"pnu":"4137010400107110000","municipality_code":"41370","municipality":"오산시","district":"오산시","locality":"궐동","address":"오산시 궐동 711","owner_type":"시·군유지","owner_label":"오산시","manager":"","property_class":"","land_category":"도로","area_sqm":22267.9,"area_band":"5,000㎡ 이상","interest_category":"도로","solar_candidate":"검토필요","candidate_reason":"도로점용 및 실제 이용형태 추가 검토 필요; 면적 22,268㎡","priority_score":40,"source":"경기부동산포털 국공유지조회·연속지적도","source_date":"2026-08-11","installed_solar_match":false}},{"type":"Feature","id":"4137010600104050000","geometry":{"type":"Point","coordinates":[127.0319601,37.1649756]},"properties":{"pnu":"4137010600104050000","municipality_code":"41370","municipality":"오산시","district":"오산시","locality":"가장동","address":"오산시 가장동 405","owner_type":"시·군유지","owner_label":"오산시","manager":"","property_class":"","land_category":"도로","area_sqm":21426.4,"area_band":"5,000㎡ 이상","interest_category":"도로","solar_candidate":"검토필요","candidate_reason":"도로점용 및 실제 이용형태 추가 검토 필요; 면적 21,426㎡","priority_score":40,"source":"경기부동산포털 국공유지조회·연속지적도","source_date":"2026-08-11","installed_solar_match":false}},{"type":"Feature","id":"4137010100108900000","geometry":{"type":"Point","coordinates":[127.0703331,37.1489372]},"properties":{"pnu":"4137010100108900000","municipality_code":"41370","municipality":"오산시","district":"오산시","locality":"오산동","address":"오산시 오산동 890","owner_type":"시·군유지","owner_label":"오산시","manager":"","property_class":"","land_category":"도로","area_sqm":20386.2,"area_band":"5,000㎡ 이상","interest_category":"도로","solar_candidate":"검토필요","candidate_reason":"도로점용 및 실제 이용형태 추가 검토 필요; 면적 20,386㎡","priority_score":40,"source":"경기부동산포털 국공유지조회·연속지적도","source_date":"2026-08-11","installed_solar_match":false}},{"type":"Feature","id":"4137010700105040000","geometry":{"type":"Point","coordinates":[127.0500487,37.1789995]},"properties":{"pnu":"4137010700105040000","municipality_code":"41370","municipality":"오산시","district":"오산시","locality":"금암동","address":"오산시 금암동 504","owner_type":"시·군유지","owner_label":"오산시","manager":"","property_class":"","land_category":"도로","area_sqm":20364.2,"area_band":"5,000㎡ 이상","interest_category":"도로","solar_candidate":"검토필요","candidate_reason":"도로점용 및 실제 이용형태 추가 검토 필요; 면적 20,364㎡","priority_score":40,"source":"경기부동산포털 국공유지조회·연속지적도","source_date":"2026-08-11","installed_solar_match":false}},{"type":"Feature","id":"4137010300108200000","geometry":{"type":"Point","coordinates":[127.0781509,37.14618]},"properties":{"pnu":"4137010300108200000","municipality_code":"41370","municipality":"오산시","district":"오산시","locality":"원동","address":"오산시 원동 820","owner_type":"시·군유지","owner_label":"오산시","manager":"","property_class":"","land_category":"도로","area_sqm":20019.9,"area_band":"5,000㎡ 이상","interest_category":"도로","solar_candidate":"검토필요","candidate_reason":"도로점용 및 실제 이용형태 추가 검토 필요; 면적 20,020㎡","priority_score":40,"source":"경기부동산포털 국공유지조회·연속지적도","source_date":"2026-08-11","installed_solar_match":false}},{"type":"Feature","id":"4137011200106780000","geometry":{"type":"Point","coordinates":[127.0337048,37.1977073]},"properties":{"pnu":"4137011200106780000","municipality_code":"41370","municipality":"오산시","district":"오산시","locality":"양산동","address":"오산시 양산동 678","owner_type":"시·군유지","owner_label":"오산시","manager":"","property_class":"","land_category":"도로","area_sqm":19868.2,"area_band":"5,000㎡ 이상","interest_category":"도로","solar_candidate":"검토필요","candidate_reason":"도로점용 및 실제 이용형태 추가 검토 필요; 면적 19,868㎡","priority_score":40,"source":"경기부동산포털 국공유지조회·연속지적도","source_date":"2026-08-11","installed_solar_match":false}},{"type":"Feature","id":"4137010800106040000","geometry":{"type":"Point","coordinates":[127.0572779,37.170096]},"properties":{"pnu":"4137010800106040000","municipality_code":"41370","municipality":"오산시","district":"오산시","locality":"수청동","address":"오산시 수청동 604","owner_type":"시·군유지","owner_label":"오산시","manager":"","property_class":"","land_category":"도로","area_sqm":19549.1,"area_band":"5,000㎡ 이상","interest_category":"도로","solar_candidate":"검토필요","candidate_reason":"도로점용 및 실제 이용형태 추가 검토 필요; 면적 19,549㎡","priority_score":40,"source":"경기부동산포털 국공유지조회·연속지적도","source_date":"2026-08-11","installed_solar_match":false}},{"type":"Feature","id":"4137011100106380000","geometry":{"type":"Point","coordinates":[127.0476171,37.1896656]},"properties":{"pnu":"4137011100106380000","municipality_code":"41370","municipality":"오산시","district":"오산시","locality":"외삼미동","address":"오산시 외삼미동 638","owner_type":"시·군유지","owner_label":"오산시","manager":"","property_class":"","land_category":"도로","area_sqm":18178.2,"area_band":"5,000㎡ 이상","interest_category":"도로","solar_candidate":"검토필요","candidate_reason":"도로점용 및 실제 이용형태 추가 검토 필요; 면적 18,178㎡","priority_score":40,"source":"경기부동산포털 국공유지조회·연속지적도","source_date":"2026-08-11","installed_solar_match":false}},{"type":"Feature","id":"4137010600200130000","geometry":{"type":"Point","coordinates":[127.0416258,37.1666995]},"properties":{"pnu":"4137010600200130000","municipality_code":"41370","municipality":"오산시","district":"오산시","locality":"가장동","address":"오산시 가장동 산13","owner_type":"시·군유지","owner_label":"오산시","manager":"","property_class":"","land_category":"도로","area_sqm":17996.0,"area_band":"5,000㎡ 이상","interest_category":"도로","solar_candidate":"검토필요","candidate_reason":"도로점용 및 실제 이용형태 추가 검토 필요; 면적 17,996㎡","priority_score":40,"source":"경기부동산포털 국공유지조회·연속지적도","source_date":"2026-08-11","installed_solar_match":false}},{"type":"Feature","id":"4137011300106280000","geometry":{"type":"Point","coordinates":[127.0403583,37.1874969]},"properties":{"pnu":"4137011300106280000","municipality_code":"41370","municipality":"오산시","district":"오산시","locality":"세교동","address":"오산시 세교동 628","owner_type":"시·군유지","owner_label":"오산시","manager":"","property_class":"","land_category":"도로","area_sqm":17938.3,"area_band":"5,000㎡ 이상","interest_category":"도로","solar_candidate":"검토필요","candidate_reason":"도로점용 및 실제 이용형태 추가 검토 필요; 면적 17,938㎡","priority_score":40,"source":"경기부동산포털 국공유지조회·연속지적도","source_date":"2026-08-11","installed_solar_match":false}},{"type":"Feature","id":"4137011400105720000","geometry":{"type":"Point","coordinates":[127.0267038,37.1697256]},"properties":{"pnu":"4137011400105720000","municipality_code":"41370","municipality":"오산시","district":"오산시","locality":"지곶동","address":"오산시 지곶동 572","owner_type":"시·군유지","owner_label":"오산시","manager":"","property_class":"","land_category":"도로","area_sqm":17788.0,"area_band":"5,000㎡ 이상","interest_category":"도로","solar_candidate":"검토필요","candidate_reason":"도로점용 및 실제 이용형태 추가 검토 필요; 면적 17,788㎡","priority_score":40,"source":"경기부동산포털 국공유지조회·연속지적도","source_date":"2026-08-11","installed_solar_match":false}},{"type":"Feature","id":"4137011200106810000","geometry":{"type":"Point","coordinates":[127.0361094,37.1942404]},"properties":{"pnu":"4137011200106810000","municipality_code":"41370","municipality":"오산시","district":"오산시","locality":"양산동","address":"오산시 양산동 681","owner_type":"시·군유지","owner_label":"오산시","manager":"","property_class":"","land_category":"도로","area_sqm":17563.3,"area_band":"5,000㎡ 이상","interest_category":"도로","solar_candidate":"검토필요","candidate_reason":"도로점용 및 실제 이용형태 추가 검토 필요; 면적 17,563㎡","priority_score":40,"source":"경기부동산포털 국공유지조회·연속지적도","source_date":"2026-08-11","installed_solar_match":false}},{"type":"Feature","id":"4137010100109370000","geometry":{"type":"Point","coordinates":[127.0760348,37.1534596]},"properties":{"pnu":"4137010100109370000","municipality_code":"41370","municipality":"오산시","district":"오산시","locality":"오산동","address":"오산시 오산동 937","owner_type":"시·군유지","owner_label":"오산시","manager":"","property_class":"","land_category":"도로","area_sqm":17528.5,"area_band":"5,000㎡ 이상","interest_category":"도로","solar_candidate":"검토필요","candidate_reason":"도로점용 및 실제 이용형태 추가 검토 필요; 면적 17,528㎡","priority_score":40,"source":"경기부동산포털 국공유지조회·연속지적도","source_date":"2026-08-11","installed_solar_match":false}},{"type":"Feature","id":"4137011000109010000","geometry":{"type":"Point","coordinates":[127.060546,37.1754134]},"properties":{"pnu":"4137011000109010000","municipality_code":"41370","municipality":"오산시","district":"오산시","locality":"내삼미동","address":"오산시 내삼미동 901","owner_type":"시·군유지","owner_label":"오산시","manager":"","property_class":"","land_category":"도로","area_sqm":17293.2,"area_band":"5,000㎡ 이상","interest_category":"도로","solar_candidate":"검토필요","candidate_reason":"도로점용 및 실제 이용형태 추가 검토 필요; 면적 17,293㎡","priority_score":40,"source":"경기부동산포털 국공유지조회·연속지적도","source_date":"2026-08-11","installed_solar_match":false}},{"type":"Feature","id":"4137010700100420000","geometry":{"type":"Point","coordinates":[127.0398269,37.1796814]},"properties":{"pnu":"4137010700100420000","municipality_code":"41370","municipality":"오산시","district":"오산시","locality":"금암동","address":"오산시 금암동 42","owner_type":"시·군유지","owner_label":"오산시","manager":"","property_class":"","land_category":"도로","area_sqm":16936.0,"area_band":"5,000㎡ 이상","interest_category":"도로","solar_candidate":"검토필요","candidate_reason":"도로점용 및 실제 이용형태 추가 검토 필요; 면적 16,936㎡","priority_score":40,"source":"경기부동산포털 국공유지조회·연속지적도","source_date":"2026-08-11","installed_solar_match":false}},{"type":"Feature","id":"4137010400107770004","geometry":{"type":"Point","coordinates":[127.0524957,37.1605096]},"properties":{"pnu":"4137010400107770004","municipality_code":"41370","municipality":"오산시","district":"오산시","locality":"궐동","address":"오산시 궐동 777-4","owner_type":"시·군유지","owner_label":"오산시","manager":"","property_class":"","land_category":"도로","area_sqm":16883.5,"area_band":"5,000㎡ 이상","interest_category":"도로","solar_candidate":"검토필요","candidate_reason":"도로점용 및 실제 이용형태 추가 검토 필요; 면적 16,884㎡","priority_score":40,"source":"경기부동산포털 국공유지조회·연속지적도","source_date":"2026-08-11","installed_solar_match":false}},{"type":"Feature","id":"4137010700105470000","geometry":{"type":"Point","coordinates":[127.0452892,37.1703249]},"properties":{"pnu":"4137010700105470000","municipality_code":"41370","municipality":"오산시","district":"오산시","locality":"금암동","address":"오산시 금암동 547","owner_type":"시·군유지","owner_label":"오산시","manager":"","property_class":"","land_category":"도로","area_sqm":16707.2,"area_band":"5,000㎡ 이상","interest_category":"도로","solar_candidate":"검토필요","candidate_reason":"도로점용 및 실제 이용형태 추가 검토 필요; 면적 16,707㎡","priority_score":40,"source":"경기부동산포털 국공유지조회·연속지적도","source_date":"2026-08-11","installed_solar_match":false}},{"type":"Feature","id":"4137010200107820000","geometry":{"type":"Point","coordinates":[127.0809426,37.1544217]},"properties":{"pnu":"4137010200107820000","municipality_code":"41370","municipality":"오산시","district":"오산시","locality":"부산동","address":"오산시 부산동 782","owner_type":"시·군유지","owner_label":"오산시","manager":"","property_class":"","land_category":"도로","area_sqm":16523.7,"area_band":"5,000㎡ 이상","interest_category":"도로","solar_candidate":"검토필요","candidate_reason":"도로점용 및 실제 이용형태 추가 검토 필요; 면적 16,524㎡","priority_score":40,"source":"경기부동산포털 국공유지조회·연속지적도","source_date":"2026-08-11","installed_solar_match":false}},{"type":"Feature","id":"4137010700200740001","geometry":{"type":"Point","coordinates":[127.0416971,37.1693494]},"properties":{"pnu":"4137010700200740001","municipality_code":"41370","municipality":"오산시","district":"오산시","locality":"금암동","address":"오산시 금암동 산74-1","owner_type":"시·군유지","owner_label":"오산시","manager":"","property_class":"","land_category":"도로","area_sqm":16366.0,"area_band":"5,000㎡ 이상","interest_category":"도로","solar_candidate":"검토필요","candidate_reason":"도로점용 및 실제 이용형태 추가 검토 필요; 면적 16,366㎡","priority_score":40,"source":"경기부동산포털 국공유지조회·연속지적도","source_date":"2026-08-11","installed_solar_match":false}},{"type":"Feature","id":"4137010100109390000","geometry":{"type":"Point","coordinates":[127.0790985,37.1505946]},"properties":{"pnu":"4137010100109390000","municipality_code":"41370","municipality":"오산시","district":"오산시","locality":"오산동","address":"오산시 오산동 939","owner_type":"시·군유지","owner_label":"오산시","manager":"","property_class":"","land_category":"도로","area_sqm":16304.1,"area_band":"5,000㎡ 이상","interest_category":"도로","solar_candidate":"검토필요","candidate_reason":"도로점용 및 실제 이용형태 추가 검토 필요; 면적 16,304㎡","priority_score":40,"source":"경기부동산포털 국공유지조회·연속지적도","source_date":"2026-08-11","installed_solar_match":false}},{"type":"Feature","id":"4137011300103550001","geometry":{"type":"Point","coordinates":[127.0366713,37.1889234]},"properties":{"pnu":"4137011300103550001","municipality_code":"41370","municipality":"오산시","district":"오산시","locality":"세교동","address":"오산시 세교동 355-1","owner_type":"시·군유지","owner_label":"오산시","manager":"","property_class":"","land_category":"도로","area_sqm":15819.0,"area_band":"5,000㎡ 이상","interest_category":"도로","solar_candidate":"검토필요","candidate_reason":"도로점용 및 실제 이용형태 추가 검토 필요; 면적 15,819㎡","priority_score":40,"source":"경기부동산포털 국공유지조회·연속지적도","source_date":"2026-08-11","installed_solar_match":false}},{"type":"Feature","id":"4137012000106330000","geometry":{"type":"Point","coordinates":[127.0522067,37.14171]},"properties":{"pnu":"4137012000106330000","municipality_code":"41370","municipality":"오산시","district":"오산시","locality":"누읍동","address":"오산시 누읍동 633","owner_type":"시·군유지","owner_label":"오산시","manager":"","property_class":"","land_category":"도로","area_sqm":15786.0,"area_band":"5,000㎡ 이상","interest_category":"도로","solar_candidate":"검토필요","candidate_reason":"도로점용 및 실제 이용형태 추가 검토 필요; 면적 15,786㎡","priority_score":40,"source":"경기부동산포털 국공유지조회·연속지적도","source_date":"2026-08-11","installed_solar_match":false}},{"type":"Feature","id":"4137011400106110000","geometry":{"type":"Point","coordinates":[127.0334131,37.1752236]},"properties":{"pnu":"4137011400106110000","municipality_code":"41370","municipality":"오산시","district":"오산시","locality":"지곶동","address":"오산시 지곶동 611","owner_type":"시·군유지","owner_label":"오산시","manager":"","property_class":"","land_category":"도로","area_sqm":14769.1,"area_band":"5,000㎡ 이상","interest_category":"도로","solar_candidate":"검토필요","candidate_reason":"도로점용 및 실제 이용형태 추가 검토 필요; 면적 14,769㎡","priority_score":40,"source":"경기부동산포털 국공유지조회·연속지적도","source_date":"2026-08-11","installed_solar_match":false}},{"type":"Feature","id":"4137012000103550004","geometry":{"type":"Point","coordinates":[127.0548953,37.1426659]},"properties":{"pnu":"4137012000103550004","municipality_code":"41370","municipality":"오산시","district":"오산시","locality":"누읍동","address":"오산시 누읍동 355-4","owner_type":"시·군유지","owner_label":"오산시","manager":"","property_class":"","land_category":"도로","area_sqm":14713.0,"area_band":"5,000㎡ 이상","interest_category":"도로","solar_candidate":"검토필요","candidate_reason":"도로점용 및 실제 이용형태 추가 검토 필요; 면적 14,713㎡","priority_score":40,"source":"경기부동산포털 국공유지조회·연속지적도","source_date":"2026-08-11","installed_solar_match":false}},{"type":"Feature","id":"4137010300105510001","geometry":{"type":"Point","coordinates":[127.0782242,37.1388281]},"properties":{"pnu":"4137010300105510001","municipality_code":"41370","municipality":"오산시","district":"오산시","locality":"원동","address":"오산시 원동 551-1","owner_type":"시·군유지","owner_label":"오산시","manager":"","property_class":"","land_category":"도로","area_sqm":14323.0,"area_band":"5,000㎡ 이상","interest_category":"도로","solar_candidate":"검토필요","candidate_reason":"도로점용 및 실제 이용형태 추가 검토 필요; 면적 14,323㎡","priority_score":40,"source":"경기부동산포털 국공유지조회·연속지적도","source_date":"2026-08-11","installed_solar_match":false}},{"type":"Feature","id":"4137010200106080005","geometry":{"type":"Point","coordinates":[127.0870251,37.1483377]},"properties":{"pnu":"4137010200106080005","municipality_code":"41370","municipality":"오산시","district":"오산시","locality":"부산동","address":"오산시 부산동 608-5","owner_type":"시·군유지","owner_label":"오산시","manager":"","property_class":"","land_category":"도로","area_sqm":14068.0,"area_band":"5,000㎡ 이상","interest_category":"도로","solar_candidate":"검토필요","candidate_reason":"도로점용 및 실제 이용형태 추가 검토 필요; 면적 14,068㎡","priority_score":40,"source":"경기부동산포털 국공유지조회·연속지적도","source_date":"2026-08-11","installed_solar_match":false}},{"type":"Feature","id":"4137011000109030000","geometry":{"type":"Point","coordinates":[127.0656648,37.1734787]},"properties":{"pnu":"4137011000109030000","municipality_code":"41370","municipality":"오산시","district":"오산시","locality":"내삼미동","address":"오산시 내삼미동 903","owner_type":"시·군유지","owner_label":"오산시","manager":"","property_class":"","land_category":"도로","area_sqm":13757.8,"area_band":"5,000㎡ 이상","interest_category":"도로","solar_candidate":"검토필요","candidate_reason":"도로점용 및 실제 이용형태 추가 검토 필요; 면적 13,758㎡","priority_score":40,"source":"경기부동산포털 국공유지조회·연속지적도","source_date":"2026-08-11","installed_solar_match":false}},{"type":"Feature","id":"4137011200200190088","geometry":{"type":"Point","coordinates":[127.0129395,37.1822012]},"properties":{"pnu":"4137011200200190088","municipality_code":"41370","municipality":"오산시","district":"오산시","locality":"양산동","address":"오산시 양산동 산19-88","owner_type":"시·군유지","owner_label":"오산시","manager":"","property_class":"","land_category":"도로","area_sqm":13734.0,"area_band":"5,000㎡ 이상","interest_category":"도로","solar_candidate":"검토필요","candidate_reason":"도로점용 및 실제 이용형태 추가 검토 필요; 면적 13,734㎡","priority_score":40,"source":"경기부동산포털 국공유지조회·연속지적도","source_date":"2026-08-11","installed_solar_match":false}},{"type":"Feature","id":"4137010300108190000","geometry":{"type":"Point","coordinates":[127.0758071,37.1462771]},"properties":{"pnu":"4137010300108190000","municipality_code":"41370","municipality":"오산시","district":"오산시","locality":"원동","address":"오산시 원동 819","owner_type":"시·군유지","owner_label":"오산시","manager":"","property_class":"","land_category":"도로","area_sqm":13646.6,"area_band":"5,000㎡ 이상","interest_category":"도로","solar_candidate":"검토필요","candidate_reason":"도로점용 및 실제 이용형태 추가 검토 필요; 면적 13,647㎡","priority_score":40,"source":"경기부동산포털 국공유지조회·연속지적도","source_date":"2026-08-11","installed_solar_match":false}},{"type":"Feature","id":"4137011900102800000","geometry":{"type":"Point","coordinates":[127.0465396,37.1365657]},"properties":{"pnu":"4137011900102800000","municipality_code":"41370","municipality":"오산시","district":"오산시","locality":"탑동","address":"오산시 탑동 280","owner_type":"시·군유지","owner_label":"오산시","manager":"","property_class":"","land_category":"도로","area_sqm":13560.9,"area_band":"5,000㎡ 이상","interest_category":"도로","solar_candidate":"검토필요","candidate_reason":"도로점용 및 실제 이용형태 추가 검토 필요; 면적 13,561㎡","priority_score":40,"source":"경기부동산포털 국공유지조회·연속지적도","source_date":"2026-08-11","installed_solar_match":false}},{"type":"Feature","id":"4137010600104050001","geometry":{"type":"Point","coordinates":[127.0310854,37.1674045]},"properties":{"pnu":"4137010600104050001","municipality_code":"41370","municipality":"오산시","district":"오산시","locality":"가장동","address":"오산시 가장동 405-1","owner_type":"시·군유지","owner_label":"오산시","manager":"","property_class":"","land_category":"도로","area_sqm":13408.8,"area_band":"5,000㎡ 이상","interest_category":"도로","solar_candidate":"검토필요","candidate_reason":"도로점용 및 실제 이용형태 추가 검토 필요; 면적 13,409㎡","priority_score":40,"source":"경기부동산포털 국공유지조회·연속지적도","source_date":"2026-08-11","installed_solar_match":false}},{"type":"Feature","id":"4137010800106390000","geometry":{"type":"Point","coordinates":[127.0665259,37.1688657]},"properties":{"pnu":"4137010800106390000","municipality_code":"41370","municipality":"오산시","district":"오산시","locality":"수청동","address":"오산시 수청동 639","owner_type":"시·군유지","owner_label":"오산시","manager":"","property_class":"","land_category":"도로","area_sqm":13367.2,"area_band":"5,000㎡ 이상","interest_category":"도로","solar_candidate":"검토필요","candidate_reason":"도로점용 및 실제 이용형태 추가 검토 필요; 면적 13,367㎡","priority_score":40,"source":"경기부동산포털 국공유지조회·연속지적도","source_date":"2026-08-11","installed_solar_match":false}},{"type":"Feature","id":"4137011200106790000","geometry":{"type":"Point","coordinates":[127.0345353,37.193915]},"properties":{"pnu":"4137011200106790000","municipality_code":"41370","municipality":"오산시","district":"오산시","locality":"양산동","address":"오산시 양산동 679","owner_type":"시·군유지","owner_label":"오산시","manager":"","property_class":"","land_category":"도로","area_sqm":13309.7,"area_band":"5,000㎡ 이상","interest_category":"도로","solar_candidate":"검토필요","candidate_reason":"도로점용 및 실제 이용형태 추가 검토 필요; 면적 13,310㎡","priority_score":40,"source":"경기부동산포털 국공유지조회·연속지적도","source_date":"2026-08-11","installed_solar_match":false}},{"type":"Feature","id":"4137010200107900002","geometry":{"type":"Point","coordinates":[127.0944923,37.1555426]},"properties":{"pnu":"4137010200107900002","municipality_code":"41370","municipality":"오산시","district":"오산시","locality":"부산동","address":"오산시 부산동 790-2","owner_type":"시·군유지","owner_label":"오산시","manager":"","property_class":"","land_category":"도로","area_sqm":13240.9,"area_band":"5,000㎡ 이상","interest_category":"도로","solar_candidate":"검토필요","candidate_reason":"도로점용 및 실제 이용형태 추가 검토 필요; 면적 13,241㎡","priority_score":40,"source":"경기부동산포털 국공유지조회·연속지적도","source_date":"2026-08-11","installed_solar_match":false}},{"type":"Feature","id":"4137010600103790000","geometry":{"type":"Point","coordinates":[127.0384721,37.1627319]},"properties":{"pnu":"4137010600103790000","municipality_code":"41370","municipality":"오산시","district":"오산시","locality":"가장동","address":"오산시 가장동 379","owner_type":"시·군유지","owner_label":"오산시","manager":"","property_class":"","land_category":"도로","area_sqm":13152.1,"area_band":"5,000㎡ 이상","interest_category":"도로","solar_candidate":"검토필요","candidate_reason":"도로점용 및 실제 이용형태 추가 검토 필요; 면적 13,152㎡","priority_score":40,"source":"경기부동산포털 국공유지조회·연속지적도","source_date":"2026-08-11","installed_solar_match":false}},{"type":"Feature","id":"4137011300105930000","geometry":{"type":"Point","coordinates":[127.0462024,37.1856584]},"properties":{"pnu":"4137011300105930000","municipality_code":"41370","municipality":"오산시","district":"오산시","locality":"세교동","address":"오산시 세교동 593","owner_type":"시·군유지","owner_label":"오산시","manager":"","property_class":"","land_category":"도로","area_sqm":12935.9,"area_band":"5,000㎡ 이상","interest_category":"도로","solar_candidate":"검토필요","candidate_reason":"도로점용 및 실제 이용형태 추가 검토 필요; 면적 12,936㎡","priority_score":40,"source":"경기부동산포털 국공유지조회·연속지적도","source_date":"2026-08-11","installed_solar_match":false}},{"type":"Feature","id":"4137010400107370000","geometry":{"type":"Point","coordinates":[127.0546111,37.1564543]},"properties":{"pnu":"4137010400107370000","municipality_code":"41370","municipality":"오산시","district":"오산시","locality":"궐동","address":"오산시 궐동 737","owner_type":"시·군유지","owner_label":"오산시","manager":"","property_class":"","land_category":"도로","area_sqm":12932.1,"area_band":"5,000㎡ 이상","interest_category":"도로","solar_candidate":"검토필요","candidate_reason":"도로점용 및 실제 이용형태 추가 검토 필요; 면적 12,932㎡","priority_score":40,"source":"경기부동산포털 국공유지조회·연속지적도","source_date":"2026-08-11","installed_solar_match":false}},{"type":"Feature","id":"4137011100100080003","geometry":{"type":"Point","coordinates":[127.0656844,37.1899819]},"properties":{"pnu":"4137011100100080003","municipality_code":"41370","municipality":"오산시","district":"오산시","locality":"외삼미동","address":"오산시 외삼미동 8-3","owner_type":"시·군유지","owner_label":"오산시","manager":"","property_class":"","land_category":"도로","area_sqm":12755.0,"area_band":"5,000㎡ 이상","interest_category":"도로","solar_candidate":"검토필요","candidate_reason":"도로점용 및 실제 이용형태 추가 검토 필요; 면적 12,755㎡","priority_score":40,"source":"경기부동산포털 국공유지조회·연속지적도","source_date":"2026-08-11","installed_solar_match":false}},{"type":"Feature","id":"4137011800100020003","geometry":{"type":"Point","coordinates":[127.0407008,37.1349282]},"properties":{"pnu":"4137011800100020003","municipality_code":"41370","municipality":"오산시","district":"오산시","locality":"두곡동","address":"오산시 두곡동 2-3","owner_type":"시·군유지","owner_label":"오산시","manager":"","property_class":"","land_category":"도로","area_sqm":12653.0,"area_band":"5,000㎡ 이상","interest_category":"도로","solar_candidate":"검토필요","candidate_reason":"도로점용 및 실제 이용형태 추가 검토 필요; 면적 12,653㎡","priority_score":40,"source":"경기부동산포털 국공유지조회·연속지적도","source_date":"2026-08-11","installed_solar_match":false}},{"type":"Feature","id":"4137010800100170001","geometry":{"type":"Point","coordinates":[127.0678721,37.1647035]},"properties":{"pnu":"4137010800100170001","municipality_code":"41370","municipality":"오산시","district":"오산시","locality":"수청동","address":"오산시 수청동 17-1","owner_type":"시·군유지","owner_label":"오산시","manager":"","property_class":"","land_category":"도로","area_sqm":12570.0,"area_band":"5,000㎡ 이상","interest_category":"도로","solar_candidate":"검토필요","candidate_reason":"도로점용 및 실제 이용형태 추가 검토 필요; 면적 12,570㎡","priority_score":40,"source":"경기부동산포털 국공유지조회·연속지적도","source_date":"2026-08-11","installed_solar_match":false}},{"type":"Feature","id":"4137010200108060000","geometry":{"type":"Point","coordinates":[127.0911777,37.1507804]},"properties":{"pnu":"4137010200108060000","municipality_code":"41370","municipality":"오산시","district":"오산시","locality":"부산동","address":"오산시 부산동 806","owner_type":"시·군유지","owner_label":"오산시","manager":"","property_class":"","land_category":"도로","area_sqm":12346.2,"area_band":"5,000㎡ 이상","interest_category":"도로","solar_candidate":"검토필요","candidate_reason":"도로점용 및 실제 이용형태 추가 검토 필요; 면적 12,346㎡","priority_score":40,"source":"경기부동산포털 국공유지조회·연속지적도","source_date":"2026-08-11","installed_solar_match":false}},{"type":"Feature","id":"4137011400105640000","geometry":{"type":"Point","coordinates":[127.0320201,37.1702361]},"properties":{"pnu":"4137011400105640000","municipality_code":"41370","municipality":"오산시","district":"오산시","locality":"지곶동","address":"오산시 지곶동 564","owner_type":"시·군유지","owner_label":"오산시","manager":"","property_class":"","land_category":"도로","area_sqm":11734.3,"area_band":"5,000㎡ 이상","interest_category":"도로","solar_candidate":"검토필요","candidate_reason":"도로점용 및 실제 이용형태 추가 검토 필요; 면적 11,734㎡","priority_score":40,"source":"경기부동산포털 국공유지조회·연속지적도","source_date":"2026-08-11","installed_solar_match":false}},{"type":"Feature","id":"4137012100104460000","geometry":{"type":"Point","coordinates":[127.0550366,37.1457298]},"properties":{"pnu":"4137012100104460000","municipality_code":"41370","municipality":"오산시","district":"오산시","locality":"가수동","address":"오산시 가수동 446","owner_type":"시·군유지","owner_label":"오산시","manager":"","property_class":"","land_category":"도로","area_sqm":11565.6,"area_band":"5,000㎡ 이상","interest_category":"도로","solar_candidate":"검토필요","candidate_reason":"도로점용 및 실제 이용형태 추가 검토 필요; 면적 11,566㎡","priority_score":40,"source":"경기부동산포털 국공유지조회·연속지적도","source_date":"2026-08-11","installed_solar_match":false}},{"type":"Feature","id":"4137011000104840034","geometry":{"type":"Point","coordinates":[127.0554824,37.1792067]},"properties":{"pnu":"4137011000104840034","municipality_code":"41370","municipality":"오산시","district":"오산시","locality":"내삼미동","address":"오산시 내삼미동 484-34","owner_type":"시·군유지","owner_label":"오산시","manager":"","property_class":"","land_category":"도로","area_sqm":11528.0,"area_band":"5,000㎡ 이상","interest_category":"도로","solar_candidate":"검토필요","candidate_reason":"도로점용 및 실제 이용형태 추가 검토 필요; 면적 11,528㎡","priority_score":40,"source":"경기부동산포털 국공유지조회·연속지적도","source_date":"2026-08-11","installed_solar_match":false}},{"type":"Feature","id":"4137010700105460001","geometry":{"type":"Point","coordinates":[127.0437936,37.1766137]},"properties":{"pnu":"4137010700105460001","municipality_code":"41370","municipality":"오산시","district":"오산시","locality":"금암동","address":"오산시 금암동 546-1","owner_type":"시·군유지","owner_label":"오산시","manager":"","property_class":"","land_category":"도로","area_sqm":11099.8,"area_band":"5,000㎡ 이상","interest_category":"도로","solar_candidate":"검토필요","candidate_reason":"도로점용 및 실제 이용형태 추가 검토 필요; 면적 11,100㎡","priority_score":40,"source":"경기부동산포털 국공유지조회·연속지적도","source_date":"2026-08-11","installed_solar_match":false}},{"type":"Feature","id":"4137010700105070000","geometry":{"type":"Point","coordinates":[127.0535473,37.1758042]},"properties":{"pnu":"4137010700105070000","municipality_code":"41370","municipality":"오산시","district":"오산시","locality":"금암동","address":"오산시 금암동 507","owner_type":"시·군유지","owner_label":"오산시","manager":"","property_class":"","land_category":"도로","area_sqm":10753.1,"area_band":"5,000㎡ 이상","interest_category":"도로","solar_candidate":"검토필요","candidate_reason":"도로점용 및 실제 이용형태 추가 검토 필요; 면적 10,753㎡","priority_score":40,"source":"경기부동산포털 국공유지조회·연속지적도","source_date":"2026-08-11","installed_solar_match":false}},{"type":"Feature","id":"4137010100109380000","geometry":{"type":"Point","coordinates":[127.0764372,37.1510703]},"properties":{"pnu":"4137010100109380000","municipality_code":"41370","municipality":"오산시","district":"오산시","locality":"오산동","address":"오산시 오산동 938","owner_type":"시·군유지","owner_label":"오산시","manager":"","property_class":"","land_category":"도로","area_sqm":10746.0,"area_band":"5,000㎡ 이상","interest_category":"도로","solar_candidate":"검토필요","candidate_reason":"도로점용 및 실제 이용형태 추가 검토 필요; 면적 10,746㎡","priority_score":40,"source":"경기부동산포털 국공유지조회·연속지적도","source_date":"2026-08-11","installed_solar_match":false}},{"type":"Feature","id":"4137011000103310005","geometry":{"type":"Point","coordinates":[127.0630655,37.1856228]},"properties":{"pnu":"4137011000103310005","municipality_code":"41370","municipality":"오산시","district":"오산시","locality":"내삼미동","address":"오산시 내삼미동 331-5","owner_type":"시·군유지","owner_label":"오산시","manager":"","property_class":"","land_category":"도로","area_sqm":10742.0,"area_band":"5,000㎡ 이상","interest_category":"도로","solar_candidate":"검토필요","candidate_reason":"도로점용 및 실제 이용형태 추가 검토 필요; 면적 10,742㎡","priority_score":40,"source":"경기부동산포털 국공유지조회·연속지적도","source_date":"2026-08-11","installed_solar_match":false}},{"type":"Feature","id":"4137010600104050004","geometry":{"type":"Point","coordinates":[127.0339332,37.1672438]},"properties":{"pnu":"4137010600104050004","municipality_code":"41370","municipality":"오산시","district":"오산시","locality":"가장동","address":"오산시 가장동 405-4","owner_type":"시·군유지","owner_label":"오산시","manager":"","property_class":"","land_category":"도로","area_sqm":10586.4,"area_band":"5,000㎡ 이상","interest_category":"도로","solar_candidate":"검토필요","candidate_reason":"도로점용 및 실제 이용형태 추가 검토 필요; 면적 10,586㎡","priority_score":40,"source":"경기부동산포털 국공유지조회·연속지적도","source_date":"2026-08-11","installed_solar_match":false}},{"type":"Feature","id":"4137012000106340000","geometry":{"type":"Point","coordinates":[127.0538513,37.1386116]},"properties":{"pnu":"4137012000106340000","municipality_code":"41370","municipality":"오산시","district":"오산시","locality":"누읍동","address":"오산시 누읍동 634","owner_type":"시·군유지","owner_label":"오산시","manager":"","property_class":"","land_category":"도로","area_sqm":10249.5,"area_band":"5,000㎡ 이상","interest_category":"도로","solar_candidate":"검토필요","candidate_reason":"도로점용 및 실제 이용형태 추가 검토 필요; 면적 10,250㎡","priority_score":40,"source":"경기부동산포털 국공유지조회·연속지적도","source_date":"2026-08-11","installed_solar_match":false}},{"type":"Feature","id":"4137010300108080000","geometry":{"type":"Point","coordinates":[127.0709431,37.1358599]},"properties":{"pnu":"4137010300108080000","municipality_code":"41370","municipality":"오산시","district":"오산시","locality":"원동","address":"오산시 원동 808","owner_type":"시·군유지","owner_label":"오산시","manager":"","property_class":"","land_category":"도로","area_sqm":10204.6,"area_band":"5,000㎡ 이상","interest_category":"도로","solar_candidate":"검토필요","candidate_reason":"도로점용 및 실제 이용형태 추가 검토 필요; 면적 10,205㎡","priority_score":40,"source":"경기부동산포털 국공유지조회·연속지적도","source_date":"2026-08-11","installed_solar_match":false}},{"type":"Feature","id":"4137010100109260000","geometry":{"type":"Point","coordinates":[127.0769661,37.1581805]},"properties":{"pnu":"4137010100109260000","municipality_code":"41370","municipality":"오산시","district":"오산시","locality":"오산동","address":"오산시 오산동 926","owner_type":"시·군유지","owner_label":"오산시","manager":"","property_class":"","land_category":"도로","area_sqm":9877.8,"area_band":"5,000㎡ 이상","interest_category":"도로","solar_candidate":"검토필요","candidate_reason":"도로점용 및 실제 이용형태 추가 검토 필요; 면적 9,878㎡","priority_score":40,"source":"경기부동산포털 국공유지조회·연속지적도","source_date":"2026-08-11","installed_solar_match":false}},{"type":"Feature","id":"4137010400107140000","geometry":{"type":"Point","coordinates":[127.0540636,37.1623396]},"properties":{"pnu":"4137010400107140000","municipality_code":"41370","municipality":"오산시","district":"오산시","locality":"궐동","address":"오산시 궐동 714","owner_type":"시·군유지","owner_label":"오산시","manager":"","property_class":"","land_category":"도로","area_sqm":9545.5,"area_band":"5,000㎡ 이상","interest_category":"도로","solar_candidate":"검토필요","candidate_reason":"도로점용 및 실제 이용형태 추가 검토 필요; 면적 9,546㎡","priority_score":40,"source":"경기부동산포털 국공유지조회·연속지적도","source_date":"2026-08-11","installed_solar_match":false}},{"type":"Feature","id":"4137010600103830000","geometry":{"type":"Point","coordinates":[127.0359117,37.1653578]},"properties":{"pnu":"4137010600103830000","municipality_code":"41370","municipality":"오산시","district":"오산시","locality":"가장동","address":"오산시 가장동 383","owner_type":"시·군유지","owner_label":"오산시","manager":"","property_class":"","land_category":"도로","area_sqm":9510.6,"area_band":"5,000㎡ 이상","interest_category":"도로","solar_candidate":"검토필요","candidate_reason":"도로점용 및 실제 이용형태 추가 검토 필요; 면적 9,511㎡","priority_score":40,"source":"경기부동산포털 국공유지조회·연속지적도","source_date":"2026-08-11","installed_solar_match":false}},{"type":"Feature","id":"4137010200107810000","geometry":{"type":"Point","coordinates":[127.083144,37.1591178]},"properties":{"pnu":"4137010200107810000","municipality_code":"41370","municipality":"오산시","district":"오산시","locality":"부산동","address":"오산시 부산동 781","owner_type":"시·군유지","owner_label":"오산시","manager":"","property_class":"","land_category":"도로","area_sqm":9284.9,"area_band":"5,000㎡ 이상","interest_category":"도로","solar_candidate":"검토필요","candidate_reason":"도로점용 및 실제 이용형태 추가 검토 필요; 면적 9,285㎡","priority_score":40,"source":"경기부동산포털 국공유지조회·연속지적도","source_date":"2026-08-11","installed_solar_match":false}},{"type":"Feature","id":"4137010400107280000","geometry":{"type":"Point","coordinates":[127.0612999,37.1569849]},"properties":{"pnu":"4137010400107280000","municipality_code":"41370","municipality":"오산시","district":"오산시","locality":"궐동","address":"오산시 궐동 728","owner_type":"시·군유지","owner_label":"오산시","manager":"","property_class":"","land_category":"도로","area_sqm":9259.8,"area_band":"5,000㎡ 이상","interest_category":"도로","solar_candidate":"검토필요","candidate_reason":"도로점용 및 실제 이용형태 추가 검토 필요; 면적 9,260㎡","priority_score":40,"source":"경기부동산포털 국공유지조회·연속지적도","source_date":"2026-08-11","installed_solar_match":false}},{"type":"Feature","id":"4137010200107810001","geometry":{"type":"Point","coordinates":[127.0828396,37.1585373]},"properties":{"pnu":"4137010200107810001","municipality_code":"41370","municipality":"오산시","district":"오산시","locality":"부산동","address":"오산시 부산동 781-1","owner_type":"시·군유지","owner_label":"오산시","manager":"","property_class":"","land_category":"도로","area_sqm":9172.0,"area_band":"5,000㎡ 이상","interest_category":"도로","solar_candidate":"검토필요","candidate_reason":"도로점용 및 실제 이용형태 추가 검토 필요; 면적 9,172㎡","priority_score":40,"source":"경기부동산포털 국공유지조회·연속지적도","source_date":"2026-08-11","installed_solar_match":false}},{"type":"Feature","id":"4137010800106030000","geometry":{"type":"Point","coordinates":[127.0518465,37.1728854]},"properties":{"pnu":"4137010800106030000","municipality_code":"41370","municipality":"오산시","district":"오산시","locality":"수청동","address":"오산시 수청동 603","owner_type":"시·군유지","owner_label":"오산시","manager":"","property_class":"","land_category":"도로","area_sqm":9144.6,"area_band":"5,000㎡ 이상","interest_category":"도로","solar_candidate":"검토필요","candidate_reason":"도로점용 및 실제 이용형태 추가 검토 필요; 면적 9,145㎡","priority_score":40,"source":"경기부동산포털 국공유지조회·연속지적도","source_date":"2026-08-11","installed_solar_match":false}},{"type":"Feature","id":"4137010100108930000","geometry":{"type":"Point","coordinates":[127.0717254,37.1503386]},"properties":{"pnu":"4137010100108930000","municipality_code":"41370","municipality":"오산시","district":"오산시","locality":"오산동","address":"오산시 오산동 893","owner_type":"시·군유지","owner_label":"오산시","manager":"","property_class":"","land_category":"도로","area_sqm":9099.4,"area_band":"5,000㎡ 이상","interest_category":"도로","solar_candidate":"검토필요","candidate_reason":"도로점용 및 실제 이용형태 추가 검토 필요; 면적 9,099㎡","priority_score":40,"source":"경기부동산포털 국공유지조회·연속지적도","source_date":"2026-08-11","installed_solar_match":false}},{"type":"Feature","id":"4137010800105550000","geometry":{"type":"Point","coordinates":[127.0640043,37.1640676]},"properties":{"pnu":"4137010800105550000","municipality_code":"41370","municipality":"오산시","district":"오산시","locality":"수청동","address":"오산시 수청동 555","owner_type":"시·군유지","owner_label":"오산시","manager":"","property_class":"","land_category":"도로","area_sqm":9085.0,"area_band":"5,000㎡ 이상","interest_category":"도로","solar_candidate":"검토필요","candidate_reason":"도로점용 및 실제 이용형태 추가 검토 필요; 면적 9,085㎡","priority_score":40,"source":"경기부동산포털 국공유지조회·연속지적도","source_date":"2026-08-11","installed_solar_match":false}},{"type":"Feature","id":"4137010300100780000","geometry":{"type":"Point","coordinates":[127.0844584,37.1452973]},"properties":{"pnu":"4137010300100780000","municipality_code":"41370","municipality":"오산시","district":"오산시","locality":"원동","address":"오산시 원동 78","owner_type":"시·군유지","owner_label":"오산시","manager":"","property_class":"","land_category":"도로","area_sqm":9035.0,"area_band":"5,000㎡ 이상","interest_category":"도로","solar_candidate":"검토필요","candidate_reason":"도로점용 및 실제 이용형태 추가 검토 필요; 면적 9,035㎡","priority_score":40,"source":"경기부동산포털 국공유지조회·연속지적도","source_date":"2026-08-11","installed_solar_match":false}},{"type":"Feature","id":"4137012000103290001","geometry":{"type":"Point","coordinates":[127.0547188,37.1403097]},"properties":{"pnu":"4137012000103290001","municipality_code":"41370","municipality":"오산시","district":"오산시","locality":"누읍동","address":"오산시 누읍동 329-1","owner_type":"시·군유지","owner_label":"오산시","manager":"","property_class":"","land_category":"도로","area_sqm":9000.0,"area_band":"5,000㎡ 이상","interest_category":"도로","solar_candidate":"검토필요","candidate_reason":"도로점용 및 실제 이용형태 추가 검토 필요; 면적 9,000㎡","priority_score":40,"source":"경기부동산포털 국공유지조회·연속지적도","source_date":"2026-08-11","installed_solar_match":false}},{"type":"Feature","id":"4137010300107930000","geometry":{"type":"Point","coordinates":[127.0716372,37.1476138]},"properties":{"pnu":"4137010300107930000","municipality_code":"41370","municipality":"오산시","district":"오산시","locality":"원동","address":"오산시 원동 793","owner_type":"시·군유지","owner_label":"오산시","manager":"","property_class":"","land_category":"도로","area_sqm":8932.0,"area_band":"5,000㎡ 이상","interest_category":"도로","solar_candidate":"검토필요","candidate_reason":"도로점용 및 실제 이용형태 추가 검토 필요; 면적 8,932㎡","priority_score":40,"source":"경기부동산포털 국공유지조회·연속지적도","source_date":"2026-08-11","installed_solar_match":true,"installed_solar_count":1,"installed_solar_area_sqm":21.9,"installed_solar_analysis_years":["2024"],"installed_solar_types":["기타"],"installed_solar_permit_status_counts":{"N":1}}},{"type":"Feature","id":"4137010800106130001","geometry":{"type":"Point","coordinates":[127.0602341,37.1724058]},"properties":{"pnu":"4137010800106130001","municipality_code":"41370","municipality":"오산시","district":"오산시","locality":"수청동","address":"오산시 수청동 613-1","owner_type":"시·군유지","owner_label":"오산시","manager":"","property_class":"","land_category":"도로","area_sqm":8791.4,"area_band":"5,000㎡ 이상","interest_category":"도로","solar_candidate":"검토필요","candidate_reason":"도로점용 및 실제 이용형태 추가 검토 필요; 면적 8,791㎡","priority_score":40,"source":"경기부동산포털 국공유지조회·연속지적도","source_date":"2026-08-11","installed_solar_match":false}},{"type":"Feature","id":"4137010200107900000","geometry":{"type":"Point","coordinates":[127.0922705,37.1572632]},"properties":{"pnu":"4137010200107900000","municipality_code":"41370","municipality":"오산시","district":"오산시","locality":"부산동","address":"오산시 부산동 790","owner_type":"시·군유지","owner_label":"오산시","manager":"","property_class":"","land_category":"도로","area_sqm":8734.0,"area_band":"5,000㎡ 이상","interest_category":"도로","solar_candidate":"검토필요","candidate_reason":"도로점용 및 실제 이용형태 추가 검토 필요; 면적 8,734㎡","priority_score":40,"source":"경기부동산포털 국공유지조회·연속지적도","source_date":"2026-08-11","installed_solar_match":false}},{"type":"Feature","id":"4137010600104060000","geometry":{"type":"Point","coordinates":[127.033554,37.1629237]},"properties":{"pnu":"4137010600104060000","municipality_code":"41370","municipality":"오산시","district":"오산시","locality":"가장동","address":"오산시 가장동 406","owner_type":"시·군유지","owner_label":"오산시","manager":"","property_class":"","land_category":"도로","area_sqm":8678.7,"area_band":"5,000㎡ 이상","interest_category":"도로","solar_candidate":"검토필요","candidate_reason":"도로점용 및 실제 이용형태 추가 검토 필요; 면적 8,679㎡","priority_score":40,"source":"경기부동산포털 국공유지조회·연속지적도","source_date":"2026-08-11","installed_solar_match":false}},{"type":"Feature","id":"4137012400100370003","geometry":{"type":"Point","coordinates":[127.0642277,37.1354101]},"properties":{"pnu":"4137012400100370003","municipality_code":"41370","municipality":"오산시","district":"오산시","locality":"갈곶동","address":"오산시 갈곶동 37-3","owner_type":"시·군유지","owner_label":"오산시","manager":"","property_class":"","land_category":"도로","area_sqm":8663.7,"area_band":"5,000㎡ 이상","interest_category":"도로","solar_candidate":"검토필요","candidate_reason":"도로점용 및 실제 이용형태 추가 검토 필요; 면적 8,664㎡","priority_score":40,"source":"경기부동산포털 국공유지조회·연속지적도","source_date":"2026-08-11","installed_solar_match":false}},{"type":"Feature","id":"4137010300109090000","geometry":{"type":"Point","coordinates":[127.0878338,37.1414066]},"properties":{"pnu":"4137010300109090000","municipality_code":"41370","municipality":"오산시","district":"오산시","locality":"원동","address":"오산시 원동 909","owner_type":"시·군유지","owner_label":"오산시","manager":"","property_class":"","land_category":"도로","area_sqm":8520.8,"area_band":"5,000㎡ 이상","interest_category":"도로","solar_candidate":"검토필요","candidate_reason":"도로점용 및 실제 이용형태 추가 검토 필요; 면적 8,521㎡","priority_score":40,"source":"경기부동산포털 국공유지조회·연속지적도","source_date":"2026-08-11","installed_solar_match":false}},{"type":"Feature","id":"4137011000109030001","geometry":{"type":"Point","coordinates":[127.0662546,37.1713695]},"properties":{"pnu":"4137011000109030001","municipality_code":"41370","municipality":"오산시","district":"오산시","locality":"내삼미동","address":"오산시 내삼미동 903-1","owner_type":"시·군유지","owner_label":"오산시","manager":"","property_class":"","land_category":"도로","area_sqm":8509.9,"area_band":"5,000㎡ 이상","interest_category":"도로","solar_candidate":"검토필요","candidate_reason":"도로점용 및 실제 이용형태 추가 검토 필요; 면적 8,510㎡","priority_score":40,"source":"경기부동산포털 국공유지조회·연속지적도","source_date":"2026-08-11","installed_solar_match":false}},{"type":"Feature","id":"4137010800106380001","geometry":{"type":"Point","coordinates":[127.066292,37.171209]},"properties":{"pnu":"4137010800106380001","municipality_code":"41370","municipality":"오산시","district":"오산시","locality":"수청동","address":"오산시 수청동 638-1","owner_type":"시·군유지","owner_label":"오산시","manager":"","property_class":"","land_category":"도로","area_sqm":8475.0,"area_band":"5,000㎡ 이상","interest_category":"도로","solar_candidate":"검토필요","candidate_reason":"도로점용 및 실제 이용형태 추가 검토 필요; 면적 8,475㎡","priority_score":40,"source":"경기부동산포털 국공유지조회·연속지적도","source_date":"2026-08-11","installed_solar_match":false}},{"type":"Feature","id":"4137010100109360000","geometry":{"type":"Point","coordinates":[127.0761626,37.1562724]},"properties":{"pnu":"4137010100109360000","municipality_code":"41370","municipality":"오산시","district":"오산시","locality":"오산동","address":"오산시 오산동 936","owner_type":"시·군유지","owner_label":"오산시","manager":"","property_class":"","land_category":"도로","area_sqm":8420.5,"area_band":"5,000㎡ 이상","interest_category":"도로","solar_candidate":"검토필요","candidate_reason":"도로점용 및 실제 이용형태 추가 검토 필요; 면적 8,420㎡","priority_score":40,"source":"경기부동산포털 국공유지조회·연속지적도","source_date":"2026-08-11","installed_solar_match":false}},{"type":"Feature","id":"4137011000108760000","geometry":{"type":"Point","coordinates":[127.0565995,37.175245]},"properties":{"pnu":"4137011000108760000","municipality_code":"41370","municipality":"오산시","district":"오산시","locality":"내삼미동","address":"오산시 내삼미동 876","owner_type":"시·군유지","owner_label":"오산시","manager":"","property_class":"","land_category":"도로","area_sqm":8227.8,"area_band":"5,000㎡ 이상","interest_category":"도로","solar_candidate":"검토필요","candidate_reason":"도로점용 및 실제 이용형태 추가 검토 필요; 면적 8,228㎡","priority_score":40,"source":"경기부동산포털 국공유지조회·연속지적도","source_date":"2026-08-11","installed_solar_match":false}},{"type":"Feature","id":"4137011600106450000","geometry":{"type":"Point","coordinates":[127.043923,37.1476961]},"properties":{"pnu":"4137011600106450000","municipality_code":"41370","municipality":"오산시","district":"오산시","locality":"서동","address":"오산시 서동 645","owner_type":"시·군유지","owner_label":"오산시","manager":"","property_class":"","land_category":"도로","area_sqm":8143.1,"area_band":"5,000㎡ 이상","interest_category":"도로","solar_candidate":"검토필요","candidate_reason":"도로점용 및 실제 이용형태 추가 검토 필요; 면적 8,143㎡","priority_score":40,"source":"경기부동산포털 국공유지조회·연속지적도","source_date":"2026-08-11","installed_solar_match":false}},{"type":"Feature","id":"4137010700105480010","geometry":{"type":"Point","coordinates":[127.0506224,37.1711141]},"properties":{"pnu":"4137010700105480010","municipality_code":"41370","municipality":"오산시","district":"오산시","locality":"금암동","address":"오산시 금암동 548-10","owner_type":"시·군유지","owner_label":"오산시","manager":"","property_class":"","land_category":"도로","area_sqm":7968.9,"area_band":"5,000㎡ 이상","interest_category":"도로","solar_candidate":"검토필요","candidate_reason":"도로점용 및 실제 이용형태 추가 검토 필요; 면적 7,969㎡","priority_score":40,"source":"경기부동산포털 국공유지조회·연속지적도","source_date":"2026-08-11","installed_solar_match":false}},{"type":"Feature","id":"4137010600103790005","geometry":{"type":"Point","coordinates":[127.0406427,37.1595442]},"properties":{"pnu":"4137010600103790005","municipality_code":"41370","municipality":"오산시","district":"오산시","locality":"가장동","address":"오산시 가장동 379-5","owner_type":"시·군유지","owner_label":"오산시","manager":"","property_class":"","land_category":"도로","area_sqm":7832.5,"area_band":"5,000㎡ 이상","interest_category":"도로","solar_candidate":"검토필요","candidate_reason":"도로점용 및 실제 이용형태 추가 검토 필요; 면적 7,832㎡","priority_score":40,"source":"경기부동산포털 국공유지조회·연속지적도","source_date":"2026-08-11","installed_solar_match":false}},{"type":"Feature","id":"4137011300104990000","geometry":{"type":"Point","coordinates":[127.034956,37.1844594]},"properties":{"pnu":"4137011300104990000","municipality_code":"41370","municipality":"오산시","district":"오산시","locality":"세교동","address":"오산시 세교동 499","owner_type":"시·군유지","owner_label":"오산시","manager":"","property_class":"","land_category":"도로","area_sqm":7792.3,"area_band":"5,000㎡ 이상","interest_category":"도로","solar_candidate":"검토필요","candidate_reason":"도로점용 및 실제 이용형태 추가 검토 필요; 면적 7,792㎡","priority_score":40,"source":"경기부동산포털 국공유지조회·연속지적도","source_date":"2026-08-11","installed_solar_match":false}},{"type":"Feature","id":"4137010400106000000","geometry":{"type":"Point","coordinates":[127.0643525,37.1607929]},"properties":{"pnu":"4137010400106000000","municipality_code":"41370","municipality":"오산시","district":"오산시","locality":"궐동","address":"오산시 궐동 600","owner_type":"시·군유지","owner_label":"오산시","manager":"","property_class":"","land_category":"도로","area_sqm":7749.0,"area_band":"5,000㎡ 이상","interest_category":"도로","solar_candidate":"검토필요","candidate_reason":"도로점용 및 실제 이용형태 추가 검토 필요; 면적 7,749㎡","priority_score":40,"source":"경기부동산포털 국공유지조회·연속지적도","source_date":"2026-08-11","installed_solar_match":false}},{"type":"Feature","id":"4137010500102760000","geometry":{"type":"Point","coordinates":[127.0518255,37.1525357]},"properties":{"pnu":"4137010500102760000","municipality_code":"41370","municipality":"오산시","district":"오산시","locality":"청학동","address":"오산시 청학동 276","owner_type":"시·군유지","owner_label":"오산시","manager":"","property_class":"","land_category":"도로","area_sqm":7730.9,"area_band":"5,000㎡ 이상","interest_category":"도로","solar_candidate":"검토필요","candidate_reason":"도로점용 및 실제 이용형태 추가 검토 필요; 면적 7,731㎡","priority_score":40,"source":"경기부동산포털 국공유지조회·연속지적도","source_date":"2026-08-11","installed_solar_match":false}},{"type":"Feature","id":"4137010100108910000","geometry":{"type":"Point","coordinates":[127.0715941,37.1530778]},"properties":{"pnu":"4137010100108910000","municipality_code":"41370","municipality":"오산시","district":"오산시","locality":"오산동","address":"오산시 오산동 891","owner_type":"시·군유지","owner_label":"오산시","manager":"","property_class":"","land_category":"도로","area_sqm":7720.0,"area_band":"5,000㎡ 이상","interest_category":"도로","solar_candidate":"검토필요","candidate_reason":"도로점용 및 실제 이용형태 추가 검토 필요; 면적 7,720㎡","priority_score":40,"source":"경기부동산포털 국공유지조회·연속지적도","source_date":"2026-08-11","installed_solar_match":false}},{"type":"Feature","id":"4137010400107460000","geometry":{"type":"Point","coordinates":[127.0494839,37.1697298]},"properties":{"pnu":"4137010400107460000","municipality_code":"41370","municipality":"오산시","district":"오산시","locality":"궐동","address":"오산시 궐동 746","owner_type":"시·군유지","owner_label":"오산시","manager":"","property_class":"","land_category":"도로","area_sqm":7696.6,"area_band":"5,000㎡ 이상","interest_category":"도로","solar_candidate":"검토필요","candidate_reason":"도로점용 및 실제 이용형태 추가 검토 필요; 면적 7,697㎡","priority_score":40,"source":"경기부동산포털 국공유지조회·연속지적도","source_date":"2026-08-11","installed_solar_match":false}},{"type":"Feature","id":"4137010100109350000","geometry":{"type":"Point","coordinates":[127.0787067,37.1580177]},"properties":{"pnu":"4137010100109350000","municipality_code":"41370","municipality":"오산시","district":"오산시","locality":"오산동","address":"오산시 오산동 935","owner_type":"시·군유지","owner_label":"오산시","manager":"","property_class":"","land_category":"도로","area_sqm":7695.3,"area_band":"5,000㎡ 이상","interest_category":"도로","solar_candidate":"검토필요","candidate_reason":"도로점용 및 실제 이용형태 추가 검토 필요; 면적 7,695㎡","priority_score":40,"source":"경기부동산포털 국공유지조회·연속지적도","source_date":"2026-08-11","installed_solar_match":false}},{"type":"Feature","id":"4137011000108900000","geometry":{"type":"Point","coordinates":[127.0545887,37.1761926]},"properties":{"pnu":"4137011000108900000","municipality_code":"41370","municipality":"오산시","district":"오산시","locality":"내삼미동","address":"오산시 내삼미동 890","owner_type":"시·군유지","owner_label":"오산시","manager":"","property_class":"","land_category":"도로","area_sqm":7437.6,"area_band":"5,000㎡ 이상","interest_category":"도로","solar_candidate":"검토필요","candidate_reason":"도로점용 및 실제 이용형태 추가 검토 필요; 면적 7,438㎡","priority_score":40,"source":"경기부동산포털 국공유지조회·연속지적도","source_date":"2026-08-11","installed_solar_match":false}},{"type":"Feature","id":"4137010700200730001","geometry":{"type":"Point","coordinates":[127.0393746,37.1703215]},"properties":{"pnu":"4137010700200730001","municipality_code":"41370","municipality":"오산시","district":"오산시","locality":"금암동","address":"오산시 금암동 산73-1","owner_type":"시·군유지","owner_label":"오산시","manager":"","property_class":"","land_category":"도로","area_sqm":7423.0,"area_band":"5,000㎡ 이상","interest_category":"도로","solar_candidate":"검토필요","candidate_reason":"도로점용 및 실제 이용형태 추가 검토 필요; 면적 7,423㎡","priority_score":40,"source":"경기부동산포털 국공유지조회·연속지적도","source_date":"2026-08-11","installed_solar_match":false}},{"type":"Feature","id":"4137010200107820001","geometry":{"type":"Point","coordinates":[127.0822664,37.1571974]},"properties":{"pnu":"4137010200107820001","municipality_code":"41370","municipality":"오산시","district":"오산시","locality":"부산동","address":"오산시 부산동 782-1","owner_type":"시·군유지","owner_label":"오산시","manager":"","property_class":"","land_category":"도로","area_sqm":7372.3,"area_band":"5,000㎡ 이상","interest_category":"도로","solar_candidate":"검토필요","candidate_reason":"도로점용 및 실제 이용형태 추가 검토 필요; 면적 7,372㎡","priority_score":40,"source":"경기부동산포털 국공유지조회·연속지적도","source_date":"2026-08-11","installed_solar_match":false}},{"type":"Feature","id":"4137011900102070002","geometry":{"type":"Point","coordinates":[127.0527117,37.1342074]},"properties":{"pnu":"4137011900102070002","municipality_code":"41370","municipality":"오산시","district":"오산시","locality":"탑동","address":"오산시 탑동 207-2","owner_type":"시·군유지","owner_label":"오산시","manager":"","property_class":"","land_category":"도로","area_sqm":7353.0,"area_band":"5,000㎡ 이상","interest_category":"도로","solar_candidate":"검토필요","candidate_reason":"도로점용 및 실제 이용형태 추가 검토 필요; 면적 7,353㎡","priority_score":40,"source":"경기부동산포털 국공유지조회·연속지적도","source_date":"2026-08-11","installed_solar_match":false}},{"type":"Feature","id":"4137010100108940000","geometry":{"type":"Point","coordinates":[127.0694355,37.1517659]},"properties":{"pnu":"4137010100108940000","municipality_code":"41370","municipality":"오산시","district":"오산시","locality":"오산동","address":"오산시 오산동 894","owner_type":"시·군유지","owner_label":"오산시","manager":"","property_class":"","land_category":"도로","area_sqm":7262.3,"area_band":"5,000㎡ 이상","interest_category":"도로","solar_candidate":"검토필요","candidate_reason":"도로점용 및 실제 이용형태 추가 검토 필요; 면적 7,262㎡","priority_score":40,"source":"경기부동산포털 국공유지조회·연속지적도","source_date":"2026-08-11","installed_solar_match":false}},{"type":"Feature","id":"4137010700105500000","geometry":{"type":"Point","coordinates":[127.0498387,37.1698829]},"properties":{"pnu":"4137010700105500000","municipality_code":"41370","municipality":"오산시","district":"오산시","locality":"금암동","address":"오산시 금암동 550","owner_type":"시·군유지","owner_label":"오산시","manager":"","property_class":"","land_category":"도로","area_sqm":7246.7,"area_band":"5,000㎡ 이상","interest_category":"도로","solar_candidate":"검토필요","candidate_reason":"도로점용 및 실제 이용형태 추가 검토 필요; 면적 7,247㎡","priority_score":40,"source":"경기부동산포털 국공유지조회·연속지적도","source_date":"2026-08-11","installed_solar_match":false}},{"type":"Feature","id":"4137010300101740004","geometry":{"type":"Point","coordinates":[127.0796189,37.1485588]},"properties":{"pnu":"4137010300101740004","municipality_code":"41370","municipality":"오산시","district":"오산시","locality":"원동","address":"오산시 원동 174-4","owner_type":"시·군유지","owner_label":"오산시","manager":"","property_class":"","land_category":"도로","area_sqm":7148.0,"area_band":"5,000㎡ 이상","interest_category":"도로","solar_candidate":"검토필요","candidate_reason":"도로점용 및 실제 이용형태 추가 검토 필요; 면적 7,148㎡","priority_score":40,"source":"경기부동산포털 국공유지조회·연속지적도","source_date":"2026-08-11","installed_solar_match":false}},{"type":"Feature","id":"4137010200108220000","geometry":{"type":"Point","coordinates":[127.0800096,37.1603415]},"properties":{"pnu":"4137010200108220000","municipality_code":"41370","municipality":"오산시","district":"오산시","locality":"부산동","address":"오산시 부산동 822","owner_type":"시·군유지","owner_label":"오산시","manager":"","property_class":"","land_category":"도로","area_sqm":7138.5,"area_band":"5,000㎡ 이상","interest_category":"도로","solar_candidate":"검토필요","candidate_reason":"도로점용 및 실제 이용형태 추가 검토 필요; 면적 7,138㎡","priority_score":40,"source":"경기부동산포털 국공유지조회·연속지적도","source_date":"2026-08-11","installed_solar_match":false}},{"type":"Feature","id":"4137010300107980000","geometry":{"type":"Point","coordinates":[127.0720336,37.145146]},"properties":{"pnu":"4137010300107980000","municipality_code":"41370","municipality":"오산시","district":"오산시","locality":"원동","address":"오산시 원동 798","owner_type":"시·군유지","owner_label":"오산시","manager":"","property_class":"","land_category":"도로","area_sqm":7065.9,"area_band":"5,000㎡ 이상","interest_category":"도로","solar_candidate":"검토필요","candidate_reason":"도로점용 및 실제 이용형태 추가 검토 필요; 면적 7,066㎡","priority_score":40,"source":"경기부동산포털 국공유지조회·연속지적도","source_date":"2026-08-11","installed_solar_match":false}},{"type":"Feature","id":"4137010800105420000","geometry":{"type":"Point","coordinates":[127.0625693,37.1641035]},"properties":{"pnu":"4137010800105420000","municipality_code":"41370","municipality":"오산시","district":"오산시","locality":"수청동","address":"오산시 수청동 542","owner_type":"시·군유지","owner_label":"오산시","manager":"","property_class":"","land_category":"도로","area_sqm":7006.7,"area_band":"5,000㎡ 이상","interest_category":"도로","solar_candidate":"검토필요","candidate_reason":"도로점용 및 실제 이용형태 추가 검토 필요; 면적 7,007㎡","priority_score":40,"source":"경기부동산포털 국공유지조회·연속지적도","source_date":"2026-08-11","installed_solar_match":false}},{"type":"Feature","id":"4137011200100100011","geometry":{"type":"Point","coordinates":[127.0328939,37.1979514]},"properties":{"pnu":"4137011200100100011","municipality_code":"41370","municipality":"오산시","district":"오산시","locality":"양산동","address":"오산시 양산동 10-11","owner_type":"시·군유지","owner_label":"오산시","manager":"","property_class":"","land_category":"도로","area_sqm":6964.0,"area_band":"5,000㎡ 이상","interest_category":"도로","solar_candidate":"검토필요","candidate_reason":"도로점용 및 실제 이용형태 추가 검토 필요; 면적 6,964㎡","priority_score":40,"source":"경기부동산포털 국공유지조회·연속지적도","source_date":"2026-08-11","installed_solar_match":false}},{"type":"Feature","id":"4137012300103270000","geometry":{"type":"Point","coordinates":[127.0831775,37.1301977]},"properties":{"pnu":"4137012300103270000","municipality_code":"41370","municipality":"오산시","district":"오산시","locality":"청호동","address":"오산시 청호동 327","owner_type":"시·군유지","owner_label":"오산시","manager":"","property_class":"","land_category":"도로","area_sqm":6940.1,"area_band":"5,000㎡ 이상","interest_category":"도로","solar_candidate":"검토필요","candidate_reason":"도로점용 및 실제 이용형태 추가 검토 필요; 면적 6,940㎡","priority_score":40,"source":"경기부동산포털 국공유지조회·연속지적도","source_date":"2026-08-11","installed_solar_match":false}},{"type":"Feature","id":"4137010300108180000","geometry":{"type":"Point","coordinates":[127.0753737,37.1483063]},"properties":{"pnu":"4137010300108180000","municipality_code":"41370","municipality":"오산시","district":"오산시","locality":"원동","address":"오산시 원동 818","owner_type":"시·군유지","owner_label":"오산시","manager":"","property_class":"","land_category":"도로","area_sqm":6750.3,"area_band":"5,000㎡ 이상","interest_category":"도로","solar_candidate":"검토필요","candidate_reason":"도로점용 및 실제 이용형태 추가 검토 필요; 면적 6,750㎡","priority_score":40,"source":"경기부동산포털 국공유지조회·연속지적도","source_date":"2026-08-11","installed_solar_match":false}},{"type":"Feature","id":"4137010200107850000","geometry":{"type":"Point","coordinates":[127.0784335,37.1561778]},"properties":{"pnu":"4137010200107850000","municipality_code":"41370","municipality":"오산시","district":"오산시","locality":"부산동","address":"오산시 부산동 785","owner_type":"시·군유지","owner_label":"오산시","manager":"","property_class":"","land_category":"도로","area_sqm":6734.6,"area_band":"5,000㎡ 이상","interest_category":"도로","solar_candidate":"검토필요","candidate_reason":"도로점용 및 실제 이용형태 추가 검토 필요; 면적 6,735㎡","priority_score":40,"source":"경기부동산포털 국공유지조회·연속지적도","source_date":"2026-08-11","installed_solar_match":false}},{"type":"Feature","id":"4137010800105790000","geometry":{"type":"Point","coordinates":[127.0584238,37.1710198]},"properties":{"pnu":"4137010800105790000","municipality_code":"41370","municipality":"오산시","district":"오산시","locality":"수청동","address":"오산시 수청동 579","owner_type":"시·군유지","owner_label":"오산시","manager":"","property_class":"","land_category":"도로","area_sqm":6705.5,"area_band":"5,000㎡ 이상","interest_category":"도로","solar_candidate":"검토필요","candidate_reason":"도로점용 및 실제 이용형태 추가 검토 필요; 면적 6,706㎡","priority_score":40,"source":"경기부동산포털 국공유지조회·연속지적도","source_date":"2026-08-11","installed_solar_match":false}},{"type":"Feature","id":"4137010400108200000","geometry":{"type":"Point","coordinates":[127.0506991,37.1601815]},"properties":{"pnu":"4137010400108200000","municipality_code":"41370","municipality":"오산시","district":"오산시","locality":"궐동","address":"오산시 궐동 820","owner_type":"시·군유지","owner_label":"오산시","manager":"","property_class":"","land_category":"도로","area_sqm":6579.2,"area_band":"5,000㎡ 이상","interest_category":"도로","solar_candidate":"검토필요","candidate_reason":"도로점용 및 실제 이용형태 추가 검토 필요; 면적 6,579㎡","priority_score":40,"source":"경기부동산포털 국공유지조회·연속지적도","source_date":"2026-08-11","installed_solar_match":false}},{"type":"Feature","id":"4137010100108920000","geometry":{"type":"Point","coordinates":[127.0715899,37.1522194]},"properties":{"pnu":"4137010100108920000","municipality_code":"41370","municipality":"오산시","district":"오산시","locality":"오산동","address":"오산시 오산동 892","owner_type":"시·군유지","owner_label":"오산시","manager":"","property_class":"","land_category":"도로","area_sqm":6546.9,"area_band":"5,000㎡ 이상","interest_category":"도로","solar_candidate":"검토필요","candidate_reason":"도로점용 및 실제 이용형태 추가 검토 필요; 면적 6,547㎡","priority_score":40,"source":"경기부동산포털 국공유지조회·연속지적도","source_date":"2026-08-11","installed_solar_match":false}},{"type":"Feature","id":"4137011600106420000","geometry":{"type":"Point","coordinates":[127.043963,37.1538203]},"properties":{"pnu":"4137011600106420000","municipality_code":"41370","municipality":"오산시","district":"오산시","locality":"서동","address":"오산시 서동 642","owner_type":"시·군유지","owner_label":"오산시","manager":"","property_class":"","land_category":"도로","area_sqm":6518.8,"area_band":"5,000㎡ 이상","interest_category":"도로","solar_candidate":"검토필요","candidate_reason":"도로점용 및 실제 이용형태 추가 검토 필요; 면적 6,519㎡","priority_score":40,"source":"경기부동산포털 국공유지조회·연속지적도","source_date":"2026-08-11","installed_solar_match":false}},{"type":"Feature","id":"4137010800106400002","geometry":{"type":"Point","coordinates":[127.0650606,37.1705596]},"properties":{"pnu":"4137010800106400002","municipality_code":"41370","municipality":"오산시","district":"오산시","locality":"수청동","address":"오산시 수청동 640-2","owner_type":"시·군유지","owner_label":"오산시","manager":"","property_class":"","land_category":"도로","area_sqm":6410.2,"area_band":"5,000㎡ 이상","interest_category":"도로","solar_candidate":"검토필요","candidate_reason":"도로점용 및 실제 이용형태 추가 검토 필요; 면적 6,410㎡","priority_score":40,"source":"경기부동산포털 국공유지조회·연속지적도","source_date":"2026-08-11","installed_solar_match":false}},{"type":"Feature","id":"4137011300106290001","geometry":{"type":"Point","coordinates":[127.0408483,37.18318]},"properties":{"pnu":"4137011300106290001","municipality_code":"41370","municipality":"오산시","district":"오산시","locality":"세교동","address":"오산시 세교동 629-1","owner_type":"시·군유지","owner_label":"오산시","manager":"","property_class":"","land_category":"도로","area_sqm":6404.7,"area_band":"5,000㎡ 이상","interest_category":"도로","solar_candidate":"검토필요","candidate_reason":"도로점용 및 실제 이용형태 추가 검토 필요; 면적 6,405㎡","priority_score":40,"source":"경기부동산포털 국공유지조회·연속지적도","source_date":"2026-08-11","installed_solar_match":false}},{"type":"Feature","id":"4137010300107970000","geometry":{"type":"Point","coordinates":[127.0703717,37.14389]},"properties":{"pnu":"4137010300107970000","municipality_code":"41370","municipality":"오산시","district":"오산시","locality":"원동","address":"오산시 원동 797","owner_type":"시·군유지","owner_label":"오산시","manager":"","property_class":"","land_category":"도로","area_sqm":6348.2,"area_band":"5,000㎡ 이상","interest_category":"도로","solar_candidate":"검토필요","candidate_reason":"도로점용 및 실제 이용형태 추가 검토 필요; 면적 6,348㎡","priority_score":40,"source":"경기부동산포털 국공유지조회·연속지적도","source_date":"2026-08-11","installed_solar_match":false}},{"type":"Feature","id":"4137010700105480002","geometry":{"type":"Point","coordinates":[127.0498795,37.1720926]},"properties":{"pnu":"4137010700105480002","municipality_code":"41370","municipality":"오산시","district":"오산시","locality":"금암동","address":"오산시 금암동 548-2","owner_type":"시·군유지","owner_label":"오산시","manager":"","property_class":"","land_category":"도로","area_sqm":6304.1,"area_band":"5,000㎡ 이상","interest_category":"도로","solar_candidate":"검토필요","candidate_reason":"도로점용 및 실제 이용형태 추가 검토 필요; 면적 6,304㎡","priority_score":40,"source":"경기부동산포털 국공유지조회·연속지적도","source_date":"2026-08-11","installed_solar_match":false}},{"type":"Feature","id":"4137010300108090000","geometry":{"type":"Point","coordinates":[127.0708123,37.1337501]},"properties":{"pnu":"4137010300108090000","municipality_code":"41370","municipality":"오산시","district":"오산시","locality":"원동","address":"오산시 원동 809","owner_type":"시·군유지","owner_label":"오산시","manager":"","property_class":"","land_category":"도로","area_sqm":6165.6,"area_band":"5,000㎡ 이상","interest_category":"도로","solar_candidate":"검토필요","candidate_reason":"도로점용 및 실제 이용형태 추가 검토 필요; 면적 6,166㎡","priority_score":40,"source":"경기부동산포털 국공유지조회·연속지적도","source_date":"2026-08-11","installed_solar_match":false}},{"type":"Feature","id":"4137011900100880006","geometry":{"type":"Point","coordinates":[127.0541919,37.1341872]},"properties":{"pnu":"4137011900100880006","municipality_code":"41370","municipality":"오산시","district":"오산시","locality":"탑동","address":"오산시 탑동 88-6","owner_type":"시·군유지","owner_label":"오산시","manager":"","property_class":"","land_category":"도로","area_sqm":6115.0,"area_band":"5,000㎡ 이상","interest_category":"도로","solar_candidate":"검토필요","candidate_reason":"도로점용 및 실제 이용형태 추가 검토 필요; 면적 6,115㎡","priority_score":40,"source":"경기부동산포털 국공유지조회·연속지적도","source_date":"2026-08-11","installed_solar_match":false}},{"type":"Feature","id":"4137010400107160000","geometry":{"type":"Point","coordinates":[127.0565958,37.1613272]},"properties":{"pnu":"4137010400107160000","municipality_code":"41370","municipality":"오산시","district":"오산시","locality":"궐동","address":"오산시 궐동 716","owner_type":"시·군유지","owner_label":"오산시","manager":"","property_class":"","land_category":"도로","area_sqm":6102.1,"area_band":"5,000㎡ 이상","interest_category":"도로","solar_candidate":"검토필요","candidate_reason":"도로점용 및 실제 이용형태 추가 검토 필요; 면적 6,102㎡","priority_score":40,"source":"경기부동산포털 국공유지조회·연속지적도","source_date":"2026-08-11","installed_solar_match":false}},{"type":"Feature","id":"4137010600103790003","geometry":{"type":"Point","coordinates":[127.0385278,37.1611675]},"properties":{"pnu":"4137010600103790003","municipality_code":"41370","municipality":"오산시","district":"오산시","locality":"가장동","address":"오산시 가장동 379-3","owner_type":"시·군유지","owner_label":"오산시","manager":"","property_class":"","land_category":"도로","area_sqm":5918.6,"area_band":"5,000㎡ 이상","interest_category":"도로","solar_candidate":"검토필요","candidate_reason":"도로점용 및 실제 이용형태 추가 검토 필요; 면적 5,919㎡","priority_score":40,"source":"경기부동산포털 국공유지조회·연속지적도","source_date":"2026-08-11","installed_solar_match":false}},{"type":"Feature","id":"4137010700200450006","geometry":{"type":"Point","coordinates":[127.0402607,37.1759331]},"properties":{"pnu":"4137010700200450006","municipality_code":"41370","municipality":"오산시","district":"오산시","locality":"금암동","address":"오산시 금암동 산45-6","owner_type":"시·군유지","owner_label":"오산시","manager":"","property_class":"","land_category":"도로","area_sqm":5877.0,"area_band":"5,000㎡ 이상","interest_category":"도로","solar_candidate":"검토필요","candidate_reason":"도로점용 및 실제 이용형태 추가 검토 필요; 면적 5,877㎡","priority_score":40,"source":"경기부동산포털 국공유지조회·연속지적도","source_date":"2026-08-11","installed_solar_match":false}},{"type":"Feature","id":"4137012000106970000","geometry":{"type":"Point","coordinates":[127.045799,37.1410892]},"properties":{"pnu":"4137012000106970000","municipality_code":"41370","municipality":"오산시","district":"오산시","locality":"누읍동","address":"오산시 누읍동 697","owner_type":"시·군유지","owner_label":"오산시","manager":"","property_class":"","land_category":"도로","area_sqm":5820.3,"area_band":"5,000㎡ 이상","interest_category":"도로","solar_candidate":"검토필요","candidate_reason":"도로점용 및 실제 이용형태 추가 검토 필요; 면적 5,820㎡","priority_score":40,"source":"경기부동산포털 국공유지조회·연속지적도","source_date":"2026-08-11","installed_solar_match":false}},{"type":"Feature","id":"4137010800106130000","geometry":{"type":"Point","coordinates":[127.0615949,37.1705932]},"properties":{"pnu":"4137010800106130000","municipality_code":"41370","municipality":"오산시","district":"오산시","locality":"수청동","address":"오산시 수청동 613","owner_type":"시·군유지","owner_label":"오산시","manager":"","property_class":"","land_category":"도로","area_sqm":5797.1,"area_band":"5,000㎡ 이상","interest_category":"도로","solar_candidate":"검토필요","candidate_reason":"도로점용 및 실제 이용형태 추가 검토 필요; 면적 5,797㎡","priority_score":40,"source":"경기부동산포털 국공유지조회·연속지적도","source_date":"2026-08-11","installed_solar_match":false}},{"type":"Feature","id":"4137010400107660000","geometry":{"type":"Point","coordinates":[127.0484329,37.1639161]},"properties":{"pnu":"4137010400107660000","municipality_code":"41370","municipality":"오산시","district":"오산시","locality":"궐동","address":"오산시 궐동 766","owner_type":"시·군유지","owner_label":"오산시","manager":"","property_class":"","land_category":"도로","area_sqm":5770.1,"area_band":"5,000㎡ 이상","interest_category":"도로","solar_candidate":"검토필요","candidate_reason":"도로점용 및 실제 이용형태 추가 검토 필요; 면적 5,770㎡","priority_score":40,"source":"경기부동산포털 국공유지조회·연속지적도","source_date":"2026-08-11","installed_solar_match":false}},{"type":"Feature","id":"4137010100109400000","geometry":{"type":"Point","coordinates":[127.0759082,37.1488159]},"properties":{"pnu":"4137010100109400000","municipality_code":"41370","municipality":"오산시","district":"오산시","locality":"오산동","address":"오산시 오산동 940","owner_type":"시·군유지","owner_label":"오산시","manager":"","property_class":"","land_category":"도로","area_sqm":5768.6,"area_band":"5,000㎡ 이상","interest_category":"도로","solar_candidate":"검토필요","candidate_reason":"도로점용 및 실제 이용형태 추가 검토 필요; 면적 5,769㎡","priority_score":40,"source":"경기부동산포털 국공유지조회·연속지적도","source_date":"2026-08-11","installed_solar_match":false}},{"type":"Feature","id":"4137011300106310001","geometry":{"type":"Point","coordinates":[127.0424287,37.1853684]},"properties":{"pnu":"4137011300106310001","municipality_code":"41370","municipality":"오산시","district":"오산시","locality":"세교동","address":"오산시 세교동 631-1","owner_type":"시·군유지","owner_label":"오산시","manager":"","property_class":"","land_category":"도로","area_sqm":5724.5,"area_band":"5,000㎡ 이상","interest_category":"도로","solar_candidate":"검토필요","candidate_reason":"도로점용 및 실제 이용형태 추가 검토 필요; 면적 5,724㎡","priority_score":40,"source":"경기부동산포털 국공유지조회·연속지적도","source_date":"2026-08-11","installed_solar_match":false}},{"type":"Feature","id":"4137012000106600000","geometry":{"type":"Point","coordinates":[127.0527751,37.1431625]},"properties":{"pnu":"4137012000106600000","municipality_code":"41370","municipality":"오산시","district":"오산시","locality":"누읍동","address":"오산시 누읍동 660","owner_type":"시·군유지","owner_label":"오산시","manager":"","property_class":"","land_category":"도로","area_sqm":5690.8,"area_band":"5,000㎡ 이상","interest_category":"도로","solar_candidate":"검토필요","candidate_reason":"도로점용 및 실제 이용형태 추가 검토 필요; 면적 5,691㎡","priority_score":40,"source":"경기부동산포털 국공유지조회·연속지적도","source_date":"2026-08-11","installed_solar_match":false}},{"type":"Feature","id":"4137010300108160000","geometry":{"type":"Point","coordinates":[127.0758816,37.1486771]},"properties":{"pnu":"4137010300108160000","municipality_code":"41370","municipality":"오산시","district":"오산시","locality":"원동","address":"오산시 원동 816","owner_type":"시·군유지","owner_label":"오산시","manager":"","property_class":"","land_category":"도로","area_sqm":5686.4,"area_band":"5,000㎡ 이상","interest_category":"도로","solar_candidate":"검토필요","candidate_reason":"도로점용 및 실제 이용형태 추가 검토 필요; 면적 5,686㎡","priority_score":40,"source":"경기부동산포털 국공유지조회·연속지적도","source_date":"2026-08-11","installed_solar_match":false}},{"type":"Feature","id":"4137011100106390002","geometry":{"type":"Point","coordinates":[127.0478889,37.1892752]},"properties":{"pnu":"4137011100106390002","municipality_code":"41370","municipality":"오산시","district":"오산시","locality":"외삼미동","address":"오산시 외삼미동 639-2","owner_type":"시·군유지","owner_label":"오산시","manager":"","property_class":"","land_category":"도로","area_sqm":5677.8,"area_band":"5,000㎡ 이상","interest_category":"도로","solar_candidate":"검토필요","candidate_reason":"도로점용 및 실제 이용형태 추가 검토 필요; 면적 5,678㎡","priority_score":40,"source":"경기부동산포털 국공유지조회·연속지적도","source_date":"2026-08-11","installed_solar_match":false}},{"type":"Feature","id":"4137012400103630000","geometry":{"type":"Point","coordinates":[127.079384,37.127296]},"properties":{"pnu":"4137012400103630000","municipality_code":"41370","municipality":"오산시","district":"오산시","locality":"갈곶동","address":"오산시 갈곶동 363","owner_type":"시·군유지","owner_label":"오산시","manager":"","property_class":"","land_category":"도로","area_sqm":5665.0,"area_band":"5,000㎡ 이상","interest_category":"도로","solar_candidate":"검토필요","candidate_reason":"도로점용 및 실제 이용형태 추가 검토 필요; 면적 5,665㎡","priority_score":40,"source":"경기부동산포털 국공유지조회·연속지적도","source_date":"2026-08-11","installed_solar_match":false}},{"type":"Feature","id":"4137010400107380000","geometry":{"type":"Point","coordinates":[127.0536709,37.1596096]},"properties":{"pnu":"4137010400107380000","municipality_code":"41370","municipality":"오산시","district":"오산시","locality":"궐동","address":"오산시 궐동 738","owner_type":"시·군유지","owner_label":"오산시","manager":"","property_class":"","land_category":"도로","area_sqm":5578.0,"area_band":"5,000㎡ 이상","interest_category":"도로","solar_candidate":"검토필요","candidate_reason":"도로점용 및 실제 이용형태 추가 검토 필요; 면적 5,578㎡","priority_score":40,"source":"경기부동산포털 국공유지조회·연속지적도","source_date":"2026-08-11","installed_solar_match":false}},{"type":"Feature","id":"4137010300108230000","geometry":{"type":"Point","coordinates":[127.0743556,37.1446247]},"properties":{"pnu":"4137010300108230000","municipality_code":"41370","municipality":"오산시","district":"오산시","locality":"원동","address":"오산시 원동 823","owner_type":"시·군유지","owner_label":"오산시","manager":"","property_class":"","land_category":"도로","area_sqm":5499.2,"area_band":"5,000㎡ 이상","interest_category":"도로","solar_candidate":"검토필요","candidate_reason":"도로점용 및 실제 이용형태 추가 검토 필요; 면적 5,499㎡","priority_score":40,"source":"경기부동산포털 국공유지조회·연속지적도","source_date":"2026-08-11","installed_solar_match":false}},{"type":"Feature","id":"4137011200106800000","geometry":{"type":"Point","coordinates":[127.0317362,37.1949716]},"properties":{"pnu":"4137011200106800000","municipality_code":"41370","municipality":"오산시","district":"오산시","locality":"양산동","address":"오산시 양산동 680","owner_type":"시·군유지","owner_label":"오산시","manager":"","property_class":"","land_category":"도로","area_sqm":5453.8,"area_band":"5,000㎡ 이상","interest_category":"도로","solar_candidate":"검토필요","candidate_reason":"도로점용 및 실제 이용형태 추가 검토 필요; 면적 5,454㎡","priority_score":40,"source":"경기부동산포털 국공유지조회·연속지적도","source_date":"2026-08-11","installed_solar_match":false}},{"type":"Feature","id":"4137011100106390001","geometry":{"type":"Point","coordinates":[127.049185,37.1857464]},"properties":{"pnu":"4137011100106390001","municipality_code":"41370","municipality":"오산시","district":"오산시","locality":"외삼미동","address":"오산시 외삼미동 639-1","owner_type":"시·군유지","owner_label":"오산시","manager":"","property_class":"","land_category":"도로","area_sqm":5446.4,"area_band":"5,000㎡ 이상","interest_category":"도로","solar_candidate":"검토필요","candidate_reason":"도로점용 및 실제 이용형태 추가 검토 필요; 면적 5,446㎡","priority_score":40,"source":"경기부동산포털 국공유지조회·연속지적도","source_date":"2026-08-11","installed_solar_match":true,"installed_solar_count":2,"installed_solar_area_sqm":39.7,"installed_solar_analysis_years":["2024"],"installed_solar_types":["개인주택"],"installed_solar_permit_status_counts":{"N":2}}},{"type":"Feature","id":"4137011700104080000","geometry":{"type":"Point","coordinates":[127.0432251,37.140467]},"properties":{"pnu":"4137011700104080000","municipality_code":"41370","municipality":"오산시","district":"오산시","locality":"벌음동","address":"오산시 벌음동 408","owner_type":"시·군유지","owner_label":"오산시","manager":"","property_class":"","land_category":"도로","area_sqm":5431.1,"area_band":"5,000㎡ 이상","interest_category":"도로","solar_candidate":"검토필요","candidate_reason":"도로점용 및 실제 이용형태 추가 검토 필요; 면적 5,431㎡","priority_score":40,"source":"경기부동산포털 국공유지조회·연속지적도","source_date":"2026-08-11","installed_solar_match":false}},{"type":"Feature","id":"4137012100104350000","geometry":{"type":"Point","coordinates":[127.0527852,37.1456022]},"properties":{"pnu":"4137012100104350000","municipality_code":"41370","municipality":"오산시","district":"오산시","locality":"가수동","address":"오산시 가수동 435","owner_type":"시·군유지","owner_label":"오산시","manager":"","property_class":"","land_category":"도로","area_sqm":5383.1,"area_band":"5,000㎡ 이상","interest_category":"도로","solar_candidate":"검토필요","candidate_reason":"도로점용 및 실제 이용형태 추가 검토 필요; 면적 5,383㎡","priority_score":40,"source":"경기부동산포털 국공유지조회·연속지적도","source_date":"2026-08-11","installed_solar_match":false}},{"type":"Feature","id":"4137010200107860000","geometry":{"type":"Point","coordinates":[127.0836901,37.1603154]},"properties":{"pnu":"4137010200107860000","municipality_code":"41370","municipality":"오산시","district":"오산시","locality":"부산동","address":"오산시 부산동 786","owner_type":"시·군유지","owner_label":"오산시","manager":"","property_class":"","land_category":"도로","area_sqm":5380.8,"area_band":"5,000㎡ 이상","interest_category":"도로","solar_candidate":"검토필요","candidate_reason":"도로점용 및 실제 이용형태 추가 검토 필요; 면적 5,381㎡","priority_score":40,"source":"경기부동산포털 국공유지조회·연속지적도","source_date":"2026-08-11","installed_solar_match":false}},{"type":"Feature","id":"4137010500103700000","geometry":{"type":"Point","coordinates":[127.0555396,37.1472068]},"properties":{"pnu":"4137010500103700000","municipality_code":"41370","municipality":"오산시","district":"오산시","locality":"청학동","address":"오산시 청학동 370","owner_type":"시·군유지","owner_label":"오산시","manager":"","property_class":"","land_category":"도로","area_sqm":5367.2,"area_band":"5,000㎡ 이상","interest_category":"도로","solar_candidate":"검토필요","candidate_reason":"도로점용 및 실제 이용형태 추가 검토 필요; 면적 5,367㎡","priority_score":40,"source":"경기부동산포털 국공유지조회·연속지적도","source_date":"2026-08-11","installed_solar_match":false}},{"type":"Feature","id":"4137010100108950000","geometry":{"type":"Point","coordinates":[127.0685567,37.1510662]},"properties":{"pnu":"4137010100108950000","municipality_code":"41370","municipality":"오산시","district":"오산시","locality":"오산동","address":"오산시 오산동 895","owner_type":"시·군유지","owner_label":"오산시","manager":"","property_class":"","land_category":"도로","area_sqm":5319.0,"area_band":"5,000㎡ 이상","interest_category":"도로","solar_candidate":"검토필요","candidate_reason":"도로점용 및 실제 이용형태 추가 검토 필요; 면적 5,319㎡","priority_score":40,"source":"경기부동산포털 국공유지조회·연속지적도","source_date":"2026-08-11","installed_solar_match":false}},{"type":"Feature","id":"4137010400107120000","geometry":{"type":"Point","coordinates":[127.0535933,37.1634999]},"properties":{"pnu":"4137010400107120000","municipality_code":"41370","municipality":"오산시","district":"오산시","locality":"궐동","address":"오산시 궐동 712","owner_type":"시·군유지","owner_label":"오산시","manager":"","property_class":"","land_category":"도로","area_sqm":5305.6,"area_band":"5,000㎡ 이상","interest_category":"도로","solar_candidate":"검토필요","candidate_reason":"도로점용 및 실제 이용형태 추가 검토 필요; 면적 5,306㎡","priority_score":40,"source":"경기부동산포털 국공유지조회·연속지적도","source_date":"2026-08-11","installed_solar_match":false}},{"type":"Feature","id":"4137012100103780029","geometry":{"type":"Point","coordinates":[127.0601864,37.1425882]},"properties":{"pnu":"4137012100103780029","municipality_code":"41370","municipality":"오산시","district":"오산시","locality":"가수동","address":"오산시 가수동 378-29","owner_type":"시·군유지","owner_label":"오산시","manager":"","property_class":"","land_category":"도로","area_sqm":5275.0,"area_band":"5,000㎡ 이상","interest_category":"도로","solar_candidate":"검토필요","candidate_reason":"도로점용 및 실제 이용형태 추가 검토 필요; 면적 5,275㎡","priority_score":40,"source":"경기부동산포털 국공유지조회·연속지적도","source_date":"2026-08-11","installed_solar_match":false}},{"type":"Feature","id":"4137010500103620000","geometry":{"type":"Point","coordinates":[127.0540258,37.1501533]},"properties":{"pnu":"4137010500103620000","municipality_code":"41370","municipality":"오산시","district":"오산시","locality":"청학동","address":"오산시 청학동 362","owner_type":"시·군유지","owner_label":"오산시","manager":"","property_class":"","land_category":"도로","area_sqm":5271.8,"area_band":"5,000㎡ 이상","interest_category":"도로","solar_candidate":"검토필요","candidate_reason":"도로점용 및 실제 이용형태 추가 검토 필요; 면적 5,272㎡","priority_score":40,"source":"경기부동산포털 국공유지조회·연속지적도","source_date":"2026-08-11","installed_solar_match":false}},{"type":"Feature","id":"4137011200200010003","geometry":{"type":"Point","coordinates":[127.0354631,37.1908173]},"properties":{"pnu":"4137011200200010003","municipality_code":"41370","municipality":"오산시","district":"오산시","locality":"양산동","address":"오산시 양산동 산1-3","owner_type":"시·군유지","owner_label":"오산시","manager":"","property_class":"","land_category":"도로","area_sqm":5223.0,"area_band":"5,000㎡ 이상","interest_category":"도로","solar_candidate":"검토필요","candidate_reason":"도로점용 및 실제 이용형태 추가 검토 필요; 면적 5,223㎡","priority_score":40,"source":"경기부동산포털 국공유지조회·연속지적도","source_date":"2026-08-11","installed_solar_match":false}},{"type":"Feature","id":"4137010100109080000","geometry":{"type":"Point","coordinates":[127.0676642,37.1422292]},"properties":{"pnu":"4137010100109080000","municipality_code":"41370","municipality":"오산시","district":"오산시","locality":"오산동","address":"오산시 오산동 908","owner_type":"시·군유지","owner_label":"오산시","manager":"","property_class":"","land_category":"도로","area_sqm":5207.7,"area_band":"5,000㎡ 이상","interest_category":"도로","solar_candidate":"검토필요","candidate_reason":"도로점용 및 실제 이용형태 추가 검토 필요; 면적 5,208㎡","priority_score":40,"source":"경기부동산포털 국공유지조회·연속지적도","source_date":"2026-08-11","installed_solar_match":false}},{"type":"Feature","id":"4137010400107270000","geometry":{"type":"Point","coordinates":[127.0614219,37.1572468]},"properties":{"pnu":"4137010400107270000","municipality_code":"41370","municipality":"오산시","district":"오산시","locality":"궐동","address":"오산시 궐동 727","owner_type":"시·군유지","owner_label":"오산시","manager":"","property_class":"","land_category":"도로","area_sqm":5174.5,"area_band":"5,000㎡ 이상","interest_category":"도로","solar_candidate":"검토필요","candidate_reason":"도로점용 및 실제 이용형태 추가 검토 필요; 면적 5,174㎡","priority_score":40,"source":"경기부동산포털 국공유지조회·연속지적도","source_date":"2026-08-11","installed_solar_match":false}},{"type":"Feature","id":"4137012100104470000","geometry":{"type":"Point","coordinates":[127.0557829,37.1471263]},"properties":{"pnu":"4137012100104470000","municipality_code":"41370","municipality":"오산시","district":"오산시","locality":"가수동","address":"오산시 가수동 447","owner_type":"시·군유지","owner_label":"오산시","manager":"","property_class":"","land_category":"도로","area_sqm":5117.8,"area_band":"5,000㎡ 이상","interest_category":"도로","solar_candidate":"검토필요","candidate_reason":"도로점용 및 실제 이용형태 추가 검토 필요; 면적 5,118㎡","priority_score":40,"source":"경기부동산포털 국공유지조회·연속지적도","source_date":"2026-08-11","installed_solar_match":false}},{"type":"Feature","id":"4137010500100520016","geometry":{"type":"Point","coordinates":[127.0581376,37.1536836]},"properties":{"pnu":"4137010500100520016","municipality_code":"41370","municipality":"오산시","district":"오산시","locality":"청학동","address":"오산시 청학동 52-16","owner_type":"시·군유지","owner_label":"오산시","manager":"","property_class":"","land_category":"도로","area_sqm":5048.7,"area_band":"5,000㎡ 이상","interest_category":"도로","solar_candidate":"검토필요","candidate_reason":"도로점용 및 실제 이용형태 추가 검토 필요; 면적 5,049㎡","priority_score":40,"source":"경기부동산포털 국공유지조회·연속지적도","source_date":"2026-08-11","installed_solar_match":false}},{"type":"Feature","id":"4137010700200680004","geometry":{"type":"Point","coordinates":[127.0411956,37.1717329]},"properties":{"pnu":"4137010700200680004","municipality_code":"41370","municipality":"오산시","district":"오산시","locality":"금암동","address":"오산시 금암동 산68-4","owner_type":"시·군유지","owner_label":"오산시","manager":"","property_class":"","land_category":"도로","area_sqm":5046.0,"area_band":"5,000㎡ 이상","interest_category":"도로","solar_candidate":"검토필요","candidate_reason":"도로점용 및 실제 이용형태 추가 검토 필요; 면적 5,046㎡","priority_score":40,"source":"경기부동산포털 국공유지조회·연속지적도","source_date":"2026-08-11","installed_solar_match":false}},{"type":"Feature","id":"4137011000104840024","geometry":{"type":"Point","coordinates":[127.0550176,37.1797722]},"properties":{"pnu":"4137011000104840024","municipality_code":"41370","municipality":"오산시","district":"오산시","locality":"내삼미동","address":"오산시 내삼미동 484-24","owner_type":"시·군유지","owner_label":"오산시","manager":"","property_class":"","land_category":"도로","area_sqm":5030.0,"area_band":"5,000㎡ 이상","interest_category":"도로","solar_candidate":"검토필요","candidate_reason":"도로점용 및 실제 이용형태 추가 검토 필요; 면적 5,030㎡","priority_score":40,"source":"경기부동산포털 국공유지조회·연속지적도","source_date":"2026-08-11","installed_solar_match":false}},{"type":"Feature","id":"4137010400107760001","geometry":{"type":"Point","coordinates":[127.0516012,37.164063]},"properties":{"pnu":"4137010400107760001","municipality_code":"41370","municipality":"오산시","district":"오산시","locality":"궐동","address":"오산시 궐동 776-1","owner_type":"시·군유지","owner_label":"오산시","manager":"","property_class":"","land_category":"공원","area_sqm":4936.2,"area_band":"3,000~5,000㎡","interest_category":"공원","solar_candidate":"검토필요","candidate_reason":"도시공원 관련 법령 및 공원시설 기준 검토 필요; 면적 4,936㎡","priority_score":40,"source":"경기부동산포털 국공유지조회·연속지적도","source_date":"2026-08-11","installed_solar_match":false}},{"type":"Feature","id":"4137012100104490001","geometry":{"type":"Point","coordinates":[127.0556928,37.1448097]},"properties":{"pnu":"4137012100104490001","municipality_code":"41370","municipality":"오산시","district":"오산시","locality":"가수동","address":"오산시 가수동 449-1","owner_type":"시·군유지","owner_label":"오산시","manager":"","property_class":"","land_category":"공원","area_sqm":4894.7,"area_band":"3,000~5,000㎡","interest_category":"공원","solar_candidate":"검토필요","candidate_reason":"도시공원 관련 법령 및 공원시설 기준 검토 필요; 면적 4,895㎡","priority_score":40,"source":"경기부동산포털 국공유지조회·연속지적도","source_date":"2026-08-11","installed_solar_match":false}},{"type":"Feature","id":"4137010600103730008","geometry":{"type":"Point","coordinates":[127.0368079,37.1606428]},"properties":{"pnu":"4137010600103730008","municipality_code":"41370","municipality":"오산시","district":"오산시","locality":"가장동","address":"오산시 가장동 373-8","owner_type":"시·군유지","owner_label":"오산시","manager":"","property_class":"","land_category":"공원","area_sqm":4827.6,"area_band":"3,000~5,000㎡","interest_category":"공원","solar_candidate":"검토필요","candidate_reason":"도시공원 관련 법령 및 공원시설 기준 검토 필요; 면적 4,828㎡","priority_score":40,"source":"경기부동산포털 국공유지조회·연속지적도","source_date":"2026-08-11","installed_solar_match":false}},{"type":"Feature","id":"4137010200108320000","geometry":{"type":"Point","coordinates":[127.0816828,37.1591164]},"properties":{"pnu":"4137010200108320000","municipality_code":"41370","municipality":"오산시","district":"오산시","locality":"부산동","address":"오산시 부산동 832","owner_type":"시·군유지","owner_label":"오산시","manager":"","property_class":"","land_category":"공원","area_sqm":4819.4,"area_band":"3,000~5,000㎡","interest_category":"공원","solar_candidate":"검토필요","candidate_reason":"도시공원 관련 법령 및 공원시설 기준 검토 필요; 면적 4,819㎡","priority_score":40,"source":"경기부동산포털 국공유지조회·연속지적도","source_date":"2026-08-11","installed_solar_match":false}},{"type":"Feature","id":"4137012000106320000","geometry":{"type":"Point","coordinates":[127.054341,37.1401754]},"properties":{"pnu":"4137012000106320000","municipality_code":"41370","municipality":"오산시","district":"오산시","locality":"누읍동","address":"오산시 누읍동 632","owner_type":"시·군유지","owner_label":"오산시","manager":"","property_class":"","land_category":"공원","area_sqm":4801.5,"area_band":"3,000~5,000㎡","interest_category":"공원","solar_candidate":"검토필요","candidate_reason":"도시공원 관련 법령 및 공원시설 기준 검토 필요; 면적 4,802㎡","priority_score":40,"source":"경기부동산포털 국공유지조회·연속지적도","source_date":"2026-08-11","installed_solar_match":false}},{"type":"Feature","id":"4137011200106680002","geometry":{"type":"Point","coordinates":[127.0357374,37.1974088]},"properties":{"pnu":"4137011200106680002","municipality_code":"41370","municipality":"오산시","district":"오산시","locality":"양산동","address":"오산시 양산동 668-2","owner_type":"시·군유지","owner_label":"오산시","manager":"","property_class":"","land_category":"공원","area_sqm":4783.7,"area_band":"3,000~5,000㎡","interest_category":"공원","solar_candidate":"검토필요","candidate_reason":"도시공원 관련 법령 및 공원시설 기준 검토 필요; 면적 4,784㎡","priority_score":40,"source":"경기부동산포털 국공유지조회·연속지적도","source_date":"2026-08-11","installed_solar_match":false}},{"type":"Feature","id":"4137010700105090004","geometry":{"type":"Point","coordinates":[127.041364,37.1763581]},"properties":{"pnu":"4137010700105090004","municipality_code":"41370","municipality":"오산시","district":"오산시","locality":"금암동","address":"오산시 금암동 509-4","owner_type":"시·군유지","owner_label":"오산시","manager":"","property_class":"","land_category":"공원","area_sqm":4774.3,"area_band":"3,000~5,000㎡","interest_category":"공원","solar_candidate":"검토필요","candidate_reason":"도시공원 관련 법령 및 공원시설 기준 검토 필요; 면적 4,774㎡","priority_score":40,"source":"경기부동산포털 국공유지조회·연속지적도","source_date":"2026-08-11","installed_solar_match":true,"installed_solar_count":1,"installed_solar_area_sqm":52.6,"installed_solar_analysis_years":["2024"],"installed_solar_types":["공동주택"],"installed_solar_permit_status_counts":{"N":1}}},{"type":"Feature","id":"4137011200106710022","geometry":{"type":"Point","coordinates":[127.0345109,37.1924041]},"properties":{"pnu":"4137011200106710022","municipality_code":"41370","municipality":"오산시","district":"오산시","locality":"양산동","address":"오산시 양산동 671-22","owner_type":"시·군유지","owner_label":"오산시","manager":"","property_class":"","land_category":"공원","area_sqm":4715.7,"area_band":"3,000~5,000㎡","interest_category":"공원","solar_candidate":"검토필요","candidate_reason":"도시공원 관련 법령 및 공원시설 기준 검토 필요; 면적 4,716㎡","priority_score":40,"source":"경기부동산포털 국공유지조회·연속지적도","source_date":"2026-08-11","installed_solar_match":false}},{"type":"Feature","id":"4137010300104810017","geometry":{"type":"Point","coordinates":[127.0749639,37.1326429]},"properties":{"pnu":"4137010300104810017","municipality_code":"41370","municipality":"오산시","district":"오산시","locality":"원동","address":"오산시 원동 481-17","owner_type":"시·군유지","owner_label":"오산시","manager":"","property_class":"","land_category":"공원","area_sqm":4624.0,"area_band":"3,000~5,000㎡","interest_category":"공원","solar_candidate":"검토필요","candidate_reason":"도시공원 관련 법령 및 공원시설 기준 검토 필요; 면적 4,624㎡","priority_score":40,"source":"경기부동산포털 국공유지조회·연속지적도","source_date":"2026-08-11","installed_solar_match":false}},{"type":"Feature","id":"4137010400106560000","geometry":{"type":"Point","coordinates":[127.0599796,37.1577412]},"properties":{"pnu":"4137010400106560000","municipality_code":"41370","municipality":"오산시","district":"오산시","locality":"궐동","address":"오산시 궐동 656","owner_type":"시·군유지","owner_label":"오산시","manager":"","property_class":"","land_category":"공원","area_sqm":4606.4,"area_band":"3,000~5,000㎡","interest_category":"공원","solar_candidate":"검토필요","candidate_reason":"도시공원 관련 법령 및 공원시설 기준 검토 필요; 면적 4,606㎡","priority_score":40,"source":"경기부동산포털 국공유지조회·연속지적도","source_date":"2026-08-11","installed_solar_match":false}},{"type":"Feature","id":"4137010400108220002","geometry":{"type":"Point","coordinates":[127.0516144,37.1565092]},"properties":{"pnu":"4137010400108220002","municipality_code":"41370","municipality":"오산시","district":"오산시","locality":"궐동","address":"오산시 궐동 822-2","owner_type":"시·군유지","owner_label":"오산시","manager":"","property_class":"","land_category":"공원","area_sqm":4491.9,"area_band":"3,000~5,000㎡","interest_category":"공원","solar_candidate":"검토필요","candidate_reason":"도시공원 관련 법령 및 공원시설 기준 검토 필요; 면적 4,492㎡","priority_score":40,"source":"경기부동산포털 국공유지조회·연속지적도","source_date":"2026-08-11","installed_solar_match":false}},{"type":"Feature","id":"4137010700105420014","geometry":{"type":"Point","coordinates":[127.0519384,37.1705657]},"properties":{"pnu":"4137010700105420014","municipality_code":"41370","municipality":"오산시","district":"오산시","locality":"금암동","address":"오산시 금암동 542-14","owner_type":"시·군유지","owner_label":"오산시","manager":"","property_class":"","land_category":"공원","area_sqm":4444.2,"area_band":"3,000~5,000㎡","interest_category":"공원","solar_candidate":"검토필요","candidate_reason":"도시공원 관련 법령 및 공원시설 기준 검토 필요; 면적 4,444㎡","priority_score":40,"source":"경기부동산포털 국공유지조회·연속지적도","source_date":"2026-08-11","installed_solar_match":false}},{"type":"Feature","id":"4137010200107780003","geometry":{"type":"Point","coordinates":[127.079444,37.1585753]},"properties":{"pnu":"4137010200107780003","municipality_code":"41370","municipality":"오산시","district":"오산시","locality":"부산동","address":"오산시 부산동 778-3","owner_type":"시·군유지","owner_label":"오산시","manager":"","property_class":"","land_category":"공원","area_sqm":4390.0,"area_band":"3,000~5,000㎡","interest_category":"공원","solar_candidate":"검토필요","candidate_reason":"도시공원 관련 법령 및 공원시설 기준 검토 필요; 면적 4,390㎡","priority_score":40,"source":"경기부동산포털 국공유지조회·연속지적도","source_date":"2026-08-11","installed_solar_match":false}},{"type":"Feature","id":"4137010800106160003","geometry":{"type":"Point","coordinates":[127.0643666,37.1659541]},"properties":{"pnu":"4137010800106160003","municipality_code":"41370","municipality":"오산시","district":"오산시","locality":"수청동","address":"오산시 수청동 616-3","owner_type":"시·군유지","owner_label":"오산시","manager":"","property_class":"","land_category":"공원","area_sqm":4302.4,"area_band":"3,000~5,000㎡","interest_category":"공원","solar_candidate":"검토필요","candidate_reason":"도시공원 관련 법령 및 공원시설 기준 검토 필요; 면적 4,302㎡","priority_score":40,"source":"경기부동산포털 국공유지조회·연속지적도","source_date":"2026-08-11","installed_solar_match":false}},{"type":"Feature","id":"4137011400105620005","geometry":{"type":"Point","coordinates":[127.0314852,37.1682349]},"properties":{"pnu":"4137011400105620005","municipality_code":"41370","municipality":"오산시","district":"오산시","locality":"지곶동","address":"오산시 지곶동 562-5","owner_type":"시·군유지","owner_label":"오산시","manager":"","property_class":"","land_category":"공원","area_sqm":4271.3,"area_band":"3,000~5,000㎡","interest_category":"공원","solar_candidate":"검토필요","candidate_reason":"도시공원 관련 법령 및 공원시설 기준 검토 필요; 면적 4,271㎡","priority_score":40,"source":"경기부동산포털 국공유지조회·연속지적도","source_date":"2026-08-11","installed_solar_match":false}},{"type":"Feature","id":"4137010200107890000","geometry":{"type":"Point","coordinates":[127.0941083,37.1556644]},"properties":{"pnu":"4137010200107890000","municipality_code":"41370","municipality":"오산시","district":"오산시","locality":"부산동","address":"오산시 부산동 789","owner_type":"시·군유지","owner_label":"오산시","manager":"","property_class":"","land_category":"공원","area_sqm":4256.2,"area_band":"3,000~5,000㎡","interest_category":"공원","solar_candidate":"검토필요","candidate_reason":"도시공원 관련 법령 및 공원시설 기준 검토 필요; 면적 4,256㎡","priority_score":40,"source":"경기부동산포털 국공유지조회·연속지적도","source_date":"2026-08-11","installed_solar_match":false}},{"type":"Feature","id":"4137010600103860004","geometry":{"type":"Point","coordinates":[127.0349294,37.1678109]},"properties":{"pnu":"4137010600103860004","municipality_code":"41370","municipality":"오산시","district":"오산시","locality":"가장동","address":"오산시 가장동 386-4","owner_type":"시·군유지","owner_label":"오산시","manager":"","property_class":"","land_category":"공원","area_sqm":4186.1,"area_band":"3,000~5,000㎡","interest_category":"공원","solar_candidate":"검토필요","candidate_reason":"도시공원 관련 법령 및 공원시설 기준 검토 필요; 면적 4,186㎡","priority_score":40,"source":"경기부동산포털 국공유지조회·연속지적도","source_date":"2026-08-11","installed_solar_match":false}},{"type":"Feature","id":"4137010800106220002","geometry":{"type":"Point","coordinates":[127.0662469,37.1662048]},"properties":{"pnu":"4137010800106220002","municipality_code":"41370","municipality":"오산시","district":"오산시","locality":"수청동","address":"오산시 수청동 622-2","owner_type":"시·군유지","owner_label":"오산시","manager":"","property_class":"","land_category":"공원","area_sqm":4156.0,"area_band":"3,000~5,000㎡","interest_category":"공원","solar_candidate":"검토필요","candidate_reason":"도시공원 관련 법령 및 공원시설 기준 검토 필요; 면적 4,156㎡","priority_score":40,"source":"경기부동산포털 국공유지조회·연속지적도","source_date":"2026-08-11","installed_solar_match":false}},{"type":"Feature","id":"4137011000108880003","geometry":{"type":"Point","coordinates":[127.0552178,37.1761885]},"properties":{"pnu":"4137011000108880003","municipality_code":"41370","municipality":"오산시","district":"오산시","locality":"내삼미동","address":"오산시 내삼미동 888-3","owner_type":"시·군유지","owner_label":"오산시","manager":"","property_class":"","land_category":"공원","area_sqm":4100.3,"area_band":"3,000~5,000㎡","interest_category":"공원","solar_candidate":"검토필요","candidate_reason":"도시공원 관련 법령 및 공원시설 기준 검토 필요; 면적 4,100㎡","priority_score":40,"source":"경기부동산포털 국공유지조회·연속지적도","source_date":"2026-08-11","installed_solar_match":false}},{"type":"Feature","id":"4137010400108010000","geometry":{"type":"Point","coordinates":[127.0500445,37.1612065]},"properties":{"pnu":"4137010400108010000","municipality_code":"41370","municipality":"오산시","district":"오산시","locality":"궐동","address":"오산시 궐동 801","owner_type":"시·군유지","owner_label":"오산시","manager":"","property_class":"","land_category":"공원","area_sqm":4066.5,"area_band":"3,000~5,000㎡","interest_category":"공원","solar_candidate":"검토필요","candidate_reason":"도시공원 관련 법령 및 공원시설 기준 검토 필요; 면적 4,066㎡","priority_score":40,"source":"경기부동산포털 국공유지조회·연속지적도","source_date":"2026-08-11","installed_solar_match":false}},{"type":"Feature","id":"4137010400106240000","geometry":{"type":"Point","coordinates":[127.0575994,37.1605678]},"properties":{"pnu":"4137010400106240000","municipality_code":"41370","municipality":"오산시","district":"오산시","locality":"궐동","address":"오산시 궐동 624","owner_type":"시·군유지","owner_label":"오산시","manager":"","property_class":"","land_category":"공원","area_sqm":3955.8,"area_band":"3,000~5,000㎡","interest_category":"공원","solar_candidate":"검토필요","candidate_reason":"도시공원 관련 법령 및 공원시설 기준 검토 필요; 면적 3,956㎡","priority_score":40,"source":"경기부동산포털 국공유지조회·연속지적도","source_date":"2026-08-11","installed_solar_match":false}},{"type":"Feature","id":"4137010300108150003","geometry":{"type":"Point","coordinates":[127.0768946,37.1448263]},"properties":{"pnu":"4137010300108150003","municipality_code":"41370","municipality":"오산시","district":"오산시","locality":"원동","address":"오산시 원동 815-3","owner_type":"시·군유지","owner_label":"오산시","manager":"","property_class":"","land_category":"공원","area_sqm":3920.3,"area_band":"3,000~5,000㎡","interest_category":"공원","solar_candidate":"검토필요","candidate_reason":"도시공원 관련 법령 및 공원시설 기준 검토 필요; 면적 3,920㎡","priority_score":40,"source":"경기부동산포털 국공유지조회·연속지적도","source_date":"2026-08-11","installed_solar_match":false}},{"type":"Feature","id":"4137010400106920000","geometry":{"type":"Point","coordinates":[127.0560763,37.1571749]},"properties":{"pnu":"4137010400106920000","municipality_code":"41370","municipality":"오산시","district":"오산시","locality":"궐동","address":"오산시 궐동 692","owner_type":"시·군유지","owner_label":"오산시","manager":"","property_class":"","land_category":"공원","area_sqm":3869.0,"area_band":"3,000~5,000㎡","interest_category":"공원","solar_candidate":"검토필요","candidate_reason":"도시공원 관련 법령 및 공원시설 기준 검토 필요; 면적 3,869㎡","priority_score":40,"source":"경기부동산포털 국공유지조회·연속지적도","source_date":"2026-08-11","installed_solar_match":false}},{"type":"Feature","id":"4137012000106230000","geometry":{"type":"Point","coordinates":[127.0537247,37.1415269]},"properties":{"pnu":"4137012000106230000","municipality_code":"41370","municipality":"오산시","district":"오산시","locality":"누읍동","address":"오산시 누읍동 623","owner_type":"시·군유지","owner_label":"오산시","manager":"","property_class":"","land_category":"공원","area_sqm":3853.0,"area_band":"3,000~5,000㎡","interest_category":"공원","solar_candidate":"검토필요","candidate_reason":"도시공원 관련 법령 및 공원시설 기준 검토 필요; 면적 3,853㎡","priority_score":40,"source":"경기부동산포털 국공유지조회·연속지적도","source_date":"2026-08-11","installed_solar_match":false}},{"type":"Feature","id":"4137010200108080000","geometry":{"type":"Point","coordinates":[127.0918815,37.1484275]},"properties":{"pnu":"4137010200108080000","municipality_code":"41370","municipality":"오산시","district":"오산시","locality":"부산동","address":"오산시 부산동 808","owner_type":"시·군유지","owner_label":"오산시","manager":"","property_class":"","land_category":"공원","area_sqm":3750.5,"area_band":"3,000~5,000㎡","interest_category":"공원","solar_candidate":"검토필요","candidate_reason":"도시공원 관련 법령 및 공원시설 기준 검토 필요; 면적 3,750㎡","priority_score":40,"source":"경기부동산포털 국공유지조회·연속지적도","source_date":"2026-08-11","installed_solar_match":false}},{"type":"Feature","id":"4137011300106220002","geometry":{"type":"Point","coordinates":[127.0404405,37.1866507]},"properties":{"pnu":"4137011300106220002","municipality_code":"41370","municipality":"오산시","district":"오산시","locality":"세교동","address":"오산시 세교동 622-2","owner_type":"시·군유지","owner_label":"오산시","manager":"","property_class":"","land_category":"공원","area_sqm":3694.0,"area_band":"3,000~5,000㎡","interest_category":"공원","solar_candidate":"검토필요","candidate_reason":"도시공원 관련 법령 및 공원시설 기준 검토 필요; 면적 3,694㎡","priority_score":40,"source":"경기부동산포털 국공유지조회·연속지적도","source_date":"2026-08-11","installed_solar_match":false}},{"type":"Feature","id":"4137012300103470000","geometry":{"type":"Point","coordinates":[127.0820924,37.1322642]},"properties":{"pnu":"4137012300103470000","municipality_code":"41370","municipality":"오산시","district":"오산시","locality":"청호동","address":"오산시 청호동 347","owner_type":"시·군유지","owner_label":"오산시","manager":"","property_class":"","land_category":"공원","area_sqm":3671.0,"area_band":"3,000~5,000㎡","interest_category":"공원","solar_candidate":"검토필요","candidate_reason":"도시공원 관련 법령 및 공원시설 기준 검토 필요; 면적 3,671㎡","priority_score":40,"source":"경기부동산포털 국공유지조회·연속지적도","source_date":"2026-08-11","installed_solar_match":false}},{"type":"Feature","id":"4137011900103240000","geometry":{"type":"Point","coordinates":[127.049433,37.1338901]},"properties":{"pnu":"4137011900103240000","municipality_code":"41370","municipality":"오산시","district":"오산시","locality":"탑동","address":"오산시 탑동 324","owner_type":"시·군유지","owner_label":"오산시","manager":"","property_class":"","land_category":"공원","area_sqm":3664.5,"area_band":"3,000~5,000㎡","interest_category":"공원","solar_candidate":"검토필요","candidate_reason":"도시공원 관련 법령 및 공원시설 기준 검토 필요; 면적 3,664㎡","priority_score":40,"source":"경기부동산포털 국공유지조회·연속지적도","source_date":"2026-08-11","installed_solar_match":false}},{"type":"Feature","id":"4137011000108890001","geometry":{"type":"Point","coordinates":[127.0574274,37.1762403]},"properties":{"pnu":"4137011000108890001","municipality_code":"41370","municipality":"오산시","district":"오산시","locality":"내삼미동","address":"오산시 내삼미동 889-1","owner_type":"시·군유지","owner_label":"오산시","manager":"","property_class":"","land_category":"공원","area_sqm":3644.5,"area_band":"3,000~5,000㎡","interest_category":"공원","solar_candidate":"검토필요","candidate_reason":"도시공원 관련 법령 및 공원시설 기준 검토 필요; 면적 3,644㎡","priority_score":40,"source":"경기부동산포털 국공유지조회·연속지적도","source_date":"2026-08-11","installed_solar_match":false}},{"type":"Feature","id":"4137010400108250000","geometry":{"type":"Point","coordinates":[127.0478407,37.1601837]},"properties":{"pnu":"4137010400108250000","municipality_code":"41370","municipality":"오산시","district":"오산시","locality":"궐동","address":"오산시 궐동 825","owner_type":"시·군유지","owner_label":"오산시","manager":"","property_class":"","land_category":"공원","area_sqm":3635.4,"area_band":"3,000~5,000㎡","interest_category":"공원","solar_candidate":"검토필요","candidate_reason":"도시공원 관련 법령 및 공원시설 기준 검토 필요; 면적 3,635㎡","priority_score":40,"source":"경기부동산포털 국공유지조회·연속지적도","source_date":"2026-08-11","installed_solar_match":false}},{"type":"Feature","id":"4137010600103850002","geometry":{"type":"Point","coordinates":[127.0296101,37.1671155]},"properties":{"pnu":"4137010600103850002","municipality_code":"41370","municipality":"오산시","district":"오산시","locality":"가장동","address":"오산시 가장동 385-2","owner_type":"시·군유지","owner_label":"오산시","manager":"","property_class":"","land_category":"공원","area_sqm":3629.8,"area_band":"3,000~5,000㎡","interest_category":"공원","solar_candidate":"검토필요","candidate_reason":"도시공원 관련 법령 및 공원시설 기준 검토 필요; 면적 3,630㎡","priority_score":40,"source":"경기부동산포털 국공유지조회·연속지적도","source_date":"2026-08-11","installed_solar_match":false}},{"type":"Feature","id":"4137010500103120001","geometry":{"type":"Point","coordinates":[127.0536537,37.1489997]},"properties":{"pnu":"4137010500103120001","municipality_code":"41370","municipality":"오산시","district":"오산시","locality":"청학동","address":"오산시 청학동 312-1","owner_type":"시·군유지","owner_label":"오산시","manager":"","property_class":"","land_category":"공원","area_sqm":3587.7,"area_band":"3,000~5,000㎡","interest_category":"공원","solar_candidate":"검토필요","candidate_reason":"도시공원 관련 법령 및 공원시설 기준 검토 필요; 면적 3,588㎡","priority_score":40,"source":"경기부동산포털 국공유지조회·연속지적도","source_date":"2026-08-11","installed_solar_match":false}},{"type":"Feature","id":"4137010400107060000","geometry":{"type":"Point","coordinates":[127.0547677,37.1554466]},"properties":{"pnu":"4137010400107060000","municipality_code":"41370","municipality":"오산시","district":"오산시","locality":"궐동","address":"오산시 궐동 706","owner_type":"시·군유지","owner_label":"오산시","manager":"","property_class":"","land_category":"공원","area_sqm":3583.5,"area_band":"3,000~5,000㎡","interest_category":"공원","solar_candidate":"검토필요","candidate_reason":"도시공원 관련 법령 및 공원시설 기준 검토 필요; 면적 3,584㎡","priority_score":40,"source":"경기부동산포털 국공유지조회·연속지적도","source_date":"2026-08-11","installed_solar_match":false}},{"type":"Feature","id":"4137010300108070003","geometry":{"type":"Point","coordinates":[127.0707299,37.1317883]},"properties":{"pnu":"4137010300108070003","municipality_code":"41370","municipality":"오산시","district":"오산시","locality":"원동","address":"오산시 원동 807-3","owner_type":"시·군유지","owner_label":"오산시","manager":"","property_class":"","land_category":"공원","area_sqm":3526.4,"area_band":"3,000~5,000㎡","interest_category":"공원","solar_candidate":"검토필요","candidate_reason":"도시공원 관련 법령 및 공원시설 기준 검토 필요; 면적 3,526㎡","priority_score":40,"source":"경기부동산포털 국공유지조회·연속지적도","source_date":"2026-08-11","installed_solar_match":false}},{"type":"Feature","id":"4137011200106700006","geometry":{"type":"Point","coordinates":[127.0317805,37.1943014]},"properties":{"pnu":"4137011200106700006","municipality_code":"41370","municipality":"오산시","district":"오산시","locality":"양산동","address":"오산시 양산동 670-6","owner_type":"시·군유지","owner_label":"오산시","manager":"","property_class":"","land_category":"공원","area_sqm":3506.4,"area_band":"3,000~5,000㎡","interest_category":"공원","solar_candidate":"검토필요","candidate_reason":"도시공원 관련 법령 및 공원시설 기준 검토 필요; 면적 3,506㎡","priority_score":40,"source":"경기부동산포털 국공유지조회·연속지적도","source_date":"2026-08-11","installed_solar_match":false}},{"type":"Feature","id":"4137010800100870016","geometry":{"type":"Point","coordinates":[127.0693447,37.1627799]},"properties":{"pnu":"4137010800100870016","municipality_code":"41370","municipality":"오산시","district":"오산시","locality":"수청동","address":"오산시 수청동 87-16","owner_type":"시·군유지","owner_label":"오산시","manager":"","property_class":"","land_category":"공원","area_sqm":3434.0,"area_band":"3,000~5,000㎡","interest_category":"공원","solar_candidate":"검토필요","candidate_reason":"도시공원 관련 법령 및 공원시설 기준 검토 필요; 면적 3,434㎡","priority_score":40,"source":"경기부동산포털 국공유지조회·연속지적도","source_date":"2026-08-11","installed_solar_match":false}},{"type":"Feature","id":"4137010700104990002","geometry":{"type":"Point","coordinates":[127.0532115,37.1757905]},"properties":{"pnu":"4137010700104990002","municipality_code":"41370","municipality":"오산시","district":"오산시","locality":"금암동","address":"오산시 금암동 499-2","owner_type":"시·군유지","owner_label":"오산시","manager":"","property_class":"","land_category":"공원","area_sqm":3333.8,"area_band":"3,000~5,000㎡","interest_category":"공원","solar_candidate":"검토필요","candidate_reason":"도시공원 관련 법령 및 공원시설 기준 검토 필요; 면적 3,334㎡","priority_score":40,"source":"경기부동산포털 국공유지조회·연속지적도","source_date":"2026-08-11","installed_solar_match":false}},{"type":"Feature","id":"4137011300106190001","geometry":{"type":"Point","coordinates":[127.0450666,37.1810565]},"properties":{"pnu":"4137011300106190001","municipality_code":"41370","municipality":"오산시","district":"오산시","locality":"세교동","address":"오산시 세교동 619-1","owner_type":"시·군유지","owner_label":"오산시","manager":"","property_class":"","land_category":"공원","area_sqm":3328.1,"area_band":"3,000~5,000㎡","interest_category":"공원","solar_candidate":"검토필요","candidate_reason":"도시공원 관련 법령 및 공원시설 기준 검토 필요; 면적 3,328㎡","priority_score":40,"source":"경기부동산포털 국공유지조회·연속지적도","source_date":"2026-08-11","installed_solar_match":false}},{"type":"Feature","id":"4137010200108350000","geometry":{"type":"Point","coordinates":[127.081101,37.1615777]},"properties":{"pnu":"4137010200108350000","municipality_code":"41370","municipality":"오산시","district":"오산시","locality":"부산동","address":"오산시 부산동 835","owner_type":"시·군유지","owner_label":"오산시","manager":"","property_class":"","land_category":"공원","area_sqm":3314.3,"area_band":"3,000~5,000㎡","interest_category":"공원","solar_candidate":"검토필요","candidate_reason":"도시공원 관련 법령 및 공원시설 기준 검토 필요; 면적 3,314㎡","priority_score":40,"source":"경기부동산포털 국공유지조회·연속지적도","source_date":"2026-08-11","installed_solar_match":false}},{"type":"Feature","id":"4137011000108940003","geometry":{"type":"Point","coordinates":[127.0613893,37.1759336]},"properties":{"pnu":"4137011000108940003","municipality_code":"41370","municipality":"오산시","district":"오산시","locality":"내삼미동","address":"오산시 내삼미동 894-3","owner_type":"시·군유지","owner_label":"오산시","manager":"","property_class":"","land_category":"공원","area_sqm":3310.5,"area_band":"3,000~5,000㎡","interest_category":"공원","solar_candidate":"검토필요","candidate_reason":"도시공원 관련 법령 및 공원시설 기준 검토 필요; 면적 3,310㎡","priority_score":40,"source":"경기부동산포털 국공유지조회·연속지적도","source_date":"2026-08-11","installed_solar_match":false}},{"type":"Feature","id":"4137010300107600005","geometry":{"type":"Point","coordinates":[127.0712979,37.1473025]},"properties":{"pnu":"4137010300107600005","municipality_code":"41370","municipality":"오산시","district":"오산시","locality":"원동","address":"오산시 원동 760-5","owner_type":"시·군유지","owner_label":"오산시","manager":"","property_class":"","land_category":"공원","area_sqm":3305.5,"area_band":"3,000~5,000㎡","interest_category":"공원","solar_candidate":"검토필요","candidate_reason":"도시공원 관련 법령 및 공원시설 기준 검토 필요; 면적 3,306㎡","priority_score":40,"source":"경기부동산포털 국공유지조회·연속지적도","source_date":"2026-08-11","installed_solar_match":false}},{"type":"Feature","id":"4137010200108250000","geometry":{"type":"Point","coordinates":[127.0790706,37.1594234]},"properties":{"pnu":"4137010200108250000","municipality_code":"41370","municipality":"오산시","district":"오산시","locality":"부산동","address":"오산시 부산동 825","owner_type":"시·군유지","owner_label":"오산시","manager":"","property_class":"","land_category":"공원","area_sqm":3285.0,"area_band":"3,000~5,000㎡","interest_category":"공원","solar_candidate":"검토필요","candidate_reason":"도시공원 관련 법령 및 공원시설 기준 검토 필요; 면적 3,285㎡","priority_score":40,"source":"경기부동산포털 국공유지조회·연속지적도","source_date":"2026-08-11","installed_solar_match":false}},{"type":"Feature","id":"4137011400105760000","geometry":{"type":"Point","coordinates":[127.0266305,37.1687567]},"properties":{"pnu":"4137011400105760000","municipality_code":"41370","municipality":"오산시","district":"오산시","locality":"지곶동","address":"오산시 지곶동 576","owner_type":"시·군유지","owner_label":"오산시","manager":"","property_class":"","land_category":"공원","area_sqm":3283.3,"area_band":"3,000~5,000㎡","interest_category":"공원","solar_candidate":"검토필요","candidate_reason":"도시공원 관련 법령 및 공원시설 기준 검토 필요; 면적 3,283㎡","priority_score":40,"source":"경기부동산포털 국공유지조회·연속지적도","source_date":"2026-08-11","installed_solar_match":false}},{"type":"Feature","id":"4137012100104440000","geometry":{"type":"Point","coordinates":[127.0546666,37.1451503]},"properties":{"pnu":"4137012100104440000","municipality_code":"41370","municipality":"오산시","district":"오산시","locality":"가수동","address":"오산시 가수동 444","owner_type":"시·군유지","owner_label":"오산시","manager":"","property_class":"","land_category":"공원","area_sqm":3282.6,"area_band":"3,000~5,000㎡","interest_category":"공원","solar_candidate":"검토필요","candidate_reason":"도시공원 관련 법령 및 공원시설 기준 검토 필요; 면적 3,283㎡","priority_score":40,"source":"경기부동산포털 국공유지조회·연속지적도","source_date":"2026-08-11","installed_solar_match":false}},{"type":"Feature","id":"4137010700105420015","geometry":{"type":"Point","coordinates":[127.0508607,37.1700844]},"properties":{"pnu":"4137010700105420015","municipality_code":"41370","municipality":"오산시","district":"오산시","locality":"금암동","address":"오산시 금암동 542-15","owner_type":"시·군유지","owner_label":"오산시","manager":"","property_class":"","land_category":"공원","area_sqm":3239.9,"area_band":"3,000~5,000㎡","interest_category":"공원","solar_candidate":"검토필요","candidate_reason":"도시공원 관련 법령 및 공원시설 기준 검토 필요; 면적 3,240㎡","priority_score":40,"source":"경기부동산포털 국공유지조회·연속지적도","source_date":"2026-08-11","installed_solar_match":false}},{"type":"Feature","id":"4137010800106240001","geometry":{"type":"Point","coordinates":[127.0669251,37.1697608]},"properties":{"pnu":"4137010800106240001","municipality_code":"41370","municipality":"오산시","district":"오산시","locality":"수청동","address":"오산시 수청동 624-1","owner_type":"시·군유지","owner_label":"오산시","manager":"","property_class":"","land_category":"공원","area_sqm":3180.3,"area_band":"3,000~5,000㎡","interest_category":"공원","solar_candidate":"검토필요","candidate_reason":"도시공원 관련 법령 및 공원시설 기준 검토 필요; 면적 3,180㎡","priority_score":40,"source":"경기부동산포털 국공유지조회·연속지적도","source_date":"2026-08-11","installed_solar_match":false}},{"type":"Feature","id":"4137011000108980003","geometry":{"type":"Point","coordinates":[127.0683464,37.1717815]},"properties":{"pnu":"4137011000108980003","municipality_code":"41370","municipality":"오산시","district":"오산시","locality":"내삼미동","address":"오산시 내삼미동 898-3","owner_type":"시·군유지","owner_label":"오산시","manager":"","property_class":"","land_category":"공원","area_sqm":3154.8,"area_band":"3,000~5,000㎡","interest_category":"공원","solar_candidate":"검토필요","candidate_reason":"도시공원 관련 법령 및 공원시설 기준 검토 필요; 면적 3,155㎡","priority_score":40,"source":"경기부동산포털 국공유지조회·연속지적도","source_date":"2026-08-11","installed_solar_match":false}},{"type":"Feature","id":"4137010600103800001","geometry":{"type":"Point","coordinates":[127.0354677,37.1636515]},"properties":{"pnu":"4137010600103800001","municipality_code":"41370","municipality":"오산시","district":"오산시","locality":"가장동","address":"오산시 가장동 380-1","owner_type":"시·군유지","owner_label":"오산시","manager":"","property_class":"","land_category":"공원","area_sqm":3117.2,"area_band":"3,000~5,000㎡","interest_category":"공원","solar_candidate":"검토필요","candidate_reason":"도시공원 관련 법령 및 공원시설 기준 검토 필요; 면적 3,117㎡","priority_score":40,"source":"경기부동산포털 국공유지조회·연속지적도","source_date":"2026-08-11","installed_solar_match":false}},{"type":"Feature","id":"4137010100108520011","geometry":{"type":"Point","coordinates":[127.0725312,37.1513861]},"properties":{"pnu":"4137010100108520011","municipality_code":"41370","municipality":"오산시","district":"오산시","locality":"오산동","address":"오산시 오산동 852-11","owner_type":"시·군유지","owner_label":"오산시","manager":"","property_class":"","land_category":"공원","area_sqm":3106.9,"area_band":"3,000~5,000㎡","interest_category":"공원","solar_candidate":"검토필요","candidate_reason":"도시공원 관련 법령 및 공원시설 기준 검토 필요; 면적 3,107㎡","priority_score":40,"source":"경기부동산포털 국공유지조회·연속지적도","source_date":"2026-08-11","installed_solar_match":false}},{"type":"Feature","id":"4137010500102730002","geometry":{"type":"Point","coordinates":[127.049467,37.1559076]},"properties":{"pnu":"4137010500102730002","municipality_code":"41370","municipality":"오산시","district":"오산시","locality":"청학동","address":"오산시 청학동 273-2","owner_type":"시·군유지","owner_label":"오산시","manager":"","property_class":"","land_category":"공원","area_sqm":3096.6,"area_band":"3,000~5,000㎡","interest_category":"공원","solar_candidate":"검토필요","candidate_reason":"도시공원 관련 법령 및 공원시설 기준 검토 필요; 면적 3,097㎡","priority_score":40,"source":"경기부동산포털 국공유지조회·연속지적도","source_date":"2026-08-11","installed_solar_match":false}},{"type":"Feature","id":"4137010800105830001","geometry":{"type":"Point","coordinates":[127.0570076,37.1719271]},"properties":{"pnu":"4137010800105830001","municipality_code":"41370","municipality":"오산시","district":"오산시","locality":"수청동","address":"오산시 수청동 583-1","owner_type":"시·군유지","owner_label":"오산시","manager":"","property_class":"","land_category":"공원","area_sqm":3085.0,"area_band":"3,000~5,000㎡","interest_category":"공원","solar_candidate":"검토필요","candidate_reason":"도시공원 관련 법령 및 공원시설 기준 검토 필요; 면적 3,085㎡","priority_score":40,"source":"경기부동산포털 국공유지조회·연속지적도","source_date":"2026-08-11","installed_solar_match":false}},{"type":"Feature","id":"4137011600106470000","geometry":{"type":"Point","coordinates":[127.0422145,37.1436468]},"properties":{"pnu":"4137011600106470000","municipality_code":"41370","municipality":"오산시","district":"오산시","locality":"서동","address":"오산시 서동 647","owner_type":"시·군유지","owner_label":"오산시","manager":"","property_class":"","land_category":"공원","area_sqm":3063.5,"area_band":"3,000~5,000㎡","interest_category":"공원","solar_candidate":"검토필요","candidate_reason":"도시공원 관련 법령 및 공원시설 기준 검토 필요; 면적 3,064㎡","priority_score":40,"source":"경기부동산포털 국공유지조회·연속지적도","source_date":"2026-08-11","installed_solar_match":false}},{"type":"Feature","id":"4137010500103660001","geometry":{"type":"Point","coordinates":[127.0546749,37.1480908]},"properties":{"pnu":"4137010500103660001","municipality_code":"41370","municipality":"오산시","district":"오산시","locality":"청학동","address":"오산시 청학동 366-1","owner_type":"시·군유지","owner_label":"오산시","manager":"","property_class":"","land_category":"공원","area_sqm":3050.9,"area_band":"3,000~5,000㎡","interest_category":"공원","solar_candidate":"검토필요","candidate_reason":"도시공원 관련 법령 및 공원시설 기준 검토 필요; 면적 3,051㎡","priority_score":40,"source":"경기부동산포털 국공유지조회·연속지적도","source_date":"2026-08-11","installed_solar_match":false}},{"type":"Feature","id":"4137012400102900006","geometry":{"type":"Point","coordinates":[127.0751906,37.1294475]},"properties":{"pnu":"4137012400102900006","municipality_code":"41370","municipality":"오산시","district":"오산시","locality":"갈곶동","address":"오산시 갈곶동 290-6","owner_type":"시·군유지","owner_label":"오산시","manager":"","property_class":"","land_category":"공원","area_sqm":3000.0,"area_band":"3,000~5,000㎡","interest_category":"공원","solar_candidate":"검토필요","candidate_reason":"도시공원 관련 법령 및 공원시설 기준 검토 필요; 면적 3,000㎡","priority_score":40,"source":"경기부동산포털 국공유지조회·연속지적도","source_date":"2026-08-11","installed_solar_match":false}},{"type":"Feature","id":"4137010300107630015","geometry":{"type":"Point","coordinates":[127.0707355,37.1458631]},"properties":{"pnu":"4137010300107630015","municipality_code":"41370","municipality":"오산시","district":"오산시","locality":"원동","address":"오산시 원동 763-15","owner_type":"시·군유지","owner_label":"오산시","manager":"","property_class":"","land_category":"창고용지","area_sqm":974.7,"area_band":"500~1,000㎡","interest_category":"창고용지","solar_candidate":"검토필요","candidate_reason":"지목·면적 기준 1차 검토 대상; 면적 975㎡","priority_score":40,"source":"경기부동산포털 국공유지조회·연속지적도","source_date":"2026-08-11","installed_solar_match":false}},{"type":"Feature","id":"4137010100100430017","geometry":{"type":"Point","coordinates":[127.074998,37.1587845]},"properties":{"pnu":"4137010100100430017","municipality_code":"41370","municipality":"오산시","district":"오산시","locality":"오산동","address":"오산시 오산동 43-17","owner_type":"시·군유지","owner_label":"오산시","manager":"","property_class":"","land_category":"체육용지","area_sqm":770.0,"area_band":"500~1,000㎡","interest_category":"체육용지","solar_candidate":"검토필요","candidate_reason":"체육시설·주차장 상부 활용 가능성 추가 검토; 면적 770㎡","priority_score":40,"source":"경기부동산포털 국공유지조회·연속지적도","source_date":"2026-08-11","installed_solar_match":false}},{"type":"Feature","id":"4137010100100430024","geometry":{"type":"Point","coordinates":[127.0747091,37.1583312]},"properties":{"pnu":"4137010100100430024","municipality_code":"41370","municipality":"오산시","district":"오산시","locality":"오산동","address":"오산시 오산동 43-24","owner_type":"시·군유지","owner_label":"오산시","manager":"","property_class":"","land_category":"체육용지","area_sqm":741.0,"area_band":"500~1,000㎡","interest_category":"체육용지","solar_candidate":"검토필요","candidate_reason":"체육시설·주차장 상부 활용 가능성 추가 검토; 면적 741㎡","priority_score":40,"source":"경기부동산포털 국공유지조회·연속지적도","source_date":"2026-08-11","installed_solar_match":false}},{"type":"Feature","id":"4137010100100430018","geometry":{"type":"Point","coordinates":[127.0750498,37.1585145]},"properties":{"pnu":"4137010100100430018","municipality_code":"41370","municipality":"오산시","district":"오산시","locality":"오산동","address":"오산시 오산동 43-18","owner_type":"시·군유지","owner_label":"오산시","manager":"","property_class":"","land_category":"체육용지","area_sqm":727.0,"area_band":"500~1,000㎡","interest_category":"체육용지","solar_candidate":"검토필요","candidate_reason":"체육시설·주차장 상부 활용 가능성 추가 검토; 면적 727㎡","priority_score":40,"source":"경기부동산포털 국공유지조회·연속지적도","source_date":"2026-08-11","installed_solar_match":false}},{"type":"Feature","id":"4137010100100430020","geometry":{"type":"Point","coordinates":[127.0752673,37.1580493]},"properties":{"pnu":"4137010100100430020","municipality_code":"41370","municipality":"오산시","district":"오산시","locality":"오산동","address":"오산시 오산동 43-20","owner_type":"시·군유지","owner_label":"오산시","manager":"","property_class":"","land_category":"체육용지","area_sqm":645.0,"area_band":"500~1,000㎡","interest_category":"체육용지","solar_candidate":"검토필요","candidate_reason":"체육시설·주차장 상부 활용 가능성 추가 검토; 면적 645㎡","priority_score":40,"source":"경기부동산포털 국공유지조회·연속지적도","source_date":"2026-08-11","installed_solar_match":false}},{"type":"Feature","id":"4137010100100430019","geometry":{"type":"Point","coordinates":[127.0752369,37.1582739]},"properties":{"pnu":"4137010100100430019","municipality_code":"41370","municipality":"오산시","district":"오산시","locality":"오산동","address":"오산시 오산동 43-19","owner_type":"시·군유지","owner_label":"오산시","manager":"","property_class":"","land_category":"체육용지","area_sqm":628.0,"area_band":"500~1,000㎡","interest_category":"체육용지","solar_candidate":"검토필요","candidate_reason":"체육시설·주차장 상부 활용 가능성 추가 검토; 면적 628㎡","priority_score":40,"source":"경기부동산포털 국공유지조회·연속지적도","source_date":"2026-08-11","installed_solar_match":false}},{"type":"Feature","id":"4137010100100430004","geometry":{"type":"Point","coordinates":[127.0754305,37.1583452]},"properties":{"pnu":"4137010100100430004","municipality_code":"41370","municipality":"오산시","district":"오산시","locality":"오산동","address":"오산시 오산동 43-4","owner_type":"시·군유지","owner_label":"오산시","manager":"","property_class":"","land_category":"체육용지","area_sqm":625.0,"area_band":"500~1,000㎡","interest_category":"체육용지","solar_candidate":"검토필요","candidate_reason":"체육시설·주차장 상부 활용 가능성 추가 검토; 면적 625㎡","priority_score":40,"source":"경기부동산포털 국공유지조회·연속지적도","source_date":"2026-08-11","installed_solar_match":false}},{"type":"Feature","id":"4137010100100430021","geometry":{"type":"Point","coordinates":[127.0750336,37.1582142]},"properties":{"pnu":"4137010100100430021","municipality_code":"41370","municipality":"오산시","district":"오산시","locality":"오산동","address":"오산시 오산동 43-21","owner_type":"시·군유지","owner_label":"오산시","manager":"","property_class":"","land_category":"체육용지","area_sqm":588.0,"area_band":"500~1,000㎡","interest_category":"체육용지","solar_candidate":"검토필요","candidate_reason":"체육시설·주차장 상부 활용 가능성 추가 검토; 면적 588㎡","priority_score":40,"source":"경기부동산포털 국공유지조회·연속지적도","source_date":"2026-08-11","installed_solar_match":false}},{"type":"Feature","id":"4137010100103450012","geometry":{"type":"Point","coordinates":[127.0706322,37.155845]},"properties":{"pnu":"4137010100103450012","municipality_code":"41370","municipality":"오산시","district":"오산시","locality":"오산동","address":"오산시 오산동 345-12","owner_type":"시·군유지","owner_label":"오산시","manager":"","property_class":"","land_category":"체육용지","area_sqm":574.0,"area_band":"500~1,000㎡","interest_category":"체육용지","solar_candidate":"검토필요","candidate_reason":"체육시설·주차장 상부 활용 가능성 추가 검토; 면적 574㎡","priority_score":40,"source":"경기부동산포털 국공유지조회·연속지적도","source_date":"2026-08-11","installed_solar_match":false}},{"type":"Feature","id":"4137010900100880003","geometry":{"type":"Point","coordinates":[127.0729834,37.1577258]},"properties":{"pnu":"4137010900100880003","municipality_code":"41370","municipality":"오산시","district":"오산시","locality":"은계동","address":"오산시 은계동 88-3","owner_type":"시·군유지","owner_label":"오산시","manager":"","property_class":"","land_category":"체육용지","area_sqm":528.0,"area_band":"500~1,000㎡","interest_category":"체육용지","solar_candidate":"검토필요","candidate_reason":"체육시설·주차장 상부 활용 가능성 추가 검토; 면적 528㎡","priority_score":40,"source":"경기부동산포털 국공유지조회·연속지적도","source_date":"2026-08-11","installed_solar_match":false}},{"type":"Feature","id":"4137010400106400002","geometry":{"type":"Point","coordinates":[127.0628914,37.1585707]},"properties":{"pnu":"4137010400106400002","municipality_code":"41370","municipality":"오산시","district":"오산시","locality":"궐동","address":"오산시 궐동 640-2","owner_type":"시·군유지","owner_label":"오산시","manager":"","property_class":"","land_category":"대","area_sqm":483.0,"area_band":"100~500㎡","interest_category":"대","solar_candidate":"검토필요","candidate_reason":"청사·공공건축물·주차장 현황 추가 확인 필요; 면적 483㎡","priority_score":40,"source":"경기부동산포털 국공유지조회·연속지적도","source_date":"2026-08-11","installed_solar_match":false}},{"type":"Feature","id":"4137010100108850031","geometry":{"type":"Point","coordinates":[127.0679745,37.1423993]},"properties":{"pnu":"4137010100108850031","municipality_code":"41370","municipality":"오산시","district":"오산시","locality":"오산동","address":"오산시 오산동 885-31","owner_type":"시·군유지","owner_label":"오산시","manager":"","property_class":"","land_category":"대","area_sqm":472.2,"area_band":"100~500㎡","interest_category":"대","solar_candidate":"검토필요","candidate_reason":"청사·공공건축물·주차장 현황 추가 확인 필요; 면적 472㎡","priority_score":40,"source":"경기부동산포털 국공유지조회·연속지적도","source_date":"2026-08-11","installed_solar_match":false}},{"type":"Feature","id":"4137010600103450007","geometry":{"type":"Point","coordinates":[127.0421647,37.1604357]},"properties":{"pnu":"4137010600103450007","municipality_code":"41370","municipality":"오산시","district":"오산시","locality":"가장동","address":"오산시 가장동 345-7","owner_type":"시·군유지","owner_label":"오산시","manager":"","property_class":"","land_category":"대","area_sqm":444.0,"area_band":"100~500㎡","interest_category":"대","solar_candidate":"검토필요","candidate_reason":"청사·공공건축물·주차장 현황 추가 확인 필요; 면적 444㎡","priority_score":40,"source":"경기부동산포털 국공유지조회·연속지적도","source_date":"2026-08-11","installed_solar_match":false}},{"type":"Feature","id":"4137011300105090015","geometry":{"type":"Point","coordinates":[127.0362298,37.1850107]},"properties":{"pnu":"4137011300105090015","municipality_code":"41370","municipality":"오산시","district":"오산시","locality":"세교동","address":"오산시 세교동 509-15","owner_type":"시·군유지","owner_label":"오산시","manager":"","property_class":"","land_category":"대","area_sqm":442.2,"area_band":"100~500㎡","interest_category":"대","solar_candidate":"검토필요","candidate_reason":"청사·공공건축물·주차장 현황 추가 확인 필요; 면적 442㎡","priority_score":40,"source":"경기부동산포털 국공유지조회·연속지적도","source_date":"2026-08-11","installed_solar_match":false}},{"type":"Feature","id":"4137010900101020000","geometry":{"type":"Point","coordinates":[127.071562,37.1567922]},"properties":{"pnu":"4137010900101020000","municipality_code":"41370","municipality":"오산시","district":"오산시","locality":"은계동","address":"오산시 은계동 102","owner_type":"시·군유지","owner_label":"오산시","manager":"","property_class":"","land_category":"대","area_sqm":436.0,"area_band":"100~500㎡","interest_category":"대","solar_candidate":"검토필요","candidate_reason":"청사·공공건축물·주차장 현황 추가 확인 필요; 면적 436㎡","priority_score":40,"source":"경기부동산포털 국공유지조회·연속지적도","source_date":"2026-08-11","installed_solar_match":false}},{"type":"Feature","id":"4137010300107630026","geometry":{"type":"Point","coordinates":[127.0707408,37.1461316]},"properties":{"pnu":"4137010300107630026","municipality_code":"41370","municipality":"오산시","district":"오산시","locality":"원동","address":"오산시 원동 763-26","owner_type":"시·군유지","owner_label":"오산시","manager":"","property_class":"","land_category":"대","area_sqm":434.5,"area_band":"100~500㎡","interest_category":"대","solar_candidate":"검토필요","candidate_reason":"청사·공공건축물·주차장 현황 추가 확인 필요; 면적 434㎡","priority_score":40,"source":"경기부동산포털 국공유지조회·연속지적도","source_date":"2026-08-11","installed_solar_match":false}},{"type":"Feature","id":"4137010500100970000","geometry":{"type":"Point","coordinates":[127.0558633,37.1545892]},"properties":{"pnu":"4137010500100970000","municipality_code":"41370","municipality":"오산시","district":"오산시","locality":"청학동","address":"오산시 청학동 97","owner_type":"시·군유지","owner_label":"오산시","manager":"","property_class":"","land_category":"대","area_sqm":426.0,"area_band":"100~500㎡","interest_category":"대","solar_candidate":"검토필요","candidate_reason":"청사·공공건축물·주차장 현황 추가 확인 필요; 면적 426㎡","priority_score":40,"source":"경기부동산포털 국공유지조회·연속지적도","source_date":"2026-08-11","installed_solar_match":false}},{"type":"Feature","id":"4137010100108500016","geometry":{"type":"Point","coordinates":[127.0734687,37.1519406]},"properties":{"pnu":"4137010100108500016","municipality_code":"41370","municipality":"오산시","district":"오산시","locality":"오산동","address":"오산시 오산동 850-16","owner_type":"시·군유지","owner_label":"오산시","manager":"","property_class":"","land_category":"대","area_sqm":425.8,"area_band":"100~500㎡","interest_category":"대","solar_candidate":"검토필요","candidate_reason":"청사·공공건축물·주차장 현황 추가 확인 필요; 면적 426㎡","priority_score":40,"source":"경기부동산포털 국공유지조회·연속지적도","source_date":"2026-08-11","installed_solar_match":false}},{"type":"Feature","id":"4137010400106370007","geometry":{"type":"Point","coordinates":[127.062289,37.1585483]},"properties":{"pnu":"4137010400106370007","municipality_code":"41370","municipality":"오산시","district":"오산시","locality":"궐동","address":"오산시 궐동 637-7","owner_type":"시·군유지","owner_label":"오산시","manager":"","property_class":"","land_category":"대","area_sqm":423.5,"area_band":"100~500㎡","interest_category":"대","solar_candidate":"검토필요","candidate_reason":"청사·공공건축물·주차장 현황 추가 확인 필요; 면적 424㎡","priority_score":40,"source":"경기부동산포털 국공유지조회·연속지적도","source_date":"2026-08-11","installed_solar_match":false}},{"type":"Feature","id":"4137010500100150001","geometry":{"type":"Point","coordinates":[127.063598,37.1541995]},"properties":{"pnu":"4137010500100150001","municipality_code":"41370","municipality":"오산시","district":"오산시","locality":"청학동","address":"오산시 청학동 15-1","owner_type":"시·군유지","owner_label":"오산시","manager":"","property_class":"","land_category":"대","area_sqm":417.0,"area_band":"100~500㎡","interest_category":"대","solar_candidate":"검토필요","candidate_reason":"청사·공공건축물·주차장 현황 추가 확인 필요; 면적 417㎡","priority_score":40,"source":"경기부동산포털 국공유지조회·연속지적도","source_date":"2026-08-11","installed_solar_match":false}},{"type":"Feature","id":"4137010400106370006","geometry":{"type":"Point","coordinates":[127.0620756,37.1586022]},"properties":{"pnu":"4137010400106370006","municipality_code":"41370","municipality":"오산시","district":"오산시","locality":"궐동","address":"오산시 궐동 637-6","owner_type":"시·군유지","owner_label":"오산시","manager":"","property_class":"","land_category":"대","area_sqm":391.5,"area_band":"100~500㎡","interest_category":"대","solar_candidate":"검토필요","candidate_reason":"청사·공공건축물·주차장 현황 추가 확인 필요; 면적 392㎡","priority_score":40,"source":"경기부동산포털 국공유지조회·연속지적도","source_date":"2026-08-11","installed_solar_match":false}},{"type":"Feature","id":"4137011000102580000","geometry":{"type":"Point","coordinates":[127.0638524,37.1765263]},"properties":{"pnu":"4137011000102580000","municipality_code":"41370","municipality":"오산시","district":"오산시","locality":"내삼미동","address":"오산시 내삼미동 258","owner_type":"시·군유지","owner_label":"오산시","manager":"","property_class":"","land_category":"대","area_sqm":386.0,"area_band":"100~500㎡","interest_category":"대","solar_candidate":"검토필요","candidate_reason":"청사·공공건축물·주차장 현황 추가 확인 필요; 면적 386㎡","priority_score":40,"source":"경기부동산포털 국공유지조회·연속지적도","source_date":"2026-08-11","installed_solar_match":false}},{"type":"Feature","id":"4137010300106220007","geometry":{"type":"Point","coordinates":[127.0816521,37.1410147]},"properties":{"pnu":"4137010300106220007","municipality_code":"41370","municipality":"오산시","district":"오산시","locality":"원동","address":"오산시 원동 622-7","owner_type":"시·군유지","owner_label":"오산시","manager":"","property_class":"","land_category":"대","area_sqm":384.0,"area_band":"100~500㎡","interest_category":"대","solar_candidate":"검토필요","candidate_reason":"청사·공공건축물·주차장 현황 추가 확인 필요; 면적 384㎡","priority_score":40,"source":"경기부동산포털 국공유지조회·연속지적도","source_date":"2026-08-11","installed_solar_match":false}},{"type":"Feature","id":"4137010600100160023","geometry":{"type":"Point","coordinates":[127.0424156,37.162555]},"properties":{"pnu":"4137010600100160023","municipality_code":"41370","municipality":"오산시","district":"오산시","locality":"가장동","address":"오산시 가장동 16-23","owner_type":"시·군유지","owner_label":"오산시","manager":"","property_class":"","land_category":"대","area_sqm":383.0,"area_band":"100~500㎡","interest_category":"대","solar_candidate":"검토필요","candidate_reason":"청사·공공건축물·주차장 현황 추가 확인 필요; 면적 383㎡","priority_score":40,"source":"경기부동산포털 국공유지조회·연속지적도","source_date":"2026-08-11","installed_solar_match":false}},{"type":"Feature","id":"4137010300107810013","geometry":{"type":"Point","coordinates":[127.0696042,37.1425621]},"properties":{"pnu":"4137010300107810013","municipality_code":"41370","municipality":"오산시","district":"오산시","locality":"원동","address":"오산시 원동 781-13","owner_type":"시·군유지","owner_label":"오산시","manager":"","property_class":"","land_category":"대","area_sqm":379.0,"area_band":"100~500㎡","interest_category":"대","solar_candidate":"검토필요","candidate_reason":"청사·공공건축물·주차장 현황 추가 확인 필요; 면적 379㎡","priority_score":40,"source":"경기부동산포털 국공유지조회·연속지적도","source_date":"2026-08-11","installed_solar_match":false}},{"type":"Feature","id":"4137012400103040010","geometry":{"type":"Point","coordinates":[127.0746933,37.1304024]},"properties":{"pnu":"4137012400103040010","municipality_code":"41370","municipality":"오산시","district":"오산시","locality":"갈곶동","address":"오산시 갈곶동 304-10","owner_type":"시·군유지","owner_label":"오산시","manager":"","property_class":"","land_category":"대","area_sqm":374.0,"area_band":"100~500㎡","interest_category":"대","solar_candidate":"검토필요","candidate_reason":"청사·공공건축물·주차장 현황 추가 확인 필요; 면적 374㎡","priority_score":40,"source":"경기부동산포털 국공유지조회·연속지적도","source_date":"2026-08-11","installed_solar_match":false}},{"type":"Feature","id":"4137010700105120006","geometry":{"type":"Point","coordinates":[127.0453201,37.1771141]},"properties":{"pnu":"4137010700105120006","municipality_code":"41370","municipality":"오산시","district":"오산시","locality":"금암동","address":"오산시 금암동 512-6","owner_type":"시·군유지","owner_label":"오산시","manager":"","property_class":"","land_category":"대","area_sqm":370.9,"area_band":"100~500㎡","interest_category":"대","solar_candidate":"검토필요","candidate_reason":"청사·공공건축물·주차장 현황 추가 확인 필요; 면적 371㎡","priority_score":40,"source":"경기부동산포털 국공유지조회·연속지적도","source_date":"2026-08-11","installed_solar_match":false}},{"type":"Feature","id":"4137010100100060015","geometry":{"type":"Point","coordinates":[127.0761537,37.1598038]},"properties":{"pnu":"4137010100100060015","municipality_code":"41370","municipality":"오산시","district":"오산시","locality":"오산동","address":"오산시 오산동 6-15","owner_type":"시·군유지","owner_label":"오산시","manager":"","property_class":"","land_category":"대","area_sqm":365.0,"area_band":"100~500㎡","interest_category":"대","solar_candidate":"검토필요","candidate_reason":"청사·공공건축물·주차장 현황 추가 확인 필요; 면적 365㎡","priority_score":40,"source":"경기부동산포털 국공유지조회·연속지적도","source_date":"2026-08-11","installed_solar_match":false}},{"type":"Feature","id":"4137010100100440007","geometry":{"type":"Point","coordinates":[127.0759693,37.159696]},"properties":{"pnu":"4137010100100440007","municipality_code":"41370","municipality":"오산시","district":"오산시","locality":"오산동","address":"오산시 오산동 44-7","owner_type":"시·군유지","owner_label":"오산시","manager":"","property_class":"","land_category":"대","area_sqm":363.0,"area_band":"100~500㎡","interest_category":"대","solar_candidate":"검토필요","candidate_reason":"청사·공공건축물·주차장 현황 추가 확인 필요; 면적 363㎡","priority_score":40,"source":"경기부동산포털 국공유지조회·연속지적도","source_date":"2026-08-11","installed_solar_match":false}},{"type":"Feature","id":"4137010100100790005","geometry":{"type":"Point","coordinates":[127.0749143,37.1562412]},"properties":{"pnu":"4137010100100790005","municipality_code":"41370","municipality":"오산시","district":"오산시","locality":"오산동","address":"오산시 오산동 79-5","owner_type":"시·군유지","owner_label":"오산시","manager":"","property_class":"","land_category":"대","area_sqm":361.0,"area_band":"100~500㎡","interest_category":"대","solar_candidate":"검토필요","candidate_reason":"청사·공공건축물·주차장 현황 추가 확인 필요; 면적 361㎡","priority_score":40,"source":"경기부동산포털 국공유지조회·연속지적도","source_date":"2026-08-11","installed_solar_match":false}},{"type":"Feature","id":"4137010100108430009","geometry":{"type":"Point","coordinates":[127.0688797,37.1519169]},"properties":{"pnu":"4137010100108430009","municipality_code":"41370","municipality":"오산시","district":"오산시","locality":"오산동","address":"오산시 오산동 843-9","owner_type":"시·군유지","owner_label":"오산시","manager":"","property_class":"","land_category":"대","area_sqm":355.1,"area_band":"100~500㎡","interest_category":"대","solar_candidate":"검토필요","candidate_reason":"청사·공공건축물·주차장 현황 추가 확인 필요; 면적 355㎡","priority_score":40,"source":"경기부동산포털 국공유지조회·연속지적도","source_date":"2026-08-11","installed_solar_match":false}},{"type":"Feature","id":"4137010200104910009","geometry":{"type":"Point","coordinates":[127.089019,37.152328]},"properties":{"pnu":"4137010200104910009","municipality_code":"41370","municipality":"오산시","district":"오산시","locality":"부산동","address":"오산시 부산동 491-9","owner_type":"시·군유지","owner_label":"오산시","manager":"","property_class":"","land_category":"대","area_sqm":349.4,"area_band":"100~500㎡","interest_category":"대","solar_candidate":"검토필요","candidate_reason":"청사·공공건축물·주차장 현황 추가 확인 필요; 면적 349㎡","priority_score":40,"source":"경기부동산포털 국공유지조회·연속지적도","source_date":"2026-08-11","installed_solar_match":false}},{"type":"Feature","id":"4137011000105800005","geometry":{"type":"Point","coordinates":[127.0490264,37.1833587]},"properties":{"pnu":"4137011000105800005","municipality_code":"41370","municipality":"오산시","district":"오산시","locality":"내삼미동","address":"오산시 내삼미동 580-5","owner_type":"시·군유지","owner_label":"오산시","manager":"","property_class":"","land_category":"대","area_sqm":347.0,"area_band":"100~500㎡","interest_category":"대","solar_candidate":"검토필요","candidate_reason":"청사·공공건축물·주차장 현황 추가 확인 필요; 면적 347㎡","priority_score":40,"source":"경기부동산포털 국공유지조회·연속지적도","source_date":"2026-08-11","installed_solar_match":false}},{"type":"Feature","id":"4137010200104920020","geometry":{"type":"Point","coordinates":[127.0888026,37.151748]},"properties":{"pnu":"4137010200104920020","municipality_code":"41370","municipality":"오산시","district":"오산시","locality":"부산동","address":"오산시 부산동 492-20","owner_type":"시·군유지","owner_label":"오산시","manager":"","property_class":"","land_category":"대","area_sqm":340.0,"area_band":"100~500㎡","interest_category":"대","solar_candidate":"검토필요","candidate_reason":"청사·공공건축물·주차장 현황 추가 확인 필요; 면적 340㎡","priority_score":40,"source":"경기부동산포털 국공유지조회·연속지적도","source_date":"2026-08-11","installed_solar_match":false}},{"type":"Feature","id":"4137010400100200003","geometry":{"type":"Point","coordinates":[127.0675682,37.1604892]},"properties":{"pnu":"4137010400100200003","municipality_code":"41370","municipality":"오산시","district":"오산시","locality":"궐동","address":"오산시 궐동 20-3","owner_type":"시·군유지","owner_label":"오산시","manager":"","property_class":"","land_category":"대","area_sqm":337.0,"area_band":"100~500㎡","interest_category":"대","solar_candidate":"검토필요","candidate_reason":"청사·공공건축물·주차장 현황 추가 확인 필요; 면적 337㎡","priority_score":40,"source":"경기부동산포털 국공유지조회·연속지적도","source_date":"2026-08-11","installed_solar_match":false}},{"type":"Feature","id":"4137010400100530006","geometry":{"type":"Point","coordinates":[127.0696846,37.157981]},"properties":{"pnu":"4137010400100530006","municipality_code":"41370","municipality":"오산시","district":"오산시","locality":"궐동","address":"오산시 궐동 53-6","owner_type":"시·군유지","owner_label":"오산시","manager":"","property_class":"","land_category":"대","area_sqm":335.0,"area_band":"100~500㎡","interest_category":"대","solar_candidate":"검토필요","candidate_reason":"청사·공공건축물·주차장 현황 추가 확인 필요; 면적 335㎡","priority_score":40,"source":"경기부동산포털 국공유지조회·연속지적도","source_date":"2026-08-11","installed_solar_match":false}},{"type":"Feature","id":"4137010800103850016","geometry":{"type":"Point","coordinates":[127.0583862,37.1630629]},"properties":{"pnu":"4137010800103850016","municipality_code":"41370","municipality":"오산시","district":"오산시","locality":"수청동","address":"오산시 수청동 385-16","owner_type":"시·군유지","owner_label":"오산시","manager":"","property_class":"","land_category":"대","area_sqm":333.0,"area_band":"100~500㎡","interest_category":"대","solar_candidate":"검토필요","candidate_reason":"청사·공공건축물·주차장 현황 추가 확인 필요; 면적 333㎡","priority_score":40,"source":"경기부동산포털 국공유지조회·연속지적도","source_date":"2026-08-11","installed_solar_match":false}},{"type":"Feature","id":"4137010200104920031","geometry":{"type":"Point","coordinates":[127.0889332,37.1521199]},"properties":{"pnu":"4137010200104920031","municipality_code":"41370","municipality":"오산시","district":"오산시","locality":"부산동","address":"오산시 부산동 492-31","owner_type":"시·군유지","owner_label":"오산시","manager":"","property_class":"","land_category":"대","area_sqm":327.4,"area_band":"100~500㎡","interest_category":"대","solar_candidate":"검토필요","candidate_reason":"청사·공공건축물·주차장 현황 추가 확인 필요; 면적 327㎡","priority_score":40,"source":"경기부동산포털 국공유지조회·연속지적도","source_date":"2026-08-11","installed_solar_match":false}},{"type":"Feature","id":"4137010900100440021","geometry":{"type":"Point","coordinates":[127.0722319,37.1616173]},"properties":{"pnu":"4137010900100440021","municipality_code":"41370","municipality":"오산시","district":"오산시","locality":"은계동","address":"오산시 은계동 44-21","owner_type":"시·군유지","owner_label":"오산시","manager":"","property_class":"","land_category":"대","area_sqm":318.0,"area_band":"100~500㎡","interest_category":"대","solar_candidate":"검토필요","candidate_reason":"청사·공공건축물·주차장 현황 추가 확인 필요; 면적 318㎡","priority_score":40,"source":"경기부동산포털 국공유지조회·연속지적도","source_date":"2026-08-11","installed_solar_match":false}},{"type":"Feature","id":"4137010100103820004","geometry":{"type":"Point","coordinates":[127.0693706,37.1547209]},"properties":{"pnu":"4137010100103820004","municipality_code":"41370","municipality":"오산시","district":"오산시","locality":"오산동","address":"오산시 오산동 382-4","owner_type":"시·군유지","owner_label":"오산시","manager":"","property_class":"","land_category":"대","area_sqm":317.0,"area_band":"100~500㎡","interest_category":"대","solar_candidate":"검토필요","candidate_reason":"청사·공공건축물·주차장 현황 추가 확인 필요; 면적 317㎡","priority_score":40,"source":"경기부동산포털 국공유지조회·연속지적도","source_date":"2026-08-11","installed_solar_match":false}},{"type":"Feature","id":"4137010100108540004","geometry":{"type":"Point","coordinates":[127.0695799,37.1513259]},"properties":{"pnu":"4137010100108540004","municipality_code":"41370","municipality":"오산시","district":"오산시","locality":"오산동","address":"오산시 오산동 854-4","owner_type":"시·군유지","owner_label":"오산시","manager":"","property_class":"","land_category":"대","area_sqm":316.6,"area_band":"100~500㎡","interest_category":"대","solar_candidate":"검토필요","candidate_reason":"청사·공공건축물·주차장 현황 추가 확인 필요; 면적 317㎡","priority_score":40,"source":"경기부동산포털 국공유지조회·연속지적도","source_date":"2026-08-11","installed_solar_match":false}},{"type":"Feature","id":"4137010600102800001","geometry":{"type":"Point","coordinates":[127.037673,37.1571776]},"properties":{"pnu":"4137010600102800001","municipality_code":"41370","municipality":"오산시","district":"오산시","locality":"가장동","address":"오산시 가장동 280-1","owner_type":"시·군유지","owner_label":"오산시","manager":"","property_class":"","land_category":"대","area_sqm":315.0,"area_band":"100~500㎡","interest_category":"대","solar_candidate":"검토필요","candidate_reason":"청사·공공건축물·주차장 현황 추가 확인 필요; 면적 315㎡","priority_score":40,"source":"경기부동산포털 국공유지조회·연속지적도","source_date":"2026-08-11","installed_solar_match":false}},{"type":"Feature","id":"4137010200101220018","geometry":{"type":"Point","coordinates":[127.0892083,37.152836]},"properties":{"pnu":"4137010200101220018","municipality_code":"41370","municipality":"오산시","district":"오산시","locality":"부산동","address":"오산시 부산동 122-18","owner_type":"시·군유지","owner_label":"오산시","manager":"","property_class":"","land_category":"대","area_sqm":302.3,"area_band":"100~500㎡","interest_category":"대","solar_candidate":"검토필요","candidate_reason":"청사·공공건축물·주차장 현황 추가 확인 필요; 면적 302㎡","priority_score":40,"source":"경기부동산포털 국공유지조회·연속지적도","source_date":"2026-08-11","installed_solar_match":false}},{"type":"Feature","id":"4137010900100180003","geometry":{"type":"Point","coordinates":[127.075037,37.1626024]},"properties":{"pnu":"4137010900100180003","municipality_code":"41370","municipality":"오산시","district":"오산시","locality":"은계동","address":"오산시 은계동 18-3","owner_type":"시·군유지","owner_label":"오산시","manager":"","property_class":"","land_category":"대","area_sqm":301.0,"area_band":"100~500㎡","interest_category":"대","solar_candidate":"검토필요","candidate_reason":"청사·공공건축물·주차장 현황 추가 확인 필요; 면적 301㎡","priority_score":40,"source":"경기부동산포털 국공유지조회·연속지적도","source_date":"2026-08-11","installed_solar_match":false}},{"type":"Feature","id":"4137010200105030002","geometry":{"type":"Point","coordinates":[127.0898548,37.1521127]},"properties":{"pnu":"4137010200105030002","municipality_code":"41370","municipality":"오산시","district":"오산시","locality":"부산동","address":"오산시 부산동 503-2","owner_type":"시·군유지","owner_label":"오산시","manager":"","property_class":"","land_category":"대","area_sqm":300.0,"area_band":"100~500㎡","interest_category":"대","solar_candidate":"검토필요","candidate_reason":"청사·공공건축물·주차장 현황 추가 확인 필요; 면적 300㎡","priority_score":40,"source":"경기부동산포털 국공유지조회·연속지적도","source_date":"2026-08-11","installed_solar_match":true,"installed_solar_count":1,"installed_solar_area_sqm":33.9,"installed_solar_analysis_years":["2024"],"installed_solar_types":["공공시설물"],"installed_solar_permit_status_counts":{"N":1}}},{"type":"Feature","id":"4137010300108070006","geometry":{"type":"Point","coordinates":[127.0722014,37.1332349]},"properties":{"pnu":"4137010300108070006","municipality_code":"41370","municipality":"오산시","district":"오산시","locality":"원동","address":"오산시 원동 807-6","owner_type":"시·군유지","owner_label":"오산시","manager":"","property_class":"","land_category":"대","area_sqm":300.0,"area_band":"100~500㎡","interest_category":"대","solar_candidate":"검토필요","candidate_reason":"청사·공공건축물·주차장 현황 추가 확인 필요; 면적 300㎡","priority_score":40,"source":"경기부동산포털 국공유지조회·연속지적도","source_date":"2026-08-11","installed_solar_match":false}},{"type":"Feature","id":"4137010300106220022","geometry":{"type":"Point","coordinates":[127.0815884,37.1410387]},"properties":{"pnu":"4137010300106220022","municipality_code":"41370","municipality":"오산시","district":"오산시","locality":"원동","address":"오산시 원동 622-22","owner_type":"시·군유지","owner_label":"오산시","manager":"","property_class":"","land_category":"대","area_sqm":299.0,"area_band":"100~500㎡","interest_category":"대","solar_candidate":"검토필요","candidate_reason":"청사·공공건축물·주차장 현황 추가 확인 필요; 면적 299㎡","priority_score":40,"source":"경기부동산포털 국공유지조회·연속지적도","source_date":"2026-08-11","installed_solar_match":false}},{"type":"Feature","id":"4137010100103450009","geometry":{"type":"Point","coordinates":[127.0713969,37.1556429]},"properties":{"pnu":"4137010100103450009","municipality_code":"41370","municipality":"오산시","district":"오산시","locality":"오산동","address":"오산시 오산동 345-9","owner_type":"시·군유지","owner_label":"오산시","manager":"","property_class":"","land_category":"대","area_sqm":294.0,"area_band":"100~500㎡","interest_category":"대","solar_candidate":"검토필요","candidate_reason":"청사·공공건축물·주차장 현황 추가 확인 필요; 면적 294㎡","priority_score":40,"source":"경기부동산포털 국공유지조회·연속지적도","source_date":"2026-08-11","installed_solar_match":false}},{"type":"Feature","id":"4137010300106470014","geometry":{"type":"Point","coordinates":[127.0842846,37.1361289]},"properties":{"pnu":"4137010300106470014","municipality_code":"41370","municipality":"오산시","district":"오산시","locality":"원동","address":"오산시 원동 647-14","owner_type":"시·군유지","owner_label":"오산시","manager":"","property_class":"","land_category":"대","area_sqm":294.0,"area_band":"100~500㎡","interest_category":"대","solar_candidate":"검토필요","candidate_reason":"청사·공공건축물·주차장 현황 추가 확인 필요; 면적 294㎡","priority_score":40,"source":"경기부동산포털 국공유지조회·연속지적도","source_date":"2026-08-11","installed_solar_match":false}},{"type":"Feature","id":"4137011100105630005","geometry":{"type":"Point","coordinates":[127.0466014,37.1910659]},"properties":{"pnu":"4137011100105630005","municipality_code":"41370","municipality":"오산시","district":"오산시","locality":"외삼미동","address":"오산시 외삼미동 563-5","owner_type":"시·군유지","owner_label":"오산시","manager":"","property_class":"","land_category":"대","area_sqm":293.0,"area_band":"100~500㎡","interest_category":"대","solar_candidate":"검토필요","candidate_reason":"청사·공공건축물·주차장 현황 추가 확인 필요; 면적 293㎡","priority_score":40,"source":"경기부동산포털 국공유지조회·연속지적도","source_date":"2026-08-11","installed_solar_match":false}},{"type":"Feature","id":"4137010300101190144","geometry":{"type":"Point","coordinates":[127.0779967,37.1421862]},"properties":{"pnu":"4137010300101190144","municipality_code":"41370","municipality":"오산시","district":"오산시","locality":"원동","address":"오산시 원동 119-144","owner_type":"시·군유지","owner_label":"오산시","manager":"","property_class":"","land_category":"대","area_sqm":291.0,"area_band":"100~500㎡","interest_category":"대","solar_candidate":"검토필요","candidate_reason":"청사·공공건축물·주차장 현황 추가 확인 필요; 면적 291㎡","priority_score":40,"source":"경기부동산포털 국공유지조회·연속지적도","source_date":"2026-08-11","installed_solar_match":false}},{"type":"Feature","id":"4137010200104920027","geometry":{"type":"Point","coordinates":[127.0886996,37.1515665]},"properties":{"pnu":"4137010200104920027","municipality_code":"41370","municipality":"오산시","district":"오산시","locality":"부산동","address":"오산시 부산동 492-27","owner_type":"시·군유지","owner_label":"오산시","manager":"","property_class":"","land_category":"대","area_sqm":286.4,"area_band":"100~500㎡","interest_category":"대","solar_candidate":"검토필요","candidate_reason":"청사·공공건축물·주차장 현황 추가 확인 필요; 면적 286㎡","priority_score":40,"source":"경기부동산포털 국공유지조회·연속지적도","source_date":"2026-08-11","installed_solar_match":false}},{"type":"Feature","id":"4137010400100480033","geometry":{"type":"Point","coordinates":[127.0676026,37.1580014]},"properties":{"pnu":"4137010400100480033","municipality_code":"41370","municipality":"오산시","district":"오산시","locality":"궐동","address":"오산시 궐동 48-33","owner_type":"시·군유지","owner_label":"오산시","manager":"","property_class":"","land_category":"대","area_sqm":278.0,"area_band":"100~500㎡","interest_category":"대","solar_candidate":"검토필요","candidate_reason":"청사·공공건축물·주차장 현황 추가 확인 필요; 면적 278㎡","priority_score":40,"source":"경기부동산포털 국공유지조회·연속지적도","source_date":"2026-08-11","installed_solar_match":false}},{"type":"Feature","id":"4137010400106400001","geometry":{"type":"Point","coordinates":[127.0626671,37.1585367]},"properties":{"pnu":"4137010400106400001","municipality_code":"41370","municipality":"오산시","district":"오산시","locality":"궐동","address":"오산시 궐동 640-1","owner_type":"시·군유지","owner_label":"오산시","manager":"","property_class":"","land_category":"대","area_sqm":268.5,"area_band":"100~500㎡","interest_category":"대","solar_candidate":"검토필요","candidate_reason":"청사·공공건축물·주차장 현황 추가 확인 필요; 면적 268㎡","priority_score":40,"source":"경기부동산포털 국공유지조회·연속지적도","source_date":"2026-08-11","installed_solar_match":false}},{"type":"Feature","id":"4137011000102590001","geometry":{"type":"Point","coordinates":[127.0636639,37.1765206]},"properties":{"pnu":"4137011000102590001","municipality_code":"41370","municipality":"오산시","district":"오산시","locality":"내삼미동","address":"오산시 내삼미동 259-1","owner_type":"시·군유지","owner_label":"오산시","manager":"","property_class":"","land_category":"대","area_sqm":268.0,"area_band":"100~500㎡","interest_category":"대","solar_candidate":"검토필요","candidate_reason":"청사·공공건축물·주차장 현황 추가 확인 필요; 면적 268㎡","priority_score":40,"source":"경기부동산포털 국공유지조회·연속지적도","source_date":"2026-08-11","installed_solar_match":false}},{"type":"Feature","id":"4137010300104780010","geometry":{"type":"Point","coordinates":[127.0748774,37.1314648]},"properties":{"pnu":"4137010300104780010","municipality_code":"41370","municipality":"오산시","district":"오산시","locality":"원동","address":"오산시 원동 478-10","owner_type":"시·군유지","owner_label":"오산시","manager":"","property_class":"","land_category":"대","area_sqm":266.0,"area_band":"100~500㎡","interest_category":"대","solar_candidate":"검토필요","candidate_reason":"청사·공공건축물·주차장 현황 추가 확인 필요; 면적 266㎡","priority_score":40,"source":"경기부동산포털 국공유지조회·연속지적도","source_date":"2026-08-11","installed_solar_match":false}},{"type":"Feature","id":"4137010100107360011","geometry":{"type":"Point","coordinates":[127.0686784,37.1384119]},"properties":{"pnu":"4137010100107360011","municipality_code":"41370","municipality":"오산시","district":"오산시","locality":"오산동","address":"오산시 오산동 736-11","owner_type":"시·군유지","owner_label":"오산시","manager":"","property_class":"","land_category":"대","area_sqm":264.5,"area_band":"100~500㎡","interest_category":"대","solar_candidate":"검토필요","candidate_reason":"청사·공공건축물·주차장 현황 추가 확인 필요; 면적 264㎡","priority_score":40,"source":"경기부동산포털 국공유지조회·연속지적도","source_date":"2026-08-11","installed_solar_match":false}},{"type":"Feature","id":"4137010100106090010","geometry":{"type":"Point","coordinates":[127.0647759,37.1480504]},"properties":{"pnu":"4137010100106090010","municipality_code":"41370","municipality":"오산시","district":"오산시","locality":"오산동","address":"오산시 오산동 609-10","owner_type":"시·군유지","owner_label":"오산시","manager":"","property_class":"","land_category":"대","area_sqm":258.1,"area_band":"100~500㎡","interest_category":"대","solar_candidate":"검토필요","candidate_reason":"청사·공공건축물·주차장 현황 추가 확인 필요; 면적 258㎡","priority_score":40,"source":"경기부동산포털 국공유지조회·연속지적도","source_date":"2026-08-11","installed_solar_match":false}},{"type":"Feature","id":"4137010100108850030","geometry":{"type":"Point","coordinates":[127.0683318,37.1424264]},"properties":{"pnu":"4137010100108850030","municipality_code":"41370","municipality":"오산시","district":"오산시","locality":"오산동","address":"오산시 오산동 885-30","owner_type":"시·군유지","owner_label":"오산시","manager":"","property_class":"","land_category":"대","area_sqm":252.1,"area_band":"100~500㎡","interest_category":"대","solar_candidate":"검토필요","candidate_reason":"청사·공공건축물·주차장 현황 추가 확인 필요; 면적 252㎡","priority_score":40,"source":"경기부동산포털 국공유지조회·연속지적도","source_date":"2026-08-11","installed_solar_match":false}},{"type":"Feature","id":"4137011000101850011","geometry":{"type":"Point","coordinates":[127.0681224,37.176785]},"properties":{"pnu":"4137011000101850011","municipality_code":"41370","municipality":"오산시","district":"오산시","locality":"내삼미동","address":"오산시 내삼미동 185-11","owner_type":"시·군유지","owner_label":"오산시","manager":"","property_class":"","land_category":"대","area_sqm":250.0,"area_band":"100~500㎡","interest_category":"대","solar_candidate":"검토필요","candidate_reason":"청사·공공건축물·주차장 현황 추가 확인 필요; 면적 250㎡","priority_score":40,"source":"경기부동산포털 국공유지조회·연속지적도","source_date":"2026-08-11","installed_solar_match":false}},{"type":"Feature","id":"4137010400100130009","geometry":{"type":"Point","coordinates":[127.0659874,37.1599142]},"properties":{"pnu":"4137010400100130009","municipality_code":"41370","municipality":"오산시","district":"오산시","locality":"궐동","address":"오산시 궐동 13-9","owner_type":"시·군유지","owner_label":"오산시","manager":"","property_class":"","land_category":"대","area_sqm":248.0,"area_band":"100~500㎡","interest_category":"대","solar_candidate":"검토필요","candidate_reason":"청사·공공건축물·주차장 현황 추가 확인 필요; 면적 248㎡","priority_score":40,"source":"경기부동산포털 국공유지조회·연속지적도","source_date":"2026-08-11","installed_solar_match":false}},{"type":"Feature","id":"4137011600100100011","geometry":{"type":"Point","coordinates":[127.0433916,37.1559604]},"properties":{"pnu":"4137011600100100011","municipality_code":"41370","municipality":"오산시","district":"오산시","locality":"서동","address":"오산시 서동 10-11","owner_type":"시·군유지","owner_label":"오산시","manager":"","property_class":"","land_category":"대","area_sqm":243.0,"area_band":"100~500㎡","interest_category":"대","solar_candidate":"검토필요","candidate_reason":"청사·공공건축물·주차장 현황 추가 확인 필요; 면적 243㎡","priority_score":40,"source":"경기부동산포털 국공유지조회·연속지적도","source_date":"2026-08-11","installed_solar_match":false}},{"type":"Feature","id":"4137010100103150006","geometry":{"type":"Point","coordinates":[127.0706604,37.1530927]},"properties":{"pnu":"4137010100103150006","municipality_code":"41370","municipality":"오산시","district":"오산시","locality":"오산동","address":"오산시 오산동 315-6","owner_type":"시·군유지","owner_label":"오산시","manager":"","property_class":"","land_category":"대","area_sqm":241.0,"area_band":"100~500㎡","interest_category":"대","solar_candidate":"검토필요","candidate_reason":"청사·공공건축물·주차장 현황 추가 확인 필요; 면적 241㎡","priority_score":40,"source":"경기부동산포털 국공유지조회·연속지적도","source_date":"2026-08-11","installed_solar_match":false}},{"type":"Feature","id":"4137010100104810004","geometry":{"type":"Point","coordinates":[127.0671129,37.1507029]},"properties":{"pnu":"4137010100104810004","municipality_code":"41370","municipality":"오산시","district":"오산시","locality":"오산동","address":"오산시 오산동 481-4","owner_type":"시·군유지","owner_label":"오산시","manager":"","property_class":"","land_category":"대","area_sqm":240.6,"area_band":"100~500㎡","interest_category":"대","solar_candidate":"검토필요","candidate_reason":"청사·공공건축물·주차장 현황 추가 확인 필요; 면적 241㎡","priority_score":40,"source":"경기부동산포털 국공유지조회·연속지적도","source_date":"2026-08-11","installed_solar_match":false}},{"type":"Feature","id":"4137010100104470018","geometry":{"type":"Point","coordinates":[127.0675742,37.152222]},"properties":{"pnu":"4137010100104470018","municipality_code":"41370","municipality":"오산시","district":"오산시","locality":"오산동","address":"오산시 오산동 447-18","owner_type":"시·군유지","owner_label":"오산시","manager":"","property_class":"","land_category":"대","area_sqm":239.0,"area_band":"100~500㎡","interest_category":"대","solar_candidate":"검토필요","candidate_reason":"청사·공공건축물·주차장 현황 추가 확인 필요; 면적 239㎡","priority_score":40,"source":"경기부동산포털 국공유지조회·연속지적도","source_date":"2026-08-11","installed_solar_match":false}},{"type":"Feature","id":"4137010300105520092","geometry":{"type":"Point","coordinates":[127.0756485,37.1392707]},"properties":{"pnu":"4137010300105520092","municipality_code":"41370","municipality":"오산시","district":"오산시","locality":"원동","address":"오산시 원동 552-92","owner_type":"시·군유지","owner_label":"오산시","manager":"","property_class":"","land_category":"대","area_sqm":238.0,"area_band":"100~500㎡","interest_category":"대","solar_candidate":"검토필요","candidate_reason":"청사·공공건축물·주차장 현황 추가 확인 필요; 면적 238㎡","priority_score":40,"source":"경기부동산포털 국공유지조회·연속지적도","source_date":"2026-08-11","installed_solar_match":false}},{"type":"Feature","id":"4137012400103170034","geometry":{"type":"Point","coordinates":[127.0750923,37.1314627]},"properties":{"pnu":"4137012400103170034","municipality_code":"41370","municipality":"오산시","district":"오산시","locality":"갈곶동","address":"오산시 갈곶동 317-34","owner_type":"시·군유지","owner_label":"오산시","manager":"","property_class":"","land_category":"대","area_sqm":237.0,"area_band":"100~500㎡","interest_category":"대","solar_candidate":"검토필요","candidate_reason":"청사·공공건축물·주차장 현황 추가 확인 필요; 면적 237㎡","priority_score":40,"source":"경기부동산포털 국공유지조회·연속지적도","source_date":"2026-08-11","installed_solar_match":false}},{"type":"Feature","id":"4137010100103240009","geometry":{"type":"Point","coordinates":[127.0695487,37.154171]},"properties":{"pnu":"4137010100103240009","municipality_code":"41370","municipality":"오산시","district":"오산시","locality":"오산동","address":"오산시 오산동 324-9","owner_type":"시·군유지","owner_label":"오산시","manager":"","property_class":"","land_category":"대","area_sqm":236.0,"area_band":"100~500㎡","interest_category":"대","solar_candidate":"검토필요","candidate_reason":"청사·공공건축물·주차장 현황 추가 확인 필요; 면적 236㎡","priority_score":40,"source":"경기부동산포털 국공유지조회·연속지적도","source_date":"2026-08-11","installed_solar_match":true,"installed_solar_count":1,"installed_solar_area_sqm":33.3,"installed_solar_analysis_years":["2024"],"installed_solar_types":["개인주택"],"installed_solar_permit_status_counts":{"N":1}}},{"type":"Feature","id":"4137010100103150001","geometry":{"type":"Point","coordinates":[127.0708835,37.1533019]},"properties":{"pnu":"4137010100103150001","municipality_code":"41370","municipality":"오산시","district":"오산시","locality":"오산동","address":"오산시 오산동 315-1","owner_type":"시·군유지","owner_label":"오산시","manager":"","property_class":"","land_category":"대","area_sqm":228.0,"area_band":"100~500㎡","interest_category":"대","solar_candidate":"검토필요","candidate_reason":"청사·공공건축물·주차장 현황 추가 확인 필요; 면적 228㎡","priority_score":40,"source":"경기부동산포털 국공유지조회·연속지적도","source_date":"2026-08-11","installed_solar_match":false}},{"type":"Feature","id":"4137010400100420002","geometry":{"type":"Point","coordinates":[127.0663472,37.1585133]},"properties":{"pnu":"4137010400100420002","municipality_code":"41370","municipality":"오산시","district":"오산시","locality":"궐동","address":"오산시 궐동 42-2","owner_type":"시·군유지","owner_label":"오산시","manager":"","property_class":"","land_category":"대","area_sqm":228.0,"area_band":"100~500㎡","interest_category":"대","solar_candidate":"검토필요","candidate_reason":"청사·공공건축물·주차장 현황 추가 확인 필요; 면적 228㎡","priority_score":40,"source":"경기부동산포털 국공유지조회·연속지적도","source_date":"2026-08-11","installed_solar_match":false}},{"type":"Feature","id":"4137010900100610007","geometry":{"type":"Point","coordinates":[127.0713059,37.1619451]},"properties":{"pnu":"4137010900100610007","municipality_code":"41370","municipality":"오산시","district":"오산시","locality":"은계동","address":"오산시 은계동 61-7","owner_type":"시·군유지","owner_label":"오산시","manager":"","property_class":"","land_category":"대","area_sqm":222.0,"area_band":"100~500㎡","interest_category":"대","solar_candidate":"검토필요","candidate_reason":"청사·공공건축물·주차장 현황 추가 확인 필요; 면적 222㎡","priority_score":40,"source":"경기부동산포털 국공유지조회·연속지적도","source_date":"2026-08-11","installed_solar_match":false}},{"type":"Feature","id":"4137011100100720010","geometry":{"type":"Point","coordinates":[127.0608012,37.1929904]},"properties":{"pnu":"4137011100100720010","municipality_code":"41370","municipality":"오산시","district":"오산시","locality":"외삼미동","address":"오산시 외삼미동 72-10","owner_type":"시·군유지","owner_label":"오산시","manager":"","property_class":"","land_category":"대","area_sqm":219.0,"area_band":"100~500㎡","interest_category":"대","solar_candidate":"검토필요","candidate_reason":"청사·공공건축물·주차장 현황 추가 확인 필요; 면적 219㎡","priority_score":40,"source":"경기부동산포털 국공유지조회·연속지적도","source_date":"2026-08-11","installed_solar_match":false}},{"type":"Feature","id":"4137010100100640007","geometry":{"type":"Point","coordinates":[127.0723278,37.1551817]},"properties":{"pnu":"4137010100100640007","municipality_code":"41370","municipality":"오산시","district":"오산시","locality":"오산동","address":"오산시 오산동 64-7","owner_type":"시·군유지","owner_label":"오산시","manager":"","property_class":"","land_category":"대","area_sqm":215.0,"area_band":"100~500㎡","interest_category":"대","solar_candidate":"검토필요","candidate_reason":"청사·공공건축물·주차장 현황 추가 확인 필요; 면적 215㎡","priority_score":40,"source":"경기부동산포털 국공유지조회·연속지적도","source_date":"2026-08-11","installed_solar_match":true,"installed_solar_count":1,"installed_solar_area_sqm":22.6,"installed_solar_analysis_years":["2024"],"installed_solar_types":["개인주택"],"installed_solar_permit_status_counts":{"N":1}}},{"type":"Feature","id":"4137010700105120007","geometry":{"type":"Point","coordinates":[127.0452488,37.1769315]},"properties":{"pnu":"4137010700105120007","municipality_code":"41370","municipality":"오산시","district":"오산시","locality":"금암동","address":"오산시 금암동 512-7","owner_type":"시·군유지","owner_label":"오산시","manager":"","property_class":"","land_category":"대","area_sqm":214.4,"area_band":"100~500㎡","interest_category":"대","solar_candidate":"검토필요","candidate_reason":"청사·공공건축물·주차장 현황 추가 확인 필요; 면적 214㎡","priority_score":40,"source":"경기부동산포털 국공유지조회·연속지적도","source_date":"2026-08-11","installed_solar_match":false}},{"type":"Feature","id":"4137010100108110037","geometry":{"type":"Point","coordinates":[127.0773445,37.1589373]},"properties":{"pnu":"4137010100108110037","municipality_code":"41370","municipality":"오산시","district":"오산시","locality":"오산동","address":"오산시 오산동 811-37","owner_type":"시·군유지","owner_label":"오산시","manager":"","property_class":"","land_category":"대","area_sqm":214.0,"area_band":"100~500㎡","interest_category":"대","solar_candidate":"검토필요","candidate_reason":"청사·공공건축물·주차장 현황 추가 확인 필요; 면적 214㎡","priority_score":40,"source":"경기부동산포털 국공유지조회·연속지적도","source_date":"2026-08-11","installed_solar_match":false}},{"type":"Feature","id":"4137011700100940003","geometry":{"type":"Point","coordinates":[127.0362049,37.1413319]},"properties":{"pnu":"4137011700100940003","municipality_code":"41370","municipality":"오산시","district":"오산시","locality":"벌음동","address":"오산시 벌음동 94-3","owner_type":"시·군유지","owner_label":"오산시","manager":"","property_class":"","land_category":"대","area_sqm":213.0,"area_band":"100~500㎡","interest_category":"대","solar_candidate":"검토필요","candidate_reason":"청사·공공건축물·주차장 현황 추가 확인 필요; 면적 213㎡","priority_score":40,"source":"경기부동산포털 국공유지조회·연속지적도","source_date":"2026-08-11","installed_solar_match":false}},{"type":"Feature","id":"4137010100108140031","geometry":{"type":"Point","coordinates":[127.0765401,37.1587106]},"properties":{"pnu":"4137010100108140031","municipality_code":"41370","municipality":"오산시","district":"오산시","locality":"오산동","address":"오산시 오산동 814-31","owner_type":"시·군유지","owner_label":"오산시","manager":"","property_class":"","land_category":"대","area_sqm":212.0,"area_band":"100~500㎡","interest_category":"대","solar_candidate":"검토필요","candidate_reason":"청사·공공건축물·주차장 현황 추가 확인 필요; 면적 212㎡","priority_score":40,"source":"경기부동산포털 국공유지조회·연속지적도","source_date":"2026-08-11","installed_solar_match":false}},{"type":"Feature","id":"4137011000101730006","geometry":{"type":"Point","coordinates":[127.0694981,37.1768186]},"properties":{"pnu":"4137011000101730006","municipality_code":"41370","municipality":"오산시","district":"오산시","locality":"내삼미동","address":"오산시 내삼미동 173-6","owner_type":"시·군유지","owner_label":"오산시","manager":"","property_class":"","land_category":"대","area_sqm":211.0,"area_band":"100~500㎡","interest_category":"대","solar_candidate":"검토필요","candidate_reason":"청사·공공건축물·주차장 현황 추가 확인 필요; 면적 211㎡","priority_score":40,"source":"경기부동산포털 국공유지조회·연속지적도","source_date":"2026-08-11","installed_solar_match":false}},{"type":"Feature","id":"4137010200104920015","geometry":{"type":"Point","coordinates":[127.088834,37.1519525]},"properties":{"pnu":"4137010200104920015","municipality_code":"41370","municipality":"오산시","district":"오산시","locality":"부산동","address":"오산시 부산동 492-15","owner_type":"시·군유지","owner_label":"오산시","manager":"","property_class":"","land_category":"대","area_sqm":210.9,"area_band":"100~500㎡","interest_category":"대","solar_candidate":"검토필요","candidate_reason":"청사·공공건축물·주차장 현황 추가 확인 필요; 면적 211㎡","priority_score":40,"source":"경기부동산포털 국공유지조회·연속지적도","source_date":"2026-08-11","installed_solar_match":false}},{"type":"Feature","id":"4137010800100690037","geometry":{"type":"Point","coordinates":[127.0692503,37.1639772]},"properties":{"pnu":"4137010800100690037","municipality_code":"41370","municipality":"오산시","district":"오산시","locality":"수청동","address":"오산시 수청동 69-37","owner_type":"시·군유지","owner_label":"오산시","manager":"","property_class":"","land_category":"대","area_sqm":210.0,"area_band":"100~500㎡","interest_category":"대","solar_candidate":"검토필요","candidate_reason":"청사·공공건축물·주차장 현황 추가 확인 필요; 면적 210㎡","priority_score":40,"source":"경기부동산포털 국공유지조회·연속지적도","source_date":"2026-08-11","installed_solar_match":false}},{"type":"Feature","id":"4137010400100430005","geometry":{"type":"Point","coordinates":[127.0665973,37.1585687]},"properties":{"pnu":"4137010400100430005","municipality_code":"41370","municipality":"오산시","district":"오산시","locality":"궐동","address":"오산시 궐동 43-5","owner_type":"시·군유지","owner_label":"오산시","manager":"","property_class":"","land_category":"대","area_sqm":208.0,"area_band":"100~500㎡","interest_category":"대","solar_candidate":"검토필요","candidate_reason":"청사·공공건축물·주차장 현황 추가 확인 필요; 면적 208㎡","priority_score":40,"source":"경기부동산포털 국공유지조회·연속지적도","source_date":"2026-08-11","installed_solar_match":false}},{"type":"Feature","id":"4137010100106170009","geometry":{"type":"Point","coordinates":[127.0639279,37.147902]},"properties":{"pnu":"4137010100106170009","municipality_code":"41370","municipality":"오산시","district":"오산시","locality":"오산동","address":"오산시 오산동 617-9","owner_type":"시·군유지","owner_label":"오산시","manager":"","property_class":"","land_category":"대","area_sqm":205.0,"area_band":"100~500㎡","interest_category":"대","solar_candidate":"검토필요","candidate_reason":"청사·공공건축물·주차장 현황 추가 확인 필요; 면적 205㎡","priority_score":40,"source":"경기부동산포털 국공유지조회·연속지적도","source_date":"2026-08-11","installed_solar_match":false}},{"type":"Feature","id":"4137010200104920006","geometry":{"type":"Point","coordinates":[127.0889438,37.1517092]},"properties":{"pnu":"4137010200104920006","municipality_code":"41370","municipality":"오산시","district":"오산시","locality":"부산동","address":"오산시 부산동 492-6","owner_type":"시·군유지","owner_label":"오산시","manager":"","property_class":"","land_category":"대","area_sqm":204.0,"area_band":"100~500㎡","interest_category":"대","solar_candidate":"검토필요","candidate_reason":"청사·공공건축물·주차장 현황 추가 확인 필요; 면적 204㎡","priority_score":40,"source":"경기부동산포털 국공유지조회·연속지적도","source_date":"2026-08-11","installed_solar_match":false}},{"type":"Feature","id":"4137010400105850003","geometry":{"type":"Point","coordinates":[127.0640193,37.1598362]},"properties":{"pnu":"4137010400105850003","municipality_code":"41370","municipality":"오산시","district":"오산시","locality":"궐동","address":"오산시 궐동 585-3","owner_type":"시·군유지","owner_label":"오산시","manager":"","property_class":"","land_category":"대","area_sqm":200.0,"area_band":"100~500㎡","interest_category":"대","solar_candidate":"검토필요","candidate_reason":"청사·공공건축물·주차장 현황 추가 확인 필요; 면적 200㎡","priority_score":40,"source":"경기부동산포털 국공유지조회·연속지적도","source_date":"2026-08-11","installed_solar_match":false}},{"type":"Feature","id":"4137010100103150005","geometry":{"type":"Point","coordinates":[127.0705228,37.1531472]},"properties":{"pnu":"4137010100103150005","municipality_code":"41370","municipality":"오산시","district":"오산시","locality":"오산동","address":"오산시 오산동 315-5","owner_type":"시·군유지","owner_label":"오산시","manager":"","property_class":"","land_category":"대","area_sqm":198.0,"area_band":"100~500㎡","interest_category":"대","solar_candidate":"검토필요","candidate_reason":"청사·공공건축물·주차장 현황 추가 확인 필요; 면적 198㎡","priority_score":40,"source":"경기부동산포털 국공유지조회·연속지적도","source_date":"2026-08-11","installed_solar_match":false}},{"type":"Feature","id":"4137010300101190194","geometry":{"type":"Point","coordinates":[127.081007,37.1412464]},"properties":{"pnu":"4137010300101190194","municipality_code":"41370","municipality":"오산시","district":"오산시","locality":"원동","address":"오산시 원동 119-194","owner_type":"시·군유지","owner_label":"오산시","manager":"","property_class":"","land_category":"대","area_sqm":194.0,"area_band":"100~500㎡","interest_category":"대","solar_candidate":"검토필요","candidate_reason":"청사·공공건축물·주차장 현황 추가 확인 필요; 면적 194㎡","priority_score":40,"source":"경기부동산포털 국공유지조회·연속지적도","source_date":"2026-08-11","installed_solar_match":false}},{"type":"Feature","id":"4137010300107600011","geometry":{"type":"Point","coordinates":[127.0709376,37.1472388]},"properties":{"pnu":"4137010300107600011","municipality_code":"41370","municipality":"오산시","district":"오산시","locality":"원동","address":"오산시 원동 760-11","owner_type":"시·군유지","owner_label":"오산시","manager":"","property_class":"","land_category":"대","area_sqm":190.5,"area_band":"100~500㎡","interest_category":"대","solar_candidate":"검토필요","candidate_reason":"청사·공공건축물·주차장 현황 추가 확인 필요; 면적 190㎡","priority_score":40,"source":"경기부동산포털 국공유지조회·연속지적도","source_date":"2026-08-11","installed_solar_match":true,"installed_solar_count":1,"installed_solar_area_sqm":21.4,"installed_solar_analysis_years":["2024"],"installed_solar_types":["개인주택"],"installed_solar_permit_status_counts":{"N":1}}},{"type":"Feature","id":"4137012400103170031","geometry":{"type":"Point","coordinates":[127.0756485,37.1315142]},"properties":{"pnu":"4137012400103170031","municipality_code":"41370","municipality":"오산시","district":"오산시","locality":"갈곶동","address":"오산시 갈곶동 317-31","owner_type":"시·군유지","owner_label":"오산시","manager":"","property_class":"","land_category":"대","area_sqm":190.0,"area_band":"100~500㎡","interest_category":"대","solar_candidate":"검토필요","candidate_reason":"청사·공공건축물·주차장 현황 추가 확인 필요; 면적 190㎡","priority_score":40,"source":"경기부동산포털 국공유지조회·연속지적도","source_date":"2026-08-11","installed_solar_match":false}},{"type":"Feature","id":"4137010100108850017","geometry":{"type":"Point","coordinates":[127.0668811,37.1423302]},"properties":{"pnu":"4137010100108850017","municipality_code":"41370","municipality":"오산시","district":"오산시","locality":"오산동","address":"오산시 오산동 885-17","owner_type":"시·군유지","owner_label":"오산시","manager":"","property_class":"","land_category":"대","area_sqm":187.6,"area_band":"100~500㎡","interest_category":"대","solar_candidate":"검토필요","candidate_reason":"청사·공공건축물·주차장 현황 추가 확인 필요; 면적 188㎡","priority_score":40,"source":"경기부동산포털 국공유지조회·연속지적도","source_date":"2026-08-11","installed_solar_match":false}},{"type":"Feature","id":"4137010400100470013","geometry":{"type":"Point","coordinates":[127.0687508,37.1584132]},"properties":{"pnu":"4137010400100470013","municipality_code":"41370","municipality":"오산시","district":"오산시","locality":"궐동","address":"오산시 궐동 47-13","owner_type":"시·군유지","owner_label":"오산시","manager":"","property_class":"","land_category":"대","area_sqm":185.0,"area_band":"100~500㎡","interest_category":"대","solar_candidate":"검토필요","candidate_reason":"청사·공공건축물·주차장 현황 추가 확인 필요; 면적 185㎡","priority_score":40,"source":"경기부동산포털 국공유지조회·연속지적도","source_date":"2026-08-11","installed_solar_match":false}},{"type":"Feature","id":"4137010300107800009","geometry":{"type":"Point","coordinates":[127.0691483,37.1425046]},"properties":{"pnu":"4137010300107800009","municipality_code":"41370","municipality":"오산시","district":"오산시","locality":"원동","address":"오산시 원동 780-9","owner_type":"시·군유지","owner_label":"오산시","manager":"","property_class":"","land_category":"대","area_sqm":182.4,"area_band":"100~500㎡","interest_category":"대","solar_candidate":"검토필요","candidate_reason":"청사·공공건축물·주차장 현황 추가 확인 필요; 면적 182㎡","priority_score":40,"source":"경기부동산포털 국공유지조회·연속지적도","source_date":"2026-08-11","installed_solar_match":false}},{"type":"Feature","id":"4137010500100410009","geometry":{"type":"Point","coordinates":[127.0614174,37.1507539]},"properties":{"pnu":"4137010500100410009","municipality_code":"41370","municipality":"오산시","district":"오산시","locality":"청학동","address":"오산시 청학동 41-9","owner_type":"시·군유지","owner_label":"오산시","manager":"","property_class":"","land_category":"대","area_sqm":182.0,"area_band":"100~500㎡","interest_category":"대","solar_candidate":"검토필요","candidate_reason":"청사·공공건축물·주차장 현황 추가 확인 필요; 면적 182㎡","priority_score":40,"source":"경기부동산포털 국공유지조회·연속지적도","source_date":"2026-08-11","installed_solar_match":true,"installed_solar_count":1,"installed_solar_area_sqm":45.8,"installed_solar_analysis_years":["2024"],"installed_solar_types":["공공시설물"],"installed_solar_permit_status_counts":{"N":1}}},{"type":"Feature","id":"4137012400103780014","geometry":{"type":"Point","coordinates":[127.0797052,37.1266325]},"properties":{"pnu":"4137012400103780014","municipality_code":"41370","municipality":"오산시","district":"오산시","locality":"갈곶동","address":"오산시 갈곶동 378-14","owner_type":"시·군유지","owner_label":"오산시","manager":"","property_class":"","land_category":"대","area_sqm":182.0,"area_band":"100~500㎡","interest_category":"대","solar_candidate":"검토필요","candidate_reason":"청사·공공건축물·주차장 현황 추가 확인 필요; 면적 182㎡","priority_score":40,"source":"경기부동산포털 국공유지조회·연속지적도","source_date":"2026-08-11","installed_solar_match":false}},{"type":"Feature","id":"4137010100100340021","geometry":{"type":"Point","coordinates":[127.076623,37.1582511]},"properties":{"pnu":"4137010100100340021","municipality_code":"41370","municipality":"오산시","district":"오산시","locality":"오산동","address":"오산시 오산동 34-21","owner_type":"시·군유지","owner_label":"오산시","manager":"","property_class":"","land_category":"대","area_sqm":180.0,"area_band":"100~500㎡","interest_category":"대","solar_candidate":"검토필요","candidate_reason":"청사·공공건축물·주차장 현황 추가 확인 필요; 면적 180㎡","priority_score":40,"source":"경기부동산포털 국공유지조회·연속지적도","source_date":"2026-08-11","installed_solar_match":false}},{"type":"Feature","id":"4137010300108370000","geometry":{"type":"Point","coordinates":[127.0688921,37.1421761]},"properties":{"pnu":"4137010300108370000","municipality_code":"41370","municipality":"오산시","district":"오산시","locality":"원동","address":"오산시 원동 837","owner_type":"시·군유지","owner_label":"오산시","manager":"","property_class":"","land_category":"대","area_sqm":180.0,"area_band":"100~500㎡","interest_category":"대","solar_candidate":"검토필요","candidate_reason":"청사·공공건축물·주차장 현황 추가 확인 필요; 면적 180㎡","priority_score":40,"source":"경기부동산포털 국공유지조회·연속지적도","source_date":"2026-08-11","installed_solar_match":false}},{"type":"Feature","id":"4137010100108850029","geometry":{"type":"Point","coordinates":[127.0674231,37.1423661]},"properties":{"pnu":"4137010100108850029","municipality_code":"41370","municipality":"오산시","district":"오산시","locality":"오산동","address":"오산시 오산동 885-29","owner_type":"시·군유지","owner_label":"오산시","manager":"","property_class":"","land_category":"대","area_sqm":176.8,"area_band":"100~500㎡","interest_category":"대","solar_candidate":"검토필요","candidate_reason":"청사·공공건축물·주차장 현황 추가 확인 필요; 면적 177㎡","priority_score":40,"source":"경기부동산포털 국공유지조회·연속지적도","source_date":"2026-08-11","installed_solar_match":false}},{"type":"Feature","id":"4137010100108850034","geometry":{"type":"Point","coordinates":[127.0671294,37.1423496]},"properties":{"pnu":"4137010100108850034","municipality_code":"41370","municipality":"오산시","district":"오산시","locality":"오산동","address":"오산시 오산동 885-34","owner_type":"시·군유지","owner_label":"오산시","manager":"","property_class":"","land_category":"대","area_sqm":174.7,"area_band":"100~500㎡","interest_category":"대","solar_candidate":"검토필요","candidate_reason":"청사·공공건축물·주차장 현황 추가 확인 필요; 면적 175㎡","priority_score":40,"source":"경기부동산포털 국공유지조회·연속지적도","source_date":"2026-08-11","installed_solar_match":false}},{"type":"Feature","id":"4137011100102150006","geometry":{"type":"Point","coordinates":[127.0579141,37.1939267]},"properties":{"pnu":"4137011100102150006","municipality_code":"41370","municipality":"오산시","district":"오산시","locality":"외삼미동","address":"오산시 외삼미동 215-6","owner_type":"시·군유지","owner_label":"오산시","manager":"","property_class":"","land_category":"대","area_sqm":169.0,"area_band":"100~500㎡","interest_category":"대","solar_candidate":"검토필요","candidate_reason":"청사·공공건축물·주차장 현황 추가 확인 필요; 면적 169㎡","priority_score":40,"source":"경기부동산포털 국공유지조회·연속지적도","source_date":"2026-08-11","installed_solar_match":false}},{"type":"Feature","id":"4137010100100440008","geometry":{"type":"Point","coordinates":[127.0758542,37.1597458]},"properties":{"pnu":"4137010100100440008","municipality_code":"41370","municipality":"오산시","district":"오산시","locality":"오산동","address":"오산시 오산동 44-8","owner_type":"시·군유지","owner_label":"오산시","manager":"","property_class":"","land_category":"대","area_sqm":168.0,"area_band":"100~500㎡","interest_category":"대","solar_candidate":"검토필요","candidate_reason":"청사·공공건축물·주차장 현황 추가 확인 필요; 면적 168㎡","priority_score":40,"source":"경기부동산포털 국공유지조회·연속지적도","source_date":"2026-08-11","installed_solar_match":false}},{"type":"Feature","id":"4137010900100650004","geometry":{"type":"Point","coordinates":[127.0696187,37.1611366]},"properties":{"pnu":"4137010900100650004","municipality_code":"41370","municipality":"오산시","district":"오산시","locality":"은계동","address":"오산시 은계동 65-4","owner_type":"시·군유지","owner_label":"오산시","manager":"","property_class":"","land_category":"대","area_sqm":166.0,"area_band":"100~500㎡","interest_category":"대","solar_candidate":"검토필요","candidate_reason":"청사·공공건축물·주차장 현황 추가 확인 필요; 면적 166㎡","priority_score":40,"source":"경기부동산포털 국공유지조회·연속지적도","source_date":"2026-08-11","installed_solar_match":false}},{"type":"Feature","id":"4137011600104210001","geometry":{"type":"Point","coordinates":[127.0327029,37.1516778]},"properties":{"pnu":"4137011600104210001","municipality_code":"41370","municipality":"오산시","district":"오산시","locality":"서동","address":"오산시 서동 421-1","owner_type":"시·군유지","owner_label":"오산시","manager":"","property_class":"","land_category":"대","area_sqm":163.0,"area_band":"100~500㎡","interest_category":"대","solar_candidate":"검토필요","candidate_reason":"청사·공공건축물·주차장 현황 추가 확인 필요; 면적 163㎡","priority_score":40,"source":"경기부동산포털 국공유지조회·연속지적도","source_date":"2026-08-11","installed_solar_match":false}},{"type":"Feature","id":"4137010600102720006","geometry":{"type":"Point","coordinates":[127.0390266,37.1572675]},"properties":{"pnu":"4137010600102720006","municipality_code":"41370","municipality":"오산시","district":"오산시","locality":"가장동","address":"오산시 가장동 272-6","owner_type":"시·군유지","owner_label":"오산시","manager":"","property_class":"","land_category":"대","area_sqm":161.0,"area_band":"100~500㎡","interest_category":"대","solar_candidate":"검토필요","candidate_reason":"청사·공공건축물·주차장 현황 추가 확인 필요; 면적 161㎡","priority_score":40,"source":"경기부동산포털 국공유지조회·연속지적도","source_date":"2026-08-11","installed_solar_match":false}},{"type":"Feature","id":"4137010500100520009","geometry":{"type":"Point","coordinates":[127.0576603,37.1547007]},"properties":{"pnu":"4137010500100520009","municipality_code":"41370","municipality":"오산시","district":"오산시","locality":"청학동","address":"오산시 청학동 52-9","owner_type":"시·군유지","owner_label":"오산시","manager":"","property_class":"","land_category":"대","area_sqm":160.6,"area_band":"100~500㎡","interest_category":"대","solar_candidate":"검토필요","candidate_reason":"청사·공공건축물·주차장 현황 추가 확인 필요; 면적 161㎡","priority_score":40,"source":"경기부동산포털 국공유지조회·연속지적도","source_date":"2026-08-11","installed_solar_match":false}},{"type":"Feature","id":"4137011600102610003","geometry":{"type":"Point","coordinates":[127.0376531,37.1504166]},"properties":{"pnu":"4137011600102610003","municipality_code":"41370","municipality":"오산시","district":"오산시","locality":"서동","address":"오산시 서동 261-3","owner_type":"시·군유지","owner_label":"오산시","manager":"","property_class":"","land_category":"대","area_sqm":160.0,"area_band":"100~500㎡","interest_category":"대","solar_candidate":"검토필요","candidate_reason":"청사·공공건축물·주차장 현황 추가 확인 필요; 면적 160㎡","priority_score":40,"source":"경기부동산포털 국공유지조회·연속지적도","source_date":"2026-08-11","installed_solar_match":false}},{"type":"Feature","id":"4137011300104850001","geometry":{"type":"Point","coordinates":[127.036521,37.1843385]},"properties":{"pnu":"4137011300104850001","municipality_code":"41370","municipality":"오산시","district":"오산시","locality":"세교동","address":"오산시 세교동 485-1","owner_type":"시·군유지","owner_label":"오산시","manager":"","property_class":"","land_category":"대","area_sqm":158.6,"area_band":"100~500㎡","interest_category":"대","solar_candidate":"검토필요","candidate_reason":"청사·공공건축물·주차장 현황 추가 확인 필요; 면적 159㎡","priority_score":40,"source":"경기부동산포털 국공유지조회·연속지적도","source_date":"2026-08-11","installed_solar_match":false}},{"type":"Feature","id":"4137011700100990005","geometry":{"type":"Point","coordinates":[127.037358,37.141455]},"properties":{"pnu":"4137011700100990005","municipality_code":"41370","municipality":"오산시","district":"오산시","locality":"벌음동","address":"오산시 벌음동 99-5","owner_type":"시·군유지","owner_label":"오산시","manager":"","property_class":"","land_category":"대","area_sqm":156.0,"area_band":"100~500㎡","interest_category":"대","solar_candidate":"검토필요","candidate_reason":"청사·공공건축물·주차장 현황 추가 확인 필요; 면적 156㎡","priority_score":40,"source":"경기부동산포털 국공유지조회·연속지적도","source_date":"2026-08-11","installed_solar_match":false}},{"type":"Feature","id":"4137010100108850036","geometry":{"type":"Point","coordinates":[127.0672934,37.1423597]},"properties":{"pnu":"4137010100108850036","municipality_code":"41370","municipality":"오산시","district":"오산시","locality":"오산동","address":"오산시 오산동 885-36","owner_type":"시·군유지","owner_label":"오산시","manager":"","property_class":"","land_category":"대","area_sqm":155.1,"area_band":"100~500㎡","interest_category":"대","solar_candidate":"검토필요","candidate_reason":"청사·공공건축물·주차장 현황 추가 확인 필요; 면적 155㎡","priority_score":40,"source":"경기부동산포털 국공유지조회·연속지적도","source_date":"2026-08-11","installed_solar_match":false}},{"type":"Feature","id":"4137010100103820001","geometry":{"type":"Point","coordinates":[127.0695488,37.1546898]},"properties":{"pnu":"4137010100103820001","municipality_code":"41370","municipality":"오산시","district":"오산시","locality":"오산동","address":"오산시 오산동 382-1","owner_type":"시·군유지","owner_label":"오산시","manager":"","property_class":"","land_category":"대","area_sqm":152.0,"area_band":"100~500㎡","interest_category":"대","solar_candidate":"검토필요","candidate_reason":"청사·공공건축물·주차장 현황 추가 확인 필요; 면적 152㎡","priority_score":40,"source":"경기부동산포털 국공유지조회·연속지적도","source_date":"2026-08-11","installed_solar_match":false}},{"type":"Feature","id":"4137011000101700004","geometry":{"type":"Point","coordinates":[127.0698506,37.1766303]},"properties":{"pnu":"4137011000101700004","municipality_code":"41370","municipality":"오산시","district":"오산시","locality":"내삼미동","address":"오산시 내삼미동 170-4","owner_type":"시·군유지","owner_label":"오산시","manager":"","property_class":"","land_category":"대","area_sqm":152.0,"area_band":"100~500㎡","interest_category":"대","solar_candidate":"검토필요","candidate_reason":"청사·공공건축물·주차장 현황 추가 확인 필요; 면적 152㎡","priority_score":40,"source":"경기부동산포털 국공유지조회·연속지적도","source_date":"2026-08-11","installed_solar_match":false}},{"type":"Feature","id":"4137010100108850039","geometry":{"type":"Point","coordinates":[127.0675551,37.1423751]},"properties":{"pnu":"4137010100108850039","municipality_code":"41370","municipality":"오산시","district":"오산시","locality":"오산동","address":"오산시 오산동 885-39","owner_type":"시·군유지","owner_label":"오산시","manager":"","property_class":"","land_category":"대","area_sqm":151.7,"area_band":"100~500㎡","interest_category":"대","solar_candidate":"검토필요","candidate_reason":"청사·공공건축물·주차장 현황 추가 확인 필요; 면적 152㎡","priority_score":40,"source":"경기부동산포털 국공유지조회·연속지적도","source_date":"2026-08-11","installed_solar_match":false}},{"type":"Feature","id":"4137010800100100067","geometry":{"type":"Point","coordinates":[127.070096,37.1676002]},"properties":{"pnu":"4137010800100100067","municipality_code":"41370","municipality":"오산시","district":"오산시","locality":"수청동","address":"오산시 수청동 10-67","owner_type":"시·군유지","owner_label":"오산시","manager":"","property_class":"","land_category":"대","area_sqm":149.0,"area_band":"100~500㎡","interest_category":"대","solar_candidate":"검토필요","candidate_reason":"청사·공공건축물·주차장 현황 추가 확인 필요; 면적 149㎡","priority_score":40,"source":"경기부동산포털 국공유지조회·연속지적도","source_date":"2026-08-11","installed_solar_match":false}},{"type":"Feature","id":"4137010100103150011","geometry":{"type":"Point","coordinates":[127.070842,37.1531721]},"properties":{"pnu":"4137010100103150011","municipality_code":"41370","municipality":"오산시","district":"오산시","locality":"오산동","address":"오산시 오산동 315-11","owner_type":"시·군유지","owner_label":"오산시","manager":"","property_class":"","land_category":"대","area_sqm":146.0,"area_band":"100~500㎡","interest_category":"대","solar_candidate":"검토필요","candidate_reason":"청사·공공건축물·주차장 현황 추가 확인 필요; 면적 146㎡","priority_score":40,"source":"경기부동산포털 국공유지조회·연속지적도","source_date":"2026-08-11","installed_solar_match":false}},{"type":"Feature","id":"4137010400100750029","geometry":{"type":"Point","coordinates":[127.0668472,37.1570708]},"properties":{"pnu":"4137010400100750029","municipality_code":"41370","municipality":"오산시","district":"오산시","locality":"궐동","address":"오산시 궐동 75-29","owner_type":"시·군유지","owner_label":"오산시","manager":"","property_class":"","land_category":"대","area_sqm":146.0,"area_band":"100~500㎡","interest_category":"대","solar_candidate":"검토필요","candidate_reason":"청사·공공건축물·주차장 현황 추가 확인 필요; 면적 146㎡","priority_score":40,"source":"경기부동산포털 국공유지조회·연속지적도","source_date":"2026-08-11","installed_solar_match":true,"installed_solar_count":1,"installed_solar_area_sqm":13.7,"installed_solar_analysis_years":["2024"],"installed_solar_types":["개인주택"],"installed_solar_permit_status_counts":{"N":1}}},{"type":"Feature","id":"4137011600104430001","geometry":{"type":"Point","coordinates":[127.0333102,37.152804]},"properties":{"pnu":"4137011600104430001","municipality_code":"41370","municipality":"오산시","district":"오산시","locality":"서동","address":"오산시 서동 443-1","owner_type":"시·군유지","owner_label":"오산시","manager":"","property_class":"","land_category":"대","area_sqm":146.0,"area_band":"100~500㎡","interest_category":"대","solar_candidate":"검토필요","candidate_reason":"청사·공공건축물·주차장 현황 추가 확인 필요; 면적 146㎡","priority_score":40,"source":"경기부동산포털 국공유지조회·연속지적도","source_date":"2026-08-11","installed_solar_match":false}},{"type":"Feature","id":"4137010300105670005","geometry":{"type":"Point","coordinates":[127.0780124,37.1414335]},"properties":{"pnu":"4137010300105670005","municipality_code":"41370","municipality":"오산시","district":"오산시","locality":"원동","address":"오산시 원동 567-5","owner_type":"시·군유지","owner_label":"오산시","manager":"","property_class":"","land_category":"대","area_sqm":143.0,"area_band":"100~500㎡","interest_category":"대","solar_candidate":"검토필요","candidate_reason":"청사·공공건축물·주차장 현황 추가 확인 필요; 면적 143㎡","priority_score":40,"source":"경기부동산포털 국공유지조회·연속지적도","source_date":"2026-08-11","installed_solar_match":false}},{"type":"Feature","id":"4137010200104920016","geometry":{"type":"Point","coordinates":[127.0889862,37.151933]},"properties":{"pnu":"4137010200104920016","municipality_code":"41370","municipality":"오산시","district":"오산시","locality":"부산동","address":"오산시 부산동 492-16","owner_type":"시·군유지","owner_label":"오산시","manager":"","property_class":"","land_category":"대","area_sqm":142.6,"area_band":"100~500㎡","interest_category":"대","solar_candidate":"검토필요","candidate_reason":"청사·공공건축물·주차장 현황 추가 확인 필요; 면적 143㎡","priority_score":40,"source":"경기부동산포털 국공유지조회·연속지적도","source_date":"2026-08-11","installed_solar_match":false}},{"type":"Feature","id":"4137010100108850037","geometry":{"type":"Point","coordinates":[127.0676995,37.1423832]},"properties":{"pnu":"4137010100108850037","municipality_code":"41370","municipality":"오산시","district":"오산시","locality":"오산동","address":"오산시 오산동 885-37","owner_type":"시·군유지","owner_label":"오산시","manager":"","property_class":"","land_category":"대","area_sqm":141.0,"area_band":"100~500㎡","interest_category":"대","solar_candidate":"검토필요","candidate_reason":"청사·공공건축물·주차장 현황 추가 확인 필요; 면적 141㎡","priority_score":40,"source":"경기부동산포털 국공유지조회·연속지적도","source_date":"2026-08-11","installed_solar_match":false}},{"type":"Feature","id":"4137011600104280003","geometry":{"type":"Point","coordinates":[127.0327431,37.1522258]},"properties":{"pnu":"4137011600104280003","municipality_code":"41370","municipality":"오산시","district":"오산시","locality":"서동","address":"오산시 서동 428-3","owner_type":"시·군유지","owner_label":"오산시","manager":"","property_class":"","land_category":"대","area_sqm":140.0,"area_band":"100~500㎡","interest_category":"대","solar_candidate":"검토필요","candidate_reason":"청사·공공건축물·주차장 현황 추가 확인 필요; 면적 140㎡","priority_score":40,"source":"경기부동산포털 국공유지조회·연속지적도","source_date":"2026-08-11","installed_solar_match":false}},{"type":"Feature","id":"4137010100107170012","geometry":{"type":"Point","coordinates":[127.0685048,37.1415482]},"properties":{"pnu":"4137010100107170012","municipality_code":"41370","municipality":"오산시","district":"오산시","locality":"오산동","address":"오산시 오산동 717-12","owner_type":"시·군유지","owner_label":"오산시","manager":"","property_class":"","land_category":"대","area_sqm":138.0,"area_band":"100~500㎡","interest_category":"대","solar_candidate":"검토필요","candidate_reason":"청사·공공건축물·주차장 현황 추가 확인 필요; 면적 138㎡","priority_score":40,"source":"경기부동산포털 국공유지조회·연속지적도","source_date":"2026-08-11","installed_solar_match":false}},{"type":"Feature","id":"4137012100103830010","geometry":{"type":"Point","coordinates":[127.0615003,37.1426978]},"properties":{"pnu":"4137012100103830010","municipality_code":"41370","municipality":"오산시","district":"오산시","locality":"가수동","address":"오산시 가수동 383-10","owner_type":"시·군유지","owner_label":"오산시","manager":"","property_class":"","land_category":"대","area_sqm":136.0,"area_band":"100~500㎡","interest_category":"대","solar_candidate":"검토필요","candidate_reason":"청사·공공건축물·주차장 현황 추가 확인 필요; 면적 136㎡","priority_score":40,"source":"경기부동산포털 국공유지조회·연속지적도","source_date":"2026-08-11","installed_solar_match":false}},{"type":"Feature","id":"4137011300105040010","geometry":{"type":"Point","coordinates":[127.0363657,37.184516]},"properties":{"pnu":"4137011300105040010","municipality_code":"41370","municipality":"오산시","district":"오산시","locality":"세교동","address":"오산시 세교동 504-10","owner_type":"시·군유지","owner_label":"오산시","manager":"","property_class":"","land_category":"대","area_sqm":134.5,"area_band":"100~500㎡","interest_category":"대","solar_candidate":"검토필요","candidate_reason":"청사·공공건축물·주차장 현황 추가 확인 필요; 면적 134㎡","priority_score":40,"source":"경기부동산포털 국공유지조회·연속지적도","source_date":"2026-08-11","installed_solar_match":false}},{"type":"Feature","id":"4137011300105490008","geometry":{"type":"Point","coordinates":[127.0345434,37.1843023]},"properties":{"pnu":"4137011300105490008","municipality_code":"41370","municipality":"오산시","district":"오산시","locality":"세교동","address":"오산시 세교동 549-8","owner_type":"시·군유지","owner_label":"오산시","manager":"","property_class":"","land_category":"대","area_sqm":130.3,"area_band":"100~500㎡","interest_category":"대","solar_candidate":"검토필요","candidate_reason":"청사·공공건축물·주차장 현황 추가 확인 필요; 면적 130㎡","priority_score":40,"source":"경기부동산포털 국공유지조회·연속지적도","source_date":"2026-08-11","installed_solar_match":false}},{"type":"Feature","id":"4137011600101250017","geometry":{"type":"Point","coordinates":[127.0436855,37.1441923]},"properties":{"pnu":"4137011600101250017","municipality_code":"41370","municipality":"오산시","district":"오산시","locality":"서동","address":"오산시 서동 125-17","owner_type":"시·군유지","owner_label":"오산시","manager":"","property_class":"","land_category":"대","area_sqm":130.0,"area_band":"100~500㎡","interest_category":"대","solar_candidate":"검토필요","candidate_reason":"청사·공공건축물·주차장 현황 추가 확인 필요; 면적 130㎡","priority_score":40,"source":"경기부동산포털 국공유지조회·연속지적도","source_date":"2026-08-11","installed_solar_match":false}},{"type":"Feature","id":"4137010600101920001","geometry":{"type":"Point","coordinates":[127.0345025,37.1592611]},"properties":{"pnu":"4137010600101920001","municipality_code":"41370","municipality":"오산시","district":"오산시","locality":"가장동","address":"오산시 가장동 192-1","owner_type":"시·군유지","owner_label":"오산시","manager":"","property_class":"","land_category":"대","area_sqm":129.0,"area_band":"100~500㎡","interest_category":"대","solar_candidate":"검토필요","candidate_reason":"청사·공공건축물·주차장 현황 추가 확인 필요; 면적 129㎡","priority_score":40,"source":"경기부동산포털 국공유지조회·연속지적도","source_date":"2026-08-11","installed_solar_match":false}},{"type":"Feature","id":"4137010300108560000","geometry":{"type":"Point","coordinates":[127.0690313,37.1367045]},"properties":{"pnu":"4137010300108560000","municipality_code":"41370","municipality":"오산시","district":"오산시","locality":"원동","address":"오산시 원동 856","owner_type":"시·군유지","owner_label":"오산시","manager":"","property_class":"","land_category":"대","area_sqm":128.7,"area_band":"100~500㎡","interest_category":"대","solar_candidate":"검토필요","candidate_reason":"청사·공공건축물·주차장 현황 추가 확인 필요; 면적 129㎡","priority_score":40,"source":"경기부동산포털 국공유지조회·연속지적도","source_date":"2026-08-11","installed_solar_match":false}},{"type":"Feature","id":"4137010100108220106","geometry":{"type":"Point","coordinates":[127.0760796,37.1596268]},"properties":{"pnu":"4137010100108220106","municipality_code":"41370","municipality":"오산시","district":"오산시","locality":"오산동","address":"오산시 오산동 822-106","owner_type":"시·군유지","owner_label":"오산시","manager":"","property_class":"","land_category":"대","area_sqm":127.0,"area_band":"100~500㎡","interest_category":"대","solar_candidate":"검토필요","candidate_reason":"청사·공공건축물·주차장 현황 추가 확인 필요; 면적 127㎡","priority_score":40,"source":"경기부동산포털 국공유지조회·연속지적도","source_date":"2026-08-11","installed_solar_match":false}},{"type":"Feature","id":"4137011100101340007","geometry":{"type":"Point","coordinates":[127.0612711,37.1984521]},"properties":{"pnu":"4137011100101340007","municipality_code":"41370","municipality":"오산시","district":"오산시","locality":"외삼미동","address":"오산시 외삼미동 134-7","owner_type":"시·군유지","owner_label":"오산시","manager":"","property_class":"","land_category":"대","area_sqm":127.0,"area_band":"100~500㎡","interest_category":"대","solar_candidate":"검토필요","candidate_reason":"청사·공공건축물·주차장 현황 추가 확인 필요; 면적 127㎡","priority_score":40,"source":"경기부동산포털 국공유지조회·연속지적도","source_date":"2026-08-11","installed_solar_match":false}},{"type":"Feature","id":"4137010100107170011","geometry":{"type":"Point","coordinates":[127.0685243,37.1412038]},"properties":{"pnu":"4137010100107170011","municipality_code":"41370","municipality":"오산시","district":"오산시","locality":"오산동","address":"오산시 오산동 717-11","owner_type":"시·군유지","owner_label":"오산시","manager":"","property_class":"","land_category":"대","area_sqm":126.7,"area_band":"100~500㎡","interest_category":"대","solar_candidate":"검토필요","candidate_reason":"청사·공공건축물·주차장 현황 추가 확인 필요; 면적 127㎡","priority_score":40,"source":"경기부동산포털 국공유지조회·연속지적도","source_date":"2026-08-11","installed_solar_match":false}},{"type":"Feature","id":"4137010100108160026","geometry":{"type":"Point","coordinates":[127.0637801,37.1478439]},"properties":{"pnu":"4137010100108160026","municipality_code":"41370","municipality":"오산시","district":"오산시","locality":"오산동","address":"오산시 오산동 816-26","owner_type":"시·군유지","owner_label":"오산시","manager":"","property_class":"","land_category":"대","area_sqm":126.0,"area_band":"100~500㎡","interest_category":"대","solar_candidate":"검토필요","candidate_reason":"청사·공공건축물·주차장 현황 추가 확인 필요; 면적 126㎡","priority_score":40,"source":"경기부동산포털 국공유지조회·연속지적도","source_date":"2026-08-11","installed_solar_match":false}},{"type":"Feature","id":"4137010300103500007","geometry":{"type":"Point","coordinates":[127.0712488,37.1415807]},"properties":{"pnu":"4137010300103500007","municipality_code":"41370","municipality":"오산시","district":"오산시","locality":"원동","address":"오산시 원동 350-7","owner_type":"시·군유지","owner_label":"오산시","manager":"","property_class":"","land_category":"대","area_sqm":125.0,"area_band":"100~500㎡","interest_category":"대","solar_candidate":"검토필요","candidate_reason":"청사·공공건축물·주차장 현황 추가 확인 필요; 면적 125㎡","priority_score":40,"source":"경기부동산포털 국공유지조회·연속지적도","source_date":"2026-08-11","installed_solar_match":false}},{"type":"Feature","id":"4137010300105760009","geometry":{"type":"Point","coordinates":[127.0785446,37.1373702]},"properties":{"pnu":"4137010300105760009","municipality_code":"41370","municipality":"오산시","district":"오산시","locality":"원동","address":"오산시 원동 576-9","owner_type":"시·군유지","owner_label":"오산시","manager":"","property_class":"","land_category":"대","area_sqm":125.0,"area_band":"100~500㎡","interest_category":"대","solar_candidate":"검토필요","candidate_reason":"청사·공공건축물·주차장 현황 추가 확인 필요; 면적 125㎡","priority_score":40,"source":"경기부동산포털 국공유지조회·연속지적도","source_date":"2026-08-11","installed_solar_match":false}},{"type":"Feature","id":"4137010100108160027","geometry":{"type":"Point","coordinates":[127.0638312,37.1477585]},"properties":{"pnu":"4137010100108160027","municipality_code":"41370","municipality":"오산시","district":"오산시","locality":"오산동","address":"오산시 오산동 816-27","owner_type":"시·군유지","owner_label":"오산시","manager":"","property_class":"","land_category":"대","area_sqm":124.0,"area_band":"100~500㎡","interest_category":"대","solar_candidate":"검토필요","candidate_reason":"청사·공공건축물·주차장 현황 추가 확인 필요; 면적 124㎡","priority_score":40,"source":"경기부동산포털 국공유지조회·연속지적도","source_date":"2026-08-11","installed_solar_match":false}},{"type":"Feature","id":"4137011600100050013","geometry":{"type":"Point","coordinates":[127.0439153,37.1561386]},"properties":{"pnu":"4137011600100050013","municipality_code":"41370","municipality":"오산시","district":"오산시","locality":"서동","address":"오산시 서동 5-13","owner_type":"시·군유지","owner_label":"오산시","manager":"","property_class":"","land_category":"대","area_sqm":124.0,"area_band":"100~500㎡","interest_category":"대","solar_candidate":"검토필요","candidate_reason":"청사·공공건축물·주차장 현황 추가 확인 필요; 면적 124㎡","priority_score":40,"source":"경기부동산포털 국공유지조회·연속지적도","source_date":"2026-08-11","installed_solar_match":false}},{"type":"Feature","id":"4137010900100660000","geometry":{"type":"Point","coordinates":[127.0699521,37.1613517]},"properties":{"pnu":"4137010900100660000","municipality_code":"41370","municipality":"오산시","district":"오산시","locality":"은계동","address":"오산시 은계동 66","owner_type":"시·군유지","owner_label":"오산시","manager":"","property_class":"","land_category":"대","area_sqm":123.0,"area_band":"100~500㎡","interest_category":"대","solar_candidate":"검토필요","candidate_reason":"청사·공공건축물·주차장 현황 추가 확인 필요; 면적 123㎡","priority_score":40,"source":"경기부동산포털 국공유지조회·연속지적도","source_date":"2026-08-11","installed_solar_match":false}},{"type":"Feature","id":"4137011300100890018","geometry":{"type":"Point","coordinates":[127.0383471,37.1908689]},"properties":{"pnu":"4137011300100890018","municipality_code":"41370","municipality":"오산시","district":"오산시","locality":"세교동","address":"오산시 세교동 89-18","owner_type":"시·군유지","owner_label":"오산시","manager":"","property_class":"","land_category":"대","area_sqm":123.0,"area_band":"100~500㎡","interest_category":"대","solar_candidate":"검토필요","candidate_reason":"청사·공공건축물·주차장 현황 추가 확인 필요; 면적 123㎡","priority_score":40,"source":"경기부동산포털 국공유지조회·연속지적도","source_date":"2026-08-11","installed_solar_match":false}},{"type":"Feature","id":"4137010100104170003","geometry":{"type":"Point","coordinates":[127.0674216,37.1530208]},"properties":{"pnu":"4137010100104170003","municipality_code":"41370","municipality":"오산시","district":"오산시","locality":"오산동","address":"오산시 오산동 417-3","owner_type":"시·군유지","owner_label":"오산시","manager":"","property_class":"","land_category":"대","area_sqm":122.0,"area_band":"100~500㎡","interest_category":"대","solar_candidate":"검토필요","candidate_reason":"청사·공공건축물·주차장 현황 추가 확인 필요; 면적 122㎡","priority_score":40,"source":"경기부동산포털 국공유지조회·연속지적도","source_date":"2026-08-11","installed_solar_match":false}},{"type":"Feature","id":"4137010400100480009","geometry":{"type":"Point","coordinates":[127.0684698,37.1582805]},"properties":{"pnu":"4137010400100480009","municipality_code":"41370","municipality":"오산시","district":"오산시","locality":"궐동","address":"오산시 궐동 48-9","owner_type":"시·군유지","owner_label":"오산시","manager":"","property_class":"","land_category":"대","area_sqm":122.0,"area_band":"100~500㎡","interest_category":"대","solar_candidate":"검토필요","candidate_reason":"청사·공공건축물·주차장 현황 추가 확인 필요; 면적 122㎡","priority_score":40,"source":"경기부동산포털 국공유지조회·연속지적도","source_date":"2026-08-11","installed_solar_match":false}},{"type":"Feature","id":"4137010300108310000","geometry":{"type":"Point","coordinates":[127.0687744,37.141686]},"properties":{"pnu":"4137010300108310000","municipality_code":"41370","municipality":"오산시","district":"오산시","locality":"원동","address":"오산시 원동 831","owner_type":"시·군유지","owner_label":"오산시","manager":"","property_class":"","land_category":"대","area_sqm":121.8,"area_band":"100~500㎡","interest_category":"대","solar_candidate":"검토필요","candidate_reason":"청사·공공건축물·주차장 현황 추가 확인 필요; 면적 122㎡","priority_score":40,"source":"경기부동산포털 국공유지조회·연속지적도","source_date":"2026-08-11","installed_solar_match":false}},{"type":"Feature","id":"4137010400102560000","geometry":{"type":"Point","coordinates":[127.0577162,37.161528]},"properties":{"pnu":"4137010400102560000","municipality_code":"41370","municipality":"오산시","district":"오산시","locality":"궐동","address":"오산시 궐동 256","owner_type":"시·군유지","owner_label":"오산시","manager":"","property_class":"","land_category":"대","area_sqm":121.0,"area_band":"100~500㎡","interest_category":"대","solar_candidate":"검토필요","candidate_reason":"청사·공공건축물·주차장 현황 추가 확인 필요; 면적 121㎡","priority_score":40,"source":"경기부동산포털 국공유지조회·연속지적도","source_date":"2026-08-11","installed_solar_match":false}},{"type":"Feature","id":"4137011000101590006","geometry":{"type":"Point","coordinates":[127.0689553,37.17626]},"properties":{"pnu":"4137011000101590006","municipality_code":"41370","municipality":"오산시","district":"오산시","locality":"내삼미동","address":"오산시 내삼미동 159-6","owner_type":"시·군유지","owner_label":"오산시","manager":"","property_class":"","land_category":"대","area_sqm":121.0,"area_band":"100~500㎡","interest_category":"대","solar_candidate":"검토필요","candidate_reason":"청사·공공건축물·주차장 현황 추가 확인 필요; 면적 121㎡","priority_score":40,"source":"경기부동산포털 국공유지조회·연속지적도","source_date":"2026-08-11","installed_solar_match":false}},{"type":"Feature","id":"4137010100103150010","geometry":{"type":"Point","coordinates":[127.070804,37.153068]},"properties":{"pnu":"4137010100103150010","municipality_code":"41370","municipality":"오산시","district":"오산시","locality":"오산동","address":"오산시 오산동 315-10","owner_type":"시·군유지","owner_label":"오산시","manager":"","property_class":"","land_category":"대","area_sqm":120.0,"area_band":"100~500㎡","interest_category":"대","solar_candidate":"검토필요","candidate_reason":"청사·공공건축물·주차장 현황 추가 확인 필요; 면적 120㎡","priority_score":40,"source":"경기부동산포털 국공유지조회·연속지적도","source_date":"2026-08-11","installed_solar_match":false}},{"type":"Feature","id":"4137011200102780008","geometry":{"type":"Point","coordinates":[127.0286525,37.1949767]},"properties":{"pnu":"4137011200102780008","municipality_code":"41370","municipality":"오산시","district":"오산시","locality":"양산동","address":"오산시 양산동 278-8","owner_type":"시·군유지","owner_label":"오산시","manager":"","property_class":"","land_category":"대","area_sqm":119.0,"area_band":"100~500㎡","interest_category":"대","solar_candidate":"검토필요","candidate_reason":"청사·공공건축물·주차장 현황 추가 확인 필요; 면적 119㎡","priority_score":40,"source":"경기부동산포털 국공유지조회·연속지적도","source_date":"2026-08-11","installed_solar_match":false}},{"type":"Feature","id":"4137011600102630005","geometry":{"type":"Point","coordinates":[127.0381968,37.1505654]},"properties":{"pnu":"4137011600102630005","municipality_code":"41370","municipality":"오산시","district":"오산시","locality":"서동","address":"오산시 서동 263-5","owner_type":"시·군유지","owner_label":"오산시","manager":"","property_class":"","land_category":"대","area_sqm":116.0,"area_band":"100~500㎡","interest_category":"대","solar_candidate":"검토필요","candidate_reason":"청사·공공건축물·주차장 현황 추가 확인 필요; 면적 116㎡","priority_score":40,"source":"경기부동산포털 국공유지조회·연속지적도","source_date":"2026-08-11","installed_solar_match":false}},{"type":"Feature","id":"4137011300103820005","geometry":{"type":"Point","coordinates":[127.036814,37.1875227]},"properties":{"pnu":"4137011300103820005","municipality_code":"41370","municipality":"오산시","district":"오산시","locality":"세교동","address":"오산시 세교동 382-5","owner_type":"시·군유지","owner_label":"오산시","manager":"","property_class":"","land_category":"대","area_sqm":115.2,"area_band":"100~500㎡","interest_category":"대","solar_candidate":"검토필요","candidate_reason":"청사·공공건축물·주차장 현황 추가 확인 필요; 면적 115㎡","priority_score":40,"source":"경기부동산포털 국공유지조회·연속지적도","source_date":"2026-08-11","installed_solar_match":false}},{"type":"Feature","id":"4137011000102590004","geometry":{"type":"Point","coordinates":[127.0633701,37.1764204]},"properties":{"pnu":"4137011000102590004","municipality_code":"41370","municipality":"오산시","district":"오산시","locality":"내삼미동","address":"오산시 내삼미동 259-4","owner_type":"시·군유지","owner_label":"오산시","manager":"","property_class":"","land_category":"대","area_sqm":115.0,"area_band":"100~500㎡","interest_category":"대","solar_candidate":"검토필요","candidate_reason":"청사·공공건축물·주차장 현황 추가 확인 필요; 면적 115㎡","priority_score":40,"source":"경기부동산포털 국공유지조회·연속지적도","source_date":"2026-08-11","installed_solar_match":false}},{"type":"Feature","id":"4137011400102370002","geometry":{"type":"Point","coordinates":[127.0253403,37.1787146]},"properties":{"pnu":"4137011400102370002","municipality_code":"41370","municipality":"오산시","district":"오산시","locality":"지곶동","address":"오산시 지곶동 237-2","owner_type":"시·군유지","owner_label":"오산시","manager":"","property_class":"","land_category":"대","area_sqm":113.5,"area_band":"100~500㎡","interest_category":"대","solar_candidate":"검토필요","candidate_reason":"청사·공공건축물·주차장 현황 추가 확인 필요; 면적 114㎡","priority_score":40,"source":"경기부동산포털 국공유지조회·연속지적도","source_date":"2026-08-11","installed_solar_match":false}},{"type":"Feature","id":"4137010100104730009","geometry":{"type":"Point","coordinates":[127.0676602,37.1513994]},"properties":{"pnu":"4137010100104730009","municipality_code":"41370","municipality":"오산시","district":"오산시","locality":"오산동","address":"오산시 오산동 473-9","owner_type":"시·군유지","owner_label":"오산시","manager":"","property_class":"","land_category":"대","area_sqm":113.0,"area_band":"100~500㎡","interest_category":"대","solar_candidate":"검토필요","candidate_reason":"청사·공공건축물·주차장 현황 추가 확인 필요; 면적 113㎡","priority_score":40,"source":"경기부동산포털 국공유지조회·연속지적도","source_date":"2026-08-11","installed_solar_match":false}},{"type":"Feature","id":"4137011700100540011","geometry":{"type":"Point","coordinates":[127.0365652,37.1414809]},"properties":{"pnu":"4137011700100540011","municipality_code":"41370","municipality":"오산시","district":"오산시","locality":"벌음동","address":"오산시 벌음동 54-11","owner_type":"시·군유지","owner_label":"오산시","manager":"","property_class":"","land_category":"대","area_sqm":113.0,"area_band":"100~500㎡","interest_category":"대","solar_candidate":"검토필요","candidate_reason":"청사·공공건축물·주차장 현황 추가 확인 필요; 면적 113㎡","priority_score":40,"source":"경기부동산포털 국공유지조회·연속지적도","source_date":"2026-08-11","installed_solar_match":false}},{"type":"Feature","id":"4137010300104040002","geometry":{"type":"Point","coordinates":[127.0690071,37.1365395]},"properties":{"pnu":"4137010300104040002","municipality_code":"41370","municipality":"오산시","district":"오산시","locality":"원동","address":"오산시 원동 404-2","owner_type":"시·군유지","owner_label":"오산시","manager":"","property_class":"","land_category":"대","area_sqm":112.3,"area_band":"100~500㎡","interest_category":"대","solar_candidate":"검토필요","candidate_reason":"청사·공공건축물·주차장 현황 추가 확인 필요; 면적 112㎡","priority_score":40,"source":"경기부동산포털 국공유지조회·연속지적도","source_date":"2026-08-11","installed_solar_match":false}},{"type":"Feature","id":"4137010600102840001","geometry":{"type":"Point","coordinates":[127.0379875,37.1572359]},"properties":{"pnu":"4137010600102840001","municipality_code":"41370","municipality":"오산시","district":"오산시","locality":"가장동","address":"오산시 가장동 284-1","owner_type":"시·군유지","owner_label":"오산시","manager":"","property_class":"","land_category":"대","area_sqm":111.0,"area_band":"100~500㎡","interest_category":"대","solar_candidate":"검토필요","candidate_reason":"청사·공공건축물·주차장 현황 추가 확인 필요; 면적 111㎡","priority_score":40,"source":"경기부동산포털 국공유지조회·연속지적도","source_date":"2026-08-11","installed_solar_match":false}},{"type":"Feature","id":"4137010400100260029","geometry":{"type":"Point","coordinates":[127.0690826,37.1604015]},"properties":{"pnu":"4137010400100260029","municipality_code":"41370","municipality":"오산시","district":"오산시","locality":"궐동","address":"오산시 궐동 26-29","owner_type":"시·군유지","owner_label":"오산시","manager":"","property_class":"","land_category":"대","area_sqm":109.0,"area_band":"100~500㎡","interest_category":"대","solar_candidate":"검토필요","candidate_reason":"청사·공공건축물·주차장 현황 추가 확인 필요; 면적 109㎡","priority_score":40,"source":"경기부동산포털 국공유지조회·연속지적도","source_date":"2026-08-11","installed_solar_match":false}},{"type":"Feature","id":"4137010600101720009","geometry":{"type":"Point","coordinates":[127.0359758,37.1593177]},"properties":{"pnu":"4137010600101720009","municipality_code":"41370","municipality":"오산시","district":"오산시","locality":"가장동","address":"오산시 가장동 172-9","owner_type":"시·군유지","owner_label":"오산시","manager":"","property_class":"","land_category":"대","area_sqm":109.0,"area_band":"100~500㎡","interest_category":"대","solar_candidate":"검토필요","candidate_reason":"청사·공공건축물·주차장 현황 추가 확인 필요; 면적 109㎡","priority_score":40,"source":"경기부동산포털 국공유지조회·연속지적도","source_date":"2026-08-11","installed_solar_match":false}},{"type":"Feature","id":"4137010300104040019","geometry":{"type":"Point","coordinates":[127.0730129,37.1379237]},"properties":{"pnu":"4137010300104040019","municipality_code":"41370","municipality":"오산시","district":"오산시","locality":"원동","address":"오산시 원동 404-19","owner_type":"시·군유지","owner_label":"오산시","manager":"","property_class":"","land_category":"대","area_sqm":108.5,"area_band":"100~500㎡","interest_category":"대","solar_candidate":"검토필요","candidate_reason":"청사·공공건축물·주차장 현황 추가 확인 필요; 면적 108㎡","priority_score":40,"source":"경기부동산포털 국공유지조회·연속지적도","source_date":"2026-08-11","installed_solar_match":false}},{"type":"Feature","id":"4137010600101860004","geometry":{"type":"Point","coordinates":[127.0347031,37.1596629]},"properties":{"pnu":"4137010600101860004","municipality_code":"41370","municipality":"오산시","district":"오산시","locality":"가장동","address":"오산시 가장동 186-4","owner_type":"시·군유지","owner_label":"오산시","manager":"","property_class":"","land_category":"대","area_sqm":106.0,"area_band":"100~500㎡","interest_category":"대","solar_candidate":"검토필요","candidate_reason":"청사·공공건축물·주차장 현황 추가 확인 필요; 면적 106㎡","priority_score":40,"source":"경기부동산포털 국공유지조회·연속지적도","source_date":"2026-08-11","installed_solar_match":false}},{"type":"Feature","id":"4137011300103810002","geometry":{"type":"Point","coordinates":[127.0368719,37.1876567]},"properties":{"pnu":"4137011300103810002","municipality_code":"41370","municipality":"오산시","district":"오산시","locality":"세교동","address":"오산시 세교동 381-2","owner_type":"시·군유지","owner_label":"오산시","manager":"","property_class":"","land_category":"대","area_sqm":106.0,"area_band":"100~500㎡","interest_category":"대","solar_candidate":"검토필요","candidate_reason":"청사·공공건축물·주차장 현황 추가 확인 필요; 면적 106㎡","priority_score":40,"source":"경기부동산포털 국공유지조회·연속지적도","source_date":"2026-08-11","installed_solar_match":false}},{"type":"Feature","id":"4137011300105560004","geometry":{"type":"Point","coordinates":[127.0327833,37.1825825]},"properties":{"pnu":"4137011300105560004","municipality_code":"41370","municipality":"오산시","district":"오산시","locality":"세교동","address":"오산시 세교동 556-4","owner_type":"시·군유지","owner_label":"오산시","manager":"","property_class":"","land_category":"대","area_sqm":105.8,"area_band":"100~500㎡","interest_category":"대","solar_candidate":"검토필요","candidate_reason":"청사·공공건축물·주차장 현황 추가 확인 필요; 면적 106㎡","priority_score":40,"source":"경기부동산포털 국공유지조회·연속지적도","source_date":"2026-08-11","installed_solar_match":false}},{"type":"Feature","id":"4137011200103060003","geometry":{"type":"Point","coordinates":[127.0244682,37.1955597]},"properties":{"pnu":"4137011200103060003","municipality_code":"41370","municipality":"오산시","district":"오산시","locality":"양산동","address":"오산시 양산동 306-3","owner_type":"시·군유지","owner_label":"오산시","manager":"","property_class":"","land_category":"대","area_sqm":102.0,"area_band":"100~500㎡","interest_category":"대","solar_candidate":"검토필요","candidate_reason":"청사·공공건축물·주차장 현황 추가 확인 필요; 면적 102㎡","priority_score":40,"source":"경기부동산포털 국공유지조회·연속지적도","source_date":"2026-08-11","installed_solar_match":false}},{"type":"Feature","id":"4137012400103040007","geometry":{"type":"Point","coordinates":[127.0745257,37.1307777]},"properties":{"pnu":"4137012400103040007","municipality_code":"41370","municipality":"오산시","district":"오산시","locality":"갈곶동","address":"오산시 갈곶동 304-7","owner_type":"시·군유지","owner_label":"오산시","manager":"","property_class":"","land_category":"공장용지","area_sqm":464.0,"area_band":"100~500㎡","interest_category":"공장용지","solar_candidate":"검토필요","candidate_reason":"지목·면적 기준 1차 검토 대상; 면적 464㎡","priority_score":37,"source":"경기부동산포털 국공유지조회·연속지적도","source_date":"2026-08-11","installed_solar_match":false}},{"type":"Feature","id":"4137012000100490007","geometry":{"type":"Point","coordinates":[127.0575229,37.1425133]},"properties":{"pnu":"4137012000100490007","municipality_code":"41370","municipality":"오산시","district":"오산시","locality":"누읍동","address":"오산시 누읍동 49-7","owner_type":"시·군유지","owner_label":"오산시","manager":"","property_class":"","land_category":"공장용지","area_sqm":423.0,"area_band":"100~500㎡","interest_category":"공장용지","solar_candidate":"검토필요","candidate_reason":"지목·면적 기준 1차 검토 대상; 면적 423㎡","priority_score":37,"source":"경기부동산포털 국공유지조회·연속지적도","source_date":"2026-08-11","installed_solar_match":false}},{"type":"Feature","id":"4137011300105510012","geometry":{"type":"Point","coordinates":[127.0342404,37.1836334]},"properties":{"pnu":"4137011300105510012","municipality_code":"41370","municipality":"오산시","district":"오산시","locality":"세교동","address":"오산시 세교동 551-12","owner_type":"시·군유지","owner_label":"오산시","manager":"","property_class":"","land_category":"공장용지","area_sqm":339.9,"area_band":"100~500㎡","interest_category":"공장용지","solar_candidate":"검토필요","candidate_reason":"지목·면적 기준 1차 검토 대상; 면적 340㎡","priority_score":37,"source":"경기부동산포털 국공유지조회·연속지적도","source_date":"2026-08-11","installed_solar_match":false}},{"type":"Feature","id":"4137011300101650004","geometry":{"type":"Point","coordinates":[127.0422261,37.1975057]},"properties":{"pnu":"4137011300101650004","municipality_code":"41370","municipality":"오산시","district":"오산시","locality":"세교동","address":"오산시 세교동 165-4","owner_type":"시·군유지","owner_label":"오산시","manager":"","property_class":"","land_category":"공장용지","area_sqm":306.0,"area_band":"100~500㎡","interest_category":"공장용지","solar_candidate":"검토필요","candidate_reason":"지목·면적 기준 1차 검토 대상; 면적 306㎡","priority_score":37,"source":"경기부동산포털 국공유지조회·연속지적도","source_date":"2026-08-11","installed_solar_match":false}},{"type":"Feature","id":"4137012100103840010","geometry":{"type":"Point","coordinates":[127.0614775,37.1420431]},"properties":{"pnu":"4137012100103840010","municipality_code":"41370","municipality":"오산시","district":"오산시","locality":"가수동","address":"오산시 가수동 384-10","owner_type":"시·군유지","owner_label":"오산시","manager":"","property_class":"","land_category":"공장용지","area_sqm":296.0,"area_band":"100~500㎡","interest_category":"공장용지","solar_candidate":"검토필요","candidate_reason":"지목·면적 기준 1차 검토 대상; 면적 296㎡","priority_score":37,"source":"경기부동산포털 국공유지조회·연속지적도","source_date":"2026-08-11","installed_solar_match":false}},{"type":"Feature","id":"4137011100104930004","geometry":{"type":"Point","coordinates":[127.0433987,37.1973043]},"properties":{"pnu":"4137011100104930004","municipality_code":"41370","municipality":"오산시","district":"오산시","locality":"외삼미동","address":"오산시 외삼미동 493-4","owner_type":"시·군유지","owner_label":"오산시","manager":"","property_class":"","land_category":"공장용지","area_sqm":258.0,"area_band":"100~500㎡","interest_category":"공장용지","solar_candidate":"검토필요","candidate_reason":"지목·면적 기준 1차 검토 대상; 면적 258㎡","priority_score":37,"source":"경기부동산포털 국공유지조회·연속지적도","source_date":"2026-08-11","installed_solar_match":false}},{"type":"Feature","id":"4137011300103770004","geometry":{"type":"Point","coordinates":[127.0362506,37.1890942]},"properties":{"pnu":"4137011300103770004","municipality_code":"41370","municipality":"오산시","district":"오산시","locality":"세교동","address":"오산시 세교동 377-4","owner_type":"시·군유지","owner_label":"오산시","manager":"","property_class":"","land_category":"공장용지","area_sqm":242.0,"area_band":"100~500㎡","interest_category":"공장용지","solar_candidate":"검토필요","candidate_reason":"지목·면적 기준 1차 검토 대상; 면적 242㎡","priority_score":37,"source":"경기부동산포털 국공유지조회·연속지적도","source_date":"2026-08-11","installed_solar_match":false}},{"type":"Feature","id":"4137012400103170038","geometry":{"type":"Point","coordinates":[127.0753614,37.1314882]},"properties":{"pnu":"4137012400103170038","municipality_code":"41370","municipality":"오산시","district":"오산시","locality":"갈곶동","address":"오산시 갈곶동 317-38","owner_type":"시·군유지","owner_label":"오산시","manager":"","property_class":"","land_category":"공장용지","area_sqm":196.0,"area_band":"100~500㎡","interest_category":"공장용지","solar_candidate":"검토필요","candidate_reason":"지목·면적 기준 1차 검토 대상; 면적 196㎡","priority_score":37,"source":"경기부동산포털 국공유지조회·연속지적도","source_date":"2026-08-11","installed_solar_match":false}},{"type":"Feature","id":"4137010300105510007","geometry":{"type":"Point","coordinates":[127.0779444,37.1393482]},"properties":{"pnu":"4137010300105510007","municipality_code":"41370","municipality":"오산시","district":"오산시","locality":"원동","address":"오산시 원동 551-7","owner_type":"시·군유지","owner_label":"오산시","manager":"","property_class":"","land_category":"공장용지","area_sqm":145.0,"area_band":"100~500㎡","interest_category":"공장용지","solar_candidate":"검토필요","candidate_reason":"지목·면적 기준 1차 검토 대상; 면적 145㎡","priority_score":37,"source":"경기부동산포털 국공유지조회·연속지적도","source_date":"2026-08-11","installed_solar_match":false}},{"type":"Feature","id":"4137012000100490011","geometry":{"type":"Point","coordinates":[127.0581124,37.1425251]},"properties":{"pnu":"4137012000100490011","municipality_code":"41370","municipality":"오산시","district":"오산시","locality":"누읍동","address":"오산시 누읍동 49-11","owner_type":"시·군유지","owner_label":"오산시","manager":"","property_class":"","land_category":"공장용지","area_sqm":142.0,"area_band":"100~500㎡","interest_category":"공장용지","solar_candidate":"검토필요","candidate_reason":"지목·면적 기준 1차 검토 대상; 면적 142㎡","priority_score":37,"source":"경기부동산포털 국공유지조회·연속지적도","source_date":"2026-08-11","installed_solar_match":false}},{"type":"Feature","id":"4137012000100330001","geometry":{"type":"Point","coordinates":[127.0598396,37.142515]},"properties":{"pnu":"4137012000100330001","municipality_code":"41370","municipality":"오산시","district":"오산시","locality":"누읍동","address":"오산시 누읍동 33-1","owner_type":"시·군유지","owner_label":"오산시","manager":"","property_class":"","land_category":"공장용지","area_sqm":133.0,"area_band":"100~500㎡","interest_category":"공장용지","solar_candidate":"검토필요","candidate_reason":"지목·면적 기준 1차 검토 대상; 면적 133㎡","priority_score":37,"source":"경기부동산포털 국공유지조회·연속지적도","source_date":"2026-08-11","installed_solar_match":false}},{"type":"Feature","id":"4137012000100430003","geometry":{"type":"Point","coordinates":[127.0588153,37.1425061]},"properties":{"pnu":"4137012000100430003","municipality_code":"41370","municipality":"오산시","district":"오산시","locality":"누읍동","address":"오산시 누읍동 43-3","owner_type":"시·군유지","owner_label":"오산시","manager":"","property_class":"","land_category":"공장용지","area_sqm":131.0,"area_band":"100~500㎡","interest_category":"공장용지","solar_candidate":"검토필요","candidate_reason":"지목·면적 기준 1차 검토 대상; 면적 131㎡","priority_score":37,"source":"경기부동산포털 국공유지조회·연속지적도","source_date":"2026-08-11","installed_solar_match":false}},{"type":"Feature","id":"4137012400101900002","geometry":{"type":"Point","coordinates":[127.0671189,37.1278046]},"properties":{"pnu":"4137012400101900002","municipality_code":"41370","municipality":"오산시","district":"오산시","locality":"갈곶동","address":"오산시 갈곶동 190-2","owner_type":"시·군유지","owner_label":"오산시","manager":"","property_class":"","land_category":"공장용지","area_sqm":120.0,"area_band":"100~500㎡","interest_category":"공장용지","solar_candidate":"검토필요","candidate_reason":"지목·면적 기준 1차 검토 대상; 면적 120㎡","priority_score":37,"source":"경기부동산포털 국공유지조회·연속지적도","source_date":"2026-08-11","installed_solar_match":false}},{"type":"Feature","id":"4137011000105360007","geometry":{"type":"Point","coordinates":[127.0543426,37.1794726]},"properties":{"pnu":"4137011000105360007","municipality_code":"41370","municipality":"오산시","district":"오산시","locality":"내삼미동","address":"오산시 내삼미동 536-7","owner_type":"시·군유지","owner_label":"오산시","manager":"","property_class":"","land_category":"도로","area_sqm":4987.0,"area_band":"3,000~5,000㎡","interest_category":"도로","solar_candidate":"검토필요","candidate_reason":"도로점용 및 실제 이용형태 추가 검토 필요; 면적 4,987㎡","priority_score":35,"source":"경기부동산포털 국공유지조회·연속지적도","source_date":"2026-08-11","installed_solar_match":false}},{"type":"Feature","id":"4137012400100170001","geometry":{"type":"Point","coordinates":[127.0617668,37.1344565]},"properties":{"pnu":"4137012400100170001","municipality_code":"41370","municipality":"오산시","district":"오산시","locality":"갈곶동","address":"오산시 갈곶동 17-1","owner_type":"시·군유지","owner_label":"오산시","manager":"","property_class":"","land_category":"도로","area_sqm":4986.9,"area_band":"3,000~5,000㎡","interest_category":"도로","solar_candidate":"검토필요","candidate_reason":"도로점용 및 실제 이용형태 추가 검토 필요; 면적 4,987㎡","priority_score":35,"source":"경기부동산포털 국공유지조회·연속지적도","source_date":"2026-08-11","installed_solar_match":false}},{"type":"Feature","id":"4137012100104410000","geometry":{"type":"Point","coordinates":[127.0519653,37.1470765]},"properties":{"pnu":"4137012100104410000","municipality_code":"41370","municipality":"오산시","district":"오산시","locality":"가수동","address":"오산시 가수동 441","owner_type":"시·군유지","owner_label":"오산시","manager":"","property_class":"","land_category":"도로","area_sqm":4980.8,"area_band":"3,000~5,000㎡","interest_category":"도로","solar_candidate":"검토필요","candidate_reason":"도로점용 및 실제 이용형태 추가 검토 필요; 면적 4,981㎡","priority_score":35,"source":"경기부동산포털 국공유지조회·연속지적도","source_date":"2026-08-11","installed_solar_match":false}},{"type":"Feature","id":"4137011300200590002","geometry":{"type":"Point","coordinates":[127.0357953,37.1902195]},"properties":{"pnu":"4137011300200590002","municipality_code":"41370","municipality":"오산시","district":"오산시","locality":"세교동","address":"오산시 세교동 산59-2","owner_type":"시·군유지","owner_label":"오산시","manager":"","property_class":"","land_category":"도로","area_sqm":4979.0,"area_band":"3,000~5,000㎡","interest_category":"도로","solar_candidate":"검토필요","candidate_reason":"도로점용 및 실제 이용형태 추가 검토 필요; 면적 4,979㎡","priority_score":35,"source":"경기부동산포털 국공유지조회·연속지적도","source_date":"2026-08-11","installed_solar_match":false}},{"type":"Feature","id":"4137010800106060000","geometry":{"type":"Point","coordinates":[127.0599811,37.1690531]},"properties":{"pnu":"4137010800106060000","municipality_code":"41370","municipality":"오산시","district":"오산시","locality":"수청동","address":"오산시 수청동 606","owner_type":"시·군유지","owner_label":"오산시","manager":"","property_class":"","land_category":"도로","area_sqm":4958.0,"area_band":"3,000~5,000㎡","interest_category":"도로","solar_candidate":"검토필요","candidate_reason":"도로점용 및 실제 이용형태 추가 검토 필요; 면적 4,958㎡","priority_score":35,"source":"경기부동산포털 국공유지조회·연속지적도","source_date":"2026-08-11","installed_solar_match":false}},{"type":"Feature","id":"4137010500103130000","geometry":{"type":"Point","coordinates":[127.0519475,37.1471716]},"properties":{"pnu":"4137010500103130000","municipality_code":"41370","municipality":"오산시","district":"오산시","locality":"청학동","address":"오산시 청학동 313","owner_type":"시·군유지","owner_label":"오산시","manager":"","property_class":"","land_category":"도로","area_sqm":4943.1,"area_band":"3,000~5,000㎡","interest_category":"도로","solar_candidate":"검토필요","candidate_reason":"도로점용 및 실제 이용형태 추가 검토 필요; 면적 4,943㎡","priority_score":35,"source":"경기부동산포털 국공유지조회·연속지적도","source_date":"2026-08-11","installed_solar_match":false}},{"type":"Feature","id":"4137010300107950000","geometry":{"type":"Point","coordinates":[127.0696422,37.1445101]},"properties":{"pnu":"4137010300107950000","municipality_code":"41370","municipality":"오산시","district":"오산시","locality":"원동","address":"오산시 원동 795","owner_type":"시·군유지","owner_label":"오산시","manager":"","property_class":"","land_category":"도로","area_sqm":4927.4,"area_band":"3,000~5,000㎡","interest_category":"도로","solar_candidate":"검토필요","candidate_reason":"도로점용 및 실제 이용형태 추가 검토 필요; 면적 4,927㎡","priority_score":35,"source":"경기부동산포털 국공유지조회·연속지적도","source_date":"2026-08-11","installed_solar_match":false}},{"type":"Feature","id":"4137010200107990000","geometry":{"type":"Point","coordinates":[127.0880513,37.1497528]},"properties":{"pnu":"4137010200107990000","municipality_code":"41370","municipality":"오산시","district":"오산시","locality":"부산동","address":"오산시 부산동 799","owner_type":"시·군유지","owner_label":"오산시","manager":"","property_class":"","land_category":"도로","area_sqm":4923.2,"area_band":"3,000~5,000㎡","interest_category":"도로","solar_candidate":"검토필요","candidate_reason":"도로점용 및 실제 이용형태 추가 검토 필요; 면적 4,923㎡","priority_score":35,"source":"경기부동산포털 국공유지조회·연속지적도","source_date":"2026-08-11","installed_solar_match":false}},{"type":"Feature","id":"4137010300108170000","geometry":{"type":"Point","coordinates":[127.0744729,37.1475483]},"properties":{"pnu":"4137010300108170000","municipality_code":"41370","municipality":"오산시","district":"오산시","locality":"원동","address":"오산시 원동 817","owner_type":"시·군유지","owner_label":"오산시","manager":"","property_class":"","land_category":"도로","area_sqm":4913.6,"area_band":"3,000~5,000㎡","interest_category":"도로","solar_candidate":"검토필요","candidate_reason":"도로점용 및 실제 이용형태 추가 검토 필요; 면적 4,914㎡","priority_score":35,"source":"경기부동산포털 국공유지조회·연속지적도","source_date":"2026-08-11","installed_solar_match":false}},{"type":"Feature","id":"4137010600104060002","geometry":{"type":"Point","coordinates":[127.0339352,37.1618719]},"properties":{"pnu":"4137010600104060002","municipality_code":"41370","municipality":"오산시","district":"오산시","locality":"가장동","address":"오산시 가장동 406-2","owner_type":"시·군유지","owner_label":"오산시","manager":"","property_class":"","land_category":"도로","area_sqm":4881.2,"area_band":"3,000~5,000㎡","interest_category":"도로","solar_candidate":"검토필요","candidate_reason":"도로점용 및 실제 이용형태 추가 검토 필요; 면적 4,881㎡","priority_score":35,"source":"경기부동산포털 국공유지조회·연속지적도","source_date":"2026-08-11","installed_solar_match":false}},{"type":"Feature","id":"4137010400107790000","geometry":{"type":"Point","coordinates":[127.0511045,37.1638979]},"properties":{"pnu":"4137010400107790000","municipality_code":"41370","municipality":"오산시","district":"오산시","locality":"궐동","address":"오산시 궐동 779","owner_type":"시·군유지","owner_label":"오산시","manager":"","property_class":"","land_category":"도로","area_sqm":4861.3,"area_band":"3,000~5,000㎡","interest_category":"도로","solar_candidate":"검토필요","candidate_reason":"도로점용 및 실제 이용형태 추가 검토 필요; 면적 4,861㎡","priority_score":35,"source":"경기부동산포털 국공유지조회·연속지적도","source_date":"2026-08-11","installed_solar_match":false}},{"type":"Feature","id":"4137010500101880018","geometry":{"type":"Point","coordinates":[127.0581929,37.1515361]},"properties":{"pnu":"4137010500101880018","municipality_code":"41370","municipality":"오산시","district":"오산시","locality":"청학동","address":"오산시 청학동 188-18","owner_type":"시·군유지","owner_label":"오산시","manager":"","property_class":"","land_category":"도로","area_sqm":4856.0,"area_band":"3,000~5,000㎡","interest_category":"도로","solar_candidate":"검토필요","candidate_reason":"도로점용 및 실제 이용형태 추가 검토 필요; 면적 4,856㎡","priority_score":35,"source":"경기부동산포털 국공유지조회·연속지적도","source_date":"2026-08-11","installed_solar_match":false}},{"type":"Feature","id":"4137010400107360000","geometry":{"type":"Point","coordinates":[127.0556156,37.1581201]},"properties":{"pnu":"4137010400107360000","municipality_code":"41370","municipality":"오산시","district":"오산시","locality":"궐동","address":"오산시 궐동 736","owner_type":"시·군유지","owner_label":"오산시","manager":"","property_class":"","land_category":"도로","area_sqm":4835.6,"area_band":"3,000~5,000㎡","interest_category":"도로","solar_candidate":"검토필요","candidate_reason":"도로점용 및 실제 이용형태 추가 검토 필요; 면적 4,836㎡","priority_score":35,"source":"경기부동산포털 국공유지조회·연속지적도","source_date":"2026-08-11","installed_solar_match":false}},{"type":"Feature","id":"4137010200107980000","geometry":{"type":"Point","coordinates":[127.0896956,37.1508857]},"properties":{"pnu":"4137010200107980000","municipality_code":"41370","municipality":"오산시","district":"오산시","locality":"부산동","address":"오산시 부산동 798","owner_type":"시·군유지","owner_label":"오산시","manager":"","property_class":"","land_category":"도로","area_sqm":4776.0,"area_band":"3,000~5,000㎡","interest_category":"도로","solar_candidate":"검토필요","candidate_reason":"도로점용 및 실제 이용형태 추가 검토 필요; 면적 4,776㎡","priority_score":35,"source":"경기부동산포털 국공유지조회·연속지적도","source_date":"2026-08-11","installed_solar_match":false}},{"type":"Feature","id":"4137012300103450000","geometry":{"type":"Point","coordinates":[127.0865869,37.1288537]},"properties":{"pnu":"4137012300103450000","municipality_code":"41370","municipality":"오산시","district":"오산시","locality":"청호동","address":"오산시 청호동 345","owner_type":"시·군유지","owner_label":"오산시","manager":"","property_class":"","land_category":"도로","area_sqm":4728.0,"area_band":"3,000~5,000㎡","interest_category":"도로","solar_candidate":"검토필요","candidate_reason":"도로점용 및 실제 이용형태 추가 검토 필요; 면적 4,728㎡","priority_score":35,"source":"경기부동산포털 국공유지조회·연속지적도","source_date":"2026-08-11","installed_solar_match":false}},{"type":"Feature","id":"4137011100106570000","geometry":{"type":"Point","coordinates":[127.0664349,37.1912822]},"properties":{"pnu":"4137011100106570000","municipality_code":"41370","municipality":"오산시","district":"오산시","locality":"외삼미동","address":"오산시 외삼미동 657","owner_type":"시·군유지","owner_label":"오산시","manager":"","property_class":"","land_category":"도로","area_sqm":4704.6,"area_band":"3,000~5,000㎡","interest_category":"도로","solar_candidate":"검토필요","candidate_reason":"도로점용 및 실제 이용형태 추가 검토 필요; 면적 4,705㎡","priority_score":35,"source":"경기부동산포털 국공유지조회·연속지적도","source_date":"2026-08-11","installed_solar_match":false}},{"type":"Feature","id":"4137010400107820000","geometry":{"type":"Point","coordinates":[127.0507627,37.1620399]},"properties":{"pnu":"4137010400107820000","municipality_code":"41370","municipality":"오산시","district":"오산시","locality":"궐동","address":"오산시 궐동 782","owner_type":"시·군유지","owner_label":"오산시","manager":"","property_class":"","land_category":"도로","area_sqm":4676.2,"area_band":"3,000~5,000㎡","interest_category":"도로","solar_candidate":"검토필요","candidate_reason":"도로점용 및 실제 이용형태 추가 검토 필요; 면적 4,676㎡","priority_score":35,"source":"경기부동산포털 국공유지조회·연속지적도","source_date":"2026-08-11","installed_solar_match":false}},{"type":"Feature","id":"4137010500103720000","geometry":{"type":"Point","coordinates":[127.0472252,37.1543959]},"properties":{"pnu":"4137010500103720000","municipality_code":"41370","municipality":"오산시","district":"오산시","locality":"청학동","address":"오산시 청학동 372","owner_type":"시·군유지","owner_label":"오산시","manager":"","property_class":"","land_category":"도로","area_sqm":4666.0,"area_band":"3,000~5,000㎡","interest_category":"도로","solar_candidate":"검토필요","candidate_reason":"도로점용 및 실제 이용형태 추가 검토 필요; 면적 4,666㎡","priority_score":35,"source":"경기부동산포털 국공유지조회·연속지적도","source_date":"2026-08-11","installed_solar_match":false}},{"type":"Feature","id":"4137010300105080005","geometry":{"type":"Point","coordinates":[127.0744103,37.1358647]},"properties":{"pnu":"4137010300105080005","municipality_code":"41370","municipality":"오산시","district":"오산시","locality":"원동","address":"오산시 원동 508-5","owner_type":"시·군유지","owner_label":"오산시","manager":"","property_class":"","land_category":"도로","area_sqm":4656.0,"area_band":"3,000~5,000㎡","interest_category":"도로","solar_candidate":"검토필요","candidate_reason":"도로점용 및 실제 이용형태 추가 검토 필요; 면적 4,656㎡","priority_score":35,"source":"경기부동산포털 국공유지조회·연속지적도","source_date":"2026-08-11","installed_solar_match":false}},{"type":"Feature","id":"4137011300106310006","geometry":{"type":"Point","coordinates":[127.0429734,37.1844585]},"properties":{"pnu":"4137011300106310006","municipality_code":"41370","municipality":"오산시","district":"오산시","locality":"세교동","address":"오산시 세교동 631-6","owner_type":"시·군유지","owner_label":"오산시","manager":"","property_class":"","land_category":"도로","area_sqm":4607.9,"area_band":"3,000~5,000㎡","interest_category":"도로","solar_candidate":"검토필요","candidate_reason":"도로점용 및 실제 이용형태 추가 검토 필요; 면적 4,608㎡","priority_score":35,"source":"경기부동산포털 국공유지조회·연속지적도","source_date":"2026-08-11","installed_solar_match":false}},{"type":"Feature","id":"4137010200106220000","geometry":{"type":"Point","coordinates":[127.0842008,37.1476679]},"properties":{"pnu":"4137010200106220000","municipality_code":"41370","municipality":"오산시","district":"오산시","locality":"부산동","address":"오산시 부산동 622","owner_type":"시·군유지","owner_label":"오산시","manager":"","property_class":"","land_category":"도로","area_sqm":4601.0,"area_band":"3,000~5,000㎡","interest_category":"도로","solar_candidate":"검토필요","candidate_reason":"도로점용 및 실제 이용형태 추가 검토 필요; 면적 4,601㎡","priority_score":35,"source":"경기부동산포털 국공유지조회·연속지적도","source_date":"2026-08-11","installed_solar_match":false}},{"type":"Feature","id":"4137010300108220000","geometry":{"type":"Point","coordinates":[127.0759192,37.143028]},"properties":{"pnu":"4137010300108220000","municipality_code":"41370","municipality":"오산시","district":"오산시","locality":"원동","address":"오산시 원동 822","owner_type":"시·군유지","owner_label":"오산시","manager":"","property_class":"","land_category":"도로","area_sqm":4556.0,"area_band":"3,000~5,000㎡","interest_category":"도로","solar_candidate":"검토필요","candidate_reason":"도로점용 및 실제 이용형태 추가 검토 필요; 면적 4,556㎡","priority_score":35,"source":"경기부동산포털 국공유지조회·연속지적도","source_date":"2026-08-11","installed_solar_match":false}},{"type":"Feature","id":"4137011300104970002","geometry":{"type":"Point","coordinates":[127.0334858,37.1829579]},"properties":{"pnu":"4137011300104970002","municipality_code":"41370","municipality":"오산시","district":"오산시","locality":"세교동","address":"오산시 세교동 497-2","owner_type":"시·군유지","owner_label":"오산시","manager":"","property_class":"","land_category":"도로","area_sqm":4545.8,"area_band":"3,000~5,000㎡","interest_category":"도로","solar_candidate":"검토필요","candidate_reason":"도로점용 및 실제 이용형태 추가 검토 필요; 면적 4,546㎡","priority_score":35,"source":"경기부동산포털 국공유지조회·연속지적도","source_date":"2026-08-11","installed_solar_match":false}},{"type":"Feature","id":"4137010400107450000","geometry":{"type":"Point","coordinates":[127.0546356,37.1561366]},"properties":{"pnu":"4137010400107450000","municipality_code":"41370","municipality":"오산시","district":"오산시","locality":"궐동","address":"오산시 궐동 745","owner_type":"시·군유지","owner_label":"오산시","manager":"","property_class":"","land_category":"도로","area_sqm":4524.6,"area_band":"3,000~5,000㎡","interest_category":"도로","solar_candidate":"검토필요","candidate_reason":"도로점용 및 실제 이용형태 추가 검토 필요; 면적 4,525㎡","priority_score":35,"source":"경기부동산포털 국공유지조회·연속지적도","source_date":"2026-08-11","installed_solar_match":false}},{"type":"Feature","id":"4137010100104150007","geometry":{"type":"Point","coordinates":[127.0674928,37.1528032]},"properties":{"pnu":"4137010100104150007","municipality_code":"41370","municipality":"오산시","district":"오산시","locality":"오산동","address":"오산시 오산동 415-7","owner_type":"시·군유지","owner_label":"오산시","manager":"","property_class":"","land_category":"도로","area_sqm":4524.0,"area_band":"3,000~5,000㎡","interest_category":"도로","solar_candidate":"검토필요","candidate_reason":"도로점용 및 실제 이용형태 추가 검토 필요; 면적 4,524㎡","priority_score":35,"source":"경기부동산포털 국공유지조회·연속지적도","source_date":"2026-08-11","installed_solar_match":false}},{"type":"Feature","id":"4137010600103790002","geometry":{"type":"Point","coordinates":[127.037727,37.1609844]},"properties":{"pnu":"4137010600103790002","municipality_code":"41370","municipality":"오산시","district":"오산시","locality":"가장동","address":"오산시 가장동 379-2","owner_type":"시·군유지","owner_label":"오산시","manager":"","property_class":"","land_category":"도로","area_sqm":4500.1,"area_band":"3,000~5,000㎡","interest_category":"도로","solar_candidate":"검토필요","candidate_reason":"도로점용 및 실제 이용형태 추가 검토 필요; 면적 4,500㎡","priority_score":35,"source":"경기부동산포털 국공유지조회·연속지적도","source_date":"2026-08-11","installed_solar_match":false}},{"type":"Feature","id":"4137012000103320009","geometry":{"type":"Point","coordinates":[127.0559813,37.1423287]},"properties":{"pnu":"4137012000103320009","municipality_code":"41370","municipality":"오산시","district":"오산시","locality":"누읍동","address":"오산시 누읍동 332-9","owner_type":"시·군유지","owner_label":"오산시","manager":"","property_class":"","land_category":"도로","area_sqm":4493.0,"area_band":"3,000~5,000㎡","interest_category":"도로","solar_candidate":"검토필요","candidate_reason":"도로점용 및 실제 이용형태 추가 검토 필요; 면적 4,493㎡","priority_score":35,"source":"경기부동산포털 국공유지조회·연속지적도","source_date":"2026-08-11","installed_solar_match":false}},{"type":"Feature","id":"4137010100104970037","geometry":{"type":"Point","coordinates":[127.0653743,37.1513215]},"properties":{"pnu":"4137010100104970037","municipality_code":"41370","municipality":"오산시","district":"오산시","locality":"오산동","address":"오산시 오산동 497-37","owner_type":"시·군유지","owner_label":"오산시","manager":"","property_class":"","land_category":"도로","area_sqm":4484.9,"area_band":"3,000~5,000㎡","interest_category":"도로","solar_candidate":"검토필요","candidate_reason":"도로점용 및 실제 이용형태 추가 검토 필요; 면적 4,485㎡","priority_score":35,"source":"경기부동산포털 국공유지조회·연속지적도","source_date":"2026-08-11","installed_solar_match":false}},{"type":"Feature","id":"4137012000106350000","geometry":{"type":"Point","coordinates":[127.0527876,37.1405153]},"properties":{"pnu":"4137012000106350000","municipality_code":"41370","municipality":"오산시","district":"오산시","locality":"누읍동","address":"오산시 누읍동 635","owner_type":"시·군유지","owner_label":"오산시","manager":"","property_class":"","land_category":"도로","area_sqm":4414.1,"area_band":"3,000~5,000㎡","interest_category":"도로","solar_candidate":"검토필요","candidate_reason":"도로점용 및 실제 이용형태 추가 검토 필요; 면적 4,414㎡","priority_score":35,"source":"경기부동산포털 국공유지조회·연속지적도","source_date":"2026-08-11","installed_solar_match":false}},{"type":"Feature","id":"4137010800106140002","geometry":{"type":"Point","coordinates":[127.0616163,37.1712981]},"properties":{"pnu":"4137010800106140002","municipality_code":"41370","municipality":"오산시","district":"오산시","locality":"수청동","address":"오산시 수청동 614-2","owner_type":"시·군유지","owner_label":"오산시","manager":"","property_class":"","land_category":"도로","area_sqm":4373.1,"area_band":"3,000~5,000㎡","interest_category":"도로","solar_candidate":"검토필요","candidate_reason":"도로점용 및 실제 이용형태 추가 검토 필요; 면적 4,373㎡","priority_score":35,"source":"경기부동산포털 국공유지조회·연속지적도","source_date":"2026-08-11","installed_solar_match":false}},{"type":"Feature","id":"4137010100109010000","geometry":{"type":"Point","coordinates":[127.069284,37.1465008]},"properties":{"pnu":"4137010100109010000","municipality_code":"41370","municipality":"오산시","district":"오산시","locality":"오산동","address":"오산시 오산동 901","owner_type":"시·군유지","owner_label":"오산시","manager":"","property_class":"","land_category":"도로","area_sqm":4349.9,"area_band":"3,000~5,000㎡","interest_category":"도로","solar_candidate":"검토필요","candidate_reason":"도로점용 및 실제 이용형태 추가 검토 필요; 면적 4,350㎡","priority_score":35,"source":"경기부동산포털 국공유지조회·연속지적도","source_date":"2026-08-11","installed_solar_match":false}},{"type":"Feature","id":"4137010100109410000","geometry":{"type":"Point","coordinates":[127.0754292,37.1499311]},"properties":{"pnu":"4137010100109410000","municipality_code":"41370","municipality":"오산시","district":"오산시","locality":"오산동","address":"오산시 오산동 941","owner_type":"시·군유지","owner_label":"오산시","manager":"","property_class":"","land_category":"도로","area_sqm":4334.4,"area_band":"3,000~5,000㎡","interest_category":"도로","solar_candidate":"검토필요","candidate_reason":"도로점용 및 실제 이용형태 추가 검토 필요; 면적 4,334㎡","priority_score":35,"source":"경기부동산포털 국공유지조회·연속지적도","source_date":"2026-08-11","installed_solar_match":false}},{"type":"Feature","id":"4137011400105640001","geometry":{"type":"Point","coordinates":[127.0300891,37.1711329]},"properties":{"pnu":"4137011400105640001","municipality_code":"41370","municipality":"오산시","district":"오산시","locality":"지곶동","address":"오산시 지곶동 564-1","owner_type":"시·군유지","owner_label":"오산시","manager":"","property_class":"","land_category":"도로","area_sqm":4325.2,"area_band":"3,000~5,000㎡","interest_category":"도로","solar_candidate":"검토필요","candidate_reason":"도로점용 및 실제 이용형태 추가 검토 필요; 면적 4,325㎡","priority_score":35,"source":"경기부동산포털 국공유지조회·연속지적도","source_date":"2026-08-11","installed_solar_match":false}},{"type":"Feature","id":"4137011300105930001","geometry":{"type":"Point","coordinates":[127.0436277,37.1885527]},"properties":{"pnu":"4137011300105930001","municipality_code":"41370","municipality":"오산시","district":"오산시","locality":"세교동","address":"오산시 세교동 593-1","owner_type":"시·군유지","owner_label":"오산시","manager":"","property_class":"","land_category":"도로","area_sqm":4321.5,"area_band":"3,000~5,000㎡","interest_category":"도로","solar_candidate":"검토필요","candidate_reason":"도로점용 및 실제 이용형태 추가 검토 필요; 면적 4,322㎡","priority_score":35,"source":"경기부동산포털 국공유지조회·연속지적도","source_date":"2026-08-11","installed_solar_match":false}},{"type":"Feature","id":"4137010600103790001","geometry":{"type":"Point","coordinates":[127.0353657,37.16191]},"properties":{"pnu":"4137010600103790001","municipality_code":"41370","municipality":"오산시","district":"오산시","locality":"가장동","address":"오산시 가장동 379-1","owner_type":"시·군유지","owner_label":"오산시","manager":"","property_class":"","land_category":"도로","area_sqm":4318.7,"area_band":"3,000~5,000㎡","interest_category":"도로","solar_candidate":"검토필요","candidate_reason":"도로점용 및 실제 이용형태 추가 검토 필요; 면적 4,319㎡","priority_score":35,"source":"경기부동산포털 국공유지조회·연속지적도","source_date":"2026-08-11","installed_solar_match":false}},{"type":"Feature","id":"4137010300109030000","geometry":{"type":"Point","coordinates":[127.0729958,37.1337257]},"properties":{"pnu":"4137010300109030000","municipality_code":"41370","municipality":"오산시","district":"오산시","locality":"원동","address":"오산시 원동 903","owner_type":"시·군유지","owner_label":"오산시","manager":"","property_class":"","land_category":"도로","area_sqm":4312.3,"area_band":"3,000~5,000㎡","interest_category":"도로","solar_candidate":"검토필요","candidate_reason":"도로점용 및 실제 이용형태 추가 검토 필요; 면적 4,312㎡","priority_score":35,"source":"경기부동산포털 국공유지조회·연속지적도","source_date":"2026-08-11","installed_solar_match":false}},{"type":"Feature","id":"4137012400100030007","geometry":{"type":"Point","coordinates":[127.0604708,37.134085]},"properties":{"pnu":"4137012400100030007","municipality_code":"41370","municipality":"오산시","district":"오산시","locality":"갈곶동","address":"오산시 갈곶동 3-7","owner_type":"시·군유지","owner_label":"오산시","manager":"","property_class":"","land_category":"도로","area_sqm":4272.2,"area_band":"3,000~5,000㎡","interest_category":"도로","solar_candidate":"검토필요","candidate_reason":"도로점용 및 실제 이용형태 추가 검토 필요; 면적 4,272㎡","priority_score":35,"source":"경기부동산포털 국공유지조회·연속지적도","source_date":"2026-08-11","installed_solar_match":false}},{"type":"Feature","id":"4137010400107390000","geometry":{"type":"Point","coordinates":[127.0537591,37.1580934]},"properties":{"pnu":"4137010400107390000","municipality_code":"41370","municipality":"오산시","district":"오산시","locality":"궐동","address":"오산시 궐동 739","owner_type":"시·군유지","owner_label":"오산시","manager":"","property_class":"","land_category":"도로","area_sqm":4255.5,"area_band":"3,000~5,000㎡","interest_category":"도로","solar_candidate":"검토필요","candidate_reason":"도로점용 및 실제 이용형태 추가 검토 필요; 면적 4,256㎡","priority_score":35,"source":"경기부동산포털 국공유지조회·연속지적도","source_date":"2026-08-11","installed_solar_match":false}},{"type":"Feature","id":"4137011100200400002","geometry":{"type":"Point","coordinates":[127.0607023,37.1893002]},"properties":{"pnu":"4137011100200400002","municipality_code":"41370","municipality":"오산시","district":"오산시","locality":"외삼미동","address":"오산시 외삼미동 산40-2","owner_type":"시·군유지","owner_label":"오산시","manager":"","property_class":"","land_category":"도로","area_sqm":4239.0,"area_band":"3,000~5,000㎡","interest_category":"도로","solar_candidate":"검토필요","candidate_reason":"도로점용 및 실제 이용형태 추가 검토 필요; 면적 4,239㎡","priority_score":35,"source":"경기부동산포털 국공유지조회·연속지적도","source_date":"2026-08-11","installed_solar_match":false}},{"type":"Feature","id":"4137012300103460000","geometry":{"type":"Point","coordinates":[127.0862641,37.1305665]},"properties":{"pnu":"4137012300103460000","municipality_code":"41370","municipality":"오산시","district":"오산시","locality":"청호동","address":"오산시 청호동 346","owner_type":"시·군유지","owner_label":"오산시","manager":"","property_class":"","land_category":"도로","area_sqm":4227.3,"area_band":"3,000~5,000㎡","interest_category":"도로","solar_candidate":"검토필요","candidate_reason":"도로점용 및 실제 이용형태 추가 검토 필요; 면적 4,227㎡","priority_score":35,"source":"경기부동산포털 국공유지조회·연속지적도","source_date":"2026-08-11","installed_solar_match":false}},{"type":"Feature","id":"4137011000109020001","geometry":{"type":"Point","coordinates":[127.0615921,37.175722]},"properties":{"pnu":"4137011000109020001","municipality_code":"41370","municipality":"오산시","district":"오산시","locality":"내삼미동","address":"오산시 내삼미동 902-1","owner_type":"시·군유지","owner_label":"오산시","manager":"","property_class":"","land_category":"도로","area_sqm":4209.2,"area_band":"3,000~5,000㎡","interest_category":"도로","solar_candidate":"검토필요","candidate_reason":"도로점용 및 실제 이용형태 추가 검토 필요; 면적 4,209㎡","priority_score":35,"source":"경기부동산포털 국공유지조회·연속지적도","source_date":"2026-08-11","installed_solar_match":false}},{"type":"Feature","id":"4137010800106000000","geometry":{"type":"Point","coordinates":[127.0606716,37.1699112]},"properties":{"pnu":"4137010800106000000","municipality_code":"41370","municipality":"오산시","district":"오산시","locality":"수청동","address":"오산시 수청동 600","owner_type":"시·군유지","owner_label":"오산시","manager":"","property_class":"","land_category":"도로","area_sqm":4207.5,"area_band":"3,000~5,000㎡","interest_category":"도로","solar_candidate":"검토필요","candidate_reason":"도로점용 및 실제 이용형태 추가 검토 필요; 면적 4,208㎡","priority_score":35,"source":"경기부동산포털 국공유지조회·연속지적도","source_date":"2026-08-11","installed_solar_match":false}},{"type":"Feature","id":"4137011200106820000","geometry":{"type":"Point","coordinates":[127.0345943,37.1927787]},"properties":{"pnu":"4137011200106820000","municipality_code":"41370","municipality":"오산시","district":"오산시","locality":"양산동","address":"오산시 양산동 682","owner_type":"시·군유지","owner_label":"오산시","manager":"","property_class":"","land_category":"도로","area_sqm":4203.1,"area_band":"3,000~5,000㎡","interest_category":"도로","solar_candidate":"검토필요","candidate_reason":"도로점용 및 실제 이용형태 추가 검토 필요; 면적 4,203㎡","priority_score":35,"source":"경기부동산포털 국공유지조회·연속지적도","source_date":"2026-08-11","installed_solar_match":false}},{"type":"Feature","id":"4137011700101390005","geometry":{"type":"Point","coordinates":[127.0372777,37.1364908]},"properties":{"pnu":"4137011700101390005","municipality_code":"41370","municipality":"오산시","district":"오산시","locality":"벌음동","address":"오산시 벌음동 139-5","owner_type":"시·군유지","owner_label":"오산시","manager":"","property_class":"","land_category":"도로","area_sqm":4193.0,"area_band":"3,000~5,000㎡","interest_category":"도로","solar_candidate":"검토필요","candidate_reason":"도로점용 및 실제 이용형태 추가 검토 필요; 면적 4,193㎡","priority_score":35,"source":"경기부동산포털 국공유지조회·연속지적도","source_date":"2026-08-11","installed_solar_match":false}},{"type":"Feature","id":"4137010300107940000","geometry":{"type":"Point","coordinates":[127.0693759,37.1457281]},"properties":{"pnu":"4137010300107940000","municipality_code":"41370","municipality":"오산시","district":"오산시","locality":"원동","address":"오산시 원동 794","owner_type":"시·군유지","owner_label":"오산시","manager":"","property_class":"","land_category":"도로","area_sqm":4139.2,"area_band":"3,000~5,000㎡","interest_category":"도로","solar_candidate":"검토필요","candidate_reason":"도로점용 및 실제 이용형태 추가 검토 필요; 면적 4,139㎡","priority_score":35,"source":"경기부동산포털 국공유지조회·연속지적도","source_date":"2026-08-11","installed_solar_match":false}},{"type":"Feature","id":"4137011600101250010","geometry":{"type":"Point","coordinates":[127.0443091,37.1450393]},"properties":{"pnu":"4137011600101250010","municipality_code":"41370","municipality":"오산시","district":"오산시","locality":"서동","address":"오산시 서동 125-10","owner_type":"시·군유지","owner_label":"오산시","manager":"","property_class":"","land_category":"도로","area_sqm":4099.0,"area_band":"3,000~5,000㎡","interest_category":"도로","solar_candidate":"검토필요","candidate_reason":"도로점용 및 실제 이용형태 추가 검토 필요; 면적 4,099㎡","priority_score":35,"source":"경기부동산포털 국공유지조회·연속지적도","source_date":"2026-08-11","installed_solar_match":false}},{"type":"Feature","id":"4137012300103440000","geometry":{"type":"Point","coordinates":[127.0891206,37.1291798]},"properties":{"pnu":"4137012300103440000","municipality_code":"41370","municipality":"오산시","district":"오산시","locality":"청호동","address":"오산시 청호동 344","owner_type":"시·군유지","owner_label":"오산시","manager":"","property_class":"","land_category":"도로","area_sqm":4084.8,"area_band":"3,000~5,000㎡","interest_category":"도로","solar_candidate":"검토필요","candidate_reason":"도로점용 및 실제 이용형태 추가 검토 필요; 면적 4,085㎡","priority_score":35,"source":"경기부동산포털 국공유지조회·연속지적도","source_date":"2026-08-11","installed_solar_match":false}},{"type":"Feature","id":"4137010700105060001","geometry":{"type":"Point","coordinates":[127.0507724,37.1759065]},"properties":{"pnu":"4137010700105060001","municipality_code":"41370","municipality":"오산시","district":"오산시","locality":"금암동","address":"오산시 금암동 506-1","owner_type":"시·군유지","owner_label":"오산시","manager":"","property_class":"","land_category":"도로","area_sqm":4071.7,"area_band":"3,000~5,000㎡","interest_category":"도로","solar_candidate":"검토필요","candidate_reason":"도로점용 및 실제 이용형태 추가 검토 필요; 면적 4,072㎡","priority_score":35,"source":"경기부동산포털 국공유지조회·연속지적도","source_date":"2026-08-11","installed_solar_match":false}},{"type":"Feature","id":"4137012200100010005","geometry":{"type":"Point","coordinates":[127.0782367,37.1343532]},"properties":{"pnu":"4137012200100010005","municipality_code":"41370","municipality":"오산시","district":"오산시","locality":"고현동","address":"오산시 고현동 1-5","owner_type":"시·군유지","owner_label":"오산시","manager":"","property_class":"","land_category":"도로","area_sqm":4054.0,"area_band":"3,000~5,000㎡","interest_category":"도로","solar_candidate":"검토필요","candidate_reason":"도로점용 및 실제 이용형태 추가 검토 필요; 면적 4,054㎡","priority_score":35,"source":"경기부동산포털 국공유지조회·연속지적도","source_date":"2026-08-11","installed_solar_match":false}},{"type":"Feature","id":"4137011300106310002","geometry":{"type":"Point","coordinates":[127.0418423,37.186889]},"properties":{"pnu":"4137011300106310002","municipality_code":"41370","municipality":"오산시","district":"오산시","locality":"세교동","address":"오산시 세교동 631-2","owner_type":"시·군유지","owner_label":"오산시","manager":"","property_class":"","land_category":"도로","area_sqm":4050.7,"area_band":"3,000~5,000㎡","interest_category":"도로","solar_candidate":"검토필요","candidate_reason":"도로점용 및 실제 이용형태 추가 검토 필요; 면적 4,051㎡","priority_score":35,"source":"경기부동산포털 국공유지조회·연속지적도","source_date":"2026-08-11","installed_solar_match":false}},{"type":"Feature","id":"4137010400107190000","geometry":{"type":"Point","coordinates":[127.0614778,37.1597866]},"properties":{"pnu":"4137010400107190000","municipality_code":"41370","municipality":"오산시","district":"오산시","locality":"궐동","address":"오산시 궐동 719","owner_type":"시·군유지","owner_label":"오산시","manager":"","property_class":"","land_category":"도로","area_sqm":4010.7,"area_band":"3,000~5,000㎡","interest_category":"도로","solar_candidate":"검토필요","candidate_reason":"도로점용 및 실제 이용형태 추가 검토 필요; 면적 4,011㎡","priority_score":35,"source":"경기부동산포털 국공유지조회·연속지적도","source_date":"2026-08-11","installed_solar_match":false}},{"type":"Feature","id":"4137010200107830000","geometry":{"type":"Point","coordinates":[127.07962,37.1554576]},"properties":{"pnu":"4137010200107830000","municipality_code":"41370","municipality":"오산시","district":"오산시","locality":"부산동","address":"오산시 부산동 783","owner_type":"시·군유지","owner_label":"오산시","manager":"","property_class":"","land_category":"도로","area_sqm":4010.1,"area_band":"3,000~5,000㎡","interest_category":"도로","solar_candidate":"검토필요","candidate_reason":"도로점용 및 실제 이용형태 추가 검토 필요; 면적 4,010㎡","priority_score":35,"source":"경기부동산포털 국공유지조회·연속지적도","source_date":"2026-08-11","installed_solar_match":false}},{"type":"Feature","id":"4137010100108050010","geometry":{"type":"Point","coordinates":[127.0678907,37.1358483]},"properties":{"pnu":"4137010100108050010","municipality_code":"41370","municipality":"오산시","district":"오산시","locality":"오산동","address":"오산시 오산동 805-10","owner_type":"시·군유지","owner_label":"오산시","manager":"","property_class":"","land_category":"도로","area_sqm":4006.7,"area_band":"3,000~5,000㎡","interest_category":"도로","solar_candidate":"검토필요","candidate_reason":"도로점용 및 실제 이용형태 추가 검토 필요; 면적 4,007㎡","priority_score":35,"source":"경기부동산포털 국공유지조회·연속지적도","source_date":"2026-08-11","installed_solar_match":false}},{"type":"Feature","id":"4137012300103300000","geometry":{"type":"Point","coordinates":[127.0825257,37.1315358]},"properties":{"pnu":"4137012300103300000","municipality_code":"41370","municipality":"오산시","district":"오산시","locality":"청호동","address":"오산시 청호동 330","owner_type":"시·군유지","owner_label":"오산시","manager":"","property_class":"","land_category":"도로","area_sqm":4001.1,"area_band":"3,000~5,000㎡","interest_category":"도로","solar_candidate":"검토필요","candidate_reason":"도로점용 및 실제 이용형태 추가 검토 필요; 면적 4,001㎡","priority_score":35,"source":"경기부동산포털 국공유지조회·연속지적도","source_date":"2026-08-11","installed_solar_match":false}},{"type":"Feature","id":"4137011000108660000","geometry":{"type":"Point","coordinates":[127.0570667,37.1762141]},"properties":{"pnu":"4137011000108660000","municipality_code":"41370","municipality":"오산시","district":"오산시","locality":"내삼미동","address":"오산시 내삼미동 866","owner_type":"시·군유지","owner_label":"오산시","manager":"","property_class":"","land_category":"도로","area_sqm":3971.6,"area_band":"3,000~5,000㎡","interest_category":"도로","solar_candidate":"검토필요","candidate_reason":"도로점용 및 실제 이용형태 추가 검토 필요; 면적 3,972㎡","priority_score":35,"source":"경기부동산포털 국공유지조회·연속지적도","source_date":"2026-08-11","installed_solar_match":false}},{"type":"Feature","id":"4137010400107410000","geometry":{"type":"Point","coordinates":[127.0555506,37.1574384]},"properties":{"pnu":"4137010400107410000","municipality_code":"41370","municipality":"오산시","district":"오산시","locality":"궐동","address":"오산시 궐동 741","owner_type":"시·군유지","owner_label":"오산시","manager":"","property_class":"","land_category":"도로","area_sqm":3915.7,"area_band":"3,000~5,000㎡","interest_category":"도로","solar_candidate":"검토필요","candidate_reason":"도로점용 및 실제 이용형태 추가 검토 필요; 면적 3,916㎡","priority_score":35,"source":"경기부동산포털 국공유지조회·연속지적도","source_date":"2026-08-11","installed_solar_match":false}},{"type":"Feature","id":"4137011300106310012","geometry":{"type":"Point","coordinates":[127.0433322,37.1841282]},"properties":{"pnu":"4137011300106310012","municipality_code":"41370","municipality":"오산시","district":"오산시","locality":"세교동","address":"오산시 세교동 631-12","owner_type":"시·군유지","owner_label":"오산시","manager":"","property_class":"","land_category":"도로","area_sqm":3914.2,"area_band":"3,000~5,000㎡","interest_category":"도로","solar_candidate":"검토필요","candidate_reason":"도로점용 및 실제 이용형태 추가 검토 필요; 면적 3,914㎡","priority_score":35,"source":"경기부동산포털 국공유지조회·연속지적도","source_date":"2026-08-11","installed_solar_match":false}},{"type":"Feature","id":"4137010400107130000","geometry":{"type":"Point","coordinates":[127.0536797,37.1620726]},"properties":{"pnu":"4137010400107130000","municipality_code":"41370","municipality":"오산시","district":"오산시","locality":"궐동","address":"오산시 궐동 713","owner_type":"시·군유지","owner_label":"오산시","manager":"","property_class":"","land_category":"도로","area_sqm":3885.5,"area_band":"3,000~5,000㎡","interest_category":"도로","solar_candidate":"검토필요","candidate_reason":"도로점용 및 실제 이용형태 추가 검토 필요; 면적 3,886㎡","priority_score":35,"source":"경기부동산포털 국공유지조회·연속지적도","source_date":"2026-08-11","installed_solar_match":false}},{"type":"Feature","id":"4137012000106580000","geometry":{"type":"Point","coordinates":[127.0509769,37.1438878]},"properties":{"pnu":"4137012000106580000","municipality_code":"41370","municipality":"오산시","district":"오산시","locality":"누읍동","address":"오산시 누읍동 658","owner_type":"시·군유지","owner_label":"오산시","manager":"","property_class":"","land_category":"도로","area_sqm":3878.9,"area_band":"3,000~5,000㎡","interest_category":"도로","solar_candidate":"검토필요","candidate_reason":"도로점용 및 실제 이용형태 추가 검토 필요; 면적 3,879㎡","priority_score":35,"source":"경기부동산포털 국공유지조회·연속지적도","source_date":"2026-08-11","installed_solar_match":false}},{"type":"Feature","id":"4137012000106370000","geometry":{"type":"Point","coordinates":[127.0538091,37.1389396]},"properties":{"pnu":"4137012000106370000","municipality_code":"41370","municipality":"오산시","district":"오산시","locality":"누읍동","address":"오산시 누읍동 637","owner_type":"시·군유지","owner_label":"오산시","manager":"","property_class":"","land_category":"도로","area_sqm":3846.9,"area_band":"3,000~5,000㎡","interest_category":"도로","solar_candidate":"검토필요","candidate_reason":"도로점용 및 실제 이용형태 추가 검토 필요; 면적 3,847㎡","priority_score":35,"source":"경기부동산포털 국공유지조회·연속지적도","source_date":"2026-08-11","installed_solar_match":false}},{"type":"Feature","id":"4137012100104100000","geometry":{"type":"Point","coordinates":[127.0509868,37.1440063]},"properties":{"pnu":"4137012100104100000","municipality_code":"41370","municipality":"오산시","district":"오산시","locality":"가수동","address":"오산시 가수동 410","owner_type":"시·군유지","owner_label":"오산시","manager":"","property_class":"","land_category":"도로","area_sqm":3845.0,"area_band":"3,000~5,000㎡","interest_category":"도로","solar_candidate":"검토필요","candidate_reason":"도로점용 및 실제 이용형태 추가 검토 필요; 면적 3,845㎡","priority_score":35,"source":"경기부동산포털 국공유지조회·연속지적도","source_date":"2026-08-11","installed_solar_match":false}},{"type":"Feature","id":"4137012400103320003","geometry":{"type":"Point","coordinates":[127.0782415,37.1323176]},"properties":{"pnu":"4137012400103320003","municipality_code":"41370","municipality":"오산시","district":"오산시","locality":"갈곶동","address":"오산시 갈곶동 332-3","owner_type":"시·군유지","owner_label":"오산시","manager":"","property_class":"","land_category":"도로","area_sqm":3829.0,"area_band":"3,000~5,000㎡","interest_category":"도로","solar_candidate":"검토필요","candidate_reason":"도로점용 및 실제 이용형태 추가 검토 필요; 면적 3,829㎡","priority_score":35,"source":"경기부동산포털 국공유지조회·연속지적도","source_date":"2026-08-11","installed_solar_match":false}},{"type":"Feature","id":"4137010400107260000","geometry":{"type":"Point","coordinates":[127.0593297,37.1581576]},"properties":{"pnu":"4137010400107260000","municipality_code":"41370","municipality":"오산시","district":"오산시","locality":"궐동","address":"오산시 궐동 726","owner_type":"시·군유지","owner_label":"오산시","manager":"","property_class":"","land_category":"도로","area_sqm":3809.9,"area_band":"3,000~5,000㎡","interest_category":"도로","solar_candidate":"검토필요","candidate_reason":"도로점용 및 실제 이용형태 추가 검토 필요; 면적 3,810㎡","priority_score":35,"source":"경기부동산포털 국공유지조회·연속지적도","source_date":"2026-08-11","installed_solar_match":false}},{"type":"Feature","id":"4137012000106490000","geometry":{"type":"Point","coordinates":[127.0559395,37.13819]},"properties":{"pnu":"4137012000106490000","municipality_code":"41370","municipality":"오산시","district":"오산시","locality":"누읍동","address":"오산시 누읍동 649","owner_type":"시·군유지","owner_label":"오산시","manager":"","property_class":"","land_category":"도로","area_sqm":3758.5,"area_band":"3,000~5,000㎡","interest_category":"도로","solar_candidate":"검토필요","candidate_reason":"도로점용 및 실제 이용형태 추가 검토 필요; 면적 3,758㎡","priority_score":35,"source":"경기부동산포털 국공유지조회·연속지적도","source_date":"2026-08-11","installed_solar_match":false}},{"type":"Feature","id":"4137011000104300006","geometry":{"type":"Point","coordinates":[127.0587542,37.1772834]},"properties":{"pnu":"4137011000104300006","municipality_code":"41370","municipality":"오산시","district":"오산시","locality":"내삼미동","address":"오산시 내삼미동 430-6","owner_type":"시·군유지","owner_label":"오산시","manager":"","property_class":"","land_category":"도로","area_sqm":3747.0,"area_band":"3,000~5,000㎡","interest_category":"도로","solar_candidate":"검토필요","candidate_reason":"도로점용 및 실제 이용형태 추가 검토 필요; 면적 3,747㎡","priority_score":35,"source":"경기부동산포털 국공유지조회·연속지적도","source_date":"2026-08-11","installed_solar_match":false}},{"type":"Feature","id":"4137012400107180000","geometry":{"type":"Point","coordinates":[127.0735981,37.1290507]},"properties":{"pnu":"4137012400107180000","municipality_code":"41370","municipality":"오산시","district":"오산시","locality":"갈곶동","address":"오산시 갈곶동 718","owner_type":"시·군유지","owner_label":"오산시","manager":"","property_class":"","land_category":"도로","area_sqm":3738.2,"area_band":"3,000~5,000㎡","interest_category":"도로","solar_candidate":"검토필요","candidate_reason":"도로점용 및 실제 이용형태 추가 검토 필요; 면적 3,738㎡","priority_score":35,"source":"경기부동산포털 국공유지조회·연속지적도","source_date":"2026-08-11","installed_solar_match":false}},{"type":"Feature","id":"4137010800106380002","geometry":{"type":"Point","coordinates":[127.069234,37.1709592]},"properties":{"pnu":"4137010800106380002","municipality_code":"41370","municipality":"오산시","district":"오산시","locality":"수청동","address":"오산시 수청동 638-2","owner_type":"시·군유지","owner_label":"오산시","manager":"","property_class":"","land_category":"도로","area_sqm":3737.9,"area_band":"3,000~5,000㎡","interest_category":"도로","solar_candidate":"검토필요","candidate_reason":"도로점용 및 실제 이용형태 추가 검토 필요; 면적 3,738㎡","priority_score":35,"source":"경기부동산포털 국공유지조회·연속지적도","source_date":"2026-08-11","installed_solar_match":false}},{"type":"Feature","id":"4137010700105490000","geometry":{"type":"Point","coordinates":[127.0540508,37.1698613]},"properties":{"pnu":"4137010700105490000","municipality_code":"41370","municipality":"오산시","district":"오산시","locality":"금암동","address":"오산시 금암동 549","owner_type":"시·군유지","owner_label":"오산시","manager":"","property_class":"","land_category":"도로","area_sqm":3737.0,"area_band":"3,000~5,000㎡","interest_category":"도로","solar_candidate":"검토필요","candidate_reason":"도로점용 및 실제 이용형태 추가 검토 필요; 면적 3,737㎡","priority_score":35,"source":"경기부동산포털 국공유지조회·연속지적도","source_date":"2026-08-11","installed_solar_match":false}},{"type":"Feature","id":"4137011100105710019","geometry":{"type":"Point","coordinates":[127.0490192,37.1897552]},"properties":{"pnu":"4137011100105710019","municipality_code":"41370","municipality":"오산시","district":"오산시","locality":"외삼미동","address":"오산시 외삼미동 571-19","owner_type":"시·군유지","owner_label":"오산시","manager":"","property_class":"","land_category":"도로","area_sqm":3735.0,"area_band":"3,000~5,000㎡","interest_category":"도로","solar_candidate":"검토필요","candidate_reason":"도로점용 및 실제 이용형태 추가 검토 필요; 면적 3,735㎡","priority_score":35,"source":"경기부동산포털 국공유지조회·연속지적도","source_date":"2026-08-11","installed_solar_match":false}},{"type":"Feature","id":"4137012300103380000","geometry":{"type":"Point","coordinates":[127.0828686,37.1297345]},"properties":{"pnu":"4137012300103380000","municipality_code":"41370","municipality":"오산시","district":"오산시","locality":"청호동","address":"오산시 청호동 338","owner_type":"시·군유지","owner_label":"오산시","manager":"","property_class":"","land_category":"도로","area_sqm":3729.9,"area_band":"3,000~5,000㎡","interest_category":"도로","solar_candidate":"검토필요","candidate_reason":"도로점용 및 실제 이용형태 추가 검토 필요; 면적 3,730㎡","priority_score":35,"source":"경기부동산포털 국공유지조회·연속지적도","source_date":"2026-08-11","installed_solar_match":false}},{"type":"Feature","id":"4137010600102530001","geometry":{"type":"Point","coordinates":[127.0400857,37.1572714]},"properties":{"pnu":"4137010600102530001","municipality_code":"41370","municipality":"오산시","district":"오산시","locality":"가장동","address":"오산시 가장동 253-1","owner_type":"시·군유지","owner_label":"오산시","manager":"","property_class":"","land_category":"도로","area_sqm":3728.0,"area_band":"3,000~5,000㎡","interest_category":"도로","solar_candidate":"검토필요","candidate_reason":"도로점용 및 실제 이용형태 추가 검토 필요; 면적 3,728㎡","priority_score":35,"source":"경기부동산포털 국공유지조회·연속지적도","source_date":"2026-08-11","installed_solar_match":false}},{"type":"Feature","id":"4137010700105460003","geometry":{"type":"Point","coordinates":[127.0455403,37.1765242]},"properties":{"pnu":"4137010700105460003","municipality_code":"41370","municipality":"오산시","district":"오산시","locality":"금암동","address":"오산시 금암동 546-3","owner_type":"시·군유지","owner_label":"오산시","manager":"","property_class":"","land_category":"도로","area_sqm":3668.2,"area_band":"3,000~5,000㎡","interest_category":"도로","solar_candidate":"검토필요","candidate_reason":"도로점용 및 실제 이용형태 추가 검토 필요; 면적 3,668㎡","priority_score":35,"source":"경기부동산포털 국공유지조회·연속지적도","source_date":"2026-08-11","installed_solar_match":false}},{"type":"Feature","id":"4137011400106140000","geometry":{"type":"Point","coordinates":[127.0335123,37.1723465]},"properties":{"pnu":"4137011400106140000","municipality_code":"41370","municipality":"오산시","district":"오산시","locality":"지곶동","address":"오산시 지곶동 614","owner_type":"시·군유지","owner_label":"오산시","manager":"","property_class":"","land_category":"도로","area_sqm":3655.5,"area_band":"3,000~5,000㎡","interest_category":"도로","solar_candidate":"검토필요","candidate_reason":"도로점용 및 실제 이용형태 추가 검토 필요; 면적 3,656㎡","priority_score":35,"source":"경기부동산포털 국공유지조회·연속지적도","source_date":"2026-08-11","installed_solar_match":false}},{"type":"Feature","id":"4137010300108210000","geometry":{"type":"Point","coordinates":[127.0781802,37.1433094]},"properties":{"pnu":"4137010300108210000","municipality_code":"41370","municipality":"오산시","district":"오산시","locality":"원동","address":"오산시 원동 821","owner_type":"시·군유지","owner_label":"오산시","manager":"","property_class":"","land_category":"도로","area_sqm":3635.9,"area_band":"3,000~5,000㎡","interest_category":"도로","solar_candidate":"검토필요","candidate_reason":"도로점용 및 실제 이용형태 추가 검토 필요; 면적 3,636㎡","priority_score":35,"source":"경기부동산포털 국공유지조회·연속지적도","source_date":"2026-08-11","installed_solar_match":false}},{"type":"Feature","id":"4137012000104380002","geometry":{"type":"Point","coordinates":[127.0488398,37.1416518]},"properties":{"pnu":"4137012000104380002","municipality_code":"41370","municipality":"오산시","district":"오산시","locality":"누읍동","address":"오산시 누읍동 438-2","owner_type":"시·군유지","owner_label":"오산시","manager":"","property_class":"","land_category":"도로","area_sqm":3618.0,"area_band":"3,000~5,000㎡","interest_category":"도로","solar_candidate":"검토필요","candidate_reason":"도로점용 및 실제 이용형태 추가 검토 필요; 면적 3,618㎡","priority_score":35,"source":"경기부동산포털 국공유지조회·연속지적도","source_date":"2026-08-11","installed_solar_match":false}},{"type":"Feature","id":"4137012000106960000","geometry":{"type":"Point","coordinates":[127.0453622,37.1417792]},"properties":{"pnu":"4137012000106960000","municipality_code":"41370","municipality":"오산시","district":"오산시","locality":"누읍동","address":"오산시 누읍동 696","owner_type":"시·군유지","owner_label":"오산시","manager":"","property_class":"","land_category":"도로","area_sqm":3595.7,"area_band":"3,000~5,000㎡","interest_category":"도로","solar_candidate":"검토필요","candidate_reason":"도로점용 및 실제 이용형태 추가 검토 필요; 면적 3,596㎡","priority_score":35,"source":"경기부동산포털 국공유지조회·연속지적도","source_date":"2026-08-11","installed_solar_match":false}},{"type":"Feature","id":"4137011100104500013","geometry":{"type":"Point","coordinates":[127.0518515,37.192426]},"properties":{"pnu":"4137011100104500013","municipality_code":"41370","municipality":"오산시","district":"오산시","locality":"외삼미동","address":"오산시 외삼미동 450-13","owner_type":"시·군유지","owner_label":"오산시","manager":"","property_class":"","land_category":"도로","area_sqm":3584.0,"area_band":"3,000~5,000㎡","interest_category":"도로","solar_candidate":"검토필요","candidate_reason":"도로점용 및 실제 이용형태 추가 검토 필요; 면적 3,584㎡","priority_score":35,"source":"경기부동산포털 국공유지조회·연속지적도","source_date":"2026-08-11","installed_solar_match":false}},{"type":"Feature","id":"4137011800200090006","geometry":{"type":"Point","coordinates":[127.0418897,37.1347855]},"properties":{"pnu":"4137011800200090006","municipality_code":"41370","municipality":"오산시","district":"오산시","locality":"두곡동","address":"오산시 두곡동 산9-6","owner_type":"시·군유지","owner_label":"오산시","manager":"","property_class":"","land_category":"도로","area_sqm":3566.0,"area_band":"3,000~5,000㎡","interest_category":"도로","solar_candidate":"검토필요","candidate_reason":"도로점용 및 실제 이용형태 추가 검토 필요; 면적 3,566㎡","priority_score":35,"source":"경기부동산포털 국공유지조회·연속지적도","source_date":"2026-08-11","installed_solar_match":false}},{"type":"Feature","id":"4137010100109000000","geometry":{"type":"Point","coordinates":[127.0695585,37.1476699]},"properties":{"pnu":"4137010100109000000","municipality_code":"41370","municipality":"오산시","district":"오산시","locality":"오산동","address":"오산시 오산동 900","owner_type":"시·군유지","owner_label":"오산시","manager":"","property_class":"","land_category":"도로","area_sqm":3541.8,"area_band":"3,000~5,000㎡","interest_category":"도로","solar_candidate":"검토필요","candidate_reason":"도로점용 및 실제 이용형태 추가 검토 필요; 면적 3,542㎡","priority_score":35,"source":"경기부동산포털 국공유지조회·연속지적도","source_date":"2026-08-11","installed_solar_match":false}},{"type":"Feature","id":"4137011100106470000","geometry":{"type":"Point","coordinates":[127.0621466,37.1932973]},"properties":{"pnu":"4137011100106470000","municipality_code":"41370","municipality":"오산시","district":"오산시","locality":"외삼미동","address":"오산시 외삼미동 647","owner_type":"시·군유지","owner_label":"오산시","manager":"","property_class":"","land_category":"도로","area_sqm":3521.2,"area_band":"3,000~5,000㎡","interest_category":"도로","solar_candidate":"검토필요","candidate_reason":"도로점용 및 실제 이용형태 추가 검토 필요; 면적 3,521㎡","priority_score":35,"source":"경기부동산포털 국공유지조회·연속지적도","source_date":"2026-08-11","installed_solar_match":false}},{"type":"Feature","id":"4137010500102770000","geometry":{"type":"Point","coordinates":[127.0509917,37.1558086]},"properties":{"pnu":"4137010500102770000","municipality_code":"41370","municipality":"오산시","district":"오산시","locality":"청학동","address":"오산시 청학동 277","owner_type":"시·군유지","owner_label":"오산시","manager":"","property_class":"","land_category":"도로","area_sqm":3510.6,"area_band":"3,000~5,000㎡","interest_category":"도로","solar_candidate":"검토필요","candidate_reason":"도로점용 및 실제 이용형태 추가 검토 필요; 면적 3,511㎡","priority_score":35,"source":"경기부동산포털 국공유지조회·연속지적도","source_date":"2026-08-11","installed_solar_match":false}},{"type":"Feature","id":"4137012300103320000","geometry":{"type":"Point","coordinates":[127.081887,37.1300212]},"properties":{"pnu":"4137012300103320000","municipality_code":"41370","municipality":"오산시","district":"오산시","locality":"청호동","address":"오산시 청호동 332","owner_type":"시·군유지","owner_label":"오산시","manager":"","property_class":"","land_category":"도로","area_sqm":3477.0,"area_band":"3,000~5,000㎡","interest_category":"도로","solar_candidate":"검토필요","candidate_reason":"도로점용 및 실제 이용형태 추가 검토 필요; 면적 3,477㎡","priority_score":35,"source":"경기부동산포털 국공유지조회·연속지적도","source_date":"2026-08-11","installed_solar_match":false}},{"type":"Feature","id":"4137010300101190171","geometry":{"type":"Point","coordinates":[127.078232,37.1420948]},"properties":{"pnu":"4137010300101190171","municipality_code":"41370","municipality":"오산시","district":"오산시","locality":"원동","address":"오산시 원동 119-171","owner_type":"시·군유지","owner_label":"오산시","manager":"","property_class":"","land_category":"도로","area_sqm":3461.0,"area_band":"3,000~5,000㎡","interest_category":"도로","solar_candidate":"검토필요","candidate_reason":"도로점용 및 실제 이용형태 추가 검토 필요; 면적 3,461㎡","priority_score":35,"source":"경기부동산포털 국공유지조회·연속지적도","source_date":"2026-08-11","installed_solar_match":false}},{"type":"Feature","id":"4137010600104050005","geometry":{"type":"Point","coordinates":[127.0332683,37.165385]},"properties":{"pnu":"4137010600104050005","municipality_code":"41370","municipality":"오산시","district":"오산시","locality":"가장동","address":"오산시 가장동 405-5","owner_type":"시·군유지","owner_label":"오산시","manager":"","property_class":"","land_category":"도로","area_sqm":3436.9,"area_band":"3,000~5,000㎡","interest_category":"도로","solar_candidate":"검토필요","candidate_reason":"도로점용 및 실제 이용형태 추가 검토 필요; 면적 3,437㎡","priority_score":35,"source":"경기부동산포털 국공유지조회·연속지적도","source_date":"2026-08-11","installed_solar_match":false}},{"type":"Feature","id":"4137011100103270015","geometry":{"type":"Point","coordinates":[127.0596201,37.1893822]},"properties":{"pnu":"4137011100103270015","municipality_code":"41370","municipality":"오산시","district":"오산시","locality":"외삼미동","address":"오산시 외삼미동 327-15","owner_type":"시·군유지","owner_label":"오산시","manager":"","property_class":"","land_category":"도로","area_sqm":3436.0,"area_band":"3,000~5,000㎡","interest_category":"도로","solar_candidate":"검토필요","candidate_reason":"도로점용 및 실제 이용형태 추가 검토 필요; 면적 3,436㎡","priority_score":35,"source":"경기부동산포털 국공유지조회·연속지적도","source_date":"2026-08-11","installed_solar_match":false}},{"type":"Feature","id":"4137010400107180000","geometry":{"type":"Point","coordinates":[127.0576163,37.1602537]},"properties":{"pnu":"4137010400107180000","municipality_code":"41370","municipality":"오산시","district":"오산시","locality":"궐동","address":"오산시 궐동 718","owner_type":"시·군유지","owner_label":"오산시","manager":"","property_class":"","land_category":"도로","area_sqm":3411.8,"area_band":"3,000~5,000㎡","interest_category":"도로","solar_candidate":"검토필요","candidate_reason":"도로점용 및 실제 이용형태 추가 검토 필요; 면적 3,412㎡","priority_score":35,"source":"경기부동산포털 국공유지조회·연속지적도","source_date":"2026-08-11","installed_solar_match":false}},{"type":"Feature","id":"4137011400102450003","geometry":{"type":"Point","coordinates":[127.0262229,37.1783954]},"properties":{"pnu":"4137011400102450003","municipality_code":"41370","municipality":"오산시","district":"오산시","locality":"지곶동","address":"오산시 지곶동 245-3","owner_type":"시·군유지","owner_label":"오산시","manager":"","property_class":"","land_category":"도로","area_sqm":3395.0,"area_band":"3,000~5,000㎡","interest_category":"도로","solar_candidate":"검토필요","candidate_reason":"도로점용 및 실제 이용형태 추가 검토 필요; 면적 3,395㎡","priority_score":35,"source":"경기부동산포털 국공유지조회·연속지적도","source_date":"2026-08-11","installed_solar_match":false}},{"type":"Feature","id":"4137010800106030001","geometry":{"type":"Point","coordinates":[127.0517752,37.1746143]},"properties":{"pnu":"4137010800106030001","municipality_code":"41370","municipality":"오산시","district":"오산시","locality":"수청동","address":"오산시 수청동 603-1","owner_type":"시·군유지","owner_label":"오산시","manager":"","property_class":"","land_category":"도로","area_sqm":3393.4,"area_band":"3,000~5,000㎡","interest_category":"도로","solar_candidate":"검토필요","candidate_reason":"도로점용 및 실제 이용형태 추가 검토 필요; 면적 3,393㎡","priority_score":35,"source":"경기부동산포털 국공유지조회·연속지적도","source_date":"2026-08-11","installed_solar_match":false}},{"type":"Feature","id":"4137010700105480007","geometry":{"type":"Point","coordinates":[127.0478041,37.1710281]},"properties":{"pnu":"4137010700105480007","municipality_code":"41370","municipality":"오산시","district":"오산시","locality":"금암동","address":"오산시 금암동 548-7","owner_type":"시·군유지","owner_label":"오산시","manager":"","property_class":"","land_category":"도로","area_sqm":3383.7,"area_band":"3,000~5,000㎡","interest_category":"도로","solar_candidate":"검토필요","candidate_reason":"도로점용 및 실제 이용형태 추가 검토 필요; 면적 3,384㎡","priority_score":35,"source":"경기부동산포털 국공유지조회·연속지적도","source_date":"2026-08-11","installed_solar_match":false}},{"type":"Feature","id":"4137010400107330000","geometry":{"type":"Point","coordinates":[127.0557784,37.1594949]},"properties":{"pnu":"4137010400107330000","municipality_code":"41370","municipality":"오산시","district":"오산시","locality":"궐동","address":"오산시 궐동 733","owner_type":"시·군유지","owner_label":"오산시","manager":"","property_class":"","land_category":"도로","area_sqm":3377.9,"area_band":"3,000~5,000㎡","interest_category":"도로","solar_candidate":"검토필요","candidate_reason":"도로점용 및 실제 이용형태 추가 검토 필요; 면적 3,378㎡","priority_score":35,"source":"경기부동산포털 국공유지조회·연속지적도","source_date":"2026-08-11","installed_solar_match":false}},{"type":"Feature","id":"4137010700105480001","geometry":{"type":"Point","coordinates":[127.0499654,37.1725438]},"properties":{"pnu":"4137010700105480001","municipality_code":"41370","municipality":"오산시","district":"오산시","locality":"금암동","address":"오산시 금암동 548-1","owner_type":"시·군유지","owner_label":"오산시","manager":"","property_class":"","land_category":"도로","area_sqm":3369.2,"area_band":"3,000~5,000㎡","interest_category":"도로","solar_candidate":"검토필요","candidate_reason":"도로점용 및 실제 이용형태 추가 검토 필요; 면적 3,369㎡","priority_score":35,"source":"경기부동산포털 국공유지조회·연속지적도","source_date":"2026-08-11","installed_solar_match":false}},{"type":"Feature","id":"4137010600104050002","geometry":{"type":"Point","coordinates":[127.030802,37.1655504]},"properties":{"pnu":"4137010600104050002","municipality_code":"41370","municipality":"오산시","district":"오산시","locality":"가장동","address":"오산시 가장동 405-2","owner_type":"시·군유지","owner_label":"오산시","manager":"","property_class":"","land_category":"도로","area_sqm":3358.7,"area_band":"3,000~5,000㎡","interest_category":"도로","solar_candidate":"검토필요","candidate_reason":"도로점용 및 실제 이용형태 추가 검토 필요; 면적 3,359㎡","priority_score":35,"source":"경기부동산포털 국공유지조회·연속지적도","source_date":"2026-08-11","installed_solar_match":false}},{"type":"Feature","id":"4137012400107060000","geometry":{"type":"Point","coordinates":[127.0806314,37.1278254]},"properties":{"pnu":"4137012400107060000","municipality_code":"41370","municipality":"오산시","district":"오산시","locality":"갈곶동","address":"오산시 갈곶동 706","owner_type":"시·군유지","owner_label":"오산시","manager":"","property_class":"","land_category":"도로","area_sqm":3330.4,"area_band":"3,000~5,000㎡","interest_category":"도로","solar_candidate":"검토필요","candidate_reason":"도로점용 및 실제 이용형태 추가 검토 필요; 면적 3,330㎡","priority_score":35,"source":"경기부동산포털 국공유지조회·연속지적도","source_date":"2026-08-11","installed_solar_match":false}},{"type":"Feature","id":"4137010100109270000","geometry":{"type":"Point","coordinates":[127.0768497,37.1564719]},"properties":{"pnu":"4137010100109270000","municipality_code":"41370","municipality":"오산시","district":"오산시","locality":"오산동","address":"오산시 오산동 927","owner_type":"시·군유지","owner_label":"오산시","manager":"","property_class":"","land_category":"도로","area_sqm":3327.4,"area_band":"3,000~5,000㎡","interest_category":"도로","solar_candidate":"검토필요","candidate_reason":"도로점용 및 실제 이용형태 추가 검토 필요; 면적 3,327㎡","priority_score":35,"source":"경기부동산포털 국공유지조회·연속지적도","source_date":"2026-08-11","installed_solar_match":false}},{"type":"Feature","id":"4137011000104660025","geometry":{"type":"Point","coordinates":[127.0568809,37.1778953]},"properties":{"pnu":"4137011000104660025","municipality_code":"41370","municipality":"오산시","district":"오산시","locality":"내삼미동","address":"오산시 내삼미동 466-25","owner_type":"시·군유지","owner_label":"오산시","manager":"","property_class":"","land_category":"도로","area_sqm":3325.0,"area_band":"3,000~5,000㎡","interest_category":"도로","solar_candidate":"검토필요","candidate_reason":"도로점용 및 실제 이용형태 추가 검토 필요; 면적 3,325㎡","priority_score":35,"source":"경기부동산포털 국공유지조회·연속지적도","source_date":"2026-08-11","installed_solar_match":false}},{"type":"Feature","id":"4137012400101040016","geometry":{"type":"Point","coordinates":[127.0665948,37.1358652]},"properties":{"pnu":"4137012400101040016","municipality_code":"41370","municipality":"오산시","district":"오산시","locality":"갈곶동","address":"오산시 갈곶동 104-16","owner_type":"시·군유지","owner_label":"오산시","manager":"","property_class":"","land_category":"도로","area_sqm":3315.1,"area_band":"3,000~5,000㎡","interest_category":"도로","solar_candidate":"검토필요","candidate_reason":"도로점용 및 실제 이용형태 추가 검토 필요; 면적 3,315㎡","priority_score":35,"source":"경기부동산포털 국공유지조회·연속지적도","source_date":"2026-08-11","installed_solar_match":false}},{"type":"Feature","id":"4137010500103140001","geometry":{"type":"Point","coordinates":[127.0527285,37.1541936]},"properties":{"pnu":"4137010500103140001","municipality_code":"41370","municipality":"오산시","district":"오산시","locality":"청학동","address":"오산시 청학동 314-1","owner_type":"시·군유지","owner_label":"오산시","manager":"","property_class":"","land_category":"도로","area_sqm":3314.1,"area_band":"3,000~5,000㎡","interest_category":"도로","solar_candidate":"검토필요","candidate_reason":"도로점용 및 실제 이용형태 추가 검토 필요; 면적 3,314㎡","priority_score":35,"source":"경기부동산포털 국공유지조회·연속지적도","source_date":"2026-08-11","installed_solar_match":false}},{"type":"Feature","id":"4137010500101880017","geometry":{"type":"Point","coordinates":[127.0592464,37.1510652]},"properties":{"pnu":"4137010500101880017","municipality_code":"41370","municipality":"오산시","district":"오산시","locality":"청학동","address":"오산시 청학동 188-17","owner_type":"시·군유지","owner_label":"오산시","manager":"","property_class":"","land_category":"도로","area_sqm":3308.0,"area_band":"3,000~5,000㎡","interest_category":"도로","solar_candidate":"검토필요","candidate_reason":"도로점용 및 실제 이용형태 추가 검토 필요; 면적 3,308㎡","priority_score":35,"source":"경기부동산포털 국공유지조회·연속지적도","source_date":"2026-08-11","installed_solar_match":false}},{"type":"Feature","id":"4137010400100900003","geometry":{"type":"Point","coordinates":[127.0646892,37.157037]},"properties":{"pnu":"4137010400100900003","municipality_code":"41370","municipality":"오산시","district":"오산시","locality":"궐동","address":"오산시 궐동 90-3","owner_type":"시·군유지","owner_label":"오산시","manager":"","property_class":"","land_category":"도로","area_sqm":3299.0,"area_band":"3,000~5,000㎡","interest_category":"도로","solar_candidate":"검토필요","candidate_reason":"도로점용 및 실제 이용형태 추가 검토 필요; 면적 3,299㎡","priority_score":35,"source":"경기부동산포털 국공유지조회·연속지적도","source_date":"2026-08-11","installed_solar_match":false}},{"type":"Feature","id":"4137011000108910000","geometry":{"type":"Point","coordinates":[127.0549615,37.1753747]},"properties":{"pnu":"4137011000108910000","municipality_code":"41370","municipality":"오산시","district":"오산시","locality":"내삼미동","address":"오산시 내삼미동 891","owner_type":"시·군유지","owner_label":"오산시","manager":"","property_class":"","land_category":"도로","area_sqm":3290.2,"area_band":"3,000~5,000㎡","interest_category":"도로","solar_candidate":"검토필요","candidate_reason":"도로점용 및 실제 이용형태 추가 검토 필요; 면적 3,290㎡","priority_score":35,"source":"경기부동산포털 국공유지조회·연속지적도","source_date":"2026-08-11","installed_solar_match":false}},{"type":"Feature","id":"4137010400107400000","geometry":{"type":"Point","coordinates":[127.0556212,37.1578633]},"properties":{"pnu":"4137010400107400000","municipality_code":"41370","municipality":"오산시","district":"오산시","locality":"궐동","address":"오산시 궐동 740","owner_type":"시·군유지","owner_label":"오산시","manager":"","property_class":"","land_category":"도로","area_sqm":3289.6,"area_band":"3,000~5,000㎡","interest_category":"도로","solar_candidate":"검토필요","candidate_reason":"도로점용 및 실제 이용형태 추가 검토 필요; 면적 3,290㎡","priority_score":35,"source":"경기부동산포털 국공유지조회·연속지적도","source_date":"2026-08-11","installed_solar_match":false}},{"type":"Feature","id":"4137010400107420000","geometry":{"type":"Point","coordinates":[127.0569783,37.1567988]},"properties":{"pnu":"4137010400107420000","municipality_code":"41370","municipality":"오산시","district":"오산시","locality":"궐동","address":"오산시 궐동 742","owner_type":"시·군유지","owner_label":"오산시","manager":"","property_class":"","land_category":"도로","area_sqm":3275.4,"area_band":"3,000~5,000㎡","interest_category":"도로","solar_candidate":"검토필요","candidate_reason":"도로점용 및 실제 이용형태 추가 검토 필요; 면적 3,275㎡","priority_score":35,"source":"경기부동산포털 국공유지조회·연속지적도","source_date":"2026-08-11","installed_solar_match":false}},{"type":"Feature","id":"4137011400105640002","geometry":{"type":"Point","coordinates":[127.0286012,37.1719284]},"properties":{"pnu":"4137011400105640002","municipality_code":"41370","municipality":"오산시","district":"오산시","locality":"지곶동","address":"오산시 지곶동 564-2","owner_type":"시·군유지","owner_label":"오산시","manager":"","property_class":"","land_category":"도로","area_sqm":3268.6,"area_band":"3,000~5,000㎡","interest_category":"도로","solar_candidate":"검토필요","candidate_reason":"도로점용 및 실제 이용형태 추가 검토 필요; 면적 3,269㎡","priority_score":35,"source":"경기부동산포털 국공유지조회·연속지적도","source_date":"2026-08-11","installed_solar_match":false}},{"type":"Feature","id":"4137011900102860000","geometry":{"type":"Point","coordinates":[127.050146,37.1366255]},"properties":{"pnu":"4137011900102860000","municipality_code":"41370","municipality":"오산시","district":"오산시","locality":"탑동","address":"오산시 탑동 286","owner_type":"시·군유지","owner_label":"오산시","manager":"","property_class":"","land_category":"도로","area_sqm":3246.3,"area_band":"3,000~5,000㎡","interest_category":"도로","solar_candidate":"검토필요","candidate_reason":"도로점용 및 실제 이용형태 추가 검토 필요; 면적 3,246㎡","priority_score":35,"source":"경기부동산포털 국공유지조회·연속지적도","source_date":"2026-08-11","installed_solar_match":false}},{"type":"Feature","id":"4137010800100050001","geometry":{"type":"Point","coordinates":[127.0683544,37.1671425]},"properties":{"pnu":"4137010800100050001","municipality_code":"41370","municipality":"오산시","district":"오산시","locality":"수청동","address":"오산시 수청동 5-1","owner_type":"시·군유지","owner_label":"오산시","manager":"","property_class":"","land_category":"도로","area_sqm":3238.0,"area_band":"3,000~5,000㎡","interest_category":"도로","solar_candidate":"검토필요","candidate_reason":"도로점용 및 실제 이용형태 추가 검토 필요; 면적 3,238㎡","priority_score":35,"source":"경기부동산포털 국공유지조회·연속지적도","source_date":"2026-08-11","installed_solar_match":false}},{"type":"Feature","id":"4137010400107230000","geometry":{"type":"Point","coordinates":[127.0633968,37.1580355]},"properties":{"pnu":"4137010400107230000","municipality_code":"41370","municipality":"오산시","district":"오산시","locality":"궐동","address":"오산시 궐동 723","owner_type":"시·군유지","owner_label":"오산시","manager":"","property_class":"","land_category":"도로","area_sqm":3229.8,"area_band":"3,000~5,000㎡","interest_category":"도로","solar_candidate":"검토필요","candidate_reason":"도로점용 및 실제 이용형태 추가 검토 필요; 면적 3,230㎡","priority_score":35,"source":"경기부동산포털 국공유지조회·연속지적도","source_date":"2026-08-11","installed_solar_match":false}},{"type":"Feature","id":"4137011400106130000","geometry":{"type":"Point","coordinates":[127.0338184,37.173213]},"properties":{"pnu":"4137011400106130000","municipality_code":"41370","municipality":"오산시","district":"오산시","locality":"지곶동","address":"오산시 지곶동 613","owner_type":"시·군유지","owner_label":"오산시","manager":"","property_class":"","land_category":"도로","area_sqm":3219.4,"area_band":"3,000~5,000㎡","interest_category":"도로","solar_candidate":"검토필요","candidate_reason":"도로점용 및 실제 이용형태 추가 검토 필요; 면적 3,219㎡","priority_score":35,"source":"경기부동산포털 국공유지조회·연속지적도","source_date":"2026-08-11","installed_solar_match":false}},{"type":"Feature","id":"4137010400107240000","geometry":{"type":"Point","coordinates":[127.0613462,37.1576798]},"properties":{"pnu":"4137010400107240000","municipality_code":"41370","municipality":"오산시","district":"오산시","locality":"궐동","address":"오산시 궐동 724","owner_type":"시·군유지","owner_label":"오산시","manager":"","property_class":"","land_category":"도로","area_sqm":3210.0,"area_band":"3,000~5,000㎡","interest_category":"도로","solar_candidate":"검토필요","candidate_reason":"도로점용 및 실제 이용형태 추가 검토 필요; 면적 3,210㎡","priority_score":35,"source":"경기부동산포털 국공유지조회·연속지적도","source_date":"2026-08-11","installed_solar_match":false}},{"type":"Feature","id":"4137010300100370000","geometry":{"type":"Point","coordinates":[127.0854966,37.143894]},"properties":{"pnu":"4137010300100370000","municipality_code":"41370","municipality":"오산시","district":"오산시","locality":"원동","address":"오산시 원동 37","owner_type":"시·군유지","owner_label":"오산시","manager":"","property_class":"","land_category":"도로","area_sqm":3199.0,"area_band":"3,000~5,000㎡","interest_category":"도로","solar_candidate":"검토필요","candidate_reason":"도로점용 및 실제 이용형태 추가 검토 필요; 면적 3,199㎡","priority_score":35,"source":"경기부동산포털 국공유지조회·연속지적도","source_date":"2026-08-11","installed_solar_match":false}},{"type":"Feature","id":"4137010100102160003","geometry":{"type":"Point","coordinates":[127.0810346,37.1485833]},"properties":{"pnu":"4137010100102160003","municipality_code":"41370","municipality":"오산시","district":"오산시","locality":"오산동","address":"오산시 오산동 216-3","owner_type":"시·군유지","owner_label":"오산시","manager":"","property_class":"","land_category":"도로","area_sqm":3185.0,"area_band":"3,000~5,000㎡","interest_category":"도로","solar_candidate":"검토필요","candidate_reason":"도로점용 및 실제 이용형태 추가 검토 필요; 면적 3,185㎡","priority_score":35,"source":"경기부동산포털 국공유지조회·연속지적도","source_date":"2026-08-11","installed_solar_match":false}},{"type":"Feature","id":"4137010700105040001","geometry":{"type":"Point","coordinates":[127.0515452,37.1787915]},"properties":{"pnu":"4137010700105040001","municipality_code":"41370","municipality":"오산시","district":"오산시","locality":"금암동","address":"오산시 금암동 504-1","owner_type":"시·군유지","owner_label":"오산시","manager":"","property_class":"","land_category":"도로","area_sqm":3165.9,"area_band":"3,000~5,000㎡","interest_category":"도로","solar_candidate":"검토필요","candidate_reason":"도로점용 및 실제 이용형태 추가 검토 필요; 면적 3,166㎡","priority_score":35,"source":"경기부동산포털 국공유지조회·연속지적도","source_date":"2026-08-11","installed_solar_match":false}},{"type":"Feature","id":"4137012000100330003","geometry":{"type":"Point","coordinates":[127.0581172,37.1426129]},"properties":{"pnu":"4137012000100330003","municipality_code":"41370","municipality":"오산시","district":"오산시","locality":"누읍동","address":"오산시 누읍동 33-3","owner_type":"시·군유지","owner_label":"오산시","manager":"","property_class":"","land_category":"도로","area_sqm":3157.0,"area_band":"3,000~5,000㎡","interest_category":"도로","solar_candidate":"검토필요","candidate_reason":"도로점용 및 실제 이용형태 추가 검토 필요; 면적 3,157㎡","priority_score":35,"source":"경기부동산포털 국공유지조회·연속지적도","source_date":"2026-08-11","installed_solar_match":false}},{"type":"Feature","id":"4137010400107340000","geometry":{"type":"Point","coordinates":[127.0558136,37.1584536]},"properties":{"pnu":"4137010400107340000","municipality_code":"41370","municipality":"오산시","district":"오산시","locality":"궐동","address":"오산시 궐동 734","owner_type":"시·군유지","owner_label":"오산시","manager":"","property_class":"","land_category":"도로","area_sqm":3150.2,"area_band":"3,000~5,000㎡","interest_category":"도로","solar_candidate":"검토필요","candidate_reason":"도로점용 및 실제 이용형태 추가 검토 필요; 면적 3,150㎡","priority_score":35,"source":"경기부동산포털 국공유지조회·연속지적도","source_date":"2026-08-11","installed_solar_match":false}},{"type":"Feature","id":"4137010700105050001","geometry":{"type":"Point","coordinates":[127.0551038,37.177649]},"properties":{"pnu":"4137010700105050001","municipality_code":"41370","municipality":"오산시","district":"오산시","locality":"금암동","address":"오산시 금암동 505-1","owner_type":"시·군유지","owner_label":"오산시","manager":"","property_class":"","land_category":"도로","area_sqm":3133.9,"area_band":"3,000~5,000㎡","interest_category":"도로","solar_candidate":"검토필요","candidate_reason":"도로점용 및 실제 이용형태 추가 검토 필요; 면적 3,134㎡","priority_score":35,"source":"경기부동산포털 국공유지조회·연속지적도","source_date":"2026-08-11","installed_solar_match":false}},{"type":"Feature","id":"4137010400107520000","geometry":{"type":"Point","coordinates":[127.049134,37.1687555]},"properties":{"pnu":"4137010400107520000","municipality_code":"41370","municipality":"오산시","district":"오산시","locality":"궐동","address":"오산시 궐동 752","owner_type":"시·군유지","owner_label":"오산시","manager":"","property_class":"","land_category":"도로","area_sqm":3132.9,"area_band":"3,000~5,000㎡","interest_category":"도로","solar_candidate":"검토필요","candidate_reason":"도로점용 및 실제 이용형태 추가 검토 필요; 면적 3,133㎡","priority_score":35,"source":"경기부동산포털 국공유지조회·연속지적도","source_date":"2026-08-11","installed_solar_match":false}},{"type":"Feature","id":"4137010600100050003","geometry":{"type":"Point","coordinates":[127.0428364,37.16326]},"properties":{"pnu":"4137010600100050003","municipality_code":"41370","municipality":"오산시","district":"오산시","locality":"가장동","address":"오산시 가장동 5-3","owner_type":"시·군유지","owner_label":"오산시","manager":"","property_class":"","land_category":"도로","area_sqm":3119.0,"area_band":"3,000~5,000㎡","interest_category":"도로","solar_candidate":"검토필요","candidate_reason":"도로점용 및 실제 이용형태 추가 검토 필요; 면적 3,119㎡","priority_score":35,"source":"경기부동산포털 국공유지조회·연속지적도","source_date":"2026-08-11","installed_solar_match":false}},{"type":"Feature","id":"4137010600103790004","geometry":{"type":"Point","coordinates":[127.0398778,37.16163]},"properties":{"pnu":"4137010600103790004","municipality_code":"41370","municipality":"오산시","district":"오산시","locality":"가장동","address":"오산시 가장동 379-4","owner_type":"시·군유지","owner_label":"오산시","manager":"","property_class":"","land_category":"도로","area_sqm":3105.7,"area_band":"3,000~5,000㎡","interest_category":"도로","solar_candidate":"검토필요","candidate_reason":"도로점용 및 실제 이용형태 추가 검토 필요; 면적 3,106㎡","priority_score":35,"source":"경기부동산포털 국공유지조회·연속지적도","source_date":"2026-08-11","installed_solar_match":false}},{"type":"Feature","id":"4137012400107110000","geometry":{"type":"Point","coordinates":[127.0678294,37.1356331]},"properties":{"pnu":"4137012400107110000","municipality_code":"41370","municipality":"오산시","district":"오산시","locality":"갈곶동","address":"오산시 갈곶동 711","owner_type":"시·군유지","owner_label":"오산시","manager":"","property_class":"","land_category":"도로","area_sqm":3104.4,"area_band":"3,000~5,000㎡","interest_category":"도로","solar_candidate":"검토필요","candidate_reason":"도로점용 및 실제 이용형태 추가 검토 필요; 면적 3,104㎡","priority_score":35,"source":"경기부동산포털 국공유지조회·연속지적도","source_date":"2026-08-11","installed_solar_match":false}},{"type":"Feature","id":"4137010200100550002","geometry":{"type":"Point","coordinates":[127.0920011,37.1537221]},"properties":{"pnu":"4137010200100550002","municipality_code":"41370","municipality":"오산시","district":"오산시","locality":"부산동","address":"오산시 부산동 55-2","owner_type":"시·군유지","owner_label":"오산시","manager":"","property_class":"","land_category":"도로","area_sqm":3101.0,"area_band":"3,000~5,000㎡","interest_category":"도로","solar_candidate":"검토필요","candidate_reason":"도로점용 및 실제 이용형태 추가 검토 필요; 면적 3,101㎡","priority_score":35,"source":"경기부동산포털 국공유지조회·연속지적도","source_date":"2026-08-11","installed_solar_match":false}},{"type":"Feature","id":"4137010400107320000","geometry":{"type":"Point","coordinates":[127.0567039,37.1587863]},"properties":{"pnu":"4137010400107320000","municipality_code":"41370","municipality":"오산시","district":"오산시","locality":"궐동","address":"오산시 궐동 732","owner_type":"시·군유지","owner_label":"오산시","manager":"","property_class":"","land_category":"도로","area_sqm":3082.1,"area_band":"3,000~5,000㎡","interest_category":"도로","solar_candidate":"검토필요","candidate_reason":"도로점용 및 실제 이용형태 추가 검토 필요; 면적 3,082㎡","priority_score":35,"source":"경기부동산포털 국공유지조회·연속지적도","source_date":"2026-08-11","installed_solar_match":false}},{"type":"Feature","id":"4137011000108740000","geometry":{"type":"Point","coordinates":[127.0587461,37.1732995]},"properties":{"pnu":"4137011000108740000","municipality_code":"41370","municipality":"오산시","district":"오산시","locality":"내삼미동","address":"오산시 내삼미동 874","owner_type":"시·군유지","owner_label":"오산시","manager":"","property_class":"","land_category":"도로","area_sqm":3067.0,"area_band":"3,000~5,000㎡","interest_category":"도로","solar_candidate":"검토필요","candidate_reason":"도로점용 및 실제 이용형태 추가 검토 필요; 면적 3,067㎡","priority_score":35,"source":"경기부동산포털 국공유지조회·연속지적도","source_date":"2026-08-11","installed_solar_match":false}},{"type":"Feature","id":"4137010500103270000","geometry":{"type":"Point","coordinates":[127.0535296,37.1525807]},"properties":{"pnu":"4137010500103270000","municipality_code":"41370","municipality":"오산시","district":"오산시","locality":"청학동","address":"오산시 청학동 327","owner_type":"시·군유지","owner_label":"오산시","manager":"","property_class":"","land_category":"도로","area_sqm":3018.3,"area_band":"3,000~5,000㎡","interest_category":"도로","solar_candidate":"검토필요","candidate_reason":"도로점용 및 실제 이용형태 추가 검토 필요; 면적 3,018㎡","priority_score":35,"source":"경기부동산포털 국공유지조회·연속지적도","source_date":"2026-08-11","installed_solar_match":false}},{"type":"Feature","id":"4137010100100430023","geometry":{"type":"Point","coordinates":[127.0746525,37.15858]},"properties":{"pnu":"4137010100100430023","municipality_code":"41370","municipality":"오산시","district":"오산시","locality":"오산동","address":"오산시 오산동 43-23","owner_type":"시·군유지","owner_label":"오산시","manager":"","property_class":"","land_category":"체육용지","area_sqm":479.0,"area_band":"100~500㎡","interest_category":"체육용지","solar_candidate":"검토필요","candidate_reason":"체육시설·주차장 상부 활용 가능성 추가 검토; 면적 479㎡","priority_score":35,"source":"경기부동산포털 국공유지조회·연속지적도","source_date":"2026-08-11","installed_solar_match":false}},{"type":"Feature","id":"4137010100108140057","geometry":{"type":"Point","coordinates":[127.0752537,37.1574537]},"properties":{"pnu":"4137010100108140057","municipality_code":"41370","municipality":"오산시","district":"오산시","locality":"오산동","address":"오산시 오산동 814-57","owner_type":"시·군유지","owner_label":"오산시","manager":"","property_class":"","land_category":"체육용지","area_sqm":462.0,"area_band":"100~500㎡","interest_category":"체육용지","solar_candidate":"검토필요","candidate_reason":"체육시설·주차장 상부 활용 가능성 추가 검토; 면적 462㎡","priority_score":35,"source":"경기부동산포털 국공유지조회·연속지적도","source_date":"2026-08-11","installed_solar_match":false}},{"type":"Feature","id":"4137010100100430022","geometry":{"type":"Point","coordinates":[127.0748501,37.158453]},"properties":{"pnu":"4137010100100430022","municipality_code":"41370","municipality":"오산시","district":"오산시","locality":"오산동","address":"오산시 오산동 43-22","owner_type":"시·군유지","owner_label":"오산시","manager":"","property_class":"","land_category":"체육용지","area_sqm":460.0,"area_band":"100~500㎡","interest_category":"체육용지","solar_candidate":"검토필요","candidate_reason":"체육시설·주차장 상부 활용 가능성 추가 검토; 면적 460㎡","priority_score":35,"source":"경기부동산포털 국공유지조회·연속지적도","source_date":"2026-08-11","installed_solar_match":false}},{"type":"Feature","id":"4137010100103450010","geometry":{"type":"Point","coordinates":[127.0703119,37.1554628]},"properties":{"pnu":"4137010100103450010","municipality_code":"41370","municipality":"오산시","district":"오산시","locality":"오산동","address":"오산시 오산동 345-10","owner_type":"시·군유지","owner_label":"오산시","manager":"","property_class":"","land_category":"체육용지","area_sqm":455.0,"area_band":"100~500㎡","interest_category":"체육용지","solar_candidate":"검토필요","candidate_reason":"체육시설·주차장 상부 활용 가능성 추가 검토; 면적 455㎡","priority_score":35,"source":"경기부동산포털 국공유지조회·연속지적도","source_date":"2026-08-11","installed_solar_match":false}},{"type":"Feature","id":"4137010100100430015","geometry":{"type":"Point","coordinates":[127.0752936,37.158584]},"properties":{"pnu":"4137010100100430015","municipality_code":"41370","municipality":"오산시","district":"오산시","locality":"오산동","address":"오산시 오산동 43-15","owner_type":"시·군유지","owner_label":"오산시","manager":"","property_class":"","land_category":"체육용지","area_sqm":450.0,"area_band":"100~500㎡","interest_category":"체육용지","solar_candidate":"검토필요","candidate_reason":"체육시설·주차장 상부 활용 가능성 추가 검토; 면적 450㎡","priority_score":35,"source":"경기부동산포털 국공유지조회·연속지적도","source_date":"2026-08-11","installed_solar_match":true,"installed_solar_count":5,"installed_solar_area_sqm":52.8,"installed_solar_analysis_years":["2024"],"installed_solar_types":["공공시설물"],"installed_solar_permit_status_counts":{"N":5}}},{"type":"Feature","id":"4137010100100420008","geometry":{"type":"Point","coordinates":[127.0753466,37.1576555]},"properties":{"pnu":"4137010100100420008","municipality_code":"41370","municipality":"오산시","district":"오산시","locality":"오산동","address":"오산시 오산동 42-8","owner_type":"시·군유지","owner_label":"오산시","manager":"","property_class":"","land_category":"체육용지","area_sqm":393.0,"area_band":"100~500㎡","interest_category":"체육용지","solar_candidate":"검토필요","candidate_reason":"체육시설·주차장 상부 활용 가능성 추가 검토; 면적 393㎡","priority_score":35,"source":"경기부동산포털 국공유지조회·연속지적도","source_date":"2026-08-11","installed_solar_match":false}},{"type":"Feature","id":"4137010100100430010","geometry":{"type":"Point","coordinates":[127.0760209,37.1593077]},"properties":{"pnu":"4137010100100430010","municipality_code":"41370","municipality":"오산시","district":"오산시","locality":"오산동","address":"오산시 오산동 43-10","owner_type":"시·군유지","owner_label":"오산시","manager":"","property_class":"","land_category":"체육용지","area_sqm":387.0,"area_band":"100~500㎡","interest_category":"체육용지","solar_candidate":"검토필요","candidate_reason":"체육시설·주차장 상부 활용 가능성 추가 검토; 면적 387㎡","priority_score":35,"source":"경기부동산포털 국공유지조회·연속지적도","source_date":"2026-08-11","installed_solar_match":false}},{"type":"Feature","id":"4137010100100430025","geometry":{"type":"Point","coordinates":[127.074554,37.158306]},"properties":{"pnu":"4137010100100430025","municipality_code":"41370","municipality":"오산시","district":"오산시","locality":"오산동","address":"오산시 오산동 43-25","owner_type":"시·군유지","owner_label":"오산시","manager":"","property_class":"","land_category":"체육용지","area_sqm":360.0,"area_band":"100~500㎡","interest_category":"체육용지","solar_candidate":"검토필요","candidate_reason":"체육시설·주차장 상부 활용 가능성 추가 검토; 면적 360㎡","priority_score":35,"source":"경기부동산포털 국공유지조회·연속지적도","source_date":"2026-08-11","installed_solar_match":false}},{"type":"Feature","id":"4137010100100420006","geometry":{"type":"Point","coordinates":[127.0755974,37.157794]},"properties":{"pnu":"4137010100100420006","municipality_code":"41370","municipality":"오산시","district":"오산시","locality":"오산동","address":"오산시 오산동 42-6","owner_type":"시·군유지","owner_label":"오산시","manager":"","property_class":"","land_category":"체육용지","area_sqm":357.0,"area_band":"100~500㎡","interest_category":"체육용지","solar_candidate":"검토필요","candidate_reason":"체육시설·주차장 상부 활용 가능성 추가 검토; 면적 357㎡","priority_score":35,"source":"경기부동산포털 국공유지조회·연속지적도","source_date":"2026-08-11","installed_solar_match":false}},{"type":"Feature","id":"4137010100100530001","geometry":{"type":"Point","coordinates":[127.0751469,37.1574809]},"properties":{"pnu":"4137010100100530001","municipality_code":"41370","municipality":"오산시","district":"오산시","locality":"오산동","address":"오산시 오산동 53-1","owner_type":"시·군유지","owner_label":"오산시","manager":"","property_class":"","land_category":"체육용지","area_sqm":350.0,"area_band":"100~500㎡","interest_category":"체육용지","solar_candidate":"검토필요","candidate_reason":"체육시설·주차장 상부 활용 가능성 추가 검토; 면적 350㎡","priority_score":35,"source":"경기부동산포털 국공유지조회·연속지적도","source_date":"2026-08-11","installed_solar_match":false}},{"type":"Feature","id":"4137010100100430016","geometry":{"type":"Point","coordinates":[127.0751761,37.1587086]},"properties":{"pnu":"4137010100100430016","municipality_code":"41370","municipality":"오산시","district":"오산시","locality":"오산동","address":"오산시 오산동 43-16","owner_type":"시·군유지","owner_label":"오산시","manager":"","property_class":"","land_category":"체육용지","area_sqm":341.0,"area_band":"100~500㎡","interest_category":"체육용지","solar_candidate":"검토필요","candidate_reason":"체육시설·주차장 상부 활용 가능성 추가 검토; 면적 341㎡","priority_score":35,"source":"경기부동산포털 국공유지조회·연속지적도","source_date":"2026-08-11","installed_solar_match":true,"installed_solar_count":5,"installed_solar_area_sqm":44.5,"installed_solar_analysis_years":["2024"],"installed_solar_types":["공공시설물"],"installed_solar_permit_status_counts":{"N":5}}},{"type":"Feature","id":"4137010100100420011","geometry":{"type":"Point","coordinates":[127.0757681,37.1577155]},"properties":{"pnu":"4137010100100420011","municipality_code":"41370","municipality":"오산시","district":"오산시","locality":"오산동","address":"오산시 오산동 42-11","owner_type":"시·군유지","owner_label":"오산시","manager":"","property_class":"","land_category":"체육용지","area_sqm":336.0,"area_band":"100~500㎡","interest_category":"체육용지","solar_candidate":"검토필요","candidate_reason":"체육시설·주차장 상부 활용 가능성 추가 검토; 면적 336㎡","priority_score":35,"source":"경기부동산포털 국공유지조회·연속지적도","source_date":"2026-08-11","installed_solar_match":false}},{"type":"Feature","id":"4137010100100340012","geometry":{"type":"Point","coordinates":[127.0764274,37.1583192]},"properties":{"pnu":"4137010100100340012","municipality_code":"41370","municipality":"오산시","district":"오산시","locality":"오산동","address":"오산시 오산동 34-12","owner_type":"시·군유지","owner_label":"오산시","manager":"","property_class":"","land_category":"체육용지","area_sqm":321.0,"area_band":"100~500㎡","interest_category":"체육용지","solar_candidate":"검토필요","candidate_reason":"체육시설·주차장 상부 활용 가능성 추가 검토; 면적 321㎡","priority_score":35,"source":"경기부동산포털 국공유지조회·연속지적도","source_date":"2026-08-11","installed_solar_match":false}},{"type":"Feature","id":"4137010100100520000","geometry":{"type":"Point","coordinates":[127.0749202,37.1575757]},"properties":{"pnu":"4137010100100520000","municipality_code":"41370","municipality":"오산시","district":"오산시","locality":"오산동","address":"오산시 오산동 52","owner_type":"시·군유지","owner_label":"오산시","manager":"","property_class":"","land_category":"체육용지","area_sqm":317.0,"area_band":"100~500㎡","interest_category":"체육용지","solar_candidate":"검토필요","candidate_reason":"체육시설·주차장 상부 활용 가능성 추가 검토; 면적 317㎡","priority_score":35,"source":"경기부동산포털 국공유지조회·연속지적도","source_date":"2026-08-11","installed_solar_match":false}},{"type":"Feature","id":"4137010100100420007","geometry":{"type":"Point","coordinates":[127.0754558,37.1577613]},"properties":{"pnu":"4137010100100420007","municipality_code":"41370","municipality":"오산시","district":"오산시","locality":"오산동","address":"오산시 오산동 42-7","owner_type":"시·군유지","owner_label":"오산시","manager":"","property_class":"","land_category":"체육용지","area_sqm":314.0,"area_band":"100~500㎡","interest_category":"체육용지","solar_candidate":"검토필요","candidate_reason":"체육시설·주차장 상부 활용 가능성 추가 검토; 면적 314㎡","priority_score":35,"source":"경기부동산포털 국공유지조회·연속지적도","source_date":"2026-08-11","installed_solar_match":false}},{"type":"Feature","id":"4137010900101010000","geometry":{"type":"Point","coordinates":[127.072792,37.1575075]},"properties":{"pnu":"4137010900101010000","municipality_code":"41370","municipality":"오산시","district":"오산시","locality":"은계동","address":"오산시 은계동 101","owner_type":"시·군유지","owner_label":"오산시","manager":"","property_class":"","land_category":"체육용지","area_sqm":311.0,"area_band":"100~500㎡","interest_category":"체육용지","solar_candidate":"검토필요","candidate_reason":"체육시설·주차장 상부 활용 가능성 추가 검토; 면적 311㎡","priority_score":35,"source":"경기부동산포털 국공유지조회·연속지적도","source_date":"2026-08-11","installed_solar_match":false}},{"type":"Feature","id":"4137010100100430027","geometry":{"type":"Point","coordinates":[127.0749865,37.1578209]},"properties":{"pnu":"4137010100100430027","municipality_code":"41370","municipality":"오산시","district":"오산시","locality":"오산동","address":"오산시 오산동 43-27","owner_type":"시·군유지","owner_label":"오산시","manager":"","property_class":"","land_category":"체육용지","area_sqm":301.0,"area_band":"100~500㎡","interest_category":"체육용지","solar_candidate":"검토필요","candidate_reason":"체육시설·주차장 상부 활용 가능성 추가 검토; 면적 301㎡","priority_score":35,"source":"경기부동산포털 국공유지조회·연속지적도","source_date":"2026-08-11","installed_solar_match":false}},{"type":"Feature","id":"4137010100100430008","geometry":{"type":"Point","coordinates":[127.0759515,37.1584117]},"properties":{"pnu":"4137010100100430008","municipality_code":"41370","municipality":"오산시","district":"오산시","locality":"오산동","address":"오산시 오산동 43-8","owner_type":"시·군유지","owner_label":"오산시","manager":"","property_class":"","land_category":"체육용지","area_sqm":298.0,"area_band":"100~500㎡","interest_category":"체육용지","solar_candidate":"검토필요","candidate_reason":"체육시설·주차장 상부 활용 가능성 추가 검토; 면적 298㎡","priority_score":35,"source":"경기부동산포털 국공유지조회·연속지적도","source_date":"2026-08-11","installed_solar_match":false}},{"type":"Feature","id":"4137010100100430005","geometry":{"type":"Point","coordinates":[127.0756282,37.1581893]},"properties":{"pnu":"4137010100100430005","municipality_code":"41370","municipality":"오산시","district":"오산시","locality":"오산동","address":"오산시 오산동 43-5","owner_type":"시·군유지","owner_label":"오산시","manager":"","property_class":"","land_category":"체육용지","area_sqm":294.0,"area_band":"100~500㎡","interest_category":"체육용지","solar_candidate":"검토필요","candidate_reason":"체육시설·주차장 상부 활용 가능성 추가 검토; 면적 294㎡","priority_score":35,"source":"경기부동산포털 국공유지조회·연속지적도","source_date":"2026-08-11","installed_solar_match":false}},{"type":"Feature","id":"4137010100100420003","geometry":{"type":"Point","coordinates":[127.0758396,37.1578029]},"properties":{"pnu":"4137010100100420003","municipality_code":"41370","municipality":"오산시","district":"오산시","locality":"오산동","address":"오산시 오산동 42-3","owner_type":"시·군유지","owner_label":"오산시","manager":"","property_class":"","land_category":"체육용지","area_sqm":288.0,"area_band":"100~500㎡","interest_category":"체육용지","solar_candidate":"검토필요","candidate_reason":"체육시설·주차장 상부 활용 가능성 추가 검토; 면적 288㎡","priority_score":35,"source":"경기부동산포털 국공유지조회·연속지적도","source_date":"2026-08-11","installed_solar_match":false}},{"type":"Feature","id":"4137010100100430009","geometry":{"type":"Point","coordinates":[127.0758368,37.1593423]},"properties":{"pnu":"4137010100100430009","municipality_code":"41370","municipality":"오산시","district":"오산시","locality":"오산동","address":"오산시 오산동 43-9","owner_type":"시·군유지","owner_label":"오산시","manager":"","property_class":"","land_category":"체육용지","area_sqm":255.0,"area_band":"100~500㎡","interest_category":"체육용지","solar_candidate":"검토필요","candidate_reason":"체육시설·주차장 상부 활용 가능성 추가 검토; 면적 255㎡","priority_score":35,"source":"경기부동산포털 국공유지조회·연속지적도","source_date":"2026-08-11","installed_solar_match":false}},{"type":"Feature","id":"4137010100100470001","geometry":{"type":"Point","coordinates":[127.0742538,37.158445]},"properties":{"pnu":"4137010100100470001","municipality_code":"41370","municipality":"오산시","district":"오산시","locality":"오산동","address":"오산시 오산동 47-1","owner_type":"시·군유지","owner_label":"오산시","manager":"","property_class":"","land_category":"체육용지","area_sqm":223.0,"area_band":"100~500㎡","interest_category":"체육용지","solar_candidate":"검토필요","candidate_reason":"체육시설·주차장 상부 활용 가능성 추가 검토; 면적 223㎡","priority_score":35,"source":"경기부동산포털 국공유지조회·연속지적도","source_date":"2026-08-11","installed_solar_match":false}},{"type":"Feature","id":"4137011300105100012","geometry":{"type":"Point","coordinates":[127.0361461,37.1852312]},"properties":{"pnu":"4137011300105100012","municipality_code":"41370","municipality":"오산시","district":"오산시","locality":"세교동","address":"오산시 세교동 510-12","owner_type":"시·군유지","owner_label":"오산시","manager":"","property_class":"","land_category":"창고용지","area_sqm":212.3,"area_band":"100~500㎡","interest_category":"창고용지","solar_candidate":"검토필요","candidate_reason":"지목·면적 기준 1차 검토 대상; 면적 212㎡","priority_score":35,"source":"경기부동산포털 국공유지조회·연속지적도","source_date":"2026-08-11","installed_solar_match":false}},{"type":"Feature","id":"4137010100100420001","geometry":{"type":"Point","coordinates":[127.0762436,37.1584668]},"properties":{"pnu":"4137010100100420001","municipality_code":"41370","municipality":"오산시","district":"오산시","locality":"오산동","address":"오산시 오산동 42-1","owner_type":"시·군유지","owner_label":"오산시","manager":"","property_class":"","land_category":"체육용지","area_sqm":165.0,"area_band":"100~500㎡","interest_category":"체육용지","solar_candidate":"검토필요","candidate_reason":"체육시설·주차장 상부 활용 가능성 추가 검토; 면적 165㎡","priority_score":35,"source":"경기부동산포털 국공유지조회·연속지적도","source_date":"2026-08-11","installed_solar_match":false}},{"type":"Feature","id":"4137010100100430029","geometry":{"type":"Point","coordinates":[127.0750593,37.1577476]},"properties":{"pnu":"4137010100100430029","municipality_code":"41370","municipality":"오산시","district":"오산시","locality":"오산동","address":"오산시 오산동 43-29","owner_type":"시·군유지","owner_label":"오산시","manager":"","property_class":"","land_category":"체육용지","area_sqm":165.0,"area_band":"100~500㎡","interest_category":"체육용지","solar_candidate":"검토필요","candidate_reason":"체육시설·주차장 상부 활용 가능성 추가 검토; 면적 165㎡","priority_score":35,"source":"경기부동산포털 국공유지조회·연속지적도","source_date":"2026-08-11","installed_solar_match":false}},{"type":"Feature","id":"4137010100100460004","geometry":{"type":"Point","coordinates":[127.0746506,37.1588346]},"properties":{"pnu":"4137010100100460004","municipality_code":"41370","municipality":"오산시","district":"오산시","locality":"오산동","address":"오산시 오산동 46-4","owner_type":"시·군유지","owner_label":"오산시","manager":"","property_class":"","land_category":"체육용지","area_sqm":164.0,"area_band":"100~500㎡","interest_category":"체육용지","solar_candidate":"검토필요","candidate_reason":"체육시설·주차장 상부 활용 가능성 추가 검토; 면적 164㎡","priority_score":35,"source":"경기부동산포털 국공유지조회·연속지적도","source_date":"2026-08-11","installed_solar_match":false}},{"type":"Feature","id":"4137010100100510000","geometry":{"type":"Point","coordinates":[127.0748282,37.1577089]},"properties":{"pnu":"4137010100100510000","municipality_code":"41370","municipality":"오산시","district":"오산시","locality":"오산동","address":"오산시 오산동 51","owner_type":"시·군유지","owner_label":"오산시","manager":"","property_class":"","land_category":"체육용지","area_sqm":142.0,"area_band":"100~500㎡","interest_category":"체육용지","solar_candidate":"검토필요","candidate_reason":"체육시설·주차장 상부 활용 가능성 추가 검토; 면적 142㎡","priority_score":35,"source":"경기부동산포털 국공유지조회·연속지적도","source_date":"2026-08-11","installed_solar_match":false}},{"type":"Feature","id":"4137010100107310008","geometry":{"type":"Point","coordinates":[127.0685151,37.1407897]},"properties":{"pnu":"4137010100107310008","municipality_code":"41370","municipality":"오산시","district":"오산시","locality":"오산동","address":"오산시 오산동 731-8","owner_type":"시·군유지","owner_label":"오산시","manager":"","property_class":"","land_category":"창고용지","area_sqm":128.5,"area_band":"100~500㎡","interest_category":"창고용지","solar_candidate":"검토필요","candidate_reason":"지목·면적 기준 1차 검토 대상; 면적 128㎡","priority_score":35,"source":"경기부동산포털 국공유지조회·연속지적도","source_date":"2026-08-11","installed_solar_match":false}},{"type":"Feature","id":"4137010100107260009","geometry":{"type":"Point","coordinates":[127.0685432,37.1405634]},"properties":{"pnu":"4137010100107260009","municipality_code":"41370","municipality":"오산시","district":"오산시","locality":"오산동","address":"오산시 오산동 726-9","owner_type":"시·군유지","owner_label":"오산시","manager":"","property_class":"","land_category":"창고용지","area_sqm":123.1,"area_band":"100~500㎡","interest_category":"창고용지","solar_candidate":"검토필요","candidate_reason":"지목·면적 기준 1차 검토 대상; 면적 123㎡","priority_score":35,"source":"경기부동산포털 국공유지조회·연속지적도","source_date":"2026-08-11","installed_solar_match":false}},{"type":"Feature","id":"4137010100100430006","geometry":{"type":"Point","coordinates":[127.0760075,37.1594305]},"properties":{"pnu":"4137010100100430006","municipality_code":"41370","municipality":"오산시","district":"오산시","locality":"오산동","address":"오산시 오산동 43-6","owner_type":"시·군유지","owner_label":"오산시","manager":"","property_class":"","land_category":"체육용지","area_sqm":106.0,"area_band":"100~500㎡","interest_category":"체육용지","solar_candidate":"검토필요","candidate_reason":"체육시설·주차장 상부 활용 가능성 추가 검토; 면적 106㎡","priority_score":35,"source":"경기부동산포털 국공유지조회·연속지적도","source_date":"2026-08-11","installed_solar_match":false}},{"type":"Feature","id":"4137010100100340010","geometry":{"type":"Point","coordinates":[127.0763894,37.1581217]},"properties":{"pnu":"4137010100100340010","municipality_code":"41370","municipality":"오산시","district":"오산시","locality":"오산동","address":"오산시 오산동 34-10","owner_type":"시·군유지","owner_label":"오산시","manager":"","property_class":"","land_category":"체육용지","area_sqm":103.0,"area_band":"100~500㎡","interest_category":"체육용지","solar_candidate":"검토필요","candidate_reason":"체육시설·주차장 상부 활용 가능성 추가 검토; 면적 103㎡","priority_score":35,"source":"경기부동산포털 국공유지조회·연속지적도","source_date":"2026-08-11","installed_solar_match":false}},{"type":"Feature","id":"4137010100100460003","geometry":{"type":"Point","coordinates":[127.0746916,37.1588235]},"properties":{"pnu":"4137010100100460003","municipality_code":"41370","municipality":"오산시","district":"오산시","locality":"오산동","address":"오산시 오산동 46-3","owner_type":"시·군유지","owner_label":"오산시","manager":"","property_class":"","land_category":"체육용지","area_sqm":102.0,"area_band":"100~500㎡","interest_category":"체육용지","solar_candidate":"검토필요","candidate_reason":"체육시설·주차장 상부 활용 가능성 추가 검토; 면적 102㎡","priority_score":35,"source":"경기부동산포털 국공유지조회·연속지적도","source_date":"2026-08-11","installed_solar_match":false}}]}