{"type":"FeatureCollection","name":"gyeonggi_41450_municipal_solar_candidates","metadata":{"generated_on":"2026-08-11","source":"경기부동산포털 국공유지조회·연속지적도","source_agency":"경기도","ownership_source":"경기부동산포털 국공유지조회","coverage":"하남시","owner_code":"5","owner_type":"시·군유지","minimum_area_sqm":100.0,"feature_count":549,"coordinate_reference":"GRIS native values interpreted as EPSG:5174 and projected to EPSG:4326","coordinate_precision":"7 decimals, increased only when needed to keep narrow-parcel points inside","disclaimer":"설치 가능 확정이 아닌 현장조사 우선순위"},"features":[{"type":"Feature","id":"4145010500100460000","geometry":{"type":"Point","coordinates":[127.2345875,37.4988986]},"properties":{"pnu":"4145010500100460000","municipality_code":"41450","municipality":"하남시","district":"하남시","locality":"상산곡동","address":"하남시 상산곡동 46","owner_type":"시·군유지","owner_label":"하남시","manager":"","property_class":"","land_category":"주차장","area_sqm":13287.0,"area_band":"5,000㎡ 이상","interest_category":"주차장","solar_candidate":"Y","candidate_reason":"주차면 상부 태양광을 우선 검토할 지목; 면적 13,287㎡","priority_score":80,"source":"경기부동산포털 국공유지조회·연속지적도","source_date":"2026-08-11","installed_solar_match":false}},{"type":"Feature","id":"4145010300105390000","geometry":{"type":"Point","coordinates":[127.2303662,37.5389329]},"properties":{"pnu":"4145010300105390000","municipality_code":"41450","municipality":"하남시","district":"하남시","locality":"창우동","address":"하남시 창우동 539","owner_type":"시·군유지","owner_label":"하남시","manager":"","property_class":"","land_category":"주차장","area_sqm":13204.9,"area_band":"5,000㎡ 이상","interest_category":"주차장","solar_candidate":"Y","candidate_reason":"주차면 상부 태양광을 우선 검토할 지목; 면적 13,205㎡","priority_score":80,"source":"경기부동산포털 국공유지조회·연속지적도","source_date":"2026-08-11","installed_solar_match":true,"installed_solar_count":1,"installed_solar_area_sqm":367.2,"installed_solar_analysis_years":["2024"],"installed_solar_types":["기타"],"installed_solar_permit_status_counts":{"N":1}}},{"type":"Feature","id":"4145010500100590000","geometry":{"type":"Point","coordinates":[127.2335675,37.5000314]},"properties":{"pnu":"4145010500100590000","municipality_code":"41450","municipality":"하남시","district":"하남시","locality":"상산곡동","address":"하남시 상산곡동 59","owner_type":"시·군유지","owner_label":"하남시","manager":"","property_class":"","land_category":"주차장","area_sqm":7624.0,"area_band":"5,000㎡ 이상","interest_category":"주차장","solar_candidate":"Y","candidate_reason":"주차면 상부 태양광을 우선 검토할 지목; 면적 7,624㎡","priority_score":80,"source":"경기부동산포털 국공유지조회·연속지적도","source_date":"2026-08-11","installed_solar_match":false}},{"type":"Feature","id":"4145010600100270000","geometry":{"type":"Point","coordinates":[127.2195843,37.5466233]},"properties":{"pnu":"4145010600100270000","municipality_code":"41450","municipality":"하남시","district":"하남시","locality":"신장동","address":"하남시 신장동 27","owner_type":"시·군유지","owner_label":"하남시","manager":"","property_class":"","land_category":"잡종지","area_sqm":79370.9,"area_band":"5,000㎡ 이상","interest_category":"잡종지","solar_candidate":"Y","candidate_reason":"실제 이용·점유 여부 확인 후 검토할 잡종지; 면적 79,371㎡","priority_score":75,"source":"경기부동산포털 국공유지조회·연속지적도","source_date":"2026-08-11","installed_solar_match":false}},{"type":"Feature","id":"4145010800108280000","geometry":{"type":"Point","coordinates":[127.2049589,37.5457736]},"properties":{"pnu":"4145010800108280000","municipality_code":"41450","municipality":"하남시","district":"하남시","locality":"덕풍동","address":"하남시 덕풍동 828","owner_type":"시·군유지","owner_label":"하남시","manager":"","property_class":"","land_category":"주차장","area_sqm":3076.8,"area_band":"3,000~5,000㎡","interest_category":"주차장","solar_candidate":"Y","candidate_reason":"주차면 상부 태양광을 우선 검토할 지목; 면적 3,077㎡","priority_score":75,"source":"경기부동산포털 국공유지조회·연속지적도","source_date":"2026-08-11","installed_solar_match":false}},{"type":"Feature","id":"4145010300105220002","geometry":{"type":"Point","coordinates":[127.228935,37.5372414]},"properties":{"pnu":"4145010300105220002","municipality_code":"41450","municipality":"하남시","district":"하남시","locality":"창우동","address":"하남시 창우동 522-2","owner_type":"시·군유지","owner_label":"하남시","manager":"","property_class":"","land_category":"잡종지","area_sqm":3277.5,"area_band":"3,000~5,000㎡","interest_category":"잡종지","solar_candidate":"Y","candidate_reason":"실제 이용·점유 여부 확인 후 검토할 잡종지; 면적 3,278㎡","priority_score":70,"source":"경기부동산포털 국공유지조회·연속지적도","source_date":"2026-08-11","installed_solar_match":false}},{"type":"Feature","id":"4145010600105210002","geometry":{"type":"Point","coordinates":[127.2140137,37.5414262]},"properties":{"pnu":"4145010600105210002","municipality_code":"41450","municipality":"하남시","district":"하남시","locality":"신장동","address":"하남시 신장동 521-2","owner_type":"시·군유지","owner_label":"하남시","manager":"","property_class":"","land_category":"주차장","area_sqm":2321.2,"area_band":"1,000~3,000㎡","interest_category":"주차장","solar_candidate":"Y","candidate_reason":"주차면 상부 태양광을 우선 검토할 지목; 면적 2,321㎡","priority_score":68,"source":"경기부동산포털 국공유지조회·연속지적도","source_date":"2026-08-11","installed_solar_match":false}},{"type":"Feature","id":"4145010900111450000","geometry":{"type":"Point","coordinates":[127.1972017,37.5660305]},"properties":{"pnu":"4145010900111450000","municipality_code":"41450","municipality":"하남시","district":"하남시","locality":"망월동","address":"하남시 망월동 1145","owner_type":"시·군유지","owner_label":"하남시","manager":"","property_class":"","land_category":"주차장","area_sqm":2208.6,"area_band":"1,000~3,000㎡","interest_category":"주차장","solar_candidate":"Y","candidate_reason":"주차면 상부 태양광을 우선 검토할 지목; 면적 2,209㎡","priority_score":68,"source":"경기부동산포털 국공유지조회·연속지적도","source_date":"2026-08-11","installed_solar_match":false}},{"type":"Feature","id":"4145011500104430003","geometry":{"type":"Point","coordinates":[127.1548963,37.5086182]},"properties":{"pnu":"4145011500104430003","municipality_code":"41450","municipality":"하남시","district":"하남시","locality":"감이동","address":"하남시 감이동 443-3","owner_type":"시·군유지","owner_label":"하남시","manager":"","property_class":"","land_category":"주차장","area_sqm":1722.0,"area_band":"1,000~3,000㎡","interest_category":"주차장","solar_candidate":"Y","candidate_reason":"주차면 상부 태양광을 우선 검토할 지목; 면적 1,722㎡","priority_score":68,"source":"경기부동산포털 국공유지조회·연속지적도","source_date":"2026-08-11","installed_solar_match":false}},{"type":"Feature","id":"4145012300100780004","geometry":{"type":"Point","coordinates":[127.1718558,37.5447183]},"properties":{"pnu":"4145012300100780004","municipality_code":"41450","municipality":"하남시","district":"하남시","locality":"초이동","address":"하남시 초이동 78-4","owner_type":"시·군유지","owner_label":"하남시","manager":"","property_class":"","land_category":"주차장","area_sqm":1393.0,"area_band":"1,000~3,000㎡","interest_category":"주차장","solar_candidate":"Y","candidate_reason":"주차면 상부 태양광을 우선 검토할 지목; 면적 1,393㎡","priority_score":68,"source":"경기부동산포털 국공유지조회·연속지적도","source_date":"2026-08-11","installed_solar_match":false}},{"type":"Feature","id":"4145010800103260009","geometry":{"type":"Point","coordinates":[127.203564,37.5418711]},"properties":{"pnu":"4145010800103260009","municipality_code":"41450","municipality":"하남시","district":"하남시","locality":"덕풍동","address":"하남시 덕풍동 326-9","owner_type":"시·군유지","owner_label":"하남시","manager":"","property_class":"","land_category":"주차장","area_sqm":1355.0,"area_band":"1,000~3,000㎡","interest_category":"주차장","solar_candidate":"Y","candidate_reason":"주차면 상부 태양광을 우선 검토할 지목; 면적 1,355㎡","priority_score":68,"source":"경기부동산포털 국공유지조회·연속지적도","source_date":"2026-08-11","installed_solar_match":false}},{"type":"Feature","id":"4145010600104290001","geometry":{"type":"Point","coordinates":[127.2070341,37.5378521]},"properties":{"pnu":"4145010600104290001","municipality_code":"41450","municipality":"하남시","district":"하남시","locality":"신장동","address":"하남시 신장동 429-1","owner_type":"시·군유지","owner_label":"하남시","manager":"","property_class":"","land_category":"주차장","area_sqm":1307.0,"area_band":"1,000~3,000㎡","interest_category":"주차장","solar_candidate":"Y","candidate_reason":"주차면 상부 태양광을 우선 검토할 지목; 면적 1,307㎡","priority_score":68,"source":"경기부동산포털 국공유지조회·연속지적도","source_date":"2026-08-11","installed_solar_match":false}},{"type":"Feature","id":"4145011400105310001","geometry":{"type":"Point","coordinates":[127.1623443,37.5099934]},"properties":{"pnu":"4145011400105310001","municipality_code":"41450","municipality":"하남시","district":"하남시","locality":"감일동","address":"하남시 감일동 531-1","owner_type":"시·군유지","owner_label":"하남시","manager":"","property_class":"","land_category":"주차장","area_sqm":1270.8,"area_band":"1,000~3,000㎡","interest_category":"주차장","solar_candidate":"Y","candidate_reason":"주차면 상부 태양광을 우선 검토할 지목; 면적 1,271㎡","priority_score":68,"source":"경기부동산포털 국공유지조회·연속지적도","source_date":"2026-08-11","installed_solar_match":false}},{"type":"Feature","id":"4145011500105270004","geometry":{"type":"Point","coordinates":[127.1621118,37.5038749]},"properties":{"pnu":"4145011500105270004","municipality_code":"41450","municipality":"하남시","district":"하남시","locality":"감이동","address":"하남시 감이동 527-4","owner_type":"시·군유지","owner_label":"하남시","manager":"","property_class":"","land_category":"주차장","area_sqm":1163.0,"area_band":"1,000~3,000㎡","interest_category":"주차장","solar_candidate":"Y","candidate_reason":"주차면 상부 태양광을 우선 검토할 지목; 면적 1,163㎡","priority_score":68,"source":"경기부동산포털 국공유지조회·연속지적도","source_date":"2026-08-11","installed_solar_match":false}},{"type":"Feature","id":"4145010800106940000","geometry":{"type":"Point","coordinates":[127.2071082,37.5444662]},"properties":{"pnu":"4145010800106940000","municipality_code":"41450","municipality":"하남시","district":"하남시","locality":"덕풍동","address":"하남시 덕풍동 694","owner_type":"시·군유지","owner_label":"하남시","manager":"","property_class":"","land_category":"대","area_sqm":27652.8,"area_band":"5,000㎡ 이상","interest_category":"대","solar_candidate":"Y","candidate_reason":"청사·공공건축물·주차장 현황 추가 확인 필요; 면적 27,653㎡","priority_score":65,"source":"경기부동산포털 국공유지조회·연속지적도","source_date":"2026-08-11","installed_solar_match":true,"installed_solar_count":8,"installed_solar_area_sqm":747.8,"installed_solar_analysis_years":["2024"],"installed_solar_types":["공공시설물"],"installed_solar_permit_status_counts":{"N":8}}},{"type":"Feature","id":"4145010600105200000","geometry":{"type":"Point","coordinates":[127.2146783,37.53911]},"properties":{"pnu":"4145010600105200000","municipality_code":"41450","municipality":"하남시","district":"하남시","locality":"신장동","address":"하남시 신장동 520","owner_type":"시·군유지","owner_label":"하남시","manager":"","property_class":"","land_category":"대","area_sqm":27165.0,"area_band":"5,000㎡ 이상","interest_category":"대","solar_candidate":"Y","candidate_reason":"청사·공공건축물·주차장 현황 추가 확인 필요; 면적 27,165㎡","priority_score":65,"source":"경기부동산포털 국공유지조회·연속지적도","source_date":"2026-08-11","installed_solar_match":true,"installed_solar_count":6,"installed_solar_area_sqm":865.6,"installed_solar_analysis_years":["2024"],"installed_solar_types":["공공시설물"],"installed_solar_permit_status_counts":{"N":6}}},{"type":"Feature","id":"4145010900109800000","geometry":{"type":"Point","coordinates":[127.1857683,37.5676396]},"properties":{"pnu":"4145010900109800000","municipality_code":"41450","municipality":"하남시","district":"하남시","locality":"망월동","address":"하남시 망월동 980","owner_type":"시·군유지","owner_label":"하남시","manager":"","property_class":"","land_category":"대","area_sqm":6188.6,"area_band":"5,000㎡ 이상","interest_category":"대","solar_candidate":"Y","candidate_reason":"청사·공공건축물·주차장 현황 추가 확인 필요; 면적 6,189㎡","priority_score":65,"source":"경기부동산포털 국공유지조회·연속지적도","source_date":"2026-08-11","installed_solar_match":true,"installed_solar_count":2,"installed_solar_area_sqm":174.5,"installed_solar_analysis_years":["2024"],"installed_solar_types":["공공시설물"],"installed_solar_permit_status_counts":{"N":2}}},{"type":"Feature","id":"4145011500104510000","geometry":{"type":"Point","coordinates":[127.1595209,37.5086116]},"properties":{"pnu":"4145011500104510000","municipality_code":"41450","municipality":"하남시","district":"하남시","locality":"감이동","address":"하남시 감이동 451","owner_type":"시·군유지","owner_label":"하남시","manager":"","property_class":"","land_category":"대","area_sqm":5852.4,"area_band":"5,000㎡ 이상","interest_category":"대","solar_candidate":"Y","candidate_reason":"청사·공공건축물·주차장 현황 추가 확인 필요; 면적 5,852㎡","priority_score":65,"source":"경기부동산포털 국공유지조회·연속지적도","source_date":"2026-08-11","installed_solar_match":false}},{"type":"Feature","id":"4145010600105740000","geometry":{"type":"Point","coordinates":[127.2089688,37.54354]},"properties":{"pnu":"4145010600105740000","municipality_code":"41450","municipality":"하남시","district":"하남시","locality":"신장동","address":"하남시 신장동 574","owner_type":"시·군유지","owner_label":"하남시","manager":"","property_class":"","land_category":"대","area_sqm":5421.9,"area_band":"5,000㎡ 이상","interest_category":"대","solar_candidate":"Y","candidate_reason":"청사·공공건축물·주차장 현황 추가 확인 필요; 면적 5,422㎡","priority_score":65,"source":"경기부동산포털 국공유지조회·연속지적도","source_date":"2026-08-11","installed_solar_match":true,"installed_solar_count":2,"installed_solar_area_sqm":592.0,"installed_solar_analysis_years":["2024"],"installed_solar_types":["공공시설물"],"installed_solar_permit_status_counts":{"N":2}}},{"type":"Feature","id":"4145011000104980000","geometry":{"type":"Point","coordinates":[127.1883174,37.5590237]},"properties":{"pnu":"4145011000104980000","municipality_code":"41450","municipality":"하남시","district":"하남시","locality":"풍산동","address":"하남시 풍산동 498","owner_type":"시·군유지","owner_label":"하남시","manager":"","property_class":"","land_category":"대","area_sqm":5269.0,"area_band":"5,000㎡ 이상","interest_category":"대","solar_candidate":"Y","candidate_reason":"청사·공공건축물·주차장 현황 추가 확인 필요; 면적 5,269㎡","priority_score":65,"source":"경기부동산포털 국공유지조회·연속지적도","source_date":"2026-08-11","installed_solar_match":false}},{"type":"Feature","id":"4145011400104640001","geometry":{"type":"Point","coordinates":[127.1479365,37.5089676]},"properties":{"pnu":"4145011400104640001","municipality_code":"41450","municipality":"하남시","district":"하남시","locality":"감일동","address":"하남시 감일동 464-1","owner_type":"시·군유지","owner_label":"하남시","manager":"","property_class":"","land_category":"잡종지","area_sqm":2155.1,"area_band":"1,000~3,000㎡","interest_category":"잡종지","solar_candidate":"Y","candidate_reason":"실제 이용·점유 여부 확인 후 검토할 잡종지; 면적 2,155㎡","priority_score":63,"source":"경기부동산포털 국공유지조회·연속지적도","source_date":"2026-08-11","installed_solar_match":false}},{"type":"Feature","id":"4145011000105260001","geometry":{"type":"Point","coordinates":[127.1889554,37.5521931]},"properties":{"pnu":"4145011000105260001","municipality_code":"41450","municipality":"하남시","district":"하남시","locality":"풍산동","address":"하남시 풍산동 526-1","owner_type":"시·군유지","owner_label":"하남시","manager":"","property_class":"","land_category":"잡종지","area_sqm":1721.2,"area_band":"1,000~3,000㎡","interest_category":"잡종지","solar_candidate":"Y","candidate_reason":"실제 이용·점유 여부 확인 후 검토할 잡종지; 면적 1,721㎡","priority_score":63,"source":"경기부동산포털 국공유지조회·연속지적도","source_date":"2026-08-11","installed_solar_match":false}},{"type":"Feature","id":"4145010900102000000","geometry":{"type":"Point","coordinates":[127.1938403,37.5668123]},"properties":{"pnu":"4145010900102000000","municipality_code":"41450","municipality":"하남시","district":"하남시","locality":"망월동","address":"하남시 망월동 200","owner_type":"시·군유지","owner_label":"하남시","manager":"","property_class":"","land_category":"체육용지","area_sqm":113762.1,"area_band":"5,000㎡ 이상","interest_category":"체육용지","solar_candidate":"Y","candidate_reason":"체육시설·주차장 상부 활용 가능성 추가 검토; 면적 113,762㎡","priority_score":60,"source":"경기부동산포털 국공유지조회·연속지적도","source_date":"2026-08-11","installed_solar_match":true,"installed_solar_count":36,"installed_solar_area_sqm":1277.6,"installed_solar_analysis_years":["2024"],"installed_solar_types":["공공시설물"],"installed_solar_permit_status_counts":{"Y":36}}},{"type":"Feature","id":"4145010900102000003","geometry":{"type":"Point","coordinates":[127.1962433,37.568008]},"properties":{"pnu":"4145010900102000003","municipality_code":"41450","municipality":"하남시","district":"하남시","locality":"망월동","address":"하남시 망월동 200-3","owner_type":"시·군유지","owner_label":"하남시","manager":"","property_class":"","land_category":"체육용지","area_sqm":10233.2,"area_band":"5,000㎡ 이상","interest_category":"체육용지","solar_candidate":"Y","candidate_reason":"체육시설·주차장 상부 활용 가능성 추가 검토; 면적 10,233㎡","priority_score":60,"source":"경기부동산포털 국공유지조회·연속지적도","source_date":"2026-08-11","installed_solar_match":false}},{"type":"Feature","id":"4145010900111430000","geometry":{"type":"Point","coordinates":[127.1968396,37.5681362]},"properties":{"pnu":"4145010900111430000","municipality_code":"41450","municipality":"하남시","district":"하남시","locality":"망월동","address":"하남시 망월동 1143","owner_type":"시·군유지","owner_label":"하남시","manager":"","property_class":"","land_category":"체육용지","area_sqm":9520.1,"area_band":"5,000㎡ 이상","interest_category":"체육용지","solar_candidate":"Y","candidate_reason":"체육시설·주차장 상부 활용 가능성 추가 검토; 면적 9,520㎡","priority_score":60,"source":"경기부동산포털 국공유지조회·연속지적도","source_date":"2026-08-11","installed_solar_match":false}},{"type":"Feature","id":"4145010300105230000","geometry":{"type":"Point","coordinates":[127.2283157,37.5363813]},"properties":{"pnu":"4145010300105230000","municipality_code":"41450","municipality":"하남시","district":"하남시","locality":"창우동","address":"하남시 창우동 523","owner_type":"시·군유지","owner_label":"하남시","manager":"","property_class":"","land_category":"대","area_sqm":4986.9,"area_band":"3,000~5,000㎡","interest_category":"대","solar_candidate":"Y","candidate_reason":"청사·공공건축물·주차장 현황 추가 확인 필요; 면적 4,987㎡","priority_score":60,"source":"경기부동산포털 국공유지조회·연속지적도","source_date":"2026-08-11","installed_solar_match":true,"installed_solar_count":1,"installed_solar_area_sqm":486.6,"installed_solar_analysis_years":["2024"],"installed_solar_types":["공공시설물"],"installed_solar_permit_status_counts":{"N":1}}},{"type":"Feature","id":"4145010600105210005","geometry":{"type":"Point","coordinates":[127.2157968,37.541705]},"properties":{"pnu":"4145010600105210005","municipality_code":"41450","municipality":"하남시","district":"하남시","locality":"신장동","address":"하남시 신장동 521-5","owner_type":"시·군유지","owner_label":"하남시","manager":"","property_class":"","land_category":"대","area_sqm":4870.1,"area_band":"3,000~5,000㎡","interest_category":"대","solar_candidate":"Y","candidate_reason":"청사·공공건축물·주차장 현황 추가 확인 필요; 면적 4,870㎡","priority_score":60,"source":"경기부동산포털 국공유지조회·연속지적도","source_date":"2026-08-11","installed_solar_match":false}},{"type":"Feature","id":"4145010800104350205","geometry":{"type":"Point","coordinates":[127.1985437,37.5350633]},"properties":{"pnu":"4145010800104350205","municipality_code":"41450","municipality":"하남시","district":"하남시","locality":"덕풍동","address":"하남시 덕풍동 435-205","owner_type":"시·군유지","owner_label":"하남시","manager":"","property_class":"","land_category":"대","area_sqm":4126.0,"area_band":"3,000~5,000㎡","interest_category":"대","solar_candidate":"Y","candidate_reason":"청사·공공건축물·주차장 현황 추가 확인 필요; 면적 4,126㎡","priority_score":60,"source":"경기부동산포털 국공유지조회·연속지적도","source_date":"2026-08-11","installed_solar_match":true,"installed_solar_count":2,"installed_solar_area_sqm":217.3,"installed_solar_analysis_years":["2024"],"installed_solar_types":["공공시설물"],"installed_solar_permit_status_counts":{"N":2}}},{"type":"Feature","id":"4145010800106940001","geometry":{"type":"Point","coordinates":[127.2061288,37.5454551]},"properties":{"pnu":"4145010800106940001","municipality_code":"41450","municipality":"하남시","district":"하남시","locality":"덕풍동","address":"하남시 덕풍동 694-1","owner_type":"시·군유지","owner_label":"하남시","manager":"","property_class":"","land_category":"대","area_sqm":4103.0,"area_band":"3,000~5,000㎡","interest_category":"대","solar_candidate":"Y","candidate_reason":"청사·공공건축물·주차장 현황 추가 확인 필요; 면적 4,103㎡","priority_score":60,"source":"경기부동산포털 국공유지조회·연속지적도","source_date":"2026-08-11","installed_solar_match":false}},{"type":"Feature","id":"4145011800103340001","geometry":{"type":"Point","coordinates":[127.1939742,37.522016]},"properties":{"pnu":"4145011800103340001","municipality_code":"41450","municipality":"하남시","district":"하남시","locality":"춘궁동","address":"하남시 춘궁동 334-1","owner_type":"시·군유지","owner_label":"하남시","manager":"","property_class":"","land_category":"대","area_sqm":3506.0,"area_band":"3,000~5,000㎡","interest_category":"대","solar_candidate":"Y","candidate_reason":"청사·공공건축물·주차장 현황 추가 확인 필요; 면적 3,506㎡","priority_score":60,"source":"경기부동산포털 국공유지조회·연속지적도","source_date":"2026-08-11","installed_solar_match":false}},{"type":"Feature","id":"4145010800104260010","geometry":{"type":"Point","coordinates":[127.2028965,37.5379361]},"properties":{"pnu":"4145010800104260010","municipality_code":"41450","municipality":"하남시","district":"하남시","locality":"덕풍동","address":"하남시 덕풍동 426-10","owner_type":"시·군유지","owner_label":"하남시","manager":"","property_class":"","land_category":"대","area_sqm":3064.0,"area_band":"3,000~5,000㎡","interest_category":"대","solar_candidate":"Y","candidate_reason":"청사·공공건축물·주차장 현황 추가 확인 필요; 면적 3,064㎡","priority_score":60,"source":"경기부동산포털 국공유지조회·연속지적도","source_date":"2026-08-11","installed_solar_match":false}},{"type":"Feature","id":"4145010500100740003","geometry":{"type":"Point","coordinates":[127.2345414,37.4982811]},"properties":{"pnu":"4145010500100740003","municipality_code":"41450","municipality":"하남시","district":"하남시","locality":"상산곡동","address":"하남시 상산곡동 74-3","owner_type":"시·군유지","owner_label":"하남시","manager":"","property_class":"","land_category":"주차장","area_sqm":685.0,"area_band":"500~1,000㎡","interest_category":"주차장","solar_candidate":"Y","candidate_reason":"주차면 상부 태양광을 우선 검토할 지목; 면적 685㎡","priority_score":60,"source":"경기부동산포털 국공유지조회·연속지적도","source_date":"2026-08-11","installed_solar_match":false}},{"type":"Feature","id":"4145010800109490000","geometry":{"type":"Point","coordinates":[127.205638,37.5446242]},"properties":{"pnu":"4145010800109490000","municipality_code":"41450","municipality":"하남시","district":"하남시","locality":"덕풍동","address":"하남시 덕풍동 949","owner_type":"시·군유지","owner_label":"하남시","manager":"","property_class":"","land_category":"주차장","area_sqm":662.6,"area_band":"500~1,000㎡","interest_category":"주차장","solar_candidate":"Y","candidate_reason":"주차면 상부 태양광을 우선 검토할 지목; 면적 663㎡","priority_score":60,"source":"경기부동산포털 국공유지조회·연속지적도","source_date":"2026-08-11","installed_solar_match":false}},{"type":"Feature","id":"4145011600106490000","geometry":{"type":"Point","coordinates":[127.1559878,37.4878316]},"properties":{"pnu":"4145011600106490000","municipality_code":"41450","municipality":"하남시","district":"하남시","locality":"학암동","address":"하남시 학암동 649","owner_type":"시·군유지","owner_label":"하남시","manager":"","property_class":"","land_category":"체육용지","area_sqm":3005.5,"area_band":"3,000~5,000㎡","interest_category":"체육용지","solar_candidate":"검토필요","candidate_reason":"체육시설·주차장 상부 활용 가능성 추가 검토; 면적 3,006㎡","priority_score":55,"source":"경기부동산포털 국공유지조회·연속지적도","source_date":"2026-08-11","installed_solar_match":false}},{"type":"Feature","id":"4145010900110320000","geometry":{"type":"Point","coordinates":[127.1791074,37.5698322]},"properties":{"pnu":"4145010900110320000","municipality_code":"41450","municipality":"하남시","district":"하남시","locality":"망월동","address":"하남시 망월동 1032","owner_type":"시·군유지","owner_label":"하남시","manager":"","property_class":"","land_category":"잡종지","area_sqm":872.1,"area_band":"500~1,000㎡","interest_category":"잡종지","solar_candidate":"검토필요","candidate_reason":"실제 이용·점유 여부 확인 후 검토할 잡종지; 면적 872㎡","priority_score":55,"source":"경기부동산포털 국공유지조회·연속지적도","source_date":"2026-08-11","installed_solar_match":false}},{"type":"Feature","id":"4145011700100770001","geometry":{"type":"Point","coordinates":[127.2027627,37.5195332]},"properties":{"pnu":"4145011700100770001","municipality_code":"41450","municipality":"하남시","district":"하남시","locality":"교산동","address":"하남시 교산동 77-1","owner_type":"시·군유지","owner_label":"하남시","manager":"","property_class":"","land_category":"잡종지","area_sqm":777.0,"area_band":"500~1,000㎡","interest_category":"잡종지","solar_candidate":"검토필요","candidate_reason":"실제 이용·점유 여부 확인 후 검토할 잡종지; 면적 777㎡","priority_score":55,"source":"경기부동산포털 국공유지조회·연속지적도","source_date":"2026-08-11","installed_solar_match":false}},{"type":"Feature","id":"4145010600102350004","geometry":{"type":"Point","coordinates":[127.2164882,37.5464089]},"properties":{"pnu":"4145010600102350004","municipality_code":"41450","municipality":"하남시","district":"하남시","locality":"신장동","address":"하남시 신장동 235-4","owner_type":"시·군유지","owner_label":"하남시","manager":"","property_class":"","land_category":"잡종지","area_sqm":758.0,"area_band":"500~1,000㎡","interest_category":"잡종지","solar_candidate":"검토필요","candidate_reason":"실제 이용·점유 여부 확인 후 검토할 잡종지; 면적 758㎡","priority_score":55,"source":"경기부동산포털 국공유지조회·연속지적도","source_date":"2026-08-11","installed_solar_match":false}},{"type":"Feature","id":"4145010800103650100","geometry":{"type":"Point","coordinates":[127.1993319,37.5389124]},"properties":{"pnu":"4145010800103650100","municipality_code":"41450","municipality":"하남시","district":"하남시","locality":"덕풍동","address":"하남시 덕풍동 365-100","owner_type":"시·군유지","owner_label":"하남시","manager":"","property_class":"","land_category":"잡종지","area_sqm":699.0,"area_band":"500~1,000㎡","interest_category":"잡종지","solar_candidate":"검토필요","candidate_reason":"실제 이용·점유 여부 확인 후 검토할 잡종지; 면적 699㎡","priority_score":55,"source":"경기부동산포털 국공유지조회·연속지적도","source_date":"2026-08-11","installed_solar_match":false}},{"type":"Feature","id":"4145010600102340006","geometry":{"type":"Point","coordinates":[127.2163437,37.5461256]},"properties":{"pnu":"4145010600102340006","municipality_code":"41450","municipality":"하남시","district":"하남시","locality":"신장동","address":"하남시 신장동 234-6","owner_type":"시·군유지","owner_label":"하남시","manager":"","property_class":"","land_category":"잡종지","area_sqm":690.0,"area_band":"500~1,000㎡","interest_category":"잡종지","solar_candidate":"검토필요","candidate_reason":"실제 이용·점유 여부 확인 후 검토할 잡종지; 면적 690㎡","priority_score":55,"source":"경기부동산포털 국공유지조회·연속지적도","source_date":"2026-08-11","installed_solar_match":false}},{"type":"Feature","id":"4145010600102340007","geometry":{"type":"Point","coordinates":[127.2163318,37.545963]},"properties":{"pnu":"4145010600102340007","municipality_code":"41450","municipality":"하남시","district":"하남시","locality":"신장동","address":"하남시 신장동 234-7","owner_type":"시·군유지","owner_label":"하남시","manager":"","property_class":"","land_category":"잡종지","area_sqm":504.0,"area_band":"500~1,000㎡","interest_category":"잡종지","solar_candidate":"검토필요","candidate_reason":"실제 이용·점유 여부 확인 후 검토할 잡종지; 면적 504㎡","priority_score":55,"source":"경기부동산포털 국공유지조회·연속지적도","source_date":"2026-08-11","installed_solar_match":false}},{"type":"Feature","id":"4145010500100590001","geometry":{"type":"Point","coordinates":[127.2340399,37.5004384]},"properties":{"pnu":"4145010500100590001","municipality_code":"41450","municipality":"하남시","district":"하남시","locality":"상산곡동","address":"하남시 상산곡동 59-1","owner_type":"시·군유지","owner_label":"하남시","manager":"","property_class":"","land_category":"주차장","area_sqm":347.0,"area_band":"100~500㎡","interest_category":"주차장","solar_candidate":"검토필요","candidate_reason":"주차면 상부 태양광을 우선 검토할 지목; 면적 347㎡","priority_score":55,"source":"경기부동산포털 국공유지조회·연속지적도","source_date":"2026-08-11","installed_solar_match":false}},{"type":"Feature","id":"4145010800106790000","geometry":{"type":"Point","coordinates":[127.1956285,37.5354696]},"properties":{"pnu":"4145010800106790000","municipality_code":"41450","municipality":"하남시","district":"하남시","locality":"덕풍동","address":"하남시 덕풍동 679","owner_type":"시·군유지","owner_label":"하남시","manager":"","property_class":"","land_category":"주차장","area_sqm":200.0,"area_band":"100~500㎡","interest_category":"주차장","solar_candidate":"검토필요","candidate_reason":"주차면 상부 태양광을 우선 검토할 지목; 면적 200㎡","priority_score":55,"source":"경기부동산포털 국공유지조회·연속지적도","source_date":"2026-08-11","installed_solar_match":false}},{"type":"Feature","id":"4145011500104700000","geometry":{"type":"Point","coordinates":[127.1626482,37.5066589]},"properties":{"pnu":"4145011500104700000","municipality_code":"41450","municipality":"하남시","district":"하남시","locality":"감이동","address":"하남시 감이동 470","owner_type":"시·군유지","owner_label":"하남시","manager":"","property_class":"","land_category":"대","area_sqm":2753.6,"area_band":"1,000~3,000㎡","interest_category":"대","solar_candidate":"검토필요","candidate_reason":"청사·공공건축물·주차장 현황 추가 확인 필요; 면적 2,754㎡","priority_score":53,"source":"경기부동산포털 국공유지조회·연속지적도","source_date":"2026-08-11","installed_solar_match":false}},{"type":"Feature","id":"4145011500104530000","geometry":{"type":"Point","coordinates":[127.1590453,37.5080322]},"properties":{"pnu":"4145011500104530000","municipality_code":"41450","municipality":"하남시","district":"하남시","locality":"감이동","address":"하남시 감이동 453","owner_type":"시·군유지","owner_label":"하남시","manager":"","property_class":"","land_category":"대","area_sqm":2411.6,"area_band":"1,000~3,000㎡","interest_category":"대","solar_candidate":"검토필요","candidate_reason":"청사·공공건축물·주차장 현황 추가 확인 필요; 면적 2,412㎡","priority_score":53,"source":"경기부동산포털 국공유지조회·연속지적도","source_date":"2026-08-11","installed_solar_match":true,"installed_solar_count":7,"installed_solar_area_sqm":357.9,"installed_solar_analysis_years":["2024"],"installed_solar_types":["공공시설물"],"installed_solar_permit_status_counts":{"N":7}}},{"type":"Feature","id":"4145010900110710000","geometry":{"type":"Point","coordinates":[127.1887886,37.5602874]},"properties":{"pnu":"4145010900110710000","municipality_code":"41450","municipality":"하남시","district":"하남시","locality":"망월동","address":"하남시 망월동 1071","owner_type":"시·군유지","owner_label":"하남시","manager":"","property_class":"","land_category":"대","area_sqm":1601.7,"area_band":"1,000~3,000㎡","interest_category":"대","solar_candidate":"검토필요","candidate_reason":"청사·공공건축물·주차장 현황 추가 확인 필요; 면적 1,602㎡","priority_score":53,"source":"경기부동산포털 국공유지조회·연속지적도","source_date":"2026-08-11","installed_solar_match":true,"installed_solar_count":1,"installed_solar_area_sqm":279.0,"installed_solar_analysis_years":["2024"],"installed_solar_types":["공공시설물"],"installed_solar_permit_status_counts":{"N":1}}},{"type":"Feature","id":"4145010900109810000","geometry":{"type":"Point","coordinates":[127.1860592,37.5671165]},"properties":{"pnu":"4145010900109810000","municipality_code":"41450","municipality":"하남시","district":"하남시","locality":"망월동","address":"하남시 망월동 981","owner_type":"시·군유지","owner_label":"하남시","manager":"","property_class":"","land_category":"대","area_sqm":1532.9,"area_band":"1,000~3,000㎡","interest_category":"대","solar_candidate":"검토필요","candidate_reason":"청사·공공건축물·주차장 현황 추가 확인 필요; 면적 1,533㎡","priority_score":53,"source":"경기부동산포털 국공유지조회·연속지적도","source_date":"2026-08-11","installed_solar_match":true,"installed_solar_count":2,"installed_solar_area_sqm":168.1,"installed_solar_analysis_years":["2024"],"installed_solar_types":["공공시설물"],"installed_solar_permit_status_counts":{"N":2}}},{"type":"Feature","id":"4145011000105810002","geometry":{"type":"Point","coordinates":[127.1884718,37.5507847]},"properties":{"pnu":"4145011000105810002","municipality_code":"41450","municipality":"하남시","district":"하남시","locality":"풍산동","address":"하남시 풍산동 581-2","owner_type":"시·군유지","owner_label":"하남시","manager":"","property_class":"","land_category":"대","area_sqm":1509.4,"area_band":"1,000~3,000㎡","interest_category":"대","solar_candidate":"검토필요","candidate_reason":"청사·공공건축물·주차장 현황 추가 확인 필요; 면적 1,509㎡","priority_score":53,"source":"경기부동산포털 국공유지조회·연속지적도","source_date":"2026-08-11","installed_solar_match":false}},{"type":"Feature","id":"4145011600106680000","geometry":{"type":"Point","coordinates":[127.1523912,37.4771693]},"properties":{"pnu":"4145011600106680000","municipality_code":"41450","municipality":"하남시","district":"하남시","locality":"학암동","address":"하남시 학암동 668","owner_type":"시·군유지","owner_label":"하남시","manager":"","property_class":"","land_category":"대","area_sqm":1501.4,"area_band":"1,000~3,000㎡","interest_category":"대","solar_candidate":"검토필요","candidate_reason":"청사·공공건축물·주차장 현황 추가 확인 필요; 면적 1,501㎡","priority_score":53,"source":"경기부동산포털 국공유지조회·연속지적도","source_date":"2026-08-11","installed_solar_match":true,"installed_solar_count":1,"installed_solar_area_sqm":319.7,"installed_solar_analysis_years":["2024"],"installed_solar_types":["공공시설물"],"installed_solar_permit_status_counts":{"N":1}}},{"type":"Feature","id":"4145011300103280000","geometry":{"type":"Point","coordinates":[127.1616906,37.5161833]},"properties":{"pnu":"4145011300103280000","municipality_code":"41450","municipality":"하남시","district":"하남시","locality":"감북동","address":"하남시 감북동 328","owner_type":"시·군유지","owner_label":"하남시","manager":"","property_class":"","land_category":"대","area_sqm":1471.0,"area_band":"1,000~3,000㎡","interest_category":"대","solar_candidate":"검토필요","candidate_reason":"청사·공공건축물·주차장 현황 추가 확인 필요; 면적 1,471㎡","priority_score":53,"source":"경기부동산포털 국공유지조회·연속지적도","source_date":"2026-08-11","installed_solar_match":false}},{"type":"Feature","id":"4145011600106500001","geometry":{"type":"Point","coordinates":[127.1568169,37.4868729]},"properties":{"pnu":"4145011600106500001","municipality_code":"41450","municipality":"하남시","district":"하남시","locality":"학암동","address":"하남시 학암동 650-1","owner_type":"시·군유지","owner_label":"하남시","manager":"","property_class":"","land_category":"대","area_sqm":1405.0,"area_band":"1,000~3,000㎡","interest_category":"대","solar_candidate":"검토필요","candidate_reason":"청사·공공건축물·주차장 현황 추가 확인 필요; 면적 1,405㎡","priority_score":53,"source":"경기부동산포털 국공유지조회·연속지적도","source_date":"2026-08-11","installed_solar_match":false}},{"type":"Feature","id":"4145012300102760005","geometry":{"type":"Point","coordinates":[127.17092,37.5366103]},"properties":{"pnu":"4145012300102760005","municipality_code":"41450","municipality":"하남시","district":"하남시","locality":"초이동","address":"하남시 초이동 276-5","owner_type":"시·군유지","owner_label":"하남시","manager":"","property_class":"","land_category":"대","area_sqm":1320.0,"area_band":"1,000~3,000㎡","interest_category":"대","solar_candidate":"검토필요","candidate_reason":"청사·공공건축물·주차장 현황 추가 확인 필요; 면적 1,320㎡","priority_score":53,"source":"경기부동산포털 국공유지조회·연속지적도","source_date":"2026-08-11","installed_solar_match":false}},{"type":"Feature","id":"4145010800106930000","geometry":{"type":"Point","coordinates":[127.1980837,37.5422814]},"properties":{"pnu":"4145010800106930000","municipality_code":"41450","municipality":"하남시","district":"하남시","locality":"덕풍동","address":"하남시 덕풍동 693","owner_type":"시·군유지","owner_label":"하남시","manager":"","property_class":"","land_category":"대","area_sqm":1286.1,"area_band":"1,000~3,000㎡","interest_category":"대","solar_candidate":"검토필요","candidate_reason":"청사·공공건축물·주차장 현황 추가 확인 필요; 면적 1,286㎡","priority_score":53,"source":"경기부동산포털 국공유지조회·연속지적도","source_date":"2026-08-11","installed_solar_match":false}},{"type":"Feature","id":"4145010200100690001","geometry":{"type":"Point","coordinates":[127.2236751,37.5236172]},"properties":{"pnu":"4145010200100690001","municipality_code":"41450","municipality":"하남시","district":"하남시","locality":"하산곡동","address":"하남시 하산곡동 69-1","owner_type":"시·군유지","owner_label":"하남시","manager":"","property_class":"","land_category":"대","area_sqm":1191.1,"area_band":"1,000~3,000㎡","interest_category":"대","solar_candidate":"검토필요","candidate_reason":"청사·공공건축물·주차장 현황 추가 확인 필요; 면적 1,191㎡","priority_score":53,"source":"경기부동산포털 국공유지조회·연속지적도","source_date":"2026-08-11","installed_solar_match":false}},{"type":"Feature","id":"4145010600104460017","geometry":{"type":"Point","coordinates":[127.2095079,37.5387197]},"properties":{"pnu":"4145010600104460017","municipality_code":"41450","municipality":"하남시","district":"하남시","locality":"신장동","address":"하남시 신장동 446-17","owner_type":"시·군유지","owner_label":"하남시","manager":"","property_class":"","land_category":"대","area_sqm":1171.0,"area_band":"1,000~3,000㎡","interest_category":"대","solar_candidate":"검토필요","candidate_reason":"청사·공공건축물·주차장 현황 추가 확인 필요; 면적 1,171㎡","priority_score":53,"source":"경기부동산포털 국공유지조회·연속지적도","source_date":"2026-08-11","installed_solar_match":false}},{"type":"Feature","id":"4145011800102840000","geometry":{"type":"Point","coordinates":[127.1856922,37.5250417]},"properties":{"pnu":"4145011800102840000","municipality_code":"41450","municipality":"하남시","district":"하남시","locality":"춘궁동","address":"하남시 춘궁동 284","owner_type":"시·군유지","owner_label":"하남시","manager":"","property_class":"","land_category":"대","area_sqm":1160.0,"area_band":"1,000~3,000㎡","interest_category":"대","solar_candidate":"검토필요","candidate_reason":"청사·공공건축물·주차장 현황 추가 확인 필요; 면적 1,160㎡","priority_score":53,"source":"경기부동산포털 국공유지조회·연속지적도","source_date":"2026-08-11","installed_solar_match":false}},{"type":"Feature","id":"4145010800107370000","geometry":{"type":"Point","coordinates":[127.2046932,37.5525325]},"properties":{"pnu":"4145010800107370000","municipality_code":"41450","municipality":"하남시","district":"하남시","locality":"덕풍동","address":"하남시 덕풍동 737","owner_type":"시·군유지","owner_label":"하남시","manager":"","property_class":"","land_category":"대","area_sqm":1000.3,"area_band":"1,000~3,000㎡","interest_category":"대","solar_candidate":"검토필요","candidate_reason":"청사·공공건축물·주차장 현황 추가 확인 필요; 면적 1,000㎡","priority_score":53,"source":"경기부동산포털 국공유지조회·연속지적도","source_date":"2026-08-11","installed_solar_match":true,"installed_solar_count":1,"installed_solar_area_sqm":225.0,"installed_solar_analysis_years":["2024"],"installed_solar_types":["공공시설물"],"installed_solar_permit_status_counts":{"N":1}}},{"type":"Feature","id":"4145010800103350008","geometry":{"type":"Point","coordinates":[127.2023717,37.5430358]},"properties":{"pnu":"4145010800103350008","municipality_code":"41450","municipality":"하남시","district":"하남시","locality":"덕풍동","address":"하남시 덕풍동 335-8","owner_type":"시·군유지","owner_label":"하남시","manager":"","property_class":"","land_category":"대","area_sqm":1000.0,"area_band":"1,000~3,000㎡","interest_category":"대","solar_candidate":"검토필요","candidate_reason":"청사·공공건축물·주차장 현황 추가 확인 필요; 면적 1,000㎡","priority_score":53,"source":"경기부동산포털 국공유지조회·연속지적도","source_date":"2026-08-11","installed_solar_match":false}},{"type":"Feature","id":"4145010600104270449","geometry":{"type":"Point","coordinates":[127.2066703,37.5383868]},"properties":{"pnu":"4145010600104270449","municipality_code":"41450","municipality":"하남시","district":"하남시","locality":"신장동","address":"하남시 신장동 427-449","owner_type":"시·군유지","owner_label":"하남시","manager":"","property_class":"","land_category":"잡종지","area_sqm":485.0,"area_band":"100~500㎡","interest_category":"잡종지","solar_candidate":"검토필요","candidate_reason":"실제 이용·점유 여부 확인 후 검토할 잡종지; 면적 485㎡","priority_score":50,"source":"경기부동산포털 국공유지조회·연속지적도","source_date":"2026-08-11","installed_solar_match":false}},{"type":"Feature","id":"4145010600102350014","geometry":{"type":"Point","coordinates":[127.2162993,37.5463602]},"properties":{"pnu":"4145010600102350014","municipality_code":"41450","municipality":"하남시","district":"하남시","locality":"신장동","address":"하남시 신장동 235-14","owner_type":"시·군유지","owner_label":"하남시","manager":"","property_class":"","land_category":"잡종지","area_sqm":471.0,"area_band":"100~500㎡","interest_category":"잡종지","solar_candidate":"검토필요","candidate_reason":"실제 이용·점유 여부 확인 후 검토할 잡종지; 면적 471㎡","priority_score":50,"source":"경기부동산포털 국공유지조회·연속지적도","source_date":"2026-08-11","installed_solar_match":false}},{"type":"Feature","id":"4145010600102360004","geometry":{"type":"Point","coordinates":[127.2163561,37.5466398]},"properties":{"pnu":"4145010600102360004","municipality_code":"41450","municipality":"하남시","district":"하남시","locality":"신장동","address":"하남시 신장동 236-4","owner_type":"시·군유지","owner_label":"하남시","manager":"","property_class":"","land_category":"잡종지","area_sqm":301.0,"area_band":"100~500㎡","interest_category":"잡종지","solar_candidate":"검토필요","candidate_reason":"실제 이용·점유 여부 확인 후 검토할 잡종지; 면적 301㎡","priority_score":50,"source":"경기부동산포털 국공유지조회·연속지적도","source_date":"2026-08-11","installed_solar_match":false}},{"type":"Feature","id":"4145010800103810015","geometry":{"type":"Point","coordinates":[127.1999057,37.5409077]},"properties":{"pnu":"4145010800103810015","municipality_code":"41450","municipality":"하남시","district":"하남시","locality":"덕풍동","address":"하남시 덕풍동 381-15","owner_type":"시·군유지","owner_label":"하남시","manager":"","property_class":"","land_category":"잡종지","area_sqm":216.0,"area_band":"100~500㎡","interest_category":"잡종지","solar_candidate":"검토필요","candidate_reason":"실제 이용·점유 여부 확인 후 검토할 잡종지; 면적 216㎡","priority_score":50,"source":"경기부동산포털 국공유지조회·연속지적도","source_date":"2026-08-11","installed_solar_match":false}},{"type":"Feature","id":"4145012200100080005","geometry":{"type":"Point","coordinates":[127.1759176,37.5451388]},"properties":{"pnu":"4145012200100080005","municipality_code":"41450","municipality":"하남시","district":"하남시","locality":"초일동","address":"하남시 초일동 8-5","owner_type":"시·군유지","owner_label":"하남시","manager":"","property_class":"","land_category":"잡종지","area_sqm":215.0,"area_band":"100~500㎡","interest_category":"잡종지","solar_candidate":"검토필요","candidate_reason":"실제 이용·점유 여부 확인 후 검토할 잡종지; 면적 215㎡","priority_score":50,"source":"경기부동산포털 국공유지조회·연속지적도","source_date":"2026-08-11","installed_solar_match":false}},{"type":"Feature","id":"4145010300103610010","geometry":{"type":"Point","coordinates":[127.2257265,37.531632]},"properties":{"pnu":"4145010300103610010","municipality_code":"41450","municipality":"하남시","district":"하남시","locality":"창우동","address":"하남시 창우동 361-10","owner_type":"시·군유지","owner_label":"하남시","manager":"","property_class":"","land_category":"잡종지","area_sqm":209.0,"area_band":"100~500㎡","interest_category":"잡종지","solar_candidate":"검토필요","candidate_reason":"실제 이용·점유 여부 확인 후 검토할 잡종지; 면적 209㎡","priority_score":50,"source":"경기부동산포털 국공유지조회·연속지적도","source_date":"2026-08-11","installed_solar_match":false}},{"type":"Feature","id":"4145010600102370008","geometry":{"type":"Point","coordinates":[127.2165372,37.5467277]},"properties":{"pnu":"4145010600102370008","municipality_code":"41450","municipality":"하남시","district":"하남시","locality":"신장동","address":"하남시 신장동 237-8","owner_type":"시·군유지","owner_label":"하남시","manager":"","property_class":"","land_category":"잡종지","area_sqm":186.0,"area_band":"100~500㎡","interest_category":"잡종지","solar_candidate":"검토필요","candidate_reason":"실제 이용·점유 여부 확인 후 검토할 잡종지; 면적 186㎡","priority_score":50,"source":"경기부동산포털 국공유지조회·연속지적도","source_date":"2026-08-11","installed_solar_match":false}},{"type":"Feature","id":"4145011100103920007","geometry":{"type":"Point","coordinates":[127.2040438,37.5758277]},"properties":{"pnu":"4145011100103920007","municipality_code":"41450","municipality":"하남시","district":"하남시","locality":"미사동","address":"하남시 미사동 392-7","owner_type":"시·군유지","owner_label":"하남시","manager":"","property_class":"","land_category":"잡종지","area_sqm":162.0,"area_band":"100~500㎡","interest_category":"잡종지","solar_candidate":"검토필요","candidate_reason":"실제 이용·점유 여부 확인 후 검토할 잡종지; 면적 162㎡","priority_score":50,"source":"경기부동산포털 국공유지조회·연속지적도","source_date":"2026-08-11","installed_solar_match":false}},{"type":"Feature","id":"4145011300102550012","geometry":{"type":"Point","coordinates":[127.1540973,37.5200884]},"properties":{"pnu":"4145011300102550012","municipality_code":"41450","municipality":"하남시","district":"하남시","locality":"감북동","address":"하남시 감북동 255-12","owner_type":"시·군유지","owner_label":"하남시","manager":"","property_class":"","land_category":"잡종지","area_sqm":158.0,"area_band":"100~500㎡","interest_category":"잡종지","solar_candidate":"검토필요","candidate_reason":"실제 이용·점유 여부 확인 후 검토할 잡종지; 면적 158㎡","priority_score":50,"source":"경기부동산포털 국공유지조회·연속지적도","source_date":"2026-08-11","installed_solar_match":false}},{"type":"Feature","id":"4145010600105070019","geometry":{"type":"Point","coordinates":[127.2097963,37.536821]},"properties":{"pnu":"4145010600105070019","municipality_code":"41450","municipality":"하남시","district":"하남시","locality":"신장동","address":"하남시 신장동 507-19","owner_type":"시·군유지","owner_label":"하남시","manager":"","property_class":"","land_category":"잡종지","area_sqm":141.0,"area_band":"100~500㎡","interest_category":"잡종지","solar_candidate":"검토필요","candidate_reason":"실제 이용·점유 여부 확인 후 검토할 잡종지; 면적 141㎡","priority_score":50,"source":"경기부동산포털 국공유지조회·연속지적도","source_date":"2026-08-11","installed_solar_match":false}},{"type":"Feature","id":"4145010600102350003","geometry":{"type":"Point","coordinates":[127.2166078,37.5466208]},"properties":{"pnu":"4145010600102350003","municipality_code":"41450","municipality":"하남시","district":"하남시","locality":"신장동","address":"하남시 신장동 235-3","owner_type":"시·군유지","owner_label":"하남시","manager":"","property_class":"","land_category":"잡종지","area_sqm":140.0,"area_band":"100~500㎡","interest_category":"잡종지","solar_candidate":"검토필요","candidate_reason":"실제 이용·점유 여부 확인 후 검토할 잡종지; 면적 140㎡","priority_score":50,"source":"경기부동산포털 국공유지조회·연속지적도","source_date":"2026-08-11","installed_solar_match":false}},{"type":"Feature","id":"4145011100104580008","geometry":{"type":"Point","coordinates":[127.2035247,37.5682956]},"properties":{"pnu":"4145011100104580008","municipality_code":"41450","municipality":"하남시","district":"하남시","locality":"미사동","address":"하남시 미사동 458-8","owner_type":"시·군유지","owner_label":"하남시","manager":"","property_class":"","land_category":"잡종지","area_sqm":121.0,"area_band":"100~500㎡","interest_category":"잡종지","solar_candidate":"검토필요","candidate_reason":"실제 이용·점유 여부 확인 후 검토할 잡종지; 면적 121㎡","priority_score":50,"source":"경기부동산포털 국공유지조회·연속지적도","source_date":"2026-08-11","installed_solar_match":false}},{"type":"Feature","id":"4145010600105050005","geometry":{"type":"Point","coordinates":[127.2090299,37.5376031]},"properties":{"pnu":"4145010600105050005","municipality_code":"41450","municipality":"하남시","district":"하남시","locality":"신장동","address":"하남시 신장동 505-5","owner_type":"시·군유지","owner_label":"하남시","manager":"","property_class":"","land_category":"잡종지","area_sqm":112.0,"area_band":"100~500㎡","interest_category":"잡종지","solar_candidate":"검토필요","candidate_reason":"실제 이용·점유 여부 확인 후 검토할 잡종지; 면적 112㎡","priority_score":50,"source":"경기부동산포털 국공유지조회·연속지적도","source_date":"2026-08-11","installed_solar_match":false}},{"type":"Feature","id":"4145011700102260001","geometry":{"type":"Point","coordinates":[127.1978052,37.5221282]},"properties":{"pnu":"4145011700102260001","municipality_code":"41450","municipality":"하남시","district":"하남시","locality":"교산동","address":"하남시 교산동 226-1","owner_type":"시·군유지","owner_label":"하남시","manager":"","property_class":"","land_category":"잡종지","area_sqm":106.0,"area_band":"100~500㎡","interest_category":"잡종지","solar_candidate":"검토필요","candidate_reason":"실제 이용·점유 여부 확인 후 검토할 잡종지; 면적 106㎡","priority_score":50,"source":"경기부동산포털 국공유지조회·연속지적도","source_date":"2026-08-11","installed_solar_match":false}},{"type":"Feature","id":"4145010800105980001","geometry":{"type":"Point","coordinates":[127.1939566,37.5335575]},"properties":{"pnu":"4145010800105980001","municipality_code":"41450","municipality":"하남시","district":"하남시","locality":"덕풍동","address":"하남시 덕풍동 598-1","owner_type":"시·군유지","owner_label":"하남시","manager":"","property_class":"","land_category":"체육용지","area_sqm":2453.0,"area_band":"1,000~3,000㎡","interest_category":"체육용지","solar_candidate":"검토필요","candidate_reason":"체육시설·주차장 상부 활용 가능성 추가 검토; 면적 2,453㎡","priority_score":48,"source":"경기부동산포털 국공유지조회·연속지적도","source_date":"2026-08-11","installed_solar_match":false}},{"type":"Feature","id":"4145010800105980005","geometry":{"type":"Point","coordinates":[127.1935012,37.5336498]},"properties":{"pnu":"4145010800105980005","municipality_code":"41450","municipality":"하남시","district":"하남시","locality":"덕풍동","address":"하남시 덕풍동 598-5","owner_type":"시·군유지","owner_label":"하남시","manager":"","property_class":"","land_category":"체육용지","area_sqm":2270.5,"area_band":"1,000~3,000㎡","interest_category":"체육용지","solar_candidate":"검토필요","candidate_reason":"체육시설·주차장 상부 활용 가능성 추가 검토; 면적 2,270㎡","priority_score":48,"source":"경기부동산포털 국공유지조회·연속지적도","source_date":"2026-08-11","installed_solar_match":false}},{"type":"Feature","id":"4145010800107340000","geometry":{"type":"Point","coordinates":[127.2063542,37.5540704]},"properties":{"pnu":"4145010800107340000","municipality_code":"41450","municipality":"하남시","district":"하남시","locality":"덕풍동","address":"하남시 덕풍동 734","owner_type":"시·군유지","owner_label":"하남시","manager":"","property_class":"","land_category":"체육용지","area_sqm":1742.1,"area_band":"1,000~3,000㎡","interest_category":"체육용지","solar_candidate":"검토필요","candidate_reason":"체육시설·주차장 상부 활용 가능성 추가 검토; 면적 1,742㎡","priority_score":48,"source":"경기부동산포털 국공유지조회·연속지적도","source_date":"2026-08-11","installed_solar_match":true,"installed_solar_count":1,"installed_solar_area_sqm":627.4,"installed_solar_analysis_years":["2024"],"installed_solar_types":["공공시설물"],"installed_solar_permit_status_counts":{"N":1}}},{"type":"Feature","id":"4145010200105550008","geometry":{"type":"Point","coordinates":[127.2234323,37.5238856]},"properties":{"pnu":"4145010200105550008","municipality_code":"41450","municipality":"하남시","district":"하남시","locality":"하산곡동","address":"하남시 하산곡동 555-8","owner_type":"시·군유지","owner_label":"하남시","manager":"","property_class":"","land_category":"체육용지","area_sqm":1331.8,"area_band":"1,000~3,000㎡","interest_category":"체육용지","solar_candidate":"검토필요","candidate_reason":"체육시설·주차장 상부 활용 가능성 추가 검토; 면적 1,332㎡","priority_score":48,"source":"경기부동산포털 국공유지조회·연속지적도","source_date":"2026-08-11","installed_solar_match":false}},{"type":"Feature","id":"4145011000105370000","geometry":{"type":"Point","coordinates":[127.1889998,37.554779]},"properties":{"pnu":"4145011000105370000","municipality_code":"41450","municipality":"하남시","district":"하남시","locality":"풍산동","address":"하남시 풍산동 537","owner_type":"시·군유지","owner_label":"하남시","manager":"","property_class":"","land_category":"공원","area_sqm":147152.6,"area_band":"5,000㎡ 이상","interest_category":"공원","solar_candidate":"검토필요","candidate_reason":"도시공원 관련 법령 및 공원시설 기준 검토 필요; 면적 147,153㎡","priority_score":45,"source":"경기부동산포털 국공유지조회·연속지적도","source_date":"2026-08-11","installed_solar_match":true,"installed_solar_count":5,"installed_solar_area_sqm":303.5,"installed_solar_analysis_years":["2024"],"installed_solar_types":["공공시설물"],"installed_solar_permit_status_counts":{"N":5}}},{"type":"Feature","id":"4145010900108320000","geometry":{"type":"Point","coordinates":[127.1911432,37.5786016]},"properties":{"pnu":"4145010900108320000","municipality_code":"41450","municipality":"하남시","district":"하남시","locality":"망월동","address":"하남시 망월동 832","owner_type":"시·군유지","owner_label":"하남시","manager":"","property_class":"","land_category":"공원","area_sqm":91870.6,"area_band":"5,000㎡ 이상","interest_category":"공원","solar_candidate":"검토필요","candidate_reason":"도시공원 관련 법령 및 공원시설 기준 검토 필요; 면적 91,871㎡","priority_score":45,"source":"경기부동산포털 국공유지조회·연속지적도","source_date":"2026-08-11","installed_solar_match":false}},{"type":"Feature","id":"4145011200104210001","geometry":{"type":"Point","coordinates":[127.1885244,37.5787661]},"properties":{"pnu":"4145011200104210001","municipality_code":"41450","municipality":"하남시","district":"하남시","locality":"선동","address":"하남시 선동 421-1","owner_type":"시·군유지","owner_label":"하남시","manager":"","property_class":"","land_category":"공원","area_sqm":87531.6,"area_band":"5,000㎡ 이상","interest_category":"공원","solar_candidate":"검토필요","candidate_reason":"도시공원 관련 법령 및 공원시설 기준 검토 필요; 면적 87,532㎡","priority_score":45,"source":"경기부동산포털 국공유지조회·연속지적도","source_date":"2026-08-11","installed_solar_match":false}},{"type":"Feature","id":"4145010900110720000","geometry":{"type":"Point","coordinates":[127.1880604,37.5619891]},"properties":{"pnu":"4145010900110720000","municipality_code":"41450","municipality":"하남시","district":"하남시","locality":"망월동","address":"하남시 망월동 1072","owner_type":"시·군유지","owner_label":"하남시","manager":"","property_class":"","land_category":"공원","area_sqm":82312.3,"area_band":"5,000㎡ 이상","interest_category":"공원","solar_candidate":"검토필요","candidate_reason":"도시공원 관련 법령 및 공원시설 기준 검토 필요; 면적 82,312㎡","priority_score":45,"source":"경기부동산포털 국공유지조회·연속지적도","source_date":"2026-08-11","installed_solar_match":false}},{"type":"Feature","id":"4145011200104170000","geometry":{"type":"Point","coordinates":[127.1819206,37.577892]},"properties":{"pnu":"4145011200104170000","municipality_code":"41450","municipality":"하남시","district":"하남시","locality":"선동","address":"하남시 선동 417","owner_type":"시·군유지","owner_label":"하남시","manager":"","property_class":"","land_category":"공원","area_sqm":79419.1,"area_band":"5,000㎡ 이상","interest_category":"공원","solar_candidate":"검토필요","candidate_reason":"도시공원 관련 법령 및 공원시설 기준 검토 필요; 면적 79,419㎡","priority_score":45,"source":"경기부동산포털 국공유지조회·연속지적도","source_date":"2026-08-11","installed_solar_match":false}},{"type":"Feature","id":"4145010800104350202","geometry":{"type":"Point","coordinates":[127.1981181,37.536025]},"properties":{"pnu":"4145010800104350202","municipality_code":"41450","municipality":"하남시","district":"하남시","locality":"덕풍동","address":"하남시 덕풍동 435-202","owner_type":"시·군유지","owner_label":"하남시","manager":"","property_class":"","land_category":"공원","area_sqm":71805.0,"area_band":"5,000㎡ 이상","interest_category":"공원","solar_candidate":"검토필요","candidate_reason":"도시공원 관련 법령 및 공원시설 기준 검토 필요; 면적 71,805㎡","priority_score":45,"source":"경기부동산포털 국공유지조회·연속지적도","source_date":"2026-08-11","installed_solar_match":true,"installed_solar_count":1,"installed_solar_area_sqm":369.9,"installed_solar_analysis_years":["2024"],"installed_solar_types":["기타"],"installed_solar_permit_status_counts":{"N":1}}},{"type":"Feature","id":"4145011500104650000","geometry":{"type":"Point","coordinates":[127.1688508,37.5083034]},"properties":{"pnu":"4145011500104650000","municipality_code":"41450","municipality":"하남시","district":"하남시","locality":"감이동","address":"하남시 감이동 465","owner_type":"시·군유지","owner_label":"하남시","manager":"","property_class":"","land_category":"공원","area_sqm":68994.1,"area_band":"5,000㎡ 이상","interest_category":"공원","solar_candidate":"검토필요","candidate_reason":"도시공원 관련 법령 및 공원시설 기준 검토 필요; 면적 68,994㎡","priority_score":45,"source":"경기부동산포털 국공유지조회·연속지적도","source_date":"2026-08-11","installed_solar_match":false}},{"type":"Feature","id":"4145010800107390000","geometry":{"type":"Point","coordinates":[127.2070128,37.5526729]},"properties":{"pnu":"4145010800107390000","municipality_code":"41450","municipality":"하남시","district":"하남시","locality":"덕풍동","address":"하남시 덕풍동 739","owner_type":"시·군유지","owner_label":"하남시","manager":"","property_class":"","land_category":"공원","area_sqm":67983.1,"area_band":"5,000㎡ 이상","interest_category":"공원","solar_candidate":"검토필요","candidate_reason":"도시공원 관련 법령 및 공원시설 기준 검토 필요; 면적 67,983㎡","priority_score":45,"source":"경기부동산포털 국공유지조회·연속지적도","source_date":"2026-08-11","installed_solar_match":true,"installed_solar_count":1,"installed_solar_area_sqm":139.0,"installed_solar_analysis_years":["2024"],"installed_solar_types":["공공시설물"],"installed_solar_permit_status_counts":{"N":1}}},{"type":"Feature","id":"4145011200104210000","geometry":{"type":"Point","coordinates":[127.1859574,37.5789158]},"properties":{"pnu":"4145011200104210000","municipality_code":"41450","municipality":"하남시","district":"하남시","locality":"선동","address":"하남시 선동 421","owner_type":"시·군유지","owner_label":"하남시","manager":"","property_class":"","land_category":"공원","area_sqm":59144.8,"area_band":"5,000㎡ 이상","interest_category":"공원","solar_candidate":"검토필요","candidate_reason":"도시공원 관련 법령 및 공원시설 기준 검토 필요; 면적 59,145㎡","priority_score":45,"source":"경기부동산포털 국공유지조회·연속지적도","source_date":"2026-08-11","installed_solar_match":false}},{"type":"Feature","id":"4145011200104130000","geometry":{"type":"Point","coordinates":[127.1781161,37.5767141]},"properties":{"pnu":"4145011200104130000","municipality_code":"41450","municipality":"하남시","district":"하남시","locality":"선동","address":"하남시 선동 413","owner_type":"시·군유지","owner_label":"하남시","manager":"","property_class":"","land_category":"공원","area_sqm":59121.5,"area_band":"5,000㎡ 이상","interest_category":"공원","solar_candidate":"검토필요","candidate_reason":"도시공원 관련 법령 및 공원시설 기준 검토 필요; 면적 59,122㎡","priority_score":45,"source":"경기부동산포털 국공유지조회·연속지적도","source_date":"2026-08-11","installed_solar_match":false}},{"type":"Feature","id":"4145010900109550000","geometry":{"type":"Point","coordinates":[127.1868752,37.5691886]},"properties":{"pnu":"4145010900109550000","municipality_code":"41450","municipality":"하남시","district":"하남시","locality":"망월동","address":"하남시 망월동 955","owner_type":"시·군유지","owner_label":"하남시","manager":"","property_class":"","land_category":"공원","area_sqm":53870.5,"area_band":"5,000㎡ 이상","interest_category":"공원","solar_candidate":"검토필요","candidate_reason":"도시공원 관련 법령 및 공원시설 기준 검토 필요; 면적 53,870㎡","priority_score":45,"source":"경기부동산포털 국공유지조회·연속지적도","source_date":"2026-08-11","installed_solar_match":true,"installed_solar_count":2,"installed_solar_area_sqm":439.8,"installed_solar_analysis_years":["2024"],"installed_solar_types":["공공시설물"],"installed_solar_permit_status_counts":{"N":2}}},{"type":"Feature","id":"4145011600106740000","geometry":{"type":"Point","coordinates":[127.1595414,37.471658]},"properties":{"pnu":"4145011600106740000","municipality_code":"41450","municipality":"하남시","district":"하남시","locality":"학암동","address":"하남시 학암동 674","owner_type":"시·군유지","owner_label":"하남시","manager":"","property_class":"","land_category":"공원","area_sqm":50778.5,"area_band":"5,000㎡ 이상","interest_category":"공원","solar_candidate":"검토필요","candidate_reason":"도시공원 관련 법령 및 공원시설 기준 검토 필요; 면적 50,778㎡","priority_score":45,"source":"경기부동산포털 국공유지조회·연속지적도","source_date":"2026-08-11","installed_solar_match":false}},{"type":"Feature","id":"4145011900102530000","geometry":{"type":"Point","coordinates":[127.1985647,37.5188747]},"properties":{"pnu":"4145011900102530000","municipality_code":"41450","municipality":"하남시","district":"하남시","locality":"하사창동","address":"하남시 하사창동 253","owner_type":"시·군유지","owner_label":"하남시","manager":"","property_class":"","land_category":"공원","area_sqm":35189.0,"area_band":"5,000㎡ 이상","interest_category":"공원","solar_candidate":"검토필요","candidate_reason":"도시공원 관련 법령 및 공원시설 기준 검토 필요; 면적 35,189㎡","priority_score":45,"source":"경기부동산포털 국공유지조회·연속지적도","source_date":"2026-08-11","installed_solar_match":false}},{"type":"Feature","id":"4145010900108380000","geometry":{"type":"Point","coordinates":[127.1878888,37.5746249]},"properties":{"pnu":"4145010900108380000","municipality_code":"41450","municipality":"하남시","district":"하남시","locality":"망월동","address":"하남시 망월동 838","owner_type":"시·군유지","owner_label":"하남시","manager":"","property_class":"","land_category":"공원","area_sqm":33923.6,"area_band":"5,000㎡ 이상","interest_category":"공원","solar_candidate":"검토필요","candidate_reason":"도시공원 관련 법령 및 공원시설 기준 검토 필요; 면적 33,924㎡","priority_score":45,"source":"경기부동산포털 국공유지조회·연속지적도","source_date":"2026-08-11","installed_solar_match":false}},{"type":"Feature","id":"4145011600106410001","geometry":{"type":"Point","coordinates":[127.157446,37.4842959]},"properties":{"pnu":"4145011600106410001","municipality_code":"41450","municipality":"하남시","district":"하남시","locality":"학암동","address":"하남시 학암동 641-1","owner_type":"시·군유지","owner_label":"하남시","manager":"","property_class":"","land_category":"공원","area_sqm":24766.3,"area_band":"5,000㎡ 이상","interest_category":"공원","solar_candidate":"검토필요","candidate_reason":"도시공원 관련 법령 및 공원시설 기준 검토 필요; 면적 24,766㎡","priority_score":45,"source":"경기부동산포털 국공유지조회·연속지적도","source_date":"2026-08-11","installed_solar_match":false}},{"type":"Feature","id":"4145010900110760000","geometry":{"type":"Point","coordinates":[127.187306,37.5663001]},"properties":{"pnu":"4145010900110760000","municipality_code":"41450","municipality":"하남시","district":"하남시","locality":"망월동","address":"하남시 망월동 1076","owner_type":"시·군유지","owner_label":"하남시","manager":"","property_class":"","land_category":"공원","area_sqm":23876.1,"area_band":"5,000㎡ 이상","interest_category":"공원","solar_candidate":"검토필요","candidate_reason":"도시공원 관련 법령 및 공원시설 기준 검토 필요; 면적 23,876㎡","priority_score":45,"source":"경기부동산포털 국공유지조회·연속지적도","source_date":"2026-08-11","installed_solar_match":false}},{"type":"Feature","id":"4145010800107320000","geometry":{"type":"Point","coordinates":[127.2024386,37.5537794]},"properties":{"pnu":"4145010800107320000","municipality_code":"41450","municipality":"하남시","district":"하남시","locality":"덕풍동","address":"하남시 덕풍동 732","owner_type":"시·군유지","owner_label":"하남시","manager":"","property_class":"","land_category":"공원","area_sqm":22245.9,"area_band":"5,000㎡ 이상","interest_category":"공원","solar_candidate":"검토필요","candidate_reason":"도시공원 관련 법령 및 공원시설 기준 검토 필요; 면적 22,246㎡","priority_score":45,"source":"경기부동산포털 국공유지조회·연속지적도","source_date":"2026-08-11","installed_solar_match":false}},{"type":"Feature","id":"4145010900110330000","geometry":{"type":"Point","coordinates":[127.1803827,37.5690599]},"properties":{"pnu":"4145010900110330000","municipality_code":"41450","municipality":"하남시","district":"하남시","locality":"망월동","address":"하남시 망월동 1033","owner_type":"시·군유지","owner_label":"하남시","manager":"","property_class":"","land_category":"공원","area_sqm":22190.5,"area_band":"5,000㎡ 이상","interest_category":"공원","solar_candidate":"검토필요","candidate_reason":"도시공원 관련 법령 및 공원시설 기준 검토 필요; 면적 22,190㎡","priority_score":45,"source":"경기부동산포털 국공유지조회·연속지적도","source_date":"2026-08-11","installed_solar_match":false}},{"type":"Feature","id":"4145011600106740001","geometry":{"type":"Point","coordinates":[127.1517464,37.4776187]},"properties":{"pnu":"4145011600106740001","municipality_code":"41450","municipality":"하남시","district":"하남시","locality":"학암동","address":"하남시 학암동 674-1","owner_type":"시·군유지","owner_label":"하남시","manager":"","property_class":"","land_category":"공원","area_sqm":21377.4,"area_band":"5,000㎡ 이상","interest_category":"공원","solar_candidate":"검토필요","candidate_reason":"도시공원 관련 법령 및 공원시설 기준 검토 필요; 면적 21,377㎡","priority_score":45,"source":"경기부동산포털 국공유지조회·연속지적도","source_date":"2026-08-11","installed_solar_match":false}},{"type":"Feature","id":"4145011500104440000","geometry":{"type":"Point","coordinates":[127.1556789,37.5082991]},"properties":{"pnu":"4145011500104440000","municipality_code":"41450","municipality":"하남시","district":"하남시","locality":"감이동","address":"하남시 감이동 444","owner_type":"시·군유지","owner_label":"하남시","manager":"","property_class":"","land_category":"공원","area_sqm":20653.8,"area_band":"5,000㎡ 이상","interest_category":"공원","solar_candidate":"검토필요","candidate_reason":"도시공원 관련 법령 및 공원시설 기준 검토 필요; 면적 20,654㎡","priority_score":45,"source":"경기부동산포털 국공유지조회·연속지적도","source_date":"2026-08-11","installed_solar_match":false}},{"type":"Feature","id":"4145011700102900000","geometry":{"type":"Point","coordinates":[127.1981394,37.5203914]},"properties":{"pnu":"4145011700102900000","municipality_code":"41450","municipality":"하남시","district":"하남시","locality":"교산동","address":"하남시 교산동 290","owner_type":"시·군유지","owner_label":"하남시","manager":"","property_class":"","land_category":"공원","area_sqm":20062.0,"area_band":"5,000㎡ 이상","interest_category":"공원","solar_candidate":"검토필요","candidate_reason":"도시공원 관련 법령 및 공원시설 기준 검토 필요; 면적 20,062㎡","priority_score":45,"source":"경기부동산포털 국공유지조회·연속지적도","source_date":"2026-08-11","installed_solar_match":false}},{"type":"Feature","id":"4145011500104560000","geometry":{"type":"Point","coordinates":[127.1601801,37.5078602]},"properties":{"pnu":"4145011500104560000","municipality_code":"41450","municipality":"하남시","district":"하남시","locality":"감이동","address":"하남시 감이동 456","owner_type":"시·군유지","owner_label":"하남시","manager":"","property_class":"","land_category":"공원","area_sqm":17815.3,"area_band":"5,000㎡ 이상","interest_category":"공원","solar_candidate":"검토필요","candidate_reason":"도시공원 관련 법령 및 공원시설 기준 검토 필요; 면적 17,815㎡","priority_score":45,"source":"경기부동산포털 국공유지조회·연속지적도","source_date":"2026-08-11","installed_solar_match":false}},{"type":"Feature","id":"4145010800108240000","geometry":{"type":"Point","coordinates":[127.2064712,37.5463553]},"properties":{"pnu":"4145010800108240000","municipality_code":"41450","municipality":"하남시","district":"하남시","locality":"덕풍동","address":"하남시 덕풍동 824","owner_type":"시·군유지","owner_label":"하남시","manager":"","property_class":"","land_category":"공원","area_sqm":17607.8,"area_band":"5,000㎡ 이상","interest_category":"공원","solar_candidate":"검토필요","candidate_reason":"도시공원 관련 법령 및 공원시설 기준 검토 필요; 면적 17,608㎡","priority_score":45,"source":"경기부동산포털 국공유지조회·연속지적도","source_date":"2026-08-11","installed_solar_match":false}},{"type":"Feature","id":"4145011400105360000","geometry":{"type":"Point","coordinates":[127.1630396,37.5105514]},"properties":{"pnu":"4145011400105360000","municipality_code":"41450","municipality":"하남시","district":"하남시","locality":"감일동","address":"하남시 감일동 536","owner_type":"시·군유지","owner_label":"하남시","manager":"","property_class":"","land_category":"공원","area_sqm":17495.4,"area_band":"5,000㎡ 이상","interest_category":"공원","solar_candidate":"검토필요","candidate_reason":"도시공원 관련 법령 및 공원시설 기준 검토 필요; 면적 17,495㎡","priority_score":45,"source":"경기부동산포털 국공유지조회·연속지적도","source_date":"2026-08-11","installed_solar_match":false}},{"type":"Feature","id":"4145011400105040000","geometry":{"type":"Point","coordinates":[127.1530382,37.5101697]},"properties":{"pnu":"4145011400105040000","municipality_code":"41450","municipality":"하남시","district":"하남시","locality":"감일동","address":"하남시 감일동 504","owner_type":"시·군유지","owner_label":"하남시","manager":"","property_class":"","land_category":"공원","area_sqm":17308.5,"area_band":"5,000㎡ 이상","interest_category":"공원","solar_candidate":"검토필요","candidate_reason":"도시공원 관련 법령 및 공원시설 기준 검토 필요; 면적 17,308㎡","priority_score":45,"source":"경기부동산포털 국공유지조회·연속지적도","source_date":"2026-08-11","installed_solar_match":false}},{"type":"Feature","id":"4145011400105450001","geometry":{"type":"Point","coordinates":[127.1653191,37.5114159]},"properties":{"pnu":"4145011400105450001","municipality_code":"41450","municipality":"하남시","district":"하남시","locality":"감일동","address":"하남시 감일동 545-1","owner_type":"시·군유지","owner_label":"하남시","manager":"","property_class":"","land_category":"공원","area_sqm":16465.1,"area_band":"5,000㎡ 이상","interest_category":"공원","solar_candidate":"검토필요","candidate_reason":"도시공원 관련 법령 및 공원시설 기준 검토 필요; 면적 16,465㎡","priority_score":45,"source":"경기부동산포털 국공유지조회·연속지적도","source_date":"2026-08-11","installed_solar_match":false}},{"type":"Feature","id":"4145010800107760000","geometry":{"type":"Point","coordinates":[127.2010583,37.5511766]},"properties":{"pnu":"4145010800107760000","municipality_code":"41450","municipality":"하남시","district":"하남시","locality":"덕풍동","address":"하남시 덕풍동 776","owner_type":"시·군유지","owner_label":"하남시","manager":"","property_class":"","land_category":"공원","area_sqm":16167.1,"area_band":"5,000㎡ 이상","interest_category":"공원","solar_candidate":"검토필요","candidate_reason":"도시공원 관련 법령 및 공원시설 기준 검토 필요; 면적 16,167㎡","priority_score":45,"source":"경기부동산포털 국공유지조회·연속지적도","source_date":"2026-08-11","installed_solar_match":false}},{"type":"Feature","id":"4145011600106540001","geometry":{"type":"Point","coordinates":[127.1489009,37.4823448]},"properties":{"pnu":"4145011600106540001","municipality_code":"41450","municipality":"하남시","district":"하남시","locality":"학암동","address":"하남시 학암동 654-1","owner_type":"시·군유지","owner_label":"하남시","manager":"","property_class":"","land_category":"공원","area_sqm":16141.5,"area_band":"5,000㎡ 이상","interest_category":"공원","solar_candidate":"검토필요","candidate_reason":"도시공원 관련 법령 및 공원시설 기준 검토 필요; 면적 16,142㎡","priority_score":45,"source":"경기부동산포털 국공유지조회·연속지적도","source_date":"2026-08-11","installed_solar_match":true,"installed_solar_count":1,"installed_solar_area_sqm":124.7,"installed_solar_analysis_years":["2024"],"installed_solar_types":["공공시설물"],"installed_solar_permit_status_counts":{"N":1}}},{"type":"Feature","id":"4145010900110240000","geometry":{"type":"Point","coordinates":[127.1836788,37.5679176]},"properties":{"pnu":"4145010900110240000","municipality_code":"41450","municipality":"하남시","district":"하남시","locality":"망월동","address":"하남시 망월동 1024","owner_type":"시·군유지","owner_label":"하남시","manager":"","property_class":"","land_category":"공원","area_sqm":15489.3,"area_band":"5,000㎡ 이상","interest_category":"공원","solar_candidate":"검토필요","candidate_reason":"도시공원 관련 법령 및 공원시설 기준 검토 필요; 면적 15,489㎡","priority_score":45,"source":"경기부동산포털 국공유지조회·연속지적도","source_date":"2026-08-11","installed_solar_match":false}},{"type":"Feature","id":"4145011400104440000","geometry":{"type":"Point","coordinates":[127.1508367,37.5113065]},"properties":{"pnu":"4145011400104440000","municipality_code":"41450","municipality":"하남시","district":"하남시","locality":"감일동","address":"하남시 감일동 444","owner_type":"시·군유지","owner_label":"하남시","manager":"","property_class":"","land_category":"공원","area_sqm":14395.0,"area_band":"5,000㎡ 이상","interest_category":"공원","solar_candidate":"검토필요","candidate_reason":"도시공원 관련 법령 및 공원시설 기준 검토 필요; 면적 14,395㎡","priority_score":45,"source":"경기부동산포털 국공유지조회·연속지적도","source_date":"2026-08-11","installed_solar_match":false}},{"type":"Feature","id":"4145011000106170000","geometry":{"type":"Point","coordinates":[127.1941407,37.5486015]},"properties":{"pnu":"4145011000106170000","municipality_code":"41450","municipality":"하남시","district":"하남시","locality":"풍산동","address":"하남시 풍산동 617","owner_type":"시·군유지","owner_label":"하남시","manager":"","property_class":"","land_category":"공원","area_sqm":14260.2,"area_band":"5,000㎡ 이상","interest_category":"공원","solar_candidate":"검토필요","candidate_reason":"도시공원 관련 법령 및 공원시설 기준 검토 필요; 면적 14,260㎡","priority_score":45,"source":"경기부동산포털 국공유지조회·연속지적도","source_date":"2026-08-11","installed_solar_match":false}},{"type":"Feature","id":"4145011500104920000","geometry":{"type":"Point","coordinates":[127.1667249,37.5030275]},"properties":{"pnu":"4145011500104920000","municipality_code":"41450","municipality":"하남시","district":"하남시","locality":"감이동","address":"하남시 감이동 492","owner_type":"시·군유지","owner_label":"하남시","manager":"","property_class":"","land_category":"공원","area_sqm":14170.1,"area_band":"5,000㎡ 이상","interest_category":"공원","solar_candidate":"검토필요","candidate_reason":"도시공원 관련 법령 및 공원시설 기준 검토 필요; 면적 14,170㎡","priority_score":45,"source":"경기부동산포털 국공유지조회·연속지적도","source_date":"2026-08-11","installed_solar_match":true,"installed_solar_count":1,"installed_solar_area_sqm":46.0,"installed_solar_analysis_years":["2024"],"installed_solar_types":["공동주택"],"installed_solar_permit_status_counts":{"N":1}}},{"type":"Feature","id":"4145010600105200002","geometry":{"type":"Point","coordinates":[127.2137404,37.5382836]},"properties":{"pnu":"4145010600105200002","municipality_code":"41450","municipality":"하남시","district":"하남시","locality":"신장동","address":"하남시 신장동 520-2","owner_type":"시·군유지","owner_label":"하남시","manager":"","property_class":"","land_category":"공원","area_sqm":13911.9,"area_band":"5,000㎡ 이상","interest_category":"공원","solar_candidate":"검토필요","candidate_reason":"도시공원 관련 법령 및 공원시설 기준 검토 필요; 면적 13,912㎡","priority_score":45,"source":"경기부동산포털 국공유지조회·연속지적도","source_date":"2026-08-11","installed_solar_match":false}},{"type":"Feature","id":"4145011400105450000","geometry":{"type":"Point","coordinates":[127.1656989,37.5125298]},"properties":{"pnu":"4145011400105450000","municipality_code":"41450","municipality":"하남시","district":"하남시","locality":"감일동","address":"하남시 감일동 545","owner_type":"시·군유지","owner_label":"하남시","manager":"","property_class":"","land_category":"공원","area_sqm":13449.8,"area_band":"5,000㎡ 이상","interest_category":"공원","solar_candidate":"검토필요","candidate_reason":"도시공원 관련 법령 및 공원시설 기준 검토 필요; 면적 13,450㎡","priority_score":45,"source":"경기부동산포털 국공유지조회·연속지적도","source_date":"2026-08-11","installed_solar_match":false}},{"type":"Feature","id":"4145011600106550001","geometry":{"type":"Point","coordinates":[127.1506396,37.4818802]},"properties":{"pnu":"4145011600106550001","municipality_code":"41450","municipality":"하남시","district":"하남시","locality":"학암동","address":"하남시 학암동 655-1","owner_type":"시·군유지","owner_label":"하남시","manager":"","property_class":"","land_category":"공원","area_sqm":12877.4,"area_band":"5,000㎡ 이상","interest_category":"공원","solar_candidate":"검토필요","candidate_reason":"도시공원 관련 법령 및 공원시설 기준 검토 필요; 면적 12,877㎡","priority_score":45,"source":"경기부동산포털 국공유지조회·연속지적도","source_date":"2026-08-11","installed_solar_match":false}},{"type":"Feature","id":"4145011500104690001","geometry":{"type":"Point","coordinates":[127.1635236,37.5070044]},"properties":{"pnu":"4145011500104690001","municipality_code":"41450","municipality":"하남시","district":"하남시","locality":"감이동","address":"하남시 감이동 469-1","owner_type":"시·군유지","owner_label":"하남시","manager":"","property_class":"","land_category":"공원","area_sqm":12830.0,"area_band":"5,000㎡ 이상","interest_category":"공원","solar_candidate":"검토필요","candidate_reason":"도시공원 관련 법령 및 공원시설 기준 검토 필요; 면적 12,830㎡","priority_score":45,"source":"경기부동산포털 국공유지조회·연속지적도","source_date":"2026-08-11","installed_solar_match":false}},{"type":"Feature","id":"4145011000105400000","geometry":{"type":"Point","coordinates":[127.1907065,37.5596692]},"properties":{"pnu":"4145011000105400000","municipality_code":"41450","municipality":"하남시","district":"하남시","locality":"풍산동","address":"하남시 풍산동 540","owner_type":"시·군유지","owner_label":"하남시","manager":"","property_class":"","land_category":"공원","area_sqm":12751.7,"area_band":"5,000㎡ 이상","interest_category":"공원","solar_candidate":"검토필요","candidate_reason":"도시공원 관련 법령 및 공원시설 기준 검토 필요; 면적 12,752㎡","priority_score":45,"source":"경기부동산포털 국공유지조회·연속지적도","source_date":"2026-08-11","installed_solar_match":false}},{"type":"Feature","id":"4145010600105940000","geometry":{"type":"Point","coordinates":[127.2131187,37.5439734]},"properties":{"pnu":"4145010600105940000","municipality_code":"41450","municipality":"하남시","district":"하남시","locality":"신장동","address":"하남시 신장동 594","owner_type":"시·군유지","owner_label":"하남시","manager":"","property_class":"","land_category":"공원","area_sqm":12523.5,"area_band":"5,000㎡ 이상","interest_category":"공원","solar_candidate":"검토필요","candidate_reason":"도시공원 관련 법령 및 공원시설 기준 검토 필요; 면적 12,524㎡","priority_score":45,"source":"경기부동산포털 국공유지조회·연속지적도","source_date":"2026-08-11","installed_solar_match":false}},{"type":"Feature","id":"4145010800107260008","geometry":{"type":"Point","coordinates":[127.2075414,37.5543864]},"properties":{"pnu":"4145010800107260008","municipality_code":"41450","municipality":"하남시","district":"하남시","locality":"덕풍동","address":"하남시 덕풍동 726-8","owner_type":"시·군유지","owner_label":"하남시","manager":"","property_class":"","land_category":"공원","area_sqm":11422.2,"area_band":"5,000㎡ 이상","interest_category":"공원","solar_candidate":"검토필요","candidate_reason":"도시공원 관련 법령 및 공원시설 기준 검토 필요; 면적 11,422㎡","priority_score":45,"source":"경기부동산포털 국공유지조회·연속지적도","source_date":"2026-08-11","installed_solar_match":false}},{"type":"Feature","id":"4145011500105210001","geometry":{"type":"Point","coordinates":[127.153353,37.5035024]},"properties":{"pnu":"4145011500105210001","municipality_code":"41450","municipality":"하남시","district":"하남시","locality":"감이동","address":"하남시 감이동 521-1","owner_type":"시·군유지","owner_label":"하남시","manager":"","property_class":"","land_category":"공원","area_sqm":10882.4,"area_band":"5,000㎡ 이상","interest_category":"공원","solar_candidate":"검토필요","candidate_reason":"도시공원 관련 법령 및 공원시설 기준 검토 필요; 면적 10,882㎡","priority_score":45,"source":"경기부동산포털 국공유지조회·연속지적도","source_date":"2026-08-11","installed_solar_match":false}},{"type":"Feature","id":"4145011500105360000","geometry":{"type":"Point","coordinates":[127.1612308,37.5013961]},"properties":{"pnu":"4145011500105360000","municipality_code":"41450","municipality":"하남시","district":"하남시","locality":"감이동","address":"하남시 감이동 536","owner_type":"시·군유지","owner_label":"하남시","manager":"","property_class":"","land_category":"공원","area_sqm":10803.9,"area_band":"5,000㎡ 이상","interest_category":"공원","solar_candidate":"검토필요","candidate_reason":"도시공원 관련 법령 및 공원시설 기준 검토 필요; 면적 10,804㎡","priority_score":45,"source":"경기부동산포털 국공유지조회·연속지적도","source_date":"2026-08-11","installed_solar_match":false}},{"type":"Feature","id":"4145011000106230000","geometry":{"type":"Point","coordinates":[127.1949554,37.5457286]},"properties":{"pnu":"4145011000106230000","municipality_code":"41450","municipality":"하남시","district":"하남시","locality":"풍산동","address":"하남시 풍산동 623","owner_type":"시·군유지","owner_label":"하남시","manager":"","property_class":"","land_category":"공원","area_sqm":10705.0,"area_band":"5,000㎡ 이상","interest_category":"공원","solar_candidate":"검토필요","candidate_reason":"도시공원 관련 법령 및 공원시설 기준 검토 필요; 면적 10,705㎡","priority_score":45,"source":"경기부동산포털 국공유지조회·연속지적도","source_date":"2026-08-11","installed_solar_match":false}},{"type":"Feature","id":"4145011600106700000","geometry":{"type":"Point","coordinates":[127.1491541,37.4762398]},"properties":{"pnu":"4145011600106700000","municipality_code":"41450","municipality":"하남시","district":"하남시","locality":"학암동","address":"하남시 학암동 670","owner_type":"시·군유지","owner_label":"하남시","manager":"","property_class":"","land_category":"공원","area_sqm":10052.6,"area_band":"5,000㎡ 이상","interest_category":"공원","solar_candidate":"검토필요","candidate_reason":"도시공원 관련 법령 및 공원시설 기준 검토 필요; 면적 10,053㎡","priority_score":45,"source":"경기부동산포털 국공유지조회·연속지적도","source_date":"2026-08-11","installed_solar_match":false}},{"type":"Feature","id":"4145010600106080000","geometry":{"type":"Point","coordinates":[127.2216221,37.5442962]},"properties":{"pnu":"4145010600106080000","municipality_code":"41450","municipality":"하남시","district":"하남시","locality":"신장동","address":"하남시 신장동 608","owner_type":"시·군유지","owner_label":"하남시","manager":"","property_class":"","land_category":"공원","area_sqm":10051.6,"area_band":"5,000㎡ 이상","interest_category":"공원","solar_candidate":"검토필요","candidate_reason":"도시공원 관련 법령 및 공원시설 기준 검토 필요; 면적 10,052㎡","priority_score":45,"source":"경기부동산포털 국공유지조회·연속지적도","source_date":"2026-08-11","installed_solar_match":false}},{"type":"Feature","id":"4145010300105210004","geometry":{"type":"Point","coordinates":[127.2251004,37.5374974]},"properties":{"pnu":"4145010300105210004","municipality_code":"41450","municipality":"하남시","district":"하남시","locality":"창우동","address":"하남시 창우동 521-4","owner_type":"시·군유지","owner_label":"하남시","manager":"","property_class":"","land_category":"공원","area_sqm":10000.1,"area_band":"5,000㎡ 이상","interest_category":"공원","solar_candidate":"검토필요","candidate_reason":"도시공원 관련 법령 및 공원시설 기준 검토 필요; 면적 10,000㎡","priority_score":45,"source":"경기부동산포털 국공유지조회·연속지적도","source_date":"2026-08-11","installed_solar_match":false}},{"type":"Feature","id":"4145011000106280000","geometry":{"type":"Point","coordinates":[127.1950044,37.5412168]},"properties":{"pnu":"4145011000106280000","municipality_code":"41450","municipality":"하남시","district":"하남시","locality":"풍산동","address":"하남시 풍산동 628","owner_type":"시·군유지","owner_label":"하남시","manager":"","property_class":"","land_category":"공원","area_sqm":9628.5,"area_band":"5,000㎡ 이상","interest_category":"공원","solar_candidate":"검토필요","candidate_reason":"도시공원 관련 법령 및 공원시설 기준 검토 필요; 면적 9,628㎡","priority_score":45,"source":"경기부동산포털 국공유지조회·연속지적도","source_date":"2026-08-11","installed_solar_match":false}},{"type":"Feature","id":"4145010900108750000","geometry":{"type":"Point","coordinates":[127.1906248,37.574479]},"properties":{"pnu":"4145010900108750000","municipality_code":"41450","municipality":"하남시","district":"하남시","locality":"망월동","address":"하남시 망월동 875","owner_type":"시·군유지","owner_label":"하남시","manager":"","property_class":"","land_category":"공원","area_sqm":9178.2,"area_band":"5,000㎡ 이상","interest_category":"공원","solar_candidate":"검토필요","candidate_reason":"도시공원 관련 법령 및 공원시설 기준 검토 필요; 면적 9,178㎡","priority_score":45,"source":"경기부동산포털 국공유지조회·연속지적도","source_date":"2026-08-11","installed_solar_match":false}},{"type":"Feature","id":"4145011600106350001","geometry":{"type":"Point","coordinates":[127.1614774,37.48759]},"properties":{"pnu":"4145011600106350001","municipality_code":"41450","municipality":"하남시","district":"하남시","locality":"학암동","address":"하남시 학암동 635-1","owner_type":"시·군유지","owner_label":"하남시","manager":"","property_class":"","land_category":"공원","area_sqm":8717.5,"area_band":"5,000㎡ 이상","interest_category":"공원","solar_candidate":"검토필요","candidate_reason":"도시공원 관련 법령 및 공원시설 기준 검토 필요; 면적 8,718㎡","priority_score":45,"source":"경기부동산포털 국공유지조회·연속지적도","source_date":"2026-08-11","installed_solar_match":false}},{"type":"Feature","id":"4145010900109360000","geometry":{"type":"Point","coordinates":[127.1923669,37.5706633]},"properties":{"pnu":"4145010900109360000","municipality_code":"41450","municipality":"하남시","district":"하남시","locality":"망월동","address":"하남시 망월동 936","owner_type":"시·군유지","owner_label":"하남시","manager":"","property_class":"","land_category":"공원","area_sqm":8463.7,"area_band":"5,000㎡ 이상","interest_category":"공원","solar_candidate":"검토필요","candidate_reason":"도시공원 관련 법령 및 공원시설 기준 검토 필요; 면적 8,464㎡","priority_score":45,"source":"경기부동산포털 국공유지조회·연속지적도","source_date":"2026-08-11","installed_solar_match":false}},{"type":"Feature","id":"4145010800107260011","geometry":{"type":"Point","coordinates":[127.2119463,37.5512435]},"properties":{"pnu":"4145010800107260011","municipality_code":"41450","municipality":"하남시","district":"하남시","locality":"덕풍동","address":"하남시 덕풍동 726-11","owner_type":"시·군유지","owner_label":"하남시","manager":"","property_class":"","land_category":"공원","area_sqm":8170.7,"area_band":"5,000㎡ 이상","interest_category":"공원","solar_candidate":"검토필요","candidate_reason":"도시공원 관련 법령 및 공원시설 기준 검토 필요; 면적 8,171㎡","priority_score":45,"source":"경기부동산포털 국공유지조회·연속지적도","source_date":"2026-08-11","installed_solar_match":false}},{"type":"Feature","id":"4145010800107920006","geometry":{"type":"Point","coordinates":[127.2042823,37.546778]},"properties":{"pnu":"4145010800107920006","municipality_code":"41450","municipality":"하남시","district":"하남시","locality":"덕풍동","address":"하남시 덕풍동 792-6","owner_type":"시·군유지","owner_label":"하남시","manager":"","property_class":"","land_category":"공원","area_sqm":8090.0,"area_band":"5,000㎡ 이상","interest_category":"공원","solar_candidate":"검토필요","candidate_reason":"도시공원 관련 법령 및 공원시설 기준 검토 필요; 면적 8,090㎡","priority_score":45,"source":"경기부동산포털 국공유지조회·연속지적도","source_date":"2026-08-11","installed_solar_match":false}},{"type":"Feature","id":"4145011400104690000","geometry":{"type":"Point","coordinates":[127.1478393,37.507931]},"properties":{"pnu":"4145011400104690000","municipality_code":"41450","municipality":"하남시","district":"하남시","locality":"감일동","address":"하남시 감일동 469","owner_type":"시·군유지","owner_label":"하남시","manager":"","property_class":"","land_category":"공원","area_sqm":7662.9,"area_band":"5,000㎡ 이상","interest_category":"공원","solar_candidate":"검토필요","candidate_reason":"도시공원 관련 법령 및 공원시설 기준 검토 필요; 면적 7,663㎡","priority_score":45,"source":"경기부동산포털 국공유지조회·연속지적도","source_date":"2026-08-11","installed_solar_match":false}},{"type":"Feature","id":"4145010600106150000","geometry":{"type":"Point","coordinates":[127.2218096,37.5472382]},"properties":{"pnu":"4145010600106150000","municipality_code":"41450","municipality":"하남시","district":"하남시","locality":"신장동","address":"하남시 신장동 615","owner_type":"시·군유지","owner_label":"하남시","manager":"","property_class":"","land_category":"공원","area_sqm":7596.2,"area_band":"5,000㎡ 이상","interest_category":"공원","solar_candidate":"검토필요","candidate_reason":"도시공원 관련 법령 및 공원시설 기준 검토 필요; 면적 7,596㎡","priority_score":45,"source":"경기부동산포털 국공유지조회·연속지적도","source_date":"2026-08-11","installed_solar_match":false}},{"type":"Feature","id":"4145010800107490000","geometry":{"type":"Point","coordinates":[127.2104392,37.5508197]},"properties":{"pnu":"4145010800107490000","municipality_code":"41450","municipality":"하남시","district":"하남시","locality":"덕풍동","address":"하남시 덕풍동 749","owner_type":"시·군유지","owner_label":"하남시","manager":"","property_class":"","land_category":"공원","area_sqm":7235.7,"area_band":"5,000㎡ 이상","interest_category":"공원","solar_candidate":"검토필요","candidate_reason":"도시공원 관련 법령 및 공원시설 기준 검토 필요; 면적 7,236㎡","priority_score":45,"source":"경기부동산포털 국공유지조회·연속지적도","source_date":"2026-08-11","installed_solar_match":false}},{"type":"Feature","id":"4145010800108250001","geometry":{"type":"Point","coordinates":[127.209289,37.5455782]},"properties":{"pnu":"4145010800108250001","municipality_code":"41450","municipality":"하남시","district":"하남시","locality":"덕풍동","address":"하남시 덕풍동 825-1","owner_type":"시·군유지","owner_label":"하남시","manager":"","property_class":"","land_category":"공원","area_sqm":7205.7,"area_band":"5,000㎡ 이상","interest_category":"공원","solar_candidate":"검토필요","candidate_reason":"도시공원 관련 법령 및 공원시설 기준 검토 필요; 면적 7,206㎡","priority_score":45,"source":"경기부동산포털 국공유지조회·연속지적도","source_date":"2026-08-11","installed_solar_match":false}},{"type":"Feature","id":"4145011200104440000","geometry":{"type":"Point","coordinates":[127.1790509,37.5737602]},"properties":{"pnu":"4145011200104440000","municipality_code":"41450","municipality":"하남시","district":"하남시","locality":"선동","address":"하남시 선동 444","owner_type":"시·군유지","owner_label":"하남시","manager":"","property_class":"","land_category":"공원","area_sqm":6942.5,"area_band":"5,000㎡ 이상","interest_category":"공원","solar_candidate":"검토필요","candidate_reason":"도시공원 관련 법령 및 공원시설 기준 검토 필요; 면적 6,942㎡","priority_score":45,"source":"경기부동산포털 국공유지조회·연속지적도","source_date":"2026-08-11","installed_solar_match":false}},{"type":"Feature","id":"4145011000104680000","geometry":{"type":"Point","coordinates":[127.1834893,37.5587859]},"properties":{"pnu":"4145011000104680000","municipality_code":"41450","municipality":"하남시","district":"하남시","locality":"풍산동","address":"하남시 풍산동 468","owner_type":"시·군유지","owner_label":"하남시","manager":"","property_class":"","land_category":"공원","area_sqm":6910.3,"area_band":"5,000㎡ 이상","interest_category":"공원","solar_candidate":"검토필요","candidate_reason":"도시공원 관련 법령 및 공원시설 기준 검토 필요; 면적 6,910㎡","priority_score":45,"source":"경기부동산포털 국공유지조회·연속지적도","source_date":"2026-08-11","installed_solar_match":false}},{"type":"Feature","id":"4145010800107090000","geometry":{"type":"Point","coordinates":[127.2000451,37.5559867]},"properties":{"pnu":"4145010800107090000","municipality_code":"41450","municipality":"하남시","district":"하남시","locality":"덕풍동","address":"하남시 덕풍동 709","owner_type":"시·군유지","owner_label":"하남시","manager":"","property_class":"","land_category":"공원","area_sqm":6852.4,"area_band":"5,000㎡ 이상","interest_category":"공원","solar_candidate":"검토필요","candidate_reason":"도시공원 관련 법령 및 공원시설 기준 검토 필요; 면적 6,852㎡","priority_score":45,"source":"경기부동산포털 국공유지조회·연속지적도","source_date":"2026-08-11","installed_solar_match":false}},{"type":"Feature","id":"4145011500104990000","geometry":{"type":"Point","coordinates":[127.1619259,37.497393]},"properties":{"pnu":"4145011500104990000","municipality_code":"41450","municipality":"하남시","district":"하남시","locality":"감이동","address":"하남시 감이동 499","owner_type":"시·군유지","owner_label":"하남시","manager":"","property_class":"","land_category":"공원","area_sqm":6846.4,"area_band":"5,000㎡ 이상","interest_category":"공원","solar_candidate":"검토필요","candidate_reason":"도시공원 관련 법령 및 공원시설 기준 검토 필요; 면적 6,846㎡","priority_score":45,"source":"경기부동산포털 국공유지조회·연속지적도","source_date":"2026-08-11","installed_solar_match":false}},{"type":"Feature","id":"4145011500104640000","geometry":{"type":"Point","coordinates":[127.1666969,37.5075465]},"properties":{"pnu":"4145011500104640000","municipality_code":"41450","municipality":"하남시","district":"하남시","locality":"감이동","address":"하남시 감이동 464","owner_type":"시·군유지","owner_label":"하남시","manager":"","property_class":"","land_category":"공원","area_sqm":6798.4,"area_band":"5,000㎡ 이상","interest_category":"공원","solar_candidate":"검토필요","candidate_reason":"도시공원 관련 법령 및 공원시설 기준 검토 필요; 면적 6,798㎡","priority_score":45,"source":"경기부동산포털 국공유지조회·연속지적도","source_date":"2026-08-11","installed_solar_match":false}},{"type":"Feature","id":"4145011000106290000","geometry":{"type":"Point","coordinates":[127.1931045,37.5446905]},"properties":{"pnu":"4145011000106290000","municipality_code":"41450","municipality":"하남시","district":"하남시","locality":"풍산동","address":"하남시 풍산동 629","owner_type":"시·군유지","owner_label":"하남시","manager":"","property_class":"","land_category":"공원","area_sqm":6120.8,"area_band":"5,000㎡ 이상","interest_category":"공원","solar_candidate":"검토필요","candidate_reason":"도시공원 관련 법령 및 공원시설 기준 검토 필요; 면적 6,121㎡","priority_score":45,"source":"경기부동산포털 국공유지조회·연속지적도","source_date":"2026-08-11","installed_solar_match":false}},{"type":"Feature","id":"4145011000105380000","geometry":{"type":"Point","coordinates":[127.1909192,37.5559627]},"properties":{"pnu":"4145011000105380000","municipality_code":"41450","municipality":"하남시","district":"하남시","locality":"풍산동","address":"하남시 풍산동 538","owner_type":"시·군유지","owner_label":"하남시","manager":"","property_class":"","land_category":"공원","area_sqm":6066.0,"area_band":"5,000㎡ 이상","interest_category":"공원","solar_candidate":"검토필요","candidate_reason":"도시공원 관련 법령 및 공원시설 기준 검토 필요; 면적 6,066㎡","priority_score":45,"source":"경기부동산포털 국공유지조회·연속지적도","source_date":"2026-08-11","installed_solar_match":false}},{"type":"Feature","id":"4145010600106000001","geometry":{"type":"Point","coordinates":[127.2175633,37.5441294]},"properties":{"pnu":"4145010600106000001","municipality_code":"41450","municipality":"하남시","district":"하남시","locality":"신장동","address":"하남시 신장동 600-1","owner_type":"시·군유지","owner_label":"하남시","manager":"","property_class":"","land_category":"공원","area_sqm":6043.3,"area_band":"5,000㎡ 이상","interest_category":"공원","solar_candidate":"검토필요","candidate_reason":"도시공원 관련 법령 및 공원시설 기준 검토 필요; 면적 6,043㎡","priority_score":45,"source":"경기부동산포털 국공유지조회·연속지적도","source_date":"2026-08-11","installed_solar_match":false}},{"type":"Feature","id":"4145011000104870000","geometry":{"type":"Point","coordinates":[127.1857071,37.5546783]},"properties":{"pnu":"4145011000104870000","municipality_code":"41450","municipality":"하남시","district":"하남시","locality":"풍산동","address":"하남시 풍산동 487","owner_type":"시·군유지","owner_label":"하남시","manager":"","property_class":"","land_category":"공원","area_sqm":5819.4,"area_band":"5,000㎡ 이상","interest_category":"공원","solar_candidate":"검토필요","candidate_reason":"도시공원 관련 법령 및 공원시설 기준 검토 필요; 면적 5,819㎡","priority_score":45,"source":"경기부동산포털 국공유지조회·연속지적도","source_date":"2026-08-11","installed_solar_match":false}},{"type":"Feature","id":"4145011500105160000","geometry":{"type":"Point","coordinates":[127.1574085,37.5064214]},"properties":{"pnu":"4145011500105160000","municipality_code":"41450","municipality":"하남시","district":"하남시","locality":"감이동","address":"하남시 감이동 516","owner_type":"시·군유지","owner_label":"하남시","manager":"","property_class":"","land_category":"공원","area_sqm":5794.0,"area_band":"5,000㎡ 이상","interest_category":"공원","solar_candidate":"검토필요","candidate_reason":"도시공원 관련 법령 및 공원시설 기준 검토 필요; 면적 5,794㎡","priority_score":45,"source":"경기부동산포털 국공유지조회·연속지적도","source_date":"2026-08-11","installed_solar_match":false}},{"type":"Feature","id":"4145011500104470000","geometry":{"type":"Point","coordinates":[127.1571304,37.5088242]},"properties":{"pnu":"4145011500104470000","municipality_code":"41450","municipality":"하남시","district":"하남시","locality":"감이동","address":"하남시 감이동 447","owner_type":"시·군유지","owner_label":"하남시","manager":"","property_class":"","land_category":"공원","area_sqm":5783.8,"area_band":"5,000㎡ 이상","interest_category":"공원","solar_candidate":"검토필요","candidate_reason":"도시공원 관련 법령 및 공원시설 기준 검토 필요; 면적 5,784㎡","priority_score":45,"source":"경기부동산포털 국공유지조회·연속지적도","source_date":"2026-08-11","installed_solar_match":false}},{"type":"Feature","id":"4145011000104840000","geometry":{"type":"Point","coordinates":[127.1850536,37.5556425]},"properties":{"pnu":"4145011000104840000","municipality_code":"41450","municipality":"하남시","district":"하남시","locality":"풍산동","address":"하남시 풍산동 484","owner_type":"시·군유지","owner_label":"하남시","manager":"","property_class":"","land_category":"공원","area_sqm":5651.7,"area_band":"5,000㎡ 이상","interest_category":"공원","solar_candidate":"검토필요","candidate_reason":"도시공원 관련 법령 및 공원시설 기준 검토 필요; 면적 5,652㎡","priority_score":45,"source":"경기부동산포털 국공유지조회·연속지적도","source_date":"2026-08-11","installed_solar_match":false}},{"type":"Feature","id":"4145010600105960001","geometry":{"type":"Point","coordinates":[127.2160681,37.5443619]},"properties":{"pnu":"4145010600105960001","municipality_code":"41450","municipality":"하남시","district":"하남시","locality":"신장동","address":"하남시 신장동 596-1","owner_type":"시·군유지","owner_label":"하남시","manager":"","property_class":"","land_category":"공원","area_sqm":5530.2,"area_band":"5,000㎡ 이상","interest_category":"공원","solar_candidate":"검토필요","candidate_reason":"도시공원 관련 법령 및 공원시설 기준 검토 필요; 면적 5,530㎡","priority_score":45,"source":"경기부동산포털 국공유지조회·연속지적도","source_date":"2026-08-11","installed_solar_match":false}},{"type":"Feature","id":"4145011200104250000","geometry":{"type":"Point","coordinates":[127.185758,37.5751215]},"properties":{"pnu":"4145011200104250000","municipality_code":"41450","municipality":"하남시","district":"하남시","locality":"선동","address":"하남시 선동 425","owner_type":"시·군유지","owner_label":"하남시","manager":"","property_class":"","land_category":"공원","area_sqm":5369.1,"area_band":"5,000㎡ 이상","interest_category":"공원","solar_candidate":"검토필요","candidate_reason":"도시공원 관련 법령 및 공원시설 기준 검토 필요; 면적 5,369㎡","priority_score":45,"source":"경기부동산포털 국공유지조회·연속지적도","source_date":"2026-08-11","installed_solar_match":false}},{"type":"Feature","id":"4145011400105370000","geometry":{"type":"Point","coordinates":[127.161924,37.5132087]},"properties":{"pnu":"4145011400105370000","municipality_code":"41450","municipality":"하남시","district":"하남시","locality":"감일동","address":"하남시 감일동 537","owner_type":"시·군유지","owner_label":"하남시","manager":"","property_class":"","land_category":"공원","area_sqm":5352.5,"area_band":"5,000㎡ 이상","interest_category":"공원","solar_candidate":"검토필요","candidate_reason":"도시공원 관련 법령 및 공원시설 기준 검토 필요; 면적 5,352㎡","priority_score":45,"source":"경기부동산포털 국공유지조회·연속지적도","source_date":"2026-08-11","installed_solar_match":false}},{"type":"Feature","id":"4145010900111780000","geometry":{"type":"Point","coordinates":[127.1983375,37.5596844]},"properties":{"pnu":"4145010900111780000","municipality_code":"41450","municipality":"하남시","district":"하남시","locality":"망월동","address":"하남시 망월동 1178","owner_type":"시·군유지","owner_label":"하남시","manager":"","property_class":"","land_category":"공원","area_sqm":5172.0,"area_band":"5,000㎡ 이상","interest_category":"공원","solar_candidate":"검토필요","candidate_reason":"도시공원 관련 법령 및 공원시설 기준 검토 필요; 면적 5,172㎡","priority_score":45,"source":"경기부동산포털 국공유지조회·연속지적도","source_date":"2026-08-11","installed_solar_match":false}},{"type":"Feature","id":"4145011000102440011","geometry":{"type":"Point","coordinates":[127.1851043,37.5490957]},"properties":{"pnu":"4145011000102440011","municipality_code":"41450","municipality":"하남시","district":"하남시","locality":"풍산동","address":"하남시 풍산동 244-11","owner_type":"시·군유지","owner_label":"하남시","manager":"","property_class":"","land_category":"대","area_sqm":996.0,"area_band":"500~1,000㎡","interest_category":"대","solar_candidate":"검토필요","candidate_reason":"청사·공공건축물·주차장 현황 추가 확인 필요; 면적 996㎡","priority_score":45,"source":"경기부동산포털 국공유지조회·연속지적도","source_date":"2026-08-11","installed_solar_match":false}},{"type":"Feature","id":"4145010800102850080","geometry":{"type":"Point","coordinates":[127.2066741,37.5439346]},"properties":{"pnu":"4145010800102850080","municipality_code":"41450","municipality":"하남시","district":"하남시","locality":"덕풍동","address":"하남시 덕풍동 285-80","owner_type":"시·군유지","owner_label":"하남시","manager":"","property_class":"","land_category":"대","area_sqm":892.0,"area_band":"500~1,000㎡","interest_category":"대","solar_candidate":"검토필요","candidate_reason":"청사·공공건축물·주차장 현황 추가 확인 필요; 면적 892㎡","priority_score":45,"source":"경기부동산포털 국공유지조회·연속지적도","source_date":"2026-08-11","installed_solar_match":false}},{"type":"Feature","id":"4145010600105210003","geometry":{"type":"Point","coordinates":[127.2143792,37.5415353]},"properties":{"pnu":"4145010600105210003","municipality_code":"41450","municipality":"하남시","district":"하남시","locality":"신장동","address":"하남시 신장동 521-3","owner_type":"시·군유지","owner_label":"하남시","manager":"","property_class":"","land_category":"대","area_sqm":834.7,"area_band":"500~1,000㎡","interest_category":"대","solar_candidate":"검토필요","candidate_reason":"청사·공공건축물·주차장 현황 추가 확인 필요; 면적 835㎡","priority_score":45,"source":"경기부동산포털 국공유지조회·연속지적도","source_date":"2026-08-11","installed_solar_match":true,"installed_solar_count":1,"installed_solar_area_sqm":132.3,"installed_solar_analysis_years":["2024"],"installed_solar_types":["공공시설물"],"installed_solar_permit_status_counts":{"N":1}}},{"type":"Feature","id":"4145010200101720001","geometry":{"type":"Point","coordinates":[127.2239766,37.5192338]},"properties":{"pnu":"4145010200101720001","municipality_code":"41450","municipality":"하남시","district":"하남시","locality":"하산곡동","address":"하남시 하산곡동 172-1","owner_type":"시·군유지","owner_label":"하남시","manager":"","property_class":"","land_category":"대","area_sqm":826.0,"area_band":"500~1,000㎡","interest_category":"대","solar_candidate":"검토필요","candidate_reason":"청사·공공건축물·주차장 현황 추가 확인 필요; 면적 826㎡","priority_score":45,"source":"경기부동산포털 국공유지조회·연속지적도","source_date":"2026-08-11","installed_solar_match":false}},{"type":"Feature","id":"4145011700102270013","geometry":{"type":"Point","coordinates":[127.1987687,37.5217902]},"properties":{"pnu":"4145011700102270013","municipality_code":"41450","municipality":"하남시","district":"하남시","locality":"교산동","address":"하남시 교산동 227-13","owner_type":"시·군유지","owner_label":"하남시","manager":"","property_class":"","land_category":"대","area_sqm":783.0,"area_band":"500~1,000㎡","interest_category":"대","solar_candidate":"검토필요","candidate_reason":"청사·공공건축물·주차장 현황 추가 확인 필요; 면적 783㎡","priority_score":45,"source":"경기부동산포털 국공유지조회·연속지적도","source_date":"2026-08-11","installed_solar_match":false}},{"type":"Feature","id":"4145010600104300003","geometry":{"type":"Point","coordinates":[127.2082534,37.5383244]},"properties":{"pnu":"4145010600104300003","municipality_code":"41450","municipality":"하남시","district":"하남시","locality":"신장동","address":"하남시 신장동 430-3","owner_type":"시·군유지","owner_label":"하남시","manager":"","property_class":"","land_category":"대","area_sqm":768.0,"area_band":"500~1,000㎡","interest_category":"대","solar_candidate":"검토필요","candidate_reason":"청사·공공건축물·주차장 현황 추가 확인 필요; 면적 768㎡","priority_score":45,"source":"경기부동산포털 국공유지조회·연속지적도","source_date":"2026-08-11","installed_solar_match":false}},{"type":"Feature","id":"4145010800103720072","geometry":{"type":"Point","coordinates":[127.2013745,37.5389855]},"properties":{"pnu":"4145010800103720072","municipality_code":"41450","municipality":"하남시","district":"하남시","locality":"덕풍동","address":"하남시 덕풍동 372-72","owner_type":"시·군유지","owner_label":"하남시","manager":"","property_class":"","land_category":"대","area_sqm":753.0,"area_band":"500~1,000㎡","interest_category":"대","solar_candidate":"검토필요","candidate_reason":"청사·공공건축물·주차장 현황 추가 확인 필요; 면적 753㎡","priority_score":45,"source":"경기부동산포털 국공유지조회·연속지적도","source_date":"2026-08-11","installed_solar_match":false}},{"type":"Feature","id":"4145010200101800001","geometry":{"type":"Point","coordinates":[127.223952,37.5195751]},"properties":{"pnu":"4145010200101800001","municipality_code":"41450","municipality":"하남시","district":"하남시","locality":"하산곡동","address":"하남시 하산곡동 180-1","owner_type":"시·군유지","owner_label":"하남시","manager":"","property_class":"","land_category":"대","area_sqm":681.0,"area_band":"500~1,000㎡","interest_category":"대","solar_candidate":"검토필요","candidate_reason":"청사·공공건축물·주차장 현황 추가 확인 필요; 면적 681㎡","priority_score":45,"source":"경기부동산포털 국공유지조회·연속지적도","source_date":"2026-08-11","installed_solar_match":false}},{"type":"Feature","id":"4145011000106350000","geometry":{"type":"Point","coordinates":[127.1941011,37.543444]},"properties":{"pnu":"4145011000106350000","municipality_code":"41450","municipality":"하남시","district":"하남시","locality":"풍산동","address":"하남시 풍산동 635","owner_type":"시·군유지","owner_label":"하남시","manager":"","property_class":"","land_category":"대","area_sqm":660.0,"area_band":"500~1,000㎡","interest_category":"대","solar_candidate":"검토필요","candidate_reason":"청사·공공건축물·주차장 현황 추가 확인 필요; 면적 660㎡","priority_score":45,"source":"경기부동산포털 국공유지조회·연속지적도","source_date":"2026-08-11","installed_solar_match":false}},{"type":"Feature","id":"4145010800106780000","geometry":{"type":"Point","coordinates":[127.1954665,37.5356791]},"properties":{"pnu":"4145010800106780000","municipality_code":"41450","municipality":"하남시","district":"하남시","locality":"덕풍동","address":"하남시 덕풍동 678","owner_type":"시·군유지","owner_label":"하남시","manager":"","property_class":"","land_category":"대","area_sqm":630.0,"area_band":"500~1,000㎡","interest_category":"대","solar_candidate":"검토필요","candidate_reason":"청사·공공건축물·주차장 현황 추가 확인 필요; 면적 630㎡","priority_score":45,"source":"경기부동산포털 국공유지조회·연속지적도","source_date":"2026-08-11","installed_solar_match":false}},{"type":"Feature","id":"4145010600105210001","geometry":{"type":"Point","coordinates":[127.2140195,37.5417639]},"properties":{"pnu":"4145010600105210001","municipality_code":"41450","municipality":"하남시","district":"하남시","locality":"신장동","address":"하남시 신장동 521-1","owner_type":"시·군유지","owner_label":"하남시","manager":"","property_class":"","land_category":"대","area_sqm":617.2,"area_band":"500~1,000㎡","interest_category":"대","solar_candidate":"검토필요","candidate_reason":"청사·공공건축물·주차장 현황 추가 확인 필요; 면적 617㎡","priority_score":45,"source":"경기부동산포털 국공유지조회·연속지적도","source_date":"2026-08-11","installed_solar_match":false}},{"type":"Feature","id":"4145010600105330000","geometry":{"type":"Point","coordinates":[127.2142814,37.5368646]},"properties":{"pnu":"4145010600105330000","municipality_code":"41450","municipality":"하남시","district":"하남시","locality":"신장동","address":"하남시 신장동 533","owner_type":"시·군유지","owner_label":"하남시","manager":"","property_class":"","land_category":"대","area_sqm":601.4,"area_band":"500~1,000㎡","interest_category":"대","solar_candidate":"검토필요","candidate_reason":"청사·공공건축물·주차장 현황 추가 확인 필요; 면적 601㎡","priority_score":45,"source":"경기부동산포털 국공유지조회·연속지적도","source_date":"2026-08-11","installed_solar_match":true,"installed_solar_count":1,"installed_solar_area_sqm":32.6,"installed_solar_analysis_years":["2024"],"installed_solar_types":["공공시설물"],"installed_solar_permit_status_counts":{"N":1}}},{"type":"Feature","id":"4145010300105200002","geometry":{"type":"Point","coordinates":[127.2245054,37.539297]},"properties":{"pnu":"4145010300105200002","municipality_code":"41450","municipality":"하남시","district":"하남시","locality":"창우동","address":"하남시 창우동 520-2","owner_type":"시·군유지","owner_label":"하남시","manager":"","property_class":"","land_category":"대","area_sqm":600.1,"area_band":"500~1,000㎡","interest_category":"대","solar_candidate":"검토필요","candidate_reason":"청사·공공건축물·주차장 현황 추가 확인 필요; 면적 600㎡","priority_score":45,"source":"경기부동산포털 국공유지조회·연속지적도","source_date":"2026-08-11","installed_solar_match":false}},{"type":"Feature","id":"4145010600105210007","geometry":{"type":"Point","coordinates":[127.2143242,37.5417968]},"properties":{"pnu":"4145010600105210007","municipality_code":"41450","municipality":"하남시","district":"하남시","locality":"신장동","address":"하남시 신장동 521-7","owner_type":"시·군유지","owner_label":"하남시","manager":"","property_class":"","land_category":"대","area_sqm":600.0,"area_band":"500~1,000㎡","interest_category":"대","solar_candidate":"검토필요","candidate_reason":"청사·공공건축물·주차장 현황 추가 확인 필요; 면적 600㎡","priority_score":45,"source":"경기부동산포털 국공유지조회·연속지적도","source_date":"2026-08-11","installed_solar_match":true,"installed_solar_count":3,"installed_solar_area_sqm":238.0,"installed_solar_analysis_years":["2024"],"installed_solar_types":["공공시설물"],"installed_solar_permit_status_counts":{"N":3}}},{"type":"Feature","id":"4145010800107900000","geometry":{"type":"Point","coordinates":[127.2035454,37.5513206]},"properties":{"pnu":"4145010800107900000","municipality_code":"41450","municipality":"하남시","district":"하남시","locality":"덕풍동","address":"하남시 덕풍동 790","owner_type":"시·군유지","owner_label":"하남시","manager":"","property_class":"","land_category":"대","area_sqm":562.3,"area_band":"500~1,000㎡","interest_category":"대","solar_candidate":"검토필요","candidate_reason":"청사·공공건축물·주차장 현황 추가 확인 필요; 면적 562㎡","priority_score":45,"source":"경기부동산포털 국공유지조회·연속지적도","source_date":"2026-08-11","installed_solar_match":false}},{"type":"Feature","id":"4145010600105210000","geometry":{"type":"Point","coordinates":[127.2137539,37.5416773]},"properties":{"pnu":"4145010600105210000","municipality_code":"41450","municipality":"하남시","district":"하남시","locality":"신장동","address":"하남시 신장동 521","owner_type":"시·군유지","owner_label":"하남시","manager":"","property_class":"","land_category":"대","area_sqm":525.3,"area_band":"500~1,000㎡","interest_category":"대","solar_candidate":"검토필요","candidate_reason":"청사·공공건축물·주차장 현황 추가 확인 필요; 면적 525㎡","priority_score":45,"source":"경기부동산포털 국공유지조회·연속지적도","source_date":"2026-08-11","installed_solar_match":false}},{"type":"Feature","id":"4145010200105560011","geometry":{"type":"Point","coordinates":[127.2234832,37.5234096]},"properties":{"pnu":"4145010200105560011","municipality_code":"41450","municipality":"하남시","district":"하남시","locality":"하산곡동","address":"하남시 하산곡동 556-11","owner_type":"시·군유지","owner_label":"하남시","manager":"","property_class":"","land_category":"대","area_sqm":521.7,"area_band":"500~1,000㎡","interest_category":"대","solar_candidate":"검토필요","candidate_reason":"청사·공공건축물·주차장 현황 추가 확인 필요; 면적 522㎡","priority_score":45,"source":"경기부동산포털 국공유지조회·연속지적도","source_date":"2026-08-11","installed_solar_match":false}},{"type":"Feature","id":"4145010800103760042","geometry":{"type":"Point","coordinates":[127.1998691,37.5386265]},"properties":{"pnu":"4145010800103760042","municipality_code":"41450","municipality":"하남시","district":"하남시","locality":"덕풍동","address":"하남시 덕풍동 376-42","owner_type":"시·군유지","owner_label":"하남시","manager":"","property_class":"","land_category":"대","area_sqm":513.0,"area_band":"500~1,000㎡","interest_category":"대","solar_candidate":"검토필요","candidate_reason":"청사·공공건축물·주차장 현황 추가 확인 필요; 면적 513㎡","priority_score":45,"source":"경기부동산포털 국공유지조회·연속지적도","source_date":"2026-08-11","installed_solar_match":false}},{"type":"Feature","id":"4145011300104000006","geometry":{"type":"Point","coordinates":[127.1503421,37.5169388]},"properties":{"pnu":"4145011300104000006","municipality_code":"41450","municipality":"하남시","district":"하남시","locality":"감북동","address":"하남시 감북동 400-6","owner_type":"시·군유지","owner_label":"하남시","manager":"","property_class":"","land_category":"공장용지","area_sqm":819.0,"area_band":"500~1,000㎡","interest_category":"공장용지","solar_candidate":"검토필요","candidate_reason":"지목·면적 기준 1차 검토 대상; 면적 819㎡","priority_score":42,"source":"경기부동산포털 국공유지조회·연속지적도","source_date":"2026-08-11","installed_solar_match":false}},{"type":"Feature","id":"4145011000104950000","geometry":{"type":"Point","coordinates":[127.1873745,37.5497746]},"properties":{"pnu":"4145011000104950000","municipality_code":"41450","municipality":"하남시","district":"하남시","locality":"풍산동","address":"하남시 풍산동 495","owner_type":"시·군유지","owner_label":"하남시","manager":"","property_class":"","land_category":"도로","area_sqm":91055.0,"area_band":"5,000㎡ 이상","interest_category":"도로","solar_candidate":"검토필요","candidate_reason":"도로점용 및 실제 이용형태 추가 검토 필요; 면적 91,055㎡","priority_score":40,"source":"경기부동산포털 국공유지조회·연속지적도","source_date":"2026-08-11","installed_solar_match":false}},{"type":"Feature","id":"4145010800107560000","geometry":{"type":"Point","coordinates":[127.2059853,37.5514856]},"properties":{"pnu":"4145010800107560000","municipality_code":"41450","municipality":"하남시","district":"하남시","locality":"덕풍동","address":"하남시 덕풍동 756","owner_type":"시·군유지","owner_label":"하남시","manager":"","property_class":"","land_category":"도로","area_sqm":43967.9,"area_band":"5,000㎡ 이상","interest_category":"도로","solar_candidate":"검토필요","candidate_reason":"도로점용 및 실제 이용형태 추가 검토 필요; 면적 43,968㎡","priority_score":40,"source":"경기부동산포털 국공유지조회·연속지적도","source_date":"2026-08-11","installed_solar_match":false}},{"type":"Feature","id":"4145011600106760003","geometry":{"type":"Point","coordinates":[127.1509291,37.4738154]},"properties":{"pnu":"4145011600106760003","municipality_code":"41450","municipality":"하남시","district":"하남시","locality":"학암동","address":"하남시 학암동 676-3","owner_type":"시·군유지","owner_label":"하남시","manager":"","property_class":"","land_category":"도로","area_sqm":42473.6,"area_band":"5,000㎡ 이상","interest_category":"도로","solar_candidate":"검토필요","candidate_reason":"도로점용 및 실제 이용형태 추가 검토 필요; 면적 42,474㎡","priority_score":40,"source":"경기부동산포털 국공유지조회·연속지적도","source_date":"2026-08-11","installed_solar_match":false}},{"type":"Feature","id":"4145011600106760000","geometry":{"type":"Point","coordinates":[127.1474457,37.4778545]},"properties":{"pnu":"4145011600106760000","municipality_code":"41450","municipality":"하남시","district":"하남시","locality":"학암동","address":"하남시 학암동 676","owner_type":"시·군유지","owner_label":"하남시","manager":"","property_class":"","land_category":"도로","area_sqm":36735.3,"area_band":"5,000㎡ 이상","interest_category":"도로","solar_candidate":"검토필요","candidate_reason":"도로점용 및 실제 이용형태 추가 검토 필요; 면적 36,735㎡","priority_score":40,"source":"경기부동산포털 국공유지조회·연속지적도","source_date":"2026-08-11","installed_solar_match":false}},{"type":"Feature","id":"4145010600106140000","geometry":{"type":"Point","coordinates":[127.2133852,37.5462433]},"properties":{"pnu":"4145010600106140000","municipality_code":"41450","municipality":"하남시","district":"하남시","locality":"신장동","address":"하남시 신장동 614","owner_type":"시·군유지","owner_label":"하남시","manager":"","property_class":"","land_category":"도로","area_sqm":36405.4,"area_band":"5,000㎡ 이상","interest_category":"도로","solar_candidate":"검토필요","candidate_reason":"도로점용 및 실제 이용형태 추가 검토 필요; 면적 36,405㎡","priority_score":40,"source":"경기부동산포털 국공유지조회·연속지적도","source_date":"2026-08-11","installed_solar_match":false}},{"type":"Feature","id":"4145010900109430000","geometry":{"type":"Point","coordinates":[127.1898975,37.5674719]},"properties":{"pnu":"4145010900109430000","municipality_code":"41450","municipality":"하남시","district":"하남시","locality":"망월동","address":"하남시 망월동 943","owner_type":"시·군유지","owner_label":"하남시","manager":"","property_class":"","land_category":"도로","area_sqm":33405.8,"area_band":"5,000㎡ 이상","interest_category":"도로","solar_candidate":"검토필요","candidate_reason":"도로점용 및 실제 이용형태 추가 검토 필요; 면적 33,406㎡","priority_score":40,"source":"경기부동산포털 국공유지조회·연속지적도","source_date":"2026-08-11","installed_solar_match":true,"installed_solar_count":4,"installed_solar_area_sqm":461.5,"installed_solar_analysis_years":["2024"],"installed_solar_types":["공동주택"],"installed_solar_permit_status_counts":{"Y":4}}},{"type":"Feature","id":"4145010400200130057","geometry":{"type":"Point","coordinates":[127.2548431,37.5357717]},"properties":{"pnu":"4145010400200130057","municipality_code":"41450","municipality":"하남시","district":"하남시","locality":"배알미동","address":"하남시 배알미동 산13-57","owner_type":"시·군유지","owner_label":"하남시","manager":"","property_class":"","land_category":"도로","area_sqm":31149.0,"area_band":"5,000㎡ 이상","interest_category":"도로","solar_candidate":"검토필요","candidate_reason":"도로점용 및 실제 이용형태 추가 검토 필요; 면적 31,149㎡","priority_score":40,"source":"경기부동산포털 국공유지조회·연속지적도","source_date":"2026-08-11","installed_solar_match":false}},{"type":"Feature","id":"4145011500105150000","geometry":{"type":"Point","coordinates":[127.1616048,37.4975429]},"properties":{"pnu":"4145011500105150000","municipality_code":"41450","municipality":"하남시","district":"하남시","locality":"감이동","address":"하남시 감이동 515","owner_type":"시·군유지","owner_label":"하남시","manager":"","property_class":"","land_category":"도로","area_sqm":30304.8,"area_band":"5,000㎡ 이상","interest_category":"도로","solar_candidate":"검토필요","candidate_reason":"도로점용 및 실제 이용형태 추가 검토 필요; 면적 30,305㎡","priority_score":40,"source":"경기부동산포털 국공유지조회·연속지적도","source_date":"2026-08-11","installed_solar_match":false}},{"type":"Feature","id":"4145011000104960000","geometry":{"type":"Point","coordinates":[127.1860198,37.5546061]},"properties":{"pnu":"4145011000104960000","municipality_code":"41450","municipality":"하남시","district":"하남시","locality":"풍산동","address":"하남시 풍산동 496","owner_type":"시·군유지","owner_label":"하남시","manager":"","property_class":"","land_category":"도로","area_sqm":28733.6,"area_band":"5,000㎡ 이상","interest_category":"도로","solar_candidate":"검토필요","candidate_reason":"도로점용 및 실제 이용형태 추가 검토 필요; 면적 28,734㎡","priority_score":40,"source":"경기부동산포털 국공유지조회·연속지적도","source_date":"2026-08-11","installed_solar_match":false}},{"type":"Feature","id":"4145011000105760000","geometry":{"type":"Point","coordinates":[127.1946176,37.5542953]},"properties":{"pnu":"4145011000105760000","municipality_code":"41450","municipality":"하남시","district":"하남시","locality":"풍산동","address":"하남시 풍산동 576","owner_type":"시·군유지","owner_label":"하남시","manager":"","property_class":"","land_category":"도로","area_sqm":26887.5,"area_band":"5,000㎡ 이상","interest_category":"도로","solar_candidate":"검토필요","candidate_reason":"도로점용 및 실제 이용형태 추가 검토 필요; 면적 26,888㎡","priority_score":40,"source":"경기부동산포털 국공유지조회·연속지적도","source_date":"2026-08-11","installed_solar_match":false}},{"type":"Feature","id":"4145010900109440000","geometry":{"type":"Point","coordinates":[127.1871496,37.5722373]},"properties":{"pnu":"4145010900109440000","municipality_code":"41450","municipality":"하남시","district":"하남시","locality":"망월동","address":"하남시 망월동 944","owner_type":"시·군유지","owner_label":"하남시","manager":"","property_class":"","land_category":"도로","area_sqm":25981.1,"area_band":"5,000㎡ 이상","interest_category":"도로","solar_candidate":"검토필요","candidate_reason":"도로점용 및 실제 이용형태 추가 검토 필요; 면적 25,981㎡","priority_score":40,"source":"경기부동산포털 국공유지조회·연속지적도","source_date":"2026-08-11","installed_solar_match":false}},{"type":"Feature","id":"4145011200104160000","geometry":{"type":"Point","coordinates":[127.1809987,37.5750417]},"properties":{"pnu":"4145011200104160000","municipality_code":"41450","municipality":"하남시","district":"하남시","locality":"선동","address":"하남시 선동 416","owner_type":"시·군유지","owner_label":"하남시","manager":"","property_class":"","land_category":"도로","area_sqm":25442.4,"area_band":"5,000㎡ 이상","interest_category":"도로","solar_candidate":"검토필요","candidate_reason":"도로점용 및 실제 이용형태 추가 검토 필요; 면적 25,442㎡","priority_score":40,"source":"경기부동산포털 국공유지조회·연속지적도","source_date":"2026-08-11","installed_solar_match":false}},{"type":"Feature","id":"4145010900111600000","geometry":{"type":"Point","coordinates":[127.2005739,37.5612051]},"properties":{"pnu":"4145010900111600000","municipality_code":"41450","municipality":"하남시","district":"하남시","locality":"망월동","address":"하남시 망월동 1160","owner_type":"시·군유지","owner_label":"하남시","manager":"","property_class":"","land_category":"도로","area_sqm":24745.0,"area_band":"5,000㎡ 이상","interest_category":"도로","solar_candidate":"검토필요","candidate_reason":"도로점용 및 실제 이용형태 추가 검토 필요; 면적 24,745㎡","priority_score":40,"source":"경기부동산포털 국공유지조회·연속지적도","source_date":"2026-08-11","installed_solar_match":false}},{"type":"Feature","id":"4145010600106210000","geometry":{"type":"Point","coordinates":[127.2142619,37.5433141]},"properties":{"pnu":"4145010600106210000","municipality_code":"41450","municipality":"하남시","district":"하남시","locality":"신장동","address":"하남시 신장동 621","owner_type":"시·군유지","owner_label":"하남시","manager":"","property_class":"","land_category":"도로","area_sqm":24420.9,"area_band":"5,000㎡ 이상","interest_category":"도로","solar_candidate":"검토필요","candidate_reason":"도로점용 및 실제 이용형태 추가 검토 필요; 면적 24,421㎡","priority_score":40,"source":"경기부동산포털 국공유지조회·연속지적도","source_date":"2026-08-11","installed_solar_match":false}},{"type":"Feature","id":"4145010900111610000","geometry":{"type":"Point","coordinates":[127.1952156,37.5617354]},"properties":{"pnu":"4145010900111610000","municipality_code":"41450","municipality":"하남시","district":"하남시","locality":"망월동","address":"하남시 망월동 1161","owner_type":"시·군유지","owner_label":"하남시","manager":"","property_class":"","land_category":"도로","area_sqm":23299.2,"area_band":"5,000㎡ 이상","interest_category":"도로","solar_candidate":"검토필요","candidate_reason":"도로점용 및 실제 이용형태 추가 검토 필요; 면적 23,299㎡","priority_score":40,"source":"경기부동산포털 국공유지조회·연속지적도","source_date":"2026-08-11","installed_solar_match":false}},{"type":"Feature","id":"4145011600106750003","geometry":{"type":"Point","coordinates":[127.154869,37.4847708]},"properties":{"pnu":"4145011600106750003","municipality_code":"41450","municipality":"하남시","district":"하남시","locality":"학암동","address":"하남시 학암동 675-3","owner_type":"시·군유지","owner_label":"하남시","manager":"","property_class":"","land_category":"도로","area_sqm":22032.8,"area_band":"5,000㎡ 이상","interest_category":"도로","solar_candidate":"검토필요","candidate_reason":"도로점용 및 실제 이용형태 추가 검토 필요; 면적 22,033㎡","priority_score":40,"source":"경기부동산포털 국공유지조회·연속지적도","source_date":"2026-08-11","installed_solar_match":false}},{"type":"Feature","id":"4145010900110690000","geometry":{"type":"Point","coordinates":[127.1864215,37.5627348]},"properties":{"pnu":"4145010900110690000","municipality_code":"41450","municipality":"하남시","district":"하남시","locality":"망월동","address":"하남시 망월동 1069","owner_type":"시·군유지","owner_label":"하남시","manager":"","property_class":"","land_category":"도로","area_sqm":21766.7,"area_band":"5,000㎡ 이상","interest_category":"도로","solar_candidate":"검토필요","candidate_reason":"도로점용 및 실제 이용형태 추가 검토 필요; 면적 21,767㎡","priority_score":40,"source":"경기부동산포털 국공유지조회·연속지적도","source_date":"2026-08-11","installed_solar_match":false}},{"type":"Feature","id":"4145010900109830000","geometry":{"type":"Point","coordinates":[127.1838221,37.5695058]},"properties":{"pnu":"4145010900109830000","municipality_code":"41450","municipality":"하남시","district":"하남시","locality":"망월동","address":"하남시 망월동 983","owner_type":"시·군유지","owner_label":"하남시","manager":"","property_class":"","land_category":"도로","area_sqm":21603.2,"area_band":"5,000㎡ 이상","interest_category":"도로","solar_candidate":"검토필요","candidate_reason":"도로점용 및 실제 이용형태 추가 검토 필요; 면적 21,603㎡","priority_score":40,"source":"경기부동산포털 국공유지조회·연속지적도","source_date":"2026-08-11","installed_solar_match":false}},{"type":"Feature","id":"4145010300105340000","geometry":{"type":"Point","coordinates":[127.2277277,37.5363835]},"properties":{"pnu":"4145010300105340000","municipality_code":"41450","municipality":"하남시","district":"하남시","locality":"창우동","address":"하남시 창우동 534","owner_type":"시·군유지","owner_label":"하남시","manager":"","property_class":"","land_category":"도로","area_sqm":20642.2,"area_band":"5,000㎡ 이상","interest_category":"도로","solar_candidate":"검토필요","candidate_reason":"도로점용 및 실제 이용형태 추가 검토 필요; 면적 20,642㎡","priority_score":40,"source":"경기부동산포털 국공유지조회·연속지적도","source_date":"2026-08-11","installed_solar_match":false}},{"type":"Feature","id":"4145010300105260000","geometry":{"type":"Point","coordinates":[127.2246517,37.5395292]},"properties":{"pnu":"4145010300105260000","municipality_code":"41450","municipality":"하남시","district":"하남시","locality":"창우동","address":"하남시 창우동 526","owner_type":"시·군유지","owner_label":"하남시","manager":"","property_class":"","land_category":"도로","area_sqm":20135.5,"area_band":"5,000㎡ 이상","interest_category":"도로","solar_candidate":"검토필요","candidate_reason":"도로점용 및 실제 이용형태 추가 검토 필요; 면적 20,136㎡","priority_score":40,"source":"경기부동산포털 국공유지조회·연속지적도","source_date":"2026-08-11","installed_solar_match":false}},{"type":"Feature","id":"4145011500105150001","geometry":{"type":"Point","coordinates":[127.1564591,37.5070319]},"properties":{"pnu":"4145011500105150001","municipality_code":"41450","municipality":"하남시","district":"하남시","locality":"감이동","address":"하남시 감이동 515-1","owner_type":"시·군유지","owner_label":"하남시","manager":"","property_class":"","land_category":"도로","area_sqm":19098.0,"area_band":"5,000㎡ 이상","interest_category":"도로","solar_candidate":"검토필요","candidate_reason":"도로점용 및 실제 이용형태 추가 검토 필요; 면적 19,098㎡","priority_score":40,"source":"경기부동산포털 국공유지조회·연속지적도","source_date":"2026-08-11","installed_solar_match":false}},{"type":"Feature","id":"4145011000104650000","geometry":{"type":"Point","coordinates":[127.1827951,37.5532074]},"properties":{"pnu":"4145011000104650000","municipality_code":"41450","municipality":"하남시","district":"하남시","locality":"풍산동","address":"하남시 풍산동 465","owner_type":"시·군유지","owner_label":"하남시","manager":"","property_class":"","land_category":"도로","area_sqm":18753.5,"area_band":"5,000㎡ 이상","interest_category":"도로","solar_candidate":"검토필요","candidate_reason":"도로점용 및 실제 이용형태 추가 검토 필요; 면적 18,754㎡","priority_score":40,"source":"경기부동산포털 국공유지조회·연속지적도","source_date":"2026-08-11","installed_solar_match":false}},{"type":"Feature","id":"4145011400105150000","geometry":{"type":"Point","coordinates":[127.1545721,37.5106079]},"properties":{"pnu":"4145011400105150000","municipality_code":"41450","municipality":"하남시","district":"하남시","locality":"감일동","address":"하남시 감일동 515","owner_type":"시·군유지","owner_label":"하남시","manager":"","property_class":"","land_category":"도로","area_sqm":18720.7,"area_band":"5,000㎡ 이상","interest_category":"도로","solar_candidate":"검토필요","candidate_reason":"도로점용 및 실제 이용형태 추가 검토 필요; 면적 18,721㎡","priority_score":40,"source":"경기부동산포털 국공유지조회·연속지적도","source_date":"2026-08-11","installed_solar_match":false}},{"type":"Feature","id":"4145011200104220000","geometry":{"type":"Point","coordinates":[127.1853525,37.5771208]},"properties":{"pnu":"4145011200104220000","municipality_code":"41450","municipality":"하남시","district":"하남시","locality":"선동","address":"하남시 선동 422","owner_type":"시·군유지","owner_label":"하남시","manager":"","property_class":"","land_category":"도로","area_sqm":18074.6,"area_band":"5,000㎡ 이상","interest_category":"도로","solar_candidate":"검토필요","candidate_reason":"도로점용 및 실제 이용형태 추가 검토 필요; 면적 18,075㎡","priority_score":40,"source":"경기부동산포털 국공유지조회·연속지적도","source_date":"2026-08-11","installed_solar_match":false}},{"type":"Feature","id":"4145010900110550000","geometry":{"type":"Point","coordinates":[127.1835877,37.5630868]},"properties":{"pnu":"4145010900110550000","municipality_code":"41450","municipality":"하남시","district":"하남시","locality":"망월동","address":"하남시 망월동 1055","owner_type":"시·군유지","owner_label":"하남시","manager":"","property_class":"","land_category":"도로","area_sqm":17633.9,"area_band":"5,000㎡ 이상","interest_category":"도로","solar_candidate":"검토필요","candidate_reason":"도로점용 및 실제 이용형태 추가 검토 필요; 면적 17,634㎡","priority_score":40,"source":"경기부동산포털 국공유지조회·연속지적도","source_date":"2026-08-11","installed_solar_match":false}},{"type":"Feature","id":"4145011400105260000","geometry":{"type":"Point","coordinates":[127.1576473,37.5108584]},"properties":{"pnu":"4145011400105260000","municipality_code":"41450","municipality":"하남시","district":"하남시","locality":"감일동","address":"하남시 감일동 526","owner_type":"시·군유지","owner_label":"하남시","manager":"","property_class":"","land_category":"도로","area_sqm":17312.2,"area_band":"5,000㎡ 이상","interest_category":"도로","solar_candidate":"검토필요","candidate_reason":"도로점용 및 실제 이용형태 추가 검토 필요; 면적 17,312㎡","priority_score":40,"source":"경기부동산포털 국공유지조회·연속지적도","source_date":"2026-08-11","installed_solar_match":false}},{"type":"Feature","id":"4145010600102810002","geometry":{"type":"Point","coordinates":[127.214174,37.5516022]},"properties":{"pnu":"4145010600102810002","municipality_code":"41450","municipality":"하남시","district":"하남시","locality":"신장동","address":"하남시 신장동 281-2","owner_type":"시·군유지","owner_label":"하남시","manager":"","property_class":"","land_category":"도로","area_sqm":16445.0,"area_band":"5,000㎡ 이상","interest_category":"도로","solar_candidate":"검토필요","candidate_reason":"도로점용 및 실제 이용형태 추가 검토 필요; 면적 16,445㎡","priority_score":40,"source":"경기부동산포털 국공유지조회·연속지적도","source_date":"2026-08-11","installed_solar_match":false}},{"type":"Feature","id":"4145011000106310000","geometry":{"type":"Point","coordinates":[127.1935327,37.5448536]},"properties":{"pnu":"4145011000106310000","municipality_code":"41450","municipality":"하남시","district":"하남시","locality":"풍산동","address":"하남시 풍산동 631","owner_type":"시·군유지","owner_label":"하남시","manager":"","property_class":"","land_category":"도로","area_sqm":16388.3,"area_band":"5,000㎡ 이상","interest_category":"도로","solar_candidate":"검토필요","candidate_reason":"도로점용 및 실제 이용형태 추가 검토 필요; 면적 16,388㎡","priority_score":40,"source":"경기부동산포털 국공유지조회·연속지적도","source_date":"2026-08-11","installed_solar_match":false}},{"type":"Feature","id":"4145010900108370000","geometry":{"type":"Point","coordinates":[127.1906252,37.5765404]},"properties":{"pnu":"4145010900108370000","municipality_code":"41450","municipality":"하남시","district":"하남시","locality":"망월동","address":"하남시 망월동 837","owner_type":"시·군유지","owner_label":"하남시","manager":"","property_class":"","land_category":"도로","area_sqm":15906.5,"area_band":"5,000㎡ 이상","interest_category":"도로","solar_candidate":"검토필요","candidate_reason":"도로점용 및 실제 이용형태 추가 검토 필요; 면적 15,906㎡","priority_score":40,"source":"경기부동산포털 국공유지조회·연속지적도","source_date":"2026-08-11","installed_solar_match":false}},{"type":"Feature","id":"4145010600105370000","geometry":{"type":"Point","coordinates":[127.2125325,37.5387921]},"properties":{"pnu":"4145010600105370000","municipality_code":"41450","municipality":"하남시","district":"하남시","locality":"신장동","address":"하남시 신장동 537","owner_type":"시·군유지","owner_label":"하남시","manager":"","property_class":"","land_category":"도로","area_sqm":15864.2,"area_band":"5,000㎡ 이상","interest_category":"도로","solar_candidate":"검토필요","candidate_reason":"도로점용 및 실제 이용형태 추가 검토 필요; 면적 15,864㎡","priority_score":40,"source":"경기부동산포털 국공유지조회·연속지적도","source_date":"2026-08-11","installed_solar_match":false}},{"type":"Feature","id":"4145010900112080000","geometry":{"type":"Point","coordinates":[127.2003967,37.5579565]},"properties":{"pnu":"4145010900112080000","municipality_code":"41450","municipality":"하남시","district":"하남시","locality":"망월동","address":"하남시 망월동 1208","owner_type":"시·군유지","owner_label":"하남시","manager":"","property_class":"","land_category":"도로","area_sqm":15729.6,"area_band":"5,000㎡ 이상","interest_category":"도로","solar_candidate":"검토필요","candidate_reason":"도로점용 및 실제 이용형태 추가 검토 필요; 면적 15,730㎡","priority_score":40,"source":"경기부동산포털 국공유지조회·연속지적도","source_date":"2026-08-11","installed_solar_match":false}},{"type":"Feature","id":"4145012300102760024","geometry":{"type":"Point","coordinates":[127.1694594,37.5358512]},"properties":{"pnu":"4145012300102760024","municipality_code":"41450","municipality":"하남시","district":"하남시","locality":"초이동","address":"하남시 초이동 276-24","owner_type":"시·군유지","owner_label":"하남시","manager":"","property_class":"","land_category":"도로","area_sqm":15668.0,"area_band":"5,000㎡ 이상","interest_category":"도로","solar_candidate":"검토필요","candidate_reason":"도로점용 및 실제 이용형태 추가 검토 필요; 면적 15,668㎡","priority_score":40,"source":"경기부동산포털 국공유지조회·연속지적도","source_date":"2026-08-11","installed_solar_match":false}},{"type":"Feature","id":"4145010900108830000","geometry":{"type":"Point","coordinates":[127.1885149,37.5732293]},"properties":{"pnu":"4145010900108830000","municipality_code":"41450","municipality":"하남시","district":"하남시","locality":"망월동","address":"하남시 망월동 883","owner_type":"시·군유지","owner_label":"하남시","manager":"","property_class":"","land_category":"도로","area_sqm":15360.5,"area_band":"5,000㎡ 이상","interest_category":"도로","solar_candidate":"검토필요","candidate_reason":"도로점용 및 실제 이용형태 추가 검토 필요; 면적 15,360㎡","priority_score":40,"source":"경기부동산포털 국공유지조회·연속지적도","source_date":"2026-08-11","installed_solar_match":false}},{"type":"Feature","id":"4145010600106170000","geometry":{"type":"Point","coordinates":[127.2261112,37.5458596]},"properties":{"pnu":"4145010600106170000","municipality_code":"41450","municipality":"하남시","district":"하남시","locality":"신장동","address":"하남시 신장동 617","owner_type":"시·군유지","owner_label":"하남시","manager":"","property_class":"","land_category":"도로","area_sqm":15278.2,"area_band":"5,000㎡ 이상","interest_category":"도로","solar_candidate":"검토필요","candidate_reason":"도로점용 및 실제 이용형태 추가 검토 필요; 면적 15,278㎡","priority_score":40,"source":"경기부동산포털 국공유지조회·연속지적도","source_date":"2026-08-11","installed_solar_match":false}},{"type":"Feature","id":"4145010800108300000","geometry":{"type":"Point","coordinates":[127.2004804,37.5576894]},"properties":{"pnu":"4145010800108300000","municipality_code":"41450","municipality":"하남시","district":"하남시","locality":"덕풍동","address":"하남시 덕풍동 830","owner_type":"시·군유지","owner_label":"하남시","manager":"","property_class":"","land_category":"도로","area_sqm":15225.7,"area_band":"5,000㎡ 이상","interest_category":"도로","solar_candidate":"검토필요","candidate_reason":"도로점용 및 실제 이용형태 추가 검토 필요; 면적 15,226㎡","priority_score":40,"source":"경기부동산포털 국공유지조회·연속지적도","source_date":"2026-08-11","installed_solar_match":false}},{"type":"Feature","id":"4145011000105540000","geometry":{"type":"Point","coordinates":[127.1918358,37.5568564]},"properties":{"pnu":"4145011000105540000","municipality_code":"41450","municipality":"하남시","district":"하남시","locality":"풍산동","address":"하남시 풍산동 554","owner_type":"시·군유지","owner_label":"하남시","manager":"","property_class":"","land_category":"도로","area_sqm":15071.8,"area_band":"5,000㎡ 이상","interest_category":"도로","solar_candidate":"검토필요","candidate_reason":"도로점용 및 실제 이용형태 추가 검토 필요; 면적 15,072㎡","priority_score":40,"source":"경기부동산포털 국공유지조회·연속지적도","source_date":"2026-08-11","installed_solar_match":false}},{"type":"Feature","id":"4145010300105290001","geometry":{"type":"Point","coordinates":[127.2234942,37.5352616]},"properties":{"pnu":"4145010300105290001","municipality_code":"41450","municipality":"하남시","district":"하남시","locality":"창우동","address":"하남시 창우동 529-1","owner_type":"시·군유지","owner_label":"하남시","manager":"","property_class":"","land_category":"도로","area_sqm":14993.2,"area_band":"5,000㎡ 이상","interest_category":"도로","solar_candidate":"검토필요","candidate_reason":"도로점용 및 실제 이용형태 추가 검토 필요; 면적 14,993㎡","priority_score":40,"source":"경기부동산포털 국공유지조회·연속지적도","source_date":"2026-08-11","installed_solar_match":false}},{"type":"Feature","id":"4145010800107920000","geometry":{"type":"Point","coordinates":[127.2060225,37.5482796]},"properties":{"pnu":"4145010800107920000","municipality_code":"41450","municipality":"하남시","district":"하남시","locality":"덕풍동","address":"하남시 덕풍동 792","owner_type":"시·군유지","owner_label":"하남시","manager":"","property_class":"","land_category":"도로","area_sqm":14839.6,"area_band":"5,000㎡ 이상","interest_category":"도로","solar_candidate":"검토필요","candidate_reason":"도로점용 및 실제 이용형태 추가 검토 필요; 면적 14,840㎡","priority_score":40,"source":"경기부동산포털 국공유지조회·연속지적도","source_date":"2026-08-11","installed_solar_match":false}},{"type":"Feature","id":"4145011600106760002","geometry":{"type":"Point","coordinates":[127.1498014,37.4808778]},"properties":{"pnu":"4145011600106760002","municipality_code":"41450","municipality":"하남시","district":"하남시","locality":"학암동","address":"하남시 학암동 676-2","owner_type":"시·군유지","owner_label":"하남시","manager":"","property_class":"","land_category":"도로","area_sqm":14708.7,"area_band":"5,000㎡ 이상","interest_category":"도로","solar_candidate":"검토필요","candidate_reason":"도로점용 및 실제 이용형태 추가 검토 필요; 면적 14,709㎡","priority_score":40,"source":"경기부동산포털 국공유지조회·연속지적도","source_date":"2026-08-11","installed_solar_match":true,"installed_solar_count":1,"installed_solar_area_sqm":294.5,"installed_solar_analysis_years":["2024"],"installed_solar_types":["공동주택"],"installed_solar_permit_status_counts":{"N":1}}},{"type":"Feature","id":"4145011000104780000","geometry":{"type":"Point","coordinates":[127.1843245,37.5563172]},"properties":{"pnu":"4145011000104780000","municipality_code":"41450","municipality":"하남시","district":"하남시","locality":"풍산동","address":"하남시 풍산동 478","owner_type":"시·군유지","owner_label":"하남시","manager":"","property_class":"","land_category":"도로","area_sqm":14642.6,"area_band":"5,000㎡ 이상","interest_category":"도로","solar_candidate":"검토필요","candidate_reason":"도로점용 및 실제 이용형태 추가 검토 필요; 면적 14,643㎡","priority_score":40,"source":"경기부동산포털 국공유지조회·연속지적도","source_date":"2026-08-11","installed_solar_match":false}},{"type":"Feature","id":"4145011000105010000","geometry":{"type":"Point","coordinates":[127.1885647,37.5563108]},"properties":{"pnu":"4145011000105010000","municipality_code":"41450","municipality":"하남시","district":"하남시","locality":"풍산동","address":"하남시 풍산동 501","owner_type":"시·군유지","owner_label":"하남시","manager":"","property_class":"","land_category":"도로","area_sqm":14415.6,"area_band":"5,000㎡ 이상","interest_category":"도로","solar_candidate":"검토필요","candidate_reason":"도로점용 및 실제 이용형태 추가 검토 필요; 면적 14,416㎡","priority_score":40,"source":"경기부동산포털 국공유지조회·연속지적도","source_date":"2026-08-11","installed_solar_match":false}},{"type":"Feature","id":"4145011400104600000","geometry":{"type":"Point","coordinates":[127.1508491,37.5090937]},"properties":{"pnu":"4145011400104600000","municipality_code":"41450","municipality":"하남시","district":"하남시","locality":"감일동","address":"하남시 감일동 460","owner_type":"시·군유지","owner_label":"하남시","manager":"","property_class":"","land_category":"도로","area_sqm":14127.0,"area_band":"5,000㎡ 이상","interest_category":"도로","solar_candidate":"검토필요","candidate_reason":"도로점용 및 실제 이용형태 추가 검토 필요; 면적 14,127㎡","priority_score":40,"source":"경기부동산포털 국공유지조회·연속지적도","source_date":"2026-08-11","installed_solar_match":false}},{"type":"Feature","id":"4145012300101640011","geometry":{"type":"Point","coordinates":[127.1717269,37.5415057]},"properties":{"pnu":"4145012300101640011","municipality_code":"41450","municipality":"하남시","district":"하남시","locality":"초이동","address":"하남시 초이동 164-11","owner_type":"시·군유지","owner_label":"하남시","manager":"","property_class":"","land_category":"도로","area_sqm":14041.0,"area_band":"5,000㎡ 이상","interest_category":"도로","solar_candidate":"검토필요","candidate_reason":"도로점용 및 실제 이용형태 추가 검토 필요; 면적 14,041㎡","priority_score":40,"source":"경기부동산포털 국공유지조회·연속지적도","source_date":"2026-08-11","installed_solar_match":true,"installed_solar_count":1,"installed_solar_area_sqm":16.4,"installed_solar_analysis_years":["2024"],"installed_solar_types":["공동주택"],"installed_solar_permit_status_counts":{"N":1}}},{"type":"Feature","id":"4145010900110390000","geometry":{"type":"Point","coordinates":[127.1816773,37.5666344]},"properties":{"pnu":"4145010900110390000","municipality_code":"41450","municipality":"하남시","district":"하남시","locality":"망월동","address":"하남시 망월동 1039","owner_type":"시·군유지","owner_label":"하남시","manager":"","property_class":"","land_category":"도로","area_sqm":13936.1,"area_band":"5,000㎡ 이상","interest_category":"도로","solar_candidate":"검토필요","candidate_reason":"도로점용 및 실제 이용형태 추가 검토 필요; 면적 13,936㎡","priority_score":40,"source":"경기부동산포털 국공유지조회·연속지적도","source_date":"2026-08-11","installed_solar_match":false}},{"type":"Feature","id":"4145011400105430000","geometry":{"type":"Point","coordinates":[127.1625378,37.5130602]},"properties":{"pnu":"4145011400105430000","municipality_code":"41450","municipality":"하남시","district":"하남시","locality":"감일동","address":"하남시 감일동 543","owner_type":"시·군유지","owner_label":"하남시","manager":"","property_class":"","land_category":"도로","area_sqm":13777.2,"area_band":"5,000㎡ 이상","interest_category":"도로","solar_candidate":"검토필요","candidate_reason":"도로점용 및 실제 이용형태 추가 검토 필요; 면적 13,777㎡","priority_score":40,"source":"경기부동산포털 국공유지조회·연속지적도","source_date":"2026-08-11","installed_solar_match":false}},{"type":"Feature","id":"4145010400200020016","geometry":{"type":"Point","coordinates":[127.2453124,37.5397042]},"properties":{"pnu":"4145010400200020016","municipality_code":"41450","municipality":"하남시","district":"하남시","locality":"배알미동","address":"하남시 배알미동 산2-16","owner_type":"시·군유지","owner_label":"하남시","manager":"","property_class":"","land_category":"도로","area_sqm":13718.0,"area_band":"5,000㎡ 이상","interest_category":"도로","solar_candidate":"검토필요","candidate_reason":"도로점용 및 실제 이용형태 추가 검토 필요; 면적 13,718㎡","priority_score":40,"source":"경기부동산포털 국공유지조회·연속지적도","source_date":"2026-08-11","installed_solar_match":false}},{"type":"Feature","id":"4145010900111220001","geometry":{"type":"Point","coordinates":[127.1929991,37.5628314]},"properties":{"pnu":"4145010900111220001","municipality_code":"41450","municipality":"하남시","district":"하남시","locality":"망월동","address":"하남시 망월동 1122-1","owner_type":"시·군유지","owner_label":"하남시","manager":"","property_class":"","land_category":"도로","area_sqm":13613.0,"area_band":"5,000㎡ 이상","interest_category":"도로","solar_candidate":"검토필요","candidate_reason":"도로점용 및 실제 이용형태 추가 검토 필요; 면적 13,613㎡","priority_score":40,"source":"경기부동산포털 국공유지조회·연속지적도","source_date":"2026-08-11","installed_solar_match":false}},{"type":"Feature","id":"4145010400200220003","geometry":{"type":"Point","coordinates":[127.2617858,37.5322831]},"properties":{"pnu":"4145010400200220003","municipality_code":"41450","municipality":"하남시","district":"하남시","locality":"배알미동","address":"하남시 배알미동 산22-3","owner_type":"시·군유지","owner_label":"하남시","manager":"","property_class":"","land_category":"도로","area_sqm":13359.0,"area_band":"5,000㎡ 이상","interest_category":"도로","solar_candidate":"검토필요","candidate_reason":"도로점용 및 실제 이용형태 추가 검토 필요; 면적 13,359㎡","priority_score":40,"source":"경기부동산포털 국공유지조회·연속지적도","source_date":"2026-08-11","installed_solar_match":false}},{"type":"Feature","id":"4145010800108430000","geometry":{"type":"Point","coordinates":[127.2027338,37.5592272]},"properties":{"pnu":"4145010800108430000","municipality_code":"41450","municipality":"하남시","district":"하남시","locality":"덕풍동","address":"하남시 덕풍동 843","owner_type":"시·군유지","owner_label":"하남시","manager":"","property_class":"","land_category":"도로","area_sqm":13065.8,"area_band":"5,000㎡ 이상","interest_category":"도로","solar_candidate":"검토필요","candidate_reason":"도로점용 및 실제 이용형태 추가 검토 필요; 면적 13,066㎡","priority_score":40,"source":"경기부동산포털 국공유지조회·연속지적도","source_date":"2026-08-11","installed_solar_match":false}},{"type":"Feature","id":"4145011300102860025","geometry":{"type":"Point","coordinates":[127.160956,37.5225589]},"properties":{"pnu":"4145011300102860025","municipality_code":"41450","municipality":"하남시","district":"하남시","locality":"감북동","address":"하남시 감북동 286-25","owner_type":"시·군유지","owner_label":"하남시","manager":"","property_class":"","land_category":"도로","area_sqm":12841.0,"area_band":"5,000㎡ 이상","interest_category":"도로","solar_candidate":"검토필요","candidate_reason":"도로점용 및 실제 이용형태 추가 검토 필요; 면적 12,841㎡","priority_score":40,"source":"경기부동산포털 국공유지조회·연속지적도","source_date":"2026-08-11","installed_solar_match":false}},{"type":"Feature","id":"4145010900109390000","geometry":{"type":"Point","coordinates":[127.1942586,37.5710183]},"properties":{"pnu":"4145010900109390000","municipality_code":"41450","municipality":"하남시","district":"하남시","locality":"망월동","address":"하남시 망월동 939","owner_type":"시·군유지","owner_label":"하남시","manager":"","property_class":"","land_category":"도로","area_sqm":12771.3,"area_band":"5,000㎡ 이상","interest_category":"도로","solar_candidate":"검토필요","candidate_reason":"도로점용 및 실제 이용형태 추가 검토 필요; 면적 12,771㎡","priority_score":40,"source":"경기부동산포털 국공유지조회·연속지적도","source_date":"2026-08-11","installed_solar_match":false}},{"type":"Feature","id":"4145011000105640000","geometry":{"type":"Point","coordinates":[127.1926039,37.5588154]},"properties":{"pnu":"4145011000105640000","municipality_code":"41450","municipality":"하남시","district":"하남시","locality":"풍산동","address":"하남시 풍산동 564","owner_type":"시·군유지","owner_label":"하남시","manager":"","property_class":"","land_category":"도로","area_sqm":12284.4,"area_band":"5,000㎡ 이상","interest_category":"도로","solar_candidate":"검토필요","candidate_reason":"도로점용 및 실제 이용형태 추가 검토 필요; 면적 12,284㎡","priority_score":40,"source":"경기부동산포털 국공유지조회·연속지적도","source_date":"2026-08-11","installed_solar_match":false}},{"type":"Feature","id":"4145010800107660000","geometry":{"type":"Point","coordinates":[127.1990826,37.5515627]},"properties":{"pnu":"4145010800107660000","municipality_code":"41450","municipality":"하남시","district":"하남시","locality":"덕풍동","address":"하남시 덕풍동 766","owner_type":"시·군유지","owner_label":"하남시","manager":"","property_class":"","land_category":"도로","area_sqm":12204.1,"area_band":"5,000㎡ 이상","interest_category":"도로","solar_candidate":"검토필요","candidate_reason":"도로점용 및 실제 이용형태 추가 검토 필요; 면적 12,204㎡","priority_score":40,"source":"경기부동산포털 국공유지조회·연속지적도","source_date":"2026-08-11","installed_solar_match":false}},{"type":"Feature","id":"4145011600106760005","geometry":{"type":"Point","coordinates":[127.1452344,37.4740451]},"properties":{"pnu":"4145011600106760005","municipality_code":"41450","municipality":"하남시","district":"하남시","locality":"학암동","address":"하남시 학암동 676-5","owner_type":"시·군유지","owner_label":"하남시","manager":"","property_class":"","land_category":"도로","area_sqm":12170.7,"area_band":"5,000㎡ 이상","interest_category":"도로","solar_candidate":"검토필요","candidate_reason":"도로점용 및 실제 이용형태 추가 검토 필요; 면적 12,171㎡","priority_score":40,"source":"경기부동산포털 국공유지조회·연속지적도","source_date":"2026-08-11","installed_solar_match":false}},{"type":"Feature","id":"4145012300104670001","geometry":{"type":"Point","coordinates":[127.1645487,37.5282042]},"properties":{"pnu":"4145012300104670001","municipality_code":"41450","municipality":"하남시","district":"하남시","locality":"초이동","address":"하남시 초이동 467-1","owner_type":"시·군유지","owner_label":"하남시","manager":"","property_class":"","land_category":"도로","area_sqm":12167.0,"area_band":"5,000㎡ 이상","interest_category":"도로","solar_candidate":"검토필요","candidate_reason":"도로점용 및 실제 이용형태 추가 검토 필요; 면적 12,167㎡","priority_score":40,"source":"경기부동산포털 국공유지조회·연속지적도","source_date":"2026-08-11","installed_solar_match":false}},{"type":"Feature","id":"4145010900100010005","geometry":{"type":"Point","coordinates":[127.2031147,37.5611497]},"properties":{"pnu":"4145010900100010005","municipality_code":"41450","municipality":"하남시","district":"하남시","locality":"망월동","address":"하남시 망월동 1-5","owner_type":"시·군유지","owner_label":"하남시","manager":"","property_class":"","land_category":"도로","area_sqm":11897.0,"area_band":"5,000㎡ 이상","interest_category":"도로","solar_candidate":"검토필요","candidate_reason":"도로점용 및 실제 이용형태 추가 검토 필요; 면적 11,897㎡","priority_score":40,"source":"경기부동산포털 국공유지조회·연속지적도","source_date":"2026-08-11","installed_solar_match":false}},{"type":"Feature","id":"4145010400200130064","geometry":{"type":"Point","coordinates":[127.2559906,37.5348406]},"properties":{"pnu":"4145010400200130064","municipality_code":"41450","municipality":"하남시","district":"하남시","locality":"배알미동","address":"하남시 배알미동 산13-64","owner_type":"시·군유지","owner_label":"하남시","manager":"","property_class":"","land_category":"도로","area_sqm":11817.0,"area_band":"5,000㎡ 이상","interest_category":"도로","solar_candidate":"검토필요","candidate_reason":"도로점용 및 실제 이용형태 추가 검토 필요; 면적 11,817㎡","priority_score":40,"source":"경기부동산포털 국공유지조회·연속지적도","source_date":"2026-08-11","installed_solar_match":false}},{"type":"Feature","id":"4145010800107270000","geometry":{"type":"Point","coordinates":[127.2026805,37.5559006]},"properties":{"pnu":"4145010800107270000","municipality_code":"41450","municipality":"하남시","district":"하남시","locality":"덕풍동","address":"하남시 덕풍동 727","owner_type":"시·군유지","owner_label":"하남시","manager":"","property_class":"","land_category":"도로","area_sqm":11660.5,"area_band":"5,000㎡ 이상","interest_category":"도로","solar_candidate":"검토필요","candidate_reason":"도로점용 및 실제 이용형태 추가 검토 필요; 면적 11,660㎡","priority_score":40,"source":"경기부동산포털 국공유지조회·연속지적도","source_date":"2026-08-11","installed_solar_match":false}},{"type":"Feature","id":"4145012300106420001","geometry":{"type":"Point","coordinates":[127.1669029,37.5291123]},"properties":{"pnu":"4145012300106420001","municipality_code":"41450","municipality":"하남시","district":"하남시","locality":"초이동","address":"하남시 초이동 642-1","owner_type":"시·군유지","owner_label":"하남시","manager":"","property_class":"","land_category":"도로","area_sqm":11462.5,"area_band":"5,000㎡ 이상","interest_category":"도로","solar_candidate":"검토필요","candidate_reason":"도로점용 및 실제 이용형태 추가 검토 필요; 면적 11,462㎡","priority_score":40,"source":"경기부동산포털 국공유지조회·연속지적도","source_date":"2026-08-11","installed_solar_match":false}},{"type":"Feature","id":"4145010300101630012","geometry":{"type":"Point","coordinates":[127.2268221,37.5409712]},"properties":{"pnu":"4145010300101630012","municipality_code":"41450","municipality":"하남시","district":"하남시","locality":"창우동","address":"하남시 창우동 163-12","owner_type":"시·군유지","owner_label":"하남시","manager":"","property_class":"","land_category":"도로","area_sqm":11338.0,"area_band":"5,000㎡ 이상","interest_category":"도로","solar_candidate":"검토필요","candidate_reason":"도로점용 및 실제 이용형태 추가 검토 필요; 면적 11,338㎡","priority_score":40,"source":"경기부동산포털 국공유지조회·연속지적도","source_date":"2026-08-11","installed_solar_match":false}},{"type":"Feature","id":"4145010100100880005","geometry":{"type":"Point","coordinates":[127.2154322,37.5343126]},"properties":{"pnu":"4145010100100880005","municipality_code":"41450","municipality":"하남시","district":"하남시","locality":"천현동","address":"하남시 천현동 88-5","owner_type":"시·군유지","owner_label":"하남시","manager":"","property_class":"","land_category":"도로","area_sqm":11229.0,"area_band":"5,000㎡ 이상","interest_category":"도로","solar_candidate":"검토필요","candidate_reason":"도로점용 및 실제 이용형태 추가 검토 필요; 면적 11,229㎡","priority_score":40,"source":"경기부동산포털 국공유지조회·연속지적도","source_date":"2026-08-11","installed_solar_match":false}},{"type":"Feature","id":"4145010600105380000","geometry":{"type":"Point","coordinates":[127.2154804,37.5406282]},"properties":{"pnu":"4145010600105380000","municipality_code":"41450","municipality":"하남시","district":"하남시","locality":"신장동","address":"하남시 신장동 538","owner_type":"시·군유지","owner_label":"하남시","manager":"","property_class":"","land_category":"도로","area_sqm":10936.8,"area_band":"5,000㎡ 이상","interest_category":"도로","solar_candidate":"검토필요","candidate_reason":"도로점용 및 실제 이용형태 추가 검토 필요; 면적 10,937㎡","priority_score":40,"source":"경기부동산포털 국공유지조회·연속지적도","source_date":"2026-08-11","installed_solar_match":false}},{"type":"Feature","id":"4145011500104670000","geometry":{"type":"Point","coordinates":[127.166948,37.5074069]},"properties":{"pnu":"4145011500104670000","municipality_code":"41450","municipality":"하남시","district":"하남시","locality":"감이동","address":"하남시 감이동 467","owner_type":"시·군유지","owner_label":"하남시","manager":"","property_class":"","land_category":"도로","area_sqm":10734.6,"area_band":"5,000㎡ 이상","interest_category":"도로","solar_candidate":"검토필요","candidate_reason":"도로점용 및 실제 이용형태 추가 검토 필요; 면적 10,735㎡","priority_score":40,"source":"경기부동산포털 국공유지조회·연속지적도","source_date":"2026-08-11","installed_solar_match":false}},{"type":"Feature","id":"4145010900102260006","geometry":{"type":"Point","coordinates":[127.1964092,37.5718841]},"properties":{"pnu":"4145010900102260006","municipality_code":"41450","municipality":"하남시","district":"하남시","locality":"망월동","address":"하남시 망월동 226-6","owner_type":"시·군유지","owner_label":"하남시","manager":"","property_class":"","land_category":"도로","area_sqm":10637.0,"area_band":"5,000㎡ 이상","interest_category":"도로","solar_candidate":"검토필요","candidate_reason":"도로점용 및 실제 이용형태 추가 검토 필요; 면적 10,637㎡","priority_score":40,"source":"경기부동산포털 국공유지조회·연속지적도","source_date":"2026-08-11","installed_solar_match":false}},{"type":"Feature","id":"4145012300106420002","geometry":{"type":"Point","coordinates":[127.1698815,37.5298893]},"properties":{"pnu":"4145012300106420002","municipality_code":"41450","municipality":"하남시","district":"하남시","locality":"초이동","address":"하남시 초이동 642-2","owner_type":"시·군유지","owner_label":"하남시","manager":"","property_class":"","land_category":"도로","area_sqm":10614.7,"area_band":"5,000㎡ 이상","interest_category":"도로","solar_candidate":"검토필요","candidate_reason":"도로점용 및 실제 이용형태 추가 검토 필요; 면적 10,615㎡","priority_score":40,"source":"경기부동산포털 국공유지조회·연속지적도","source_date":"2026-08-11","installed_solar_match":false}},{"type":"Feature","id":"4145011600106750001","geometry":{"type":"Point","coordinates":[127.1572514,37.4875932]},"properties":{"pnu":"4145011600106750001","municipality_code":"41450","municipality":"하남시","district":"하남시","locality":"학암동","address":"하남시 학암동 675-1","owner_type":"시·군유지","owner_label":"하남시","manager":"","property_class":"","land_category":"도로","area_sqm":10596.9,"area_band":"5,000㎡ 이상","interest_category":"도로","solar_candidate":"검토필요","candidate_reason":"도로점용 및 실제 이용형태 추가 검토 필요; 면적 10,597㎡","priority_score":40,"source":"경기부동산포털 국공유지조회·연속지적도","source_date":"2026-08-11","installed_solar_match":false}},{"type":"Feature","id":"4145011200104570000","geometry":{"type":"Point","coordinates":[127.1772976,37.572888]},"properties":{"pnu":"4145011200104570000","municipality_code":"41450","municipality":"하남시","district":"하남시","locality":"선동","address":"하남시 선동 457","owner_type":"시·군유지","owner_label":"하남시","manager":"","property_class":"","land_category":"도로","area_sqm":10582.0,"area_band":"5,000㎡ 이상","interest_category":"도로","solar_candidate":"검토필요","candidate_reason":"도로점용 및 실제 이용형태 추가 검토 필요; 면적 10,582㎡","priority_score":40,"source":"경기부동산포털 국공유지조회·연속지적도","source_date":"2026-08-11","installed_solar_match":false}},{"type":"Feature","id":"4145010600105510000","geometry":{"type":"Point","coordinates":[127.2191835,37.5405254]},"properties":{"pnu":"4145010600105510000","municipality_code":"41450","municipality":"하남시","district":"하남시","locality":"신장동","address":"하남시 신장동 551","owner_type":"시·군유지","owner_label":"하남시","manager":"","property_class":"","land_category":"도로","area_sqm":10575.1,"area_band":"5,000㎡ 이상","interest_category":"도로","solar_candidate":"검토필요","candidate_reason":"도로점용 및 실제 이용형태 추가 검토 필요; 면적 10,575㎡","priority_score":40,"source":"경기부동산포털 국공유지조회·연속지적도","source_date":"2026-08-11","installed_solar_match":false}},{"type":"Feature","id":"4145010800107800000","geometry":{"type":"Point","coordinates":[127.2003295,37.5501985]},"properties":{"pnu":"4145010800107800000","municipality_code":"41450","municipality":"하남시","district":"하남시","locality":"덕풍동","address":"하남시 덕풍동 780","owner_type":"시·군유지","owner_label":"하남시","manager":"","property_class":"","land_category":"도로","area_sqm":10424.9,"area_band":"5,000㎡ 이상","interest_category":"도로","solar_candidate":"검토필요","candidate_reason":"도로점용 및 실제 이용형태 추가 검토 필요; 면적 10,425㎡","priority_score":40,"source":"경기부동산포털 국공유지조회·연속지적도","source_date":"2026-08-11","installed_solar_match":false}},{"type":"Feature","id":"4145011400105120000","geometry":{"type":"Point","coordinates":[127.1517811,37.5095503]},"properties":{"pnu":"4145011400105120000","municipality_code":"41450","municipality":"하남시","district":"하남시","locality":"감일동","address":"하남시 감일동 512","owner_type":"시·군유지","owner_label":"하남시","manager":"","property_class":"","land_category":"도로","area_sqm":10354.1,"area_band":"5,000㎡ 이상","interest_category":"도로","solar_candidate":"검토필요","candidate_reason":"도로점용 및 실제 이용형태 추가 검토 필요; 면적 10,354㎡","priority_score":40,"source":"경기부동산포털 국공유지조회·연속지적도","source_date":"2026-08-11","installed_solar_match":false}},{"type":"Feature","id":"4145010900109050000","geometry":{"type":"Point","coordinates":[127.1913446,37.5727251]},"properties":{"pnu":"4145010900109050000","municipality_code":"41450","municipality":"하남시","district":"하남시","locality":"망월동","address":"하남시 망월동 905","owner_type":"시·군유지","owner_label":"하남시","manager":"","property_class":"","land_category":"도로","area_sqm":10238.2,"area_band":"5,000㎡ 이상","interest_category":"도로","solar_candidate":"검토필요","candidate_reason":"도로점용 및 실제 이용형태 추가 검토 필요; 면적 10,238㎡","priority_score":40,"source":"경기부동산포털 국공유지조회·연속지적도","source_date":"2026-08-11","installed_solar_match":false}},{"type":"Feature","id":"4145010600106220000","geometry":{"type":"Point","coordinates":[127.2232746,37.5429064]},"properties":{"pnu":"4145010600106220000","municipality_code":"41450","municipality":"하남시","district":"하남시","locality":"신장동","address":"하남시 신장동 622","owner_type":"시·군유지","owner_label":"하남시","manager":"","property_class":"","land_category":"도로","area_sqm":10094.2,"area_band":"5,000㎡ 이상","interest_category":"도로","solar_candidate":"검토필요","candidate_reason":"도로점용 및 실제 이용형태 추가 검토 필요; 면적 10,094㎡","priority_score":40,"source":"경기부동산포털 국공유지조회·연속지적도","source_date":"2026-08-11","installed_solar_match":false}},{"type":"Feature","id":"4145010800109560000","geometry":{"type":"Point","coordinates":[127.2056824,37.5449853]},"properties":{"pnu":"4145010800109560000","municipality_code":"41450","municipality":"하남시","district":"하남시","locality":"덕풍동","address":"하남시 덕풍동 956","owner_type":"시·군유지","owner_label":"하남시","manager":"","property_class":"","land_category":"도로","area_sqm":10039.4,"area_band":"5,000㎡ 이상","interest_category":"도로","solar_candidate":"검토필요","candidate_reason":"도로점용 및 실제 이용형태 추가 검토 필요; 면적 10,039㎡","priority_score":40,"source":"경기부동산포털 국공유지조회·연속지적도","source_date":"2026-08-11","installed_solar_match":false}},{"type":"Feature","id":"4145010600105670000","geometry":{"type":"Point","coordinates":[127.2126995,37.5424738]},"properties":{"pnu":"4145010600105670000","municipality_code":"41450","municipality":"하남시","district":"하남시","locality":"신장동","address":"하남시 신장동 567","owner_type":"시·군유지","owner_label":"하남시","manager":"","property_class":"","land_category":"도로","area_sqm":10000.1,"area_band":"5,000㎡ 이상","interest_category":"도로","solar_candidate":"검토필요","candidate_reason":"도로점용 및 실제 이용형태 추가 검토 필요; 면적 10,000㎡","priority_score":40,"source":"경기부동산포털 국공유지조회·연속지적도","source_date":"2026-08-11","installed_solar_match":false}},{"type":"Feature","id":"4145010900111220000","geometry":{"type":"Point","coordinates":[127.1915904,37.5660777]},"properties":{"pnu":"4145010900111220000","municipality_code":"41450","municipality":"하남시","district":"하남시","locality":"망월동","address":"하남시 망월동 1122","owner_type":"시·군유지","owner_label":"하남시","manager":"","property_class":"","land_category":"도로","area_sqm":9959.1,"area_band":"5,000㎡ 이상","interest_category":"도로","solar_candidate":"검토필요","candidate_reason":"도로점용 및 실제 이용형태 추가 검토 필요; 면적 9,959㎡","priority_score":40,"source":"경기부동산포털 국공유지조회·연속지적도","source_date":"2026-08-11","installed_solar_match":false}},{"type":"Feature","id":"4145010800107270002","geometry":{"type":"Point","coordinates":[127.2109171,37.5518105]},"properties":{"pnu":"4145010800107270002","municipality_code":"41450","municipality":"하남시","district":"하남시","locality":"덕풍동","address":"하남시 덕풍동 727-2","owner_type":"시·군유지","owner_label":"하남시","manager":"","property_class":"","land_category":"도로","area_sqm":9945.1,"area_band":"5,000㎡ 이상","interest_category":"도로","solar_candidate":"검토필요","candidate_reason":"도로점용 및 실제 이용형태 추가 검토 필요; 면적 9,945㎡","priority_score":40,"source":"경기부동산포털 국공유지조회·연속지적도","source_date":"2026-08-11","installed_solar_match":false}},{"type":"Feature","id":"4145011000200260002","geometry":{"type":"Point","coordinates":[127.192984,37.5421144]},"properties":{"pnu":"4145011000200260002","municipality_code":"41450","municipality":"하남시","district":"하남시","locality":"풍산동","address":"하남시 풍산동 산26-2","owner_type":"시·군유지","owner_label":"하남시","manager":"","property_class":"","land_category":"도로","area_sqm":9831.0,"area_band":"5,000㎡ 이상","interest_category":"도로","solar_candidate":"검토필요","candidate_reason":"도로점용 및 실제 이용형태 추가 검토 필요; 면적 9,831㎡","priority_score":40,"source":"경기부동산포털 국공유지조회·연속지적도","source_date":"2026-08-11","installed_solar_match":false}},{"type":"Feature","id":"4145010900111240000","geometry":{"type":"Point","coordinates":[127.1944752,37.5654922]},"properties":{"pnu":"4145010900111240000","municipality_code":"41450","municipality":"하남시","district":"하남시","locality":"망월동","address":"하남시 망월동 1124","owner_type":"시·군유지","owner_label":"하남시","manager":"","property_class":"","land_category":"도로","area_sqm":9723.9,"area_band":"5,000㎡ 이상","interest_category":"도로","solar_candidate":"검토필요","candidate_reason":"도로점용 및 실제 이용형태 추가 검토 필요; 면적 9,724㎡","priority_score":40,"source":"경기부동산포털 국공유지조회·연속지적도","source_date":"2026-08-11","installed_solar_match":false}},{"type":"Feature","id":"4145010800107270001","geometry":{"type":"Point","coordinates":[127.2076795,37.5540523]},"properties":{"pnu":"4145010800107270001","municipality_code":"41450","municipality":"하남시","district":"하남시","locality":"덕풍동","address":"하남시 덕풍동 727-1","owner_type":"시·군유지","owner_label":"하남시","manager":"","property_class":"","land_category":"도로","area_sqm":9604.0,"area_band":"5,000㎡ 이상","interest_category":"도로","solar_candidate":"검토필요","candidate_reason":"도로점용 및 실제 이용형태 추가 검토 필요; 면적 9,604㎡","priority_score":40,"source":"경기부동산포털 국공유지조회·연속지적도","source_date":"2026-08-11","installed_solar_match":false}},{"type":"Feature","id":"4145010800106820000","geometry":{"type":"Point","coordinates":[127.196809,37.5341649]},"properties":{"pnu":"4145010800106820000","municipality_code":"41450","municipality":"하남시","district":"하남시","locality":"덕풍동","address":"하남시 덕풍동 682","owner_type":"시·군유지","owner_label":"하남시","manager":"","property_class":"","land_category":"도로","area_sqm":9523.9,"area_band":"5,000㎡ 이상","interest_category":"도로","solar_candidate":"검토필요","candidate_reason":"도로점용 및 실제 이용형태 추가 검토 필요; 면적 9,524㎡","priority_score":40,"source":"경기부동산포털 국공유지조회·연속지적도","source_date":"2026-08-11","installed_solar_match":false}},{"type":"Feature","id":"4145010800107270003","geometry":{"type":"Point","coordinates":[127.2047323,37.5532248]},"properties":{"pnu":"4145010800107270003","municipality_code":"41450","municipality":"하남시","district":"하남시","locality":"덕풍동","address":"하남시 덕풍동 727-3","owner_type":"시·군유지","owner_label":"하남시","manager":"","property_class":"","land_category":"도로","area_sqm":9466.0,"area_band":"5,000㎡ 이상","interest_category":"도로","solar_candidate":"검토필요","candidate_reason":"도로점용 및 실제 이용형태 추가 검토 필요; 면적 9,466㎡","priority_score":40,"source":"경기부동산포털 국공유지조회·연속지적도","source_date":"2026-08-11","installed_solar_match":false}},{"type":"Feature","id":"4145010900111720000","geometry":{"type":"Point","coordinates":[127.1957188,37.5583105]},"properties":{"pnu":"4145010900111720000","municipality_code":"41450","municipality":"하남시","district":"하남시","locality":"망월동","address":"하남시 망월동 1172","owner_type":"시·군유지","owner_label":"하남시","manager":"","property_class":"","land_category":"도로","area_sqm":9419.8,"area_band":"5,000㎡ 이상","interest_category":"도로","solar_candidate":"검토필요","candidate_reason":"도로점용 및 실제 이용형태 추가 검토 필요; 면적 9,420㎡","priority_score":40,"source":"경기부동산포털 국공유지조회·연속지적도","source_date":"2026-08-11","installed_solar_match":false}},{"type":"Feature","id":"4145011600106750000","geometry":{"type":"Point","coordinates":[127.1590756,37.4874863]},"properties":{"pnu":"4145011600106750000","municipality_code":"41450","municipality":"하남시","district":"하남시","locality":"학암동","address":"하남시 학암동 675","owner_type":"시·군유지","owner_label":"하남시","manager":"","property_class":"","land_category":"도로","area_sqm":9316.9,"area_band":"5,000㎡ 이상","interest_category":"도로","solar_candidate":"검토필요","candidate_reason":"도로점용 및 실제 이용형태 추가 검토 필요; 면적 9,317㎡","priority_score":40,"source":"경기부동산포털 국공유지조회·연속지적도","source_date":"2026-08-11","installed_solar_match":false}},{"type":"Feature","id":"4145010900110780001","geometry":{"type":"Point","coordinates":[127.1905327,37.5621175]},"properties":{"pnu":"4145010900110780001","municipality_code":"41450","municipality":"하남시","district":"하남시","locality":"망월동","address":"하남시 망월동 1078-1","owner_type":"시·군유지","owner_label":"하남시","manager":"","property_class":"","land_category":"도로","area_sqm":9316.8,"area_band":"5,000㎡ 이상","interest_category":"도로","solar_candidate":"검토필요","candidate_reason":"도로점용 및 실제 이용형태 추가 검토 필요; 면적 9,317㎡","priority_score":40,"source":"경기부동산포털 국공유지조회·연속지적도","source_date":"2026-08-11","installed_solar_match":false}},{"type":"Feature","id":"4145011200104580000","geometry":{"type":"Point","coordinates":[127.1780789,37.5754658]},"properties":{"pnu":"4145011200104580000","municipality_code":"41450","municipality":"하남시","district":"하남시","locality":"선동","address":"하남시 선동 458","owner_type":"시·군유지","owner_label":"하남시","manager":"","property_class":"","land_category":"도로","area_sqm":9310.0,"area_band":"5,000㎡ 이상","interest_category":"도로","solar_candidate":"검토필요","candidate_reason":"도로점용 및 실제 이용형태 추가 검토 필요; 면적 9,310㎡","priority_score":40,"source":"경기부동산포털 국공유지조회·연속지적도","source_date":"2026-08-11","installed_solar_match":false}},{"type":"Feature","id":"4145011300103530012","geometry":{"type":"Point","coordinates":[127.1592373,37.5192421]},"properties":{"pnu":"4145011300103530012","municipality_code":"41450","municipality":"하남시","district":"하남시","locality":"감북동","address":"하남시 감북동 353-12","owner_type":"시·군유지","owner_label":"하남시","manager":"","property_class":"","land_category":"도로","area_sqm":9249.0,"area_band":"5,000㎡ 이상","interest_category":"도로","solar_candidate":"검토필요","candidate_reason":"도로점용 및 실제 이용형태 추가 검토 필요; 면적 9,249㎡","priority_score":40,"source":"경기부동산포털 국공유지조회·연속지적도","source_date":"2026-08-11","installed_solar_match":false}},{"type":"Feature","id":"4145011000105750000","geometry":{"type":"Point","coordinates":[127.1955869,37.5582228]},"properties":{"pnu":"4145011000105750000","municipality_code":"41450","municipality":"하남시","district":"하남시","locality":"풍산동","address":"하남시 풍산동 575","owner_type":"시·군유지","owner_label":"하남시","manager":"","property_class":"","land_category":"도로","area_sqm":9174.8,"area_band":"5,000㎡ 이상","interest_category":"도로","solar_candidate":"검토필요","candidate_reason":"도로점용 및 실제 이용형태 추가 검토 필요; 면적 9,175㎡","priority_score":40,"source":"경기부동산포털 국공유지조회·연속지적도","source_date":"2026-08-11","installed_solar_match":false}},{"type":"Feature","id":"4145010600105670001","geometry":{"type":"Point","coordinates":[127.2085192,37.5417393]},"properties":{"pnu":"4145010600105670001","municipality_code":"41450","municipality":"하남시","district":"하남시","locality":"신장동","address":"하남시 신장동 567-1","owner_type":"시·군유지","owner_label":"하남시","manager":"","property_class":"","land_category":"도로","area_sqm":9172.7,"area_band":"5,000㎡ 이상","interest_category":"도로","solar_candidate":"검토필요","candidate_reason":"도로점용 및 실제 이용형태 추가 검토 필요; 면적 9,173㎡","priority_score":40,"source":"경기부동산포털 국공유지조회·연속지적도","source_date":"2026-08-11","installed_solar_match":false}},{"type":"Feature","id":"4145011200104320000","geometry":{"type":"Point","coordinates":[127.1848817,37.5749513]},"properties":{"pnu":"4145011200104320000","municipality_code":"41450","municipality":"하남시","district":"하남시","locality":"선동","address":"하남시 선동 432","owner_type":"시·군유지","owner_label":"하남시","manager":"","property_class":"","land_category":"도로","area_sqm":9143.6,"area_band":"5,000㎡ 이상","interest_category":"도로","solar_candidate":"검토필요","candidate_reason":"도로점용 및 실제 이용형태 추가 검토 필요; 면적 9,144㎡","priority_score":40,"source":"경기부동산포털 국공유지조회·연속지적도","source_date":"2026-08-11","installed_solar_match":false}},{"type":"Feature","id":"4145010300105270000","geometry":{"type":"Point","coordinates":[127.2233205,37.5369594]},"properties":{"pnu":"4145010300105270000","municipality_code":"41450","municipality":"하남시","district":"하남시","locality":"창우동","address":"하남시 창우동 527","owner_type":"시·군유지","owner_label":"하남시","manager":"","property_class":"","land_category":"도로","area_sqm":8712.2,"area_band":"5,000㎡ 이상","interest_category":"도로","solar_candidate":"검토필요","candidate_reason":"도로점용 및 실제 이용형태 추가 검토 필요; 면적 8,712㎡","priority_score":40,"source":"경기부동산포털 국공유지조회·연속지적도","source_date":"2026-08-11","installed_solar_match":false}},{"type":"Feature","id":"4145011000104660000","geometry":{"type":"Point","coordinates":[127.1846762,37.5593839]},"properties":{"pnu":"4145011000104660000","municipality_code":"41450","municipality":"하남시","district":"하남시","locality":"풍산동","address":"하남시 풍산동 466","owner_type":"시·군유지","owner_label":"하남시","manager":"","property_class":"","land_category":"도로","area_sqm":8533.4,"area_band":"5,000㎡ 이상","interest_category":"도로","solar_candidate":"검토필요","candidate_reason":"도로점용 및 실제 이용형태 추가 검토 필요; 면적 8,533㎡","priority_score":40,"source":"경기부동산포털 국공유지조회·연속지적도","source_date":"2026-08-11","installed_solar_match":false}},{"type":"Feature","id":"4145010900110540000","geometry":{"type":"Point","coordinates":[127.1846591,37.5595429]},"properties":{"pnu":"4145010900110540000","municipality_code":"41450","municipality":"하남시","district":"하남시","locality":"망월동","address":"하남시 망월동 1054","owner_type":"시·군유지","owner_label":"하남시","manager":"","property_class":"","land_category":"도로","area_sqm":8453.7,"area_band":"5,000㎡ 이상","interest_category":"도로","solar_candidate":"검토필요","candidate_reason":"도로점용 및 실제 이용형태 추가 검토 필요; 면적 8,454㎡","priority_score":40,"source":"경기부동산포털 국공유지조회·연속지적도","source_date":"2026-08-11","installed_solar_match":false}},{"type":"Feature","id":"4145011500104490000","geometry":{"type":"Point","coordinates":[127.1587816,37.5084307]},"properties":{"pnu":"4145011500104490000","municipality_code":"41450","municipality":"하남시","district":"하남시","locality":"감이동","address":"하남시 감이동 449","owner_type":"시·군유지","owner_label":"하남시","manager":"","property_class":"","land_category":"도로","area_sqm":8416.5,"area_band":"5,000㎡ 이상","interest_category":"도로","solar_candidate":"검토필요","candidate_reason":"도로점용 및 실제 이용형태 추가 검토 필요; 면적 8,416㎡","priority_score":40,"source":"경기부동산포털 국공유지조회·연속지적도","source_date":"2026-08-11","installed_solar_match":false}},{"type":"Feature","id":"4145010900111280000","geometry":{"type":"Point","coordinates":[127.195235,37.5637842]},"properties":{"pnu":"4145010900111280000","municipality_code":"41450","municipality":"하남시","district":"하남시","locality":"망월동","address":"하남시 망월동 1128","owner_type":"시·군유지","owner_label":"하남시","manager":"","property_class":"","land_category":"도로","area_sqm":8319.9,"area_band":"5,000㎡ 이상","interest_category":"도로","solar_candidate":"검토필요","candidate_reason":"도로점용 및 실제 이용형태 추가 검토 필요; 면적 8,320㎡","priority_score":40,"source":"경기부동산포털 국공유지조회·연속지적도","source_date":"2026-08-11","installed_solar_match":false}},{"type":"Feature","id":"4145010400200210001","geometry":{"type":"Point","coordinates":[127.2598974,37.5331087]},"properties":{"pnu":"4145010400200210001","municipality_code":"41450","municipality":"하남시","district":"하남시","locality":"배알미동","address":"하남시 배알미동 산21-1","owner_type":"시·군유지","owner_label":"하남시","manager":"","property_class":"","land_category":"도로","area_sqm":8299.0,"area_band":"5,000㎡ 이상","interest_category":"도로","solar_candidate":"검토필요","candidate_reason":"도로점용 및 실제 이용형태 추가 검토 필요; 면적 8,299㎡","priority_score":40,"source":"경기부동산포털 국공유지조회·연속지적도","source_date":"2026-08-11","installed_solar_match":false}},{"type":"Feature","id":"4145011000105920000","geometry":{"type":"Point","coordinates":[127.1911169,37.5501038]},"properties":{"pnu":"4145011000105920000","municipality_code":"41450","municipality":"하남시","district":"하남시","locality":"풍산동","address":"하남시 풍산동 592","owner_type":"시·군유지","owner_label":"하남시","manager":"","property_class":"","land_category":"도로","area_sqm":8275.1,"area_band":"5,000㎡ 이상","interest_category":"도로","solar_candidate":"검토필요","candidate_reason":"도로점용 및 실제 이용형태 추가 검토 필요; 면적 8,275㎡","priority_score":40,"source":"경기부동산포털 국공유지조회·연속지적도","source_date":"2026-08-11","installed_solar_match":false}},{"type":"Feature","id":"4145011500104610000","geometry":{"type":"Point","coordinates":[127.1630705,37.5082798]},"properties":{"pnu":"4145011500104610000","municipality_code":"41450","municipality":"하남시","district":"하남시","locality":"감이동","address":"하남시 감이동 461","owner_type":"시·군유지","owner_label":"하남시","manager":"","property_class":"","land_category":"도로","area_sqm":8210.2,"area_band":"5,000㎡ 이상","interest_category":"도로","solar_candidate":"검토필요","candidate_reason":"도로점용 및 실제 이용형태 추가 검토 필요; 면적 8,210㎡","priority_score":40,"source":"경기부동산포털 국공유지조회·연속지적도","source_date":"2026-08-11","installed_solar_match":false}},{"type":"Feature","id":"4145010400200020022","geometry":{"type":"Point","coordinates":[127.2449746,37.5394601]},"properties":{"pnu":"4145010400200020022","municipality_code":"41450","municipality":"하남시","district":"하남시","locality":"배알미동","address":"하남시 배알미동 산2-22","owner_type":"시·군유지","owner_label":"하남시","manager":"","property_class":"","land_category":"도로","area_sqm":8087.0,"area_band":"5,000㎡ 이상","interest_category":"도로","solar_candidate":"검토필요","candidate_reason":"도로점용 및 실제 이용형태 추가 검토 필요; 면적 8,087㎡","priority_score":40,"source":"경기부동산포털 국공유지조회·연속지적도","source_date":"2026-08-11","installed_solar_match":false}},{"type":"Feature","id":"4145011000106050000","geometry":{"type":"Point","coordinates":[127.1931135,37.5504871]},"properties":{"pnu":"4145011000106050000","municipality_code":"41450","municipality":"하남시","district":"하남시","locality":"풍산동","address":"하남시 풍산동 605","owner_type":"시·군유지","owner_label":"하남시","manager":"","property_class":"","land_category":"도로","area_sqm":7960.4,"area_band":"5,000㎡ 이상","interest_category":"도로","solar_candidate":"검토필요","candidate_reason":"도로점용 및 실제 이용형태 추가 검토 필요; 면적 7,960㎡","priority_score":40,"source":"경기부동산포털 국공유지조회·연속지적도","source_date":"2026-08-11","installed_solar_match":false}},{"type":"Feature","id":"4145010600105580002","geometry":{"type":"Point","coordinates":[127.2158649,37.5367473]},"properties":{"pnu":"4145010600105580002","municipality_code":"41450","municipality":"하남시","district":"하남시","locality":"신장동","address":"하남시 신장동 558-2","owner_type":"시·군유지","owner_label":"하남시","manager":"","property_class":"","land_category":"도로","area_sqm":7889.3,"area_band":"5,000㎡ 이상","interest_category":"도로","solar_candidate":"검토필요","candidate_reason":"도로점용 및 실제 이용형태 추가 검토 필요; 면적 7,889㎡","priority_score":40,"source":"경기부동산포털 국공유지조회·연속지적도","source_date":"2026-08-11","installed_solar_match":false}},{"type":"Feature","id":"4145010300105360000","geometry":{"type":"Point","coordinates":[127.2297108,37.5374076]},"properties":{"pnu":"4145010300105360000","municipality_code":"41450","municipality":"하남시","district":"하남시","locality":"창우동","address":"하남시 창우동 536","owner_type":"시·군유지","owner_label":"하남시","manager":"","property_class":"","land_category":"도로","area_sqm":7884.3,"area_band":"5,000㎡ 이상","interest_category":"도로","solar_candidate":"검토필요","candidate_reason":"도로점용 및 실제 이용형태 추가 검토 필요; 면적 7,884㎡","priority_score":40,"source":"경기부동산포털 국공유지조회·연속지적도","source_date":"2026-08-11","installed_solar_match":false}},{"type":"Feature","id":"4145010900109650000","geometry":{"type":"Point","coordinates":[127.1854673,37.5699488]},"properties":{"pnu":"4145010900109650000","municipality_code":"41450","municipality":"하남시","district":"하남시","locality":"망월동","address":"하남시 망월동 965","owner_type":"시·군유지","owner_label":"하남시","manager":"","property_class":"","land_category":"도로","area_sqm":7785.3,"area_band":"5,000㎡ 이상","interest_category":"도로","solar_candidate":"검토필요","candidate_reason":"도로점용 및 실제 이용형태 추가 검토 필요; 면적 7,785㎡","priority_score":40,"source":"경기부동산포털 국공유지조회·연속지적도","source_date":"2026-08-11","installed_solar_match":false}},{"type":"Feature","id":"4145011300103710020","geometry":{"type":"Point","coordinates":[127.1572626,37.5154202]},"properties":{"pnu":"4145011300103710020","municipality_code":"41450","municipality":"하남시","district":"하남시","locality":"감북동","address":"하남시 감북동 371-20","owner_type":"시·군유지","owner_label":"하남시","manager":"","property_class":"","land_category":"도로","area_sqm":7748.0,"area_band":"5,000㎡ 이상","interest_category":"도로","solar_candidate":"검토필요","candidate_reason":"도로점용 및 실제 이용형태 추가 검토 필요; 면적 7,748㎡","priority_score":40,"source":"경기부동산포털 국공유지조회·연속지적도","source_date":"2026-08-11","installed_solar_match":false}},{"type":"Feature","id":"4145010800108200000","geometry":{"type":"Point","coordinates":[127.2089485,37.54764]},"properties":{"pnu":"4145010800108200000","municipality_code":"41450","municipality":"하남시","district":"하남시","locality":"덕풍동","address":"하남시 덕풍동 820","owner_type":"시·군유지","owner_label":"하남시","manager":"","property_class":"","land_category":"도로","area_sqm":7568.7,"area_band":"5,000㎡ 이상","interest_category":"도로","solar_candidate":"검토필요","candidate_reason":"도로점용 및 실제 이용형태 추가 검토 필요; 면적 7,569㎡","priority_score":40,"source":"경기부동산포털 국공유지조회·연속지적도","source_date":"2026-08-11","installed_solar_match":false}},{"type":"Feature","id":"4145011000106080000","geometry":{"type":"Point","coordinates":[127.1944478,37.5504237]},"properties":{"pnu":"4145011000106080000","municipality_code":"41450","municipality":"하남시","district":"하남시","locality":"풍산동","address":"하남시 풍산동 608","owner_type":"시·군유지","owner_label":"하남시","manager":"","property_class":"","land_category":"도로","area_sqm":7548.1,"area_band":"5,000㎡ 이상","interest_category":"도로","solar_candidate":"검토필요","candidate_reason":"도로점용 및 실제 이용형태 추가 검토 필요; 면적 7,548㎡","priority_score":40,"source":"경기부동산포털 국공유지조회·연속지적도","source_date":"2026-08-11","installed_solar_match":false}},{"type":"Feature","id":"4145011600106760004","geometry":{"type":"Point","coordinates":[127.1517395,37.4768691]},"properties":{"pnu":"4145011600106760004","municipality_code":"41450","municipality":"하남시","district":"하남시","locality":"학암동","address":"하남시 학암동 676-4","owner_type":"시·군유지","owner_label":"하남시","manager":"","property_class":"","land_category":"도로","area_sqm":7409.8,"area_band":"5,000㎡ 이상","interest_category":"도로","solar_candidate":"검토필요","candidate_reason":"도로점용 및 실제 이용형태 추가 검토 필요; 면적 7,410㎡","priority_score":40,"source":"경기부동산포털 국공유지조회·연속지적도","source_date":"2026-08-11","installed_solar_match":false}},{"type":"Feature","id":"4145012300101610048","geometry":{"type":"Point","coordinates":[127.1727442,37.543911]},"properties":{"pnu":"4145012300101610048","municipality_code":"41450","municipality":"하남시","district":"하남시","locality":"초이동","address":"하남시 초이동 161-48","owner_type":"시·군유지","owner_label":"하남시","manager":"","property_class":"","land_category":"도로","area_sqm":7398.0,"area_band":"5,000㎡ 이상","interest_category":"도로","solar_candidate":"검토필요","candidate_reason":"도로점용 및 실제 이용형태 추가 검토 필요; 면적 7,398㎡","priority_score":40,"source":"경기부동산포털 국공유지조회·연속지적도","source_date":"2026-08-11","installed_solar_match":false}},{"type":"Feature","id":"4145010900110780000","geometry":{"type":"Point","coordinates":[127.1891883,37.5654552]},"properties":{"pnu":"4145010900110780000","municipality_code":"41450","municipality":"하남시","district":"하남시","locality":"망월동","address":"하남시 망월동 1078","owner_type":"시·군유지","owner_label":"하남시","manager":"","property_class":"","land_category":"도로","area_sqm":7152.4,"area_band":"5,000㎡ 이상","interest_category":"도로","solar_candidate":"검토필요","candidate_reason":"도로점용 및 실제 이용형태 추가 검토 필요; 면적 7,152㎡","priority_score":40,"source":"경기부동산포털 국공유지조회·연속지적도","source_date":"2026-08-11","installed_solar_match":false}},{"type":"Feature","id":"4145010600105900000","geometry":{"type":"Point","coordinates":[127.2123927,37.5447471]},"properties":{"pnu":"4145010600105900000","municipality_code":"41450","municipality":"하남시","district":"하남시","locality":"신장동","address":"하남시 신장동 590","owner_type":"시·군유지","owner_label":"하남시","manager":"","property_class":"","land_category":"도로","area_sqm":7116.4,"area_band":"5,000㎡ 이상","interest_category":"도로","solar_candidate":"검토필요","candidate_reason":"도로점용 및 실제 이용형태 추가 검토 필요; 면적 7,116㎡","priority_score":40,"source":"경기부동산포털 국공유지조회·연속지적도","source_date":"2026-08-11","installed_solar_match":false}},{"type":"Feature","id":"4145010800109110000","geometry":{"type":"Point","coordinates":[127.2052387,37.555775]},"properties":{"pnu":"4145010800109110000","municipality_code":"41450","municipality":"하남시","district":"하남시","locality":"덕풍동","address":"하남시 덕풍동 911","owner_type":"시·군유지","owner_label":"하남시","manager":"","property_class":"","land_category":"도로","area_sqm":7111.6,"area_band":"5,000㎡ 이상","interest_category":"도로","solar_candidate":"검토필요","candidate_reason":"도로점용 및 실제 이용형태 추가 검토 필요; 면적 7,112㎡","priority_score":40,"source":"경기부동산포털 국공유지조회·연속지적도","source_date":"2026-08-11","installed_solar_match":false}},{"type":"Feature","id":"4145011500104890000","geometry":{"type":"Point","coordinates":[127.164497,37.5036245]},"properties":{"pnu":"4145011500104890000","municipality_code":"41450","municipality":"하남시","district":"하남시","locality":"감이동","address":"하남시 감이동 489","owner_type":"시·군유지","owner_label":"하남시","manager":"","property_class":"","land_category":"도로","area_sqm":7069.9,"area_band":"5,000㎡ 이상","interest_category":"도로","solar_candidate":"검토필요","candidate_reason":"도로점용 및 실제 이용형태 추가 검토 필요; 면적 7,070㎡","priority_score":40,"source":"경기부동산포털 국공유지조회·연속지적도","source_date":"2026-08-11","installed_solar_match":false}},{"type":"Feature","id":"4145012400101290006","geometry":{"type":"Point","coordinates":[127.1753501,37.5243091]},"properties":{"pnu":"4145012400101290006","municipality_code":"41450","municipality":"하남시","district":"하남시","locality":"광암동","address":"하남시 광암동 129-6","owner_type":"시·군유지","owner_label":"하남시","manager":"","property_class":"","land_category":"도로","area_sqm":6967.0,"area_band":"5,000㎡ 이상","interest_category":"도로","solar_candidate":"검토필요","candidate_reason":"도로점용 및 실제 이용형태 추가 검토 필요; 면적 6,967㎡","priority_score":40,"source":"경기부동산포털 국공유지조회·연속지적도","source_date":"2026-08-11","installed_solar_match":false}},{"type":"Feature","id":"4145010800200640004","geometry":{"type":"Point","coordinates":[127.1941011,37.5385503]},"properties":{"pnu":"4145010800200640004","municipality_code":"41450","municipality":"하남시","district":"하남시","locality":"덕풍동","address":"하남시 덕풍동 산64-4","owner_type":"시·군유지","owner_label":"하남시","manager":"","property_class":"","land_category":"도로","area_sqm":6879.0,"area_band":"5,000㎡ 이상","interest_category":"도로","solar_candidate":"검토필요","candidate_reason":"도로점용 및 실제 이용형태 추가 검토 필요; 면적 6,879㎡","priority_score":40,"source":"경기부동산포털 국공유지조회·연속지적도","source_date":"2026-08-11","installed_solar_match":false}},{"type":"Feature","id":"4145012300102510008","geometry":{"type":"Point","coordinates":[127.1711122,37.5387041]},"properties":{"pnu":"4145012300102510008","municipality_code":"41450","municipality":"하남시","district":"하남시","locality":"초이동","address":"하남시 초이동 251-8","owner_type":"시·군유지","owner_label":"하남시","manager":"","property_class":"","land_category":"도로","area_sqm":6686.0,"area_band":"5,000㎡ 이상","interest_category":"도로","solar_candidate":"검토필요","candidate_reason":"도로점용 및 실제 이용형태 추가 검토 필요; 면적 6,686㎡","priority_score":40,"source":"경기부동산포털 국공유지조회·연속지적도","source_date":"2026-08-11","installed_solar_match":false}},{"type":"Feature","id":"4145012400101410007","geometry":{"type":"Point","coordinates":[127.1756388,37.522405]},"properties":{"pnu":"4145012400101410007","municipality_code":"41450","municipality":"하남시","district":"하남시","locality":"광암동","address":"하남시 광암동 141-7","owner_type":"시·군유지","owner_label":"하남시","manager":"","property_class":"","land_category":"도로","area_sqm":6591.0,"area_band":"5,000㎡ 이상","interest_category":"도로","solar_candidate":"검토필요","candidate_reason":"도로점용 및 실제 이용형태 추가 검토 필요; 면적 6,591㎡","priority_score":40,"source":"경기부동산포털 국공유지조회·연속지적도","source_date":"2026-08-11","installed_solar_match":false}},{"type":"Feature","id":"4145011000200200002","geometry":{"type":"Point","coordinates":[127.1961603,37.5471448]},"properties":{"pnu":"4145011000200200002","municipality_code":"41450","municipality":"하남시","district":"하남시","locality":"풍산동","address":"하남시 풍산동 산20-2","owner_type":"시·군유지","owner_label":"하남시","manager":"","property_class":"","land_category":"도로","area_sqm":6474.0,"area_band":"5,000㎡ 이상","interest_category":"도로","solar_candidate":"검토필요","candidate_reason":"도로점용 및 실제 이용형태 추가 검토 필요; 면적 6,474㎡","priority_score":40,"source":"경기부동산포털 국공유지조회·연속지적도","source_date":"2026-08-11","installed_solar_match":false}},{"type":"Feature","id":"4145010200103230000","geometry":{"type":"Point","coordinates":[127.2270387,37.5091433]},"properties":{"pnu":"4145010200103230000","municipality_code":"41450","municipality":"하남시","district":"하남시","locality":"하산곡동","address":"하남시 하산곡동 323","owner_type":"시·군유지","owner_label":"하남시","manager":"","property_class":"","land_category":"도로","area_sqm":6398.0,"area_band":"5,000㎡ 이상","interest_category":"도로","solar_candidate":"검토필요","candidate_reason":"도로점용 및 실제 이용형태 추가 검토 필요; 면적 6,398㎡","priority_score":40,"source":"경기부동산포털 국공유지조회·연속지적도","source_date":"2026-08-11","installed_solar_match":false}},{"type":"Feature","id":"4145010900108420000","geometry":{"type":"Point","coordinates":[127.1902862,37.5749836]},"properties":{"pnu":"4145010900108420000","municipality_code":"41450","municipality":"하남시","district":"하남시","locality":"망월동","address":"하남시 망월동 842","owner_type":"시·군유지","owner_label":"하남시","manager":"","property_class":"","land_category":"도로","area_sqm":6378.9,"area_band":"5,000㎡ 이상","interest_category":"도로","solar_candidate":"검토필요","candidate_reason":"도로점용 및 실제 이용형태 추가 검토 필요; 면적 6,379㎡","priority_score":40,"source":"경기부동산포털 국공유지조회·연속지적도","source_date":"2026-08-11","installed_solar_match":false}},{"type":"Feature","id":"4145010800107270004","geometry":{"type":"Point","coordinates":[127.2092038,37.5515345]},"properties":{"pnu":"4145010800107270004","municipality_code":"41450","municipality":"하남시","district":"하남시","locality":"덕풍동","address":"하남시 덕풍동 727-4","owner_type":"시·군유지","owner_label":"하남시","manager":"","property_class":"","land_category":"도로","area_sqm":6252.6,"area_band":"5,000㎡ 이상","interest_category":"도로","solar_candidate":"검토필요","candidate_reason":"도로점용 및 실제 이용형태 추가 검토 필요; 면적 6,253㎡","priority_score":40,"source":"경기부동산포털 국공유지조회·연속지적도","source_date":"2026-08-11","installed_solar_match":false}},{"type":"Feature","id":"4145010600105710000","geometry":{"type":"Point","coordinates":[127.207756,37.5436453]},"properties":{"pnu":"4145010600105710000","municipality_code":"41450","municipality":"하남시","district":"하남시","locality":"신장동","address":"하남시 신장동 571","owner_type":"시·군유지","owner_label":"하남시","manager":"","property_class":"","land_category":"도로","area_sqm":6040.1,"area_band":"5,000㎡ 이상","interest_category":"도로","solar_candidate":"검토필요","candidate_reason":"도로점용 및 실제 이용형태 추가 검토 필요; 면적 6,040㎡","priority_score":40,"source":"경기부동산포털 국공유지조회·연속지적도","source_date":"2026-08-11","installed_solar_match":false}},{"type":"Feature","id":"4145010900111870000","geometry":{"type":"Point","coordinates":[127.2008488,37.5584962]},"properties":{"pnu":"4145010900111870000","municipality_code":"41450","municipality":"하남시","district":"하남시","locality":"망월동","address":"하남시 망월동 1187","owner_type":"시·군유지","owner_label":"하남시","manager":"","property_class":"","land_category":"도로","area_sqm":6029.5,"area_band":"5,000㎡ 이상","interest_category":"도로","solar_candidate":"검토필요","candidate_reason":"도로점용 및 실제 이용형태 추가 검토 필요; 면적 6,030㎡","priority_score":40,"source":"경기부동산포털 국공유지조회·연속지적도","source_date":"2026-08-11","installed_solar_match":false}},{"type":"Feature","id":"4145011400105250000","geometry":{"type":"Point","coordinates":[127.1607885,37.5119194]},"properties":{"pnu":"4145011400105250000","municipality_code":"41450","municipality":"하남시","district":"하남시","locality":"감일동","address":"하남시 감일동 525","owner_type":"시·군유지","owner_label":"하남시","manager":"","property_class":"","land_category":"도로","area_sqm":6009.2,"area_band":"5,000㎡ 이상","interest_category":"도로","solar_candidate":"검토필요","candidate_reason":"도로점용 및 실제 이용형태 추가 검토 필요; 면적 6,009㎡","priority_score":40,"source":"경기부동산포털 국공유지조회·연속지적도","source_date":"2026-08-11","installed_solar_match":false}},{"type":"Feature","id":"4145010400200020013","geometry":{"type":"Point","coordinates":[127.2408743,37.5413051]},"properties":{"pnu":"4145010400200020013","municipality_code":"41450","municipality":"하남시","district":"하남시","locality":"배알미동","address":"하남시 배알미동 산2-13","owner_type":"시·군유지","owner_label":"하남시","manager":"","property_class":"","land_category":"도로","area_sqm":5941.0,"area_band":"5,000㎡ 이상","interest_category":"도로","solar_candidate":"검토필요","candidate_reason":"도로점용 및 실제 이용형태 추가 검토 필요; 면적 5,941㎡","priority_score":40,"source":"경기부동산포털 국공유지조회·연속지적도","source_date":"2026-08-11","installed_solar_match":false}},{"type":"Feature","id":"4145010800100700002","geometry":{"type":"Point","coordinates":[127.2072472,37.5572931]},"properties":{"pnu":"4145010800100700002","municipality_code":"41450","municipality":"하남시","district":"하남시","locality":"덕풍동","address":"하남시 덕풍동 70-2","owner_type":"시·군유지","owner_label":"하남시","manager":"","property_class":"","land_category":"도로","area_sqm":5887.0,"area_band":"5,000㎡ 이상","interest_category":"도로","solar_candidate":"검토필요","candidate_reason":"도로점용 및 실제 이용형태 추가 검토 필요; 면적 5,887㎡","priority_score":40,"source":"경기부동산포털 국공유지조회·연속지적도","source_date":"2026-08-11","installed_solar_match":false}},{"type":"Feature","id":"4145010100105190002","geometry":{"type":"Point","coordinates":[127.2215775,37.5244857]},"properties":{"pnu":"4145010100105190002","municipality_code":"41450","municipality":"하남시","district":"하남시","locality":"천현동","address":"하남시 천현동 519-2","owner_type":"시·군유지","owner_label":"하남시","manager":"","property_class":"","land_category":"도로","area_sqm":5861.0,"area_band":"5,000㎡ 이상","interest_category":"도로","solar_candidate":"검토필요","candidate_reason":"도로점용 및 실제 이용형태 추가 검토 필요; 면적 5,861㎡","priority_score":40,"source":"경기부동산포털 국공유지조회·연속지적도","source_date":"2026-08-11","installed_solar_match":false}},{"type":"Feature","id":"4145011300103620000","geometry":{"type":"Point","coordinates":[127.1580562,37.5170438]},"properties":{"pnu":"4145011300103620000","municipality_code":"41450","municipality":"하남시","district":"하남시","locality":"감북동","address":"하남시 감북동 362","owner_type":"시·군유지","owner_label":"하남시","manager":"","property_class":"","land_category":"도로","area_sqm":5846.0,"area_band":"5,000㎡ 이상","interest_category":"도로","solar_candidate":"검토필요","candidate_reason":"도로점용 및 실제 이용형태 추가 검토 필요; 면적 5,846㎡","priority_score":40,"source":"경기부동산포털 국공유지조회·연속지적도","source_date":"2026-08-11","installed_solar_match":false}},{"type":"Feature","id":"4145010300103360010","geometry":{"type":"Point","coordinates":[127.2237638,37.5294398]},"properties":{"pnu":"4145010300103360010","municipality_code":"41450","municipality":"하남시","district":"하남시","locality":"창우동","address":"하남시 창우동 336-10","owner_type":"시·군유지","owner_label":"하남시","manager":"","property_class":"","land_category":"도로","area_sqm":5841.0,"area_band":"5,000㎡ 이상","interest_category":"도로","solar_candidate":"검토필요","candidate_reason":"도로점용 및 실제 이용형태 추가 검토 필요; 면적 5,841㎡","priority_score":40,"source":"경기부동산포털 국공유지조회·연속지적도","source_date":"2026-08-11","installed_solar_match":false}},{"type":"Feature","id":"4145010800100020001","geometry":{"type":"Point","coordinates":[127.2050491,37.5592229]},"properties":{"pnu":"4145010800100020001","municipality_code":"41450","municipality":"하남시","district":"하남시","locality":"덕풍동","address":"하남시 덕풍동 2-1","owner_type":"시·군유지","owner_label":"하남시","manager":"","property_class":"","land_category":"도로","area_sqm":5816.0,"area_band":"5,000㎡ 이상","interest_category":"도로","solar_candidate":"검토필요","candidate_reason":"도로점용 및 실제 이용형태 추가 검토 필요; 면적 5,816㎡","priority_score":40,"source":"경기부동산포털 국공유지조회·연속지적도","source_date":"2026-08-11","installed_solar_match":false}},{"type":"Feature","id":"4145010200104000001","geometry":{"type":"Point","coordinates":[127.2288337,37.5063277]},"properties":{"pnu":"4145010200104000001","municipality_code":"41450","municipality":"하남시","district":"하남시","locality":"하산곡동","address":"하남시 하산곡동 400-1","owner_type":"시·군유지","owner_label":"하남시","manager":"","property_class":"","land_category":"도로","area_sqm":5745.0,"area_band":"5,000㎡ 이상","interest_category":"도로","solar_candidate":"검토필요","candidate_reason":"도로점용 및 실제 이용형태 추가 검토 필요; 면적 5,745㎡","priority_score":40,"source":"경기부동산포털 국공유지조회·연속지적도","source_date":"2026-08-11","installed_solar_match":false}},{"type":"Feature","id":"4145011000105550000","geometry":{"type":"Point","coordinates":[127.1921946,37.5602993]},"properties":{"pnu":"4145011000105550000","municipality_code":"41450","municipality":"하남시","district":"하남시","locality":"풍산동","address":"하남시 풍산동 555","owner_type":"시·군유지","owner_label":"하남시","manager":"","property_class":"","land_category":"도로","area_sqm":5737.5,"area_band":"5,000㎡ 이상","interest_category":"도로","solar_candidate":"검토필요","candidate_reason":"도로점용 및 실제 이용형태 추가 검토 필요; 면적 5,738㎡","priority_score":40,"source":"경기부동산포털 국공유지조회·연속지적도","source_date":"2026-08-11","installed_solar_match":false}},{"type":"Feature","id":"4145011500105280000","geometry":{"type":"Point","coordinates":[127.1609192,37.5041366]},"properties":{"pnu":"4145011500105280000","municipality_code":"41450","municipality":"하남시","district":"하남시","locality":"감이동","address":"하남시 감이동 528","owner_type":"시·군유지","owner_label":"하남시","manager":"","property_class":"","land_category":"도로","area_sqm":5633.0,"area_band":"5,000㎡ 이상","interest_category":"도로","solar_candidate":"검토필요","candidate_reason":"도로점용 및 실제 이용형태 추가 검토 필요; 면적 5,633㎡","priority_score":40,"source":"경기부동산포털 국공유지조회·연속지적도","source_date":"2026-08-11","installed_solar_match":false}},{"type":"Feature","id":"4145011000104910000","geometry":{"type":"Point","coordinates":[127.1839716,37.5517861]},"properties":{"pnu":"4145011000104910000","municipality_code":"41450","municipality":"하남시","district":"하남시","locality":"풍산동","address":"하남시 풍산동 491","owner_type":"시·군유지","owner_label":"하남시","manager":"","property_class":"","land_category":"도로","area_sqm":5631.6,"area_band":"5,000㎡ 이상","interest_category":"도로","solar_candidate":"검토필요","candidate_reason":"도로점용 및 실제 이용형태 추가 검토 필요; 면적 5,632㎡","priority_score":40,"source":"경기부동산포털 국공유지조회·연속지적도","source_date":"2026-08-11","installed_solar_match":false}},{"type":"Feature","id":"4145012400104210004","geometry":{"type":"Point","coordinates":[127.1718236,37.5253294]},"properties":{"pnu":"4145012400104210004","municipality_code":"41450","municipality":"하남시","district":"하남시","locality":"광암동","address":"하남시 광암동 421-4","owner_type":"시·군유지","owner_label":"하남시","manager":"","property_class":"","land_category":"도로","area_sqm":5607.5,"area_band":"5,000㎡ 이상","interest_category":"도로","solar_candidate":"검토필요","candidate_reason":"도로점용 및 실제 이용형태 추가 검토 필요; 면적 5,608㎡","priority_score":40,"source":"경기부동산포털 국공유지조회·연속지적도","source_date":"2026-08-11","installed_solar_match":false}},{"type":"Feature","id":"4145011200104310000","geometry":{"type":"Point","coordinates":[127.1847847,37.5725499]},"properties":{"pnu":"4145011200104310000","municipality_code":"41450","municipality":"하남시","district":"하남시","locality":"선동","address":"하남시 선동 431","owner_type":"시·군유지","owner_label":"하남시","manager":"","property_class":"","land_category":"도로","area_sqm":5573.3,"area_band":"5,000㎡ 이상","interest_category":"도로","solar_candidate":"검토필요","candidate_reason":"도로점용 및 실제 이용형태 추가 검토 필요; 면적 5,573㎡","priority_score":40,"source":"경기부동산포털 국공유지조회·연속지적도","source_date":"2026-08-11","installed_solar_match":false}},{"type":"Feature","id":"4145010600105520001","geometry":{"type":"Point","coordinates":[127.2190955,37.5386452]},"properties":{"pnu":"4145010600105520001","municipality_code":"41450","municipality":"하남시","district":"하남시","locality":"신장동","address":"하남시 신장동 552-1","owner_type":"시·군유지","owner_label":"하남시","manager":"","property_class":"","land_category":"도로","area_sqm":5558.4,"area_band":"5,000㎡ 이상","interest_category":"도로","solar_candidate":"검토필요","candidate_reason":"도로점용 및 실제 이용형태 추가 검토 필요; 면적 5,558㎡","priority_score":40,"source":"경기부동산포털 국공유지조회·연속지적도","source_date":"2026-08-11","installed_solar_match":false}},{"type":"Feature","id":"4145010900110290000","geometry":{"type":"Point","coordinates":[127.1804304,37.5713317]},"properties":{"pnu":"4145010900110290000","municipality_code":"41450","municipality":"하남시","district":"하남시","locality":"망월동","address":"하남시 망월동 1029","owner_type":"시·군유지","owner_label":"하남시","manager":"","property_class":"","land_category":"도로","area_sqm":5461.3,"area_band":"5,000㎡ 이상","interest_category":"도로","solar_candidate":"검토필요","candidate_reason":"도로점용 및 실제 이용형태 추가 검토 필요; 면적 5,461㎡","priority_score":40,"source":"경기부동산포털 국공유지조회·연속지적도","source_date":"2026-08-11","installed_solar_match":false}},{"type":"Feature","id":"4145010100103160001","geometry":{"type":"Point","coordinates":[127.199326,37.527863]},"properties":{"pnu":"4145010100103160001","municipality_code":"41450","municipality":"하남시","district":"하남시","locality":"천현동","address":"하남시 천현동 316-1","owner_type":"시·군유지","owner_label":"하남시","manager":"","property_class":"","land_category":"도로","area_sqm":5406.0,"area_band":"5,000㎡ 이상","interest_category":"도로","solar_candidate":"검토필요","candidate_reason":"도로점용 및 실제 이용형태 추가 검토 필요; 면적 5,406㎡","priority_score":40,"source":"경기부동산포털 국공유지조회·연속지적도","source_date":"2026-08-11","installed_solar_match":false}},{"type":"Feature","id":"4145011200104500000","geometry":{"type":"Point","coordinates":[127.1803709,37.5714581]},"properties":{"pnu":"4145011200104500000","municipality_code":"41450","municipality":"하남시","district":"하남시","locality":"선동","address":"하남시 선동 450","owner_type":"시·군유지","owner_label":"하남시","manager":"","property_class":"","land_category":"도로","area_sqm":5399.0,"area_band":"5,000㎡ 이상","interest_category":"도로","solar_candidate":"검토필요","candidate_reason":"도로점용 및 실제 이용형태 추가 검토 필요; 면적 5,399㎡","priority_score":40,"source":"경기부동산포털 국공유지조회·연속지적도","source_date":"2026-08-11","installed_solar_match":false}},{"type":"Feature","id":"4145010900109430001","geometry":{"type":"Point","coordinates":[127.1959922,37.5690215]},"properties":{"pnu":"4145010900109430001","municipality_code":"41450","municipality":"하남시","district":"하남시","locality":"망월동","address":"하남시 망월동 943-1","owner_type":"시·군유지","owner_label":"하남시","manager":"","property_class":"","land_category":"도로","area_sqm":5352.4,"area_band":"5,000㎡ 이상","interest_category":"도로","solar_candidate":"검토필요","candidate_reason":"도로점용 및 실제 이용형태 추가 검토 필요; 면적 5,352㎡","priority_score":40,"source":"경기부동산포털 국공유지조회·연속지적도","source_date":"2026-08-11","installed_solar_match":false}},{"type":"Feature","id":"4145010800100150002","geometry":{"type":"Point","coordinates":[127.2097524,37.5553925]},"properties":{"pnu":"4145010800100150002","municipality_code":"41450","municipality":"하남시","district":"하남시","locality":"덕풍동","address":"하남시 덕풍동 15-2","owner_type":"시·군유지","owner_label":"하남시","manager":"","property_class":"","land_category":"도로","area_sqm":5292.0,"area_band":"5,000㎡ 이상","interest_category":"도로","solar_candidate":"검토필요","candidate_reason":"도로점용 및 실제 이용형태 추가 검토 필요; 면적 5,292㎡","priority_score":40,"source":"경기부동산포털 국공유지조회·연속지적도","source_date":"2026-08-11","installed_solar_match":false}},{"type":"Feature","id":"4145010900110130000","geometry":{"type":"Point","coordinates":[127.1825148,37.5697771]},"properties":{"pnu":"4145010900110130000","municipality_code":"41450","municipality":"하남시","district":"하남시","locality":"망월동","address":"하남시 망월동 1013","owner_type":"시·군유지","owner_label":"하남시","manager":"","property_class":"","land_category":"도로","area_sqm":5279.6,"area_band":"5,000㎡ 이상","interest_category":"도로","solar_candidate":"검토필요","candidate_reason":"도로점용 및 실제 이용형태 추가 검토 필요; 면적 5,280㎡","priority_score":40,"source":"경기부동산포털 국공유지조회·연속지적도","source_date":"2026-08-11","installed_solar_match":false}},{"type":"Feature","id":"4145012300103000001","geometry":{"type":"Point","coordinates":[127.1749894,37.5349413]},"properties":{"pnu":"4145012300103000001","municipality_code":"41450","municipality":"하남시","district":"하남시","locality":"초이동","address":"하남시 초이동 300-1","owner_type":"시·군유지","owner_label":"하남시","manager":"","property_class":"","land_category":"도로","area_sqm":5273.8,"area_band":"5,000㎡ 이상","interest_category":"도로","solar_candidate":"검토필요","candidate_reason":"도로점용 및 실제 이용형태 추가 검토 필요; 면적 5,274㎡","priority_score":40,"source":"경기부동산포털 국공유지조회·연속지적도","source_date":"2026-08-11","installed_solar_match":false}},{"type":"Feature","id":"4145010600105580000","geometry":{"type":"Point","coordinates":[127.214236,37.5362636]},"properties":{"pnu":"4145010600105580000","municipality_code":"41450","municipality":"하남시","district":"하남시","locality":"신장동","address":"하남시 신장동 558","owner_type":"시·군유지","owner_label":"하남시","manager":"","property_class":"","land_category":"도로","area_sqm":5267.3,"area_band":"5,000㎡ 이상","interest_category":"도로","solar_candidate":"검토필요","candidate_reason":"도로점용 및 실제 이용형태 추가 검토 필요; 면적 5,267㎡","priority_score":40,"source":"경기부동산포털 국공유지조회·연속지적도","source_date":"2026-08-11","installed_solar_match":false}},{"type":"Feature","id":"4145010900111180000","geometry":{"type":"Point","coordinates":[127.1914476,37.5609426]},"properties":{"pnu":"4145010900111180000","municipality_code":"41450","municipality":"하남시","district":"하남시","locality":"망월동","address":"하남시 망월동 1118","owner_type":"시·군유지","owner_label":"하남시","manager":"","property_class":"","land_category":"도로","area_sqm":5213.6,"area_band":"5,000㎡ 이상","interest_category":"도로","solar_candidate":"검토필요","candidate_reason":"도로점용 및 실제 이용형태 추가 검토 필요; 면적 5,214㎡","priority_score":40,"source":"경기부동산포털 국공유지조회·연속지적도","source_date":"2026-08-11","installed_solar_match":true,"installed_solar_count":1,"installed_solar_area_sqm":41.4,"installed_solar_analysis_years":["2024"],"installed_solar_types":["기타"],"installed_solar_permit_status_counts":{"N":1}}},{"type":"Feature","id":"4145010600105200001","geometry":{"type":"Point","coordinates":[127.2139781,37.5397357]},"properties":{"pnu":"4145010600105200001","municipality_code":"41450","municipality":"하남시","district":"하남시","locality":"신장동","address":"하남시 신장동 520-1","owner_type":"시·군유지","owner_label":"하남시","manager":"","property_class":"","land_category":"도로","area_sqm":5183.4,"area_band":"5,000㎡ 이상","interest_category":"도로","solar_candidate":"검토필요","candidate_reason":"도로점용 및 실제 이용형태 추가 검토 필요; 면적 5,183㎡","priority_score":40,"source":"경기부동산포털 국공유지조회·연속지적도","source_date":"2026-08-11","installed_solar_match":false}},{"type":"Feature","id":"4145010300105250000","geometry":{"type":"Point","coordinates":[127.2226652,37.5400417]},"properties":{"pnu":"4145010300105250000","municipality_code":"41450","municipality":"하남시","district":"하남시","locality":"창우동","address":"하남시 창우동 525","owner_type":"시·군유지","owner_label":"하남시","manager":"","property_class":"","land_category":"도로","area_sqm":5172.8,"area_band":"5,000㎡ 이상","interest_category":"도로","solar_candidate":"검토필요","candidate_reason":"도로점용 및 실제 이용형태 추가 검토 필요; 면적 5,173㎡","priority_score":40,"source":"경기부동산포털 국공유지조회·연속지적도","source_date":"2026-08-11","installed_solar_match":false}},{"type":"Feature","id":"4145011500104420000","geometry":{"type":"Point","coordinates":[127.1559813,37.5100983]},"properties":{"pnu":"4145011500104420000","municipality_code":"41450","municipality":"하남시","district":"하남시","locality":"감이동","address":"하남시 감이동 442","owner_type":"시·군유지","owner_label":"하남시","manager":"","property_class":"","land_category":"도로","area_sqm":5114.3,"area_band":"5,000㎡ 이상","interest_category":"도로","solar_candidate":"검토필요","candidate_reason":"도로점용 및 실제 이용형태 추가 검토 필요; 면적 5,114㎡","priority_score":40,"source":"경기부동산포털 국공유지조회·연속지적도","source_date":"2026-08-11","installed_solar_match":false}},{"type":"Feature","id":"4145010400200010004","geometry":{"type":"Point","coordinates":[127.2420364,37.5411326]},"properties":{"pnu":"4145010400200010004","municipality_code":"41450","municipality":"하남시","district":"하남시","locality":"배알미동","address":"하남시 배알미동 산1-4","owner_type":"시·군유지","owner_label":"하남시","manager":"","property_class":"","land_category":"도로","area_sqm":5098.0,"area_band":"5,000㎡ 이상","interest_category":"도로","solar_candidate":"검토필요","candidate_reason":"도로점용 및 실제 이용형태 추가 검토 필요; 면적 5,098㎡","priority_score":40,"source":"경기부동산포털 국공유지조회·연속지적도","source_date":"2026-08-11","installed_solar_match":false}},{"type":"Feature","id":"4145010900111010000","geometry":{"type":"Point","coordinates":[127.191735,37.5628023]},"properties":{"pnu":"4145010900111010000","municipality_code":"41450","municipality":"하남시","district":"하남시","locality":"망월동","address":"하남시 망월동 1101","owner_type":"시·군유지","owner_label":"하남시","manager":"","property_class":"","land_category":"도로","area_sqm":5071.6,"area_band":"5,000㎡ 이상","interest_category":"도로","solar_candidate":"검토필요","candidate_reason":"도로점용 및 실제 이용형태 추가 검토 필요; 면적 5,072㎡","priority_score":40,"source":"경기부동산포털 국공유지조회·연속지적도","source_date":"2026-08-11","installed_solar_match":false}},{"type":"Feature","id":"4145010800103360059","geometry":{"type":"Point","coordinates":[127.1989964,37.5458313]},"properties":{"pnu":"4145010800103360059","municipality_code":"41450","municipality":"하남시","district":"하남시","locality":"덕풍동","address":"하남시 덕풍동 336-59","owner_type":"시·군유지","owner_label":"하남시","manager":"","property_class":"","land_category":"도로","area_sqm":5071.0,"area_band":"5,000㎡ 이상","interest_category":"도로","solar_candidate":"검토필요","candidate_reason":"도로점용 및 실제 이용형태 추가 검토 필요; 면적 5,071㎡","priority_score":40,"source":"경기부동산포털 국공유지조회·연속지적도","source_date":"2026-08-11","installed_solar_match":false}},{"type":"Feature","id":"4145010900110920000","geometry":{"type":"Point","coordinates":[127.1904534,37.565031]},"properties":{"pnu":"4145010900110920000","municipality_code":"41450","municipality":"하남시","district":"하남시","locality":"망월동","address":"하남시 망월동 1092","owner_type":"시·군유지","owner_label":"하남시","manager":"","property_class":"","land_category":"도로","area_sqm":5066.6,"area_band":"5,000㎡ 이상","interest_category":"도로","solar_candidate":"검토필요","candidate_reason":"도로점용 및 실제 이용형태 추가 검토 필요; 면적 5,067㎡","priority_score":40,"source":"경기부동산포털 국공유지조회·연속지적도","source_date":"2026-08-11","installed_solar_match":false}},{"type":"Feature","id":"4145010800107610000","geometry":{"type":"Point","coordinates":[127.1975301,37.5536989]},"properties":{"pnu":"4145010800107610000","municipality_code":"41450","municipality":"하남시","district":"하남시","locality":"덕풍동","address":"하남시 덕풍동 761","owner_type":"시·군유지","owner_label":"하남시","manager":"","property_class":"","land_category":"도로","area_sqm":5046.4,"area_band":"5,000㎡ 이상","interest_category":"도로","solar_candidate":"검토필요","candidate_reason":"도로점용 및 실제 이용형태 추가 검토 필요; 면적 5,046㎡","priority_score":40,"source":"경기부동산포털 국공유지조회·연속지적도","source_date":"2026-08-11","installed_solar_match":false}},{"type":"Feature","id":"4145010600105750000","geometry":{"type":"Point","coordinates":[127.2089719,37.5442707]},"properties":{"pnu":"4145010600105750000","municipality_code":"41450","municipality":"하남시","district":"하남시","locality":"신장동","address":"하남시 신장동 575","owner_type":"시·군유지","owner_label":"하남시","manager":"","property_class":"","land_category":"공원","area_sqm":4992.7,"area_band":"3,000~5,000㎡","interest_category":"공원","solar_candidate":"검토필요","candidate_reason":"도시공원 관련 법령 및 공원시설 기준 검토 필요; 면적 4,993㎡","priority_score":40,"source":"경기부동산포털 국공유지조회·연속지적도","source_date":"2026-08-11","installed_solar_match":false}},{"type":"Feature","id":"4145011200104350000","geometry":{"type":"Point","coordinates":[127.1832179,37.5748688]},"properties":{"pnu":"4145011200104350000","municipality_code":"41450","municipality":"하남시","district":"하남시","locality":"선동","address":"하남시 선동 435","owner_type":"시·군유지","owner_label":"하남시","manager":"","property_class":"","land_category":"공원","area_sqm":4805.6,"area_band":"3,000~5,000㎡","interest_category":"공원","solar_candidate":"검토필요","candidate_reason":"도시공원 관련 법령 및 공원시설 기준 검토 필요; 면적 4,806㎡","priority_score":40,"source":"경기부동산포털 국공유지조회·연속지적도","source_date":"2026-08-11","installed_solar_match":false}},{"type":"Feature","id":"4145011400105160000","geometry":{"type":"Point","coordinates":[127.1563043,37.5125567]},"properties":{"pnu":"4145011400105160000","municipality_code":"41450","municipality":"하남시","district":"하남시","locality":"감일동","address":"하남시 감일동 516","owner_type":"시·군유지","owner_label":"하남시","manager":"","property_class":"","land_category":"공원","area_sqm":4746.0,"area_band":"3,000~5,000㎡","interest_category":"공원","solar_candidate":"검토필요","candidate_reason":"도시공원 관련 법령 및 공원시설 기준 검토 필요; 면적 4,746㎡","priority_score":40,"source":"경기부동산포털 국공유지조회·연속지적도","source_date":"2026-08-11","installed_solar_match":false}},{"type":"Feature","id":"4145010300105310000","geometry":{"type":"Point","coordinates":[127.2269249,37.5367331]},"properties":{"pnu":"4145010300105310000","municipality_code":"41450","municipality":"하남시","district":"하남시","locality":"창우동","address":"하남시 창우동 531","owner_type":"시·군유지","owner_label":"하남시","manager":"","property_class":"","land_category":"공원","area_sqm":4703.5,"area_band":"3,000~5,000㎡","interest_category":"공원","solar_candidate":"검토필요","candidate_reason":"도시공원 관련 법령 및 공원시설 기준 검토 필요; 면적 4,704㎡","priority_score":40,"source":"경기부동산포털 국공유지조회·연속지적도","source_date":"2026-08-11","installed_solar_match":false}},{"type":"Feature","id":"4145010900110370000","geometry":{"type":"Point","coordinates":[127.180823,37.5668588]},"properties":{"pnu":"4145010900110370000","municipality_code":"41450","municipality":"하남시","district":"하남시","locality":"망월동","address":"하남시 망월동 1037","owner_type":"시·군유지","owner_label":"하남시","manager":"","property_class":"","land_category":"공원","area_sqm":4627.8,"area_band":"3,000~5,000㎡","interest_category":"공원","solar_candidate":"검토필요","candidate_reason":"도시공원 관련 법령 및 공원시설 기준 검토 필요; 면적 4,628㎡","priority_score":40,"source":"경기부동산포털 국공유지조회·연속지적도","source_date":"2026-08-11","installed_solar_match":false}},{"type":"Feature","id":"4145011000104820000","geometry":{"type":"Point","coordinates":[127.1871144,37.5569278]},"properties":{"pnu":"4145011000104820000","municipality_code":"41450","municipality":"하남시","district":"하남시","locality":"풍산동","address":"하남시 풍산동 482","owner_type":"시·군유지","owner_label":"하남시","manager":"","property_class":"","land_category":"공원","area_sqm":4589.0,"area_band":"3,000~5,000㎡","interest_category":"공원","solar_candidate":"검토필요","candidate_reason":"도시공원 관련 법령 및 공원시설 기준 검토 필요; 면적 4,589㎡","priority_score":40,"source":"경기부동산포털 국공유지조회·연속지적도","source_date":"2026-08-11","installed_solar_match":false}},{"type":"Feature","id":"4145011600106510001","geometry":{"type":"Point","coordinates":[127.1540803,37.487157]},"properties":{"pnu":"4145011600106510001","municipality_code":"41450","municipality":"하남시","district":"하남시","locality":"학암동","address":"하남시 학암동 651-1","owner_type":"시·군유지","owner_label":"하남시","manager":"","property_class":"","land_category":"공원","area_sqm":4507.0,"area_band":"3,000~5,000㎡","interest_category":"공원","solar_candidate":"검토필요","candidate_reason":"도시공원 관련 법령 및 공원시설 기준 검토 필요; 면적 4,507㎡","priority_score":40,"source":"경기부동산포털 국공유지조회·연속지적도","source_date":"2026-08-11","installed_solar_match":false}},{"type":"Feature","id":"4145010900111670000","geometry":{"type":"Point","coordinates":[127.1972762,37.5609475]},"properties":{"pnu":"4145010900111670000","municipality_code":"41450","municipality":"하남시","district":"하남시","locality":"망월동","address":"하남시 망월동 1167","owner_type":"시·군유지","owner_label":"하남시","manager":"","property_class":"","land_category":"공원","area_sqm":4453.3,"area_band":"3,000~5,000㎡","interest_category":"공원","solar_candidate":"검토필요","candidate_reason":"도시공원 관련 법령 및 공원시설 기준 검토 필요; 면적 4,453㎡","priority_score":40,"source":"경기부동산포털 국공유지조회·연속지적도","source_date":"2026-08-11","installed_solar_match":false}},{"type":"Feature","id":"4145011600106630001","geometry":{"type":"Point","coordinates":[127.1469481,37.475241]},"properties":{"pnu":"4145011600106630001","municipality_code":"41450","municipality":"하남시","district":"하남시","locality":"학암동","address":"하남시 학암동 663-1","owner_type":"시·군유지","owner_label":"하남시","manager":"","property_class":"","land_category":"공원","area_sqm":4426.2,"area_band":"3,000~5,000㎡","interest_category":"공원","solar_candidate":"검토필요","candidate_reason":"도시공원 관련 법령 및 공원시설 기준 검토 필요; 면적 4,426㎡","priority_score":40,"source":"경기부동산포털 국공유지조회·연속지적도","source_date":"2026-08-11","installed_solar_match":false}},{"type":"Feature","id":"4145010800107950000","geometry":{"type":"Point","coordinates":[127.2089309,37.5489916]},"properties":{"pnu":"4145010800107950000","municipality_code":"41450","municipality":"하남시","district":"하남시","locality":"덕풍동","address":"하남시 덕풍동 795","owner_type":"시·군유지","owner_label":"하남시","manager":"","property_class":"","land_category":"공원","area_sqm":4339.0,"area_band":"3,000~5,000㎡","interest_category":"공원","solar_candidate":"검토필요","candidate_reason":"도시공원 관련 법령 및 공원시설 기준 검토 필요; 면적 4,339㎡","priority_score":40,"source":"경기부동산포털 국공유지조회·연속지적도","source_date":"2026-08-11","installed_solar_match":false}},{"type":"Feature","id":"4145010900110400000","geometry":{"type":"Point","coordinates":[127.1807794,37.5663667]},"properties":{"pnu":"4145010900110400000","municipality_code":"41450","municipality":"하남시","district":"하남시","locality":"망월동","address":"하남시 망월동 1040","owner_type":"시·군유지","owner_label":"하남시","manager":"","property_class":"","land_category":"공원","area_sqm":4214.4,"area_band":"3,000~5,000㎡","interest_category":"공원","solar_candidate":"검토필요","candidate_reason":"도시공원 관련 법령 및 공원시설 기준 검토 필요; 면적 4,214㎡","priority_score":40,"source":"경기부동산포털 국공유지조회·연속지적도","source_date":"2026-08-11","installed_solar_match":false}},{"type":"Feature","id":"4145011600106520001","geometry":{"type":"Point","coordinates":[127.1507522,37.4852994]},"properties":{"pnu":"4145011600106520001","municipality_code":"41450","municipality":"하남시","district":"하남시","locality":"학암동","address":"하남시 학암동 652-1","owner_type":"시·군유지","owner_label":"하남시","manager":"","property_class":"","land_category":"공원","area_sqm":4204.1,"area_band":"3,000~5,000㎡","interest_category":"공원","solar_candidate":"검토필요","candidate_reason":"도시공원 관련 법령 및 공원시설 기준 검토 필요; 면적 4,204㎡","priority_score":40,"source":"경기부동산포털 국공유지조회·연속지적도","source_date":"2026-08-11","installed_solar_match":false}},{"type":"Feature","id":"4145011000105560000","geometry":{"type":"Point","coordinates":[127.1925193,37.5602087]},"properties":{"pnu":"4145011000105560000","municipality_code":"41450","municipality":"하남시","district":"하남시","locality":"풍산동","address":"하남시 풍산동 556","owner_type":"시·군유지","owner_label":"하남시","manager":"","property_class":"","land_category":"공원","area_sqm":4167.1,"area_band":"3,000~5,000㎡","interest_category":"공원","solar_candidate":"검토필요","candidate_reason":"도시공원 관련 법령 및 공원시설 기준 검토 필요; 면적 4,167㎡","priority_score":40,"source":"경기부동산포털 국공유지조회·연속지적도","source_date":"2026-08-11","installed_solar_match":false}},{"type":"Feature","id":"4145011000105690000","geometry":{"type":"Point","coordinates":[127.1942244,37.5544259]},"properties":{"pnu":"4145011000105690000","municipality_code":"41450","municipality":"하남시","district":"하남시","locality":"풍산동","address":"하남시 풍산동 569","owner_type":"시·군유지","owner_label":"하남시","manager":"","property_class":"","land_category":"공원","area_sqm":4003.0,"area_band":"3,000~5,000㎡","interest_category":"공원","solar_candidate":"검토필요","candidate_reason":"도시공원 관련 법령 및 공원시설 기준 검토 필요; 면적 4,003㎡","priority_score":40,"source":"경기부동산포털 국공유지조회·연속지적도","source_date":"2026-08-11","installed_solar_match":false}},{"type":"Feature","id":"4145011500104930001","geometry":{"type":"Point","coordinates":[127.1634769,37.5003482]},"properties":{"pnu":"4145011500104930001","municipality_code":"41450","municipality":"하남시","district":"하남시","locality":"감이동","address":"하남시 감이동 493-1","owner_type":"시·군유지","owner_label":"하남시","manager":"","property_class":"","land_category":"공원","area_sqm":3942.7,"area_band":"3,000~5,000㎡","interest_category":"공원","solar_candidate":"검토필요","candidate_reason":"도시공원 관련 법령 및 공원시설 기준 검토 필요; 면적 3,943㎡","priority_score":40,"source":"경기부동산포털 국공유지조회·연속지적도","source_date":"2026-08-11","installed_solar_match":false}},{"type":"Feature","id":"4145011200104520000","geometry":{"type":"Point","coordinates":[127.1794107,37.5724326]},"properties":{"pnu":"4145011200104520000","municipality_code":"41450","municipality":"하남시","district":"하남시","locality":"선동","address":"하남시 선동 452","owner_type":"시·군유지","owner_label":"하남시","manager":"","property_class":"","land_category":"공원","area_sqm":3889.9,"area_band":"3,000~5,000㎡","interest_category":"공원","solar_candidate":"검토필요","candidate_reason":"도시공원 관련 법령 및 공원시설 기준 검토 필요; 면적 3,890㎡","priority_score":40,"source":"경기부동산포털 국공유지조회·연속지적도","source_date":"2026-08-11","installed_solar_match":false}},{"type":"Feature","id":"4145011400105270000","geometry":{"type":"Point","coordinates":[127.1610696,37.5100791]},"properties":{"pnu":"4145011400105270000","municipality_code":"41450","municipality":"하남시","district":"하남시","locality":"감일동","address":"하남시 감일동 527","owner_type":"시·군유지","owner_label":"하남시","manager":"","property_class":"","land_category":"공원","area_sqm":3827.2,"area_band":"3,000~5,000㎡","interest_category":"공원","solar_candidate":"검토필요","candidate_reason":"도시공원 관련 법령 및 공원시설 기준 검토 필요; 면적 3,827㎡","priority_score":40,"source":"경기부동산포털 국공유지조회·연속지적도","source_date":"2026-08-11","installed_solar_match":false}},{"type":"Feature","id":"4145012300104150037","geometry":{"type":"Point","coordinates":[127.1683152,37.5301683]},"properties":{"pnu":"4145012300104150037","municipality_code":"41450","municipality":"하남시","district":"하남시","locality":"초이동","address":"하남시 초이동 415-37","owner_type":"시·군유지","owner_label":"하남시","manager":"","property_class":"","land_category":"공원","area_sqm":3808.0,"area_band":"3,000~5,000㎡","interest_category":"공원","solar_candidate":"검토필요","candidate_reason":"도시공원 관련 법령 및 공원시설 기준 검토 필요; 면적 3,808㎡","priority_score":40,"source":"경기부동산포털 국공유지조회·연속지적도","source_date":"2026-08-11","installed_solar_match":false}},{"type":"Feature","id":"4145011200104190000","geometry":{"type":"Point","coordinates":[127.1843248,37.5783875]},"properties":{"pnu":"4145011200104190000","municipality_code":"41450","municipality":"하남시","district":"하남시","locality":"선동","address":"하남시 선동 419","owner_type":"시·군유지","owner_label":"하남시","manager":"","property_class":"","land_category":"공원","area_sqm":3786.7,"area_band":"3,000~5,000㎡","interest_category":"공원","solar_candidate":"검토필요","candidate_reason":"도시공원 관련 법령 및 공원시설 기준 검토 필요; 면적 3,787㎡","priority_score":40,"source":"경기부동산포털 국공유지조회·연속지적도","source_date":"2026-08-11","installed_solar_match":false}},{"type":"Feature","id":"4145010600105760000","geometry":{"type":"Point","coordinates":[127.2117953,37.5461485]},"properties":{"pnu":"4145010600105760000","municipality_code":"41450","municipality":"하남시","district":"하남시","locality":"신장동","address":"하남시 신장동 576","owner_type":"시·군유지","owner_label":"하남시","manager":"","property_class":"","land_category":"공원","area_sqm":3692.2,"area_band":"3,000~5,000㎡","interest_category":"공원","solar_candidate":"검토필요","candidate_reason":"도시공원 관련 법령 및 공원시설 기준 검토 필요; 면적 3,692㎡","priority_score":40,"source":"경기부동산포털 국공유지조회·연속지적도","source_date":"2026-08-11","installed_solar_match":false}},{"type":"Feature","id":"4145011000104790000","geometry":{"type":"Point","coordinates":[127.1860216,37.5595187]},"properties":{"pnu":"4145011000104790000","municipality_code":"41450","municipality":"하남시","district":"하남시","locality":"풍산동","address":"하남시 풍산동 479","owner_type":"시·군유지","owner_label":"하남시","manager":"","property_class":"","land_category":"공원","area_sqm":3608.3,"area_band":"3,000~5,000㎡","interest_category":"공원","solar_candidate":"검토필요","candidate_reason":"도시공원 관련 법령 및 공원시설 기준 검토 필요; 면적 3,608㎡","priority_score":40,"source":"경기부동산포털 국공유지조회·연속지적도","source_date":"2026-08-11","installed_solar_match":false}},{"type":"Feature","id":"4145011600106630002","geometry":{"type":"Point","coordinates":[127.145218,37.4742814]},"properties":{"pnu":"4145011600106630002","municipality_code":"41450","municipality":"하남시","district":"하남시","locality":"학암동","address":"하남시 학암동 663-2","owner_type":"시·군유지","owner_label":"하남시","manager":"","property_class":"","land_category":"공원","area_sqm":3572.0,"area_band":"3,000~5,000㎡","interest_category":"공원","solar_candidate":"검토필요","candidate_reason":"도시공원 관련 법령 및 공원시설 기준 검토 필요; 면적 3,572㎡","priority_score":40,"source":"경기부동산포털 국공유지조회·연속지적도","source_date":"2026-08-11","installed_solar_match":false}},{"type":"Feature","id":"4145012400103990006","geometry":{"type":"Point","coordinates":[127.1728518,37.5290389]},"properties":{"pnu":"4145012400103990006","municipality_code":"41450","municipality":"하남시","district":"하남시","locality":"광암동","address":"하남시 광암동 399-6","owner_type":"시·군유지","owner_label":"하남시","manager":"","property_class":"","land_category":"공원","area_sqm":3569.2,"area_band":"3,000~5,000㎡","interest_category":"공원","solar_candidate":"검토필요","candidate_reason":"도시공원 관련 법령 및 공원시설 기준 검토 필요; 면적 3,569㎡","priority_score":40,"source":"경기부동산포털 국공유지조회·연속지적도","source_date":"2026-08-11","installed_solar_match":false}},{"type":"Feature","id":"4145010800107600001","geometry":{"type":"Point","coordinates":[127.1992911,37.5543504]},"properties":{"pnu":"4145010800107600001","municipality_code":"41450","municipality":"하남시","district":"하남시","locality":"덕풍동","address":"하남시 덕풍동 760-1","owner_type":"시·군유지","owner_label":"하남시","manager":"","property_class":"","land_category":"공원","area_sqm":3563.1,"area_band":"3,000~5,000㎡","interest_category":"공원","solar_candidate":"검토필요","candidate_reason":"도시공원 관련 법령 및 공원시설 기준 검토 필요; 면적 3,563㎡","priority_score":40,"source":"경기부동산포털 국공유지조회·연속지적도","source_date":"2026-08-11","installed_solar_match":false}},{"type":"Feature","id":"4145011400104520000","geometry":{"type":"Point","coordinates":[127.1490453,37.5102769]},"properties":{"pnu":"4145011400104520000","municipality_code":"41450","municipality":"하남시","district":"하남시","locality":"감일동","address":"하남시 감일동 452","owner_type":"시·군유지","owner_label":"하남시","manager":"","property_class":"","land_category":"공원","area_sqm":3492.0,"area_band":"3,000~5,000㎡","interest_category":"공원","solar_candidate":"검토필요","candidate_reason":"도시공원 관련 법령 및 공원시설 기준 검토 필요; 면적 3,492㎡","priority_score":40,"source":"경기부동산포털 국공유지조회·연속지적도","source_date":"2026-08-11","installed_solar_match":false}},{"type":"Feature","id":"4145010300105180004","geometry":{"type":"Point","coordinates":[127.2246256,37.5398748]},"properties":{"pnu":"4145010300105180004","municipality_code":"41450","municipality":"하남시","district":"하남시","locality":"창우동","address":"하남시 창우동 518-4","owner_type":"시·군유지","owner_label":"하남시","manager":"","property_class":"","land_category":"공원","area_sqm":3459.7,"area_band":"3,000~5,000㎡","interest_category":"공원","solar_candidate":"검토필요","candidate_reason":"도시공원 관련 법령 및 공원시설 기준 검토 필요; 면적 3,460㎡","priority_score":40,"source":"경기부동산포털 국공유지조회·연속지적도","source_date":"2026-08-11","installed_solar_match":false}},{"type":"Feature","id":"4145011500105180000","geometry":{"type":"Point","coordinates":[127.1578405,37.5059931]},"properties":{"pnu":"4145011500105180000","municipality_code":"41450","municipality":"하남시","district":"하남시","locality":"감이동","address":"하남시 감이동 518","owner_type":"시·군유지","owner_label":"하남시","manager":"","property_class":"","land_category":"공원","area_sqm":3440.0,"area_band":"3,000~5,000㎡","interest_category":"공원","solar_candidate":"검토필요","candidate_reason":"도시공원 관련 법령 및 공원시설 기준 검토 필요; 면적 3,440㎡","priority_score":40,"source":"경기부동산포털 국공유지조회·연속지적도","source_date":"2026-08-11","installed_solar_match":false}},{"type":"Feature","id":"4145010800107620001","geometry":{"type":"Point","coordinates":[127.1960556,37.5545873]},"properties":{"pnu":"4145010800107620001","municipality_code":"41450","municipality":"하남시","district":"하남시","locality":"덕풍동","address":"하남시 덕풍동 762-1","owner_type":"시·군유지","owner_label":"하남시","manager":"","property_class":"","land_category":"공원","area_sqm":3422.8,"area_band":"3,000~5,000㎡","interest_category":"공원","solar_candidate":"검토필요","candidate_reason":"도시공원 관련 법령 및 공원시설 기준 검토 필요; 면적 3,423㎡","priority_score":40,"source":"경기부동산포털 국공유지조회·연속지적도","source_date":"2026-08-11","installed_solar_match":false}},{"type":"Feature","id":"4145010800108380002","geometry":{"type":"Point","coordinates":[127.2075562,37.5555552]},"properties":{"pnu":"4145010800108380002","municipality_code":"41450","municipality":"하남시","district":"하남시","locality":"덕풍동","address":"하남시 덕풍동 838-2","owner_type":"시·군유지","owner_label":"하남시","manager":"","property_class":"","land_category":"공원","area_sqm":3374.6,"area_band":"3,000~5,000㎡","interest_category":"공원","solar_candidate":"검토필요","candidate_reason":"도시공원 관련 법령 및 공원시설 기준 검토 필요; 면적 3,375㎡","priority_score":40,"source":"경기부동산포털 국공유지조회·연속지적도","source_date":"2026-08-11","installed_solar_match":false}},{"type":"Feature","id":"4145011000106060000","geometry":{"type":"Point","coordinates":[127.1949415,37.5516139]},"properties":{"pnu":"4145011000106060000","municipality_code":"41450","municipality":"하남시","district":"하남시","locality":"풍산동","address":"하남시 풍산동 606","owner_type":"시·군유지","owner_label":"하남시","manager":"","property_class":"","land_category":"공원","area_sqm":3314.6,"area_band":"3,000~5,000㎡","interest_category":"공원","solar_candidate":"검토필요","candidate_reason":"도시공원 관련 법령 및 공원시설 기준 검토 필요; 면적 3,315㎡","priority_score":40,"source":"경기부동산포털 국공유지조회·연속지적도","source_date":"2026-08-11","installed_solar_match":false}},{"type":"Feature","id":"4145011600106710001","geometry":{"type":"Point","coordinates":[127.1475779,37.4752177]},"properties":{"pnu":"4145011600106710001","municipality_code":"41450","municipality":"하남시","district":"하남시","locality":"학암동","address":"하남시 학암동 671-1","owner_type":"시·군유지","owner_label":"하남시","manager":"","property_class":"","land_category":"공원","area_sqm":3294.6,"area_band":"3,000~5,000㎡","interest_category":"공원","solar_candidate":"검토필요","candidate_reason":"도시공원 관련 법령 및 공원시설 기준 검토 필요; 면적 3,295㎡","priority_score":40,"source":"경기부동산포털 국공유지조회·연속지적도","source_date":"2026-08-11","installed_solar_match":false}},{"type":"Feature","id":"4145010300105180001","geometry":{"type":"Point","coordinates":[127.2232634,37.5424168]},"properties":{"pnu":"4145010300105180001","municipality_code":"41450","municipality":"하남시","district":"하남시","locality":"창우동","address":"하남시 창우동 518-1","owner_type":"시·군유지","owner_label":"하남시","manager":"","property_class":"","land_category":"공원","area_sqm":3280.0,"area_band":"3,000~5,000㎡","interest_category":"공원","solar_candidate":"검토필요","candidate_reason":"도시공원 관련 법령 및 공원시설 기준 검토 필요; 면적 3,280㎡","priority_score":40,"source":"경기부동산포털 국공유지조회·연속지적도","source_date":"2026-08-11","installed_solar_match":false}},{"type":"Feature","id":"4145010600106190000","geometry":{"type":"Point","coordinates":[127.2262773,37.5441619]},"properties":{"pnu":"4145010600106190000","municipality_code":"41450","municipality":"하남시","district":"하남시","locality":"신장동","address":"하남시 신장동 619","owner_type":"시·군유지","owner_label":"하남시","manager":"","property_class":"","land_category":"공원","area_sqm":3228.3,"area_band":"3,000~5,000㎡","interest_category":"공원","solar_candidate":"검토필요","candidate_reason":"도시공원 관련 법령 및 공원시설 기준 검토 필요; 면적 3,228㎡","priority_score":40,"source":"경기부동산포털 국공유지조회·연속지적도","source_date":"2026-08-11","installed_solar_match":false}},{"type":"Feature","id":"4145011500105040001","geometry":{"type":"Point","coordinates":[127.1525054,37.506469]},"properties":{"pnu":"4145011500105040001","municipality_code":"41450","municipality":"하남시","district":"하남시","locality":"감이동","address":"하남시 감이동 504-1","owner_type":"시·군유지","owner_label":"하남시","manager":"","property_class":"","land_category":"공원","area_sqm":3222.0,"area_band":"3,000~5,000㎡","interest_category":"공원","solar_candidate":"검토필요","candidate_reason":"도시공원 관련 법령 및 공원시설 기준 검토 필요; 면적 3,222㎡","priority_score":40,"source":"경기부동산포털 국공유지조회·연속지적도","source_date":"2026-08-11","installed_solar_match":false}},{"type":"Feature","id":"4145011400105400000","geometry":{"type":"Point","coordinates":[127.1639021,37.5141024]},"properties":{"pnu":"4145011400105400000","municipality_code":"41450","municipality":"하남시","district":"하남시","locality":"감일동","address":"하남시 감일동 540","owner_type":"시·군유지","owner_label":"하남시","manager":"","property_class":"","land_category":"공원","area_sqm":3190.0,"area_band":"3,000~5,000㎡","interest_category":"공원","solar_candidate":"검토필요","candidate_reason":"도시공원 관련 법령 및 공원시설 기준 검토 필요; 면적 3,190㎡","priority_score":40,"source":"경기부동산포털 국공유지조회·연속지적도","source_date":"2026-08-11","installed_solar_match":false}},{"type":"Feature","id":"4145011000104810000","geometry":{"type":"Point","coordinates":[127.1873552,37.5589893]},"properties":{"pnu":"4145011000104810000","municipality_code":"41450","municipality":"하남시","district":"하남시","locality":"풍산동","address":"하남시 풍산동 481","owner_type":"시·군유지","owner_label":"하남시","manager":"","property_class":"","land_category":"공원","area_sqm":3115.1,"area_band":"3,000~5,000㎡","interest_category":"공원","solar_candidate":"검토필요","candidate_reason":"도시공원 관련 법령 및 공원시설 기준 검토 필요; 면적 3,115㎡","priority_score":40,"source":"경기부동산포털 국공유지조회·연속지적도","source_date":"2026-08-11","installed_solar_match":false}},{"type":"Feature","id":"4145010300105210007","geometry":{"type":"Point","coordinates":[127.2236384,37.5355957]},"properties":{"pnu":"4145010300105210007","municipality_code":"41450","municipality":"하남시","district":"하남시","locality":"창우동","address":"하남시 창우동 521-7","owner_type":"시·군유지","owner_label":"하남시","manager":"","property_class":"","land_category":"공원","area_sqm":3088.5,"area_band":"3,000~5,000㎡","interest_category":"공원","solar_candidate":"검토필요","candidate_reason":"도시공원 관련 법령 및 공원시설 기준 검토 필요; 면적 3,088㎡","priority_score":40,"source":"경기부동산포털 국공유지조회·연속지적도","source_date":"2026-08-11","installed_solar_match":false}},{"type":"Feature","id":"4145011300102840000","geometry":{"type":"Point","coordinates":[127.1588256,37.521613]},"properties":{"pnu":"4145011300102840000","municipality_code":"41450","municipality":"하남시","district":"하남시","locality":"감북동","address":"하남시 감북동 284","owner_type":"시·군유지","owner_label":"하남시","manager":"","property_class":"","land_category":"공원","area_sqm":3035.0,"area_band":"3,000~5,000㎡","interest_category":"공원","solar_candidate":"검토필요","candidate_reason":"도시공원 관련 법령 및 공원시설 기준 검토 필요; 면적 3,035㎡","priority_score":40,"source":"경기부동산포털 국공유지조회·연속지적도","source_date":"2026-08-11","installed_solar_match":false}},{"type":"Feature","id":"4145010800107750001","geometry":{"type":"Point","coordinates":[127.2008665,37.5531976]},"properties":{"pnu":"4145010800107750001","municipality_code":"41450","municipality":"하남시","district":"하남시","locality":"덕풍동","address":"하남시 덕풍동 775-1","owner_type":"시·군유지","owner_label":"하남시","manager":"","property_class":"","land_category":"공원","area_sqm":3010.2,"area_band":"3,000~5,000㎡","interest_category":"공원","solar_candidate":"검토필요","candidate_reason":"도시공원 관련 법령 및 공원시설 기준 검토 필요; 면적 3,010㎡","priority_score":40,"source":"경기부동산포털 국공유지조회·연속지적도","source_date":"2026-08-11","installed_solar_match":false}},{"type":"Feature","id":"4145010900108300264","geometry":{"type":"Point","coordinates":[127.1943398,37.5683598]},"properties":{"pnu":"4145010900108300264","municipality_code":"41450","municipality":"하남시","district":"하남시","locality":"망월동","address":"하남시 망월동 830-264","owner_type":"시·군유지","owner_label":"하남시","manager":"","property_class":"","land_category":"체육용지","area_sqm":988.6,"area_band":"500~1,000㎡","interest_category":"체육용지","solar_candidate":"검토필요","candidate_reason":"체육시설·주차장 상부 활용 가능성 추가 검토; 면적 989㎡","priority_score":40,"source":"경기부동산포털 국공유지조회·연속지적도","source_date":"2026-08-11","installed_solar_match":false}},{"type":"Feature","id":"4145010900108300263","geometry":{"type":"Point","coordinates":[127.1921075,37.5677581]},"properties":{"pnu":"4145010900108300263","municipality_code":"41450","municipality":"하남시","district":"하남시","locality":"망월동","address":"하남시 망월동 830-263","owner_type":"시·군유지","owner_label":"하남시","manager":"","property_class":"","land_category":"체육용지","area_sqm":819.0,"area_band":"500~1,000㎡","interest_category":"체육용지","solar_candidate":"검토필요","candidate_reason":"체육시설·주차장 상부 활용 가능성 추가 검토; 면적 819㎡","priority_score":40,"source":"경기부동산포털 국공유지조회·연속지적도","source_date":"2026-08-11","installed_solar_match":false}},{"type":"Feature","id":"4145011300102490010","geometry":{"type":"Point","coordinates":[127.1534159,37.5196915]},"properties":{"pnu":"4145011300102490010","municipality_code":"41450","municipality":"하남시","district":"하남시","locality":"감북동","address":"하남시 감북동 249-10","owner_type":"시·군유지","owner_label":"하남시","manager":"","property_class":"","land_category":"대","area_sqm":451.0,"area_band":"100~500㎡","interest_category":"대","solar_candidate":"검토필요","candidate_reason":"청사·공공건축물·주차장 현황 추가 확인 필요; 면적 451㎡","priority_score":40,"source":"경기부동산포털 국공유지조회·연속지적도","source_date":"2026-08-11","installed_solar_match":false}},{"type":"Feature","id":"4145010600104270155","geometry":{"type":"Point","coordinates":[127.2054018,37.5384228]},"properties":{"pnu":"4145010600104270155","municipality_code":"41450","municipality":"하남시","district":"하남시","locality":"신장동","address":"하남시 신장동 427-155","owner_type":"시·군유지","owner_label":"하남시","manager":"","property_class":"","land_category":"대","area_sqm":421.0,"area_band":"100~500㎡","interest_category":"대","solar_candidate":"검토필요","candidate_reason":"청사·공공건축물·주차장 현황 추가 확인 필요; 면적 421㎡","priority_score":40,"source":"경기부동산포털 국공유지조회·연속지적도","source_date":"2026-08-11","installed_solar_match":false}},{"type":"Feature","id":"4145011700102270001","geometry":{"type":"Point","coordinates":[127.1988737,37.5219479]},"properties":{"pnu":"4145011700102270001","municipality_code":"41450","municipality":"하남시","district":"하남시","locality":"교산동","address":"하남시 교산동 227-1","owner_type":"시·군유지","owner_label":"하남시","manager":"","property_class":"","land_category":"대","area_sqm":407.0,"area_band":"100~500㎡","interest_category":"대","solar_candidate":"검토필요","candidate_reason":"청사·공공건축물·주차장 현황 추가 확인 필요; 면적 407㎡","priority_score":40,"source":"경기부동산포털 국공유지조회·연속지적도","source_date":"2026-08-11","installed_solar_match":false}},{"type":"Feature","id":"4145010500101450026","geometry":{"type":"Point","coordinates":[127.2344038,37.4956611]},"properties":{"pnu":"4145010500101450026","municipality_code":"41450","municipality":"하남시","district":"하남시","locality":"상산곡동","address":"하남시 상산곡동 145-26","owner_type":"시·군유지","owner_label":"하남시","manager":"","property_class":"","land_category":"대","area_sqm":367.0,"area_band":"100~500㎡","interest_category":"대","solar_candidate":"검토필요","candidate_reason":"청사·공공건축물·주차장 현황 추가 확인 필요; 면적 367㎡","priority_score":40,"source":"경기부동산포털 국공유지조회·연속지적도","source_date":"2026-08-11","installed_solar_match":false}},{"type":"Feature","id":"4145010800103260051","geometry":{"type":"Point","coordinates":[127.2022955,37.5416567]},"properties":{"pnu":"4145010800103260051","municipality_code":"41450","municipality":"하남시","district":"하남시","locality":"덕풍동","address":"하남시 덕풍동 326-51","owner_type":"시·군유지","owner_label":"하남시","manager":"","property_class":"","land_category":"대","area_sqm":350.0,"area_band":"100~500㎡","interest_category":"대","solar_candidate":"검토필요","candidate_reason":"청사·공공건축물·주차장 현황 추가 확인 필요; 면적 350㎡","priority_score":40,"source":"경기부동산포털 국공유지조회·연속지적도","source_date":"2026-08-11","installed_solar_match":false}},{"type":"Feature","id":"4145011100104780001","geometry":{"type":"Point","coordinates":[127.2048411,37.5697355]},"properties":{"pnu":"4145011100104780001","municipality_code":"41450","municipality":"하남시","district":"하남시","locality":"미사동","address":"하남시 미사동 478-1","owner_type":"시·군유지","owner_label":"하남시","manager":"","property_class":"","land_category":"대","area_sqm":330.0,"area_band":"100~500㎡","interest_category":"대","solar_candidate":"검토필요","candidate_reason":"청사·공공건축물·주차장 현황 추가 확인 필요; 면적 330㎡","priority_score":40,"source":"경기부동산포털 국공유지조회·연속지적도","source_date":"2026-08-11","installed_solar_match":false}},{"type":"Feature","id":"4145012200101990003","geometry":{"type":"Point","coordinates":[127.1834152,37.5366099]},"properties":{"pnu":"4145012200101990003","municipality_code":"41450","municipality":"하남시","district":"하남시","locality":"초일동","address":"하남시 초일동 199-3","owner_type":"시·군유지","owner_label":"하남시","manager":"","property_class":"","land_category":"대","area_sqm":322.0,"area_band":"100~500㎡","interest_category":"대","solar_candidate":"검토필요","candidate_reason":"청사·공공건축물·주차장 현황 추가 확인 필요; 면적 322㎡","priority_score":40,"source":"경기부동산포털 국공유지조회·연속지적도","source_date":"2026-08-11","installed_solar_match":false}},{"type":"Feature","id":"4145011000103760065","geometry":{"type":"Point","coordinates":[127.1962922,37.5487103]},"properties":{"pnu":"4145011000103760065","municipality_code":"41450","municipality":"하남시","district":"하남시","locality":"풍산동","address":"하남시 풍산동 376-65","owner_type":"시·군유지","owner_label":"하남시","manager":"","property_class":"","land_category":"대","area_sqm":320.0,"area_band":"100~500㎡","interest_category":"대","solar_candidate":"검토필요","candidate_reason":"청사·공공건축물·주차장 현황 추가 확인 필요; 면적 320㎡","priority_score":40,"source":"경기부동산포털 국공유지조회·연속지적도","source_date":"2026-08-11","installed_solar_match":false}},{"type":"Feature","id":"4145010800103720073","geometry":{"type":"Point","coordinates":[127.2016256,37.538768]},"properties":{"pnu":"4145010800103720073","municipality_code":"41450","municipality":"하남시","district":"하남시","locality":"덕풍동","address":"하남시 덕풍동 372-73","owner_type":"시·군유지","owner_label":"하남시","manager":"","property_class":"","land_category":"대","area_sqm":317.0,"area_band":"100~500㎡","interest_category":"대","solar_candidate":"검토필요","candidate_reason":"청사·공공건축물·주차장 현황 추가 확인 필요; 면적 317㎡","priority_score":40,"source":"경기부동산포털 국공유지조회·연속지적도","source_date":"2026-08-11","installed_solar_match":false}},{"type":"Feature","id":"4145010800104250004","geometry":{"type":"Point","coordinates":[127.202921,37.5375571]},"properties":{"pnu":"4145010800104250004","municipality_code":"41450","municipality":"하남시","district":"하남시","locality":"덕풍동","address":"하남시 덕풍동 425-4","owner_type":"시·군유지","owner_label":"하남시","manager":"","property_class":"","land_category":"대","area_sqm":286.0,"area_band":"100~500㎡","interest_category":"대","solar_candidate":"검토필요","candidate_reason":"청사·공공건축물·주차장 현황 추가 확인 필요; 면적 286㎡","priority_score":40,"source":"경기부동산포털 국공유지조회·연속지적도","source_date":"2026-08-11","installed_solar_match":false}},{"type":"Feature","id":"4145010800103810018","geometry":{"type":"Point","coordinates":[127.1996122,37.5406725]},"properties":{"pnu":"4145010800103810018","municipality_code":"41450","municipality":"하남시","district":"하남시","locality":"덕풍동","address":"하남시 덕풍동 381-18","owner_type":"시·군유지","owner_label":"하남시","manager":"","property_class":"","land_category":"대","area_sqm":272.0,"area_band":"100~500㎡","interest_category":"대","solar_candidate":"검토필요","candidate_reason":"청사·공공건축물·주차장 현황 추가 확인 필요; 면적 272㎡","priority_score":40,"source":"경기부동산포털 국공유지조회·연속지적도","source_date":"2026-08-11","installed_solar_match":false}},{"type":"Feature","id":"4145011100104590007","geometry":{"type":"Point","coordinates":[127.2029003,37.5690776]},"properties":{"pnu":"4145011100104590007","municipality_code":"41450","municipality":"하남시","district":"하남시","locality":"미사동","address":"하남시 미사동 459-7","owner_type":"시·군유지","owner_label":"하남시","manager":"","property_class":"","land_category":"대","area_sqm":271.0,"area_band":"100~500㎡","interest_category":"대","solar_candidate":"검토필요","candidate_reason":"청사·공공건축물·주차장 현황 추가 확인 필요; 면적 271㎡","priority_score":40,"source":"경기부동산포털 국공유지조회·연속지적도","source_date":"2026-08-11","installed_solar_match":false}},{"type":"Feature","id":"4145010600105300005","geometry":{"type":"Point","coordinates":[127.2152268,37.537132]},"properties":{"pnu":"4145010600105300005","municipality_code":"41450","municipality":"하남시","district":"하남시","locality":"신장동","address":"하남시 신장동 530-5","owner_type":"시·군유지","owner_label":"하남시","manager":"","property_class":"","land_category":"대","area_sqm":269.0,"area_band":"100~500㎡","interest_category":"대","solar_candidate":"검토필요","candidate_reason":"청사·공공건축물·주차장 현황 추가 확인 필요; 면적 269㎡","priority_score":40,"source":"경기부동산포털 국공유지조회·연속지적도","source_date":"2026-08-11","installed_solar_match":false}},{"type":"Feature","id":"4145010800102240025","geometry":{"type":"Point","coordinates":[127.203744,37.5515451]},"properties":{"pnu":"4145010800102240025","municipality_code":"41450","municipality":"하남시","district":"하남시","locality":"덕풍동","address":"하남시 덕풍동 224-25","owner_type":"시·군유지","owner_label":"하남시","manager":"","property_class":"","land_category":"대","area_sqm":267.0,"area_band":"100~500㎡","interest_category":"대","solar_candidate":"검토필요","candidate_reason":"청사·공공건축물·주차장 현황 추가 확인 필요; 면적 267㎡","priority_score":40,"source":"경기부동산포털 국공유지조회·연속지적도","source_date":"2026-08-11","installed_solar_match":false}},{"type":"Feature","id":"4145011700102260002","geometry":{"type":"Point","coordinates":[127.197759,37.5219903]},"properties":{"pnu":"4145011700102260002","municipality_code":"41450","municipality":"하남시","district":"하남시","locality":"교산동","address":"하남시 교산동 226-2","owner_type":"시·군유지","owner_label":"하남시","manager":"","property_class":"","land_category":"대","area_sqm":258.0,"area_band":"100~500㎡","interest_category":"대","solar_candidate":"검토필요","candidate_reason":"청사·공공건축물·주차장 현황 추가 확인 필요; 면적 258㎡","priority_score":40,"source":"경기부동산포털 국공유지조회·연속지적도","source_date":"2026-08-11","installed_solar_match":false}},{"type":"Feature","id":"4145012000101900003","geometry":{"type":"Point","coordinates":[127.1910692,37.4930157]},"properties":{"pnu":"4145012000101900003","municipality_code":"41450","municipality":"하남시","district":"하남시","locality":"상사창동","address":"하남시 상사창동 190-3","owner_type":"시·군유지","owner_label":"하남시","manager":"","property_class":"","land_category":"대","area_sqm":254.0,"area_band":"100~500㎡","interest_category":"대","solar_candidate":"검토필요","candidate_reason":"청사·공공건축물·주차장 현황 추가 확인 필요; 면적 254㎡","priority_score":40,"source":"경기부동산포털 국공유지조회·연속지적도","source_date":"2026-08-11","installed_solar_match":false}},{"type":"Feature","id":"4145010600104270464","geometry":{"type":"Point","coordinates":[127.2059749,37.5384739]},"properties":{"pnu":"4145010600104270464","municipality_code":"41450","municipality":"하남시","district":"하남시","locality":"신장동","address":"하남시 신장동 427-464","owner_type":"시·군유지","owner_label":"하남시","manager":"","property_class":"","land_category":"대","area_sqm":253.0,"area_band":"100~500㎡","interest_category":"대","solar_candidate":"검토필요","candidate_reason":"청사·공공건축물·주차장 현황 추가 확인 필요; 면적 253㎡","priority_score":40,"source":"경기부동산포털 국공유지조회·연속지적도","source_date":"2026-08-11","installed_solar_match":false}},{"type":"Feature","id":"4145012000103190007","geometry":{"type":"Point","coordinates":[127.1914523,37.5029742]},"properties":{"pnu":"4145012000103190007","municipality_code":"41450","municipality":"하남시","district":"하남시","locality":"상사창동","address":"하남시 상사창동 319-7","owner_type":"시·군유지","owner_label":"하남시","manager":"","property_class":"","land_category":"대","area_sqm":246.0,"area_band":"100~500㎡","interest_category":"대","solar_candidate":"검토필요","candidate_reason":"청사·공공건축물·주차장 현황 추가 확인 필요; 면적 246㎡","priority_score":40,"source":"경기부동산포털 국공유지조회·연속지적도","source_date":"2026-08-11","installed_solar_match":false}},{"type":"Feature","id":"4145011100104590008","geometry":{"type":"Point","coordinates":[127.2026952,37.5693296]},"properties":{"pnu":"4145011100104590008","municipality_code":"41450","municipality":"하남시","district":"하남시","locality":"미사동","address":"하남시 미사동 459-8","owner_type":"시·군유지","owner_label":"하남시","manager":"","property_class":"","land_category":"대","area_sqm":228.0,"area_band":"100~500㎡","interest_category":"대","solar_candidate":"검토필요","candidate_reason":"청사·공공건축물·주차장 현황 추가 확인 필요; 면적 228㎡","priority_score":40,"source":"경기부동산포털 국공유지조회·연속지적도","source_date":"2026-08-11","installed_solar_match":false}},{"type":"Feature","id":"4145010300102650001","geometry":{"type":"Point","coordinates":[127.2294354,37.5365327]},"properties":{"pnu":"4145010300102650001","municipality_code":"41450","municipality":"하남시","district":"하남시","locality":"창우동","address":"하남시 창우동 265-1","owner_type":"시·군유지","owner_label":"하남시","manager":"","property_class":"","land_category":"대","area_sqm":227.0,"area_band":"100~500㎡","interest_category":"대","solar_candidate":"검토필요","candidate_reason":"청사·공공건축물·주차장 현황 추가 확인 필요; 면적 227㎡","priority_score":40,"source":"경기부동산포털 국공유지조회·연속지적도","source_date":"2026-08-11","installed_solar_match":false}},{"type":"Feature","id":"4145010300105200009","geometry":{"type":"Point","coordinates":[127.2233198,37.5395874]},"properties":{"pnu":"4145010300105200009","municipality_code":"41450","municipality":"하남시","district":"하남시","locality":"창우동","address":"하남시 창우동 520-9","owner_type":"시·군유지","owner_label":"하남시","manager":"","property_class":"","land_category":"대","area_sqm":225.4,"area_band":"100~500㎡","interest_category":"대","solar_candidate":"검토필요","candidate_reason":"청사·공공건축물·주차장 현황 추가 확인 필요; 면적 225㎡","priority_score":40,"source":"경기부동산포털 국공유지조회·연속지적도","source_date":"2026-08-11","installed_solar_match":false}},{"type":"Feature","id":"4145010300100040014","geometry":{"type":"Point","coordinates":[127.2372261,37.5410239]},"properties":{"pnu":"4145010300100040014","municipality_code":"41450","municipality":"하남시","district":"하남시","locality":"창우동","address":"하남시 창우동 4-14","owner_type":"시·군유지","owner_label":"하남시","manager":"","property_class":"","land_category":"대","area_sqm":222.0,"area_band":"100~500㎡","interest_category":"대","solar_candidate":"검토필요","candidate_reason":"청사·공공건축물·주차장 현황 추가 확인 필요; 면적 222㎡","priority_score":40,"source":"경기부동산포털 국공유지조회·연속지적도","source_date":"2026-08-11","installed_solar_match":false}},{"type":"Feature","id":"4145011700101000002","geometry":{"type":"Point","coordinates":[127.2065001,37.5214954]},"properties":{"pnu":"4145011700101000002","municipality_code":"41450","municipality":"하남시","district":"하남시","locality":"교산동","address":"하남시 교산동 100-2","owner_type":"시·군유지","owner_label":"하남시","manager":"","property_class":"","land_category":"대","area_sqm":220.0,"area_band":"100~500㎡","interest_category":"대","solar_candidate":"검토필요","candidate_reason":"청사·공공건축물·주차장 현황 추가 확인 필요; 면적 220㎡","priority_score":40,"source":"경기부동산포털 국공유지조회·연속지적도","source_date":"2026-08-11","installed_solar_match":false}},{"type":"Feature","id":"4145011700101000006","geometry":{"type":"Point","coordinates":[127.2061715,37.5214944]},"properties":{"pnu":"4145011700101000006","municipality_code":"41450","municipality":"하남시","district":"하남시","locality":"교산동","address":"하남시 교산동 100-6","owner_type":"시·군유지","owner_label":"하남시","manager":"","property_class":"","land_category":"대","area_sqm":208.0,"area_band":"100~500㎡","interest_category":"대","solar_candidate":"검토필요","candidate_reason":"청사·공공건축물·주차장 현황 추가 확인 필요; 면적 208㎡","priority_score":40,"source":"경기부동산포털 국공유지조회·연속지적도","source_date":"2026-08-11","installed_solar_match":false}},{"type":"Feature","id":"4145011000104710001","geometry":{"type":"Point","coordinates":[127.1843033,37.5568252]},"properties":{"pnu":"4145011000104710001","municipality_code":"41450","municipality":"하남시","district":"하남시","locality":"풍산동","address":"하남시 풍산동 471-1","owner_type":"시·군유지","owner_label":"하남시","manager":"","property_class":"","land_category":"대","area_sqm":207.0,"area_band":"100~500㎡","interest_category":"대","solar_candidate":"검토필요","candidate_reason":"청사·공공건축물·주차장 현황 추가 확인 필요; 면적 207㎡","priority_score":40,"source":"경기부동산포털 국공유지조회·연속지적도","source_date":"2026-08-11","installed_solar_match":false}},{"type":"Feature","id":"4145010300102890005","geometry":{"type":"Point","coordinates":[127.2282857,37.5337488]},"properties":{"pnu":"4145010300102890005","municipality_code":"41450","municipality":"하남시","district":"하남시","locality":"창우동","address":"하남시 창우동 289-5","owner_type":"시·군유지","owner_label":"하남시","manager":"","property_class":"","land_category":"대","area_sqm":204.0,"area_band":"100~500㎡","interest_category":"대","solar_candidate":"검토필요","candidate_reason":"청사·공공건축물·주차장 현황 추가 확인 필요; 면적 204㎡","priority_score":40,"source":"경기부동산포털 국공유지조회·연속지적도","source_date":"2026-08-11","installed_solar_match":false}},{"type":"Feature","id":"4145011700102270005","geometry":{"type":"Point","coordinates":[127.198642,37.521545]},"properties":{"pnu":"4145011700102270005","municipality_code":"41450","municipality":"하남시","district":"하남시","locality":"교산동","address":"하남시 교산동 227-5","owner_type":"시·군유지","owner_label":"하남시","manager":"","property_class":"","land_category":"대","area_sqm":202.0,"area_band":"100~500㎡","interest_category":"대","solar_candidate":"검토필요","candidate_reason":"청사·공공건축물·주차장 현황 추가 확인 필요; 면적 202㎡","priority_score":40,"source":"경기부동산포털 국공유지조회·연속지적도","source_date":"2026-08-11","installed_solar_match":false}},{"type":"Feature","id":"4145010800103840011","geometry":{"type":"Point","coordinates":[127.200842,37.5415459]},"properties":{"pnu":"4145010800103840011","municipality_code":"41450","municipality":"하남시","district":"하남시","locality":"덕풍동","address":"하남시 덕풍동 384-11","owner_type":"시·군유지","owner_label":"하남시","manager":"","property_class":"","land_category":"대","area_sqm":199.0,"area_band":"100~500㎡","interest_category":"대","solar_candidate":"검토필요","candidate_reason":"청사·공공건축물·주차장 현황 추가 확인 필요; 면적 199㎡","priority_score":40,"source":"경기부동산포털 국공유지조회·연속지적도","source_date":"2026-08-11","installed_solar_match":false}},{"type":"Feature","id":"4145010800107290002","geometry":{"type":"Point","coordinates":[127.2044778,37.5552142]},"properties":{"pnu":"4145010800107290002","municipality_code":"41450","municipality":"하남시","district":"하남시","locality":"덕풍동","address":"하남시 덕풍동 729-2","owner_type":"시·군유지","owner_label":"하남시","manager":"","property_class":"","land_category":"대","area_sqm":196.8,"area_band":"100~500㎡","interest_category":"대","solar_candidate":"검토필요","candidate_reason":"청사·공공건축물·주차장 현황 추가 확인 필요; 면적 197㎡","priority_score":40,"source":"경기부동산포털 국공유지조회·연속지적도","source_date":"2026-08-11","installed_solar_match":false}},{"type":"Feature","id":"4145011300104040007","geometry":{"type":"Point","coordinates":[127.1496874,37.516512]},"properties":{"pnu":"4145011300104040007","municipality_code":"41450","municipality":"하남시","district":"하남시","locality":"감북동","address":"하남시 감북동 404-7","owner_type":"시·군유지","owner_label":"하남시","manager":"","property_class":"","land_category":"대","area_sqm":193.0,"area_band":"100~500㎡","interest_category":"대","solar_candidate":"검토필요","candidate_reason":"청사·공공건축물·주차장 현황 추가 확인 필요; 면적 193㎡","priority_score":40,"source":"경기부동산포털 국공유지조회·연속지적도","source_date":"2026-08-11","installed_solar_match":false}},{"type":"Feature","id":"4145010800103430021","geometry":{"type":"Point","coordinates":[127.1981584,37.5453507]},"properties":{"pnu":"4145010800103430021","municipality_code":"41450","municipality":"하남시","district":"하남시","locality":"덕풍동","address":"하남시 덕풍동 343-21","owner_type":"시·군유지","owner_label":"하남시","manager":"","property_class":"","land_category":"대","area_sqm":181.0,"area_band":"100~500㎡","interest_category":"대","solar_candidate":"검토필요","candidate_reason":"청사·공공건축물·주차장 현황 추가 확인 필요; 면적 181㎡","priority_score":40,"source":"경기부동산포털 국공유지조회·연속지적도","source_date":"2026-08-11","installed_solar_match":false}},{"type":"Feature","id":"4145010200104300004","geometry":{"type":"Point","coordinates":[127.2324792,37.5031168]},"properties":{"pnu":"4145010200104300004","municipality_code":"41450","municipality":"하남시","district":"하남시","locality":"하산곡동","address":"하남시 하산곡동 430-4","owner_type":"시·군유지","owner_label":"하남시","manager":"","property_class":"","land_category":"대","area_sqm":178.0,"area_band":"100~500㎡","interest_category":"대","solar_candidate":"검토필요","candidate_reason":"청사·공공건축물·주차장 현황 추가 확인 필요; 면적 178㎡","priority_score":40,"source":"경기부동산포털 국공유지조회·연속지적도","source_date":"2026-08-11","installed_solar_match":false}},{"type":"Feature","id":"4145012000101890015","geometry":{"type":"Point","coordinates":[127.1912033,37.4927406]},"properties":{"pnu":"4145012000101890015","municipality_code":"41450","municipality":"하남시","district":"하남시","locality":"상사창동","address":"하남시 상사창동 189-15","owner_type":"시·군유지","owner_label":"하남시","manager":"","property_class":"","land_category":"대","area_sqm":177.0,"area_band":"100~500㎡","interest_category":"대","solar_candidate":"검토필요","candidate_reason":"청사·공공건축물·주차장 현황 추가 확인 필요; 면적 177㎡","priority_score":40,"source":"경기부동산포털 국공유지조회·연속지적도","source_date":"2026-08-11","installed_solar_match":false}},{"type":"Feature","id":"4145010800103670013","geometry":{"type":"Point","coordinates":[127.1991055,37.5389451]},"properties":{"pnu":"4145010800103670013","municipality_code":"41450","municipality":"하남시","district":"하남시","locality":"덕풍동","address":"하남시 덕풍동 367-13","owner_type":"시·군유지","owner_label":"하남시","manager":"","property_class":"","land_category":"대","area_sqm":176.0,"area_band":"100~500㎡","interest_category":"대","solar_candidate":"검토필요","candidate_reason":"청사·공공건축물·주차장 현황 추가 확인 필요; 면적 176㎡","priority_score":40,"source":"경기부동산포털 국공유지조회·연속지적도","source_date":"2026-08-11","installed_solar_match":false}},{"type":"Feature","id":"4145010800102850010","geometry":{"type":"Point","coordinates":[127.2065599,37.5439425]},"properties":{"pnu":"4145010800102850010","municipality_code":"41450","municipality":"하남시","district":"하남시","locality":"덕풍동","address":"하남시 덕풍동 285-10","owner_type":"시·군유지","owner_label":"하남시","manager":"","property_class":"","land_category":"대","area_sqm":175.0,"area_band":"100~500㎡","interest_category":"대","solar_candidate":"검토필요","candidate_reason":"청사·공공건축물·주차장 현황 추가 확인 필요; 면적 175㎡","priority_score":40,"source":"경기부동산포털 국공유지조회·연속지적도","source_date":"2026-08-11","installed_solar_match":false}},{"type":"Feature","id":"4145010600104440049","geometry":{"type":"Point","coordinates":[127.209293,37.5395945]},"properties":{"pnu":"4145010600104440049","municipality_code":"41450","municipality":"하남시","district":"하남시","locality":"신장동","address":"하남시 신장동 444-49","owner_type":"시·군유지","owner_label":"하남시","manager":"","property_class":"","land_category":"대","area_sqm":174.0,"area_band":"100~500㎡","interest_category":"대","solar_candidate":"검토필요","candidate_reason":"청사·공공건축물·주차장 현황 추가 확인 필요; 면적 174㎡","priority_score":40,"source":"경기부동산포털 국공유지조회·연속지적도","source_date":"2026-08-11","installed_solar_match":false}},{"type":"Feature","id":"4145010600104440054","geometry":{"type":"Point","coordinates":[127.2094458,37.5397726]},"properties":{"pnu":"4145010600104440054","municipality_code":"41450","municipality":"하남시","district":"하남시","locality":"신장동","address":"하남시 신장동 444-54","owner_type":"시·군유지","owner_label":"하남시","manager":"","property_class":"","land_category":"대","area_sqm":168.0,"area_band":"100~500㎡","interest_category":"대","solar_candidate":"검토필요","candidate_reason":"청사·공공건축물·주차장 현황 추가 확인 필요; 면적 168㎡","priority_score":40,"source":"경기부동산포털 국공유지조회·연속지적도","source_date":"2026-08-11","installed_solar_match":false}},{"type":"Feature","id":"4145010100104310008","geometry":{"type":"Point","coordinates":[127.2178609,37.5315084]},"properties":{"pnu":"4145010100104310008","municipality_code":"41450","municipality":"하남시","district":"하남시","locality":"천현동","address":"하남시 천현동 431-8","owner_type":"시·군유지","owner_label":"하남시","manager":"","property_class":"","land_category":"대","area_sqm":166.0,"area_band":"100~500㎡","interest_category":"대","solar_candidate":"검토필요","candidate_reason":"청사·공공건축물·주차장 현황 추가 확인 필요; 면적 166㎡","priority_score":40,"source":"경기부동산포털 국공유지조회·연속지적도","source_date":"2026-08-11","installed_solar_match":false}},{"type":"Feature","id":"4145010100100530154","geometry":{"type":"Point","coordinates":[127.2222074,37.5344421]},"properties":{"pnu":"4145010100100530154","municipality_code":"41450","municipality":"하남시","district":"하남시","locality":"천현동","address":"하남시 천현동 53-154","owner_type":"시·군유지","owner_label":"하남시","manager":"","property_class":"","land_category":"대","area_sqm":165.0,"area_band":"100~500㎡","interest_category":"대","solar_candidate":"검토필요","candidate_reason":"청사·공공건축물·주차장 현황 추가 확인 필요; 면적 165㎡","priority_score":40,"source":"경기부동산포털 국공유지조회·연속지적도","source_date":"2026-08-11","installed_solar_match":false}},{"type":"Feature","id":"4145011700101000009","geometry":{"type":"Point","coordinates":[127.2069849,37.5213044]},"properties":{"pnu":"4145011700101000009","municipality_code":"41450","municipality":"하남시","district":"하남시","locality":"교산동","address":"하남시 교산동 100-9","owner_type":"시·군유지","owner_label":"하남시","manager":"","property_class":"","land_category":"대","area_sqm":163.0,"area_band":"100~500㎡","interest_category":"대","solar_candidate":"검토필요","candidate_reason":"청사·공공건축물·주차장 현황 추가 확인 필요; 면적 163㎡","priority_score":40,"source":"경기부동산포털 국공유지조회·연속지적도","source_date":"2026-08-11","installed_solar_match":false}},{"type":"Feature","id":"4145010600104270336","geometry":{"type":"Point","coordinates":[127.207622,37.5394333]},"properties":{"pnu":"4145010600104270336","municipality_code":"41450","municipality":"하남시","district":"하남시","locality":"신장동","address":"하남시 신장동 427-336","owner_type":"시·군유지","owner_label":"하남시","manager":"","property_class":"","land_category":"대","area_sqm":160.0,"area_band":"100~500㎡","interest_category":"대","solar_candidate":"검토필요","candidate_reason":"청사·공공건축물·주차장 현황 추가 확인 필요; 면적 160㎡","priority_score":40,"source":"경기부동산포털 국공유지조회·연속지적도","source_date":"2026-08-11","installed_solar_match":false}},{"type":"Feature","id":"4145010800104390017","geometry":{"type":"Point","coordinates":[127.1994738,37.5345782]},"properties":{"pnu":"4145010800104390017","municipality_code":"41450","municipality":"하남시","district":"하남시","locality":"덕풍동","address":"하남시 덕풍동 439-17","owner_type":"시·군유지","owner_label":"하남시","manager":"","property_class":"","land_category":"대","area_sqm":159.0,"area_band":"100~500㎡","interest_category":"대","solar_candidate":"검토필요","candidate_reason":"청사·공공건축물·주차장 현황 추가 확인 필요; 면적 159㎡","priority_score":40,"source":"경기부동산포털 국공유지조회·연속지적도","source_date":"2026-08-11","installed_solar_match":false}},{"type":"Feature","id":"4145010800104410090","geometry":{"type":"Point","coordinates":[127.2002695,37.5344029]},"properties":{"pnu":"4145010800104410090","municipality_code":"41450","municipality":"하남시","district":"하남시","locality":"덕풍동","address":"하남시 덕풍동 441-90","owner_type":"시·군유지","owner_label":"하남시","manager":"","property_class":"","land_category":"대","area_sqm":159.0,"area_band":"100~500㎡","interest_category":"대","solar_candidate":"검토필요","candidate_reason":"청사·공공건축물·주차장 현황 추가 확인 필요; 면적 159㎡","priority_score":40,"source":"경기부동산포털 국공유지조회·연속지적도","source_date":"2026-08-11","installed_solar_match":false}},{"type":"Feature","id":"4145010100104290003","geometry":{"type":"Point","coordinates":[127.2178491,37.5318437]},"properties":{"pnu":"4145010100104290003","municipality_code":"41450","municipality":"하남시","district":"하남시","locality":"천현동","address":"하남시 천현동 429-3","owner_type":"시·군유지","owner_label":"하남시","manager":"","property_class":"","land_category":"대","area_sqm":156.0,"area_band":"100~500㎡","interest_category":"대","solar_candidate":"검토필요","candidate_reason":"청사·공공건축물·주차장 현황 추가 확인 필요; 면적 156㎡","priority_score":40,"source":"경기부동산포털 국공유지조회·연속지적도","source_date":"2026-08-11","installed_solar_match":false}},{"type":"Feature","id":"4145010600103900007","geometry":{"type":"Point","coordinates":[127.212174,37.5408659]},"properties":{"pnu":"4145010600103900007","municipality_code":"41450","municipality":"하남시","district":"하남시","locality":"신장동","address":"하남시 신장동 390-7","owner_type":"시·군유지","owner_label":"하남시","manager":"","property_class":"","land_category":"대","area_sqm":154.0,"area_band":"100~500㎡","interest_category":"대","solar_candidate":"검토필요","candidate_reason":"청사·공공건축물·주차장 현황 추가 확인 필요; 면적 154㎡","priority_score":40,"source":"경기부동산포털 국공유지조회·연속지적도","source_date":"2026-08-11","installed_solar_match":false}},{"type":"Feature","id":"4145011300104440009","geometry":{"type":"Point","coordinates":[127.1467298,37.5164505]},"properties":{"pnu":"4145011300104440009","municipality_code":"41450","municipality":"하남시","district":"하남시","locality":"감북동","address":"하남시 감북동 444-9","owner_type":"시·군유지","owner_label":"하남시","manager":"","property_class":"","land_category":"대","area_sqm":145.0,"area_band":"100~500㎡","interest_category":"대","solar_candidate":"검토필요","candidate_reason":"청사·공공건축물·주차장 현황 추가 확인 필요; 면적 145㎡","priority_score":40,"source":"경기부동산포털 국공유지조회·연속지적도","source_date":"2026-08-11","installed_solar_match":false}},{"type":"Feature","id":"4145012300102790051","geometry":{"type":"Point","coordinates":[127.1718091,37.537744]},"properties":{"pnu":"4145012300102790051","municipality_code":"41450","municipality":"하남시","district":"하남시","locality":"초이동","address":"하남시 초이동 279-51","owner_type":"시·군유지","owner_label":"하남시","manager":"","property_class":"","land_category":"대","area_sqm":140.0,"area_band":"100~500㎡","interest_category":"대","solar_candidate":"검토필요","candidate_reason":"청사·공공건축물·주차장 현황 추가 확인 필요; 면적 140㎡","priority_score":40,"source":"경기부동산포털 국공유지조회·연속지적도","source_date":"2026-08-11","installed_solar_match":false}},{"type":"Feature","id":"4145010800107770002","geometry":{"type":"Point","coordinates":[127.2032893,37.5516261]},"properties":{"pnu":"4145010800107770002","municipality_code":"41450","municipality":"하남시","district":"하남시","locality":"덕풍동","address":"하남시 덕풍동 777-2","owner_type":"시·군유지","owner_label":"하남시","manager":"","property_class":"","land_category":"대","area_sqm":139.1,"area_band":"100~500㎡","interest_category":"대","solar_candidate":"검토필요","candidate_reason":"청사·공공건축물·주차장 현황 추가 확인 필요; 면적 139㎡","priority_score":40,"source":"경기부동산포털 국공유지조회·연속지적도","source_date":"2026-08-11","installed_solar_match":false}},{"type":"Feature","id":"4145010800103890005","geometry":{"type":"Point","coordinates":[127.201155,37.5406915]},"properties":{"pnu":"4145010800103890005","municipality_code":"41450","municipality":"하남시","district":"하남시","locality":"덕풍동","address":"하남시 덕풍동 389-5","owner_type":"시·군유지","owner_label":"하남시","manager":"","property_class":"","land_category":"대","area_sqm":139.0,"area_band":"100~500㎡","interest_category":"대","solar_candidate":"검토필요","candidate_reason":"청사·공공건축물·주차장 현황 추가 확인 필요; 면적 139㎡","priority_score":40,"source":"경기부동산포털 국공유지조회·연속지적도","source_date":"2026-08-11","installed_solar_match":false}},{"type":"Feature","id":"4145010600104390004","geometry":{"type":"Point","coordinates":[127.2089016,37.5374828]},"properties":{"pnu":"4145010600104390004","municipality_code":"41450","municipality":"하남시","district":"하남시","locality":"신장동","address":"하남시 신장동 439-4","owner_type":"시·군유지","owner_label":"하남시","manager":"","property_class":"","land_category":"대","area_sqm":138.0,"area_band":"100~500㎡","interest_category":"대","solar_candidate":"검토필요","candidate_reason":"청사·공공건축물·주차장 현황 추가 확인 필요; 면적 138㎡","priority_score":40,"source":"경기부동산포털 국공유지조회·연속지적도","source_date":"2026-08-11","installed_solar_match":false}},{"type":"Feature","id":"4145011100102080011","geometry":{"type":"Point","coordinates":[127.2057735,37.5659602]},"properties":{"pnu":"4145011100102080011","municipality_code":"41450","municipality":"하남시","district":"하남시","locality":"미사동","address":"하남시 미사동 208-11","owner_type":"시·군유지","owner_label":"하남시","manager":"","property_class":"","land_category":"대","area_sqm":131.0,"area_band":"100~500㎡","interest_category":"대","solar_candidate":"검토필요","candidate_reason":"청사·공공건축물·주차장 현황 추가 확인 필요; 면적 131㎡","priority_score":40,"source":"경기부동산포털 국공유지조회·연속지적도","source_date":"2026-08-11","installed_solar_match":false}},{"type":"Feature","id":"4145010800103630016","geometry":{"type":"Point","coordinates":[127.1972799,37.539704]},"properties":{"pnu":"4145010800103630016","municipality_code":"41450","municipality":"하남시","district":"하남시","locality":"덕풍동","address":"하남시 덕풍동 363-16","owner_type":"시·군유지","owner_label":"하남시","manager":"","property_class":"","land_category":"대","area_sqm":128.0,"area_band":"100~500㎡","interest_category":"대","solar_candidate":"검토필요","candidate_reason":"청사·공공건축물·주차장 현황 추가 확인 필요; 면적 128㎡","priority_score":40,"source":"경기부동산포털 국공유지조회·연속지적도","source_date":"2026-08-11","installed_solar_match":false}},{"type":"Feature","id":"4145010800107900001","geometry":{"type":"Point","coordinates":[127.2036121,37.5512424]},"properties":{"pnu":"4145010800107900001","municipality_code":"41450","municipality":"하남시","district":"하남시","locality":"덕풍동","address":"하남시 덕풍동 790-1","owner_type":"시·군유지","owner_label":"하남시","manager":"","property_class":"","land_category":"대","area_sqm":125.6,"area_band":"100~500㎡","interest_category":"대","solar_candidate":"검토필요","candidate_reason":"청사·공공건축물·주차장 현황 추가 확인 필요; 면적 126㎡","priority_score":40,"source":"경기부동산포털 국공유지조회·연속지적도","source_date":"2026-08-11","installed_solar_match":false}},{"type":"Feature","id":"4145010800103810051","geometry":{"type":"Point","coordinates":[127.1997218,37.5404819]},"properties":{"pnu":"4145010800103810051","municipality_code":"41450","municipality":"하남시","district":"하남시","locality":"덕풍동","address":"하남시 덕풍동 381-51","owner_type":"시·군유지","owner_label":"하남시","manager":"","property_class":"","land_category":"대","area_sqm":121.0,"area_band":"100~500㎡","interest_category":"대","solar_candidate":"검토필요","candidate_reason":"청사·공공건축물·주차장 현황 추가 확인 필요; 면적 121㎡","priority_score":40,"source":"경기부동산포털 국공유지조회·연속지적도","source_date":"2026-08-11","installed_solar_match":false}},{"type":"Feature","id":"4145011100101980008","geometry":{"type":"Point","coordinates":[127.2065204,37.564766]},"properties":{"pnu":"4145011100101980008","municipality_code":"41450","municipality":"하남시","district":"하남시","locality":"미사동","address":"하남시 미사동 198-8","owner_type":"시·군유지","owner_label":"하남시","manager":"","property_class":"","land_category":"대","area_sqm":121.0,"area_band":"100~500㎡","interest_category":"대","solar_candidate":"검토필요","candidate_reason":"청사·공공건축물·주차장 현황 추가 확인 필요; 면적 121㎡","priority_score":40,"source":"경기부동산포털 국공유지조회·연속지적도","source_date":"2026-08-11","installed_solar_match":false}},{"type":"Feature","id":"4145010800104440001","geometry":{"type":"Point","coordinates":[127.2009005,37.5349729]},"properties":{"pnu":"4145010800104440001","municipality_code":"41450","municipality":"하남시","district":"하남시","locality":"덕풍동","address":"하남시 덕풍동 444-1","owner_type":"시·군유지","owner_label":"하남시","manager":"","property_class":"","land_category":"대","area_sqm":119.0,"area_band":"100~500㎡","interest_category":"대","solar_candidate":"검토필요","candidate_reason":"청사·공공건축물·주차장 현황 추가 확인 필요; 면적 119㎡","priority_score":40,"source":"경기부동산포털 국공유지조회·연속지적도","source_date":"2026-08-11","installed_solar_match":false}},{"type":"Feature","id":"4145010800103630015","geometry":{"type":"Point","coordinates":[127.1973178,37.5398026]},"properties":{"pnu":"4145010800103630015","municipality_code":"41450","municipality":"하남시","district":"하남시","locality":"덕풍동","address":"하남시 덕풍동 363-15","owner_type":"시·군유지","owner_label":"하남시","manager":"","property_class":"","land_category":"대","area_sqm":118.0,"area_band":"100~500㎡","interest_category":"대","solar_candidate":"검토필요","candidate_reason":"청사·공공건축물·주차장 현황 추가 확인 필요; 면적 118㎡","priority_score":40,"source":"경기부동산포털 국공유지조회·연속지적도","source_date":"2026-08-11","installed_solar_match":false}},{"type":"Feature","id":"4145010800103480043","geometry":{"type":"Point","coordinates":[127.1984834,37.5426474]},"properties":{"pnu":"4145010800103480043","municipality_code":"41450","municipality":"하남시","district":"하남시","locality":"덕풍동","address":"하남시 덕풍동 348-43","owner_type":"시·군유지","owner_label":"하남시","manager":"","property_class":"","land_category":"대","area_sqm":116.0,"area_band":"100~500㎡","interest_category":"대","solar_candidate":"검토필요","candidate_reason":"청사·공공건축물·주차장 현황 추가 확인 필요; 면적 116㎡","priority_score":40,"source":"경기부동산포털 국공유지조회·연속지적도","source_date":"2026-08-11","installed_solar_match":false}},{"type":"Feature","id":"4145010600104480037","geometry":{"type":"Point","coordinates":[127.2115796,37.5385255]},"properties":{"pnu":"4145010600104480037","municipality_code":"41450","municipality":"하남시","district":"하남시","locality":"신장동","address":"하남시 신장동 448-37","owner_type":"시·군유지","owner_label":"하남시","manager":"","property_class":"","land_category":"대","area_sqm":114.0,"area_band":"100~500㎡","interest_category":"대","solar_candidate":"검토필요","candidate_reason":"청사·공공건축물·주차장 현황 추가 확인 필요; 면적 114㎡","priority_score":40,"source":"경기부동산포털 국공유지조회·연속지적도","source_date":"2026-08-11","installed_solar_match":false}},{"type":"Feature","id":"4145010600104270349","geometry":{"type":"Point","coordinates":[127.2075441,37.5391461]},"properties":{"pnu":"4145010600104270349","municipality_code":"41450","municipality":"하남시","district":"하남시","locality":"신장동","address":"하남시 신장동 427-349","owner_type":"시·군유지","owner_label":"하남시","manager":"","property_class":"","land_category":"대","area_sqm":113.0,"area_band":"100~500㎡","interest_category":"대","solar_candidate":"검토필요","candidate_reason":"청사·공공건축물·주차장 현황 추가 확인 필요; 면적 113㎡","priority_score":40,"source":"경기부동산포털 국공유지조회·연속지적도","source_date":"2026-08-11","installed_solar_match":false}},{"type":"Feature","id":"4145012200102200001","geometry":{"type":"Point","coordinates":[127.1843655,37.5329785]},"properties":{"pnu":"4145012200102200001","municipality_code":"41450","municipality":"하남시","district":"하남시","locality":"초일동","address":"하남시 초일동 220-1","owner_type":"시·군유지","owner_label":"하남시","manager":"","property_class":"","land_category":"대","area_sqm":113.0,"area_band":"100~500㎡","interest_category":"대","solar_candidate":"검토필요","candidate_reason":"청사·공공건축물·주차장 현황 추가 확인 필요; 면적 113㎡","priority_score":40,"source":"경기부동산포털 국공유지조회·연속지적도","source_date":"2026-08-11","installed_solar_match":false}},{"type":"Feature","id":"4145010800103270005","geometry":{"type":"Point","coordinates":[127.2043421,37.5416258]},"properties":{"pnu":"4145010800103270005","municipality_code":"41450","municipality":"하남시","district":"하남시","locality":"덕풍동","address":"하남시 덕풍동 327-5","owner_type":"시·군유지","owner_label":"하남시","manager":"","property_class":"","land_category":"대","area_sqm":112.0,"area_band":"100~500㎡","interest_category":"대","solar_candidate":"검토필요","candidate_reason":"청사·공공건축물·주차장 현황 추가 확인 필요; 면적 112㎡","priority_score":40,"source":"경기부동산포털 국공유지조회·연속지적도","source_date":"2026-08-11","installed_solar_match":false}},{"type":"Feature","id":"4145010800103960000","geometry":{"type":"Point","coordinates":[127.2030165,37.5409926]},"properties":{"pnu":"4145010800103960000","municipality_code":"41450","municipality":"하남시","district":"하남시","locality":"덕풍동","address":"하남시 덕풍동 396","owner_type":"시·군유지","owner_label":"하남시","manager":"","property_class":"","land_category":"대","area_sqm":112.0,"area_band":"100~500㎡","interest_category":"대","solar_candidate":"검토필요","candidate_reason":"청사·공공건축물·주차장 현황 추가 확인 필요; 면적 112㎡","priority_score":40,"source":"경기부동산포털 국공유지조회·연속지적도","source_date":"2026-08-11","installed_solar_match":false}},{"type":"Feature","id":"4145010800103710044","geometry":{"type":"Point","coordinates":[127.2004322,37.5382475]},"properties":{"pnu":"4145010800103710044","municipality_code":"41450","municipality":"하남시","district":"하남시","locality":"덕풍동","address":"하남시 덕풍동 371-44","owner_type":"시·군유지","owner_label":"하남시","manager":"","property_class":"","land_category":"대","area_sqm":111.0,"area_band":"100~500㎡","interest_category":"대","solar_candidate":"검토필요","candidate_reason":"청사·공공건축물·주차장 현황 추가 확인 필요; 면적 111㎡","priority_score":40,"source":"경기부동산포털 국공유지조회·연속지적도","source_date":"2026-08-11","installed_solar_match":false}},{"type":"Feature","id":"4145011000102180102","geometry":{"type":"Point","coordinates":[127.1844474,37.5492916]},"properties":{"pnu":"4145011000102180102","municipality_code":"41450","municipality":"하남시","district":"하남시","locality":"풍산동","address":"하남시 풍산동 218-102","owner_type":"시·군유지","owner_label":"하남시","manager":"","property_class":"","land_category":"대","area_sqm":111.0,"area_band":"100~500㎡","interest_category":"대","solar_candidate":"검토필요","candidate_reason":"청사·공공건축물·주차장 현황 추가 확인 필요; 면적 111㎡","priority_score":40,"source":"경기부동산포털 국공유지조회·연속지적도","source_date":"2026-08-11","installed_solar_match":false}},{"type":"Feature","id":"4145010600104550026","geometry":{"type":"Point","coordinates":[127.210751,37.5378674]},"properties":{"pnu":"4145010600104550026","municipality_code":"41450","municipality":"하남시","district":"하남시","locality":"신장동","address":"하남시 신장동 455-26","owner_type":"시·군유지","owner_label":"하남시","manager":"","property_class":"","land_category":"대","area_sqm":110.0,"area_band":"100~500㎡","interest_category":"대","solar_candidate":"검토필요","candidate_reason":"청사·공공건축물·주차장 현황 추가 확인 필요; 면적 110㎡","priority_score":40,"source":"경기부동산포털 국공유지조회·연속지적도","source_date":"2026-08-11","installed_solar_match":false}},{"type":"Feature","id":"4145010800104130026","geometry":{"type":"Point","coordinates":[127.2044506,37.5401176]},"properties":{"pnu":"4145010800104130026","municipality_code":"41450","municipality":"하남시","district":"하남시","locality":"덕풍동","address":"하남시 덕풍동 413-26","owner_type":"시·군유지","owner_label":"하남시","manager":"","property_class":"","land_category":"대","area_sqm":110.0,"area_band":"100~500㎡","interest_category":"대","solar_candidate":"검토필요","candidate_reason":"청사·공공건축물·주차장 현황 추가 확인 필요; 면적 110㎡","priority_score":40,"source":"경기부동산포털 국공유지조회·연속지적도","source_date":"2026-08-11","installed_solar_match":false}},{"type":"Feature","id":"4145010800103630018","geometry":{"type":"Point","coordinates":[127.197216,37.5396045]},"properties":{"pnu":"4145010800103630018","municipality_code":"41450","municipality":"하남시","district":"하남시","locality":"덕풍동","address":"하남시 덕풍동 363-18","owner_type":"시·군유지","owner_label":"하남시","manager":"","property_class":"","land_category":"대","area_sqm":109.0,"area_band":"100~500㎡","interest_category":"대","solar_candidate":"검토필요","candidate_reason":"청사·공공건축물·주차장 현황 추가 확인 필요; 면적 109㎡","priority_score":40,"source":"경기부동산포털 국공유지조회·연속지적도","source_date":"2026-08-11","installed_solar_match":false}},{"type":"Feature","id":"4145010600104490016","geometry":{"type":"Point","coordinates":[127.2106242,37.5381351]},"properties":{"pnu":"4145010600104490016","municipality_code":"41450","municipality":"하남시","district":"하남시","locality":"신장동","address":"하남시 신장동 449-16","owner_type":"시·군유지","owner_label":"하남시","manager":"","property_class":"","land_category":"대","area_sqm":107.0,"area_band":"100~500㎡","interest_category":"대","solar_candidate":"검토필요","candidate_reason":"청사·공공건축물·주차장 현황 추가 확인 필요; 면적 107㎡","priority_score":40,"source":"경기부동산포털 국공유지조회·연속지적도","source_date":"2026-08-11","installed_solar_match":false}},{"type":"Feature","id":"4145010800104190063","geometry":{"type":"Point","coordinates":[127.2042255,37.5388738]},"properties":{"pnu":"4145010800104190063","municipality_code":"41450","municipality":"하남시","district":"하남시","locality":"덕풍동","address":"하남시 덕풍동 419-63","owner_type":"시·군유지","owner_label":"하남시","manager":"","property_class":"","land_category":"대","area_sqm":107.0,"area_band":"100~500㎡","interest_category":"대","solar_candidate":"검토필요","candidate_reason":"청사·공공건축물·주차장 현황 추가 확인 필요; 면적 107㎡","priority_score":40,"source":"경기부동산포털 국공유지조회·연속지적도","source_date":"2026-08-11","installed_solar_match":false}},{"type":"Feature","id":"4145010800103630019","geometry":{"type":"Point","coordinates":[127.1973104,37.5396011]},"properties":{"pnu":"4145010800103630019","municipality_code":"41450","municipality":"하남시","district":"하남시","locality":"덕풍동","address":"하남시 덕풍동 363-19","owner_type":"시·군유지","owner_label":"하남시","manager":"","property_class":"","land_category":"대","area_sqm":106.0,"area_band":"100~500㎡","interest_category":"대","solar_candidate":"검토필요","candidate_reason":"청사·공공건축물·주차장 현황 추가 확인 필요; 면적 106㎡","priority_score":40,"source":"경기부동산포털 국공유지조회·연속지적도","source_date":"2026-08-11","installed_solar_match":false}},{"type":"Feature","id":"4145010600105050012","geometry":{"type":"Point","coordinates":[127.2086726,37.5371216]},"properties":{"pnu":"4145010600105050012","municipality_code":"41450","municipality":"하남시","district":"하남시","locality":"신장동","address":"하남시 신장동 505-12","owner_type":"시·군유지","owner_label":"하남시","manager":"","property_class":"","land_category":"대","area_sqm":105.0,"area_band":"100~500㎡","interest_category":"대","solar_candidate":"검토필요","candidate_reason":"청사·공공건축물·주차장 현황 추가 확인 필요; 면적 105㎡","priority_score":40,"source":"경기부동산포털 국공유지조회·연속지적도","source_date":"2026-08-11","installed_solar_match":false}},{"type":"Feature","id":"4145010600104300129","geometry":{"type":"Point","coordinates":[127.207235,37.5375941]},"properties":{"pnu":"4145010600104300129","municipality_code":"41450","municipality":"하남시","district":"하남시","locality":"신장동","address":"하남시 신장동 430-129","owner_type":"시·군유지","owner_label":"하남시","manager":"","property_class":"","land_category":"대","area_sqm":103.0,"area_band":"100~500㎡","interest_category":"대","solar_candidate":"검토필요","candidate_reason":"청사·공공건축물·주차장 현황 추가 확인 필요; 면적 103㎡","priority_score":40,"source":"경기부동산포털 국공유지조회·연속지적도","source_date":"2026-08-11","installed_solar_match":false}},{"type":"Feature","id":"4145011100102540003","geometry":{"type":"Point","coordinates":[127.2036667,37.5679277]},"properties":{"pnu":"4145011100102540003","municipality_code":"41450","municipality":"하남시","district":"하남시","locality":"미사동","address":"하남시 미사동 254-3","owner_type":"시·군유지","owner_label":"하남시","manager":"","property_class":"","land_category":"대","area_sqm":102.0,"area_band":"100~500㎡","interest_category":"대","solar_candidate":"검토필요","candidate_reason":"청사·공공건축물·주차장 현황 추가 확인 필요; 면적 102㎡","priority_score":40,"source":"경기부동산포털 국공유지조회·연속지적도","source_date":"2026-08-11","installed_solar_match":false}},{"type":"Feature","id":"4145010500101370022","geometry":{"type":"Point","coordinates":[127.2326956,37.4962648]},"properties":{"pnu":"4145010500101370022","municipality_code":"41450","municipality":"하남시","district":"하남시","locality":"상산곡동","address":"하남시 상산곡동 137-22","owner_type":"시·군유지","owner_label":"하남시","manager":"","property_class":"","land_category":"대","area_sqm":101.0,"area_band":"100~500㎡","interest_category":"대","solar_candidate":"검토필요","candidate_reason":"청사·공공건축물·주차장 현황 추가 확인 필요; 면적 101㎡","priority_score":40,"source":"경기부동산포털 국공유지조회·연속지적도","source_date":"2026-08-11","installed_solar_match":false}},{"type":"Feature","id":"4145010800103850001","geometry":{"type":"Point","coordinates":[127.2009415,37.5410977]},"properties":{"pnu":"4145010800103850001","municipality_code":"41450","municipality":"하남시","district":"하남시","locality":"덕풍동","address":"하남시 덕풍동 385-1","owner_type":"시·군유지","owner_label":"하남시","manager":"","property_class":"","land_category":"대","area_sqm":101.0,"area_band":"100~500㎡","interest_category":"대","solar_candidate":"검토필요","candidate_reason":"청사·공공건축물·주차장 현황 추가 확인 필요; 면적 101㎡","priority_score":40,"source":"경기부동산포털 국공유지조회·연속지적도","source_date":"2026-08-11","installed_solar_match":false}},{"type":"Feature","id":"4145012300103220319","geometry":{"type":"Point","coordinates":[127.1737196,37.533631]},"properties":{"pnu":"4145012300103220319","municipality_code":"41450","municipality":"하남시","district":"하남시","locality":"초이동","address":"하남시 초이동 322-319","owner_type":"시·군유지","owner_label":"하남시","manager":"","property_class":"","land_category":"대","area_sqm":100.0,"area_band":"100~500㎡","interest_category":"대","solar_candidate":"검토필요","candidate_reason":"청사·공공건축물·주차장 현황 추가 확인 필요; 면적 100㎡","priority_score":40,"source":"경기부동산포털 국공유지조회·연속지적도","source_date":"2026-08-11","installed_solar_match":false}},{"type":"Feature","id":"4145011300104000005","geometry":{"type":"Point","coordinates":[127.1511385,37.5174863]},"properties":{"pnu":"4145011300104000005","municipality_code":"41450","municipality":"하남시","district":"하남시","locality":"감북동","address":"하남시 감북동 400-5","owner_type":"시·군유지","owner_label":"하남시","manager":"","property_class":"","land_category":"공장용지","area_sqm":303.0,"area_band":"100~500㎡","interest_category":"공장용지","solar_candidate":"검토필요","candidate_reason":"지목·면적 기준 1차 검토 대상; 면적 303㎡","priority_score":37,"source":"경기부동산포털 국공유지조회·연속지적도","source_date":"2026-08-11","installed_solar_match":false}},{"type":"Feature","id":"4145010800109190000","geometry":{"type":"Point","coordinates":[127.2012554,37.5577037]},"properties":{"pnu":"4145010800109190000","municipality_code":"41450","municipality":"하남시","district":"하남시","locality":"덕풍동","address":"하남시 덕풍동 919","owner_type":"시·군유지","owner_label":"하남시","manager":"","property_class":"","land_category":"도로","area_sqm":4952.6,"area_band":"3,000~5,000㎡","interest_category":"도로","solar_candidate":"검토필요","candidate_reason":"도로점용 및 실제 이용형태 추가 검토 필요; 면적 4,953㎡","priority_score":35,"source":"경기부동산포털 국공유지조회·연속지적도","source_date":"2026-08-11","installed_solar_match":true,"installed_solar_count":1,"installed_solar_area_sqm":17.3,"installed_solar_analysis_years":["2024"],"installed_solar_types":["공동주택"],"installed_solar_permit_status_counts":{"N":1}}},{"type":"Feature","id":"4145011800200390013","geometry":{"type":"Point","coordinates":[127.1794665,37.522732]},"properties":{"pnu":"4145011800200390013","municipality_code":"41450","municipality":"하남시","district":"하남시","locality":"춘궁동","address":"하남시 춘궁동 산39-13","owner_type":"시·군유지","owner_label":"하남시","manager":"","property_class":"","land_category":"도로","area_sqm":4935.0,"area_band":"3,000~5,000㎡","interest_category":"도로","solar_candidate":"검토필요","candidate_reason":"도로점용 및 실제 이용형태 추가 검토 필요; 면적 4,935㎡","priority_score":35,"source":"경기부동산포털 국공유지조회·연속지적도","source_date":"2026-08-11","installed_solar_match":false}},{"type":"Feature","id":"4145011000105890000","geometry":{"type":"Point","coordinates":[127.1922802,37.5513596]},"properties":{"pnu":"4145011000105890000","municipality_code":"41450","municipality":"하남시","district":"하남시","locality":"풍산동","address":"하남시 풍산동 589","owner_type":"시·군유지","owner_label":"하남시","manager":"","property_class":"","land_category":"도로","area_sqm":4927.8,"area_band":"3,000~5,000㎡","interest_category":"도로","solar_candidate":"검토필요","candidate_reason":"도로점용 및 실제 이용형태 추가 검토 필요; 면적 4,928㎡","priority_score":35,"source":"경기부동산포털 국공유지조회·연속지적도","source_date":"2026-08-11","installed_solar_match":false}},{"type":"Feature","id":"4145010900110970000","geometry":{"type":"Point","coordinates":[127.1909538,37.5644818]},"properties":{"pnu":"4145010900110970000","municipality_code":"41450","municipality":"하남시","district":"하남시","locality":"망월동","address":"하남시 망월동 1097","owner_type":"시·군유지","owner_label":"하남시","manager":"","property_class":"","land_category":"도로","area_sqm":4888.6,"area_band":"3,000~5,000㎡","interest_category":"도로","solar_candidate":"검토필요","candidate_reason":"도로점용 및 실제 이용형태 추가 검토 필요; 면적 4,889㎡","priority_score":35,"source":"경기부동산포털 국공유지조회·연속지적도","source_date":"2026-08-11","installed_solar_match":false}},{"type":"Feature","id":"4145011000105970000","geometry":{"type":"Point","coordinates":[127.1916402,37.5488685]},"properties":{"pnu":"4145011000105970000","municipality_code":"41450","municipality":"하남시","district":"하남시","locality":"풍산동","address":"하남시 풍산동 597","owner_type":"시·군유지","owner_label":"하남시","manager":"","property_class":"","land_category":"도로","area_sqm":4877.8,"area_band":"3,000~5,000㎡","interest_category":"도로","solar_candidate":"검토필요","candidate_reason":"도로점용 및 실제 이용형태 추가 검토 필요; 면적 4,878㎡","priority_score":35,"source":"경기부동산포털 국공유지조회·연속지적도","source_date":"2026-08-11","installed_solar_match":false}},{"type":"Feature","id":"4145012300100760008","geometry":{"type":"Point","coordinates":[127.1713894,37.5448602]},"properties":{"pnu":"4145012300100760008","municipality_code":"41450","municipality":"하남시","district":"하남시","locality":"초이동","address":"하남시 초이동 76-8","owner_type":"시·군유지","owner_label":"하남시","manager":"","property_class":"","land_category":"도로","area_sqm":4849.0,"area_band":"3,000~5,000㎡","interest_category":"도로","solar_candidate":"검토필요","candidate_reason":"도로점용 및 실제 이용형태 추가 검토 필요; 면적 4,849㎡","priority_score":35,"source":"경기부동산포털 국공유지조회·연속지적도","source_date":"2026-08-11","installed_solar_match":false}},{"type":"Feature","id":"4145012300104330018","geometry":{"type":"Point","coordinates":[127.172813,37.5306184]},"properties":{"pnu":"4145012300104330018","municipality_code":"41450","municipality":"하남시","district":"하남시","locality":"초이동","address":"하남시 초이동 433-18","owner_type":"시·군유지","owner_label":"하남시","manager":"","property_class":"","land_category":"도로","area_sqm":4816.0,"area_band":"3,000~5,000㎡","interest_category":"도로","solar_candidate":"검토필요","candidate_reason":"도로점용 및 실제 이용형태 추가 검토 필요; 면적 4,816㎡","priority_score":35,"source":"경기부동산포털 국공유지조회·연속지적도","source_date":"2026-08-11","installed_solar_match":false}},{"type":"Feature","id":"4145011800105450002","geometry":{"type":"Point","coordinates":[127.1820078,37.5218563]},"properties":{"pnu":"4145011800105450002","municipality_code":"41450","municipality":"하남시","district":"하남시","locality":"춘궁동","address":"하남시 춘궁동 545-2","owner_type":"시·군유지","owner_label":"하남시","manager":"","property_class":"","land_category":"도로","area_sqm":4800.0,"area_band":"3,000~5,000㎡","interest_category":"도로","solar_candidate":"검토필요","candidate_reason":"도로점용 및 실제 이용형태 추가 검토 필요; 면적 4,800㎡","priority_score":35,"source":"경기부동산포털 국공유지조회·연속지적도","source_date":"2026-08-11","installed_solar_match":false}},{"type":"Feature","id":"4145010600105500000","geometry":{"type":"Point","coordinates":[127.219236,37.5420758]},"properties":{"pnu":"4145010600105500000","municipality_code":"41450","municipality":"하남시","district":"하남시","locality":"신장동","address":"하남시 신장동 550","owner_type":"시·군유지","owner_label":"하남시","manager":"","property_class":"","land_category":"도로","area_sqm":4725.2,"area_band":"3,000~5,000㎡","interest_category":"도로","solar_candidate":"검토필요","candidate_reason":"도로점용 및 실제 이용형태 추가 검토 필요; 면적 4,725㎡","priority_score":35,"source":"경기부동산포털 국공유지조회·연속지적도","source_date":"2026-08-11","installed_solar_match":false}},{"type":"Feature","id":"4145010800200240006","geometry":{"type":"Point","coordinates":[127.2014197,37.5446119]},"properties":{"pnu":"4145010800200240006","municipality_code":"41450","municipality":"하남시","district":"하남시","locality":"덕풍동","address":"하남시 덕풍동 산24-6","owner_type":"시·군유지","owner_label":"하남시","manager":"","property_class":"","land_category":"도로","area_sqm":4707.0,"area_band":"3,000~5,000㎡","interest_category":"도로","solar_candidate":"검토필요","candidate_reason":"도로점용 및 실제 이용형태 추가 검토 필요; 면적 4,707㎡","priority_score":35,"source":"경기부동산포털 국공유지조회·연속지적도","source_date":"2026-08-11","installed_solar_match":false}},{"type":"Feature","id":"4145010800108040000","geometry":{"type":"Point","coordinates":[127.2100906,37.5483491]},"properties":{"pnu":"4145010800108040000","municipality_code":"41450","municipality":"하남시","district":"하남시","locality":"덕풍동","address":"하남시 덕풍동 804","owner_type":"시·군유지","owner_label":"하남시","manager":"","property_class":"","land_category":"도로","area_sqm":4701.4,"area_band":"3,000~5,000㎡","interest_category":"도로","solar_candidate":"검토필요","candidate_reason":"도로점용 및 실제 이용형태 추가 검토 필요; 면적 4,701㎡","priority_score":35,"source":"경기부동산포털 국공유지조회·연속지적도","source_date":"2026-08-11","installed_solar_match":false}},{"type":"Feature","id":"4145011500104760000","geometry":{"type":"Point","coordinates":[127.1678146,37.5069181]},"properties":{"pnu":"4145011500104760000","municipality_code":"41450","municipality":"하남시","district":"하남시","locality":"감이동","address":"하남시 감이동 476","owner_type":"시·군유지","owner_label":"하남시","manager":"","property_class":"","land_category":"도로","area_sqm":4686.8,"area_band":"3,000~5,000㎡","interest_category":"도로","solar_candidate":"검토필요","candidate_reason":"도로점용 및 실제 이용형태 추가 검토 필요; 면적 4,687㎡","priority_score":35,"source":"경기부동산포털 국공유지조회·연속지적도","source_date":"2026-08-11","installed_solar_match":false}},{"type":"Feature","id":"4145012400104210000","geometry":{"type":"Point","coordinates":[127.1715444,37.5295962]},"properties":{"pnu":"4145012400104210000","municipality_code":"41450","municipality":"하남시","district":"하남시","locality":"광암동","address":"하남시 광암동 421","owner_type":"시·군유지","owner_label":"하남시","manager":"","property_class":"","land_category":"도로","area_sqm":4686.6,"area_band":"3,000~5,000㎡","interest_category":"도로","solar_candidate":"검토필요","candidate_reason":"도로점용 및 실제 이용형태 추가 검토 필요; 면적 4,687㎡","priority_score":35,"source":"경기부동산포털 국공유지조회·연속지적도","source_date":"2026-08-11","installed_solar_match":false}},{"type":"Feature","id":"4145010800200230006","geometry":{"type":"Point","coordinates":[127.2032733,37.5434188]},"properties":{"pnu":"4145010800200230006","municipality_code":"41450","municipality":"하남시","district":"하남시","locality":"덕풍동","address":"하남시 덕풍동 산23-6","owner_type":"시·군유지","owner_label":"하남시","manager":"","property_class":"","land_category":"도로","area_sqm":4686.0,"area_band":"3,000~5,000㎡","interest_category":"도로","solar_candidate":"검토필요","candidate_reason":"도로점용 및 실제 이용형태 추가 검토 필요; 면적 4,686㎡","priority_score":35,"source":"경기부동산포털 국공유지조회·연속지적도","source_date":"2026-08-11","installed_solar_match":false}},{"type":"Feature","id":"4145011600106760001","geometry":{"type":"Point","coordinates":[127.1479309,37.4824392]},"properties":{"pnu":"4145011600106760001","municipality_code":"41450","municipality":"하남시","district":"하남시","locality":"학암동","address":"하남시 학암동 676-1","owner_type":"시·군유지","owner_label":"하남시","manager":"","property_class":"","land_category":"도로","area_sqm":4680.9,"area_band":"3,000~5,000㎡","interest_category":"도로","solar_candidate":"검토필요","candidate_reason":"도로점용 및 실제 이용형태 추가 검토 필요; 면적 4,681㎡","priority_score":35,"source":"경기부동산포털 국공유지조회·연속지적도","source_date":"2026-08-11","installed_solar_match":false}},{"type":"Feature","id":"4145011400104670000","geometry":{"type":"Point","coordinates":[127.1491658,37.5083586]},"properties":{"pnu":"4145011400104670000","municipality_code":"41450","municipality":"하남시","district":"하남시","locality":"감일동","address":"하남시 감일동 467","owner_type":"시·군유지","owner_label":"하남시","manager":"","property_class":"","land_category":"도로","area_sqm":4618.2,"area_band":"3,000~5,000㎡","interest_category":"도로","solar_candidate":"검토필요","candidate_reason":"도로점용 및 실제 이용형태 추가 검토 필요; 면적 4,618㎡","priority_score":35,"source":"경기부동산포털 국공유지조회·연속지적도","source_date":"2026-08-11","installed_solar_match":false}},{"type":"Feature","id":"4145010800109570000","geometry":{"type":"Point","coordinates":[127.2048641,37.5443976]},"properties":{"pnu":"4145010800109570000","municipality_code":"41450","municipality":"하남시","district":"하남시","locality":"덕풍동","address":"하남시 덕풍동 957","owner_type":"시·군유지","owner_label":"하남시","manager":"","property_class":"","land_category":"도로","area_sqm":4600.6,"area_band":"3,000~5,000㎡","interest_category":"도로","solar_candidate":"검토필요","candidate_reason":"도로점용 및 실제 이용형태 추가 검토 필요; 면적 4,601㎡","priority_score":35,"source":"경기부동산포털 국공유지조회·연속지적도","source_date":"2026-08-11","installed_solar_match":false}},{"type":"Feature","id":"4145011000106040000","geometry":{"type":"Point","coordinates":[127.1924109,37.5479506]},"properties":{"pnu":"4145011000106040000","municipality_code":"41450","municipality":"하남시","district":"하남시","locality":"풍산동","address":"하남시 풍산동 604","owner_type":"시·군유지","owner_label":"하남시","manager":"","property_class":"","land_category":"도로","area_sqm":4597.1,"area_band":"3,000~5,000㎡","interest_category":"도로","solar_candidate":"검토필요","candidate_reason":"도로점용 및 실제 이용형태 추가 검토 필요; 면적 4,597㎡","priority_score":35,"source":"경기부동산포털 국공유지조회·연속지적도","source_date":"2026-08-11","installed_solar_match":false}},{"type":"Feature","id":"4145010800107450000","geometry":{"type":"Point","coordinates":[127.208506,37.5522758]},"properties":{"pnu":"4145010800107450000","municipality_code":"41450","municipality":"하남시","district":"하남시","locality":"덕풍동","address":"하남시 덕풍동 745","owner_type":"시·군유지","owner_label":"하남시","manager":"","property_class":"","land_category":"도로","area_sqm":4591.6,"area_band":"3,000~5,000㎡","interest_category":"도로","solar_candidate":"검토필요","candidate_reason":"도로점용 및 실제 이용형태 추가 검토 필요; 면적 4,592㎡","priority_score":35,"source":"경기부동산포털 국공유지조회·연속지적도","source_date":"2026-08-11","installed_solar_match":false}},{"type":"Feature","id":"4145011900102880002","geometry":{"type":"Point","coordinates":[127.1978545,37.5155126]},"properties":{"pnu":"4145011900102880002","municipality_code":"41450","municipality":"하남시","district":"하남시","locality":"하사창동","address":"하남시 하사창동 288-2","owner_type":"시·군유지","owner_label":"하남시","manager":"","property_class":"","land_category":"도로","area_sqm":4563.0,"area_band":"3,000~5,000㎡","interest_category":"도로","solar_candidate":"검토필요","candidate_reason":"도로점용 및 실제 이용형태 추가 검토 필요; 면적 4,563㎡","priority_score":35,"source":"경기부동산포털 국공유지조회·연속지적도","source_date":"2026-08-11","installed_solar_match":false}},{"type":"Feature","id":"4145012300101730005","geometry":{"type":"Point","coordinates":[127.1730239,37.5450199]},"properties":{"pnu":"4145012300101730005","municipality_code":"41450","municipality":"하남시","district":"하남시","locality":"초이동","address":"하남시 초이동 173-5","owner_type":"시·군유지","owner_label":"하남시","manager":"","property_class":"","land_category":"도로","area_sqm":4511.0,"area_band":"3,000~5,000㎡","interest_category":"도로","solar_candidate":"검토필요","candidate_reason":"도로점용 및 실제 이용형태 추가 검토 필요; 면적 4,511㎡","priority_score":35,"source":"경기부동산포털 국공유지조회·연속지적도","source_date":"2026-08-11","installed_solar_match":false}},{"type":"Feature","id":"4145011300100370009","geometry":{"type":"Point","coordinates":[127.1623977,37.524857]},"properties":{"pnu":"4145011300100370009","municipality_code":"41450","municipality":"하남시","district":"하남시","locality":"감북동","address":"하남시 감북동 37-9","owner_type":"시·군유지","owner_label":"하남시","manager":"","property_class":"","land_category":"도로","area_sqm":4486.0,"area_band":"3,000~5,000㎡","interest_category":"도로","solar_candidate":"검토필요","candidate_reason":"도로점용 및 실제 이용형태 추가 검토 필요; 면적 4,486㎡","priority_score":35,"source":"경기부동산포털 국공유지조회·연속지적도","source_date":"2026-08-11","installed_solar_match":false}},{"type":"Feature","id":"4145011400104770000","geometry":{"type":"Point","coordinates":[127.1489321,37.5078989]},"properties":{"pnu":"4145011400104770000","municipality_code":"41450","municipality":"하남시","district":"하남시","locality":"감일동","address":"하남시 감일동 477","owner_type":"시·군유지","owner_label":"하남시","manager":"","property_class":"","land_category":"도로","area_sqm":4439.0,"area_band":"3,000~5,000㎡","interest_category":"도로","solar_candidate":"검토필요","candidate_reason":"도로점용 및 실제 이용형태 추가 검토 필요; 면적 4,439㎡","priority_score":35,"source":"경기부동산포털 국공유지조회·연속지적도","source_date":"2026-08-11","installed_solar_match":false}},{"type":"Feature","id":"4145010600105390000","geometry":{"type":"Point","coordinates":[127.215153,37.5420053]},"properties":{"pnu":"4145010600105390000","municipality_code":"41450","municipality":"하남시","district":"하남시","locality":"신장동","address":"하남시 신장동 539","owner_type":"시·군유지","owner_label":"하남시","manager":"","property_class":"","land_category":"도로","area_sqm":4426.7,"area_band":"3,000~5,000㎡","interest_category":"도로","solar_candidate":"검토필요","candidate_reason":"도로점용 및 실제 이용형태 추가 검토 필요; 면적 4,427㎡","priority_score":35,"source":"경기부동산포털 국공유지조회·연속지적도","source_date":"2026-08-11","installed_solar_match":false}},{"type":"Feature","id":"4145012300104620013","geometry":{"type":"Point","coordinates":[127.1658168,37.5301815]},"properties":{"pnu":"4145012300104620013","municipality_code":"41450","municipality":"하남시","district":"하남시","locality":"초이동","address":"하남시 초이동 462-13","owner_type":"시·군유지","owner_label":"하남시","manager":"","property_class":"","land_category":"도로","area_sqm":4397.0,"area_band":"3,000~5,000㎡","interest_category":"도로","solar_candidate":"검토필요","candidate_reason":"도로점용 및 실제 이용형태 추가 검토 필요; 면적 4,397㎡","priority_score":35,"source":"경기부동산포털 국공유지조회·연속지적도","source_date":"2026-08-11","installed_solar_match":false}},{"type":"Feature","id":"4145010900111870001","geometry":{"type":"Point","coordinates":[127.2006732,37.5602263]},"properties":{"pnu":"4145010900111870001","municipality_code":"41450","municipality":"하남시","district":"하남시","locality":"망월동","address":"하남시 망월동 1187-1","owner_type":"시·군유지","owner_label":"하남시","manager":"","property_class":"","land_category":"도로","area_sqm":4391.1,"area_band":"3,000~5,000㎡","interest_category":"도로","solar_candidate":"검토필요","candidate_reason":"도로점용 및 실제 이용형태 추가 검토 필요; 면적 4,391㎡","priority_score":35,"source":"경기부동산포털 국공유지조회·연속지적도","source_date":"2026-08-11","installed_solar_match":false}},{"type":"Feature","id":"4145012400104210003","geometry":{"type":"Point","coordinates":[127.1727579,37.5261449]},"properties":{"pnu":"4145012400104210003","municipality_code":"41450","municipality":"하남시","district":"하남시","locality":"광암동","address":"하남시 광암동 421-3","owner_type":"시·군유지","owner_label":"하남시","manager":"","property_class":"","land_category":"도로","area_sqm":4347.2,"area_band":"3,000~5,000㎡","interest_category":"도로","solar_candidate":"검토필요","candidate_reason":"도로점용 및 실제 이용형태 추가 검토 필요; 면적 4,347㎡","priority_score":35,"source":"경기부동산포털 국공유지조회·연속지적도","source_date":"2026-08-11","installed_solar_match":false}},{"type":"Feature","id":"4145010100100620046","geometry":{"type":"Point","coordinates":[127.2202581,37.5305945]},"properties":{"pnu":"4145010100100620046","municipality_code":"41450","municipality":"하남시","district":"하남시","locality":"천현동","address":"하남시 천현동 62-46","owner_type":"시·군유지","owner_label":"하남시","manager":"","property_class":"","land_category":"도로","area_sqm":4264.0,"area_band":"3,000~5,000㎡","interest_category":"도로","solar_candidate":"검토필요","candidate_reason":"도로점용 및 실제 이용형태 추가 검토 필요; 면적 4,264㎡","priority_score":35,"source":"경기부동산포털 국공유지조회·연속지적도","source_date":"2026-08-11","installed_solar_match":false}},{"type":"Feature","id":"4145010900111440000","geometry":{"type":"Point","coordinates":[127.1982501,37.5650145]},"properties":{"pnu":"4145010900111440000","municipality_code":"41450","municipality":"하남시","district":"하남시","locality":"망월동","address":"하남시 망월동 1144","owner_type":"시·군유지","owner_label":"하남시","manager":"","property_class":"","land_category":"도로","area_sqm":4230.2,"area_band":"3,000~5,000㎡","interest_category":"도로","solar_candidate":"검토필요","candidate_reason":"도로점용 및 실제 이용형태 추가 검토 필요; 면적 4,230㎡","priority_score":35,"source":"경기부동산포털 국공유지조회·연속지적도","source_date":"2026-08-11","installed_solar_match":false}},{"type":"Feature","id":"4145010800107230000","geometry":{"type":"Point","coordinates":[127.1993294,37.5559681]},"properties":{"pnu":"4145010800107230000","municipality_code":"41450","municipality":"하남시","district":"하남시","locality":"덕풍동","address":"하남시 덕풍동 723","owner_type":"시·군유지","owner_label":"하남시","manager":"","property_class":"","land_category":"도로","area_sqm":4209.5,"area_band":"3,000~5,000㎡","interest_category":"도로","solar_candidate":"검토필요","candidate_reason":"도로점용 및 실제 이용형태 추가 검토 필요; 면적 4,210㎡","priority_score":35,"source":"경기부동산포털 국공유지조회·연속지적도","source_date":"2026-08-11","installed_solar_match":true,"installed_solar_count":1,"installed_solar_area_sqm":16.7,"installed_solar_analysis_years":["2024"],"installed_solar_types":["개인주택"],"installed_solar_permit_status_counts":{"N":1}}},{"type":"Feature","id":"4145010400200020023","geometry":{"type":"Point","coordinates":[127.247285,37.5389687]},"properties":{"pnu":"4145010400200020023","municipality_code":"41450","municipality":"하남시","district":"하남시","locality":"배알미동","address":"하남시 배알미동 산2-23","owner_type":"시·군유지","owner_label":"하남시","manager":"","property_class":"","land_category":"도로","area_sqm":4209.0,"area_band":"3,000~5,000㎡","interest_category":"도로","solar_candidate":"검토필요","candidate_reason":"도로점용 및 실제 이용형태 추가 검토 필요; 면적 4,209㎡","priority_score":35,"source":"경기부동산포털 국공유지조회·연속지적도","source_date":"2026-08-11","installed_solar_match":false}},{"type":"Feature","id":"4145010600102770004","geometry":{"type":"Point","coordinates":[127.2150533,37.550722]},"properties":{"pnu":"4145010600102770004","municipality_code":"41450","municipality":"하남시","district":"하남시","locality":"신장동","address":"하남시 신장동 277-4","owner_type":"시·군유지","owner_label":"하남시","manager":"","property_class":"","land_category":"도로","area_sqm":4177.0,"area_band":"3,000~5,000㎡","interest_category":"도로","solar_candidate":"검토필요","candidate_reason":"도로점용 및 실제 이용형태 추가 검토 필요; 면적 4,177㎡","priority_score":35,"source":"경기부동산포털 국공유지조회·연속지적도","source_date":"2026-08-11","installed_solar_match":false}},{"type":"Feature","id":"4145011300102860012","geometry":{"type":"Point","coordinates":[127.1599346,37.52073]},"properties":{"pnu":"4145011300102860012","municipality_code":"41450","municipality":"하남시","district":"하남시","locality":"감북동","address":"하남시 감북동 286-12","owner_type":"시·군유지","owner_label":"하남시","manager":"","property_class":"","land_category":"도로","area_sqm":4175.0,"area_band":"3,000~5,000㎡","interest_category":"도로","solar_candidate":"검토필요","candidate_reason":"도로점용 및 실제 이용형태 추가 검토 필요; 면적 4,175㎡","priority_score":35,"source":"경기부동산포털 국공유지조회·연속지적도","source_date":"2026-08-11","installed_solar_match":false}},{"type":"Feature","id":"4145011700102900001","geometry":{"type":"Point","coordinates":[127.1992031,37.5208198]},"properties":{"pnu":"4145011700102900001","municipality_code":"41450","municipality":"하남시","district":"하남시","locality":"교산동","address":"하남시 교산동 290-1","owner_type":"시·군유지","owner_label":"하남시","manager":"","property_class":"","land_category":"도로","area_sqm":4143.0,"area_band":"3,000~5,000㎡","interest_category":"도로","solar_candidate":"검토필요","candidate_reason":"도로점용 및 실제 이용형태 추가 검토 필요; 면적 4,143㎡","priority_score":35,"source":"경기부동산포털 국공유지조회·연속지적도","source_date":"2026-08-11","installed_solar_match":false}},{"type":"Feature","id":"4145011400104510000","geometry":{"type":"Point","coordinates":[127.149657,37.5106713]},"properties":{"pnu":"4145011400104510000","municipality_code":"41450","municipality":"하남시","district":"하남시","locality":"감일동","address":"하남시 감일동 451","owner_type":"시·군유지","owner_label":"하남시","manager":"","property_class":"","land_category":"도로","area_sqm":4142.9,"area_band":"3,000~5,000㎡","interest_category":"도로","solar_candidate":"검토필요","candidate_reason":"도로점용 및 실제 이용형태 추가 검토 필요; 면적 4,143㎡","priority_score":35,"source":"경기부동산포털 국공유지조회·연속지적도","source_date":"2026-08-11","installed_solar_match":false}},{"type":"Feature","id":"4145011600106750004","geometry":{"type":"Point","coordinates":[127.1486107,37.4835613]},"properties":{"pnu":"4145011600106750004","municipality_code":"41450","municipality":"하남시","district":"하남시","locality":"학암동","address":"하남시 학암동 675-4","owner_type":"시·군유지","owner_label":"하남시","manager":"","property_class":"","land_category":"도로","area_sqm":4120.4,"area_band":"3,000~5,000㎡","interest_category":"도로","solar_candidate":"검토필요","candidate_reason":"도로점용 및 실제 이용형태 추가 검토 필요; 면적 4,120㎡","priority_score":35,"source":"경기부동산포털 국공유지조회·연속지적도","source_date":"2026-08-11","installed_solar_match":false}},{"type":"Feature","id":"4145010600105520000","geometry":{"type":"Point","coordinates":[127.2203452,37.5393168]},"properties":{"pnu":"4145010600105520000","municipality_code":"41450","municipality":"하남시","district":"하남시","locality":"신장동","address":"하남시 신장동 552","owner_type":"시·군유지","owner_label":"하남시","manager":"","property_class":"","land_category":"도로","area_sqm":4113.1,"area_band":"3,000~5,000㎡","interest_category":"도로","solar_candidate":"검토필요","candidate_reason":"도로점용 및 실제 이용형태 추가 검토 필요; 면적 4,113㎡","priority_score":35,"source":"경기부동산포털 국공유지조회·연속지적도","source_date":"2026-08-11","installed_solar_match":false}},{"type":"Feature","id":"4145010100106220000","geometry":{"type":"Point","coordinates":[127.2129491,37.5353384]},"properties":{"pnu":"4145010100106220000","municipality_code":"41450","municipality":"하남시","district":"하남시","locality":"천현동","address":"하남시 천현동 622","owner_type":"시·군유지","owner_label":"하남시","manager":"","property_class":"","land_category":"도로","area_sqm":4108.6,"area_band":"3,000~5,000㎡","interest_category":"도로","solar_candidate":"검토필요","candidate_reason":"도로점용 및 실제 이용형태 추가 검토 필요; 면적 4,109㎡","priority_score":35,"source":"경기부동산포털 국공유지조회·연속지적도","source_date":"2026-08-11","installed_solar_match":false}},{"type":"Feature","id":"4145010800100250001","geometry":{"type":"Point","coordinates":[127.2089617,37.5557749]},"properties":{"pnu":"4145010800100250001","municipality_code":"41450","municipality":"하남시","district":"하남시","locality":"덕풍동","address":"하남시 덕풍동 25-1","owner_type":"시·군유지","owner_label":"하남시","manager":"","property_class":"","land_category":"도로","area_sqm":4106.0,"area_band":"3,000~5,000㎡","interest_category":"도로","solar_candidate":"검토필요","candidate_reason":"도로점용 및 실제 이용형태 추가 검토 필요; 면적 4,106㎡","priority_score":35,"source":"경기부동산포털 국공유지조회·연속지적도","source_date":"2026-08-11","installed_solar_match":false}},{"type":"Feature","id":"4145010300200090001","geometry":{"type":"Point","coordinates":[127.2321236,37.5334964]},"properties":{"pnu":"4145010300200090001","municipality_code":"41450","municipality":"하남시","district":"하남시","locality":"창우동","address":"하남시 창우동 산9-1","owner_type":"시·군유지","owner_label":"하남시","manager":"","property_class":"","land_category":"도로","area_sqm":4077.0,"area_band":"3,000~5,000㎡","interest_category":"도로","solar_candidate":"검토필요","candidate_reason":"도로점용 및 실제 이용형태 추가 검토 필요; 면적 4,077㎡","priority_score":35,"source":"경기부동산포털 국공유지조회·연속지적도","source_date":"2026-08-11","installed_solar_match":false}},{"type":"Feature","id":"4145010800107260003","geometry":{"type":"Point","coordinates":[127.2069182,37.5545956]},"properties":{"pnu":"4145010800107260003","municipality_code":"41450","municipality":"하남시","district":"하남시","locality":"덕풍동","address":"하남시 덕풍동 726-3","owner_type":"시·군유지","owner_label":"하남시","manager":"","property_class":"","land_category":"도로","area_sqm":4046.8,"area_band":"3,000~5,000㎡","interest_category":"도로","solar_candidate":"검토필요","candidate_reason":"도로점용 및 실제 이용형태 추가 검토 필요; 면적 4,047㎡","priority_score":35,"source":"경기부동산포털 국공유지조회·연속지적도","source_date":"2026-08-11","installed_solar_match":false}},{"type":"Feature","id":"4145010900110820000","geometry":{"type":"Point","coordinates":[127.1901811,37.5661897]},"properties":{"pnu":"4145010900110820000","municipality_code":"41450","municipality":"하남시","district":"하남시","locality":"망월동","address":"하남시 망월동 1082","owner_type":"시·군유지","owner_label":"하남시","manager":"","property_class":"","land_category":"도로","area_sqm":4045.5,"area_band":"3,000~5,000㎡","interest_category":"도로","solar_candidate":"검토필요","candidate_reason":"도로점용 및 실제 이용형태 추가 검토 필요; 면적 4,046㎡","priority_score":35,"source":"경기부동산포털 국공유지조회·연속지적도","source_date":"2026-08-11","installed_solar_match":false}},{"type":"Feature","id":"4145010400200020018","geometry":{"type":"Point","coordinates":[127.2484264,37.5388003]},"properties":{"pnu":"4145010400200020018","municipality_code":"41450","municipality":"하남시","district":"하남시","locality":"배알미동","address":"하남시 배알미동 산2-18","owner_type":"시·군유지","owner_label":"하남시","manager":"","property_class":"","land_category":"도로","area_sqm":4036.0,"area_band":"3,000~5,000㎡","interest_category":"도로","solar_candidate":"검토필요","candidate_reason":"도로점용 및 실제 이용형태 추가 검토 필요; 면적 4,036㎡","priority_score":35,"source":"경기부동산포털 국공유지조회·연속지적도","source_date":"2026-08-11","installed_solar_match":false}},{"type":"Feature","id":"4145010600105350000","geometry":{"type":"Point","coordinates":[127.2130973,37.5403677]},"properties":{"pnu":"4145010600105350000","municipality_code":"41450","municipality":"하남시","district":"하남시","locality":"신장동","address":"하남시 신장동 535","owner_type":"시·군유지","owner_label":"하남시","manager":"","property_class":"","land_category":"도로","area_sqm":4028.4,"area_band":"3,000~5,000㎡","interest_category":"도로","solar_candidate":"검토필요","candidate_reason":"도로점용 및 실제 이용형태 추가 검토 필요; 면적 4,028㎡","priority_score":35,"source":"경기부동산포털 국공유지조회·연속지적도","source_date":"2026-08-11","installed_solar_match":false}},{"type":"Feature","id":"4145010500101570016","geometry":{"type":"Point","coordinates":[127.2331682,37.4946559]},"properties":{"pnu":"4145010500101570016","municipality_code":"41450","municipality":"하남시","district":"하남시","locality":"상산곡동","address":"하남시 상산곡동 157-16","owner_type":"시·군유지","owner_label":"하남시","manager":"","property_class":"","land_category":"도로","area_sqm":4013.0,"area_band":"3,000~5,000㎡","interest_category":"도로","solar_candidate":"검토필요","candidate_reason":"도로점용 및 실제 이용형태 추가 검토 필요; 면적 4,013㎡","priority_score":35,"source":"경기부동산포털 국공유지조회·연속지적도","source_date":"2026-08-11","installed_solar_match":false}},{"type":"Feature","id":"4145011800200390014","geometry":{"type":"Point","coordinates":[127.1817141,37.5221522]},"properties":{"pnu":"4145011800200390014","municipality_code":"41450","municipality":"하남시","district":"하남시","locality":"춘궁동","address":"하남시 춘궁동 산39-14","owner_type":"시·군유지","owner_label":"하남시","manager":"","property_class":"","land_category":"도로","area_sqm":4005.0,"area_band":"3,000~5,000㎡","interest_category":"도로","solar_candidate":"검토필요","candidate_reason":"도로점용 및 실제 이용형태 추가 검토 필요; 면적 4,005㎡","priority_score":35,"source":"경기부동산포털 국공유지조회·연속지적도","source_date":"2026-08-11","installed_solar_match":false}},{"type":"Feature","id":"4145010900111330000","geometry":{"type":"Point","coordinates":[127.1943241,37.562136]},"properties":{"pnu":"4145010900111330000","municipality_code":"41450","municipality":"하남시","district":"하남시","locality":"망월동","address":"하남시 망월동 1133","owner_type":"시·군유지","owner_label":"하남시","manager":"","property_class":"","land_category":"도로","area_sqm":3992.4,"area_band":"3,000~5,000㎡","interest_category":"도로","solar_candidate":"검토필요","candidate_reason":"도로점용 및 실제 이용형태 추가 검토 필요; 면적 3,992㎡","priority_score":35,"source":"경기부동산포털 국공유지조회·연속지적도","source_date":"2026-08-11","installed_solar_match":false}},{"type":"Feature","id":"4145011600106750002","geometry":{"type":"Point","coordinates":[127.1590352,37.4886478]},"properties":{"pnu":"4145011600106750002","municipality_code":"41450","municipality":"하남시","district":"하남시","locality":"학암동","address":"하남시 학암동 675-2","owner_type":"시·군유지","owner_label":"하남시","manager":"","property_class":"","land_category":"도로","area_sqm":3989.5,"area_band":"3,000~5,000㎡","interest_category":"도로","solar_candidate":"검토필요","candidate_reason":"도로점용 및 실제 이용형태 추가 검토 필요; 면적 3,990㎡","priority_score":35,"source":"경기부동산포털 국공유지조회·연속지적도","source_date":"2026-08-11","installed_solar_match":false}},{"type":"Feature","id":"4145010100103030000","geometry":{"type":"Point","coordinates":[127.2004296,37.5296864]},"properties":{"pnu":"4145010100103030000","municipality_code":"41450","municipality":"하남시","district":"하남시","locality":"천현동","address":"하남시 천현동 303","owner_type":"시·군유지","owner_label":"하남시","manager":"","property_class":"","land_category":"도로","area_sqm":3978.0,"area_band":"3,000~5,000㎡","interest_category":"도로","solar_candidate":"검토필요","candidate_reason":"도로점용 및 실제 이용형태 추가 검토 필요; 면적 3,978㎡","priority_score":35,"source":"경기부동산포털 국공유지조회·연속지적도","source_date":"2026-08-11","installed_solar_match":false}},{"type":"Feature","id":"4145012300103370004","geometry":{"type":"Point","coordinates":[127.1710985,37.532679]},"properties":{"pnu":"4145012300103370004","municipality_code":"41450","municipality":"하남시","district":"하남시","locality":"초이동","address":"하남시 초이동 337-4","owner_type":"시·군유지","owner_label":"하남시","manager":"","property_class":"","land_category":"도로","area_sqm":3948.0,"area_band":"3,000~5,000㎡","interest_category":"도로","solar_candidate":"검토필요","candidate_reason":"도로점용 및 실제 이용형태 추가 검토 필요; 면적 3,948㎡","priority_score":35,"source":"경기부동산포털 국공유지조회·연속지적도","source_date":"2026-08-11","installed_solar_match":false}},{"type":"Feature","id":"4145012200200640028","geometry":{"type":"Point","coordinates":[127.1799033,37.5397234]},"properties":{"pnu":"4145012200200640028","municipality_code":"41450","municipality":"하남시","district":"하남시","locality":"초일동","address":"하남시 초일동 산64-28","owner_type":"시·군유지","owner_label":"하남시","manager":"","property_class":"","land_category":"도로","area_sqm":3936.0,"area_band":"3,000~5,000㎡","interest_category":"도로","solar_candidate":"검토필요","candidate_reason":"도로점용 및 실제 이용형태 추가 검토 필요; 면적 3,936㎡","priority_score":35,"source":"경기부동산포털 국공유지조회·연속지적도","source_date":"2026-08-11","installed_solar_match":false}},{"type":"Feature","id":"4145010600104130001","geometry":{"type":"Point","coordinates":[127.2084624,37.5408982]},"properties":{"pnu":"4145010600104130001","municipality_code":"41450","municipality":"하남시","district":"하남시","locality":"신장동","address":"하남시 신장동 413-1","owner_type":"시·군유지","owner_label":"하남시","manager":"","property_class":"","land_category":"도로","area_sqm":3856.0,"area_band":"3,000~5,000㎡","interest_category":"도로","solar_candidate":"검토필요","candidate_reason":"도로점용 및 실제 이용형태 추가 검토 필요; 면적 3,856㎡","priority_score":35,"source":"경기부동산포털 국공유지조회·연속지적도","source_date":"2026-08-11","installed_solar_match":false}},{"type":"Feature","id":"4145011700103160002","geometry":{"type":"Point","coordinates":[127.198897,37.5238389]},"properties":{"pnu":"4145011700103160002","municipality_code":"41450","municipality":"하남시","district":"하남시","locality":"교산동","address":"하남시 교산동 316-2","owner_type":"시·군유지","owner_label":"하남시","manager":"","property_class":"","land_category":"도로","area_sqm":3856.0,"area_band":"3,000~5,000㎡","interest_category":"도로","solar_candidate":"검토필요","candidate_reason":"도로점용 및 실제 이용형태 추가 검토 필요; 면적 3,856㎡","priority_score":35,"source":"경기부동산포털 국공유지조회·연속지적도","source_date":"2026-08-11","installed_solar_match":false}},{"type":"Feature","id":"4145010200103910002","geometry":{"type":"Point","coordinates":[127.2300607,37.5044505]},"properties":{"pnu":"4145010200103910002","municipality_code":"41450","municipality":"하남시","district":"하남시","locality":"하산곡동","address":"하남시 하산곡동 391-2","owner_type":"시·군유지","owner_label":"하남시","manager":"","property_class":"","land_category":"도로","area_sqm":3852.0,"area_band":"3,000~5,000㎡","interest_category":"도로","solar_candidate":"검토필요","candidate_reason":"도로점용 및 실제 이용형태 추가 검토 필요; 면적 3,852㎡","priority_score":35,"source":"경기부동산포털 국공유지조회·연속지적도","source_date":"2026-08-11","installed_solar_match":false}},{"type":"Feature","id":"4145010600104240001","geometry":{"type":"Point","coordinates":[127.2074076,37.5414059]},"properties":{"pnu":"4145010600104240001","municipality_code":"41450","municipality":"하남시","district":"하남시","locality":"신장동","address":"하남시 신장동 424-1","owner_type":"시·군유지","owner_label":"하남시","manager":"","property_class":"","land_category":"도로","area_sqm":3843.0,"area_band":"3,000~5,000㎡","interest_category":"도로","solar_candidate":"검토필요","candidate_reason":"도로점용 및 실제 이용형태 추가 검토 필요; 면적 3,843㎡","priority_score":35,"source":"경기부동산포털 국공유지조회·연속지적도","source_date":"2026-08-11","installed_solar_match":false}},{"type":"Feature","id":"4145010200100400006","geometry":{"type":"Point","coordinates":[127.2268693,37.5248018]},"properties":{"pnu":"4145010200100400006","municipality_code":"41450","municipality":"하남시","district":"하남시","locality":"하산곡동","address":"하남시 하산곡동 40-6","owner_type":"시·군유지","owner_label":"하남시","manager":"","property_class":"","land_category":"도로","area_sqm":3797.0,"area_band":"3,000~5,000㎡","interest_category":"도로","solar_candidate":"검토필요","candidate_reason":"도로점용 및 실제 이용형태 추가 검토 필요; 면적 3,797㎡","priority_score":35,"source":"경기부동산포털 국공유지조회·연속지적도","source_date":"2026-08-11","installed_solar_match":false}},{"type":"Feature","id":"4145010600103060010","geometry":{"type":"Point","coordinates":[127.2128387,37.5489581]},"properties":{"pnu":"4145010600103060010","municipality_code":"41450","municipality":"하남시","district":"하남시","locality":"신장동","address":"하남시 신장동 306-10","owner_type":"시·군유지","owner_label":"하남시","manager":"","property_class":"","land_category":"도로","area_sqm":3779.0,"area_band":"3,000~5,000㎡","interest_category":"도로","solar_candidate":"검토필요","candidate_reason":"도로점용 및 실제 이용형태 추가 검토 필요; 면적 3,779㎡","priority_score":35,"source":"경기부동산포털 국공유지조회·연속지적도","source_date":"2026-08-11","installed_solar_match":false}},{"type":"Feature","id":"4145012400104210001","geometry":{"type":"Point","coordinates":[127.1725675,37.5285109]},"properties":{"pnu":"4145012400104210001","municipality_code":"41450","municipality":"하남시","district":"하남시","locality":"광암동","address":"하남시 광암동 421-1","owner_type":"시·군유지","owner_label":"하남시","manager":"","property_class":"","land_category":"도로","area_sqm":3765.6,"area_band":"3,000~5,000㎡","interest_category":"도로","solar_candidate":"검토필요","candidate_reason":"도로점용 및 실제 이용형태 추가 검토 필요; 면적 3,766㎡","priority_score":35,"source":"경기부동산포털 국공유지조회·연속지적도","source_date":"2026-08-11","installed_solar_match":false}},{"type":"Feature","id":"4145011000105030000","geometry":{"type":"Point","coordinates":[127.188478,37.5576957]},"properties":{"pnu":"4145011000105030000","municipality_code":"41450","municipality":"하남시","district":"하남시","locality":"풍산동","address":"하남시 풍산동 503","owner_type":"시·군유지","owner_label":"하남시","manager":"","property_class":"","land_category":"도로","area_sqm":3763.6,"area_band":"3,000~5,000㎡","interest_category":"도로","solar_candidate":"검토필요","candidate_reason":"도로점용 및 실제 이용형태 추가 검토 필요; 면적 3,764㎡","priority_score":35,"source":"경기부동산포털 국공유지조회·연속지적도","source_date":"2026-08-11","installed_solar_match":false}},{"type":"Feature","id":"4145011000105110000","geometry":{"type":"Point","coordinates":[127.1877888,37.5556019]},"properties":{"pnu":"4145011000105110000","municipality_code":"41450","municipality":"하남시","district":"하남시","locality":"풍산동","address":"하남시 풍산동 511","owner_type":"시·군유지","owner_label":"하남시","manager":"","property_class":"","land_category":"도로","area_sqm":3760.6,"area_band":"3,000~5,000㎡","interest_category":"도로","solar_candidate":"검토필요","candidate_reason":"도로점용 및 실제 이용형태 추가 검토 필요; 면적 3,761㎡","priority_score":35,"source":"경기부동산포털 국공유지조회·연속지적도","source_date":"2026-08-11","installed_solar_match":false}},{"type":"Feature","id":"4145010900110700000","geometry":{"type":"Point","coordinates":[127.1888605,37.5600648]},"properties":{"pnu":"4145010900110700000","municipality_code":"41450","municipality":"하남시","district":"하남시","locality":"망월동","address":"하남시 망월동 1070","owner_type":"시·군유지","owner_label":"하남시","manager":"","property_class":"","land_category":"도로","area_sqm":3753.6,"area_band":"3,000~5,000㎡","interest_category":"도로","solar_candidate":"검토필요","candidate_reason":"도로점용 및 실제 이용형태 추가 검토 필요; 면적 3,754㎡","priority_score":35,"source":"경기부동산포털 국공유지조회·연속지적도","source_date":"2026-08-11","installed_solar_match":false}},{"type":"Feature","id":"4145011500104610001","geometry":{"type":"Point","coordinates":[127.1620049,37.5064486]},"properties":{"pnu":"4145011500104610001","municipality_code":"41450","municipality":"하남시","district":"하남시","locality":"감이동","address":"하남시 감이동 461-1","owner_type":"시·군유지","owner_label":"하남시","manager":"","property_class":"","land_category":"도로","area_sqm":3750.3,"area_band":"3,000~5,000㎡","interest_category":"도로","solar_candidate":"검토필요","candidate_reason":"도로점용 및 실제 이용형태 추가 검토 필요; 면적 3,750㎡","priority_score":35,"source":"경기부동산포털 국공유지조회·연속지적도","source_date":"2026-08-11","installed_solar_match":false}},{"type":"Feature","id":"4145012300102010007","geometry":{"type":"Point","coordinates":[127.1752524,37.5428988]},"properties":{"pnu":"4145012300102010007","municipality_code":"41450","municipality":"하남시","district":"하남시","locality":"초이동","address":"하남시 초이동 201-7","owner_type":"시·군유지","owner_label":"하남시","manager":"","property_class":"","land_category":"도로","area_sqm":3745.0,"area_band":"3,000~5,000㎡","interest_category":"도로","solar_candidate":"검토필요","candidate_reason":"도로점용 및 실제 이용형태 추가 검토 필요; 면적 3,745㎡","priority_score":35,"source":"경기부동산포털 국공유지조회·연속지적도","source_date":"2026-08-11","installed_solar_match":false}},{"type":"Feature","id":"4145010600105560000","geometry":{"type":"Point","coordinates":[127.2143459,37.5370033]},"properties":{"pnu":"4145010600105560000","municipality_code":"41450","municipality":"하남시","district":"하남시","locality":"신장동","address":"하남시 신장동 556","owner_type":"시·군유지","owner_label":"하남시","manager":"","property_class":"","land_category":"도로","area_sqm":3729.4,"area_band":"3,000~5,000㎡","interest_category":"도로","solar_candidate":"검토필요","candidate_reason":"도로점용 및 실제 이용형태 추가 검토 필요; 면적 3,729㎡","priority_score":35,"source":"경기부동산포털 국공유지조회·연속지적도","source_date":"2026-08-11","installed_solar_match":false}},{"type":"Feature","id":"4145010300103360013","geometry":{"type":"Point","coordinates":[127.2239781,37.5300052]},"properties":{"pnu":"4145010300103360013","municipality_code":"41450","municipality":"하남시","district":"하남시","locality":"창우동","address":"하남시 창우동 336-13","owner_type":"시·군유지","owner_label":"하남시","manager":"","property_class":"","land_category":"도로","area_sqm":3712.0,"area_band":"3,000~5,000㎡","interest_category":"도로","solar_candidate":"검토필요","candidate_reason":"도로점용 및 실제 이용형태 추가 검토 필요; 면적 3,712㎡","priority_score":35,"source":"경기부동산포털 국공유지조회·연속지적도","source_date":"2026-08-11","installed_solar_match":false}},{"type":"Feature","id":"4145010800107260001","geometry":{"type":"Point","coordinates":[127.2042903,37.5555562]},"properties":{"pnu":"4145010800107260001","municipality_code":"41450","municipality":"하남시","district":"하남시","locality":"덕풍동","address":"하남시 덕풍동 726-1","owner_type":"시·군유지","owner_label":"하남시","manager":"","property_class":"","land_category":"도로","area_sqm":3671.8,"area_band":"3,000~5,000㎡","interest_category":"도로","solar_candidate":"검토필요","candidate_reason":"도로점용 및 실제 이용형태 추가 검토 필요; 면적 3,672㎡","priority_score":35,"source":"경기부동산포털 국공유지조회·연속지적도","source_date":"2026-08-11","installed_solar_match":false}},{"type":"Feature","id":"4145012400100100011","geometry":{"type":"Point","coordinates":[127.1728412,37.5316471]},"properties":{"pnu":"4145012400100100011","municipality_code":"41450","municipality":"하남시","district":"하남시","locality":"광암동","address":"하남시 광암동 10-11","owner_type":"시·군유지","owner_label":"하남시","manager":"","property_class":"","land_category":"도로","area_sqm":3652.0,"area_band":"3,000~5,000㎡","interest_category":"도로","solar_candidate":"검토필요","candidate_reason":"도로점용 및 실제 이용형태 추가 검토 필요; 면적 3,652㎡","priority_score":35,"source":"경기부동산포털 국공유지조회·연속지적도","source_date":"2026-08-11","installed_solar_match":false}},{"type":"Feature","id":"4145010800106920002","geometry":{"type":"Point","coordinates":[127.2006762,37.5433011]},"properties":{"pnu":"4145010800106920002","municipality_code":"41450","municipality":"하남시","district":"하남시","locality":"덕풍동","address":"하남시 덕풍동 692-2","owner_type":"시·군유지","owner_label":"하남시","manager":"","property_class":"","land_category":"도로","area_sqm":3648.9,"area_band":"3,000~5,000㎡","interest_category":"도로","solar_candidate":"검토필요","candidate_reason":"도로점용 및 실제 이용형태 추가 검토 필요; 면적 3,649㎡","priority_score":35,"source":"경기부동산포털 국공유지조회·연속지적도","source_date":"2026-08-11","installed_solar_match":false}},{"type":"Feature","id":"4145011400105150001","geometry":{"type":"Point","coordinates":[127.1530891,37.5080703]},"properties":{"pnu":"4145011400105150001","municipality_code":"41450","municipality":"하남시","district":"하남시","locality":"감일동","address":"하남시 감일동 515-1","owner_type":"시·군유지","owner_label":"하남시","manager":"","property_class":"","land_category":"도로","area_sqm":3627.5,"area_band":"3,000~5,000㎡","interest_category":"도로","solar_candidate":"검토필요","candidate_reason":"도로점용 및 실제 이용형태 추가 검토 필요; 면적 3,628㎡","priority_score":35,"source":"경기부동산포털 국공유지조회·연속지적도","source_date":"2026-08-11","installed_solar_match":false}},{"type":"Feature","id":"4145010800108350000","geometry":{"type":"Point","coordinates":[127.2069396,37.5560639]},"properties":{"pnu":"4145010800108350000","municipality_code":"41450","municipality":"하남시","district":"하남시","locality":"덕풍동","address":"하남시 덕풍동 835","owner_type":"시·군유지","owner_label":"하남시","manager":"","property_class":"","land_category":"도로","area_sqm":3601.9,"area_band":"3,000~5,000㎡","interest_category":"도로","solar_candidate":"검토필요","candidate_reason":"도로점용 및 실제 이용형태 추가 검토 필요; 면적 3,602㎡","priority_score":35,"source":"경기부동산포털 국공유지조회·연속지적도","source_date":"2026-08-11","installed_solar_match":false}},{"type":"Feature","id":"4145011400104500000","geometry":{"type":"Point","coordinates":[127.1502556,37.510782]},"properties":{"pnu":"4145011400104500000","municipality_code":"41450","municipality":"하남시","district":"하남시","locality":"감일동","address":"하남시 감일동 450","owner_type":"시·군유지","owner_label":"하남시","manager":"","property_class":"","land_category":"도로","area_sqm":3572.7,"area_band":"3,000~5,000㎡","interest_category":"도로","solar_candidate":"검토필요","candidate_reason":"도로점용 및 실제 이용형태 추가 검토 필요; 면적 3,573㎡","priority_score":35,"source":"경기부동산포털 국공유지조회·연속지적도","source_date":"2026-08-11","installed_solar_match":false}},{"type":"Feature","id":"4145010100104190001","geometry":{"type":"Point","coordinates":[127.2173989,37.5316293]},"properties":{"pnu":"4145010100104190001","municipality_code":"41450","municipality":"하남시","district":"하남시","locality":"천현동","address":"하남시 천현동 419-1","owner_type":"시·군유지","owner_label":"하남시","manager":"","property_class":"","land_category":"도로","area_sqm":3561.0,"area_band":"3,000~5,000㎡","interest_category":"도로","solar_candidate":"검토필요","candidate_reason":"도로점용 및 실제 이용형태 추가 검토 필요; 면적 3,561㎡","priority_score":35,"source":"경기부동산포털 국공유지조회·연속지적도","source_date":"2026-08-11","installed_solar_match":false}},{"type":"Feature","id":"4145011900104080000","geometry":{"type":"Point","coordinates":[127.1970578,37.5126091]},"properties":{"pnu":"4145011900104080000","municipality_code":"41450","municipality":"하남시","district":"하남시","locality":"하사창동","address":"하남시 하사창동 408","owner_type":"시·군유지","owner_label":"하남시","manager":"","property_class":"","land_category":"도로","area_sqm":3560.0,"area_band":"3,000~5,000㎡","interest_category":"도로","solar_candidate":"검토필요","candidate_reason":"도로점용 및 실제 이용형태 추가 검토 필요; 면적 3,560㎡","priority_score":35,"source":"경기부동산포털 국공유지조회·연속지적도","source_date":"2026-08-11","installed_solar_match":false}},{"type":"Feature","id":"4145011000106000000","geometry":{"type":"Point","coordinates":[127.1918422,37.5478928]},"properties":{"pnu":"4145011000106000000","municipality_code":"41450","municipality":"하남시","district":"하남시","locality":"풍산동","address":"하남시 풍산동 600","owner_type":"시·군유지","owner_label":"하남시","manager":"","property_class":"","land_category":"도로","area_sqm":3558.0,"area_band":"3,000~5,000㎡","interest_category":"도로","solar_candidate":"검토필요","candidate_reason":"도로점용 및 실제 이용형태 추가 검토 필요; 면적 3,558㎡","priority_score":35,"source":"경기부동산포털 국공유지조회·연속지적도","source_date":"2026-08-11","installed_solar_match":false}},{"type":"Feature","id":"4145012400200210006","geometry":{"type":"Point","coordinates":[127.1783902,37.5225955]},"properties":{"pnu":"4145012400200210006","municipality_code":"41450","municipality":"하남시","district":"하남시","locality":"광암동","address":"하남시 광암동 산21-6","owner_type":"시·군유지","owner_label":"하남시","manager":"","property_class":"","land_category":"도로","area_sqm":3507.0,"area_band":"3,000~5,000㎡","interest_category":"도로","solar_candidate":"검토필요","candidate_reason":"도로점용 및 실제 이용형태 추가 검토 필요; 면적 3,507㎡","priority_score":35,"source":"경기부동산포털 국공유지조회·연속지적도","source_date":"2026-08-11","installed_solar_match":false}},{"type":"Feature","id":"4145010200103260034","geometry":{"type":"Point","coordinates":[127.2280311,37.507466]},"properties":{"pnu":"4145010200103260034","municipality_code":"41450","municipality":"하남시","district":"하남시","locality":"하산곡동","address":"하남시 하산곡동 326-34","owner_type":"시·군유지","owner_label":"하남시","manager":"","property_class":"","land_category":"도로","area_sqm":3503.0,"area_band":"3,000~5,000㎡","interest_category":"도로","solar_candidate":"검토필요","candidate_reason":"도로점용 및 실제 이용형태 추가 검토 필요; 면적 3,503㎡","priority_score":35,"source":"경기부동산포털 국공유지조회·연속지적도","source_date":"2026-08-11","installed_solar_match":false}},{"type":"Feature","id":"4145010600105450000","geometry":{"type":"Point","coordinates":[127.2158101,37.5401716]},"properties":{"pnu":"4145010600105450000","municipality_code":"41450","municipality":"하남시","district":"하남시","locality":"신장동","address":"하남시 신장동 545","owner_type":"시·군유지","owner_label":"하남시","manager":"","property_class":"","land_category":"도로","area_sqm":3492.1,"area_band":"3,000~5,000㎡","interest_category":"도로","solar_candidate":"검토필요","candidate_reason":"도로점용 및 실제 이용형태 추가 검토 필요; 면적 3,492㎡","priority_score":35,"source":"경기부동산포털 국공유지조회·연속지적도","source_date":"2026-08-11","installed_solar_match":false}},{"type":"Feature","id":"4145010600104060003","geometry":{"type":"Point","coordinates":[127.2094909,37.5403876]},"properties":{"pnu":"4145010600104060003","municipality_code":"41450","municipality":"하남시","district":"하남시","locality":"신장동","address":"하남시 신장동 406-3","owner_type":"시·군유지","owner_label":"하남시","manager":"","property_class":"","land_category":"도로","area_sqm":3447.0,"area_band":"3,000~5,000㎡","interest_category":"도로","solar_candidate":"검토필요","candidate_reason":"도로점용 및 실제 이용형태 추가 검토 필요; 면적 3,447㎡","priority_score":35,"source":"경기부동산포털 국공유지조회·연속지적도","source_date":"2026-08-11","installed_solar_match":false}},{"type":"Feature","id":"4145012300103550001","geometry":{"type":"Point","coordinates":[127.1676861,37.5330504]},"properties":{"pnu":"4145012300103550001","municipality_code":"41450","municipality":"하남시","district":"하남시","locality":"초이동","address":"하남시 초이동 355-1","owner_type":"시·군유지","owner_label":"하남시","manager":"","property_class":"","land_category":"도로","area_sqm":3441.0,"area_band":"3,000~5,000㎡","interest_category":"도로","solar_candidate":"검토필요","candidate_reason":"도로점용 및 실제 이용형태 추가 검토 필요; 면적 3,441㎡","priority_score":35,"source":"경기부동산포털 국공유지조회·연속지적도","source_date":"2026-08-11","installed_solar_match":false}},{"type":"Feature","id":"4145012300102240010","geometry":{"type":"Point","coordinates":[127.1754599,37.540503]},"properties":{"pnu":"4145012300102240010","municipality_code":"41450","municipality":"하남시","district":"하남시","locality":"초이동","address":"하남시 초이동 224-10","owner_type":"시·군유지","owner_label":"하남시","manager":"","property_class":"","land_category":"도로","area_sqm":3392.0,"area_band":"3,000~5,000㎡","interest_category":"도로","solar_candidate":"검토필요","candidate_reason":"도로점용 및 실제 이용형태 추가 검토 필요; 면적 3,392㎡","priority_score":35,"source":"경기부동산포털 국공유지조회·연속지적도","source_date":"2026-08-11","installed_solar_match":false}},{"type":"Feature","id":"4145011000105420000","geometry":{"type":"Point","coordinates":[127.1906777,37.5592605]},"properties":{"pnu":"4145011000105420000","municipality_code":"41450","municipality":"하남시","district":"하남시","locality":"풍산동","address":"하남시 풍산동 542","owner_type":"시·군유지","owner_label":"하남시","manager":"","property_class":"","land_category":"도로","area_sqm":3371.2,"area_band":"3,000~5,000㎡","interest_category":"도로","solar_candidate":"검토필요","candidate_reason":"도로점용 및 실제 이용형태 추가 검토 필요; 면적 3,371㎡","priority_score":35,"source":"경기부동산포털 국공유지조회·연속지적도","source_date":"2026-08-11","installed_solar_match":false}},{"type":"Feature","id":"4145011000104970000","geometry":{"type":"Point","coordinates":[127.1888379,37.5599108]},"properties":{"pnu":"4145011000104970000","municipality_code":"41450","municipality":"하남시","district":"하남시","locality":"풍산동","address":"하남시 풍산동 497","owner_type":"시·군유지","owner_label":"하남시","manager":"","property_class":"","land_category":"도로","area_sqm":3363.9,"area_band":"3,000~5,000㎡","interest_category":"도로","solar_candidate":"검토필요","candidate_reason":"도로점용 및 실제 이용형태 추가 검토 필요; 면적 3,364㎡","priority_score":35,"source":"경기부동산포털 국공유지조회·연속지적도","source_date":"2026-08-11","installed_solar_match":false}},{"type":"Feature","id":"4145010900109180000","geometry":{"type":"Point","coordinates":[127.1937085,37.5699614]},"properties":{"pnu":"4145010900109180000","municipality_code":"41450","municipality":"하남시","district":"하남시","locality":"망월동","address":"하남시 망월동 918","owner_type":"시·군유지","owner_label":"하남시","manager":"","property_class":"","land_category":"도로","area_sqm":3353.6,"area_band":"3,000~5,000㎡","interest_category":"도로","solar_candidate":"검토필요","candidate_reason":"도로점용 및 실제 이용형태 추가 검토 필요; 면적 3,354㎡","priority_score":35,"source":"경기부동산포털 국공유지조회·연속지적도","source_date":"2026-08-11","installed_solar_match":false}},{"type":"Feature","id":"4145011400104900000","geometry":{"type":"Point","coordinates":[127.1521461,37.507968]},"properties":{"pnu":"4145011400104900000","municipality_code":"41450","municipality":"하남시","district":"하남시","locality":"감일동","address":"하남시 감일동 490","owner_type":"시·군유지","owner_label":"하남시","manager":"","property_class":"","land_category":"도로","area_sqm":3300.8,"area_band":"3,000~5,000㎡","interest_category":"도로","solar_candidate":"검토필요","candidate_reason":"도로점용 및 실제 이용형태 추가 검토 필요; 면적 3,301㎡","priority_score":35,"source":"경기부동산포털 국공유지조회·연속지적도","source_date":"2026-08-11","installed_solar_match":false}},{"type":"Feature","id":"4145012400101470001","geometry":{"type":"Point","coordinates":[127.1779265,37.5221078]},"properties":{"pnu":"4145012400101470001","municipality_code":"41450","municipality":"하남시","district":"하남시","locality":"광암동","address":"하남시 광암동 147-1","owner_type":"시·군유지","owner_label":"하남시","manager":"","property_class":"","land_category":"도로","area_sqm":3291.0,"area_band":"3,000~5,000㎡","interest_category":"도로","solar_candidate":"검토필요","candidate_reason":"도로점용 및 실제 이용형태 추가 검토 필요; 면적 3,291㎡","priority_score":35,"source":"경기부동산포털 국공유지조회·연속지적도","source_date":"2026-08-11","installed_solar_match":false}},{"type":"Feature","id":"4145011400105100000","geometry":{"type":"Point","coordinates":[127.1537522,37.5107072]},"properties":{"pnu":"4145011400105100000","municipality_code":"41450","municipality":"하남시","district":"하남시","locality":"감일동","address":"하남시 감일동 510","owner_type":"시·군유지","owner_label":"하남시","manager":"","property_class":"","land_category":"도로","area_sqm":3289.4,"area_band":"3,000~5,000㎡","interest_category":"도로","solar_candidate":"검토필요","candidate_reason":"도로점용 및 실제 이용형태 추가 검토 필요; 면적 3,289㎡","priority_score":35,"source":"경기부동산포털 국공유지조회·연속지적도","source_date":"2026-08-11","installed_solar_match":false}},{"type":"Feature","id":"4145010900111970000","geometry":{"type":"Point","coordinates":[127.2009596,37.5597636]},"properties":{"pnu":"4145010900111970000","municipality_code":"41450","municipality":"하남시","district":"하남시","locality":"망월동","address":"하남시 망월동 1197","owner_type":"시·군유지","owner_label":"하남시","manager":"","property_class":"","land_category":"도로","area_sqm":3281.6,"area_band":"3,000~5,000㎡","interest_category":"도로","solar_candidate":"검토필요","candidate_reason":"도로점용 및 실제 이용형태 추가 검토 필요; 면적 3,282㎡","priority_score":35,"source":"경기부동산포털 국공유지조회·연속지적도","source_date":"2026-08-11","installed_solar_match":false}},{"type":"Feature","id":"4145011000105450000","geometry":{"type":"Point","coordinates":[127.1907788,37.5583919]},"properties":{"pnu":"4145011000105450000","municipality_code":"41450","municipality":"하남시","district":"하남시","locality":"풍산동","address":"하남시 풍산동 545","owner_type":"시·군유지","owner_label":"하남시","manager":"","property_class":"","land_category":"도로","area_sqm":3275.3,"area_band":"3,000~5,000㎡","interest_category":"도로","solar_candidate":"검토필요","candidate_reason":"도로점용 및 실제 이용형태 추가 검토 필요; 면적 3,275㎡","priority_score":35,"source":"경기부동산포털 국공유지조회·연속지적도","source_date":"2026-08-11","installed_solar_match":false}},{"type":"Feature","id":"4145010600105420000","geometry":{"type":"Point","coordinates":[127.2153973,37.5413367]},"properties":{"pnu":"4145010600105420000","municipality_code":"41450","municipality":"하남시","district":"하남시","locality":"신장동","address":"하남시 신장동 542","owner_type":"시·군유지","owner_label":"하남시","manager":"","property_class":"","land_category":"도로","area_sqm":3263.6,"area_band":"3,000~5,000㎡","interest_category":"도로","solar_candidate":"검토필요","candidate_reason":"도로점용 및 실제 이용형태 추가 검토 필요; 면적 3,264㎡","priority_score":35,"source":"경기부동산포털 국공유지조회·연속지적도","source_date":"2026-08-11","installed_solar_match":false}},{"type":"Feature","id":"4145010900109690000","geometry":{"type":"Point","coordinates":[127.1849338,37.5688664]},"properties":{"pnu":"4145010900109690000","municipality_code":"41450","municipality":"하남시","district":"하남시","locality":"망월동","address":"하남시 망월동 969","owner_type":"시·군유지","owner_label":"하남시","manager":"","property_class":"","land_category":"도로","area_sqm":3261.9,"area_band":"3,000~5,000㎡","interest_category":"도로","solar_candidate":"검토필요","candidate_reason":"도로점용 및 실제 이용형태 추가 검토 필요; 면적 3,262㎡","priority_score":35,"source":"경기부동산포털 국공유지조회·연속지적도","source_date":"2026-08-11","installed_solar_match":false}},{"type":"Feature","id":"4145010400200080001","geometry":{"type":"Point","coordinates":[127.2504536,37.5379152]},"properties":{"pnu":"4145010400200080001","municipality_code":"41450","municipality":"하남시","district":"하남시","locality":"배알미동","address":"하남시 배알미동 산8-1","owner_type":"시·군유지","owner_label":"하남시","manager":"","property_class":"","land_category":"도로","area_sqm":3260.0,"area_band":"3,000~5,000㎡","interest_category":"도로","solar_candidate":"검토필요","candidate_reason":"도로점용 및 실제 이용형태 추가 검토 필요; 면적 3,260㎡","priority_score":35,"source":"경기부동산포털 국공유지조회·연속지적도","source_date":"2026-08-11","installed_solar_match":false}},{"type":"Feature","id":"4145010100104260011","geometry":{"type":"Point","coordinates":[127.2168822,37.5321218]},"properties":{"pnu":"4145010100104260011","municipality_code":"41450","municipality":"하남시","district":"하남시","locality":"천현동","address":"하남시 천현동 426-11","owner_type":"시·군유지","owner_label":"하남시","manager":"","property_class":"","land_category":"도로","area_sqm":3238.0,"area_band":"3,000~5,000㎡","interest_category":"도로","solar_candidate":"검토필요","candidate_reason":"도로점용 및 실제 이용형태 추가 검토 필요; 면적 3,238㎡","priority_score":35,"source":"경기부동산포털 국공유지조회·연속지적도","source_date":"2026-08-11","installed_solar_match":false}},{"type":"Feature","id":"4145010800108670000","geometry":{"type":"Point","coordinates":[127.2036737,37.5578961]},"properties":{"pnu":"4145010800108670000","municipality_code":"41450","municipality":"하남시","district":"하남시","locality":"덕풍동","address":"하남시 덕풍동 867","owner_type":"시·군유지","owner_label":"하남시","manager":"","property_class":"","land_category":"도로","area_sqm":3236.5,"area_band":"3,000~5,000㎡","interest_category":"도로","solar_candidate":"검토필요","candidate_reason":"도로점용 및 실제 이용형태 추가 검토 필요; 면적 3,236㎡","priority_score":35,"source":"경기부동산포털 국공유지조회·연속지적도","source_date":"2026-08-11","installed_solar_match":false}},{"type":"Feature","id":"4145010900111070000","geometry":{"type":"Point","coordinates":[127.1916638,37.5620866]},"properties":{"pnu":"4145010900111070000","municipality_code":"41450","municipality":"하남시","district":"하남시","locality":"망월동","address":"하남시 망월동 1107","owner_type":"시·군유지","owner_label":"하남시","manager":"","property_class":"","land_category":"도로","area_sqm":3227.9,"area_band":"3,000~5,000㎡","interest_category":"도로","solar_candidate":"검토필요","candidate_reason":"도로점용 및 실제 이용형태 추가 검토 필요; 면적 3,228㎡","priority_score":35,"source":"경기부동산포털 국공유지조회·연속지적도","source_date":"2026-08-11","installed_solar_match":false}},{"type":"Feature","id":"4145012300104670007","geometry":{"type":"Point","coordinates":[127.1638343,37.5269359]},"properties":{"pnu":"4145012300104670007","municipality_code":"41450","municipality":"하남시","district":"하남시","locality":"초이동","address":"하남시 초이동 467-7","owner_type":"시·군유지","owner_label":"하남시","manager":"","property_class":"","land_category":"도로","area_sqm":3208.0,"area_band":"3,000~5,000㎡","interest_category":"도로","solar_candidate":"검토필요","candidate_reason":"도로점용 및 실제 이용형태 추가 검토 필요; 면적 3,208㎡","priority_score":35,"source":"경기부동산포털 국공유지조회·연속지적도","source_date":"2026-08-11","installed_solar_match":false}},{"type":"Feature","id":"4145010400200190001","geometry":{"type":"Point","coordinates":[127.2588339,37.5336932]},"properties":{"pnu":"4145010400200190001","municipality_code":"41450","municipality":"하남시","district":"하남시","locality":"배알미동","address":"하남시 배알미동 산19-1","owner_type":"시·군유지","owner_label":"하남시","manager":"","property_class":"","land_category":"도로","area_sqm":3177.0,"area_band":"3,000~5,000㎡","interest_category":"도로","solar_candidate":"검토필요","candidate_reason":"도로점용 및 실제 이용형태 추가 검토 필요; 면적 3,177㎡","priority_score":35,"source":"경기부동산포털 국공유지조회·연속지적도","source_date":"2026-08-11","installed_solar_match":false}},{"type":"Feature","id":"4145010800102100002","geometry":{"type":"Point","coordinates":[127.19854,37.5482676]},"properties":{"pnu":"4145010800102100002","municipality_code":"41450","municipality":"하남시","district":"하남시","locality":"덕풍동","address":"하남시 덕풍동 210-2","owner_type":"시·군유지","owner_label":"하남시","manager":"","property_class":"","land_category":"도로","area_sqm":3176.0,"area_band":"3,000~5,000㎡","interest_category":"도로","solar_candidate":"검토필요","candidate_reason":"도로점용 및 실제 이용형태 추가 검토 필요; 면적 3,176㎡","priority_score":35,"source":"경기부동산포털 국공유지조회·연속지적도","source_date":"2026-08-11","installed_solar_match":false}},{"type":"Feature","id":"4145010900111300000","geometry":{"type":"Point","coordinates":[127.1942878,37.5627407]},"properties":{"pnu":"4145010900111300000","municipality_code":"41450","municipality":"하남시","district":"하남시","locality":"망월동","address":"하남시 망월동 1130","owner_type":"시·군유지","owner_label":"하남시","manager":"","property_class":"","land_category":"도로","area_sqm":3113.1,"area_band":"3,000~5,000㎡","interest_category":"도로","solar_candidate":"검토필요","candidate_reason":"도로점용 및 실제 이용형태 추가 검토 필요; 면적 3,113㎡","priority_score":35,"source":"경기부동산포털 국공유지조회·연속지적도","source_date":"2026-08-11","installed_solar_match":false}},{"type":"Feature","id":"4145011500104420002","geometry":{"type":"Point","coordinates":[127.1549701,37.508919]},"properties":{"pnu":"4145011500104420002","municipality_code":"41450","municipality":"하남시","district":"하남시","locality":"감이동","address":"하남시 감이동 442-2","owner_type":"시·군유지","owner_label":"하남시","manager":"","property_class":"","land_category":"도로","area_sqm":3113.1,"area_band":"3,000~5,000㎡","interest_category":"도로","solar_candidate":"검토필요","candidate_reason":"도로점용 및 실제 이용형태 추가 검토 필요; 면적 3,113㎡","priority_score":35,"source":"경기부동산포털 국공유지조회·연속지적도","source_date":"2026-08-11","installed_solar_match":false}},{"type":"Feature","id":"4145010800103460002","geometry":{"type":"Point","coordinates":[127.1974117,37.5425514]},"properties":{"pnu":"4145010800103460002","municipality_code":"41450","municipality":"하남시","district":"하남시","locality":"덕풍동","address":"하남시 덕풍동 346-2","owner_type":"시·군유지","owner_label":"하남시","manager":"","property_class":"","land_category":"도로","area_sqm":3106.0,"area_band":"3,000~5,000㎡","interest_category":"도로","solar_candidate":"검토필요","candidate_reason":"도로점용 및 실제 이용형태 추가 검토 필요; 면적 3,106㎡","priority_score":35,"source":"경기부동산포털 국공유지조회·연속지적도","source_date":"2026-08-11","installed_solar_match":false}},{"type":"Feature","id":"4145012300103570031","geometry":{"type":"Point","coordinates":[127.1672534,37.5323032]},"properties":{"pnu":"4145012300103570031","municipality_code":"41450","municipality":"하남시","district":"하남시","locality":"초이동","address":"하남시 초이동 357-31","owner_type":"시·군유지","owner_label":"하남시","manager":"","property_class":"","land_category":"도로","area_sqm":3090.0,"area_band":"3,000~5,000㎡","interest_category":"도로","solar_candidate":"검토필요","candidate_reason":"도로점용 및 실제 이용형태 추가 검토 필요; 면적 3,090㎡","priority_score":35,"source":"경기부동산포털 국공유지조회·연속지적도","source_date":"2026-08-11","installed_solar_match":false}},{"type":"Feature","id":"4145010100106270001","geometry":{"type":"Point","coordinates":[127.2140268,37.5349153]},"properties":{"pnu":"4145010100106270001","municipality_code":"41450","municipality":"하남시","district":"하남시","locality":"천현동","address":"하남시 천현동 627-1","owner_type":"시·군유지","owner_label":"하남시","manager":"","property_class":"","land_category":"도로","area_sqm":3083.5,"area_band":"3,000~5,000㎡","interest_category":"도로","solar_candidate":"검토필요","candidate_reason":"도로점용 및 실제 이용형태 추가 검토 필요; 면적 3,084㎡","priority_score":35,"source":"경기부동산포털 국공유지조회·연속지적도","source_date":"2026-08-11","installed_solar_match":false}},{"type":"Feature","id":"4145010100104710001","geometry":{"type":"Point","coordinates":[127.2217489,37.5275064]},"properties":{"pnu":"4145010100104710001","municipality_code":"41450","municipality":"하남시","district":"하남시","locality":"천현동","address":"하남시 천현동 471-1","owner_type":"시·군유지","owner_label":"하남시","manager":"","property_class":"","land_category":"도로","area_sqm":3066.0,"area_band":"3,000~5,000㎡","interest_category":"도로","solar_candidate":"검토필요","candidate_reason":"도로점용 및 실제 이용형태 추가 검토 필요; 면적 3,066㎡","priority_score":35,"source":"경기부동산포털 국공유지조회·연속지적도","source_date":"2026-08-11","installed_solar_match":false}},{"type":"Feature","id":"4145010200101870008","geometry":{"type":"Point","coordinates":[127.2220563,37.5182895]},"properties":{"pnu":"4145010200101870008","municipality_code":"41450","municipality":"하남시","district":"하남시","locality":"하산곡동","address":"하남시 하산곡동 187-8","owner_type":"시·군유지","owner_label":"하남시","manager":"","property_class":"","land_category":"도로","area_sqm":3033.0,"area_band":"3,000~5,000㎡","interest_category":"도로","solar_candidate":"검토필요","candidate_reason":"도로점용 및 실제 이용형태 추가 검토 필요; 면적 3,033㎡","priority_score":35,"source":"경기부동산포털 국공유지조회·연속지적도","source_date":"2026-08-11","installed_solar_match":false}},{"type":"Feature","id":"4145010900109420000","geometry":{"type":"Point","coordinates":[127.1946448,37.5706879]},"properties":{"pnu":"4145010900109420000","municipality_code":"41450","municipality":"하남시","district":"하남시","locality":"망월동","address":"하남시 망월동 942","owner_type":"시·군유지","owner_label":"하남시","manager":"","property_class":"","land_category":"도로","area_sqm":3031.1,"area_band":"3,000~5,000㎡","interest_category":"도로","solar_candidate":"검토필요","candidate_reason":"도로점용 및 실제 이용형태 추가 검토 필요; 면적 3,031㎡","priority_score":35,"source":"경기부동산포털 국공유지조회·연속지적도","source_date":"2026-08-11","installed_solar_match":false}},{"type":"Feature","id":"4145010600105490000","geometry":{"type":"Point","coordinates":[127.2183943,37.5433532]},"properties":{"pnu":"4145010600105490000","municipality_code":"41450","municipality":"하남시","district":"하남시","locality":"신장동","address":"하남시 신장동 549","owner_type":"시·군유지","owner_label":"하남시","manager":"","property_class":"","land_category":"도로","area_sqm":3026.8,"area_band":"3,000~5,000㎡","interest_category":"도로","solar_candidate":"검토필요","candidate_reason":"도로점용 및 실제 이용형태 추가 검토 필요; 면적 3,027㎡","priority_score":35,"source":"경기부동산포털 국공유지조회·연속지적도","source_date":"2026-08-11","installed_solar_match":false}},{"type":"Feature","id":"4145012200200640022","geometry":{"type":"Point","coordinates":[127.1817918,37.5391966]},"properties":{"pnu":"4145012200200640022","municipality_code":"41450","municipality":"하남시","district":"하남시","locality":"초일동","address":"하남시 초일동 산64-22","owner_type":"시·군유지","owner_label":"하남시","manager":"","property_class":"","land_category":"도로","area_sqm":3022.0,"area_band":"3,000~5,000㎡","interest_category":"도로","solar_candidate":"검토필요","candidate_reason":"도로점용 및 실제 이용형태 추가 검토 필요; 면적 3,022㎡","priority_score":35,"source":"경기부동산포털 국공유지조회·연속지적도","source_date":"2026-08-11","installed_solar_match":false}},{"type":"Feature","id":"4145011700102230004","geometry":{"type":"Point","coordinates":[127.1979812,37.5234856]},"properties":{"pnu":"4145011700102230004","municipality_code":"41450","municipality":"하남시","district":"하남시","locality":"교산동","address":"하남시 교산동 223-4","owner_type":"시·군유지","owner_label":"하남시","manager":"","property_class":"","land_category":"도로","area_sqm":3017.0,"area_band":"3,000~5,000㎡","interest_category":"도로","solar_candidate":"검토필요","candidate_reason":"도로점용 및 실제 이용형태 추가 검토 필요; 면적 3,017㎡","priority_score":35,"source":"경기부동산포털 국공유지조회·연속지적도","source_date":"2026-08-11","installed_solar_match":false}},{"type":"Feature","id":"4145010900111230001","geometry":{"type":"Point","coordinates":[127.1917295,37.5662732]},"properties":{"pnu":"4145010900111230001","municipality_code":"41450","municipality":"하남시","district":"하남시","locality":"망월동","address":"하남시 망월동 1123-1","owner_type":"시·군유지","owner_label":"하남시","manager":"","property_class":"","land_category":"체육용지","area_sqm":400.4,"area_band":"100~500㎡","interest_category":"체육용지","solar_candidate":"검토필요","candidate_reason":"체육시설·주차장 상부 활용 가능성 추가 검토; 면적 400㎡","priority_score":35,"source":"경기부동산포털 국공유지조회·연속지적도","source_date":"2026-08-11","installed_solar_match":false}},{"type":"Feature","id":"4145010900108300265","geometry":{"type":"Point","coordinates":[127.1959647,37.5687962]},"properties":{"pnu":"4145010900108300265","municipality_code":"41450","municipality":"하남시","district":"하남시","locality":"망월동","address":"하남시 망월동 830-265","owner_type":"시·군유지","owner_label":"하남시","manager":"","property_class":"","land_category":"체육용지","area_sqm":326.5,"area_band":"100~500㎡","interest_category":"체육용지","solar_candidate":"검토필요","candidate_reason":"체육시설·주차장 상부 활용 가능성 추가 검토; 면적 326㎡","priority_score":35,"source":"경기부동산포털 국공유지조회·연속지적도","source_date":"2026-08-11","installed_solar_match":false}},{"type":"Feature","id":"4145011300102540012","geometry":{"type":"Point","coordinates":[127.1542195,37.5202532]},"properties":{"pnu":"4145011300102540012","municipality_code":"41450","municipality":"하남시","district":"하남시","locality":"감북동","address":"하남시 감북동 254-12","owner_type":"시·군유지","owner_label":"하남시","manager":"","property_class":"","land_category":"창고용지","area_sqm":198.0,"area_band":"100~500㎡","interest_category":"창고용지","solar_candidate":"검토필요","candidate_reason":"지목·면적 기준 1차 검토 대상; 면적 198㎡","priority_score":35,"source":"경기부동산포털 국공유지조회·연속지적도","source_date":"2026-08-11","installed_solar_match":false}},{"type":"Feature","id":"4145010800106020026","geometry":{"type":"Point","coordinates":[127.1937275,37.5331435]},"properties":{"pnu":"4145010800106020026","municipality_code":"41450","municipality":"하남시","district":"하남시","locality":"덕풍동","address":"하남시 덕풍동 602-26","owner_type":"시·군유지","owner_label":"하남시","manager":"","property_class":"","land_category":"체육용지","area_sqm":175.1,"area_band":"100~500㎡","interest_category":"체육용지","solar_candidate":"검토필요","candidate_reason":"체육시설·주차장 상부 활용 가능성 추가 검토; 면적 175㎡","priority_score":35,"source":"경기부동산포털 국공유지조회·연속지적도","source_date":"2026-08-11","installed_solar_match":false}},{"type":"Feature","id":"4145010100105760005","geometry":{"type":"Point","coordinates":[127.223248,37.5242796]},"properties":{"pnu":"4145010100105760005","municipality_code":"41450","municipality":"하남시","district":"하남시","locality":"천현동","address":"하남시 천현동 576-5","owner_type":"시·군유지","owner_label":"하남시","manager":"","property_class":"","land_category":"체육용지","area_sqm":161.0,"area_band":"100~500㎡","interest_category":"체육용지","solar_candidate":"검토필요","candidate_reason":"체육시설·주차장 상부 활용 가능성 추가 검토; 면적 161㎡","priority_score":35,"source":"경기부동산포털 국공유지조회·연속지적도","source_date":"2026-08-11","installed_solar_match":false}}]}