{"type":"FeatureCollection","name":"gyeonggi_41550_national_solar_candidates","metadata":{"generated_on":"2026-08-11","source":"경기부동산포털 국공유지조회·연속지적도","source_agency":"경기도","ownership_source":"경기부동산포털 국공유지조회","coverage":"안성시","owner_code":"2","owner_type":"국유지","minimum_area_sqm":100.0,"feature_count":1531,"coordinate_reference":"GRIS native values interpreted as EPSG:5174 and projected to EPSG:4326","coordinate_precision":"7 decimals, increased only when needed to keep narrow-parcel points inside","disclaimer":"설치 가능 확정이 아닌 현장조사 우선순위"},"features":[{"type":"Feature","id":"4155038028101630007","geometry":{"type":"Point","coordinates":[127.1731298,37.0762904]},"properties":{"pnu":"4155038028101630007","municipality_code":"41550","municipality":"안성시","district":"안성시","locality":"원곡면 성주리","address":"안성시 원곡면 성주리 163-7","owner_type":"국유지","owner_label":"국(국방부)","manager":"","property_class":"","land_category":"잡종지","area_sqm":45450.0,"area_band":"5,000㎡ 이상","interest_category":"잡종지","solar_candidate":"Y","candidate_reason":"실제 이용·점유 여부 확인 후 검토할 잡종지; 면적 45,450㎡","priority_score":75,"source":"경기부동산포털 국공유지조회·연속지적도","source_date":"2026-08-11","installed_solar_match":false}},{"type":"Feature","id":"4155038028101630004","geometry":{"type":"Point","coordinates":[127.1761259,37.0758791]},"properties":{"pnu":"4155038028101630004","municipality_code":"41550","municipality":"안성시","district":"안성시","locality":"원곡면 성주리","address":"안성시 원곡면 성주리 163-4","owner_type":"국유지","owner_label":"국(국방부)","manager":"","property_class":"","land_category":"잡종지","area_sqm":21652.0,"area_band":"5,000㎡ 이상","interest_category":"잡종지","solar_candidate":"Y","candidate_reason":"실제 이용·점유 여부 확인 후 검토할 잡종지; 면적 21,652㎡","priority_score":75,"source":"경기부동산포털 국공유지조회·연속지적도","source_date":"2026-08-11","installed_solar_match":false}},{"type":"Feature","id":"4155036021100040003","geometry":{"type":"Point","coordinates":[127.1772951,37.0746153]},"properties":{"pnu":"4155036021100040003","municipality_code":"41550","municipality":"안성시","district":"안성시","locality":"양성면 동항리","address":"안성시 양성면 동항리 4-3","owner_type":"국유지","owner_label":"국(국방부)","manager":"","property_class":"","land_category":"잡종지","area_sqm":14311.0,"area_band":"5,000㎡ 이상","interest_category":"잡종지","solar_candidate":"Y","candidate_reason":"실제 이용·점유 여부 확인 후 검토할 잡종지; 면적 14,311㎡","priority_score":75,"source":"경기부동산포털 국공유지조회·연속지적도","source_date":"2026-08-11","installed_solar_match":false}},{"type":"Feature","id":"4155012600100010005","geometry":{"type":"Point","coordinates":[127.284575,37.0217728]},"properties":{"pnu":"4155012600100010005","municipality_code":"41550","municipality":"안성시","district":"안성시","locality":"가사동","address":"안성시 가사동 1-5","owner_type":"국유지","owner_label":"국(국토교통부)","manager":"","property_class":"","land_category":"잡종지","area_sqm":13358.0,"area_band":"5,000㎡ 이상","interest_category":"잡종지","solar_candidate":"Y","candidate_reason":"실제 이용·점유 여부 확인 후 검토할 잡종지; 면적 13,358㎡","priority_score":75,"source":"경기부동산포털 국공유지조회·연속지적도","source_date":"2026-08-11","installed_solar_match":false}},{"type":"Feature","id":"4155034027101950001","geometry":{"type":"Point","coordinates":[127.2177545,36.9550733]},"properties":{"pnu":"4155034027101950001","municipality_code":"41550","municipality":"안성시","district":"안성시","locality":"미양면 고지리","address":"안성시 미양면 고지리 195-1","owner_type":"국유지","owner_label":"국(기획재정부)","manager":"","property_class":"","land_category":"잡종지","area_sqm":12850.0,"area_band":"5,000㎡ 이상","interest_category":"잡종지","solar_candidate":"Y","candidate_reason":"실제 이용·점유 여부 확인 후 검토할 잡종지; 면적 12,850㎡","priority_score":75,"source":"경기부동산포털 국공유지조회·연속지적도","source_date":"2026-08-11","installed_solar_match":false}},{"type":"Feature","id":"4155025029103580039","geometry":{"type":"Point","coordinates":[127.1750179,37.0141081]},"properties":{"pnu":"4155025029103580039","municipality_code":"41550","municipality":"안성시","district":"안성시","locality":"공도읍 만정리","address":"안성시 공도읍 만정리 358-39","owner_type":"국유지","owner_label":"국(건설교통부)","manager":"","property_class":"","land_category":"잡종지","area_sqm":10868.0,"area_band":"5,000㎡ 이상","interest_category":"잡종지","solar_candidate":"Y","candidate_reason":"실제 이용·점유 여부 확인 후 검토할 잡종지; 면적 10,868㎡","priority_score":75,"source":"경기부동산포털 국공유지조회·연속지적도","source_date":"2026-08-11","installed_solar_match":false}},{"type":"Feature","id":"4155038021103730000","geometry":{"type":"Point","coordinates":[127.1609521,37.0721878]},"properties":{"pnu":"4155038021103730000","municipality_code":"41550","municipality":"안성시","district":"안성시","locality":"원곡면 성은리","address":"안성시 원곡면 성은리 373","owner_type":"국유지","owner_label":"국(국방부)","manager":"","property_class":"","land_category":"잡종지","area_sqm":8245.0,"area_band":"5,000㎡ 이상","interest_category":"잡종지","solar_candidate":"Y","candidate_reason":"실제 이용·점유 여부 확인 후 검토할 잡종지; 면적 8,245㎡","priority_score":75,"source":"경기부동산포털 국공유지조회·연속지적도","source_date":"2026-08-11","installed_solar_match":false}},{"type":"Feature","id":"4155038028101630005","geometry":{"type":"Point","coordinates":[127.1746983,37.0766975]},"properties":{"pnu":"4155038028101630005","municipality_code":"41550","municipality":"안성시","district":"안성시","locality":"원곡면 성주리","address":"안성시 원곡면 성주리 163-5","owner_type":"국유지","owner_label":"국(국방부)","manager":"","property_class":"","land_category":"잡종지","area_sqm":7028.0,"area_band":"5,000㎡ 이상","interest_category":"잡종지","solar_candidate":"Y","candidate_reason":"실제 이용·점유 여부 확인 후 검토할 잡종지; 면적 7,028㎡","priority_score":75,"source":"경기부동산포털 국공유지조회·연속지적도","source_date":"2026-08-11","installed_solar_match":false}},{"type":"Feature","id":"4155035031105000018","geometry":{"type":"Point","coordinates":[127.222449,37.0128906]},"properties":{"pnu":"4155035031105000018","municipality_code":"41550","municipality":"안성시","district":"안성시","locality":"대덕면 신령리","address":"안성시 대덕면 신령리 500-18","owner_type":"국유지","owner_label":"국(기획재정부)","manager":"","property_class":"","land_category":"잡종지","area_sqm":6206.0,"area_band":"5,000㎡ 이상","interest_category":"잡종지","solar_candidate":"Y","candidate_reason":"실제 이용·점유 여부 확인 후 검토할 잡종지; 면적 6,206㎡","priority_score":75,"source":"경기부동산포털 국공유지조회·연속지적도","source_date":"2026-08-11","installed_solar_match":false}},{"type":"Feature","id":"4155036026102710000","geometry":{"type":"Point","coordinates":[127.2177984,37.0789207]},"properties":{"pnu":"4155036026102710000","municipality_code":"41550","municipality":"안성시","district":"안성시","locality":"양성면 도곡리","address":"안성시 양성면 도곡리 271","owner_type":"국유지","owner_label":"국(국방부)","manager":"","property_class":"","land_category":"잡종지","area_sqm":5271.0,"area_band":"5,000㎡ 이상","interest_category":"잡종지","solar_candidate":"Y","candidate_reason":"실제 이용·점유 여부 확인 후 검토할 잡종지; 면적 5,271㎡","priority_score":75,"source":"경기부동산포털 국공유지조회·연속지적도","source_date":"2026-08-11","installed_solar_match":false}},{"type":"Feature","id":"4155038022101810006","geometry":{"type":"Point","coordinates":[127.1610084,37.0491115]},"properties":{"pnu":"4155038022101810006","municipality_code":"41550","municipality":"안성시","district":"안성시","locality":"원곡면 칠곡리","address":"안성시 원곡면 칠곡리 181-6","owner_type":"국유지","owner_label":"국(건설교통부)","manager":"","property_class":"","land_category":"잡종지","area_sqm":4527.0,"area_band":"3,000~5,000㎡","interest_category":"잡종지","solar_candidate":"Y","candidate_reason":"실제 이용·점유 여부 확인 후 검토할 잡종지; 면적 4,527㎡","priority_score":70,"source":"경기부동산포털 국공유지조회·연속지적도","source_date":"2026-08-11","installed_solar_match":false}},{"type":"Feature","id":"4155036026102450000","geometry":{"type":"Point","coordinates":[127.2241792,37.0805928]},"properties":{"pnu":"4155036026102450000","municipality_code":"41550","municipality":"안성시","district":"안성시","locality":"양성면 도곡리","address":"안성시 양성면 도곡리 245","owner_type":"국유지","owner_label":"국(국방부)","manager":"","property_class":"","land_category":"잡종지","area_sqm":4522.0,"area_band":"3,000~5,000㎡","interest_category":"잡종지","solar_candidate":"Y","candidate_reason":"실제 이용·점유 여부 확인 후 검토할 잡종지; 면적 4,522㎡","priority_score":70,"source":"경기부동산포털 국공유지조회·연속지적도","source_date":"2026-08-11","installed_solar_match":false}},{"type":"Feature","id":"4155012000100050002","geometry":{"type":"Point","coordinates":[127.2726495,37.0274973]},"properties":{"pnu":"4155012000100050002","municipality_code":"41550","municipality":"안성시","district":"안성시","locality":"금석동","address":"안성시 금석동 5-2","owner_type":"국유지","owner_label":"국(국방부)","manager":"","property_class":"","land_category":"잡종지","area_sqm":4112.0,"area_band":"3,000~5,000㎡","interest_category":"잡종지","solar_candidate":"Y","candidate_reason":"실제 이용·점유 여부 확인 후 검토할 잡종지; 면적 4,112㎡","priority_score":70,"source":"경기부동산포털 국공유지조회·연속지적도","source_date":"2026-08-11","installed_solar_match":false}},{"type":"Feature","id":"4155012000100030002","geometry":{"type":"Point","coordinates":[127.2744927,37.0278753]},"properties":{"pnu":"4155012000100030002","municipality_code":"41550","municipality":"안성시","district":"안성시","locality":"금석동","address":"안성시 금석동 3-2","owner_type":"국유지","owner_label":"국(국방부)","manager":"","property_class":"","land_category":"잡종지","area_sqm":4022.0,"area_band":"3,000~5,000㎡","interest_category":"잡종지","solar_candidate":"Y","candidate_reason":"실제 이용·점유 여부 확인 후 검토할 잡종지; 면적 4,022㎡","priority_score":70,"source":"경기부동산포털 국공유지조회·연속지적도","source_date":"2026-08-11","installed_solar_match":false}},{"type":"Feature","id":"4155038021103740001","geometry":{"type":"Point","coordinates":[127.1614696,37.0716152]},"properties":{"pnu":"4155038021103740001","municipality_code":"41550","municipality":"안성시","district":"안성시","locality":"원곡면 성은리","address":"안성시 원곡면 성은리 374-1","owner_type":"국유지","owner_label":"국(국방부)","manager":"","property_class":"","land_category":"잡종지","area_sqm":3974.0,"area_band":"3,000~5,000㎡","interest_category":"잡종지","solar_candidate":"Y","candidate_reason":"실제 이용·점유 여부 확인 후 검토할 잡종지; 면적 3,974㎡","priority_score":70,"source":"경기부동산포털 국공유지조회·연속지적도","source_date":"2026-08-11","installed_solar_match":false}},{"type":"Feature","id":"4155038021103960002","geometry":{"type":"Point","coordinates":[127.172224,37.0746905]},"properties":{"pnu":"4155038021103960002","municipality_code":"41550","municipality":"안성시","district":"안성시","locality":"원곡면 성은리","address":"안성시 원곡면 성은리 396-2","owner_type":"국유지","owner_label":"국(국방부)","manager":"","property_class":"","land_category":"잡종지","area_sqm":3884.0,"area_band":"3,000~5,000㎡","interest_category":"잡종지","solar_candidate":"Y","candidate_reason":"실제 이용·점유 여부 확인 후 검토할 잡종지; 면적 3,884㎡","priority_score":70,"source":"경기부동산포털 국공유지조회·연속지적도","source_date":"2026-08-11","installed_solar_match":false}},{"type":"Feature","id":"4155038021103710004","geometry":{"type":"Point","coordinates":[127.1603658,37.0727037]},"properties":{"pnu":"4155038021103710004","municipality_code":"41550","municipality":"안성시","district":"안성시","locality":"원곡면 성은리","address":"안성시 원곡면 성은리 371-4","owner_type":"국유지","owner_label":"국(국방부)","manager":"","property_class":"","land_category":"잡종지","area_sqm":3819.0,"area_band":"3,000~5,000㎡","interest_category":"잡종지","solar_candidate":"Y","candidate_reason":"실제 이용·점유 여부 확인 후 검토할 잡종지; 면적 3,819㎡","priority_score":70,"source":"경기부동산포털 국공유지조회·연속지적도","source_date":"2026-08-11","installed_solar_match":false}},{"type":"Feature","id":"4155041022105200008","geometry":{"type":"Point","coordinates":[127.374356,37.0914273]},"properties":{"pnu":"4155041022105200008","municipality_code":"41550","municipality":"안성시","district":"안성시","locality":"삼죽면 율곡리","address":"안성시 삼죽면 율곡리 520-8","owner_type":"국유지","owner_label":"국(통일부)","manager":"","property_class":"","land_category":"대","area_sqm":64802.0,"area_band":"5,000㎡ 이상","interest_category":"대","solar_candidate":"Y","candidate_reason":"청사·공공건축물·주차장 현황 추가 확인 필요; 면적 64,802㎡","priority_score":65,"source":"경기부동산포털 국공유지조회·연속지적도","source_date":"2026-08-11","installed_solar_match":false}},{"type":"Feature","id":"4155012400105440008","geometry":{"type":"Point","coordinates":[127.2489118,37.0003605]},"properties":{"pnu":"4155012400105440008","municipality_code":"41550","municipality":"안성시","district":"안성시","locality":"도기동","address":"안성시 도기동 544-8","owner_type":"국유지","owner_label":"국(경찰청)","manager":"","property_class":"","land_category":"대","area_sqm":19232.0,"area_band":"5,000㎡ 이상","interest_category":"대","solar_candidate":"Y","candidate_reason":"청사·공공건축물·주차장 현황 추가 확인 필요; 면적 19,232㎡","priority_score":65,"source":"경기부동산포털 국공유지조회·연속지적도","source_date":"2026-08-11","installed_solar_match":false}},{"type":"Feature","id":"4155025030102230223","geometry":{"type":"Point","coordinates":[127.2079706,37.0189315]},"properties":{"pnu":"4155025030102230223","municipality_code":"41550","municipality":"안성시","district":"안성시","locality":"공도읍 마정리","address":"안성시 공도읍 마정리 223-223","owner_type":"국유지","owner_label":"국(과학기술정부통신부)","manager":"","property_class":"","land_category":"대","area_sqm":8855.0,"area_band":"5,000㎡ 이상","interest_category":"대","solar_candidate":"Y","candidate_reason":"청사·공공건축물·주차장 현황 추가 확인 필요; 면적 8,855㎡","priority_score":65,"source":"경기부동산포털 국공유지조회·연속지적도","source_date":"2026-08-11","installed_solar_match":false}},{"type":"Feature","id":"4155031026102640003","geometry":{"type":"Point","coordinates":[127.3225161,37.0127329]},"properties":{"pnu":"4155031026102640003","municipality_code":"41550","municipality":"안성시","district":"안성시","locality":"보개면 양복리","address":"안성시 보개면 양복리 264-3","owner_type":"국유지","owner_label":"국(교육부)","manager":"","property_class":"","land_category":"대","area_sqm":7943.0,"area_band":"5,000㎡ 이상","interest_category":"대","solar_candidate":"Y","candidate_reason":"청사·공공건축물·주차장 현황 추가 확인 필요; 면적 7,943㎡","priority_score":65,"source":"경기부동산포털 국공유지조회·연속지적도","source_date":"2026-08-11","installed_solar_match":false}},{"type":"Feature","id":"4155036026102470000","geometry":{"type":"Point","coordinates":[127.2228384,37.0802598]},"properties":{"pnu":"4155036026102470000","municipality_code":"41550","municipality":"안성시","district":"안성시","locality":"양성면 도곡리","address":"안성시 양성면 도곡리 247","owner_type":"국유지","owner_label":"국(국방부)","manager":"","property_class":"","land_category":"잡종지","area_sqm":2968.0,"area_band":"1,000~3,000㎡","interest_category":"잡종지","solar_candidate":"Y","candidate_reason":"실제 이용·점유 여부 확인 후 검토할 잡종지; 면적 2,968㎡","priority_score":63,"source":"경기부동산포털 국공유지조회·연속지적도","source_date":"2026-08-11","installed_solar_match":false}},{"type":"Feature","id":"4155036026102540000","geometry":{"type":"Point","coordinates":[127.2228498,37.0799566]},"properties":{"pnu":"4155036026102540000","municipality_code":"41550","municipality":"안성시","district":"안성시","locality":"양성면 도곡리","address":"안성시 양성면 도곡리 254","owner_type":"국유지","owner_label":"국(국방부)","manager":"","property_class":"","land_category":"잡종지","area_sqm":2764.0,"area_band":"1,000~3,000㎡","interest_category":"잡종지","solar_candidate":"Y","candidate_reason":"실제 이용·점유 여부 확인 후 검토할 잡종지; 면적 2,764㎡","priority_score":63,"source":"경기부동산포털 국공유지조회·연속지적도","source_date":"2026-08-11","installed_solar_match":false}},{"type":"Feature","id":"4155012000100040000","geometry":{"type":"Point","coordinates":[127.2743273,37.0284123]},"properties":{"pnu":"4155012000100040000","municipality_code":"41550","municipality":"안성시","district":"안성시","locality":"금석동","address":"안성시 금석동 4","owner_type":"국유지","owner_label":"국(국방부)","manager":"","property_class":"","land_category":"잡종지","area_sqm":2637.0,"area_band":"1,000~3,000㎡","interest_category":"잡종지","solar_candidate":"Y","candidate_reason":"실제 이용·점유 여부 확인 후 검토할 잡종지; 면적 2,637㎡","priority_score":63,"source":"경기부동산포털 국공유지조회·연속지적도","source_date":"2026-08-11","installed_solar_match":false}},{"type":"Feature","id":"4155036026102600000","geometry":{"type":"Point","coordinates":[127.2204317,37.07876]},"properties":{"pnu":"4155036026102600000","municipality_code":"41550","municipality":"안성시","district":"안성시","locality":"양성면 도곡리","address":"안성시 양성면 도곡리 260","owner_type":"국유지","owner_label":"국(국방부)","manager":"","property_class":"","land_category":"잡종지","area_sqm":2386.0,"area_band":"1,000~3,000㎡","interest_category":"잡종지","solar_candidate":"Y","candidate_reason":"실제 이용·점유 여부 확인 후 검토할 잡종지; 면적 2,386㎡","priority_score":63,"source":"경기부동산포털 국공유지조회·연속지적도","source_date":"2026-08-11","installed_solar_match":false}},{"type":"Feature","id":"4155038021103860004","geometry":{"type":"Point","coordinates":[127.1619754,37.0716394]},"properties":{"pnu":"4155038021103860004","municipality_code":"41550","municipality":"안성시","district":"안성시","locality":"원곡면 성은리","address":"안성시 원곡면 성은리 386-4","owner_type":"국유지","owner_label":"국(국방부)","manager":"","property_class":"","land_category":"잡종지","area_sqm":2241.0,"area_band":"1,000~3,000㎡","interest_category":"잡종지","solar_candidate":"Y","candidate_reason":"실제 이용·점유 여부 확인 후 검토할 잡종지; 면적 2,241㎡","priority_score":63,"source":"경기부동산포털 국공유지조회·연속지적도","source_date":"2026-08-11","installed_solar_match":false}},{"type":"Feature","id":"4155039021108880008","geometry":{"type":"Point","coordinates":[127.4474251,37.0833241]},"properties":{"pnu":"4155039021108880008","municipality_code":"41550","municipality":"안성시","district":"안성시","locality":"일죽면 월정리","address":"안성시 일죽면 월정리 888-8","owner_type":"국유지","owner_label":"국(건설부)","manager":"","property_class":"","land_category":"잡종지","area_sqm":2143.0,"area_band":"1,000~3,000㎡","interest_category":"잡종지","solar_candidate":"Y","candidate_reason":"실제 이용·점유 여부 확인 후 검토할 잡종지; 면적 2,143㎡","priority_score":63,"source":"경기부동산포털 국공유지조회·연속지적도","source_date":"2026-08-11","installed_solar_match":false}},{"type":"Feature","id":"4155025022100710012","geometry":{"type":"Point","coordinates":[127.1945557,36.9814281]},"properties":{"pnu":"4155025022100710012","municipality_code":"41550","municipality":"안성시","district":"안성시","locality":"공도읍 웅교리","address":"안성시 공도읍 웅교리 71-12","owner_type":"국유지","owner_label":"국(환경부)","manager":"","property_class":"","land_category":"잡종지","area_sqm":2007.0,"area_band":"1,000~3,000㎡","interest_category":"잡종지","solar_candidate":"Y","candidate_reason":"실제 이용·점유 여부 확인 후 검토할 잡종지; 면적 2,007㎡","priority_score":63,"source":"경기부동산포털 국공유지조회·연속지적도","source_date":"2026-08-11","installed_solar_match":false}},{"type":"Feature","id":"4155032023104710000","geometry":{"type":"Point","coordinates":[127.3181097,36.967797]},"properties":{"pnu":"4155032023104710000","municipality_code":"41550","municipality":"안성시","district":"안성시","locality":"금광면 장죽리","address":"안성시 금광면 장죽리 471","owner_type":"국유지","owner_label":"국(국토교통부)","manager":"","property_class":"","land_category":"잡종지","area_sqm":1961.0,"area_band":"1,000~3,000㎡","interest_category":"잡종지","solar_candidate":"Y","candidate_reason":"실제 이용·점유 여부 확인 후 검토할 잡종지; 면적 1,961㎡","priority_score":63,"source":"경기부동산포털 국공유지조회·연속지적도","source_date":"2026-08-11","installed_solar_match":false}},{"type":"Feature","id":"4155036026102670000","geometry":{"type":"Point","coordinates":[127.2189064,37.0792263]},"properties":{"pnu":"4155036026102670000","municipality_code":"41550","municipality":"안성시","district":"안성시","locality":"양성면 도곡리","address":"안성시 양성면 도곡리 267","owner_type":"국유지","owner_label":"국(국방부)","manager":"","property_class":"","land_category":"잡종지","area_sqm":1854.0,"area_band":"1,000~3,000㎡","interest_category":"잡종지","solar_candidate":"Y","candidate_reason":"실제 이용·점유 여부 확인 후 검토할 잡종지; 면적 1,854㎡","priority_score":63,"source":"경기부동산포털 국공유지조회·연속지적도","source_date":"2026-08-11","installed_solar_match":false}},{"type":"Feature","id":"4155036026102610000","geometry":{"type":"Point","coordinates":[127.2205726,37.0779617]},"properties":{"pnu":"4155036026102610000","municipality_code":"41550","municipality":"안성시","district":"안성시","locality":"양성면 도곡리","address":"안성시 양성면 도곡리 261","owner_type":"국유지","owner_label":"국(국방부)","manager":"","property_class":"","land_category":"잡종지","area_sqm":1736.0,"area_band":"1,000~3,000㎡","interest_category":"잡종지","solar_candidate":"Y","candidate_reason":"실제 이용·점유 여부 확인 후 검토할 잡종지; 면적 1,736㎡","priority_score":63,"source":"경기부동산포털 국공유지조회·연속지적도","source_date":"2026-08-11","installed_solar_match":false}},{"type":"Feature","id":"4155038021103710008","geometry":{"type":"Point","coordinates":[127.1610441,37.0727927]},"properties":{"pnu":"4155038021103710008","municipality_code":"41550","municipality":"안성시","district":"안성시","locality":"원곡면 성은리","address":"안성시 원곡면 성은리 371-8","owner_type":"국유지","owner_label":"국(국방부)","manager":"","property_class":"","land_category":"잡종지","area_sqm":1713.0,"area_band":"1,000~3,000㎡","interest_category":"잡종지","solar_candidate":"Y","candidate_reason":"실제 이용·점유 여부 확인 후 검토할 잡종지; 면적 1,713㎡","priority_score":63,"source":"경기부동산포털 국공유지조회·연속지적도","source_date":"2026-08-11","installed_solar_match":false}},{"type":"Feature","id":"4155036026102420000","geometry":{"type":"Point","coordinates":[127.2249332,37.0808875]},"properties":{"pnu":"4155036026102420000","municipality_code":"41550","municipality":"안성시","district":"안성시","locality":"양성면 도곡리","address":"안성시 양성면 도곡리 242","owner_type":"국유지","owner_label":"국(국방부)","manager":"","property_class":"","land_category":"잡종지","area_sqm":1560.0,"area_band":"1,000~3,000㎡","interest_category":"잡종지","solar_candidate":"Y","candidate_reason":"실제 이용·점유 여부 확인 후 검토할 잡종지; 면적 1,560㎡","priority_score":63,"source":"경기부동산포털 국공유지조회·연속지적도","source_date":"2026-08-11","installed_solar_match":false}},{"type":"Feature","id":"4155036026102580000","geometry":{"type":"Point","coordinates":[127.2204725,37.079517]},"properties":{"pnu":"4155036026102580000","municipality_code":"41550","municipality":"안성시","district":"안성시","locality":"양성면 도곡리","address":"안성시 양성면 도곡리 258","owner_type":"국유지","owner_label":"국(국방부)","manager":"","property_class":"","land_category":"잡종지","area_sqm":1488.0,"area_band":"1,000~3,000㎡","interest_category":"잡종지","solar_candidate":"Y","candidate_reason":"실제 이용·점유 여부 확인 후 검토할 잡종지; 면적 1,488㎡","priority_score":63,"source":"경기부동산포털 국공유지조회·연속지적도","source_date":"2026-08-11","installed_solar_match":false}},{"type":"Feature","id":"4155036026102620000","geometry":{"type":"Point","coordinates":[127.2207813,37.0775812]},"properties":{"pnu":"4155036026102620000","municipality_code":"41550","municipality":"안성시","district":"안성시","locality":"양성면 도곡리","address":"안성시 양성면 도곡리 262","owner_type":"국유지","owner_label":"국(국방부)","manager":"","property_class":"","land_category":"잡종지","area_sqm":1461.0,"area_band":"1,000~3,000㎡","interest_category":"잡종지","solar_candidate":"Y","candidate_reason":"실제 이용·점유 여부 확인 후 검토할 잡종지; 면적 1,461㎡","priority_score":63,"source":"경기부동산포털 국공유지조회·연속지적도","source_date":"2026-08-11","installed_solar_match":false}},{"type":"Feature","id":"4155036026102460000","geometry":{"type":"Point","coordinates":[127.2234835,37.0804503]},"properties":{"pnu":"4155036026102460000","municipality_code":"41550","municipality":"안성시","district":"안성시","locality":"양성면 도곡리","address":"안성시 양성면 도곡리 246","owner_type":"국유지","owner_label":"국(국방부)","manager":"","property_class":"","land_category":"잡종지","area_sqm":1454.0,"area_band":"1,000~3,000㎡","interest_category":"잡종지","solar_candidate":"Y","candidate_reason":"실제 이용·점유 여부 확인 후 검토할 잡종지; 면적 1,454㎡","priority_score":63,"source":"경기부동산포털 국공유지조회·연속지적도","source_date":"2026-08-11","installed_solar_match":false}},{"type":"Feature","id":"4155036026102550001","geometry":{"type":"Point","coordinates":[127.2228975,37.079454]},"properties":{"pnu":"4155036026102550001","municipality_code":"41550","municipality":"안성시","district":"안성시","locality":"양성면 도곡리","address":"안성시 양성면 도곡리 255-1","owner_type":"국유지","owner_label":"국(국방부)","manager":"","property_class":"","land_category":"잡종지","area_sqm":1421.0,"area_band":"1,000~3,000㎡","interest_category":"잡종지","solar_candidate":"Y","candidate_reason":"실제 이용·점유 여부 확인 후 검토할 잡종지; 면적 1,421㎡","priority_score":63,"source":"경기부동산포털 국공유지조회·연속지적도","source_date":"2026-08-11","installed_solar_match":false}},{"type":"Feature","id":"4155031022106850006","geometry":{"type":"Point","coordinates":[127.2886113,37.0374306]},"properties":{"pnu":"4155031022106850006","municipality_code":"41550","municipality":"안성시","district":"안성시","locality":"보개면 기좌리","address":"안성시 보개면 기좌리 685-6","owner_type":"국유지","owner_label":"국(기획재정부)","manager":"","property_class":"","land_category":"잡종지","area_sqm":1386.0,"area_band":"1,000~3,000㎡","interest_category":"잡종지","solar_candidate":"Y","candidate_reason":"실제 이용·점유 여부 확인 후 검토할 잡종지; 면적 1,386㎡","priority_score":63,"source":"경기부동산포털 국공유지조회·연속지적도","source_date":"2026-08-11","installed_solar_match":false}},{"type":"Feature","id":"4155036026102560000","geometry":{"type":"Point","coordinates":[127.2214137,37.0793247]},"properties":{"pnu":"4155036026102560000","municipality_code":"41550","municipality":"안성시","district":"안성시","locality":"양성면 도곡리","address":"안성시 양성면 도곡리 256","owner_type":"국유지","owner_label":"국(국방부)","manager":"","property_class":"","land_category":"잡종지","area_sqm":1382.0,"area_band":"1,000~3,000㎡","interest_category":"잡종지","solar_candidate":"Y","candidate_reason":"실제 이용·점유 여부 확인 후 검토할 잡종지; 면적 1,382㎡","priority_score":63,"source":"경기부동산포털 국공유지조회·연속지적도","source_date":"2026-08-11","installed_solar_match":false}},{"type":"Feature","id":"4155038021103960001","geometry":{"type":"Point","coordinates":[127.1718494,37.074932]},"properties":{"pnu":"4155038021103960001","municipality_code":"41550","municipality":"안성시","district":"안성시","locality":"원곡면 성은리","address":"안성시 원곡면 성은리 396-1","owner_type":"국유지","owner_label":"국(국방부)","manager":"","property_class":"","land_category":"잡종지","area_sqm":1326.0,"area_band":"1,000~3,000㎡","interest_category":"잡종지","solar_candidate":"Y","candidate_reason":"실제 이용·점유 여부 확인 후 검토할 잡종지; 면적 1,326㎡","priority_score":63,"source":"경기부동산포털 국공유지조회·연속지적도","source_date":"2026-08-11","installed_solar_match":false}},{"type":"Feature","id":"4155036023100550002","geometry":{"type":"Point","coordinates":[127.2014712,37.0713516]},"properties":{"pnu":"4155036023100550002","municipality_code":"41550","municipality":"안성시","district":"안성시","locality":"양성면 석화리","address":"안성시 양성면 석화리 55-2","owner_type":"국유지","owner_label":"국(건설교통부)","manager":"","property_class":"","land_category":"잡종지","area_sqm":1240.0,"area_band":"1,000~3,000㎡","interest_category":"잡종지","solar_candidate":"Y","candidate_reason":"실제 이용·점유 여부 확인 후 검토할 잡종지; 면적 1,240㎡","priority_score":63,"source":"경기부동산포털 국공유지조회·연속지적도","source_date":"2026-08-11","installed_solar_match":false}},{"type":"Feature","id":"4155036026102530000","geometry":{"type":"Point","coordinates":[127.2216685,37.079734]},"properties":{"pnu":"4155036026102530000","municipality_code":"41550","municipality":"안성시","district":"안성시","locality":"양성면 도곡리","address":"안성시 양성면 도곡리 253","owner_type":"국유지","owner_label":"국(국방부)","manager":"","property_class":"","land_category":"잡종지","area_sqm":1150.0,"area_band":"1,000~3,000㎡","interest_category":"잡종지","solar_candidate":"Y","candidate_reason":"실제 이용·점유 여부 확인 후 검토할 잡종지; 면적 1,150㎡","priority_score":63,"source":"경기부동산포털 국공유지조회·연속지적도","source_date":"2026-08-11","installed_solar_match":false}},{"type":"Feature","id":"4155025031100100006","geometry":{"type":"Point","coordinates":[127.144344,36.9968155]},"properties":{"pnu":"4155025031100100006","municipality_code":"41550","municipality":"안성시","district":"안성시","locality":"공도읍 진사리","address":"안성시 공도읍 진사리 10-6","owner_type":"국유지","owner_label":"국(건설부)","manager":"","property_class":"","land_category":"잡종지","area_sqm":1129.0,"area_band":"1,000~3,000㎡","interest_category":"잡종지","solar_candidate":"Y","candidate_reason":"실제 이용·점유 여부 확인 후 검토할 잡종지; 면적 1,129㎡","priority_score":63,"source":"경기부동산포털 국공유지조회·연속지적도","source_date":"2026-08-11","installed_solar_match":false}},{"type":"Feature","id":"4155036026102640000","geometry":{"type":"Point","coordinates":[127.2194641,37.0793577]},"properties":{"pnu":"4155036026102640000","municipality_code":"41550","municipality":"안성시","district":"안성시","locality":"양성면 도곡리","address":"안성시 양성면 도곡리 264","owner_type":"국유지","owner_label":"국(국방부)","manager":"","property_class":"","land_category":"잡종지","area_sqm":1117.0,"area_band":"1,000~3,000㎡","interest_category":"잡종지","solar_candidate":"Y","candidate_reason":"실제 이용·점유 여부 확인 후 검토할 잡종지; 면적 1,117㎡","priority_score":63,"source":"경기부동산포털 국공유지조회·연속지적도","source_date":"2026-08-11","installed_solar_match":false}},{"type":"Feature","id":"4155012000100030001","geometry":{"type":"Point","coordinates":[127.2747975,37.0284778]},"properties":{"pnu":"4155012000100030001","municipality_code":"41550","municipality":"안성시","district":"안성시","locality":"금석동","address":"안성시 금석동 3-1","owner_type":"국유지","owner_label":"국(국방부)","manager":"","property_class":"","land_category":"잡종지","area_sqm":1114.0,"area_band":"1,000~3,000㎡","interest_category":"잡종지","solar_candidate":"Y","candidate_reason":"실제 이용·점유 여부 확인 후 검토할 잡종지; 면적 1,114㎡","priority_score":63,"source":"경기부동산포털 국공유지조회·연속지적도","source_date":"2026-08-11","installed_solar_match":false}},{"type":"Feature","id":"4155036026102480000","geometry":{"type":"Point","coordinates":[127.2224542,37.0800515]},"properties":{"pnu":"4155036026102480000","municipality_code":"41550","municipality":"안성시","district":"안성시","locality":"양성면 도곡리","address":"안성시 양성면 도곡리 248","owner_type":"국유지","owner_label":"국(국방부)","manager":"","property_class":"","land_category":"잡종지","area_sqm":1084.0,"area_band":"1,000~3,000㎡","interest_category":"잡종지","solar_candidate":"Y","candidate_reason":"실제 이용·점유 여부 확인 후 검토할 잡종지; 면적 1,084㎡","priority_score":63,"source":"경기부동산포털 국공유지조회·연속지적도","source_date":"2026-08-11","installed_solar_match":false}},{"type":"Feature","id":"4155025029103580053","geometry":{"type":"Point","coordinates":[127.1752608,37.0142497]},"properties":{"pnu":"4155025029103580053","municipality_code":"41550","municipality":"안성시","district":"안성시","locality":"공도읍 만정리","address":"안성시 공도읍 만정리 358-53","owner_type":"국유지","owner_label":"국(건설교통부)","manager":"","property_class":"","land_category":"잡종지","area_sqm":1082.0,"area_band":"1,000~3,000㎡","interest_category":"잡종지","solar_candidate":"Y","candidate_reason":"실제 이용·점유 여부 확인 후 검토할 잡종지; 면적 1,082㎡","priority_score":63,"source":"경기부동산포털 국공유지조회·연속지적도","source_date":"2026-08-11","installed_solar_match":false}},{"type":"Feature","id":"4155035028104070008","geometry":{"type":"Point","coordinates":[127.2256072,37.0115742]},"properties":{"pnu":"4155035028104070008","municipality_code":"41550","municipality":"안성시","district":"안성시","locality":"대덕면 내리","address":"안성시 대덕면 내리 407-8","owner_type":"국유지","owner_label":"국(기획재정부)","manager":"","property_class":"","land_category":"잡종지","area_sqm":1043.0,"area_band":"1,000~3,000㎡","interest_category":"잡종지","solar_candidate":"Y","candidate_reason":"실제 이용·점유 여부 확인 후 검토할 잡종지; 면적 1,043㎡","priority_score":63,"source":"경기부동산포털 국공유지조회·연속지적도","source_date":"2026-08-11","installed_solar_match":false}},{"type":"Feature","id":"4155025026107820022","geometry":{"type":"Point","coordinates":[127.1528564,36.9967191]},"properties":{"pnu":"4155025026107820022","municipality_code":"41550","municipality":"안성시","district":"안성시","locality":"공도읍 승두리","address":"안성시 공도읍 승두리 782-22","owner_type":"국유지","owner_label":"국(건설교통부)","manager":"","property_class":"","land_category":"잡종지","area_sqm":1022.0,"area_band":"1,000~3,000㎡","interest_category":"잡종지","solar_candidate":"Y","candidate_reason":"실제 이용·점유 여부 확인 후 검토할 잡종지; 면적 1,022㎡","priority_score":63,"source":"경기부동산포털 국공유지조회·연속지적도","source_date":"2026-08-11","installed_solar_match":false}},{"type":"Feature","id":"4155036026102510000","geometry":{"type":"Point","coordinates":[127.2216854,37.0798808]},"properties":{"pnu":"4155036026102510000","municipality_code":"41550","municipality":"안성시","district":"안성시","locality":"양성면 도곡리","address":"안성시 양성면 도곡리 251","owner_type":"국유지","owner_label":"국(국방부)","manager":"","property_class":"","land_category":"잡종지","area_sqm":1021.0,"area_band":"1,000~3,000㎡","interest_category":"잡종지","solar_candidate":"Y","candidate_reason":"실제 이용·점유 여부 확인 후 검토할 잡종지; 면적 1,021㎡","priority_score":63,"source":"경기부동산포털 국공유지조회·연속지적도","source_date":"2026-08-11","installed_solar_match":false}},{"type":"Feature","id":"4155025030100900071","geometry":{"type":"Point","coordinates":[127.2059113,37.010062]},"properties":{"pnu":"4155025030100900071","municipality_code":"41550","municipality":"안성시","district":"안성시","locality":"공도읍 마정리","address":"안성시 공도읍 마정리 90-71","owner_type":"국유지","owner_label":"국(건설부)","manager":"","property_class":"","land_category":"잡종지","area_sqm":1004.0,"area_band":"1,000~3,000㎡","interest_category":"잡종지","solar_candidate":"Y","candidate_reason":"실제 이용·점유 여부 확인 후 검토할 잡종지; 면적 1,004㎡","priority_score":63,"source":"경기부동산포털 국공유지조회·연속지적도","source_date":"2026-08-11","installed_solar_match":false}},{"type":"Feature","id":"4155031035105440008","geometry":{"type":"Point","coordinates":[127.2969802,37.0631358]},"properties":{"pnu":"4155031035105440008","municipality_code":"41550","municipality":"안성시","district":"안성시","locality":"보개면 가율리","address":"안성시 보개면 가율리 544-8","owner_type":"국유지","owner_label":"국(국토교통부)","manager":"","property_class":"","land_category":"공장용지","area_sqm":5428.5,"area_band":"5,000㎡ 이상","interest_category":"공장용지","solar_candidate":"Y","candidate_reason":"넓은 국유지로 실제 이용·규제 현황 추가 검토; 면적 5,428㎡","priority_score":62,"source":"경기부동산포털 국공유지조회·연속지적도","source_date":"2026-08-11","installed_solar_match":false}},{"type":"Feature","id":"4155033032101730002","geometry":{"type":"Point","coordinates":[127.2880146,36.9615506]},"properties":{"pnu":"4155033032101730002","municipality_code":"41550","municipality":"안성시","district":"안성시","locality":"서운면 오촌리","address":"안성시 서운면 오촌리 173-2","owner_type":"국유지","owner_label":"국(기획재정부)","manager":"","property_class":"","land_category":"체육용지","area_sqm":8187.0,"area_band":"5,000㎡ 이상","interest_category":"체육용지","solar_candidate":"Y","candidate_reason":"체육시설·주차장 상부 활용 가능성 추가 검토; 면적 8,187㎡","priority_score":60,"source":"경기부동산포털 국공유지조회·연속지적도","source_date":"2026-08-11","installed_solar_match":false}},{"type":"Feature","id":"4155040026109370004","geometry":{"type":"Point","coordinates":[127.4038828,37.0370704]},"properties":{"pnu":"4155040026109370004","municipality_code":"41550","municipality":"안성시","district":"안성시","locality":"죽산면 장계리","address":"안성시 죽산면 장계리 937-4","owner_type":"국유지","owner_label":"국(기획재정부)","manager":"","property_class":"","land_category":"체육용지","area_sqm":6297.0,"area_band":"5,000㎡ 이상","interest_category":"체육용지","solar_candidate":"Y","candidate_reason":"체육시설·주차장 상부 활용 가능성 추가 검토; 면적 6,297㎡","priority_score":60,"source":"경기부동산포털 국공유지조회·연속지적도","source_date":"2026-08-11","installed_solar_match":false}},{"type":"Feature","id":"4155032027100040001","geometry":{"type":"Point","coordinates":[127.3852273,37.0243187]},"properties":{"pnu":"4155032027100040001","municipality_code":"41550","municipality":"안성시","district":"안성시","locality":"금광면 삼흥리","address":"안성시 금광면 삼흥리 4-1","owner_type":"국유지","owner_label":"국(기획재정부)","manager":"","property_class":"","land_category":"체육용지","area_sqm":5007.0,"area_band":"5,000㎡ 이상","interest_category":"체육용지","solar_candidate":"Y","candidate_reason":"체육시설·주차장 상부 활용 가능성 추가 검토; 면적 5,007㎡","priority_score":60,"source":"경기부동산포털 국공유지조회·연속지적도","source_date":"2026-08-11","installed_solar_match":false}},{"type":"Feature","id":"4155012500101560001","geometry":{"type":"Point","coordinates":[127.2682022,37.0185886]},"properties":{"pnu":"4155012500101560001","municipality_code":"41550","municipality":"안성시","district":"안성시","locality":"당왕동","address":"안성시 당왕동 156-1","owner_type":"국유지","owner_label":"국(대법원)","manager":"","property_class":"","land_category":"대","area_sqm":3238.0,"area_band":"3,000~5,000㎡","interest_category":"대","solar_candidate":"Y","candidate_reason":"청사·공공건축물·주차장 현황 추가 확인 필요; 면적 3,238㎡","priority_score":60,"source":"경기부동산포털 국공유지조회·연속지적도","source_date":"2026-08-11","installed_solar_match":false}},{"type":"Feature","id":"4155032023100230000","geometry":{"type":"Point","coordinates":[127.3211154,36.9761057]},"properties":{"pnu":"4155032023100230000","municipality_code":"41550","municipality":"안성시","district":"안성시","locality":"금광면 장죽리","address":"안성시 금광면 장죽리 23","owner_type":"국유지","owner_label":"국(국토교통부)","manager":"","property_class":"","land_category":"주차장","area_sqm":559.0,"area_band":"500~1,000㎡","interest_category":"주차장","solar_candidate":"Y","candidate_reason":"주차면 상부 태양광을 우선 검토할 지목; 면적 559㎡","priority_score":60,"source":"경기부동산포털 국공유지조회·연속지적도","source_date":"2026-08-11","installed_solar_match":false}},{"type":"Feature","id":"4155031035105440000","geometry":{"type":"Point","coordinates":[127.2962997,37.0632996]},"properties":{"pnu":"4155031035105440000","municipality_code":"41550","municipality":"안성시","district":"안성시","locality":"보개면 가율리","address":"안성시 보개면 가율리 544","owner_type":"국유지","owner_label":"국(국토교통부)","manager":"","property_class":"","land_category":"공장용지","area_sqm":3964.5,"area_band":"3,000~5,000㎡","interest_category":"공장용지","solar_candidate":"검토필요","candidate_reason":"넓은 국유지로 실제 이용·규제 현황 추가 검토; 면적 3,964㎡","priority_score":57,"source":"경기부동산포털 국공유지조회·연속지적도","source_date":"2026-08-11","installed_solar_match":false}},{"type":"Feature","id":"4155032027100030004","geometry":{"type":"Point","coordinates":[127.383615,37.0239547]},"properties":{"pnu":"4155032027100030004","municipality_code":"41550","municipality":"안성시","district":"안성시","locality":"금광면 삼흥리","address":"안성시 금광면 삼흥리 3-4","owner_type":"국유지","owner_label":"국(기획재정부)","manager":"","property_class":"","land_category":"체육용지","area_sqm":4523.0,"area_band":"3,000~5,000㎡","interest_category":"체육용지","solar_candidate":"검토필요","candidate_reason":"체육시설·주차장 상부 활용 가능성 추가 검토; 면적 4,523㎡","priority_score":55,"source":"경기부동산포털 국공유지조회·연속지적도","source_date":"2026-08-11","installed_solar_match":false}},{"type":"Feature","id":"4155033032102670006","geometry":{"type":"Point","coordinates":[127.2868043,36.9630675]},"properties":{"pnu":"4155033032102670006","municipality_code":"41550","municipality":"안성시","district":"안성시","locality":"서운면 오촌리","address":"안성시 서운면 오촌리 267-6","owner_type":"국유지","owner_label":"국(기획재정부)","manager":"","property_class":"","land_category":"체육용지","area_sqm":3683.0,"area_band":"3,000~5,000㎡","interest_category":"체육용지","solar_candidate":"검토필요","candidate_reason":"체육시설·주차장 상부 활용 가능성 추가 검토; 면적 3,683㎡","priority_score":55,"source":"경기부동산포털 국공유지조회·연속지적도","source_date":"2026-08-11","installed_solar_match":false}},{"type":"Feature","id":"4155036026103370028","geometry":{"type":"Point","coordinates":[127.219965,37.0825201]},"properties":{"pnu":"4155036026103370028","municipality_code":"41550","municipality":"안성시","district":"안성시","locality":"양성면 도곡리","address":"안성시 양성면 도곡리 337-28","owner_type":"국유지","owner_label":"국(기획재정부)","manager":"","property_class":"","land_category":"창고용지","area_sqm":3548.0,"area_band":"3,000~5,000㎡","interest_category":"창고용지","solar_candidate":"검토필요","candidate_reason":"넓은 국유지로 실제 이용·규제 현황 추가 검토; 면적 3,548㎡","priority_score":55,"source":"경기부동산포털 국공유지조회·연속지적도","source_date":"2026-08-11","installed_solar_match":false}},{"type":"Feature","id":"4155025031100270015","geometry":{"type":"Point","coordinates":[127.1365595,36.993372]},"properties":{"pnu":"4155025031100270015","municipality_code":"41550","municipality":"안성시","district":"안성시","locality":"공도읍 진사리","address":"안성시 공도읍 진사리 27-15","owner_type":"국유지","owner_label":"국(국토해양부)","manager":"","property_class":"","land_category":"잡종지","area_sqm":983.0,"area_band":"500~1,000㎡","interest_category":"잡종지","solar_candidate":"검토필요","candidate_reason":"실제 이용·점유 여부 확인 후 검토할 잡종지; 면적 983㎡","priority_score":55,"source":"경기부동산포털 국공유지조회·연속지적도","source_date":"2026-08-11","installed_solar_match":false}},{"type":"Feature","id":"4155036026102700000","geometry":{"type":"Point","coordinates":[127.2182438,37.0792392]},"properties":{"pnu":"4155036026102700000","municipality_code":"41550","municipality":"안성시","district":"안성시","locality":"양성면 도곡리","address":"안성시 양성면 도곡리 270","owner_type":"국유지","owner_label":"국(국방부)","manager":"","property_class":"","land_category":"잡종지","area_sqm":965.0,"area_band":"500~1,000㎡","interest_category":"잡종지","solar_candidate":"검토필요","candidate_reason":"실제 이용·점유 여부 확인 후 검토할 잡종지; 면적 965㎡","priority_score":55,"source":"경기부동산포털 국공유지조회·연속지적도","source_date":"2026-08-11","installed_solar_match":false}},{"type":"Feature","id":"4155036026102490000","geometry":{"type":"Point","coordinates":[127.2220384,37.0801211]},"properties":{"pnu":"4155036026102490000","municipality_code":"41550","municipality":"안성시","district":"안성시","locality":"양성면 도곡리","address":"안성시 양성면 도곡리 249","owner_type":"국유지","owner_label":"국(국방부)","manager":"","property_class":"","land_category":"잡종지","area_sqm":922.0,"area_band":"500~1,000㎡","interest_category":"잡종지","solar_candidate":"검토필요","candidate_reason":"실제 이용·점유 여부 확인 후 검토할 잡종지; 면적 922㎡","priority_score":55,"source":"경기부동산포털 국공유지조회·연속지적도","source_date":"2026-08-11","installed_solar_match":false}},{"type":"Feature","id":"4155038021103710001","geometry":{"type":"Point","coordinates":[127.1600587,37.0728798]},"properties":{"pnu":"4155038021103710001","municipality_code":"41550","municipality":"안성시","district":"안성시","locality":"원곡면 성은리","address":"안성시 원곡면 성은리 371-1","owner_type":"국유지","owner_label":"국(국방부)","manager":"","property_class":"","land_category":"잡종지","area_sqm":892.0,"area_band":"500~1,000㎡","interest_category":"잡종지","solar_candidate":"검토필요","candidate_reason":"실제 이용·점유 여부 확인 후 검토할 잡종지; 면적 892㎡","priority_score":55,"source":"경기부동산포털 국공유지조회·연속지적도","source_date":"2026-08-11","installed_solar_match":false}},{"type":"Feature","id":"4155038028103920003","geometry":{"type":"Point","coordinates":[127.145769,37.0893107]},"properties":{"pnu":"4155038028103920003","municipality_code":"41550","municipality":"안성시","district":"안성시","locality":"원곡면 성주리","address":"안성시 원곡면 성주리 392-3","owner_type":"국유지","owner_label":"국(기획재정부)","manager":"","property_class":"","land_category":"잡종지","area_sqm":848.0,"area_band":"500~1,000㎡","interest_category":"잡종지","solar_candidate":"검토필요","candidate_reason":"실제 이용·점유 여부 확인 후 검토할 잡종지; 면적 848㎡","priority_score":55,"source":"경기부동산포털 국공유지조회·연속지적도","source_date":"2026-08-11","installed_solar_match":false}},{"type":"Feature","id":"4155025030101490013","geometry":{"type":"Point","coordinates":[127.1992076,37.0088783]},"properties":{"pnu":"4155025030101490013","municipality_code":"41550","municipality":"안성시","district":"안성시","locality":"공도읍 마정리","address":"안성시 공도읍 마정리 149-13","owner_type":"국유지","owner_label":"국(국토교통부)","manager":"","property_class":"","land_category":"잡종지","area_sqm":784.0,"area_band":"500~1,000㎡","interest_category":"잡종지","solar_candidate":"검토필요","candidate_reason":"실제 이용·점유 여부 확인 후 검토할 잡종지; 면적 784㎡","priority_score":55,"source":"경기부동산포털 국공유지조회·연속지적도","source_date":"2026-08-11","installed_solar_match":false}},{"type":"Feature","id":"4155036026102550002","geometry":{"type":"Point","coordinates":[127.2231881,37.0791548]},"properties":{"pnu":"4155036026102550002","municipality_code":"41550","municipality":"안성시","district":"안성시","locality":"양성면 도곡리","address":"안성시 양성면 도곡리 255-2","owner_type":"국유지","owner_label":"국(국방부)","manager":"","property_class":"","land_category":"잡종지","area_sqm":777.0,"area_band":"500~1,000㎡","interest_category":"잡종지","solar_candidate":"검토필요","candidate_reason":"실제 이용·점유 여부 확인 후 검토할 잡종지; 면적 777㎡","priority_score":55,"source":"경기부동산포털 국공유지조회·연속지적도","source_date":"2026-08-11","installed_solar_match":false}},{"type":"Feature","id":"4155039021107180009","geometry":{"type":"Point","coordinates":[127.4484342,37.0841704]},"properties":{"pnu":"4155039021107180009","municipality_code":"41550","municipality":"안성시","district":"안성시","locality":"일죽면 월정리","address":"안성시 일죽면 월정리 718-9","owner_type":"국유지","owner_label":"국(건설부)","manager":"","property_class":"","land_category":"잡종지","area_sqm":774.0,"area_band":"500~1,000㎡","interest_category":"잡종지","solar_candidate":"검토필요","candidate_reason":"실제 이용·점유 여부 확인 후 검토할 잡종지; 면적 774㎡","priority_score":55,"source":"경기부동산포털 국공유지조회·연속지적도","source_date":"2026-08-11","installed_solar_match":false}},{"type":"Feature","id":"4155036026102690000","geometry":{"type":"Point","coordinates":[127.2185168,37.0792449]},"properties":{"pnu":"4155036026102690000","municipality_code":"41550","municipality":"안성시","district":"안성시","locality":"양성면 도곡리","address":"안성시 양성면 도곡리 269","owner_type":"국유지","owner_label":"국(국방부)","manager":"","property_class":"","land_category":"잡종지","area_sqm":721.0,"area_band":"500~1,000㎡","interest_category":"잡종지","solar_candidate":"검토필요","candidate_reason":"실제 이용·점유 여부 확인 후 검토할 잡종지; 면적 721㎡","priority_score":55,"source":"경기부동산포털 국공유지조회·연속지적도","source_date":"2026-08-11","installed_solar_match":false}},{"type":"Feature","id":"4155032025105250000","geometry":{"type":"Point","coordinates":[127.3277792,36.9982615]},"properties":{"pnu":"4155032025105250000","municipality_code":"41550","municipality":"안성시","district":"안성시","locality":"금광면 금광리","address":"안성시 금광면 금광리 525","owner_type":"국유지","owner_label":"국(농림축산식품부)","manager":"","property_class":"","land_category":"잡종지","area_sqm":668.0,"area_band":"500~1,000㎡","interest_category":"잡종지","solar_candidate":"검토필요","candidate_reason":"실제 이용·점유 여부 확인 후 검토할 잡종지; 면적 668㎡","priority_score":55,"source":"경기부동산포털 국공유지조회·연속지적도","source_date":"2026-08-11","installed_solar_match":false}},{"type":"Feature","id":"4155012600100010008","geometry":{"type":"Point","coordinates":[127.285898,37.0214687]},"properties":{"pnu":"4155012600100010008","municipality_code":"41550","municipality":"안성시","district":"안성시","locality":"가사동","address":"안성시 가사동 1-8","owner_type":"국유지","owner_label":"국(국토교통부)","manager":"","property_class":"","land_category":"잡종지","area_sqm":657.0,"area_band":"500~1,000㎡","interest_category":"잡종지","solar_candidate":"검토필요","candidate_reason":"실제 이용·점유 여부 확인 후 검토할 잡종지; 면적 657㎡","priority_score":55,"source":"경기부동산포털 국공유지조회·연속지적도","source_date":"2026-08-11","installed_solar_match":false}},{"type":"Feature","id":"4155036026102820003","geometry":{"type":"Point","coordinates":[127.2160574,37.0785757]},"properties":{"pnu":"4155036026102820003","municipality_code":"41550","municipality":"안성시","district":"안성시","locality":"양성면 도곡리","address":"안성시 양성면 도곡리 282-3","owner_type":"국유지","owner_label":"국(국방부)","manager":"","property_class":"","land_category":"잡종지","area_sqm":655.0,"area_band":"500~1,000㎡","interest_category":"잡종지","solar_candidate":"검토필요","candidate_reason":"실제 이용·점유 여부 확인 후 검토할 잡종지; 면적 655㎡","priority_score":55,"source":"경기부동산포털 국공유지조회·연속지적도","source_date":"2026-08-11","installed_solar_match":false}},{"type":"Feature","id":"4155025022100710002","geometry":{"type":"Point","coordinates":[127.1948654,36.981662]},"properties":{"pnu":"4155025022100710002","municipality_code":"41550","municipality":"안성시","district":"안성시","locality":"공도읍 웅교리","address":"안성시 공도읍 웅교리 71-2","owner_type":"국유지","owner_label":"국(건설교통부)","manager":"","property_class":"","land_category":"잡종지","area_sqm":625.0,"area_band":"500~1,000㎡","interest_category":"잡종지","solar_candidate":"검토필요","candidate_reason":"실제 이용·점유 여부 확인 후 검토할 잡종지; 면적 625㎡","priority_score":55,"source":"경기부동산포털 국공유지조회·연속지적도","source_date":"2026-08-11","installed_solar_match":false}},{"type":"Feature","id":"4155036026102720000","geometry":{"type":"Point","coordinates":[127.2178973,37.0783874]},"properties":{"pnu":"4155036026102720000","municipality_code":"41550","municipality":"안성시","district":"안성시","locality":"양성면 도곡리","address":"안성시 양성면 도곡리 272","owner_type":"국유지","owner_label":"국(국방부)","manager":"","property_class":"","land_category":"잡종지","area_sqm":621.0,"area_band":"500~1,000㎡","interest_category":"잡종지","solar_candidate":"검토필요","candidate_reason":"실제 이용·점유 여부 확인 후 검토할 잡종지; 면적 621㎡","priority_score":55,"source":"경기부동산포털 국공유지조회·연속지적도","source_date":"2026-08-11","installed_solar_match":false}},{"type":"Feature","id":"4155036026102500000","geometry":{"type":"Point","coordinates":[127.2221699,37.0799471]},"properties":{"pnu":"4155036026102500000","municipality_code":"41550","municipality":"안성시","district":"안성시","locality":"양성면 도곡리","address":"안성시 양성면 도곡리 250","owner_type":"국유지","owner_label":"국(국방부)","manager":"","property_class":"","land_category":"잡종지","area_sqm":595.0,"area_band":"500~1,000㎡","interest_category":"잡종지","solar_candidate":"검토필요","candidate_reason":"실제 이용·점유 여부 확인 후 검토할 잡종지; 면적 595㎡","priority_score":55,"source":"경기부동산포털 국공유지조회·연속지적도","source_date":"2026-08-11","installed_solar_match":false}},{"type":"Feature","id":"4155033026103740017","geometry":{"type":"Point","coordinates":[127.2127829,36.9362366]},"properties":{"pnu":"4155033026103740017","municipality_code":"41550","municipality":"안성시","district":"안성시","locality":"서운면 현매리","address":"안성시 서운면 현매리 374-17","owner_type":"국유지","owner_label":"국(기획재정부)","manager":"","property_class":"","land_category":"잡종지","area_sqm":591.0,"area_band":"500~1,000㎡","interest_category":"잡종지","solar_candidate":"검토필요","candidate_reason":"실제 이용·점유 여부 확인 후 검토할 잡종지; 면적 591㎡","priority_score":55,"source":"경기부동산포털 국공유지조회·연속지적도","source_date":"2026-08-11","installed_solar_match":false}},{"type":"Feature","id":"4155025030100310018","geometry":{"type":"Point","coordinates":[127.2103395,37.0157167]},"properties":{"pnu":"4155025030100310018","municipality_code":"41550","municipality":"안성시","district":"안성시","locality":"공도읍 마정리","address":"안성시 공도읍 마정리 31-18","owner_type":"국유지","owner_label":"국(기획재정부)","manager":"","property_class":"","land_category":"잡종지","area_sqm":588.0,"area_band":"500~1,000㎡","interest_category":"잡종지","solar_candidate":"검토필요","candidate_reason":"실제 이용·점유 여부 확인 후 검토할 잡종지; 면적 588㎡","priority_score":55,"source":"경기부동산포털 국공유지조회·연속지적도","source_date":"2026-08-11","installed_solar_match":false}},{"type":"Feature","id":"4155036026102550000","geometry":{"type":"Point","coordinates":[127.2225893,37.0796247]},"properties":{"pnu":"4155036026102550000","municipality_code":"41550","municipality":"안성시","district":"안성시","locality":"양성면 도곡리","address":"안성시 양성면 도곡리 255","owner_type":"국유지","owner_label":"국(국방부)","manager":"","property_class":"","land_category":"잡종지","area_sqm":542.0,"area_band":"500~1,000㎡","interest_category":"잡종지","solar_candidate":"검토필요","candidate_reason":"실제 이용·점유 여부 확인 후 검토할 잡종지; 면적 542㎡","priority_score":55,"source":"경기부동산포털 국공유지조회·연속지적도","source_date":"2026-08-11","installed_solar_match":false}},{"type":"Feature","id":"4155036026102650000","geometry":{"type":"Point","coordinates":[127.2196627,37.0796653]},"properties":{"pnu":"4155036026102650000","municipality_code":"41550","municipality":"안성시","district":"안성시","locality":"양성면 도곡리","address":"안성시 양성면 도곡리 265","owner_type":"국유지","owner_label":"국(국방부)","manager":"","property_class":"","land_category":"잡종지","area_sqm":516.0,"area_band":"500~1,000㎡","interest_category":"잡종지","solar_candidate":"검토필요","candidate_reason":"실제 이용·점유 여부 확인 후 검토할 잡종지; 면적 516㎡","priority_score":55,"source":"경기부동산포털 국공유지조회·연속지적도","source_date":"2026-08-11","installed_solar_match":false}},{"type":"Feature","id":"4155039026102740021","geometry":{"type":"Point","coordinates":[127.4995463,37.1031966]},"properties":{"pnu":"4155039026102740021","municipality_code":"41550","municipality":"안성시","district":"안성시","locality":"일죽면 당촌리","address":"안성시 일죽면 당촌리 274-21","owner_type":"국유지","owner_label":"국(건설교통부)","manager":"","property_class":"","land_category":"잡종지","area_sqm":508.0,"area_band":"500~1,000㎡","interest_category":"잡종지","solar_candidate":"검토필요","candidate_reason":"실제 이용·점유 여부 확인 후 검토할 잡종지; 면적 508㎡","priority_score":55,"source":"경기부동산포털 국공유지조회·연속지적도","source_date":"2026-08-11","installed_solar_match":false}},{"type":"Feature","id":"4155036026102680000","geometry":{"type":"Point","coordinates":[127.2188103,37.0793849]},"properties":{"pnu":"4155036026102680000","municipality_code":"41550","municipality":"안성시","district":"안성시","locality":"양성면 도곡리","address":"안성시 양성면 도곡리 268","owner_type":"국유지","owner_label":"국(국방부)","manager":"","property_class":"","land_category":"잡종지","area_sqm":502.0,"area_band":"500~1,000㎡","interest_category":"잡종지","solar_candidate":"검토필요","candidate_reason":"실제 이용·점유 여부 확인 후 검토할 잡종지; 면적 502㎡","priority_score":55,"source":"경기부동산포털 국공유지조회·연속지적도","source_date":"2026-08-11","installed_solar_match":false}},{"type":"Feature","id":"4155038028101630006","geometry":{"type":"Point","coordinates":[127.1738061,37.0757218]},"properties":{"pnu":"4155038028101630006","municipality_code":"41550","municipality":"안성시","district":"안성시","locality":"원곡면 성주리","address":"안성시 원곡면 성주리 163-6","owner_type":"국유지","owner_label":"국(국방부)","manager":"","property_class":"","land_category":"잡종지","area_sqm":500.0,"area_band":"500~1,000㎡","interest_category":"잡종지","solar_candidate":"검토필요","candidate_reason":"실제 이용·점유 여부 확인 후 검토할 잡종지; 면적 500㎡","priority_score":55,"source":"경기부동산포털 국공유지조회·연속지적도","source_date":"2026-08-11","installed_solar_match":false}},{"type":"Feature","id":"4155038024107310003","geometry":{"type":"Point","coordinates":[127.1306486,37.0744554]},"properties":{"pnu":"4155038024107310003","municipality_code":"41550","municipality":"안성시","district":"안성시","locality":"원곡면 산하리","address":"안성시 원곡면 산하리 731-3","owner_type":"국유지","owner_label":"국(기획재정부)","manager":"","property_class":"","land_category":"주차장","area_sqm":396.0,"area_band":"100~500㎡","interest_category":"주차장","solar_candidate":"검토필요","candidate_reason":"주차면 상부 태양광을 우선 검토할 지목; 면적 396㎡","priority_score":55,"source":"경기부동산포털 국공유지조회·연속지적도","source_date":"2026-08-11","installed_solar_match":false}},{"type":"Feature","id":"4155032023100220000","geometry":{"type":"Point","coordinates":[127.3208948,36.9762508]},"properties":{"pnu":"4155032023100220000","municipality_code":"41550","municipality":"안성시","district":"안성시","locality":"금광면 장죽리","address":"안성시 금광면 장죽리 22","owner_type":"국유지","owner_label":"국(국토교통부)","manager":"","property_class":"","land_category":"주차장","area_sqm":331.0,"area_band":"100~500㎡","interest_category":"주차장","solar_candidate":"검토필요","candidate_reason":"주차면 상부 태양광을 우선 검토할 지목; 면적 331㎡","priority_score":55,"source":"경기부동산포털 국공유지조회·연속지적도","source_date":"2026-08-11","installed_solar_match":false}},{"type":"Feature","id":"4155040030108670021","geometry":{"type":"Point","coordinates":[127.4365499,37.0086247]},"properties":{"pnu":"4155040030108670021","municipality_code":"41550","municipality":"안성시","district":"안성시","locality":"죽산면 두교리","address":"안성시 죽산면 두교리 867-21","owner_type":"국유지","owner_label":"국(기획재정부)","manager":"","property_class":"","land_category":"주차장","area_sqm":299.0,"area_band":"100~500㎡","interest_category":"주차장","solar_candidate":"검토필요","candidate_reason":"주차면 상부 태양광을 우선 검토할 지목; 면적 299㎡","priority_score":55,"source":"경기부동산포털 국공유지조회·연속지적도","source_date":"2026-08-11","installed_solar_match":false}},{"type":"Feature","id":"4155031035105440002","geometry":{"type":"Point","coordinates":[127.2964636,37.0635878]},"properties":{"pnu":"4155031035105440002","municipality_code":"41550","municipality":"안성시","district":"안성시","locality":"보개면 가율리","address":"안성시 보개면 가율리 544-2","owner_type":"국유지","owner_label":"국(국토교통부)","manager":"","property_class":"","land_category":"주차장","area_sqm":286.4,"area_band":"100~500㎡","interest_category":"주차장","solar_candidate":"검토필요","candidate_reason":"주차면 상부 태양광을 우선 검토할 지목; 면적 286㎡","priority_score":55,"source":"경기부동산포털 국공유지조회·연속지적도","source_date":"2026-08-11","installed_solar_match":false}},{"type":"Feature","id":"4155025030105130035","geometry":{"type":"Point","coordinates":[127.1920258,37.0074028]},"properties":{"pnu":"4155025030105130035","municipality_code":"41550","municipality":"안성시","district":"안성시","locality":"공도읍 마정리","address":"안성시 공도읍 마정리 513-35","owner_type":"국유지","owner_label":"국(국토교통부)","manager":"","property_class":"","land_category":"주차장","area_sqm":211.0,"area_band":"100~500㎡","interest_category":"주차장","solar_candidate":"검토필요","candidate_reason":"주차면 상부 태양광을 우선 검토할 지목; 면적 211㎡","priority_score":55,"source":"경기부동산포털 국공유지조회·연속지적도","source_date":"2026-08-11","installed_solar_match":false}},{"type":"Feature","id":"4155039033105850001","geometry":{"type":"Point","coordinates":[127.4975922,37.0739436]},"properties":{"pnu":"4155039033105850001","municipality_code":"41550","municipality":"안성시","district":"안성시","locality":"일죽면 금산리","address":"안성시 일죽면 금산리 585-1","owner_type":"국유지","owner_label":"국(건설교통부)","manager":"","property_class":"","land_category":"주차장","area_sqm":115.0,"area_band":"100~500㎡","interest_category":"주차장","solar_candidate":"검토필요","candidate_reason":"주차면 상부 태양광을 우선 검토할 지목; 면적 115㎡","priority_score":55,"source":"경기부동산포털 국공유지조회·연속지적도","source_date":"2026-08-11","installed_solar_match":false}},{"type":"Feature","id":"4155032023101750001","geometry":{"type":"Point","coordinates":[127.3170915,36.9724167]},"properties":{"pnu":"4155032023101750001","municipality_code":"41550","municipality":"안성시","district":"안성시","locality":"금광면 장죽리","address":"안성시 금광면 장죽리 175-1","owner_type":"국유지","owner_label":"국(국토교통부)","manager":"","property_class":"","land_category":"대","area_sqm":2966.0,"area_band":"1,000~3,000㎡","interest_category":"대","solar_candidate":"검토필요","candidate_reason":"청사·공공건축물·주차장 현황 추가 확인 필요; 면적 2,966㎡","priority_score":53,"source":"경기부동산포털 국공유지조회·연속지적도","source_date":"2026-08-11","installed_solar_match":false}},{"type":"Feature","id":"4155025030102230217","geometry":{"type":"Point","coordinates":[127.2090492,37.0195279]},"properties":{"pnu":"4155025030102230217","municipality_code":"41550","municipality":"안성시","district":"안성시","locality":"공도읍 마정리","address":"안성시 공도읍 마정리 223-217","owner_type":"국유지","owner_label":"국(과학기술정부통신부)","manager":"","property_class":"","land_category":"대","area_sqm":2382.0,"area_band":"1,000~3,000㎡","interest_category":"대","solar_candidate":"검토필요","candidate_reason":"청사·공공건축물·주차장 현황 추가 확인 필요; 면적 2,382㎡","priority_score":53,"source":"경기부동산포털 국공유지조회·연속지적도","source_date":"2026-08-11","installed_solar_match":false}},{"type":"Feature","id":"4155031021103460018","geometry":{"type":"Point","coordinates":[127.3016169,37.0517557]},"properties":{"pnu":"4155031021103460018","municipality_code":"41550","municipality":"안성시","district":"안성시","locality":"보개면 적가리","address":"안성시 보개면 적가리 346-18","owner_type":"국유지","owner_label":"국(국토교통부)","manager":"","property_class":"","land_category":"대","area_sqm":2379.0,"area_band":"1,000~3,000㎡","interest_category":"대","solar_candidate":"검토필요","candidate_reason":"청사·공공건축물·주차장 현황 추가 확인 필요; 면적 2,379㎡","priority_score":53,"source":"경기부동산포털 국공유지조회·연속지적도","source_date":"2026-08-11","installed_solar_match":false}},{"type":"Feature","id":"4155031026102640001","geometry":{"type":"Point","coordinates":[127.3222359,37.0122845]},"properties":{"pnu":"4155031026102640001","municipality_code":"41550","municipality":"안성시","district":"안성시","locality":"보개면 양복리","address":"안성시 보개면 양복리 264-1","owner_type":"국유지","owner_label":"국(교육부)","manager":"","property_class":"","land_category":"대","area_sqm":2142.0,"area_band":"1,000~3,000㎡","interest_category":"대","solar_candidate":"검토필요","candidate_reason":"청사·공공건축물·주차장 현황 추가 확인 필요; 면적 2,142㎡","priority_score":53,"source":"경기부동산포털 국공유지조회·연속지적도","source_date":"2026-08-11","installed_solar_match":false}},{"type":"Feature","id":"4155025030102230240","geometry":{"type":"Point","coordinates":[127.2081116,37.0194403]},"properties":{"pnu":"4155025030102230240","municipality_code":"41550","municipality":"안성시","district":"안성시","locality":"공도읍 마정리","address":"안성시 공도읍 마정리 223-240","owner_type":"국유지","owner_label":"국(과학기술정부통신부)","manager":"","property_class":"","land_category":"대","area_sqm":2097.0,"area_band":"1,000~3,000㎡","interest_category":"대","solar_candidate":"검토필요","candidate_reason":"청사·공공건축물·주차장 현황 추가 확인 필요; 면적 2,097㎡","priority_score":53,"source":"경기부동산포털 국공유지조회·연속지적도","source_date":"2026-08-11","installed_solar_match":false}},{"type":"Feature","id":"4155031026102640008","geometry":{"type":"Point","coordinates":[127.3231839,37.0124357]},"properties":{"pnu":"4155031026102640008","municipality_code":"41550","municipality":"안성시","district":"안성시","locality":"보개면 양복리","address":"안성시 보개면 양복리 264-8","owner_type":"국유지","owner_label":"국(교육부)","manager":"","property_class":"","land_category":"대","area_sqm":2050.0,"area_band":"1,000~3,000㎡","interest_category":"대","solar_candidate":"검토필요","candidate_reason":"청사·공공건축물·주차장 현황 추가 확인 필요; 면적 2,050㎡","priority_score":53,"source":"경기부동산포털 국공유지조회·연속지적도","source_date":"2026-08-11","installed_solar_match":false}},{"type":"Feature","id":"4155011800102650002","geometry":{"type":"Point","coordinates":[127.262554,37.0095596]},"properties":{"pnu":"4155011800102650002","municipality_code":"41550","municipality":"안성시","district":"안성시","locality":"석정동","address":"안성시 석정동 265-2","owner_type":"국유지","owner_label":"국(농림축산식품부)","manager":"","property_class":"","land_category":"대","area_sqm":1982.0,"area_band":"1,000~3,000㎡","interest_category":"대","solar_candidate":"검토필요","candidate_reason":"청사·공공건축물·주차장 현황 추가 확인 필요; 면적 1,982㎡","priority_score":53,"source":"경기부동산포털 국공유지조회·연속지적도","source_date":"2026-08-11","installed_solar_match":false}},{"type":"Feature","id":"4155011800102660011","geometry":{"type":"Point","coordinates":[127.2628964,37.0086811]},"properties":{"pnu":"4155011800102660011","municipality_code":"41550","municipality":"안성시","district":"안성시","locality":"석정동","address":"안성시 석정동 266-11","owner_type":"국유지","owner_label":"국(과학기술정부통신부)","manager":"","property_class":"","land_category":"대","area_sqm":1795.0,"area_band":"1,000~3,000㎡","interest_category":"대","solar_candidate":"검토필요","candidate_reason":"청사·공공건축물·주차장 현황 추가 확인 필요; 면적 1,795㎡","priority_score":53,"source":"경기부동산포털 국공유지조회·연속지적도","source_date":"2026-08-11","installed_solar_match":true,"installed_solar_count":2,"installed_solar_area_sqm":265.1,"installed_solar_analysis_years":["2024"],"installed_solar_types":["기타"],"installed_solar_permit_status_counts":{"N":2}}},{"type":"Feature","id":"4155036029102630002","geometry":{"type":"Point","coordinates":[127.2105216,37.108527]},"properties":{"pnu":"4155036029102630002","municipality_code":"41550","municipality":"안성시","district":"안성시","locality":"양성면 장서리","address":"안성시 양성면 장서리 263-2","owner_type":"국유지","owner_label":"국","manager":"","property_class":"","land_category":"대","area_sqm":1775.0,"area_band":"1,000~3,000㎡","interest_category":"대","solar_candidate":"검토필요","candidate_reason":"청사·공공건축물·주차장 현황 추가 확인 필요; 면적 1,775㎡","priority_score":53,"source":"경기부동산포털 국공유지조회·연속지적도","source_date":"2026-08-11","installed_solar_match":false}},{"type":"Feature","id":"4155011800101250001","geometry":{"type":"Point","coordinates":[127.2602772,37.0126844]},"properties":{"pnu":"4155011800101250001","municipality_code":"41550","municipality":"안성시","district":"안성시","locality":"석정동","address":"안성시 석정동 125-1","owner_type":"국유지","owner_label":"국(교육부)","manager":"","property_class":"","land_category":"대","area_sqm":1772.0,"area_band":"1,000~3,000㎡","interest_category":"대","solar_candidate":"검토필요","candidate_reason":"청사·공공건축물·주차장 현황 추가 확인 필요; 면적 1,772㎡","priority_score":53,"source":"경기부동산포털 국공유지조회·연속지적도","source_date":"2026-08-11","installed_solar_match":false}},{"type":"Feature","id":"4155040021104320007","geometry":{"type":"Point","coordinates":[127.4220188,37.0749292]},"properties":{"pnu":"4155040021104320007","municipality_code":"41550","municipality":"안성시","district":"안성시","locality":"죽산면 죽산리","address":"안성시 죽산면 죽산리 432-7","owner_type":"국유지","owner_label":"국(경찰청)","manager":"","property_class":"","land_category":"대","area_sqm":1771.0,"area_band":"1,000~3,000㎡","interest_category":"대","solar_candidate":"검토필요","candidate_reason":"청사·공공건축물·주차장 현황 추가 확인 필요; 면적 1,771㎡","priority_score":53,"source":"경기부동산포털 국공유지조회·연속지적도","source_date":"2026-08-11","installed_solar_match":false}},{"type":"Feature","id":"4155031021103460010","geometry":{"type":"Point","coordinates":[127.3016708,37.0522077]},"properties":{"pnu":"4155031021103460010","municipality_code":"41550","municipality":"안성시","district":"안성시","locality":"보개면 적가리","address":"안성시 보개면 적가리 346-10","owner_type":"국유지","owner_label":"국(국토교통부)","manager":"","property_class":"","land_category":"대","area_sqm":1667.0,"area_band":"1,000~3,000㎡","interest_category":"대","solar_candidate":"검토필요","candidate_reason":"청사·공공건축물·주차장 현황 추가 확인 필요; 면적 1,667㎡","priority_score":53,"source":"경기부동산포털 국공유지조회·연속지적도","source_date":"2026-08-11","installed_solar_match":false}},{"type":"Feature","id":"4155010500100080000","geometry":{"type":"Point","coordinates":[127.2730363,37.0109023]},"properties":{"pnu":"4155010500100080000","municipality_code":"41550","municipality":"안성시","district":"안성시","locality":"구포동","address":"안성시 구포동 8","owner_type":"국유지","owner_label":"국(중앙선거관리위원회)","manager":"","property_class":"","land_category":"대","area_sqm":1623.9,"area_band":"1,000~3,000㎡","interest_category":"대","solar_candidate":"검토필요","candidate_reason":"청사·공공건축물·주차장 현황 추가 확인 필요; 면적 1,624㎡","priority_score":53,"source":"경기부동산포털 국공유지조회·연속지적도","source_date":"2026-08-11","installed_solar_match":false}},{"type":"Feature","id":"4155032033102590000","geometry":{"type":"Point","coordinates":[127.3120339,36.960333]},"properties":{"pnu":"4155032033102590000","municipality_code":"41550","municipality":"안성시","district":"안성시","locality":"금광면 석하리","address":"안성시 금광면 석하리 259","owner_type":"국유지","owner_label":"국(국토교통부)","manager":"","property_class":"","land_category":"대","area_sqm":1507.0,"area_band":"1,000~3,000㎡","interest_category":"대","solar_candidate":"검토필요","candidate_reason":"청사·공공건축물·주차장 현황 추가 확인 필요; 면적 1,507㎡","priority_score":53,"source":"경기부동산포털 국공유지조회·연속지적도","source_date":"2026-08-11","installed_solar_match":false}},{"type":"Feature","id":"4155031021103460001","geometry":{"type":"Point","coordinates":[127.3019627,37.052147]},"properties":{"pnu":"4155031021103460001","municipality_code":"41550","municipality":"안성시","district":"안성시","locality":"보개면 적가리","address":"안성시 보개면 적가리 346-1","owner_type":"국유지","owner_label":"국(국토교통부)","manager":"","property_class":"","land_category":"대","area_sqm":1436.0,"area_band":"1,000~3,000㎡","interest_category":"대","solar_candidate":"검토필요","candidate_reason":"청사·공공건축물·주차장 현황 추가 확인 필요; 면적 1,436㎡","priority_score":53,"source":"경기부동산포털 국공유지조회·연속지적도","source_date":"2026-08-11","installed_solar_match":false}},{"type":"Feature","id":"4155025030100880006","geometry":{"type":"Point","coordinates":[127.2055442,37.0099845]},"properties":{"pnu":"4155025030100880006","municipality_code":"41550","municipality":"안성시","district":"안성시","locality":"공도읍 마정리","address":"안성시 공도읍 마정리 88-6","owner_type":"국유지","owner_label":"국(건설부)","manager":"","property_class":"","land_category":"대","area_sqm":1378.0,"area_band":"1,000~3,000㎡","interest_category":"대","solar_candidate":"검토필요","candidate_reason":"청사·공공건축물·주차장 현황 추가 확인 필요; 면적 1,378㎡","priority_score":53,"source":"경기부동산포털 국공유지조회·연속지적도","source_date":"2026-08-11","installed_solar_match":false}},{"type":"Feature","id":"4155011300104140006","geometry":{"type":"Point","coordinates":[127.2672461,37.0049511]},"properties":{"pnu":"4155011300104140006","municipality_code":"41550","municipality":"안성시","district":"안성시","locality":"인지동","address":"안성시 인지동 414-6","owner_type":"국유지","owner_label":"국(기획재정부)","manager":"","property_class":"","land_category":"대","area_sqm":1277.0,"area_band":"1,000~3,000㎡","interest_category":"대","solar_candidate":"검토필요","candidate_reason":"청사·공공건축물·주차장 현황 추가 확인 필요; 면적 1,277㎡","priority_score":53,"source":"경기부동산포털 국공유지조회·연속지적도","source_date":"2026-08-11","installed_solar_match":false}},{"type":"Feature","id":"4155025030102000189","geometry":{"type":"Point","coordinates":[127.1975484,37.0197826]},"properties":{"pnu":"4155025030102000189","municipality_code":"41550","municipality":"안성시","district":"안성시","locality":"공도읍 마정리","address":"안성시 공도읍 마정리 200-189","owner_type":"국유지","owner_label":"국(기획재정부)","manager":"","property_class":"","land_category":"대","area_sqm":1253.0,"area_band":"1,000~3,000㎡","interest_category":"대","solar_candidate":"검토필요","candidate_reason":"청사·공공건축물·주차장 현황 추가 확인 필요; 면적 1,253㎡","priority_score":53,"source":"경기부동산포털 국공유지조회·연속지적도","source_date":"2026-08-11","installed_solar_match":false}},{"type":"Feature","id":"4155032034104550007","geometry":{"type":"Point","coordinates":[127.3180514,37.0030838]},"properties":{"pnu":"4155032034104550007","municipality_code":"41550","municipality":"안성시","district":"안성시","locality":"금광면 신양복리","address":"안성시 금광면 신양복리 455-7","owner_type":"국유지","owner_label":"국(국토교통부)","manager":"","property_class":"","land_category":"대","area_sqm":1212.0,"area_band":"1,000~3,000㎡","interest_category":"대","solar_candidate":"검토필요","candidate_reason":"청사·공공건축물·주차장 현황 추가 확인 필요; 면적 1,212㎡","priority_score":53,"source":"경기부동산포털 국공유지조회·연속지적도","source_date":"2026-08-11","installed_solar_match":false}},{"type":"Feature","id":"4155025021103060034","geometry":{"type":"Point","coordinates":[127.1982826,37.008193]},"properties":{"pnu":"4155025021103060034","municipality_code":"41550","municipality":"안성시","district":"안성시","locality":"공도읍 양기리","address":"안성시 공도읍 양기리 306-34","owner_type":"국유지","owner_label":"국(국토교통부)","manager":"","property_class":"","land_category":"대","area_sqm":1200.0,"area_band":"1,000~3,000㎡","interest_category":"대","solar_candidate":"검토필요","candidate_reason":"청사·공공건축물·주차장 현황 추가 확인 필요; 면적 1,200㎡","priority_score":53,"source":"경기부동산포털 국공유지조회·연속지적도","source_date":"2026-08-11","installed_solar_match":false}},{"type":"Feature","id":"4155025030102000092","geometry":{"type":"Point","coordinates":[127.2003961,37.0182806]},"properties":{"pnu":"4155025030102000092","municipality_code":"41550","municipality":"안성시","district":"안성시","locality":"공도읍 마정리","address":"안성시 공도읍 마정리 200-92","owner_type":"국유지","owner_label":"국(기획재정부)","manager":"","property_class":"","land_category":"대","area_sqm":1193.0,"area_band":"1,000~3,000㎡","interest_category":"대","solar_candidate":"검토필요","candidate_reason":"청사·공공건축물·주차장 현황 추가 확인 필요; 면적 1,193㎡","priority_score":53,"source":"경기부동산포털 국공유지조회·연속지적도","source_date":"2026-08-11","installed_solar_match":false}},{"type":"Feature","id":"4155036036200260001","geometry":{"type":"Point","coordinates":[127.1936141,37.0373415]},"properties":{"pnu":"4155036036200260001","municipality_code":"41550","municipality":"안성시","district":"안성시","locality":"양성면 명목리","address":"안성시 양성면 명목리 산26-1","owner_type":"국유지","owner_label":"국(재정경제원)","manager":"","property_class":"","land_category":"대","area_sqm":1190.0,"area_band":"1,000~3,000㎡","interest_category":"대","solar_candidate":"검토필요","candidate_reason":"청사·공공건축물·주차장 현황 추가 확인 필요; 면적 1,190㎡","priority_score":53,"source":"경기부동산포털 국공유지조회·연속지적도","source_date":"2026-08-11","installed_solar_match":false}},{"type":"Feature","id":"4155025030102000017","geometry":{"type":"Point","coordinates":[127.2016764,37.0174326]},"properties":{"pnu":"4155025030102000017","municipality_code":"41550","municipality":"안성시","district":"안성시","locality":"공도읍 마정리","address":"안성시 공도읍 마정리 200-17","owner_type":"국유지","owner_label":"국(기획재정부)","manager":"","property_class":"","land_category":"대","area_sqm":1174.0,"area_band":"1,000~3,000㎡","interest_category":"대","solar_candidate":"검토필요","candidate_reason":"청사·공공건축물·주차장 현황 추가 확인 필요; 면적 1,174㎡","priority_score":53,"source":"경기부동산포털 국공유지조회·연속지적도","source_date":"2026-08-11","installed_solar_match":false}},{"type":"Feature","id":"4155011800102560002","geometry":{"type":"Point","coordinates":[127.2620072,37.0095243]},"properties":{"pnu":"4155011800102560002","municipality_code":"41550","municipality":"안성시","district":"안성시","locality":"석정동","address":"안성시 석정동 256-2","owner_type":"국유지","owner_label":"국(경찰청)","manager":"","property_class":"","land_category":"대","area_sqm":1149.0,"area_band":"1,000~3,000㎡","interest_category":"대","solar_candidate":"검토필요","candidate_reason":"청사·공공건축물·주차장 현황 추가 확인 필요; 면적 1,149㎡","priority_score":53,"source":"경기부동산포털 국공유지조회·연속지적도","source_date":"2026-08-11","installed_solar_match":false}},{"type":"Feature","id":"4155025030102000025","geometry":{"type":"Point","coordinates":[127.2020903,37.0167803]},"properties":{"pnu":"4155025030102000025","municipality_code":"41550","municipality":"안성시","district":"안성시","locality":"공도읍 마정리","address":"안성시 공도읍 마정리 200-25","owner_type":"국유지","owner_label":"국(기획재정부)","manager":"","property_class":"","land_category":"대","area_sqm":1144.0,"area_band":"1,000~3,000㎡","interest_category":"대","solar_candidate":"검토필요","candidate_reason":"청사·공공건축물·주차장 현황 추가 확인 필요; 면적 1,144㎡","priority_score":53,"source":"경기부동산포털 국공유지조회·연속지적도","source_date":"2026-08-11","installed_solar_match":false}},{"type":"Feature","id":"4155025030102000186","geometry":{"type":"Point","coordinates":[127.1972944,37.0194918]},"properties":{"pnu":"4155025030102000186","municipality_code":"41550","municipality":"안성시","district":"안성시","locality":"공도읍 마정리","address":"안성시 공도읍 마정리 200-186","owner_type":"국유지","owner_label":"국(기획재정부)","manager":"","property_class":"","land_category":"대","area_sqm":1144.0,"area_band":"1,000~3,000㎡","interest_category":"대","solar_candidate":"검토필요","candidate_reason":"청사·공공건축물·주차장 현황 추가 확인 필요; 면적 1,144㎡","priority_score":53,"source":"경기부동산포털 국공유지조회·연속지적도","source_date":"2026-08-11","installed_solar_match":false}},{"type":"Feature","id":"4155033025101900029","geometry":{"type":"Point","coordinates":[127.2632491,36.9181705]},"properties":{"pnu":"4155033025101900029","municipality_code":"41550","municipality":"안성시","district":"안성시","locality":"서운면 산평리","address":"안성시 서운면 산평리 190-29","owner_type":"국유지","owner_label":"국(국토교통부)","manager":"","property_class":"","land_category":"대","area_sqm":1135.0,"area_band":"1,000~3,000㎡","interest_category":"대","solar_candidate":"검토필요","candidate_reason":"청사·공공건축물·주차장 현황 추가 확인 필요; 면적 1,135㎡","priority_score":53,"source":"경기부동산포털 국공유지조회·연속지적도","source_date":"2026-08-11","installed_solar_match":false}},{"type":"Feature","id":"4155025030102000188","geometry":{"type":"Point","coordinates":[127.1978366,37.019614]},"properties":{"pnu":"4155025030102000188","municipality_code":"41550","municipality":"안성시","district":"안성시","locality":"공도읍 마정리","address":"안성시 공도읍 마정리 200-188","owner_type":"국유지","owner_label":"국(기획재정부)","manager":"","property_class":"","land_category":"대","area_sqm":1134.0,"area_band":"1,000~3,000㎡","interest_category":"대","solar_candidate":"검토필요","candidate_reason":"청사·공공건축물·주차장 현황 추가 확인 필요; 면적 1,134㎡","priority_score":53,"source":"경기부동산포털 국공유지조회·연속지적도","source_date":"2026-08-11","installed_solar_match":false}},{"type":"Feature","id":"4155033021101230005","geometry":{"type":"Point","coordinates":[127.2596523,36.941381]},"properties":{"pnu":"4155033021101230005","municipality_code":"41550","municipality":"안성시","district":"안성시","locality":"서운면 인리","address":"안성시 서운면 인리 123-5","owner_type":"국유지","owner_label":"국(경찰청)","manager":"","property_class":"","land_category":"대","area_sqm":1124.0,"area_band":"1,000~3,000㎡","interest_category":"대","solar_candidate":"검토필요","candidate_reason":"청사·공공건축물·주차장 현황 추가 확인 필요; 면적 1,124㎡","priority_score":53,"source":"경기부동산포털 국공유지조회·연속지적도","source_date":"2026-08-11","installed_solar_match":false}},{"type":"Feature","id":"4155025030105030011","geometry":{"type":"Point","coordinates":[127.19423,37.0081255]},"properties":{"pnu":"4155025030105030011","municipality_code":"41550","municipality":"안성시","district":"안성시","locality":"공도읍 마정리","address":"안성시 공도읍 마정리 503-11","owner_type":"국유지","owner_label":"국(건설부)","manager":"","property_class":"","land_category":"대","area_sqm":1123.0,"area_band":"1,000~3,000㎡","interest_category":"대","solar_candidate":"검토필요","candidate_reason":"청사·공공건축물·주차장 현황 추가 확인 필요; 면적 1,123㎡","priority_score":53,"source":"경기부동산포털 국공유지조회·연속지적도","source_date":"2026-08-11","installed_solar_match":false}},{"type":"Feature","id":"4155038022106180001","geometry":{"type":"Point","coordinates":[127.1566397,37.0439245]},"properties":{"pnu":"4155038022106180001","municipality_code":"41550","municipality":"안성시","district":"안성시","locality":"원곡면 칠곡리","address":"안성시 원곡면 칠곡리 618-1","owner_type":"국유지","owner_label":"국(건설교통부)","manager":"","property_class":"","land_category":"대","area_sqm":1104.0,"area_band":"1,000~3,000㎡","interest_category":"대","solar_candidate":"검토필요","candidate_reason":"청사·공공건축물·주차장 현황 추가 확인 필요; 면적 1,104㎡","priority_score":53,"source":"경기부동산포털 국공유지조회·연속지적도","source_date":"2026-08-11","installed_solar_match":false}},{"type":"Feature","id":"4155025030102000187","geometry":{"type":"Point","coordinates":[127.1975861,37.0193515]},"properties":{"pnu":"4155025030102000187","municipality_code":"41550","municipality":"안성시","district":"안성시","locality":"공도읍 마정리","address":"안성시 공도읍 마정리 200-187","owner_type":"국유지","owner_label":"국(기획재정부)","manager":"","property_class":"","land_category":"대","area_sqm":1074.0,"area_band":"1,000~3,000㎡","interest_category":"대","solar_candidate":"검토필요","candidate_reason":"청사·공공건축물·주차장 현황 추가 확인 필요; 면적 1,074㎡","priority_score":53,"source":"경기부동산포털 국공유지조회·연속지적도","source_date":"2026-08-11","installed_solar_match":false}},{"type":"Feature","id":"4155011800103290000","geometry":{"type":"Point","coordinates":[127.2606348,37.0129321]},"properties":{"pnu":"4155011800103290000","municipality_code":"41550","municipality":"안성시","district":"안성시","locality":"석정동","address":"안성시 석정동 329","owner_type":"국유지","owner_label":"국(교육부)","manager":"","property_class":"","land_category":"대","area_sqm":1049.7,"area_band":"1,000~3,000㎡","interest_category":"대","solar_candidate":"검토필요","candidate_reason":"청사·공공건축물·주차장 현황 추가 확인 필요; 면적 1,050㎡","priority_score":53,"source":"경기부동산포털 국공유지조회·연속지적도","source_date":"2026-08-11","installed_solar_match":false}},{"type":"Feature","id":"4155032023101720000","geometry":{"type":"Point","coordinates":[127.3163856,36.9721698]},"properties":{"pnu":"4155032023101720000","municipality_code":"41550","municipality":"안성시","district":"안성시","locality":"금광면 장죽리","address":"안성시 금광면 장죽리 172","owner_type":"국유지","owner_label":"국(국토교통부)","manager":"","property_class":"","land_category":"대","area_sqm":1036.0,"area_band":"1,000~3,000㎡","interest_category":"대","solar_candidate":"검토필요","candidate_reason":"청사·공공건축물·주차장 현황 추가 확인 필요; 면적 1,036㎡","priority_score":53,"source":"경기부동산포털 국공유지조회·연속지적도","source_date":"2026-08-11","installed_solar_match":false}},{"type":"Feature","id":"4155039035100670007","geometry":{"type":"Point","coordinates":[127.4770889,37.0546416]},"properties":{"pnu":"4155039035100670007","municipality_code":"41550","municipality":"안성시","district":"안성시","locality":"일죽면 화봉리","address":"안성시 일죽면 화봉리 67-7","owner_type":"국유지","owner_label":"국(기획재정부)","manager":"","property_class":"","land_category":"대","area_sqm":1022.0,"area_band":"1,000~3,000㎡","interest_category":"대","solar_candidate":"검토필요","candidate_reason":"청사·공공건축물·주차장 현황 추가 확인 필요; 면적 1,022㎡","priority_score":53,"source":"경기부동산포털 국공유지조회·연속지적도","source_date":"2026-08-11","installed_solar_match":false}},{"type":"Feature","id":"4155025030102000090","geometry":{"type":"Point","coordinates":[127.2008264,37.0187001]},"properties":{"pnu":"4155025030102000090","municipality_code":"41550","municipality":"안성시","district":"안성시","locality":"공도읍 마정리","address":"안성시 공도읍 마정리 200-90","owner_type":"국유지","owner_label":"국(기획재정부)","manager":"","property_class":"","land_category":"대","area_sqm":1015.0,"area_band":"1,000~3,000㎡","interest_category":"대","solar_candidate":"검토필요","candidate_reason":"청사·공공건축물·주차장 현황 추가 확인 필요; 면적 1,015㎡","priority_score":53,"source":"경기부동산포털 국공유지조회·연속지적도","source_date":"2026-08-11","installed_solar_match":false}},{"type":"Feature","id":"4155031035101190010","geometry":{"type":"Point","coordinates":[127.2967237,37.0640278]},"properties":{"pnu":"4155031035101190010","municipality_code":"41550","municipality":"안성시","district":"안성시","locality":"보개면 가율리","address":"안성시 보개면 가율리 119-10","owner_type":"국유지","owner_label":"국(국토교통부)","manager":"","property_class":"","land_category":"공장용지","area_sqm":2249.0,"area_band":"1,000~3,000㎡","interest_category":"공장용지","solar_candidate":"검토필요","candidate_reason":"지목·면적 기준 1차 검토 대상; 면적 2,249㎡","priority_score":50,"source":"경기부동산포털 국공유지조회·연속지적도","source_date":"2026-08-11","installed_solar_match":false}},{"type":"Feature","id":"4155031035104330009","geometry":{"type":"Point","coordinates":[127.2975148,37.0618774]},"properties":{"pnu":"4155031035104330009","municipality_code":"41550","municipality":"안성시","district":"안성시","locality":"보개면 가율리","address":"안성시 보개면 가율리 433-9","owner_type":"국유지","owner_label":"국(국토교통부)","manager":"","property_class":"","land_category":"공장용지","area_sqm":2173.0,"area_band":"1,000~3,000㎡","interest_category":"공장용지","solar_candidate":"검토필요","candidate_reason":"지목·면적 기준 1차 검토 대상; 면적 2,173㎡","priority_score":50,"source":"경기부동산포털 국공유지조회·연속지적도","source_date":"2026-08-11","installed_solar_match":false}},{"type":"Feature","id":"4155031033101820008","geometry":{"type":"Point","coordinates":[127.3029605,37.0399207]},"properties":{"pnu":"4155031033101820008","municipality_code":"41550","municipality":"안성시","district":"안성시","locality":"보개면 복평리","address":"안성시 보개면 복평리 182-8","owner_type":"국유지","owner_label":"국(국토교통부)","manager":"","property_class":"","land_category":"공장용지","area_sqm":2125.0,"area_band":"1,000~3,000㎡","interest_category":"공장용지","solar_candidate":"검토필요","candidate_reason":"지목·면적 기준 1차 검토 대상; 면적 2,125㎡","priority_score":50,"source":"경기부동산포털 국공유지조회·연속지적도","source_date":"2026-08-11","installed_solar_match":false}},{"type":"Feature","id":"4155031035101190011","geometry":{"type":"Point","coordinates":[127.2960744,37.0639515]},"properties":{"pnu":"4155031035101190011","municipality_code":"41550","municipality":"안성시","district":"안성시","locality":"보개면 가율리","address":"안성시 보개면 가율리 119-11","owner_type":"국유지","owner_label":"국(국토교통부)","manager":"","property_class":"","land_category":"공장용지","area_sqm":2013.0,"area_band":"1,000~3,000㎡","interest_category":"공장용지","solar_candidate":"검토필요","candidate_reason":"지목·면적 기준 1차 검토 대상; 면적 2,013㎡","priority_score":50,"source":"경기부동산포털 국공유지조회·연속지적도","source_date":"2026-08-11","installed_solar_match":false}},{"type":"Feature","id":"4155031038113240024","geometry":{"type":"Point","coordinates":[127.3234461,37.0622459]},"properties":{"pnu":"4155031038113240024","municipality_code":"41550","municipality":"안성시","district":"안성시","locality":"보개면 남풍리","address":"안성시 보개면 남풍리 1324-24","owner_type":"국유지","owner_label":"국(기획재정부)","manager":"","property_class":"","land_category":"공장용지","area_sqm":1933.0,"area_band":"1,000~3,000㎡","interest_category":"공장용지","solar_candidate":"검토필요","candidate_reason":"지목·면적 기준 1차 검토 대상; 면적 1,933㎡","priority_score":50,"source":"경기부동산포털 국공유지조회·연속지적도","source_date":"2026-08-11","installed_solar_match":false}},{"type":"Feature","id":"4155031030102860002","geometry":{"type":"Point","coordinates":[127.3113754,37.0147919]},"properties":{"pnu":"4155031030102860002","municipality_code":"41550","municipality":"안성시","district":"안성시","locality":"보개면 내방리","address":"안성시 보개면 내방리 286-2","owner_type":"국유지","owner_label":"국(국토교통부)","manager":"","property_class":"","land_category":"공장용지","area_sqm":1414.0,"area_band":"1,000~3,000㎡","interest_category":"공장용지","solar_candidate":"검토필요","candidate_reason":"지목·면적 기준 1차 검토 대상; 면적 1,414㎡","priority_score":50,"source":"경기부동산포털 국공유지조회·연속지적도","source_date":"2026-08-11","installed_solar_match":false}},{"type":"Feature","id":"4155031030102850001","geometry":{"type":"Point","coordinates":[127.3115215,37.0147046]},"properties":{"pnu":"4155031030102850001","municipality_code":"41550","municipality":"안성시","district":"안성시","locality":"보개면 내방리","address":"안성시 보개면 내방리 285-1","owner_type":"국유지","owner_label":"국(국토교통부)","manager":"","property_class":"","land_category":"공장용지","area_sqm":1338.0,"area_band":"1,000~3,000㎡","interest_category":"공장용지","solar_candidate":"검토필요","candidate_reason":"지목·면적 기준 1차 검토 대상; 면적 1,338㎡","priority_score":50,"source":"경기부동산포털 국공유지조회·연속지적도","source_date":"2026-08-11","installed_solar_match":false}},{"type":"Feature","id":"4155013300105160001","geometry":{"type":"Point","coordinates":[127.2805587,36.9720918]},"properties":{"pnu":"4155013300105160001","municipality_code":"41550","municipality":"안성시","district":"안성시","locality":"중리동","address":"안성시 중리동 516-1","owner_type":"국유지","owner_label":"국(기획재정부)","manager":"","property_class":"","land_category":"공장용지","area_sqm":1317.0,"area_band":"1,000~3,000㎡","interest_category":"공장용지","solar_candidate":"검토필요","candidate_reason":"지목·면적 기준 1차 검토 대상; 면적 1,317㎡","priority_score":50,"source":"경기부동산포털 국공유지조회·연속지적도","source_date":"2026-08-11","installed_solar_match":false}},{"type":"Feature","id":"4155031033101820003","geometry":{"type":"Point","coordinates":[127.3034065,37.0400475]},"properties":{"pnu":"4155031033101820003","municipality_code":"41550","municipality":"안성시","district":"안성시","locality":"보개면 복평리","address":"안성시 보개면 복평리 182-3","owner_type":"국유지","owner_label":"국(국토교통부)","manager":"","property_class":"","land_category":"공장용지","area_sqm":1180.0,"area_band":"1,000~3,000㎡","interest_category":"공장용지","solar_candidate":"검토필요","candidate_reason":"지목·면적 기준 1차 검토 대상; 면적 1,180㎡","priority_score":50,"source":"경기부동산포털 국공유지조회·연속지적도","source_date":"2026-08-11","installed_solar_match":false}},{"type":"Feature","id":"4155013300105160006","geometry":{"type":"Point","coordinates":[127.2806127,36.9731885]},"properties":{"pnu":"4155013300105160006","municipality_code":"41550","municipality":"안성시","district":"안성시","locality":"중리동","address":"안성시 중리동 516-6","owner_type":"국유지","owner_label":"국(기획재정부)","manager":"","property_class":"","land_category":"공장용지","area_sqm":1070.0,"area_band":"1,000~3,000㎡","interest_category":"공장용지","solar_candidate":"검토필요","candidate_reason":"지목·면적 기준 1차 검토 대상; 면적 1,070㎡","priority_score":50,"source":"경기부동산포털 국공유지조회·연속지적도","source_date":"2026-08-11","installed_solar_match":false}},{"type":"Feature","id":"4155013300101240021","geometry":{"type":"Point","coordinates":[127.2896551,36.9729826]},"properties":{"pnu":"4155013300101240021","municipality_code":"41550","municipality":"안성시","district":"안성시","locality":"중리동","address":"안성시 중리동 124-21","owner_type":"국유지","owner_label":"국(국토교통부)","manager":"","property_class":"","land_category":"공장용지","area_sqm":1022.0,"area_band":"1,000~3,000㎡","interest_category":"공장용지","solar_candidate":"검토필요","candidate_reason":"지목·면적 기준 1차 검토 대상; 면적 1,022㎡","priority_score":50,"source":"경기부동산포털 국공유지조회·연속지적도","source_date":"2026-08-11","installed_solar_match":false}},{"type":"Feature","id":"4155031030102840001","geometry":{"type":"Point","coordinates":[127.3123228,37.0148968]},"properties":{"pnu":"4155031030102840001","municipality_code":"41550","municipality":"안성시","district":"안성시","locality":"보개면 내방리","address":"안성시 보개면 내방리 284-1","owner_type":"국유지","owner_label":"국(국토교통부)","manager":"","property_class":"","land_category":"공장용지","area_sqm":1009.0,"area_band":"1,000~3,000㎡","interest_category":"공장용지","solar_candidate":"검토필요","candidate_reason":"지목·면적 기준 1차 검토 대상; 면적 1,009㎡","priority_score":50,"source":"경기부동산포털 국공유지조회·연속지적도","source_date":"2026-08-11","installed_solar_match":false}},{"type":"Feature","id":"4155036026102950002","geometry":{"type":"Point","coordinates":[127.2114325,37.0784487]},"properties":{"pnu":"4155036026102950002","municipality_code":"41550","municipality":"안성시","district":"안성시","locality":"양성면 도곡리","address":"안성시 양성면 도곡리 295-2","owner_type":"국유지","owner_label":"국(국방부)","manager":"","property_class":"","land_category":"잡종지","area_sqm":496.0,"area_band":"100~500㎡","interest_category":"잡종지","solar_candidate":"검토필요","candidate_reason":"실제 이용·점유 여부 확인 후 검토할 잡종지; 면적 496㎡","priority_score":50,"source":"경기부동산포털 국공유지조회·연속지적도","source_date":"2026-08-11","installed_solar_match":false}},{"type":"Feature","id":"4155038021103710009","geometry":{"type":"Point","coordinates":[127.1611002,37.0729232]},"properties":{"pnu":"4155038021103710009","municipality_code":"41550","municipality":"안성시","district":"안성시","locality":"원곡면 성은리","address":"안성시 원곡면 성은리 371-9","owner_type":"국유지","owner_label":"국(국방부)","manager":"","property_class":"","land_category":"잡종지","area_sqm":479.0,"area_band":"100~500㎡","interest_category":"잡종지","solar_candidate":"검토필요","candidate_reason":"실제 이용·점유 여부 확인 후 검토할 잡종지; 면적 479㎡","priority_score":50,"source":"경기부동산포털 국공유지조회·연속지적도","source_date":"2026-08-11","installed_solar_match":false}},{"type":"Feature","id":"4155036026102630000","geometry":{"type":"Point","coordinates":[127.2206082,37.0771951]},"properties":{"pnu":"4155036026102630000","municipality_code":"41550","municipality":"안성시","district":"안성시","locality":"양성면 도곡리","address":"안성시 양성면 도곡리 263","owner_type":"국유지","owner_label":"국(국방부)","manager":"","property_class":"","land_category":"잡종지","area_sqm":469.0,"area_band":"100~500㎡","interest_category":"잡종지","solar_candidate":"검토필요","candidate_reason":"실제 이용·점유 여부 확인 후 검토할 잡종지; 면적 469㎡","priority_score":50,"source":"경기부동산포털 국공유지조회·연속지적도","source_date":"2026-08-11","installed_solar_match":false}},{"type":"Feature","id":"4155039021107190006","geometry":{"type":"Point","coordinates":[127.445882,37.0823425]},"properties":{"pnu":"4155039021107190006","municipality_code":"41550","municipality":"안성시","district":"안성시","locality":"일죽면 월정리","address":"안성시 일죽면 월정리 719-6","owner_type":"국유지","owner_label":"국(건설부)","manager":"","property_class":"","land_category":"잡종지","area_sqm":463.0,"area_band":"100~500㎡","interest_category":"잡종지","solar_candidate":"검토필요","candidate_reason":"실제 이용·점유 여부 확인 후 검토할 잡종지; 면적 463㎡","priority_score":50,"source":"경기부동산포털 국공유지조회·연속지적도","source_date":"2026-08-11","installed_solar_match":false}},{"type":"Feature","id":"4155038022101810018","geometry":{"type":"Point","coordinates":[127.1613538,37.0493008]},"properties":{"pnu":"4155038022101810018","municipality_code":"41550","municipality":"안성시","district":"안성시","locality":"원곡면 칠곡리","address":"안성시 원곡면 칠곡리 181-18","owner_type":"국유지","owner_label":"국(건설교통부)","manager":"","property_class":"","land_category":"잡종지","area_sqm":452.0,"area_band":"100~500㎡","interest_category":"잡종지","solar_candidate":"검토필요","candidate_reason":"실제 이용·점유 여부 확인 후 검토할 잡종지; 면적 452㎡","priority_score":50,"source":"경기부동산포털 국공유지조회·연속지적도","source_date":"2026-08-11","installed_solar_match":false}},{"type":"Feature","id":"4155042023106100000","geometry":{"type":"Point","coordinates":[127.2567316,37.0651206]},"properties":{"pnu":"4155042023106100000","municipality_code":"41550","municipality":"안성시","district":"안성시","locality":"고삼면 대갈리","address":"안성시 고삼면 대갈리 610","owner_type":"국유지","owner_label":"국(기획재정부)","manager":"","property_class":"","land_category":"잡종지","area_sqm":445.0,"area_band":"100~500㎡","interest_category":"잡종지","solar_candidate":"검토필요","candidate_reason":"실제 이용·점유 여부 확인 후 검토할 잡종지; 면적 445㎡","priority_score":50,"source":"경기부동산포털 국공유지조회·연속지적도","source_date":"2026-08-11","installed_solar_match":false}},{"type":"Feature","id":"4155039021107180012","geometry":{"type":"Point","coordinates":[127.4485018,37.0843827]},"properties":{"pnu":"4155039021107180012","municipality_code":"41550","municipality":"안성시","district":"안성시","locality":"일죽면 월정리","address":"안성시 일죽면 월정리 718-12","owner_type":"국유지","owner_label":"국(건설부)","manager":"","property_class":"","land_category":"잡종지","area_sqm":443.0,"area_band":"100~500㎡","interest_category":"잡종지","solar_candidate":"검토필요","candidate_reason":"실제 이용·점유 여부 확인 후 검토할 잡종지; 면적 443㎡","priority_score":50,"source":"경기부동산포털 국공유지조회·연속지적도","source_date":"2026-08-11","installed_solar_match":false}},{"type":"Feature","id":"4155036026102870007","geometry":{"type":"Point","coordinates":[127.2143775,37.0785576]},"properties":{"pnu":"4155036026102870007","municipality_code":"41550","municipality":"안성시","district":"안성시","locality":"양성면 도곡리","address":"안성시 양성면 도곡리 287-7","owner_type":"국유지","owner_label":"국(국방부)","manager":"","property_class":"","land_category":"잡종지","area_sqm":437.0,"area_band":"100~500㎡","interest_category":"잡종지","solar_candidate":"검토필요","candidate_reason":"실제 이용·점유 여부 확인 후 검토할 잡종지; 면적 437㎡","priority_score":50,"source":"경기부동산포털 국공유지조회·연속지적도","source_date":"2026-08-11","installed_solar_match":false}},{"type":"Feature","id":"4155025026107890004","geometry":{"type":"Point","coordinates":[127.1500712,36.997616]},"properties":{"pnu":"4155025026107890004","municipality_code":"41550","municipality":"안성시","district":"안성시","locality":"공도읍 승두리","address":"안성시 공도읍 승두리 789-4","owner_type":"국유지","owner_label":"국(국토해양부)","manager":"","property_class":"","land_category":"잡종지","area_sqm":436.0,"area_band":"100~500㎡","interest_category":"잡종지","solar_candidate":"검토필요","candidate_reason":"실제 이용·점유 여부 확인 후 검토할 잡종지; 면적 436㎡","priority_score":50,"source":"경기부동산포털 국공유지조회·연속지적도","source_date":"2026-08-11","installed_solar_match":false}},{"type":"Feature","id":"4155039032102300022","geometry":{"type":"Point","coordinates":[127.4798042,37.1102613]},"properties":{"pnu":"4155039032102300022","municipality_code":"41550","municipality":"안성시","district":"안성시","locality":"일죽면 신흥리","address":"안성시 일죽면 신흥리 230-22","owner_type":"국유지","owner_label":"국(기획재정부)","manager":"","property_class":"","land_category":"잡종지","area_sqm":408.0,"area_band":"100~500㎡","interest_category":"잡종지","solar_candidate":"검토필요","candidate_reason":"실제 이용·점유 여부 확인 후 검토할 잡종지; 면적 408㎡","priority_score":50,"source":"경기부동산포털 국공유지조회·연속지적도","source_date":"2026-08-11","installed_solar_match":false}},{"type":"Feature","id":"4155036026102490003","geometry":{"type":"Point","coordinates":[127.2214834,37.08007]},"properties":{"pnu":"4155036026102490003","municipality_code":"41550","municipality":"안성시","district":"안성시","locality":"양성면 도곡리","address":"안성시 양성면 도곡리 249-3","owner_type":"국유지","owner_label":"국(국방부)","manager":"","property_class":"","land_category":"잡종지","area_sqm":400.0,"area_band":"100~500㎡","interest_category":"잡종지","solar_candidate":"검토필요","candidate_reason":"실제 이용·점유 여부 확인 후 검토할 잡종지; 면적 400㎡","priority_score":50,"source":"경기부동산포털 국공유지조회·연속지적도","source_date":"2026-08-11","installed_solar_match":false}},{"type":"Feature","id":"4155036026102840001","geometry":{"type":"Point","coordinates":[127.2154876,37.0786621]},"properties":{"pnu":"4155036026102840001","municipality_code":"41550","municipality":"안성시","district":"안성시","locality":"양성면 도곡리","address":"안성시 양성면 도곡리 284-1","owner_type":"국유지","owner_label":"국(국방부)","manager":"","property_class":"","land_category":"잡종지","area_sqm":396.0,"area_band":"100~500㎡","interest_category":"잡종지","solar_candidate":"검토필요","candidate_reason":"실제 이용·점유 여부 확인 후 검토할 잡종지; 면적 396㎡","priority_score":50,"source":"경기부동산포털 국공유지조회·연속지적도","source_date":"2026-08-11","installed_solar_match":false}},{"type":"Feature","id":"4155025029103580055","geometry":{"type":"Point","coordinates":[127.175576,37.0134681]},"properties":{"pnu":"4155025029103580055","municipality_code":"41550","municipality":"안성시","district":"안성시","locality":"공도읍 만정리","address":"안성시 공도읍 만정리 358-55","owner_type":"국유지","owner_label":"국(건설교통부)","manager":"","property_class":"","land_category":"잡종지","area_sqm":383.0,"area_band":"100~500㎡","interest_category":"잡종지","solar_candidate":"검토필요","candidate_reason":"실제 이용·점유 여부 확인 후 검토할 잡종지; 면적 383㎡","priority_score":50,"source":"경기부동산포털 국공유지조회·연속지적도","source_date":"2026-08-11","installed_solar_match":false}},{"type":"Feature","id":"4155025031100050021","geometry":{"type":"Point","coordinates":[127.1483853,36.9975456]},"properties":{"pnu":"4155025031100050021","municipality_code":"41550","municipality":"안성시","district":"안성시","locality":"공도읍 진사리","address":"안성시 공도읍 진사리 5-21","owner_type":"국유지","owner_label":"국(국토해양부)","manager":"","property_class":"","land_category":"잡종지","area_sqm":366.0,"area_band":"100~500㎡","interest_category":"잡종지","solar_candidate":"검토필요","candidate_reason":"실제 이용·점유 여부 확인 후 검토할 잡종지; 면적 366㎡","priority_score":50,"source":"경기부동산포털 국공유지조회·연속지적도","source_date":"2026-08-11","installed_solar_match":false}},{"type":"Feature","id":"4155031024102120004","geometry":{"type":"Point","coordinates":[127.339897,37.0285791]},"properties":{"pnu":"4155031024102120004","municipality_code":"41550","municipality":"안성시","district":"안성시","locality":"보개면 상삼리","address":"안성시 보개면 상삼리 212-4","owner_type":"국유지","owner_label":"국(건설부)","manager":"","property_class":"","land_category":"잡종지","area_sqm":361.0,"area_band":"100~500㎡","interest_category":"잡종지","solar_candidate":"검토필요","candidate_reason":"실제 이용·점유 여부 확인 후 검토할 잡종지; 면적 361㎡","priority_score":50,"source":"경기부동산포털 국공유지조회·연속지적도","source_date":"2026-08-11","installed_solar_match":false}},{"type":"Feature","id":"4155036023100550005","geometry":{"type":"Point","coordinates":[127.2010197,37.0714925]},"properties":{"pnu":"4155036023100550005","municipality_code":"41550","municipality":"안성시","district":"안성시","locality":"양성면 석화리","address":"안성시 양성면 석화리 55-5","owner_type":"국유지","owner_label":"국(건설교통부)","manager":"","property_class":"","land_category":"잡종지","area_sqm":361.0,"area_band":"100~500㎡","interest_category":"잡종지","solar_candidate":"검토필요","candidate_reason":"실제 이용·점유 여부 확인 후 검토할 잡종지; 면적 361㎡","priority_score":50,"source":"경기부동산포털 국공유지조회·연속지적도","source_date":"2026-08-11","installed_solar_match":false}},{"type":"Feature","id":"4155039033102440002","geometry":{"type":"Point","coordinates":[127.5021716,37.0673096]},"properties":{"pnu":"4155039033102440002","municipality_code":"41550","municipality":"안성시","district":"안성시","locality":"일죽면 금산리","address":"안성시 일죽면 금산리 244-2","owner_type":"국유지","owner_label":"국(기획재정부)","manager":"","property_class":"","land_category":"잡종지","area_sqm":349.0,"area_band":"100~500㎡","interest_category":"잡종지","solar_candidate":"검토필요","candidate_reason":"실제 이용·점유 여부 확인 후 검토할 잡종지; 면적 349㎡","priority_score":50,"source":"경기부동산포털 국공유지조회·연속지적도","source_date":"2026-08-11","installed_solar_match":false}},{"type":"Feature","id":"4155025025100010019","geometry":{"type":"Point","coordinates":[127.1726621,37.0172828]},"properties":{"pnu":"4155025025100010019","municipality_code":"41550","municipality":"안성시","district":"안성시","locality":"공도읍 용두리","address":"안성시 공도읍 용두리 1-19","owner_type":"국유지","owner_label":"국(건설교통부)","manager":"","property_class":"","land_category":"잡종지","area_sqm":346.0,"area_band":"100~500㎡","interest_category":"잡종지","solar_candidate":"검토필요","candidate_reason":"실제 이용·점유 여부 확인 후 검토할 잡종지; 면적 346㎡","priority_score":50,"source":"경기부동산포털 국공유지조회·연속지적도","source_date":"2026-08-11","installed_solar_match":false}},{"type":"Feature","id":"4155025031100010017","geometry":{"type":"Point","coordinates":[127.1498136,36.9976183]},"properties":{"pnu":"4155025031100010017","municipality_code":"41550","municipality":"안성시","district":"안성시","locality":"공도읍 진사리","address":"안성시 공도읍 진사리 1-17","owner_type":"국유지","owner_label":"국(건설부)","manager":"","property_class":"","land_category":"잡종지","area_sqm":330.0,"area_band":"100~500㎡","interest_category":"잡종지","solar_candidate":"검토필요","candidate_reason":"실제 이용·점유 여부 확인 후 검토할 잡종지; 면적 330㎡","priority_score":50,"source":"경기부동산포털 국공유지조회·연속지적도","source_date":"2026-08-11","installed_solar_match":false}},{"type":"Feature","id":"4155038022103680004","geometry":{"type":"Point","coordinates":[127.1582675,37.0458994]},"properties":{"pnu":"4155038022103680004","municipality_code":"41550","municipality":"안성시","district":"안성시","locality":"원곡면 칠곡리","address":"안성시 원곡면 칠곡리 368-4","owner_type":"국유지","owner_label":"국(건설교통부)","manager":"","property_class":"","land_category":"잡종지","area_sqm":322.0,"area_band":"100~500㎡","interest_category":"잡종지","solar_candidate":"검토필요","candidate_reason":"실제 이용·점유 여부 확인 후 검토할 잡종지; 면적 322㎡","priority_score":50,"source":"경기부동산포털 국공유지조회·연속지적도","source_date":"2026-08-11","installed_solar_match":false}},{"type":"Feature","id":"4155032023104720000","geometry":{"type":"Point","coordinates":[127.3183429,36.9676839]},"properties":{"pnu":"4155032023104720000","municipality_code":"41550","municipality":"안성시","district":"안성시","locality":"금광면 장죽리","address":"안성시 금광면 장죽리 472","owner_type":"국유지","owner_label":"국(국토교통부)","manager":"","property_class":"","land_category":"잡종지","area_sqm":316.0,"area_band":"100~500㎡","interest_category":"잡종지","solar_candidate":"검토필요","candidate_reason":"실제 이용·점유 여부 확인 후 검토할 잡종지; 면적 316㎡","priority_score":50,"source":"경기부동산포털 국공유지조회·연속지적도","source_date":"2026-08-11","installed_solar_match":false}},{"type":"Feature","id":"4155039026102740022","geometry":{"type":"Point","coordinates":[127.4996584,37.1031564]},"properties":{"pnu":"4155039026102740022","municipality_code":"41550","municipality":"안성시","district":"안성시","locality":"일죽면 당촌리","address":"안성시 일죽면 당촌리 274-22","owner_type":"국유지","owner_label":"국(건설교통부)","manager":"","property_class":"","land_category":"잡종지","area_sqm":316.0,"area_band":"100~500㎡","interest_category":"잡종지","solar_candidate":"검토필요","candidate_reason":"실제 이용·점유 여부 확인 후 검토할 잡종지; 면적 316㎡","priority_score":50,"source":"경기부동산포털 국공유지조회·연속지적도","source_date":"2026-08-11","installed_solar_match":false}},{"type":"Feature","id":"4155036026102430000","geometry":{"type":"Point","coordinates":[127.2252323,37.0807045]},"properties":{"pnu":"4155036026102430000","municipality_code":"41550","municipality":"안성시","district":"안성시","locality":"양성면 도곡리","address":"안성시 양성면 도곡리 243","owner_type":"국유지","owner_label":"국(국방부)","manager":"","property_class":"","land_category":"잡종지","area_sqm":314.0,"area_band":"100~500㎡","interest_category":"잡종지","solar_candidate":"검토필요","candidate_reason":"실제 이용·점유 여부 확인 후 검토할 잡종지; 면적 314㎡","priority_score":50,"source":"경기부동산포털 국공유지조회·연속지적도","source_date":"2026-08-11","installed_solar_match":false}},{"type":"Feature","id":"4155036021100040004","geometry":{"type":"Point","coordinates":[127.176993,37.0750676]},"properties":{"pnu":"4155036021100040004","municipality_code":"41550","municipality":"안성시","district":"안성시","locality":"양성면 동항리","address":"안성시 양성면 동항리 4-4","owner_type":"국유지","owner_label":"국(국방부)","manager":"","property_class":"","land_category":"잡종지","area_sqm":300.0,"area_band":"100~500㎡","interest_category":"잡종지","solar_candidate":"검토필요","candidate_reason":"실제 이용·점유 여부 확인 후 검토할 잡종지; 면적 300㎡","priority_score":50,"source":"경기부동산포털 국공유지조회·연속지적도","source_date":"2026-08-11","installed_solar_match":false}},{"type":"Feature","id":"4155036026102390000","geometry":{"type":"Point","coordinates":[127.225788,37.0814498]},"properties":{"pnu":"4155036026102390000","municipality_code":"41550","municipality":"안성시","district":"안성시","locality":"양성면 도곡리","address":"안성시 양성면 도곡리 239","owner_type":"국유지","owner_label":"국(국방부)","manager":"","property_class":"","land_category":"잡종지","area_sqm":294.0,"area_band":"100~500㎡","interest_category":"잡종지","solar_candidate":"검토필요","candidate_reason":"실제 이용·점유 여부 확인 후 검토할 잡종지; 면적 294㎡","priority_score":50,"source":"경기부동산포털 국공유지조회·연속지적도","source_date":"2026-08-11","installed_solar_match":false}},{"type":"Feature","id":"4155040027112530006","geometry":{"type":"Point","coordinates":[127.438411,37.0620953]},"properties":{"pnu":"4155040027112530006","municipality_code":"41550","municipality":"안성시","district":"안성시","locality":"죽산면 용설리","address":"안성시 죽산면 용설리 1253-6","owner_type":"국유지","owner_label":"국(기획재정부)","manager":"","property_class":"","land_category":"잡종지","area_sqm":283.0,"area_band":"100~500㎡","interest_category":"잡종지","solar_candidate":"검토필요","candidate_reason":"실제 이용·점유 여부 확인 후 검토할 잡종지; 면적 283㎡","priority_score":50,"source":"경기부동산포털 국공유지조회·연속지적도","source_date":"2026-08-11","installed_solar_match":false}},{"type":"Feature","id":"4155012600100010009","geometry":{"type":"Point","coordinates":[127.2869195,37.021161]},"properties":{"pnu":"4155012600100010009","municipality_code":"41550","municipality":"안성시","district":"안성시","locality":"가사동","address":"안성시 가사동 1-9","owner_type":"국유지","owner_label":"국(기획재정부)","manager":"","property_class":"","land_category":"잡종지","area_sqm":276.0,"area_band":"100~500㎡","interest_category":"잡종지","solar_candidate":"검토필요","candidate_reason":"실제 이용·점유 여부 확인 후 검토할 잡종지; 면적 276㎡","priority_score":50,"source":"경기부동산포털 국공유지조회·연속지적도","source_date":"2026-08-11","installed_solar_match":false}},{"type":"Feature","id":"4155038022103680008","geometry":{"type":"Point","coordinates":[127.1583777,37.0458695]},"properties":{"pnu":"4155038022103680008","municipality_code":"41550","municipality":"안성시","district":"안성시","locality":"원곡면 칠곡리","address":"안성시 원곡면 칠곡리 368-8","owner_type":"국유지","owner_label":"국(건설교통부)","manager":"","property_class":"","land_category":"잡종지","area_sqm":261.0,"area_band":"100~500㎡","interest_category":"잡종지","solar_candidate":"검토필요","candidate_reason":"실제 이용·점유 여부 확인 후 검토할 잡종지; 면적 261㎡","priority_score":50,"source":"경기부동산포털 국공유지조회·연속지적도","source_date":"2026-08-11","installed_solar_match":false}},{"type":"Feature","id":"4155036026102570000","geometry":{"type":"Point","coordinates":[127.2211275,37.0794551]},"properties":{"pnu":"4155036026102570000","municipality_code":"41550","municipality":"안성시","district":"안성시","locality":"양성면 도곡리","address":"안성시 양성면 도곡리 257","owner_type":"국유지","owner_label":"국(국방부)","manager":"","property_class":"","land_category":"잡종지","area_sqm":248.0,"area_band":"100~500㎡","interest_category":"잡종지","solar_candidate":"검토필요","candidate_reason":"실제 이용·점유 여부 확인 후 검토할 잡종지; 면적 248㎡","priority_score":50,"source":"경기부동산포털 국공유지조회·연속지적도","source_date":"2026-08-11","installed_solar_match":false}},{"type":"Feature","id":"4155025031100010005","geometry":{"type":"Point","coordinates":[127.1499002,36.9974803]},"properties":{"pnu":"4155025031100010005","municipality_code":"41550","municipality":"안성시","district":"안성시","locality":"공도읍 진사리","address":"안성시 공도읍 진사리 1-5","owner_type":"국유지","owner_label":"국(국토해양부)","manager":"","property_class":"","land_category":"잡종지","area_sqm":246.0,"area_band":"100~500㎡","interest_category":"잡종지","solar_candidate":"검토필요","candidate_reason":"실제 이용·점유 여부 확인 후 검토할 잡종지; 면적 246㎡","priority_score":50,"source":"경기부동산포털 국공유지조회·연속지적도","source_date":"2026-08-11","installed_solar_match":false}},{"type":"Feature","id":"4155031032100010002","geometry":{"type":"Point","coordinates":[127.3030332,37.0323323]},"properties":{"pnu":"4155031032100010002","municipality_code":"41550","municipality":"안성시","district":"안성시","locality":"보개면 곡천리","address":"안성시 보개면 곡천리 1-2","owner_type":"국유지","owner_label":"국(국토교통부)","manager":"","property_class":"","land_category":"잡종지","area_sqm":246.0,"area_band":"100~500㎡","interest_category":"잡종지","solar_candidate":"검토필요","candidate_reason":"실제 이용·점유 여부 확인 후 검토할 잡종지; 면적 246㎡","priority_score":50,"source":"경기부동산포털 국공유지조회·연속지적도","source_date":"2026-08-11","installed_solar_match":false}},{"type":"Feature","id":"4155025022100710011","geometry":{"type":"Point","coordinates":[127.1946632,36.9817595]},"properties":{"pnu":"4155025022100710011","municipality_code":"41550","municipality":"안성시","district":"안성시","locality":"공도읍 웅교리","address":"안성시 공도읍 웅교리 71-11","owner_type":"국유지","owner_label":"국(건설교통부)","manager":"","property_class":"","land_category":"잡종지","area_sqm":225.0,"area_band":"100~500㎡","interest_category":"잡종지","solar_candidate":"검토필요","candidate_reason":"실제 이용·점유 여부 확인 후 검토할 잡종지; 면적 225㎡","priority_score":50,"source":"경기부동산포털 국공유지조회·연속지적도","source_date":"2026-08-11","installed_solar_match":false}},{"type":"Feature","id":"4155038021103710010","geometry":{"type":"Point","coordinates":[127.1612319,37.0729348]},"properties":{"pnu":"4155038021103710010","municipality_code":"41550","municipality":"안성시","district":"안성시","locality":"원곡면 성은리","address":"안성시 원곡면 성은리 371-10","owner_type":"국유지","owner_label":"국(국방부)","manager":"","property_class":"","land_category":"잡종지","area_sqm":224.0,"area_band":"100~500㎡","interest_category":"잡종지","solar_candidate":"검토필요","candidate_reason":"실제 이용·점유 여부 확인 후 검토할 잡종지; 면적 224㎡","priority_score":50,"source":"경기부동산포털 국공유지조회·연속지적도","source_date":"2026-08-11","installed_solar_match":false}},{"type":"Feature","id":"4155036026102860007","geometry":{"type":"Point","coordinates":[127.2150954,37.0786338]},"properties":{"pnu":"4155036026102860007","municipality_code":"41550","municipality":"안성시","district":"안성시","locality":"양성면 도곡리","address":"안성시 양성면 도곡리 286-7","owner_type":"국유지","owner_label":"국(국방부)","manager":"","property_class":"","land_category":"잡종지","area_sqm":222.0,"area_band":"100~500㎡","interest_category":"잡종지","solar_candidate":"검토필요","candidate_reason":"실제 이용·점유 여부 확인 후 검토할 잡종지; 면적 222㎡","priority_score":50,"source":"경기부동산포털 국공유지조회·연속지적도","source_date":"2026-08-11","installed_solar_match":false}},{"type":"Feature","id":"4155025025100010021","geometry":{"type":"Point","coordinates":[127.1726227,37.0173865]},"properties":{"pnu":"4155025025100010021","municipality_code":"41550","municipality":"안성시","district":"안성시","locality":"공도읍 용두리","address":"안성시 공도읍 용두리 1-21","owner_type":"국유지","owner_label":"국(건설교통부)","manager":"","property_class":"","land_category":"잡종지","area_sqm":220.0,"area_band":"100~500㎡","interest_category":"잡종지","solar_candidate":"검토필요","candidate_reason":"실제 이용·점유 여부 확인 후 검토할 잡종지; 면적 220㎡","priority_score":50,"source":"경기부동산포털 국공유지조회·연속지적도","source_date":"2026-08-11","installed_solar_match":false}},{"type":"Feature","id":"4155040029104360008","geometry":{"type":"Point","coordinates":[127.440155,37.0220449]},"properties":{"pnu":"4155040029104360008","municipality_code":"41550","municipality":"안성시","district":"안성시","locality":"죽산면 당목리","address":"안성시 죽산면 당목리 436-8","owner_type":"국유지","owner_label":"국(건설교통부)","manager":"","property_class":"","land_category":"잡종지","area_sqm":220.0,"area_band":"100~500㎡","interest_category":"잡종지","solar_candidate":"검토필요","candidate_reason":"실제 이용·점유 여부 확인 후 검토할 잡종지; 면적 220㎡","priority_score":50,"source":"경기부동산포털 국공유지조회·연속지적도","source_date":"2026-08-11","installed_solar_match":false}},{"type":"Feature","id":"4155036026102490001","geometry":{"type":"Point","coordinates":[127.2217419,37.0801794]},"properties":{"pnu":"4155036026102490001","municipality_code":"41550","municipality":"안성시","district":"안성시","locality":"양성면 도곡리","address":"안성시 양성면 도곡리 249-1","owner_type":"국유지","owner_label":"국(국방부)","manager":"","property_class":"","land_category":"잡종지","area_sqm":215.0,"area_band":"100~500㎡","interest_category":"잡종지","solar_candidate":"검토필요","candidate_reason":"실제 이용·점유 여부 확인 후 검토할 잡종지; 면적 215㎡","priority_score":50,"source":"경기부동산포털 국공유지조회·연속지적도","source_date":"2026-08-11","installed_solar_match":false}},{"type":"Feature","id":"4155025031100050011","geometry":{"type":"Point","coordinates":[127.1489944,36.9976898]},"properties":{"pnu":"4155025031100050011","municipality_code":"41550","municipality":"안성시","district":"안성시","locality":"공도읍 진사리","address":"안성시 공도읍 진사리 5-11","owner_type":"국유지","owner_label":"국(건설부)","manager":"","property_class":"","land_category":"잡종지","area_sqm":210.0,"area_band":"100~500㎡","interest_category":"잡종지","solar_candidate":"검토필요","candidate_reason":"실제 이용·점유 여부 확인 후 검토할 잡종지; 면적 210㎡","priority_score":50,"source":"경기부동산포털 국공유지조회·연속지적도","source_date":"2026-08-11","installed_solar_match":false}},{"type":"Feature","id":"4155036026102440000","geometry":{"type":"Point","coordinates":[127.2246239,37.0804239]},"properties":{"pnu":"4155036026102440000","municipality_code":"41550","municipality":"안성시","district":"안성시","locality":"양성면 도곡리","address":"안성시 양성면 도곡리 244","owner_type":"국유지","owner_label":"국(국방부)","manager":"","property_class":"","land_category":"잡종지","area_sqm":205.0,"area_band":"100~500㎡","interest_category":"잡종지","solar_candidate":"검토필요","candidate_reason":"실제 이용·점유 여부 확인 후 검토할 잡종지; 면적 205㎡","priority_score":50,"source":"경기부동산포털 국공유지조회·연속지적도","source_date":"2026-08-11","installed_solar_match":false}},{"type":"Feature","id":"4155036026102520000","geometry":{"type":"Point","coordinates":[127.2212936,37.0796723]},"properties":{"pnu":"4155036026102520000","municipality_code":"41550","municipality":"안성시","district":"안성시","locality":"양성면 도곡리","address":"안성시 양성면 도곡리 252","owner_type":"국유지","owner_label":"국(국방부)","manager":"","property_class":"","land_category":"잡종지","area_sqm":205.0,"area_band":"100~500㎡","interest_category":"잡종지","solar_candidate":"검토필요","candidate_reason":"실제 이용·점유 여부 확인 후 검토할 잡종지; 면적 205㎡","priority_score":50,"source":"경기부동산포털 국공유지조회·연속지적도","source_date":"2026-08-11","installed_solar_match":false}},{"type":"Feature","id":"4155036026102660000","geometry":{"type":"Point","coordinates":[127.2194976,37.0796035]},"properties":{"pnu":"4155036026102660000","municipality_code":"41550","municipality":"안성시","district":"안성시","locality":"양성면 도곡리","address":"안성시 양성면 도곡리 266","owner_type":"국유지","owner_label":"국(국방부)","manager":"","property_class":"","land_category":"잡종지","area_sqm":205.0,"area_band":"100~500㎡","interest_category":"잡종지","solar_candidate":"검토필요","candidate_reason":"실제 이용·점유 여부 확인 후 검토할 잡종지; 면적 205㎡","priority_score":50,"source":"경기부동산포털 국공유지조회·연속지적도","source_date":"2026-08-11","installed_solar_match":false}},{"type":"Feature","id":"4155039021107180014","geometry":{"type":"Point","coordinates":[127.4483229,37.0839073]},"properties":{"pnu":"4155039021107180014","municipality_code":"41550","municipality":"안성시","district":"안성시","locality":"일죽면 월정리","address":"안성시 일죽면 월정리 718-14","owner_type":"국유지","owner_label":"국(건설부)","manager":"","property_class":"","land_category":"잡종지","area_sqm":204.0,"area_band":"100~500㎡","interest_category":"잡종지","solar_candidate":"검토필요","candidate_reason":"실제 이용·점유 여부 확인 후 검토할 잡종지; 면적 204㎡","priority_score":50,"source":"경기부동산포털 국공유지조회·연속지적도","source_date":"2026-08-11","installed_solar_match":false}},{"type":"Feature","id":"4155025031100220070","geometry":{"type":"Point","coordinates":[127.1400565,36.9943962]},"properties":{"pnu":"4155025031100220070","municipality_code":"41550","municipality":"안성시","district":"안성시","locality":"공도읍 진사리","address":"안성시 공도읍 진사리 22-70","owner_type":"국유지","owner_label":"국(국토해양부)","manager":"","property_class":"","land_category":"잡종지","area_sqm":203.0,"area_band":"100~500㎡","interest_category":"잡종지","solar_candidate":"검토필요","candidate_reason":"실제 이용·점유 여부 확인 후 검토할 잡종지; 면적 203㎡","priority_score":50,"source":"경기부동산포털 국공유지조회·연속지적도","source_date":"2026-08-11","installed_solar_match":false}},{"type":"Feature","id":"4155012600100010007","geometry":{"type":"Point","coordinates":[127.2843452,37.0216208]},"properties":{"pnu":"4155012600100010007","municipality_code":"41550","municipality":"안성시","district":"안성시","locality":"가사동","address":"안성시 가사동 1-7","owner_type":"국유지","owner_label":"국(국토교통부)","manager":"","property_class":"","land_category":"잡종지","area_sqm":200.0,"area_band":"100~500㎡","interest_category":"잡종지","solar_candidate":"검토필요","candidate_reason":"실제 이용·점유 여부 확인 후 검토할 잡종지; 면적 200㎡","priority_score":50,"source":"경기부동산포털 국공유지조회·연속지적도","source_date":"2026-08-11","installed_solar_match":false}},{"type":"Feature","id":"4155031035105440011","geometry":{"type":"Point","coordinates":[127.2972899,37.0626841]},"properties":{"pnu":"4155031035105440011","municipality_code":"41550","municipality":"안성시","district":"안성시","locality":"보개면 가율리","address":"안성시 보개면 가율리 544-11","owner_type":"국유지","owner_label":"국(국토교통부)","manager":"","property_class":"","land_category":"잡종지","area_sqm":189.4,"area_band":"100~500㎡","interest_category":"잡종지","solar_candidate":"검토필요","candidate_reason":"실제 이용·점유 여부 확인 후 검토할 잡종지; 면적 189㎡","priority_score":50,"source":"경기부동산포털 국공유지조회·연속지적도","source_date":"2026-08-11","installed_solar_match":false}},{"type":"Feature","id":"4155036026102490002","geometry":{"type":"Point","coordinates":[127.2216398,37.0801977]},"properties":{"pnu":"4155036026102490002","municipality_code":"41550","municipality":"안성시","district":"안성시","locality":"양성면 도곡리","address":"안성시 양성면 도곡리 249-2","owner_type":"국유지","owner_label":"국(국방부)","manager":"","property_class":"","land_category":"잡종지","area_sqm":186.0,"area_band":"100~500㎡","interest_category":"잡종지","solar_candidate":"검토필요","candidate_reason":"실제 이용·점유 여부 확인 후 검토할 잡종지; 면적 186㎡","priority_score":50,"source":"경기부동산포털 국공유지조회·연속지적도","source_date":"2026-08-11","installed_solar_match":false}},{"type":"Feature","id":"4155040023109730011","geometry":{"type":"Point","coordinates":[127.412225,37.0638054]},"properties":{"pnu":"4155040023109730011","municipality_code":"41550","municipality":"안성시","district":"안성시","locality":"죽산면 장원리","address":"안성시 죽산면 장원리 973-11","owner_type":"국유지","owner_label":"국(건설교통부)","manager":"","property_class":"","land_category":"잡종지","area_sqm":184.0,"area_band":"100~500㎡","interest_category":"잡종지","solar_candidate":"검토필요","candidate_reason":"실제 이용·점유 여부 확인 후 검토할 잡종지; 면적 184㎡","priority_score":50,"source":"경기부동산포털 국공유지조회·연속지적도","source_date":"2026-08-11","installed_solar_match":false}},{"type":"Feature","id":"4155025031100010015","geometry":{"type":"Point","coordinates":[127.1498397,36.9973744]},"properties":{"pnu":"4155025031100010015","municipality_code":"41550","municipality":"안성시","district":"안성시","locality":"공도읍 진사리","address":"안성시 공도읍 진사리 1-15","owner_type":"국유지","owner_label":"국(국토해양부)","manager":"","property_class":"","land_category":"잡종지","area_sqm":182.0,"area_band":"100~500㎡","interest_category":"잡종지","solar_candidate":"검토필요","candidate_reason":"실제 이용·점유 여부 확인 후 검토할 잡종지; 면적 182㎡","priority_score":50,"source":"경기부동산포털 국공유지조회·연속지적도","source_date":"2026-08-11","installed_solar_match":false}},{"type":"Feature","id":"4155036026102870009","geometry":{"type":"Point","coordinates":[127.2147339,37.0786276]},"properties":{"pnu":"4155036026102870009","municipality_code":"41550","municipality":"안성시","district":"안성시","locality":"양성면 도곡리","address":"안성시 양성면 도곡리 287-9","owner_type":"국유지","owner_label":"국(국방부)","manager":"","property_class":"","land_category":"잡종지","area_sqm":164.0,"area_band":"100~500㎡","interest_category":"잡종지","solar_candidate":"검토필요","candidate_reason":"실제 이용·점유 여부 확인 후 검토할 잡종지; 면적 164㎡","priority_score":50,"source":"경기부동산포털 국공유지조회·연속지적도","source_date":"2026-08-11","installed_solar_match":false}},{"type":"Feature","id":"4155034032100430019","geometry":{"type":"Point","coordinates":[127.2157261,36.9785733]},"properties":{"pnu":"4155034032100430019","municipality_code":"41550","municipality":"안성시","district":"안성시","locality":"미양면 양지리","address":"안성시 미양면 양지리 43-19","owner_type":"국유지","owner_label":"국(철도청)","manager":"","property_class":"","land_category":"잡종지","area_sqm":149.0,"area_band":"100~500㎡","interest_category":"잡종지","solar_candidate":"검토필요","candidate_reason":"실제 이용·점유 여부 확인 후 검토할 잡종지; 면적 149㎡","priority_score":50,"source":"경기부동산포털 국공유지조회·연속지적도","source_date":"2026-08-11","installed_solar_match":false}},{"type":"Feature","id":"4155038026101470048","geometry":{"type":"Point","coordinates":[127.1368442,37.0419452]},"properties":{"pnu":"4155038026101470048","municipality_code":"41550","municipality":"안성시","district":"안성시","locality":"원곡면 외가천리","address":"안성시 원곡면 외가천리 147-48","owner_type":"국유지","owner_label":"국(건설교통부)","manager":"","property_class":"","land_category":"잡종지","area_sqm":148.0,"area_band":"100~500㎡","interest_category":"잡종지","solar_candidate":"검토필요","candidate_reason":"실제 이용·점유 여부 확인 후 검토할 잡종지; 면적 148㎡","priority_score":50,"source":"경기부동산포털 국공유지조회·연속지적도","source_date":"2026-08-11","installed_solar_match":false}},{"type":"Feature","id":"4155031037103680000","geometry":{"type":"Point","coordinates":[127.3231266,37.0911373]},"properties":{"pnu":"4155031037103680000","municipality_code":"41550","municipality":"안성시","district":"안성시","locality":"보개면 동평리","address":"안성시 보개면 동평리 368","owner_type":"국유지","owner_label":"국(재정경제원)","manager":"","property_class":"","land_category":"잡종지","area_sqm":145.0,"area_band":"100~500㎡","interest_category":"잡종지","solar_candidate":"검토필요","candidate_reason":"실제 이용·점유 여부 확인 후 검토할 잡종지; 면적 145㎡","priority_score":50,"source":"경기부동산포털 국공유지조회·연속지적도","source_date":"2026-08-11","installed_solar_match":false}},{"type":"Feature","id":"4155036029200790000","geometry":{"type":"Point","coordinates":[127.2007981,37.0956125]},"properties":{"pnu":"4155036029200790000","municipality_code":"41550","municipality":"안성시","district":"안성시","locality":"양성면 장서리","address":"안성시 양성면 장서리 산79","owner_type":"국유지","owner_label":"국(기획재정부)","manager":"","property_class":"","land_category":"잡종지","area_sqm":143.0,"area_band":"100~500㎡","interest_category":"잡종지","solar_candidate":"검토필요","candidate_reason":"실제 이용·점유 여부 확인 후 검토할 잡종지; 면적 143㎡","priority_score":50,"source":"경기부동산포털 국공유지조회·연속지적도","source_date":"2026-08-11","installed_solar_match":false}},{"type":"Feature","id":"4155036026102840000","geometry":{"type":"Point","coordinates":[127.2155303,37.0785907]},"properties":{"pnu":"4155036026102840000","municipality_code":"41550","municipality":"안성시","district":"안성시","locality":"양성면 도곡리","address":"안성시 양성면 도곡리 284","owner_type":"국유지","owner_label":"국(국방부)","manager":"","property_class":"","land_category":"잡종지","area_sqm":140.0,"area_band":"100~500㎡","interest_category":"잡종지","solar_candidate":"검토필요","candidate_reason":"실제 이용·점유 여부 확인 후 검토할 잡종지; 면적 140㎡","priority_score":50,"source":"경기부동산포털 국공유지조회·연속지적도","source_date":"2026-08-11","installed_solar_match":false}},{"type":"Feature","id":"4155036021100040005","geometry":{"type":"Point","coordinates":[127.1768557,37.0745766]},"properties":{"pnu":"4155036021100040005","municipality_code":"41550","municipality":"안성시","district":"안성시","locality":"양성면 동항리","address":"안성시 양성면 동항리 4-5","owner_type":"국유지","owner_label":"국(국방부)","manager":"","property_class":"","land_category":"잡종지","area_sqm":139.0,"area_band":"100~500㎡","interest_category":"잡종지","solar_candidate":"검토필요","candidate_reason":"실제 이용·점유 여부 확인 후 검토할 잡종지; 면적 139㎡","priority_score":50,"source":"경기부동산포털 국공유지조회·연속지적도","source_date":"2026-08-11","installed_solar_match":false}},{"type":"Feature","id":"4155038022103680013","geometry":{"type":"Point","coordinates":[127.1584735,37.0458586]},"properties":{"pnu":"4155038022103680013","municipality_code":"41550","municipality":"안성시","district":"안성시","locality":"원곡면 칠곡리","address":"안성시 원곡면 칠곡리 368-13","owner_type":"국유지","owner_label":"국(건설교통부)","manager":"","property_class":"","land_category":"잡종지","area_sqm":134.0,"area_band":"100~500㎡","interest_category":"잡종지","solar_candidate":"검토필요","candidate_reason":"실제 이용·점유 여부 확인 후 검토할 잡종지; 면적 134㎡","priority_score":50,"source":"경기부동산포털 국공유지조회·연속지적도","source_date":"2026-08-11","installed_solar_match":false}},{"type":"Feature","id":"4155038021103710011","geometry":{"type":"Point","coordinates":[127.1606847,37.0730244]},"properties":{"pnu":"4155038021103710011","municipality_code":"41550","municipality":"안성시","district":"안성시","locality":"원곡면 성은리","address":"안성시 원곡면 성은리 371-11","owner_type":"국유지","owner_label":"국(국방부)","manager":"","property_class":"","land_category":"잡종지","area_sqm":133.0,"area_band":"100~500㎡","interest_category":"잡종지","solar_candidate":"검토필요","candidate_reason":"실제 이용·점유 여부 확인 후 검토할 잡종지; 면적 133㎡","priority_score":50,"source":"경기부동산포털 국공유지조회·연속지적도","source_date":"2026-08-11","installed_solar_match":false}},{"type":"Feature","id":"4155035027105180000","geometry":{"type":"Point","coordinates":[127.2413127,37.0209078]},"properties":{"pnu":"4155035027105180000","municipality_code":"41550","municipality":"안성시","district":"안성시","locality":"대덕면 건지리","address":"안성시 대덕면 건지리 518","owner_type":"국유지","owner_label":"국(기획재정부)","manager":"","property_class":"","land_category":"잡종지","area_sqm":129.0,"area_band":"100~500㎡","interest_category":"잡종지","solar_candidate":"검토필요","candidate_reason":"실제 이용·점유 여부 확인 후 검토할 잡종지; 면적 129㎡","priority_score":50,"source":"경기부동산포털 국공유지조회·연속지적도","source_date":"2026-08-11","installed_solar_match":false}},{"type":"Feature","id":"4155038021103710012","geometry":{"type":"Point","coordinates":[127.1613386,37.0727227]},"properties":{"pnu":"4155038021103710012","municipality_code":"41550","municipality":"안성시","district":"안성시","locality":"원곡면 성은리","address":"안성시 원곡면 성은리 371-12","owner_type":"국유지","owner_label":"국(국방부)","manager":"","property_class":"","land_category":"잡종지","area_sqm":120.0,"area_band":"100~500㎡","interest_category":"잡종지","solar_candidate":"검토필요","candidate_reason":"실제 이용·점유 여부 확인 후 검토할 잡종지; 면적 120㎡","priority_score":50,"source":"경기부동산포털 국공유지조회·연속지적도","source_date":"2026-08-11","installed_solar_match":false}},{"type":"Feature","id":"4155025026107890007","geometry":{"type":"Point","coordinates":[127.1501547,36.9977289]},"properties":{"pnu":"4155025026107890007","municipality_code":"41550","municipality":"안성시","district":"안성시","locality":"공도읍 승두리","address":"안성시 공도읍 승두리 789-7","owner_type":"국유지","owner_label":"국(국토해양부)","manager":"","property_class":"","land_category":"잡종지","area_sqm":118.0,"area_band":"100~500㎡","interest_category":"잡종지","solar_candidate":"검토필요","candidate_reason":"실제 이용·점유 여부 확인 후 검토할 잡종지; 면적 118㎡","priority_score":50,"source":"경기부동산포털 국공유지조회·연속지적도","source_date":"2026-08-11","installed_solar_match":false}},{"type":"Feature","id":"4155025023103490012","geometry":{"type":"Point","coordinates":[127.1914582,36.9947507]},"properties":{"pnu":"4155025023103490012","municipality_code":"41550","municipality":"안성시","district":"안성시","locality":"공도읍 신두리","address":"안성시 공도읍 신두리 349-12","owner_type":"국유지","owner_label":"국(기획재정부)","manager":"","property_class":"","land_category":"잡종지","area_sqm":117.0,"area_band":"100~500㎡","interest_category":"잡종지","solar_candidate":"검토필요","candidate_reason":"실제 이용·점유 여부 확인 후 검토할 잡종지; 면적 117㎡","priority_score":50,"source":"경기부동산포털 국공유지조회·연속지적도","source_date":"2026-08-11","installed_solar_match":false}},{"type":"Feature","id":"4155034032100430015","geometry":{"type":"Point","coordinates":[127.2156858,36.9788963]},"properties":{"pnu":"4155034032100430015","municipality_code":"41550","municipality":"안성시","district":"안성시","locality":"미양면 양지리","address":"안성시 미양면 양지리 43-15","owner_type":"국유지","owner_label":"국(철도청)","manager":"","property_class":"","land_category":"잡종지","area_sqm":117.0,"area_band":"100~500㎡","interest_category":"잡종지","solar_candidate":"검토필요","candidate_reason":"실제 이용·점유 여부 확인 후 검토할 잡종지; 면적 117㎡","priority_score":50,"source":"경기부동산포털 국공유지조회·연속지적도","source_date":"2026-08-11","installed_solar_match":false}},{"type":"Feature","id":"4155025031100100022","geometry":{"type":"Point","coordinates":[127.1438969,36.9964475]},"properties":{"pnu":"4155025031100100022","municipality_code":"41550","municipality":"안성시","district":"안성시","locality":"공도읍 진사리","address":"안성시 공도읍 진사리 10-22","owner_type":"국유지","owner_label":"국(국토해양부)","manager":"","property_class":"","land_category":"잡종지","area_sqm":113.0,"area_band":"100~500㎡","interest_category":"잡종지","solar_candidate":"검토필요","candidate_reason":"실제 이용·점유 여부 확인 후 검토할 잡종지; 면적 113㎡","priority_score":50,"source":"경기부동산포털 국공유지조회·연속지적도","source_date":"2026-08-11","installed_solar_match":false}},{"type":"Feature","id":"4155035027101570017","geometry":{"type":"Point","coordinates":[127.2414051,37.0204213]},"properties":{"pnu":"4155035027101570017","municipality_code":"41550","municipality":"안성시","district":"안성시","locality":"대덕면 건지리","address":"안성시 대덕면 건지리 157-17","owner_type":"국유지","owner_label":"국(건설교통부)","manager":"","property_class":"","land_category":"잡종지","area_sqm":112.0,"area_band":"100~500㎡","interest_category":"잡종지","solar_candidate":"검토필요","candidate_reason":"실제 이용·점유 여부 확인 후 검토할 잡종지; 면적 112㎡","priority_score":50,"source":"경기부동산포털 국공유지조회·연속지적도","source_date":"2026-08-11","installed_solar_match":false}},{"type":"Feature","id":"4155036026102590000","geometry":{"type":"Point","coordinates":[127.2203184,37.079373]},"properties":{"pnu":"4155036026102590000","municipality_code":"41550","municipality":"안성시","district":"안성시","locality":"양성면 도곡리","address":"안성시 양성면 도곡리 259","owner_type":"국유지","owner_label":"국(국방부)","manager":"","property_class":"","land_category":"잡종지","area_sqm":112.0,"area_band":"100~500㎡","interest_category":"잡종지","solar_candidate":"검토필요","candidate_reason":"실제 이용·점유 여부 확인 후 검토할 잡종지; 면적 112㎡","priority_score":50,"source":"경기부동산포털 국공유지조회·연속지적도","source_date":"2026-08-11","installed_solar_match":false}},{"type":"Feature","id":"4155033026105430017","geometry":{"type":"Point","coordinates":[127.213801,36.9357362]},"properties":{"pnu":"4155033026105430017","municipality_code":"41550","municipality":"안성시","district":"안성시","locality":"서운면 현매리","address":"안성시 서운면 현매리 543-17","owner_type":"국유지","owner_label":"국(기획재정부)","manager":"","property_class":"","land_category":"잡종지","area_sqm":111.0,"area_band":"100~500㎡","interest_category":"잡종지","solar_candidate":"검토필요","candidate_reason":"실제 이용·점유 여부 확인 후 검토할 잡종지; 면적 111㎡","priority_score":50,"source":"경기부동산포털 국공유지조회·연속지적도","source_date":"2026-08-11","installed_solar_match":false}},{"type":"Feature","id":"4155040030108970002","geometry":{"type":"Point","coordinates":[127.428056,37.0154946]},"properties":{"pnu":"4155040030108970002","municipality_code":"41550","municipality":"안성시","district":"안성시","locality":"죽산면 두교리","address":"안성시 죽산면 두교리 897-2","owner_type":"국유지","owner_label":"국(기획재정부)","manager":"","property_class":"","land_category":"창고용지","area_sqm":2878.0,"area_band":"1,000~3,000㎡","interest_category":"창고용지","solar_candidate":"검토필요","candidate_reason":"지목·면적 기준 1차 검토 대상; 면적 2,878㎡","priority_score":48,"source":"경기부동산포털 국공유지조회·연속지적도","source_date":"2026-08-11","installed_solar_match":false}},{"type":"Feature","id":"4155032027101090002","geometry":{"type":"Point","coordinates":[127.3834993,37.0179813]},"properties":{"pnu":"4155032027101090002","municipality_code":"41550","municipality":"안성시","district":"안성시","locality":"금광면 삼흥리","address":"안성시 금광면 삼흥리 109-2","owner_type":"국유지","owner_label":"국(기획재정부)","manager":"","property_class":"","land_category":"체육용지","area_sqm":2325.0,"area_band":"1,000~3,000㎡","interest_category":"체육용지","solar_candidate":"검토필요","candidate_reason":"체육시설·주차장 상부 활용 가능성 추가 검토; 면적 2,325㎡","priority_score":48,"source":"경기부동산포털 국공유지조회·연속지적도","source_date":"2026-08-11","installed_solar_match":false}},{"type":"Feature","id":"4155033032102670001","geometry":{"type":"Point","coordinates":[127.2841568,36.961551]},"properties":{"pnu":"4155033032102670001","municipality_code":"41550","municipality":"안성시","district":"안성시","locality":"서운면 오촌리","address":"안성시 서운면 오촌리 267-1","owner_type":"국유지","owner_label":"국(기획재정부)","manager":"","property_class":"","land_category":"체육용지","area_sqm":2178.0,"area_band":"1,000~3,000㎡","interest_category":"체육용지","solar_candidate":"검토필요","candidate_reason":"체육시설·주차장 상부 활용 가능성 추가 검토; 면적 2,178㎡","priority_score":48,"source":"경기부동산포털 국공유지조회·연속지적도","source_date":"2026-08-11","installed_solar_match":false}},{"type":"Feature","id":"4155036029104220010","geometry":{"type":"Point","coordinates":[127.2307076,37.0945007]},"properties":{"pnu":"4155036029104220010","municipality_code":"41550","municipality":"안성시","district":"안성시","locality":"양성면 장서리","address":"안성시 양성면 장서리 422-10","owner_type":"국유지","owner_label":"국(기획재정부)","manager":"","property_class":"","land_category":"체육용지","area_sqm":2044.0,"area_band":"1,000~3,000㎡","interest_category":"체육용지","solar_candidate":"검토필요","candidate_reason":"체육시설·주차장 상부 활용 가능성 추가 검토; 면적 2,044㎡","priority_score":48,"source":"경기부동산포털 국공유지조회·연속지적도","source_date":"2026-08-11","installed_solar_match":false}},{"type":"Feature","id":"4155033032102670002","geometry":{"type":"Point","coordinates":[127.2846914,36.9628269]},"properties":{"pnu":"4155033032102670002","municipality_code":"41550","municipality":"안성시","district":"안성시","locality":"서운면 오촌리","address":"안성시 서운면 오촌리 267-2","owner_type":"국유지","owner_label":"국(기획재정부)","manager":"","property_class":"","land_category":"체육용지","area_sqm":1896.0,"area_band":"1,000~3,000㎡","interest_category":"체육용지","solar_candidate":"검토필요","candidate_reason":"체육시설·주차장 상부 활용 가능성 추가 검토; 면적 1,896㎡","priority_score":48,"source":"경기부동산포털 국공유지조회·연속지적도","source_date":"2026-08-11","installed_solar_match":false}},{"type":"Feature","id":"4155040030109190000","geometry":{"type":"Point","coordinates":[127.4299028,37.016604]},"properties":{"pnu":"4155040030109190000","municipality_code":"41550","municipality":"안성시","district":"안성시","locality":"죽산면 두교리","address":"안성시 죽산면 두교리 919","owner_type":"국유지","owner_label":"국(기획재정부)","manager":"","property_class":"","land_category":"창고용지","area_sqm":1785.0,"area_band":"1,000~3,000㎡","interest_category":"창고용지","solar_candidate":"검토필요","candidate_reason":"지목·면적 기준 1차 검토 대상; 면적 1,785㎡","priority_score":48,"source":"경기부동산포털 국공유지조회·연속지적도","source_date":"2026-08-11","installed_solar_match":false}},{"type":"Feature","id":"4155040026108020020","geometry":{"type":"Point","coordinates":[127.4100541,37.0377895]},"properties":{"pnu":"4155040026108020020","municipality_code":"41550","municipality":"안성시","district":"안성시","locality":"죽산면 장계리","address":"안성시 죽산면 장계리 802-20","owner_type":"국유지","owner_label":"국(기획재정부)","manager":"","property_class":"","land_category":"체육용지","area_sqm":1768.0,"area_band":"1,000~3,000㎡","interest_category":"체육용지","solar_candidate":"검토필요","candidate_reason":"체육시설·주차장 상부 활용 가능성 추가 검토; 면적 1,768㎡","priority_score":48,"source":"경기부동산포털 국공유지조회·연속지적도","source_date":"2026-08-11","installed_solar_match":false}},{"type":"Feature","id":"4155012900100010000","geometry":{"type":"Point","coordinates":[127.2523958,37.0236916]},"properties":{"pnu":"4155012900100010000","municipality_code":"41550","municipality":"안성시","district":"안성시","locality":"신소현동","address":"안성시 신소현동 1","owner_type":"국유지","owner_label":"국(건설부)","manager":"","property_class":"","land_category":"창고용지","area_sqm":1596.0,"area_band":"1,000~3,000㎡","interest_category":"창고용지","solar_candidate":"검토필요","candidate_reason":"지목·면적 기준 1차 검토 대상; 면적 1,596㎡","priority_score":48,"source":"경기부동산포털 국공유지조회·연속지적도","source_date":"2026-08-11","installed_solar_match":false}},{"type":"Feature","id":"4155032027101080005","geometry":{"type":"Point","coordinates":[127.3842924,37.0178665]},"properties":{"pnu":"4155032027101080005","municipality_code":"41550","municipality":"안성시","district":"안성시","locality":"금광면 삼흥리","address":"안성시 금광면 삼흥리 108-5","owner_type":"국유지","owner_label":"국(기획재정부)","manager":"","property_class":"","land_category":"체육용지","area_sqm":1368.0,"area_band":"1,000~3,000㎡","interest_category":"체육용지","solar_candidate":"검토필요","candidate_reason":"체육시설·주차장 상부 활용 가능성 추가 검토; 면적 1,368㎡","priority_score":48,"source":"경기부동산포털 국공유지조회·연속지적도","source_date":"2026-08-11","installed_solar_match":false}},{"type":"Feature","id":"4155032025105360089","geometry":{"type":"Point","coordinates":[127.3204931,36.9981457]},"properties":{"pnu":"4155032025105360089","municipality_code":"41550","municipality":"안성시","district":"안성시","locality":"금광면 금광리","address":"안성시 금광면 금광리 536-89","owner_type":"국유지","owner_label":"국(국토교통부)","manager":"","property_class":"","land_category":"대","area_sqm":989.0,"area_band":"500~1,000㎡","interest_category":"대","solar_candidate":"검토필요","candidate_reason":"청사·공공건축물·주차장 현황 추가 확인 필요; 면적 989㎡","priority_score":45,"source":"경기부동산포털 국공유지조회·연속지적도","source_date":"2026-08-11","installed_solar_match":false}},{"type":"Feature","id":"4155032023104520000","geometry":{"type":"Point","coordinates":[127.3153337,36.9672455]},"properties":{"pnu":"4155032023104520000","municipality_code":"41550","municipality":"안성시","district":"안성시","locality":"금광면 장죽리","address":"안성시 금광면 장죽리 452","owner_type":"국유지","owner_label":"국(국토교통부)","manager":"","property_class":"","land_category":"대","area_sqm":979.0,"area_band":"500~1,000㎡","interest_category":"대","solar_candidate":"검토필요","candidate_reason":"청사·공공건축물·주차장 현황 추가 확인 필요; 면적 979㎡","priority_score":45,"source":"경기부동산포털 국공유지조회·연속지적도","source_date":"2026-08-11","installed_solar_match":false}},{"type":"Feature","id":"4155012400105830001","geometry":{"type":"Point","coordinates":[127.2477706,37.0007189]},"properties":{"pnu":"4155012400105830001","municipality_code":"41550","municipality":"안성시","district":"안성시","locality":"도기동","address":"안성시 도기동 583-1","owner_type":"국유지","owner_label":"국(경찰청)","manager":"","property_class":"","land_category":"대","area_sqm":978.0,"area_band":"500~1,000㎡","interest_category":"대","solar_candidate":"검토필요","candidate_reason":"청사·공공건축물·주차장 현황 추가 확인 필요; 면적 978㎡","priority_score":45,"source":"경기부동산포털 국공유지조회·연속지적도","source_date":"2026-08-11","installed_solar_match":false}},{"type":"Feature","id":"4155032033102880009","geometry":{"type":"Point","coordinates":[127.3126111,36.9626215]},"properties":{"pnu":"4155032033102880009","municipality_code":"41550","municipality":"안성시","district":"안성시","locality":"금광면 석하리","address":"안성시 금광면 석하리 288-9","owner_type":"국유지","owner_label":"국(국토교통부)","manager":"","property_class":"","land_category":"대","area_sqm":976.0,"area_band":"500~1,000㎡","interest_category":"대","solar_candidate":"검토필요","candidate_reason":"청사·공공건축물·주차장 현황 추가 확인 필요; 면적 976㎡","priority_score":45,"source":"경기부동산포털 국공유지조회·연속지적도","source_date":"2026-08-11","installed_solar_match":false}},{"type":"Feature","id":"4155032023104500000","geometry":{"type":"Point","coordinates":[127.3151163,36.9668985]},"properties":{"pnu":"4155032023104500000","municipality_code":"41550","municipality":"안성시","district":"안성시","locality":"금광면 장죽리","address":"안성시 금광면 장죽리 450","owner_type":"국유지","owner_label":"국(국토교통부)","manager":"","property_class":"","land_category":"대","area_sqm":970.0,"area_band":"500~1,000㎡","interest_category":"대","solar_candidate":"검토필요","candidate_reason":"청사·공공건축물·주차장 현황 추가 확인 필요; 면적 970㎡","priority_score":45,"source":"경기부동산포털 국공유지조회·연속지적도","source_date":"2026-08-11","installed_solar_match":false}},{"type":"Feature","id":"4155032033102880002","geometry":{"type":"Point","coordinates":[127.3129774,36.9627219]},"properties":{"pnu":"4155032033102880002","municipality_code":"41550","municipality":"안성시","district":"안성시","locality":"금광면 석하리","address":"안성시 금광면 석하리 288-2","owner_type":"국유지","owner_label":"국(국토교통부)","manager":"","property_class":"","land_category":"대","area_sqm":970.0,"area_band":"500~1,000㎡","interest_category":"대","solar_candidate":"검토필요","candidate_reason":"청사·공공건축물·주차장 현황 추가 확인 필요; 면적 970㎡","priority_score":45,"source":"경기부동산포털 국공유지조회·연속지적도","source_date":"2026-08-11","installed_solar_match":false}},{"type":"Feature","id":"4155039028102550004","geometry":{"type":"Point","coordinates":[127.477703,37.0905676]},"properties":{"pnu":"4155039028102550004","municipality_code":"41550","municipality":"안성시","district":"안성시","locality":"일죽면 송천리","address":"안성시 일죽면 송천리 255-4","owner_type":"국유지","owner_label":"국(과학기술정부통신부)","manager":"","property_class":"","land_category":"대","area_sqm":957.0,"area_band":"500~1,000㎡","interest_category":"대","solar_candidate":"검토필요","candidate_reason":"청사·공공건축물·주차장 현황 추가 확인 필요; 면적 957㎡","priority_score":45,"source":"경기부동산포털 국공유지조회·연속지적도","source_date":"2026-08-11","installed_solar_match":false}},{"type":"Feature","id":"4155035026100620008","geometry":{"type":"Point","coordinates":[127.2628741,37.0597701]},"properties":{"pnu":"4155035026100620008","municipality_code":"41550","municipality":"안성시","district":"안성시","locality":"대덕면 진현리","address":"안성시 대덕면 진현리 62-8","owner_type":"국유지","owner_label":"국(기획재정부)","manager":"","property_class":"","land_category":"대","area_sqm":936.0,"area_band":"500~1,000㎡","interest_category":"대","solar_candidate":"검토필요","candidate_reason":"청사·공공건축물·주차장 현황 추가 확인 필요; 면적 936㎡","priority_score":45,"source":"경기부동산포털 국공유지조회·연속지적도","source_date":"2026-08-11","installed_solar_match":false}},{"type":"Feature","id":"4155032023101810002","geometry":{"type":"Point","coordinates":[127.3173722,36.9717674]},"properties":{"pnu":"4155032023101810002","municipality_code":"41550","municipality":"안성시","district":"안성시","locality":"금광면 장죽리","address":"안성시 금광면 장죽리 181-2","owner_type":"국유지","owner_label":"국(국토교통부)","manager":"","property_class":"","land_category":"대","area_sqm":932.0,"area_band":"500~1,000㎡","interest_category":"대","solar_candidate":"검토필요","candidate_reason":"청사·공공건축물·주차장 현황 추가 확인 필요; 면적 932㎡","priority_score":45,"source":"경기부동산포털 국공유지조회·연속지적도","source_date":"2026-08-11","installed_solar_match":false}},{"type":"Feature","id":"4155039028102890001","geometry":{"type":"Point","coordinates":[127.4734129,37.0886226]},"properties":{"pnu":"4155039028102890001","municipality_code":"41550","municipality":"안성시","district":"안성시","locality":"일죽면 송천리","address":"안성시 일죽면 송천리 289-1","owner_type":"국유지","owner_label":"국(기획재정부)","manager":"","property_class":"","land_category":"대","area_sqm":902.0,"area_band":"500~1,000㎡","interest_category":"대","solar_candidate":"검토필요","candidate_reason":"청사·공공건축물·주차장 현황 추가 확인 필요; 면적 902㎡","priority_score":45,"source":"경기부동산포털 국공유지조회·연속지적도","source_date":"2026-08-11","installed_solar_match":false}},{"type":"Feature","id":"4155012500101370000","geometry":{"type":"Point","coordinates":[127.2694256,37.0162139]},"properties":{"pnu":"4155012500101370000","municipality_code":"41550","municipality":"안성시","district":"안성시","locality":"당왕동","address":"안성시 당왕동 137","owner_type":"국유지","owner_label":"국(기획재정부)","manager":"","property_class":"","land_category":"대","area_sqm":886.0,"area_band":"500~1,000㎡","interest_category":"대","solar_candidate":"검토필요","candidate_reason":"청사·공공건축물·주차장 현황 추가 확인 필요; 면적 886㎡","priority_score":45,"source":"경기부동산포털 국공유지조회·연속지적도","source_date":"2026-08-11","installed_solar_match":false}},{"type":"Feature","id":"4155032023102060002","geometry":{"type":"Point","coordinates":[127.3177857,36.9723608]},"properties":{"pnu":"4155032023102060002","municipality_code":"41550","municipality":"안성시","district":"안성시","locality":"금광면 장죽리","address":"안성시 금광면 장죽리 206-2","owner_type":"국유지","owner_label":"국(국토교통부)","manager":"","property_class":"","land_category":"대","area_sqm":875.0,"area_band":"500~1,000㎡","interest_category":"대","solar_candidate":"검토필요","candidate_reason":"청사·공공건축물·주차장 현황 추가 확인 필요; 면적 875㎡","priority_score":45,"source":"경기부동산포털 국공유지조회·연속지적도","source_date":"2026-08-11","installed_solar_match":false}},{"type":"Feature","id":"4155025030102000190","geometry":{"type":"Point","coordinates":[127.1972013,37.019784]},"properties":{"pnu":"4155025030102000190","municipality_code":"41550","municipality":"안성시","district":"안성시","locality":"공도읍 마정리","address":"안성시 공도읍 마정리 200-190","owner_type":"국유지","owner_label":"국(기획재정부)","manager":"","property_class":"","land_category":"대","area_sqm":873.0,"area_band":"500~1,000㎡","interest_category":"대","solar_candidate":"검토필요","candidate_reason":"청사·공공건축물·주차장 현황 추가 확인 필요; 면적 873㎡","priority_score":45,"source":"경기부동산포털 국공유지조회·연속지적도","source_date":"2026-08-11","installed_solar_match":false}},{"type":"Feature","id":"4155025021103060027","geometry":{"type":"Point","coordinates":[127.1977265,37.0081672]},"properties":{"pnu":"4155025021103060027","municipality_code":"41550","municipality":"안성시","district":"안성시","locality":"공도읍 양기리","address":"안성시 공도읍 양기리 306-27","owner_type":"국유지","owner_label":"국(국토교통부)","manager":"","property_class":"","land_category":"대","area_sqm":860.0,"area_band":"500~1,000㎡","interest_category":"대","solar_candidate":"검토필요","candidate_reason":"청사·공공건축물·주차장 현황 추가 확인 필요; 면적 860㎡","priority_score":45,"source":"경기부동산포털 국공유지조회·연속지적도","source_date":"2026-08-11","installed_solar_match":false}},{"type":"Feature","id":"4155035027104200004","geometry":{"type":"Point","coordinates":[127.237483,37.0126614]},"properties":{"pnu":"4155035027104200004","municipality_code":"41550","municipality":"안성시","district":"안성시","locality":"대덕면 건지리","address":"안성시 대덕면 건지리 420-4","owner_type":"국유지","owner_label":"국(경찰청)","manager":"","property_class":"","land_category":"대","area_sqm":860.0,"area_band":"500~1,000㎡","interest_category":"대","solar_candidate":"검토필요","candidate_reason":"청사·공공건축물·주차장 현황 추가 확인 필요; 면적 860㎡","priority_score":45,"source":"경기부동산포털 국공유지조회·연속지적도","source_date":"2026-08-11","installed_solar_match":false}},{"type":"Feature","id":"4155031021103550002","geometry":{"type":"Point","coordinates":[127.3020205,37.0510306]},"properties":{"pnu":"4155031021103550002","municipality_code":"41550","municipality":"안성시","district":"안성시","locality":"보개면 적가리","address":"안성시 보개면 적가리 355-2","owner_type":"국유지","owner_label":"국(국토교통부)","manager":"","property_class":"","land_category":"대","area_sqm":837.0,"area_band":"500~1,000㎡","interest_category":"대","solar_candidate":"검토필요","candidate_reason":"청사·공공건축물·주차장 현황 추가 확인 필요; 면적 837㎡","priority_score":45,"source":"경기부동산포털 국공유지조회·연속지적도","source_date":"2026-08-11","installed_solar_match":false}},{"type":"Feature","id":"4155031026102740004","geometry":{"type":"Point","coordinates":[127.3218755,37.0122301]},"properties":{"pnu":"4155031026102740004","municipality_code":"41550","municipality":"안성시","district":"안성시","locality":"보개면 양복리","address":"안성시 보개면 양복리 274-4","owner_type":"국유지","owner_label":"국(교육부)","manager":"","property_class":"","land_category":"대","area_sqm":829.0,"area_band":"500~1,000㎡","interest_category":"대","solar_candidate":"검토필요","candidate_reason":"청사·공공건축물·주차장 현황 추가 확인 필요; 면적 829㎡","priority_score":45,"source":"경기부동산포털 국공유지조회·연속지적도","source_date":"2026-08-11","installed_solar_match":false}},{"type":"Feature","id":"4155038022100620000","geometry":{"type":"Point","coordinates":[127.1642451,37.0540714]},"properties":{"pnu":"4155038022100620000","municipality_code":"41550","municipality":"안성시","district":"안성시","locality":"원곡면 칠곡리","address":"안성시 원곡면 칠곡리 62","owner_type":"국유지","owner_label":"국(건설교통부)","manager":"","property_class":"","land_category":"대","area_sqm":826.0,"area_band":"500~1,000㎡","interest_category":"대","solar_candidate":"검토필요","candidate_reason":"청사·공공건축물·주차장 현황 추가 확인 필요; 면적 826㎡","priority_score":45,"source":"경기부동산포털 국공유지조회·연속지적도","source_date":"2026-08-11","installed_solar_match":false}},{"type":"Feature","id":"4155012600100490048","geometry":{"type":"Point","coordinates":[127.2948802,37.0123112]},"properties":{"pnu":"4155012600100490048","municipality_code":"41550","municipality":"안성시","district":"안성시","locality":"가사동","address":"안성시 가사동 49-48","owner_type":"국유지","owner_label":"국(건설부)","manager":"","property_class":"","land_category":"대","area_sqm":800.0,"area_band":"500~1,000㎡","interest_category":"대","solar_candidate":"검토필요","candidate_reason":"청사·공공건축물·주차장 현황 추가 확인 필요; 면적 800㎡","priority_score":45,"source":"경기부동산포털 국공유지조회·연속지적도","source_date":"2026-08-11","installed_solar_match":false}},{"type":"Feature","id":"4155032032101780005","geometry":{"type":"Point","coordinates":[127.3689741,36.9741013]},"properties":{"pnu":"4155032032101780005","municipality_code":"41550","municipality":"안성시","district":"안성시","locality":"금광면 옥정리","address":"안성시 금광면 옥정리 178-5","owner_type":"국유지","owner_label":"국(건설교통부)","manager":"","property_class":"","land_category":"대","area_sqm":798.0,"area_band":"500~1,000㎡","interest_category":"대","solar_candidate":"검토필요","candidate_reason":"청사·공공건축물·주차장 현황 추가 확인 필요; 면적 798㎡","priority_score":45,"source":"경기부동산포털 국공유지조회·연속지적도","source_date":"2026-08-11","installed_solar_match":false}},{"type":"Feature","id":"4155039028100520006","geometry":{"type":"Point","coordinates":[127.4739024,37.0948435]},"properties":{"pnu":"4155039028100520006","municipality_code":"41550","municipality":"안성시","district":"안성시","locality":"일죽면 송천리","address":"안성시 일죽면 송천리 52-6","owner_type":"국유지","owner_label":"국(기획재정부)","manager":"","property_class":"","land_category":"대","area_sqm":798.0,"area_band":"500~1,000㎡","interest_category":"대","solar_candidate":"검토필요","candidate_reason":"청사·공공건축물·주차장 현황 추가 확인 필요; 면적 798㎡","priority_score":45,"source":"경기부동산포털 국공유지조회·연속지적도","source_date":"2026-08-11","installed_solar_match":false}},{"type":"Feature","id":"4155011800101060002","geometry":{"type":"Point","coordinates":[127.2606415,37.0127376]},"properties":{"pnu":"4155011800101060002","municipality_code":"41550","municipality":"안성시","district":"안성시","locality":"석정동","address":"안성시 석정동 106-2","owner_type":"국유지","owner_label":"국(교육부)","manager":"","property_class":"","land_category":"대","area_sqm":792.0,"area_band":"500~1,000㎡","interest_category":"대","solar_candidate":"검토필요","candidate_reason":"청사·공공건축물·주차장 현황 추가 확인 필요; 면적 792㎡","priority_score":45,"source":"경기부동산포털 국공유지조회·연속지적도","source_date":"2026-08-11","installed_solar_match":true,"installed_solar_count":1,"installed_solar_area_sqm":242.1,"installed_solar_analysis_years":["2024"],"installed_solar_types":["공공시설물"],"installed_solar_permit_status_counts":{"N":1}}},{"type":"Feature","id":"4155032025105360106","geometry":{"type":"Point","coordinates":[127.3207644,36.9981874]},"properties":{"pnu":"4155032025105360106","municipality_code":"41550","municipality":"안성시","district":"안성시","locality":"금광면 금광리","address":"안성시 금광면 금광리 536-106","owner_type":"국유지","owner_label":"국(국토교통부)","manager":"","property_class":"","land_category":"대","area_sqm":775.0,"area_band":"500~1,000㎡","interest_category":"대","solar_candidate":"검토필요","candidate_reason":"청사·공공건축물·주차장 현황 추가 확인 필요; 면적 775㎡","priority_score":45,"source":"경기부동산포털 국공유지조회·연속지적도","source_date":"2026-08-11","installed_solar_match":false}},{"type":"Feature","id":"4155032033102880006","geometry":{"type":"Point","coordinates":[127.3129355,36.9624167]},"properties":{"pnu":"4155032033102880006","municipality_code":"41550","municipality":"안성시","district":"안성시","locality":"금광면 석하리","address":"안성시 금광면 석하리 288-6","owner_type":"국유지","owner_label":"국(국토교통부)","manager":"","property_class":"","land_category":"대","area_sqm":771.0,"area_band":"500~1,000㎡","interest_category":"대","solar_candidate":"검토필요","candidate_reason":"청사·공공건축물·주차장 현황 추가 확인 필요; 면적 771㎡","priority_score":45,"source":"경기부동산포털 국공유지조회·연속지적도","source_date":"2026-08-11","installed_solar_match":false}},{"type":"Feature","id":"4155032025100930005","geometry":{"type":"Point","coordinates":[127.3227798,37.0010436]},"properties":{"pnu":"4155032025100930005","municipality_code":"41550","municipality":"안성시","district":"안성시","locality":"금광면 금광리","address":"안성시 금광면 금광리 93-5","owner_type":"국유지","owner_label":"국(경찰청)","manager":"","property_class":"","land_category":"대","area_sqm":770.0,"area_band":"500~1,000㎡","interest_category":"대","solar_candidate":"검토필요","candidate_reason":"청사·공공건축물·주차장 현황 추가 확인 필요; 면적 770㎡","priority_score":45,"source":"경기부동산포털 국공유지조회·연속지적도","source_date":"2026-08-11","installed_solar_match":false}},{"type":"Feature","id":"4155032031104710002","geometry":{"type":"Point","coordinates":[127.3124056,36.9764229]},"properties":{"pnu":"4155032031104710002","municipality_code":"41550","municipality":"안성시","district":"안성시","locality":"금광면 오산리","address":"안성시 금광면 오산리 471-2","owner_type":"국유지","owner_label":"국(국토교통부)","manager":"","property_class":"","land_category":"대","area_sqm":770.0,"area_band":"500~1,000㎡","interest_category":"대","solar_candidate":"검토필요","candidate_reason":"청사·공공건축물·주차장 현황 추가 확인 필요; 면적 770㎡","priority_score":45,"source":"경기부동산포털 국공유지조회·연속지적도","source_date":"2026-08-11","installed_solar_match":false}},{"type":"Feature","id":"4155042025101200003","geometry":{"type":"Point","coordinates":[127.3003056,37.0824015]},"properties":{"pnu":"4155042025101200003","municipality_code":"41550","municipality":"안성시","district":"안성시","locality":"고삼면 삼은리","address":"안성시 고삼면 삼은리 120-3","owner_type":"국유지","owner_label":"국(국토교통부)","manager":"","property_class":"","land_category":"대","area_sqm":768.0,"area_band":"500~1,000㎡","interest_category":"대","solar_candidate":"검토필요","candidate_reason":"청사·공공건축물·주차장 현황 추가 확인 필요; 면적 768㎡","priority_score":45,"source":"경기부동산포털 국공유지조회·연속지적도","source_date":"2026-08-11","installed_solar_match":false}},{"type":"Feature","id":"4155031031104880008","geometry":{"type":"Point","coordinates":[127.293577,37.0040282]},"properties":{"pnu":"4155031031104880008","municipality_code":"41550","municipality":"안성시","district":"안성시","locality":"보개면 동신리","address":"안성시 보개면 동신리 488-8","owner_type":"국유지","owner_label":"국(기획재정부)","manager":"","property_class":"","land_category":"대","area_sqm":740.0,"area_band":"500~1,000㎡","interest_category":"대","solar_candidate":"검토필요","candidate_reason":"청사·공공건축물·주차장 현황 추가 확인 필요; 면적 740㎡","priority_score":45,"source":"경기부동산포털 국공유지조회·연속지적도","source_date":"2026-08-11","installed_solar_match":false}},{"type":"Feature","id":"4155032033102600000","geometry":{"type":"Point","coordinates":[127.3120782,36.9606665]},"properties":{"pnu":"4155032033102600000","municipality_code":"41550","municipality":"안성시","district":"안성시","locality":"금광면 석하리","address":"안성시 금광면 석하리 260","owner_type":"국유지","owner_label":"국(국토교통부)","manager":"","property_class":"","land_category":"대","area_sqm":731.0,"area_band":"500~1,000㎡","interest_category":"대","solar_candidate":"검토필요","candidate_reason":"청사·공공건축물·주차장 현황 추가 확인 필요; 면적 731㎡","priority_score":45,"source":"경기부동산포털 국공유지조회·연속지적도","source_date":"2026-08-11","installed_solar_match":false}},{"type":"Feature","id":"4155036022102140002","geometry":{"type":"Point","coordinates":[127.2007671,37.0549088]},"properties":{"pnu":"4155036022102140002","municipality_code":"41550","municipality":"안성시","district":"안성시","locality":"양성면 구장리","address":"안성시 양성면 구장리 214-2","owner_type":"국유지","owner_label":"국(기획재정부)","manager":"","property_class":"","land_category":"대","area_sqm":724.0,"area_band":"500~1,000㎡","interest_category":"대","solar_candidate":"검토필요","candidate_reason":"청사·공공건축물·주차장 현황 추가 확인 필요; 면적 724㎡","priority_score":45,"source":"경기부동산포털 국공유지조회·연속지적도","source_date":"2026-08-11","installed_solar_match":false}},{"type":"Feature","id":"4155032023101630002","geometry":{"type":"Point","coordinates":[127.3157798,36.9719132]},"properties":{"pnu":"4155032023101630002","municipality_code":"41550","municipality":"안성시","district":"안성시","locality":"금광면 장죽리","address":"안성시 금광면 장죽리 163-2","owner_type":"국유지","owner_label":"국(국토교통부)","manager":"","property_class":"","land_category":"대","area_sqm":717.0,"area_band":"500~1,000㎡","interest_category":"대","solar_candidate":"검토필요","candidate_reason":"청사·공공건축물·주차장 현황 추가 확인 필요; 면적 717㎡","priority_score":45,"source":"경기부동산포털 국공유지조회·연속지적도","source_date":"2026-08-11","installed_solar_match":false}},{"type":"Feature","id":"4155011800101270000","geometry":{"type":"Point","coordinates":[127.2601988,37.0123362]},"properties":{"pnu":"4155011800101270000","municipality_code":"41550","municipality":"안성시","district":"안성시","locality":"석정동","address":"안성시 석정동 127","owner_type":"국유지","owner_label":"국(교육부)","manager":"","property_class":"","land_category":"대","area_sqm":704.0,"area_band":"500~1,000㎡","interest_category":"대","solar_candidate":"검토필요","candidate_reason":"청사·공공건축물·주차장 현황 추가 확인 필요; 면적 704㎡","priority_score":45,"source":"경기부동산포털 국공유지조회·연속지적도","source_date":"2026-08-11","installed_solar_match":false}},{"type":"Feature","id":"4155042025101960001","geometry":{"type":"Point","coordinates":[127.2979169,37.0760397]},"properties":{"pnu":"4155042025101960001","municipality_code":"41550","municipality":"안성시","district":"안성시","locality":"고삼면 삼은리","address":"안성시 고삼면 삼은리 196-1","owner_type":"국유지","owner_label":"국(국토교통부)","manager":"","property_class":"","land_category":"대","area_sqm":689.0,"area_band":"500~1,000㎡","interest_category":"대","solar_candidate":"검토필요","candidate_reason":"청사·공공건축물·주차장 현황 추가 확인 필요; 면적 689㎡","priority_score":45,"source":"경기부동산포털 국공유지조회·연속지적도","source_date":"2026-08-11","installed_solar_match":false}},{"type":"Feature","id":"4155032023101740003","geometry":{"type":"Point","coordinates":[127.316744,36.9726702]},"properties":{"pnu":"4155032023101740003","municipality_code":"41550","municipality":"안성시","district":"안성시","locality":"금광면 장죽리","address":"안성시 금광면 장죽리 174-3","owner_type":"국유지","owner_label":"국(국토교통부)","manager":"","property_class":"","land_category":"대","area_sqm":681.0,"area_band":"500~1,000㎡","interest_category":"대","solar_candidate":"검토필요","candidate_reason":"청사·공공건축물·주차장 현황 추가 확인 필요; 면적 681㎡","priority_score":45,"source":"경기부동산포털 국공유지조회·연속지적도","source_date":"2026-08-11","installed_solar_match":false}},{"type":"Feature","id":"4155032023100510000","geometry":{"type":"Point","coordinates":[127.3180778,36.9758277]},"properties":{"pnu":"4155032023100510000","municipality_code":"41550","municipality":"안성시","district":"안성시","locality":"금광면 장죽리","address":"안성시 금광면 장죽리 51","owner_type":"국유지","owner_label":"국(국토교통부)","manager":"","property_class":"","land_category":"대","area_sqm":678.0,"area_band":"500~1,000㎡","interest_category":"대","solar_candidate":"검토필요","candidate_reason":"청사·공공건축물·주차장 현황 추가 확인 필요; 면적 678㎡","priority_score":45,"source":"경기부동산포털 국공유지조회·연속지적도","source_date":"2026-08-11","installed_solar_match":false}},{"type":"Feature","id":"4155039028100200006","geometry":{"type":"Point","coordinates":[127.4775951,37.0936446]},"properties":{"pnu":"4155039028100200006","municipality_code":"41550","municipality":"안성시","district":"안성시","locality":"일죽면 송천리","address":"안성시 일죽면 송천리 20-6","owner_type":"국유지","owner_label":"국(경찰청)","manager":"","property_class":"","land_category":"대","area_sqm":676.0,"area_band":"500~1,000㎡","interest_category":"대","solar_candidate":"검토필요","candidate_reason":"청사·공공건축물·주차장 현황 추가 확인 필요; 면적 676㎡","priority_score":45,"source":"경기부동산포털 국공유지조회·연속지적도","source_date":"2026-08-11","installed_solar_match":false}},{"type":"Feature","id":"4155038025101060005","geometry":{"type":"Point","coordinates":[127.1232481,37.0408608]},"properties":{"pnu":"4155038025101060005","municipality_code":"41550","municipality":"안성시","district":"안성시","locality":"원곡면 내가천리","address":"안성시 원곡면 내가천리 106-5","owner_type":"국유지","owner_label":"국(기획재정부)","manager":"","property_class":"","land_category":"대","area_sqm":674.0,"area_band":"500~1,000㎡","interest_category":"대","solar_candidate":"검토필요","candidate_reason":"청사·공공건축물·주차장 현황 추가 확인 필요; 면적 674㎡","priority_score":45,"source":"경기부동산포털 국공유지조회·연속지적도","source_date":"2026-08-11","installed_solar_match":false}},{"type":"Feature","id":"4155032026100820011","geometry":{"type":"Point","coordinates":[127.3446733,36.9820845]},"properties":{"pnu":"4155032026100820011","municipality_code":"41550","municipality":"안성시","district":"안성시","locality":"금광면 현곡리","address":"안성시 금광면 현곡리 82-11","owner_type":"국유지","owner_label":"국(건설교통부)","manager":"","property_class":"","land_category":"대","area_sqm":667.0,"area_band":"500~1,000㎡","interest_category":"대","solar_candidate":"검토필요","candidate_reason":"청사·공공건축물·주차장 현황 추가 확인 필요; 면적 667㎡","priority_score":45,"source":"경기부동산포털 국공유지조회·연속지적도","source_date":"2026-08-11","installed_solar_match":false}},{"type":"Feature","id":"4155036030101650005","geometry":{"type":"Point","coordinates":[127.2187154,37.1085986]},"properties":{"pnu":"4155036030101650005","municipality_code":"41550","municipality":"안성시","district":"안성시","locality":"양성면 난실리","address":"안성시 양성면 난실리 165-5","owner_type":"국유지","owner_label":"국(건설교통부)","manager":"","property_class":"","land_category":"대","area_sqm":661.0,"area_band":"500~1,000㎡","interest_category":"대","solar_candidate":"검토필요","candidate_reason":"청사·공공건축물·주차장 현황 추가 확인 필요; 면적 661㎡","priority_score":45,"source":"경기부동산포털 국공유지조회·연속지적도","source_date":"2026-08-11","installed_solar_match":false}},{"type":"Feature","id":"4155041027103930001","geometry":{"type":"Point","coordinates":[127.3662892,37.057662]},"properties":{"pnu":"4155041027103930001","municipality_code":"41550","municipality":"안성시","district":"안성시","locality":"삼죽면 진촌리","address":"안성시 삼죽면 진촌리 393-1","owner_type":"국유지","owner_label":"국(건설부)","manager":"","property_class":"","land_category":"대","area_sqm":660.0,"area_band":"500~1,000㎡","interest_category":"대","solar_candidate":"검토필요","candidate_reason":"청사·공공건축물·주차장 현황 추가 확인 필요; 면적 660㎡","priority_score":45,"source":"경기부동산포털 국공유지조회·연속지적도","source_date":"2026-08-11","installed_solar_match":false}},{"type":"Feature","id":"4155039025100450000","geometry":{"type":"Point","coordinates":[127.5119304,37.0902833]},"properties":{"pnu":"4155039025100450000","municipality_code":"41550","municipality":"안성시","district":"안성시","locality":"일죽면 산북리","address":"안성시 일죽면 산북리 45","owner_type":"국유지","owner_label":"국(기획재정부)","manager":"","property_class":"","land_category":"대","area_sqm":648.0,"area_band":"500~1,000㎡","interest_category":"대","solar_candidate":"검토필요","candidate_reason":"청사·공공건축물·주차장 현황 추가 확인 필요; 면적 648㎡","priority_score":45,"source":"경기부동산포털 국공유지조회·연속지적도","source_date":"2026-08-11","installed_solar_match":false}},{"type":"Feature","id":"4155038026102670004","geometry":{"type":"Point","coordinates":[127.1292946,37.0392366]},"properties":{"pnu":"4155038026102670004","municipality_code":"41550","municipality":"안성시","district":"안성시","locality":"원곡면 외가천리","address":"안성시 원곡면 외가천리 267-4","owner_type":"국유지","owner_label":"국(경찰청)","manager":"","property_class":"","land_category":"대","area_sqm":645.0,"area_band":"500~1,000㎡","interest_category":"대","solar_candidate":"검토필요","candidate_reason":"청사·공공건축물·주차장 현황 추가 확인 필요; 면적 645㎡","priority_score":45,"source":"경기부동산포털 국공유지조회·연속지적도","source_date":"2026-08-11","installed_solar_match":false}},{"type":"Feature","id":"4155031030101500001","geometry":{"type":"Point","coordinates":[127.3144559,37.0153012]},"properties":{"pnu":"4155031030101500001","municipality_code":"41550","municipality":"안성시","district":"안성시","locality":"보개면 내방리","address":"안성시 보개면 내방리 150-1","owner_type":"국유지","owner_label":"국(건설부)","manager":"","property_class":"","land_category":"대","area_sqm":643.0,"area_band":"500~1,000㎡","interest_category":"대","solar_candidate":"검토필요","candidate_reason":"청사·공공건축물·주차장 현황 추가 확인 필요; 면적 643㎡","priority_score":45,"source":"경기부동산포털 국공유지조회·연속지적도","source_date":"2026-08-11","installed_solar_match":false}},{"type":"Feature","id":"4155031029100420009","geometry":{"type":"Point","coordinates":[127.2900673,37.0225474]},"properties":{"pnu":"4155031029100420009","municipality_code":"41550","municipality":"안성시","district":"안성시","locality":"보개면 불현리","address":"안성시 보개면 불현리 42-9","owner_type":"국유지","owner_label":"국(경찰청)","manager":"","property_class":"","land_category":"대","area_sqm":635.0,"area_band":"500~1,000㎡","interest_category":"대","solar_candidate":"검토필요","candidate_reason":"청사·공공건축물·주차장 현황 추가 확인 필요; 면적 635㎡","priority_score":45,"source":"경기부동산포털 국공유지조회·연속지적도","source_date":"2026-08-11","installed_solar_match":false}},{"type":"Feature","id":"4155036027102840010","geometry":{"type":"Point","coordinates":[127.2042005,37.077993]},"properties":{"pnu":"4155036027102840010","municipality_code":"41550","municipality":"안성시","district":"안성시","locality":"양성면 산정리","address":"안성시 양성면 산정리 284-10","owner_type":"국유지","owner_label":"국(기획재정부)","manager":"","property_class":"","land_category":"대","area_sqm":631.0,"area_band":"500~1,000㎡","interest_category":"대","solar_candidate":"검토필요","candidate_reason":"청사·공공건축물·주차장 현황 추가 확인 필요; 면적 631㎡","priority_score":45,"source":"경기부동산포털 국공유지조회·연속지적도","source_date":"2026-08-11","installed_solar_match":false}},{"type":"Feature","id":"4155035028107090001","geometry":{"type":"Point","coordinates":[127.2206254,37.0010453]},"properties":{"pnu":"4155035028107090001","municipality_code":"41550","municipality":"안성시","district":"안성시","locality":"대덕면 내리","address":"안성시 대덕면 내리 709-1","owner_type":"국유지","owner_label":"국(기획재정부)","manager":"","property_class":"","land_category":"대","area_sqm":616.4,"area_band":"500~1,000㎡","interest_category":"대","solar_candidate":"검토필요","candidate_reason":"청사·공공건축물·주차장 현황 추가 확인 필요; 면적 616㎡","priority_score":45,"source":"경기부동산포털 국공유지조회·연속지적도","source_date":"2026-08-11","installed_solar_match":false}},{"type":"Feature","id":"4155038022100600001","geometry":{"type":"Point","coordinates":[127.164246,37.054416]},"properties":{"pnu":"4155038022100600001","municipality_code":"41550","municipality":"안성시","district":"안성시","locality":"원곡면 칠곡리","address":"안성시 원곡면 칠곡리 60-1","owner_type":"국유지","owner_label":"국(건설교통부)","manager":"","property_class":"","land_category":"대","area_sqm":595.0,"area_band":"500~1,000㎡","interest_category":"대","solar_candidate":"검토필요","candidate_reason":"청사·공공건축물·주차장 현황 추가 확인 필요; 면적 595㎡","priority_score":45,"source":"경기부동산포털 국공유지조회·연속지적도","source_date":"2026-08-11","installed_solar_match":false}},{"type":"Feature","id":"4155031035100010000","geometry":{"type":"Point","coordinates":[127.297612,37.0741129]},"properties":{"pnu":"4155031035100010000","municipality_code":"41550","municipality":"안성시","district":"안성시","locality":"보개면 가율리","address":"안성시 보개면 가율리 1","owner_type":"국유지","owner_label":"국(국토교통부)","manager":"","property_class":"","land_category":"대","area_sqm":594.0,"area_band":"500~1,000㎡","interest_category":"대","solar_candidate":"검토필요","candidate_reason":"청사·공공건축물·주차장 현황 추가 확인 필요; 면적 594㎡","priority_score":45,"source":"경기부동산포털 국공유지조회·연속지적도","source_date":"2026-08-11","installed_solar_match":false}},{"type":"Feature","id":"4155010300104080000","geometry":{"type":"Point","coordinates":[127.2734693,37.0057048]},"properties":{"pnu":"4155010300104080000","municipality_code":"41550","municipality":"안성시","district":"안성시","locality":"영동","address":"안성시 영동 408","owner_type":"국유지","owner_label":"국(기획재정부)","manager":"","property_class":"","land_category":"대","area_sqm":592.0,"area_band":"500~1,000㎡","interest_category":"대","solar_candidate":"검토필요","candidate_reason":"청사·공공건축물·주차장 현황 추가 확인 필요; 면적 592㎡","priority_score":45,"source":"경기부동산포털 국공유지조회·연속지적도","source_date":"2026-08-11","installed_solar_match":false}},{"type":"Feature","id":"4155032033102710002","geometry":{"type":"Point","coordinates":[127.3117025,36.9623432]},"properties":{"pnu":"4155032033102710002","municipality_code":"41550","municipality":"안성시","district":"안성시","locality":"금광면 석하리","address":"안성시 금광면 석하리 271-2","owner_type":"국유지","owner_label":"국(국토교통부)","manager":"","property_class":"","land_category":"대","area_sqm":585.0,"area_band":"500~1,000㎡","interest_category":"대","solar_candidate":"검토필요","candidate_reason":"청사·공공건축물·주차장 현황 추가 확인 필요; 면적 585㎡","priority_score":45,"source":"경기부동산포털 국공유지조회·연속지적도","source_date":"2026-08-11","installed_solar_match":false}},{"type":"Feature","id":"4155040021104280007","geometry":{"type":"Point","coordinates":[127.4222737,37.0754856]},"properties":{"pnu":"4155040021104280007","municipality_code":"41550","municipality":"안성시","district":"안성시","locality":"죽산면 죽산리","address":"안성시 죽산면 죽산리 428-7","owner_type":"국유지","owner_label":"국(과학기술정보통신부)","manager":"","property_class":"","land_category":"대","area_sqm":582.0,"area_band":"500~1,000㎡","interest_category":"대","solar_candidate":"검토필요","candidate_reason":"청사·공공건축물·주차장 현황 추가 확인 필요; 면적 582㎡","priority_score":45,"source":"경기부동산포털 국공유지조회·연속지적도","source_date":"2026-08-11","installed_solar_match":false}},{"type":"Feature","id":"4155025029107930002","geometry":{"type":"Point","coordinates":[127.1727112,37.0007349]},"properties":{"pnu":"4155025029107930002","municipality_code":"41550","municipality":"안성시","district":"안성시","locality":"공도읍 만정리","address":"안성시 공도읍 만정리 793-2","owner_type":"국유지","owner_label":"국(경찰청)","manager":"","property_class":"","land_category":"대","area_sqm":580.2,"area_band":"500~1,000㎡","interest_category":"대","solar_candidate":"검토필요","candidate_reason":"청사·공공건축물·주차장 현황 추가 확인 필요; 면적 580㎡","priority_score":45,"source":"경기부동산포털 국공유지조회·연속지적도","source_date":"2026-08-11","installed_solar_match":false}},{"type":"Feature","id":"4155032023100210000","geometry":{"type":"Point","coordinates":[127.3206935,36.9763798]},"properties":{"pnu":"4155032023100210000","municipality_code":"41550","municipality":"안성시","district":"안성시","locality":"금광면 장죽리","address":"안성시 금광면 장죽리 21","owner_type":"국유지","owner_label":"국(국토교통부)","manager":"","property_class":"","land_category":"대","area_sqm":569.0,"area_band":"500~1,000㎡","interest_category":"대","solar_candidate":"검토필요","candidate_reason":"청사·공공건축물·주차장 현황 추가 확인 필요; 면적 569㎡","priority_score":45,"source":"경기부동산포털 국공유지조회·연속지적도","source_date":"2026-08-11","installed_solar_match":false}},{"type":"Feature","id":"4155032023102030000","geometry":{"type":"Point","coordinates":[127.3181879,36.9726653]},"properties":{"pnu":"4155032023102030000","municipality_code":"41550","municipality":"안성시","district":"안성시","locality":"금광면 장죽리","address":"안성시 금광면 장죽리 203","owner_type":"국유지","owner_label":"국(국토교통부)","manager":"","property_class":"","land_category":"대","area_sqm":562.0,"area_band":"500~1,000㎡","interest_category":"대","solar_candidate":"검토필요","candidate_reason":"청사·공공건축물·주차장 현황 추가 확인 필요; 면적 562㎡","priority_score":45,"source":"경기부동산포털 국공유지조회·연속지적도","source_date":"2026-08-11","installed_solar_match":false}},{"type":"Feature","id":"4155025026100600056","geometry":{"type":"Point","coordinates":[127.1722452,36.9992369]},"properties":{"pnu":"4155025026100600056","municipality_code":"41550","municipality":"안성시","district":"안성시","locality":"공도읍 승두리","address":"안성시 공도읍 승두리 60-56","owner_type":"국유지","owner_label":"국(과학기술정보통신부)","manager":"","property_class":"","land_category":"대","area_sqm":560.0,"area_band":"500~1,000㎡","interest_category":"대","solar_candidate":"검토필요","candidate_reason":"청사·공공건축물·주차장 현황 추가 확인 필요; 면적 560㎡","priority_score":45,"source":"경기부동산포털 국공유지조회·연속지적도","source_date":"2026-08-11","installed_solar_match":false}},{"type":"Feature","id":"4155032023101660000","geometry":{"type":"Point","coordinates":[127.3160964,36.9716319]},"properties":{"pnu":"4155032023101660000","municipality_code":"41550","municipality":"안성시","district":"안성시","locality":"금광면 장죽리","address":"안성시 금광면 장죽리 166","owner_type":"국유지","owner_label":"국(국토교통부)","manager":"","property_class":"","land_category":"대","area_sqm":555.0,"area_band":"500~1,000㎡","interest_category":"대","solar_candidate":"검토필요","candidate_reason":"청사·공공건축물·주차장 현황 추가 확인 필요; 면적 555㎡","priority_score":45,"source":"경기부동산포털 국공유지조회·연속지적도","source_date":"2026-08-11","installed_solar_match":false}},{"type":"Feature","id":"4155033025102630000","geometry":{"type":"Point","coordinates":[127.2632662,36.9151204]},"properties":{"pnu":"4155033025102630000","municipality_code":"41550","municipality":"안성시","district":"안성시","locality":"서운면 산평리","address":"안성시 서운면 산평리 263","owner_type":"국유지","owner_label":"국(국토교통부)","manager":"","property_class":"","land_category":"대","area_sqm":555.0,"area_band":"500~1,000㎡","interest_category":"대","solar_candidate":"검토필요","candidate_reason":"청사·공공건축물·주차장 현황 추가 확인 필요; 면적 555㎡","priority_score":45,"source":"경기부동산포털 국공유지조회·연속지적도","source_date":"2026-08-11","installed_solar_match":false}},{"type":"Feature","id":"4155032023101640000","geometry":{"type":"Point","coordinates":[127.3159209,36.9718083]},"properties":{"pnu":"4155032023101640000","municipality_code":"41550","municipality":"안성시","district":"안성시","locality":"금광면 장죽리","address":"안성시 금광면 장죽리 164","owner_type":"국유지","owner_label":"국(국토교통부)","manager":"","property_class":"","land_category":"대","area_sqm":552.0,"area_band":"500~1,000㎡","interest_category":"대","solar_candidate":"검토필요","candidate_reason":"청사·공공건축물·주차장 현황 추가 확인 필요; 면적 552㎡","priority_score":45,"source":"경기부동산포털 국공유지조회·연속지적도","source_date":"2026-08-11","installed_solar_match":false}},{"type":"Feature","id":"4155036022102140001","geometry":{"type":"Point","coordinates":[127.2008717,37.0550882]},"properties":{"pnu":"4155036022102140001","municipality_code":"41550","municipality":"안성시","district":"안성시","locality":"양성면 구장리","address":"안성시 양성면 구장리 214-1","owner_type":"국유지","owner_label":"국(기획재정부)","manager":"","property_class":"","land_category":"대","area_sqm":549.0,"area_band":"500~1,000㎡","interest_category":"대","solar_candidate":"검토필요","candidate_reason":"청사·공공건축물·주차장 현황 추가 확인 필요; 면적 549㎡","priority_score":45,"source":"경기부동산포털 국공유지조회·연속지적도","source_date":"2026-08-11","installed_solar_match":false}},{"type":"Feature","id":"4155036022102140004","geometry":{"type":"Point","coordinates":[127.2005593,37.055004]},"properties":{"pnu":"4155036022102140004","municipality_code":"41550","municipality":"안성시","district":"안성시","locality":"양성면 구장리","address":"안성시 양성면 구장리 214-4","owner_type":"국유지","owner_label":"국(기획재정부)","manager":"","property_class":"","land_category":"대","area_sqm":547.0,"area_band":"500~1,000㎡","interest_category":"대","solar_candidate":"검토필요","candidate_reason":"청사·공공건축물·주차장 현황 추가 확인 필요; 면적 547㎡","priority_score":45,"source":"경기부동산포털 국공유지조회·연속지적도","source_date":"2026-08-11","installed_solar_match":false}},{"type":"Feature","id":"4155031031106150008","geometry":{"type":"Point","coordinates":[127.2925857,37.0021096]},"properties":{"pnu":"4155031031106150008","municipality_code":"41550","municipality":"안성시","district":"안성시","locality":"보개면 동신리","address":"안성시 보개면 동신리 615-8","owner_type":"국유지","owner_label":"국(기획재정부)","manager":"","property_class":"","land_category":"대","area_sqm":545.0,"area_band":"500~1,000㎡","interest_category":"대","solar_candidate":"검토필요","candidate_reason":"청사·공공건축물·주차장 현황 추가 확인 필요; 면적 545㎡","priority_score":45,"source":"경기부동산포털 국공유지조회·연속지적도","source_date":"2026-08-11","installed_solar_match":false}},{"type":"Feature","id":"4155034032101860005","geometry":{"type":"Point","coordinates":[127.21556,36.975832]},"properties":{"pnu":"4155034032101860005","municipality_code":"41550","municipality":"안성시","district":"안성시","locality":"미양면 양지리","address":"안성시 미양면 양지리 186-5","owner_type":"국유지","owner_label":"국(과학기술정부통신부)","manager":"","property_class":"","land_category":"대","area_sqm":539.0,"area_band":"500~1,000㎡","interest_category":"대","solar_candidate":"검토필요","candidate_reason":"청사·공공건축물·주차장 현황 추가 확인 필요; 면적 539㎡","priority_score":45,"source":"경기부동산포털 국공유지조회·연속지적도","source_date":"2026-08-11","installed_solar_match":false}},{"type":"Feature","id":"4155036021102930001","geometry":{"type":"Point","coordinates":[127.1952255,37.0595576]},"properties":{"pnu":"4155036021102930001","municipality_code":"41550","municipality":"안성시","district":"안성시","locality":"양성면 동항리","address":"안성시 양성면 동항리 293-1","owner_type":"국유지","owner_label":"국(과학기술정보통신부)","manager":"","property_class":"","land_category":"대","area_sqm":534.0,"area_band":"500~1,000㎡","interest_category":"대","solar_candidate":"검토필요","candidate_reason":"청사·공공건축물·주차장 현황 추가 확인 필요; 면적 534㎡","priority_score":45,"source":"경기부동산포털 국공유지조회·연속지적도","source_date":"2026-08-11","installed_solar_match":false}},{"type":"Feature","id":"4155041022109240013","geometry":{"type":"Point","coordinates":[127.3765945,37.1005733]},"properties":{"pnu":"4155041022109240013","municipality_code":"41550","municipality":"안성시","district":"안성시","locality":"삼죽면 율곡리","address":"안성시 삼죽면 율곡리 924-13","owner_type":"국유지","owner_label":"국(건설교통부)","manager":"","property_class":"","land_category":"대","area_sqm":532.0,"area_band":"500~1,000㎡","interest_category":"대","solar_candidate":"검토필요","candidate_reason":"청사·공공건축물·주차장 현황 추가 확인 필요; 면적 532㎡","priority_score":45,"source":"경기부동산포털 국공유지조회·연속지적도","source_date":"2026-08-11","installed_solar_match":false}},{"type":"Feature","id":"4155031026109070010","geometry":{"type":"Point","coordinates":[127.3178278,37.015126]},"properties":{"pnu":"4155031026109070010","municipality_code":"41550","municipality":"안성시","district":"안성시","locality":"보개면 양복리","address":"안성시 보개면 양복리 907-10","owner_type":"국유지","owner_label":"국(기획재정부)","manager":"","property_class":"","land_category":"대","area_sqm":529.0,"area_band":"500~1,000㎡","interest_category":"대","solar_candidate":"검토필요","candidate_reason":"청사·공공건축물·주차장 현황 추가 확인 필요; 면적 529㎡","priority_score":45,"source":"경기부동산포털 국공유지조회·연속지적도","source_date":"2026-08-11","installed_solar_match":false}},{"type":"Feature","id":"4155042025101610001","geometry":{"type":"Point","coordinates":[127.2982934,37.0814272]},"properties":{"pnu":"4155042025101610001","municipality_code":"41550","municipality":"안성시","district":"안성시","locality":"고삼면 삼은리","address":"안성시 고삼면 삼은리 161-1","owner_type":"국유지","owner_label":"국(국토교통부)","manager":"","property_class":"","land_category":"대","area_sqm":514.0,"area_band":"500~1,000㎡","interest_category":"대","solar_candidate":"검토필요","candidate_reason":"청사·공공건축물·주차장 현황 추가 확인 필요; 면적 514㎡","priority_score":45,"source":"경기부동산포털 국공유지조회·연속지적도","source_date":"2026-08-11","installed_solar_match":false}},{"type":"Feature","id":"4155040024100900008","geometry":{"type":"Point","coordinates":[127.4133876,37.0704922]},"properties":{"pnu":"4155040024100900008","municipality_code":"41550","municipality":"안성시","district":"안성시","locality":"죽산면 두현리","address":"안성시 죽산면 두현리 90-8","owner_type":"국유지","owner_label":"국(건설부)","manager":"","property_class":"","land_category":"대","area_sqm":507.0,"area_band":"500~1,000㎡","interest_category":"대","solar_candidate":"검토필요","candidate_reason":"청사·공공건축물·주차장 현황 추가 확인 필요; 면적 507㎡","priority_score":45,"source":"경기부동산포털 국공유지조회·연속지적도","source_date":"2026-08-11","installed_solar_match":false}},{"type":"Feature","id":"4155040022103750002","geometry":{"type":"Point","coordinates":[127.4353481,37.0863638]},"properties":{"pnu":"4155040022103750002","municipality_code":"41550","municipality":"안성시","district":"안성시","locality":"죽산면 매산리","address":"안성시 죽산면 매산리 375-2","owner_type":"국유지","owner_label":"국(기획재정부)","manager":"","property_class":"","land_category":"대","area_sqm":506.0,"area_band":"500~1,000㎡","interest_category":"대","solar_candidate":"검토필요","candidate_reason":"청사·공공건축물·주차장 현황 추가 확인 필요; 면적 506㎡","priority_score":45,"source":"경기부동산포털 국공유지조회·연속지적도","source_date":"2026-08-11","installed_solar_match":false}},{"type":"Feature","id":"4155033034102220000","geometry":{"type":"Point","coordinates":[127.2657815,36.9247079]},"properties":{"pnu":"4155033034102220000","municipality_code":"41550","municipality":"안성시","district":"안성시","locality":"서운면 북산리","address":"안성시 서운면 북산리 222","owner_type":"국유지","owner_label":"국(국토교통부)","manager":"","property_class":"","land_category":"대","area_sqm":500.0,"area_band":"500~1,000㎡","interest_category":"대","solar_candidate":"검토필요","candidate_reason":"청사·공공건축물·주차장 현황 추가 확인 필요; 면적 500㎡","priority_score":45,"source":"경기부동산포털 국공유지조회·연속지적도","source_date":"2026-08-11","installed_solar_match":false}},{"type":"Feature","id":"4155031038113240010","geometry":{"type":"Point","coordinates":[127.3248042,37.0632466]},"properties":{"pnu":"4155031038113240010","municipality_code":"41550","municipality":"안성시","district":"안성시","locality":"보개면 남풍리","address":"안성시 보개면 남풍리 1324-10","owner_type":"국유지","owner_label":"국(기획재정부)","manager":"","property_class":"","land_category":"공장용지","area_sqm":952.0,"area_band":"500~1,000㎡","interest_category":"공장용지","solar_candidate":"검토필요","candidate_reason":"지목·면적 기준 1차 검토 대상; 면적 952㎡","priority_score":42,"source":"경기부동산포털 국공유지조회·연속지적도","source_date":"2026-08-11","installed_solar_match":false}},{"type":"Feature","id":"4155031030102530003","geometry":{"type":"Point","coordinates":[127.310672,37.0188003]},"properties":{"pnu":"4155031030102530003","municipality_code":"41550","municipality":"안성시","district":"안성시","locality":"보개면 내방리","address":"안성시 보개면 내방리 253-3","owner_type":"국유지","owner_label":"국(국토교통부)","manager":"","property_class":"","land_category":"공장용지","area_sqm":933.0,"area_band":"500~1,000㎡","interest_category":"공장용지","solar_candidate":"검토필요","candidate_reason":"지목·면적 기준 1차 검토 대상; 면적 933㎡","priority_score":42,"source":"경기부동산포털 국공유지조회·연속지적도","source_date":"2026-08-11","installed_solar_match":false}},{"type":"Feature","id":"4155031026105740003","geometry":{"type":"Point","coordinates":[127.3130236,37.0145897]},"properties":{"pnu":"4155031026105740003","municipality_code":"41550","municipality":"안성시","district":"안성시","locality":"보개면 양복리","address":"안성시 보개면 양복리 574-3","owner_type":"국유지","owner_label":"국(국토교통부)","manager":"","property_class":"","land_category":"공장용지","area_sqm":848.0,"area_band":"500~1,000㎡","interest_category":"공장용지","solar_candidate":"검토필요","candidate_reason":"지목·면적 기준 1차 검토 대상; 면적 848㎡","priority_score":42,"source":"경기부동산포털 국공유지조회·연속지적도","source_date":"2026-08-11","installed_solar_match":false}},{"type":"Feature","id":"4155031035104330001","geometry":{"type":"Point","coordinates":[127.297672,37.0620296]},"properties":{"pnu":"4155031035104330001","municipality_code":"41550","municipality":"안성시","district":"안성시","locality":"보개면 가율리","address":"안성시 보개면 가율리 433-1","owner_type":"국유지","owner_label":"국(국토교통부)","manager":"","property_class":"","land_category":"공장용지","area_sqm":807.0,"area_band":"500~1,000㎡","interest_category":"공장용지","solar_candidate":"검토필요","candidate_reason":"지목·면적 기준 1차 검토 대상; 면적 807㎡","priority_score":42,"source":"경기부동산포털 국공유지조회·연속지적도","source_date":"2026-08-11","installed_solar_match":false}},{"type":"Feature","id":"4155013300101240022","geometry":{"type":"Point","coordinates":[127.2887616,36.9726268]},"properties":{"pnu":"4155013300101240022","municipality_code":"41550","municipality":"안성시","district":"안성시","locality":"중리동","address":"안성시 중리동 124-22","owner_type":"국유지","owner_label":"국(국토교통부)","manager":"","property_class":"","land_category":"공장용지","area_sqm":669.0,"area_band":"500~1,000㎡","interest_category":"공장용지","solar_candidate":"검토필요","candidate_reason":"지목·면적 기준 1차 검토 대상; 면적 669㎡","priority_score":42,"source":"경기부동산포털 국공유지조회·연속지적도","source_date":"2026-08-11","installed_solar_match":false}},{"type":"Feature","id":"4155013300101240023","geometry":{"type":"Point","coordinates":[127.2905198,36.973323]},"properties":{"pnu":"4155013300101240023","municipality_code":"41550","municipality":"안성시","district":"안성시","locality":"중리동","address":"안성시 중리동 124-23","owner_type":"국유지","owner_label":"국(국토교통부)","manager":"","property_class":"","land_category":"공장용지","area_sqm":581.0,"area_band":"500~1,000㎡","interest_category":"공장용지","solar_candidate":"검토필요","candidate_reason":"지목·면적 기준 1차 검토 대상; 면적 581㎡","priority_score":42,"source":"경기부동산포털 국공유지조회·연속지적도","source_date":"2026-08-11","installed_solar_match":false}},{"type":"Feature","id":"4155033026102320005","geometry":{"type":"Point","coordinates":[127.223975,36.928265]},"properties":{"pnu":"4155033026102320005","municipality_code":"41550","municipality":"안성시","district":"안성시","locality":"서운면 현매리","address":"안성시 서운면 현매리 232-5","owner_type":"국유지","owner_label":"국(농수산부)","manager":"","property_class":"","land_category":"공장용지","area_sqm":571.0,"area_band":"500~1,000㎡","interest_category":"공장용지","solar_candidate":"검토필요","candidate_reason":"지목·면적 기준 1차 검토 대상; 면적 571㎡","priority_score":42,"source":"경기부동산포털 국공유지조회·연속지적도","source_date":"2026-08-11","installed_solar_match":false}},{"type":"Feature","id":"4155031028100310003","geometry":{"type":"Point","coordinates":[127.2964069,37.068105]},"properties":{"pnu":"4155031028100310003","municipality_code":"41550","municipality":"안성시","district":"안성시","locality":"보개면 이전리","address":"안성시 보개면 이전리 31-3","owner_type":"국유지","owner_label":"국(국토교통부)","manager":"","property_class":"","land_category":"공장용지","area_sqm":559.0,"area_band":"500~1,000㎡","interest_category":"공장용지","solar_candidate":"검토필요","candidate_reason":"지목·면적 기준 1차 검토 대상; 면적 559㎡","priority_score":42,"source":"경기부동산포털 국공유지조회·연속지적도","source_date":"2026-08-11","installed_solar_match":false}},{"type":"Feature","id":"4155034033103830004","geometry":{"type":"Point","coordinates":[127.235467,36.9643048]},"properties":{"pnu":"4155034033103830004","municipality_code":"41550","municipality":"안성시","district":"안성시","locality":"미양면 보체리","address":"안성시 미양면 보체리 383-4","owner_type":"국유지","owner_label":"국(농림수산부)","manager":"","property_class":"","land_category":"공장용지","area_sqm":541.0,"area_band":"500~1,000㎡","interest_category":"공장용지","solar_candidate":"검토필요","candidate_reason":"지목·면적 기준 1차 검토 대상; 면적 541㎡","priority_score":42,"source":"경기부동산포털 국공유지조회·연속지적도","source_date":"2026-08-11","installed_solar_match":false}},{"type":"Feature","id":"4155039021103940001","geometry":{"type":"Point","coordinates":[127.4507817,37.0913594]},"properties":{"pnu":"4155039021103940001","municipality_code":"41550","municipality":"안성시","district":"안성시","locality":"일죽면 월정리","address":"안성시 일죽면 월정리 394-1","owner_type":"국유지","owner_label":"국(건설부)","manager":"","property_class":"","land_category":"도로","area_sqm":52908.0,"area_band":"5,000㎡ 이상","interest_category":"도로","solar_candidate":"검토필요","candidate_reason":"도로점용 및 실제 이용형태 추가 검토 필요; 면적 52,908㎡","priority_score":40,"source":"경기부동산포털 국공유지조회·연속지적도","source_date":"2026-08-11","installed_solar_match":false}},{"type":"Feature","id":"4155038025200680005","geometry":{"type":"Point","coordinates":[127.1093372,37.0339471]},"properties":{"pnu":"4155038025200680005","municipality_code":"41550","municipality":"안성시","district":"안성시","locality":"원곡면 내가천리","address":"안성시 원곡면 내가천리 산68-5","owner_type":"국유지","owner_label":"국(건설교통부)","manager":"","property_class":"","land_category":"도로","area_sqm":28929.0,"area_band":"5,000㎡ 이상","interest_category":"도로","solar_candidate":"검토필요","candidate_reason":"도로점용 및 실제 이용형태 추가 검토 필요; 면적 28,929㎡","priority_score":40,"source":"경기부동산포털 국공유지조회·연속지적도","source_date":"2026-08-11","installed_solar_match":false}},{"type":"Feature","id":"4155025026200260002","geometry":{"type":"Point","coordinates":[127.1539369,36.9950174]},"properties":{"pnu":"4155025026200260002","municipality_code":"41550","municipality":"안성시","district":"안성시","locality":"공도읍 승두리","address":"안성시 공도읍 승두리 산26-2","owner_type":"국유지","owner_label":"국(국토교통부)","manager":"","property_class":"","land_category":"도로","area_sqm":28186.0,"area_band":"5,000㎡ 이상","interest_category":"도로","solar_candidate":"검토필요","candidate_reason":"도로점용 및 실제 이용형태 추가 검토 필요; 면적 28,186㎡","priority_score":40,"source":"경기부동산포털 국공유지조회·연속지적도","source_date":"2026-08-11","installed_solar_match":false}},{"type":"Feature","id":"4155039035200650003","geometry":{"type":"Point","coordinates":[127.4741958,37.0586089]},"properties":{"pnu":"4155039035200650003","municipality_code":"41550","municipality":"안성시","district":"안성시","locality":"일죽면 화봉리","address":"안성시 일죽면 화봉리 산65-3","owner_type":"국유지","owner_label":"국(건설부)","manager":"","property_class":"","land_category":"도로","area_sqm":26921.0,"area_band":"5,000㎡ 이상","interest_category":"도로","solar_candidate":"검토필요","candidate_reason":"도로점용 및 실제 이용형태 추가 검토 필요; 면적 26,921㎡","priority_score":40,"source":"경기부동산포털 국공유지조회·연속지적도","source_date":"2026-08-11","installed_solar_match":false}},{"type":"Feature","id":"4155034033200230029","geometry":{"type":"Point","coordinates":[127.2406634,36.9787341]},"properties":{"pnu":"4155034033200230029","municipality_code":"41550","municipality":"안성시","district":"안성시","locality":"미양면 보체리","address":"안성시 미양면 보체리 산23-29","owner_type":"국유지","owner_label":"국(건설교통부)","manager":"","property_class":"","land_category":"도로","area_sqm":26430.0,"area_band":"5,000㎡ 이상","interest_category":"도로","solar_candidate":"검토필요","candidate_reason":"도로점용 및 실제 이용형태 추가 검토 필요; 면적 26,430㎡","priority_score":40,"source":"경기부동산포털 국공유지조회·연속지적도","source_date":"2026-08-11","installed_solar_match":false}},{"type":"Feature","id":"4155039034100730001","geometry":{"type":"Point","coordinates":[127.4617638,37.0783424]},"properties":{"pnu":"4155039034100730001","municipality_code":"41550","municipality":"안성시","district":"안성시","locality":"일죽면 장암리","address":"안성시 일죽면 장암리 73-1","owner_type":"국유지","owner_label":"국(건설부)","manager":"","property_class":"","land_category":"도로","area_sqm":24495.0,"area_band":"5,000㎡ 이상","interest_category":"도로","solar_candidate":"검토필요","candidate_reason":"도로점용 및 실제 이용형태 추가 검토 필요; 면적 24,495㎡","priority_score":40,"source":"경기부동산포털 국공유지조회·연속지적도","source_date":"2026-08-11","installed_solar_match":false}},{"type":"Feature","id":"4155039021107860001","geometry":{"type":"Point","coordinates":[127.4586226,37.0819767]},"properties":{"pnu":"4155039021107860001","municipality_code":"41550","municipality":"안성시","district":"안성시","locality":"일죽면 월정리","address":"안성시 일죽면 월정리 786-1","owner_type":"국유지","owner_label":"국(건설부)","manager":"","property_class":"","land_category":"도로","area_sqm":23294.0,"area_band":"5,000㎡ 이상","interest_category":"도로","solar_candidate":"검토필요","candidate_reason":"도로점용 및 실제 이용형태 추가 검토 필요; 면적 23,294㎡","priority_score":40,"source":"경기부동산포털 국공유지조회·연속지적도","source_date":"2026-08-11","installed_solar_match":false}},{"type":"Feature","id":"4155039021103550007","geometry":{"type":"Point","coordinates":[127.4514292,37.0894836]},"properties":{"pnu":"4155039021103550007","municipality_code":"41550","municipality":"안성시","district":"안성시","locality":"일죽면 월정리","address":"안성시 일죽면 월정리 355-7","owner_type":"국유지","owner_label":"국(건설부)","manager":"","property_class":"","land_category":"도로","area_sqm":20777.0,"area_band":"5,000㎡ 이상","interest_category":"도로","solar_candidate":"검토필요","candidate_reason":"도로점용 및 실제 이용형태 추가 검토 필요; 면적 20,777㎡","priority_score":40,"source":"경기부동산포털 국공유지조회·연속지적도","source_date":"2026-08-11","installed_solar_match":false}},{"type":"Feature","id":"4155025029108360000","geometry":{"type":"Point","coordinates":[127.1725643,37.0042844]},"properties":{"pnu":"4155025029108360000","municipality_code":"41550","municipality":"안성시","district":"안성시","locality":"공도읍 만정리","address":"안성시 공도읍 만정리 836","owner_type":"국유지","owner_label":"국(국토해양부)","manager":"","property_class":"","land_category":"도로","area_sqm":20190.4,"area_band":"5,000㎡ 이상","interest_category":"도로","solar_candidate":"검토필요","candidate_reason":"도로점용 및 실제 이용형태 추가 검토 필요; 면적 20,190㎡","priority_score":40,"source":"경기부동산포털 국공유지조회·연속지적도","source_date":"2026-08-11","installed_solar_match":false}},{"type":"Feature","id":"4155041023105880000","geometry":{"type":"Point","coordinates":[127.3863964,37.0798888]},"properties":{"pnu":"4155041023105880000","municipality_code":"41550","municipality":"안성시","district":"안성시","locality":"삼죽면 용월리","address":"안성시 삼죽면 용월리 588","owner_type":"국유지","owner_label":"국(건설교통부)","manager":"","property_class":"","land_category":"도로","area_sqm":19264.0,"area_band":"5,000㎡ 이상","interest_category":"도로","solar_candidate":"검토필요","candidate_reason":"도로점용 및 실제 이용형태 추가 검토 필요; 면적 19,264㎡","priority_score":40,"source":"경기부동산포털 국공유지조회·연속지적도","source_date":"2026-08-11","installed_solar_match":false}},{"type":"Feature","id":"4155039021117690000","geometry":{"type":"Point","coordinates":[127.4412517,37.0876706]},"properties":{"pnu":"4155039021117690000","municipality_code":"41550","municipality":"안성시","district":"안성시","locality":"일죽면 월정리","address":"안성시 일죽면 월정리 1769","owner_type":"국유지","owner_label":"국(건설부)","manager":"","property_class":"","land_category":"도로","area_sqm":18953.0,"area_band":"5,000㎡ 이상","interest_category":"도로","solar_candidate":"검토필요","candidate_reason":"도로점용 및 실제 이용형태 추가 검토 필요; 면적 18,953㎡","priority_score":40,"source":"경기부동산포털 국공유지조회·연속지적도","source_date":"2026-08-11","installed_solar_match":false}},{"type":"Feature","id":"4155039021105170001","geometry":{"type":"Point","coordinates":[127.4553589,37.0857539]},"properties":{"pnu":"4155039021105170001","municipality_code":"41550","municipality":"안성시","district":"안성시","locality":"일죽면 월정리","address":"안성시 일죽면 월정리 517-1","owner_type":"국유지","owner_label":"국(건설부)","manager":"","property_class":"","land_category":"도로","area_sqm":18839.0,"area_band":"5,000㎡ 이상","interest_category":"도로","solar_candidate":"검토필요","candidate_reason":"도로점용 및 실제 이용형태 추가 검토 필요; 면적 18,839㎡","priority_score":40,"source":"경기부동산포털 국공유지조회·연속지적도","source_date":"2026-08-11","installed_solar_match":false}},{"type":"Feature","id":"4155034031200180019","geometry":{"type":"Point","coordinates":[127.2390422,36.9802553]},"properties":{"pnu":"4155034031200180019","municipality_code":"41550","municipality":"안성시","district":"안성시","locality":"미양면 갈전리","address":"안성시 미양면 갈전리 산18-19","owner_type":"국유지","owner_label":"국(건설교통부)","manager":"","property_class":"","land_category":"도로","area_sqm":18541.0,"area_band":"5,000㎡ 이상","interest_category":"도로","solar_candidate":"검토필요","candidate_reason":"도로점용 및 실제 이용형태 추가 검토 필요; 면적 18,541㎡","priority_score":40,"source":"경기부동산포털 국공유지조회·연속지적도","source_date":"2026-08-11","installed_solar_match":false}},{"type":"Feature","id":"4155034037106240005","geometry":{"type":"Point","coordinates":[127.2235288,36.9652649]},"properties":{"pnu":"4155034037106240005","municipality_code":"41550","municipality":"안성시","district":"안성시","locality":"미양면 마산리","address":"안성시 미양면 마산리 624-5","owner_type":"국유지","owner_label":"국(농림수산부)","manager":"","property_class":"","land_category":"도로","area_sqm":17929.0,"area_band":"5,000㎡ 이상","interest_category":"도로","solar_candidate":"검토필요","candidate_reason":"도로점용 및 실제 이용형태 추가 검토 필요; 면적 17,929㎡","priority_score":40,"source":"경기부동산포털 국공유지조회·연속지적도","source_date":"2026-08-11","installed_solar_match":false}},{"type":"Feature","id":"4155038026200470001","geometry":{"type":"Point","coordinates":[127.1326584,37.0346476]},"properties":{"pnu":"4155038026200470001","municipality_code":"41550","municipality":"안성시","district":"안성시","locality":"원곡면 외가천리","address":"안성시 원곡면 외가천리 산47-1","owner_type":"국유지","owner_label":"국(건설교통부)","manager":"","property_class":"","land_category":"도로","area_sqm":17428.0,"area_band":"5,000㎡ 이상","interest_category":"도로","solar_candidate":"검토필요","candidate_reason":"도로점용 및 실제 이용형태 추가 검토 필요; 면적 17,428㎡","priority_score":40,"source":"경기부동산포털 국공유지조회·연속지적도","source_date":"2026-08-11","installed_solar_match":false}},{"type":"Feature","id":"4155034033200050001","geometry":{"type":"Point","coordinates":[127.2452012,36.9759185]},"properties":{"pnu":"4155034033200050001","municipality_code":"41550","municipality":"안성시","district":"안성시","locality":"미양면 보체리","address":"안성시 미양면 보체리 산5-1","owner_type":"국유지","owner_label":"국(건설교통부)","manager":"","property_class":"","land_category":"도로","area_sqm":17424.0,"area_band":"5,000㎡ 이상","interest_category":"도로","solar_candidate":"검토필요","candidate_reason":"도로점용 및 실제 이용형태 추가 검토 필요; 면적 17,424㎡","priority_score":40,"source":"경기부동산포털 국공유지조회·연속지적도","source_date":"2026-08-11","installed_solar_match":false}},{"type":"Feature","id":"4155031028104240000","geometry":{"type":"Point","coordinates":[127.2952103,37.0665044]},"properties":{"pnu":"4155031028104240000","municipality_code":"41550","municipality":"안성시","district":"안성시","locality":"보개면 이전리","address":"안성시 보개면 이전리 424","owner_type":"국유지","owner_label":"국(건설부)","manager":"","property_class":"","land_category":"도로","area_sqm":17400.0,"area_band":"5,000㎡ 이상","interest_category":"도로","solar_candidate":"검토필요","candidate_reason":"도로점용 및 실제 이용형태 추가 검토 필요; 면적 17,400㎡","priority_score":40,"source":"경기부동산포털 국공유지조회·연속지적도","source_date":"2026-08-11","installed_solar_match":false}},{"type":"Feature","id":"4155035032103410005","geometry":{"type":"Point","coordinates":[127.2208759,37.0463293]},"properties":{"pnu":"4155035032103410005","municipality_code":"41550","municipality":"안성시","district":"안성시","locality":"대덕면 무능리","address":"안성시 대덕면 무능리 341-5","owner_type":"국유지","owner_label":"국(농림수산부)","manager":"","property_class":"","land_category":"도로","area_sqm":17266.0,"area_band":"5,000㎡ 이상","interest_category":"도로","solar_candidate":"검토필요","candidate_reason":"도로점용 및 실제 이용형태 추가 검토 필요; 면적 17,266㎡","priority_score":40,"source":"경기부동산포털 국공유지조회·연속지적도","source_date":"2026-08-11","installed_solar_match":false}},{"type":"Feature","id":"4155038022201050004","geometry":{"type":"Point","coordinates":[127.1545702,37.0361067]},"properties":{"pnu":"4155038022201050004","municipality_code":"41550","municipality":"안성시","district":"안성시","locality":"원곡면 칠곡리","address":"안성시 원곡면 칠곡리 산105-4","owner_type":"국유지","owner_label":"국(건설교통부)","manager":"","property_class":"","land_category":"도로","area_sqm":16912.0,"area_band":"5,000㎡ 이상","interest_category":"도로","solar_candidate":"검토필요","candidate_reason":"도로점용 및 실제 이용형태 추가 검토 필요; 면적 16,912㎡","priority_score":40,"source":"경기부동산포털 국공유지조회·연속지적도","source_date":"2026-08-11","installed_solar_match":false}},{"type":"Feature","id":"4155039035200760001","geometry":{"type":"Point","coordinates":[127.4710581,37.0674445]},"properties":{"pnu":"4155039035200760001","municipality_code":"41550","municipality":"안성시","district":"안성시","locality":"일죽면 화봉리","address":"안성시 일죽면 화봉리 산76-1","owner_type":"국유지","owner_label":"국(건설부)","manager":"","property_class":"","land_category":"도로","area_sqm":16770.0,"area_band":"5,000㎡ 이상","interest_category":"도로","solar_candidate":"검토필요","candidate_reason":"도로점용 및 실제 이용형태 추가 검토 필요; 면적 16,770㎡","priority_score":40,"source":"경기부동산포털 국공유지조회·연속지적도","source_date":"2026-08-11","installed_solar_match":false}},{"type":"Feature","id":"4155013200103270000","geometry":{"type":"Point","coordinates":[127.2767289,36.9916434]},"properties":{"pnu":"4155013200103270000","municipality_code":"41550","municipality":"안성시","district":"안성시","locality":"발화동","address":"안성시 발화동 327","owner_type":"국유지","owner_label":"국(농림축산식품부)","manager":"","property_class":"","land_category":"도로","area_sqm":16686.0,"area_band":"5,000㎡ 이상","interest_category":"도로","solar_candidate":"검토필요","candidate_reason":"도로점용 및 실제 이용형태 추가 검토 필요; 면적 16,686㎡","priority_score":40,"source":"경기부동산포털 국공유지조회·연속지적도","source_date":"2026-08-11","installed_solar_match":false}},{"type":"Feature","id":"4155033026106660005","geometry":{"type":"Point","coordinates":[127.2261476,36.9390322]},"properties":{"pnu":"4155033026106660005","municipality_code":"41550","municipality":"안성시","district":"안성시","locality":"서운면 현매리","address":"안성시 서운면 현매리 666-5","owner_type":"국유지","owner_label":"국(기획재정부)","manager":"","property_class":"","land_category":"도로","area_sqm":16604.0,"area_band":"5,000㎡ 이상","interest_category":"도로","solar_candidate":"검토필요","candidate_reason":"도로점용 및 실제 이용형태 추가 검토 필요; 면적 16,604㎡","priority_score":40,"source":"경기부동산포털 국공유지조회·연속지적도","source_date":"2026-08-11","installed_solar_match":false}},{"type":"Feature","id":"4155033030100190000","geometry":{"type":"Point","coordinates":[127.2659148,36.9649188]},"properties":{"pnu":"4155033030100190000","municipality_code":"41550","municipality":"안성시","district":"안성시","locality":"서운면 신기리","address":"안성시 서운면 신기리 19","owner_type":"국유지","owner_label":"국(농수산부)","manager":"","property_class":"","land_category":"도로","area_sqm":16467.0,"area_band":"5,000㎡ 이상","interest_category":"도로","solar_candidate":"검토필요","candidate_reason":"도로점용 및 실제 이용형태 추가 검토 필요; 면적 16,467㎡","priority_score":40,"source":"경기부동산포털 국공유지조회·연속지적도","source_date":"2026-08-11","installed_solar_match":false}},{"type":"Feature","id":"4155038027200210002","geometry":{"type":"Point","coordinates":[127.1600909,37.0341247]},"properties":{"pnu":"4155038027200210002","municipality_code":"41550","municipality":"안성시","district":"안성시","locality":"원곡면 반제리","address":"안성시 원곡면 반제리 산21-2","owner_type":"국유지","owner_label":"국(건설교통부)","manager":"","property_class":"","land_category":"도로","area_sqm":16204.0,"area_band":"5,000㎡ 이상","interest_category":"도로","solar_candidate":"검토필요","candidate_reason":"도로점용 및 실제 이용형태 추가 검토 필요; 면적 16,204㎡","priority_score":40,"source":"경기부동산포털 국공유지조회·연속지적도","source_date":"2026-08-11","installed_solar_match":false}},{"type":"Feature","id":"4155039035108570001","geometry":{"type":"Point","coordinates":[127.4686976,37.070359]},"properties":{"pnu":"4155039035108570001","municipality_code":"41550","municipality":"안성시","district":"안성시","locality":"일죽면 화봉리","address":"안성시 일죽면 화봉리 857-1","owner_type":"국유지","owner_label":"국(건설부)","manager":"","property_class":"","land_category":"도로","area_sqm":15803.0,"area_band":"5,000㎡ 이상","interest_category":"도로","solar_candidate":"검토필요","candidate_reason":"도로점용 및 실제 이용형태 추가 검토 필요; 면적 15,803㎡","priority_score":40,"source":"경기부동산포털 국공유지조회·연속지적도","source_date":"2026-08-11","installed_solar_match":false}},{"type":"Feature","id":"4155039021105620001","geometry":{"type":"Point","coordinates":[127.4508123,37.0878249]},"properties":{"pnu":"4155039021105620001","municipality_code":"41550","municipality":"안성시","district":"안성시","locality":"일죽면 월정리","address":"안성시 일죽면 월정리 562-1","owner_type":"국유지","owner_label":"국(건설부)","manager":"","property_class":"","land_category":"도로","area_sqm":15793.0,"area_band":"5,000㎡ 이상","interest_category":"도로","solar_candidate":"검토필요","candidate_reason":"도로점용 및 실제 이용형태 추가 검토 필요; 면적 15,793㎡","priority_score":40,"source":"경기부동산포털 국공유지조회·연속지적도","source_date":"2026-08-11","installed_solar_match":false}},{"type":"Feature","id":"4155025028101210015","geometry":{"type":"Point","coordinates":[127.1725562,36.9799149]},"properties":{"pnu":"4155025028101210015","municipality_code":"41550","municipality":"안성시","district":"안성시","locality":"공도읍 불당리","address":"안성시 공도읍 불당리 121-15","owner_type":"국유지","owner_label":"국(농림축산식품부)","manager":"","property_class":"","land_category":"도로","area_sqm":15650.0,"area_band":"5,000㎡ 이상","interest_category":"도로","solar_candidate":"검토필요","candidate_reason":"도로점용 및 실제 이용형태 추가 검토 필요; 면적 15,650㎡","priority_score":40,"source":"경기부동산포털 국공유지조회·연속지적도","source_date":"2026-08-11","installed_solar_match":false}},{"type":"Feature","id":"4155034033200210004","geometry":{"type":"Point","coordinates":[127.2424087,36.9765231]},"properties":{"pnu":"4155034033200210004","municipality_code":"41550","municipality":"안성시","district":"안성시","locality":"미양면 보체리","address":"안성시 미양면 보체리 산21-4","owner_type":"국유지","owner_label":"국(건설교통부)","manager":"","property_class":"","land_category":"도로","area_sqm":15455.0,"area_band":"5,000㎡ 이상","interest_category":"도로","solar_candidate":"검토필요","candidate_reason":"도로점용 및 실제 이용형태 추가 검토 필요; 면적 15,455㎡","priority_score":40,"source":"경기부동산포털 국공유지조회·연속지적도","source_date":"2026-08-11","installed_solar_match":false}},{"type":"Feature","id":"4155038027200160021","geometry":{"type":"Point","coordinates":[127.1645557,37.0298284]},"properties":{"pnu":"4155038027200160021","municipality_code":"41550","municipality":"안성시","district":"안성시","locality":"원곡면 반제리","address":"안성시 원곡면 반제리 산16-21","owner_type":"국유지","owner_label":"국(건설교통부)","manager":"","property_class":"","land_category":"도로","area_sqm":15448.0,"area_band":"5,000㎡ 이상","interest_category":"도로","solar_candidate":"검토필요","candidate_reason":"도로점용 및 실제 이용형태 추가 검토 필요; 면적 15,448㎡","priority_score":40,"source":"경기부동산포털 국공유지조회·연속지적도","source_date":"2026-08-11","installed_solar_match":false}},{"type":"Feature","id":"4155040022100300001","geometry":{"type":"Point","coordinates":[127.445736,37.1007703]},"properties":{"pnu":"4155040022100300001","municipality_code":"41550","municipality":"안성시","district":"안성시","locality":"죽산면 매산리","address":"안성시 죽산면 매산리 30-1","owner_type":"국유지","owner_label":"국(건설부)","manager":"","property_class":"","land_category":"도로","area_sqm":15285.0,"area_band":"5,000㎡ 이상","interest_category":"도로","solar_candidate":"검토필요","candidate_reason":"도로점용 및 실제 이용형태 추가 검토 필요; 면적 15,285㎡","priority_score":40,"source":"경기부동산포털 국공유지조회·연속지적도","source_date":"2026-08-11","installed_solar_match":false}},{"type":"Feature","id":"4155035030106890002","geometry":{"type":"Point","coordinates":[127.2265975,36.9981827]},"properties":{"pnu":"4155035030106890002","municipality_code":"41550","municipality":"안성시","district":"안성시","locality":"대덕면 죽리","address":"안성시 대덕면 죽리 689-2","owner_type":"국유지","owner_label":"국(건설교통부)","manager":"","property_class":"","land_category":"도로","area_sqm":15155.0,"area_band":"5,000㎡ 이상","interest_category":"도로","solar_candidate":"검토필요","candidate_reason":"도로점용 및 실제 이용형태 추가 검토 필요; 면적 15,155㎡","priority_score":40,"source":"경기부동산포털 국공유지조회·연속지적도","source_date":"2026-08-11","installed_solar_match":false}},{"type":"Feature","id":"4155034035100790005","geometry":{"type":"Point","coordinates":[127.2308185,36.9504013]},"properties":{"pnu":"4155034035100790005","municipality_code":"41550","municipality":"안성시","district":"안성시","locality":"미양면 강덕리","address":"안성시 미양면 강덕리 79-5","owner_type":"국유지","owner_label":"국(농수산부)","manager":"","property_class":"","land_category":"도로","area_sqm":15104.0,"area_band":"5,000㎡ 이상","interest_category":"도로","solar_candidate":"검토필요","candidate_reason":"도로점용 및 실제 이용형태 추가 검토 필요; 면적 15,104㎡","priority_score":40,"source":"경기부동산포털 국공유지조회·연속지적도","source_date":"2026-08-11","installed_solar_match":false}},{"type":"Feature","id":"4155039024106380000","geometry":{"type":"Point","coordinates":[127.4909763,37.082857]},"properties":{"pnu":"4155039024106380000","municipality_code":"41550","municipality":"안성시","district":"안성시","locality":"일죽면 가리","address":"안성시 일죽면 가리 638","owner_type":"국유지","owner_label":"국(농림수산부)","manager":"","property_class":"","land_category":"도로","area_sqm":15000.5,"area_band":"5,000㎡ 이상","interest_category":"도로","solar_candidate":"검토필요","candidate_reason":"도로점용 및 실제 이용형태 추가 검토 필요; 면적 15,000㎡","priority_score":40,"source":"경기부동산포털 국공유지조회·연속지적도","source_date":"2026-08-11","installed_solar_match":false}},{"type":"Feature","id":"4155038027200230001","geometry":{"type":"Point","coordinates":[127.1577544,37.0348509]},"properties":{"pnu":"4155038027200230001","municipality_code":"41550","municipality":"안성시","district":"안성시","locality":"원곡면 반제리","address":"안성시 원곡면 반제리 산23-1","owner_type":"국유지","owner_label":"국(건설교통부)","manager":"","property_class":"","land_category":"도로","area_sqm":14756.0,"area_band":"5,000㎡ 이상","interest_category":"도로","solar_candidate":"검토필요","candidate_reason":"도로점용 및 실제 이용형태 추가 검토 필요; 면적 14,756㎡","priority_score":40,"source":"경기부동산포털 국공유지조회·연속지적도","source_date":"2026-08-11","installed_solar_match":false}},{"type":"Feature","id":"4155038026200340002","geometry":{"type":"Point","coordinates":[127.1394438,37.0338291]},"properties":{"pnu":"4155038026200340002","municipality_code":"41550","municipality":"안성시","district":"안성시","locality":"원곡면 외가천리","address":"안성시 원곡면 외가천리 산34-2","owner_type":"국유지","owner_label":"국(건설부)","manager":"","property_class":"","land_category":"도로","area_sqm":14678.0,"area_band":"5,000㎡ 이상","interest_category":"도로","solar_candidate":"검토필요","candidate_reason":"도로점용 및 실제 이용형태 추가 검토 필요; 면적 14,678㎡","priority_score":40,"source":"경기부동산포털 국공유지조회·연속지적도","source_date":"2026-08-11","installed_solar_match":false}},{"type":"Feature","id":"4155012400105540000","geometry":{"type":"Point","coordinates":[127.2655456,36.9966998]},"properties":{"pnu":"4155012400105540000","municipality_code":"41550","municipality":"안성시","district":"안성시","locality":"도기동","address":"안성시 도기동 554","owner_type":"국유지","owner_label":"국(농림축산식품부)","manager":"","property_class":"","land_category":"도로","area_sqm":14631.0,"area_band":"5,000㎡ 이상","interest_category":"도로","solar_candidate":"검토필요","candidate_reason":"도로점용 및 실제 이용형태 추가 검토 필요; 면적 14,631㎡","priority_score":40,"source":"경기부동산포털 국공유지조회·연속지적도","source_date":"2026-08-11","installed_solar_match":false}},{"type":"Feature","id":"4155038022201030001","geometry":{"type":"Point","coordinates":[127.1562979,37.0356147]},"properties":{"pnu":"4155038022201030001","municipality_code":"41550","municipality":"안성시","district":"안성시","locality":"원곡면 칠곡리","address":"안성시 원곡면 칠곡리 산103-1","owner_type":"국유지","owner_label":"국(건설교통부)","manager":"","property_class":"","land_category":"도로","area_sqm":14389.0,"area_band":"5,000㎡ 이상","interest_category":"도로","solar_candidate":"검토필요","candidate_reason":"도로점용 및 실제 이용형태 추가 검토 필요; 면적 14,389㎡","priority_score":40,"source":"경기부동산포털 국공유지조회·연속지적도","source_date":"2026-08-11","installed_solar_match":false}},{"type":"Feature","id":"4155038026200140001","geometry":{"type":"Point","coordinates":[127.1461633,37.0373512]},"properties":{"pnu":"4155038026200140001","municipality_code":"41550","municipality":"안성시","district":"안성시","locality":"원곡면 외가천리","address":"안성시 원곡면 외가천리 산14-1","owner_type":"국유지","owner_label":"국(건설교통부)","manager":"","property_class":"","land_category":"도로","area_sqm":14195.0,"area_band":"5,000㎡ 이상","interest_category":"도로","solar_candidate":"검토필요","candidate_reason":"도로점용 및 실제 이용형태 추가 검토 필요; 면적 14,195㎡","priority_score":40,"source":"경기부동산포털 국공유지조회·연속지적도","source_date":"2026-08-11","installed_solar_match":false}},{"type":"Feature","id":"4155038023200920002","geometry":{"type":"Point","coordinates":[127.1357498,37.0583677]},"properties":{"pnu":"4155038023200920002","municipality_code":"41550","municipality":"안성시","district":"안성시","locality":"원곡면 지문리","address":"안성시 원곡면 지문리 산92-2","owner_type":"국유지","owner_label":"국(건설부)","manager":"","property_class":"","land_category":"도로","area_sqm":13785.0,"area_band":"5,000㎡ 이상","interest_category":"도로","solar_candidate":"검토필요","candidate_reason":"도로점용 및 실제 이용형태 추가 검토 필요; 면적 13,785㎡","priority_score":40,"source":"경기부동산포털 국공유지조회·연속지적도","source_date":"2026-08-11","installed_solar_match":false}},{"type":"Feature","id":"4155039029200970001","geometry":{"type":"Point","coordinates":[127.4448427,37.1215387]},"properties":{"pnu":"4155039029200970001","municipality_code":"41550","municipality":"안성시","district":"안성시","locality":"일죽면 고은리","address":"안성시 일죽면 고은리 산97-1","owner_type":"국유지","owner_label":"국(건설부)","manager":"","property_class":"","land_category":"도로","area_sqm":13748.0,"area_band":"5,000㎡ 이상","interest_category":"도로","solar_candidate":"검토필요","candidate_reason":"도로점용 및 실제 이용형태 추가 검토 필요; 면적 13,748㎡","priority_score":40,"source":"경기부동산포털 국공유지조회·연속지적도","source_date":"2026-08-11","installed_solar_match":false}},{"type":"Feature","id":"4155041024108030000","geometry":{"type":"Point","coordinates":[127.3728453,37.082854]},"properties":{"pnu":"4155041024108030000","municipality_code":"41550","municipality":"안성시","district":"안성시","locality":"삼죽면 덕산리","address":"안성시 삼죽면 덕산리 803","owner_type":"국유지","owner_label":"국(건설교통부)","manager":"","property_class":"","land_category":"도로","area_sqm":13683.0,"area_band":"5,000㎡ 이상","interest_category":"도로","solar_candidate":"검토필요","candidate_reason":"도로점용 및 실제 이용형태 추가 검토 필요; 면적 13,683㎡","priority_score":40,"source":"경기부동산포털 국공유지조회·연속지적도","source_date":"2026-08-11","installed_solar_match":false}},{"type":"Feature","id":"4155038022201000004","geometry":{"type":"Point","coordinates":[127.159168,37.0374975]},"properties":{"pnu":"4155038022201000004","municipality_code":"41550","municipality":"안성시","district":"안성시","locality":"원곡면 칠곡리","address":"안성시 원곡면 칠곡리 산100-4","owner_type":"국유지","owner_label":"국(건설교통부)","manager":"","property_class":"","land_category":"도로","area_sqm":13671.0,"area_band":"5,000㎡ 이상","interest_category":"도로","solar_candidate":"검토필요","candidate_reason":"도로점용 및 실제 이용형태 추가 검토 필요; 면적 13,671㎡","priority_score":40,"source":"경기부동산포털 국공유지조회·연속지적도","source_date":"2026-08-11","installed_solar_match":false}},{"type":"Feature","id":"4155013200103660000","geometry":{"type":"Point","coordinates":[127.2796945,36.992316]},"properties":{"pnu":"4155013200103660000","municipality_code":"41550","municipality":"안성시","district":"안성시","locality":"발화동","address":"안성시 발화동 366","owner_type":"국유지","owner_label":"국(농림축산식품부)","manager":"","property_class":"","land_category":"도로","area_sqm":13290.3,"area_band":"5,000㎡ 이상","interest_category":"도로","solar_candidate":"검토필요","candidate_reason":"도로점용 및 실제 이용형태 추가 검토 필요; 면적 13,290㎡","priority_score":40,"source":"경기부동산포털 국공유지조회·연속지적도","source_date":"2026-08-11","installed_solar_match":false}},{"type":"Feature","id":"4155032024200690000","geometry":{"type":"Point","coordinates":[127.3269863,36.9481726]},"properties":{"pnu":"4155032024200690000","municipality_code":"41550","municipality":"안성시","district":"안성시","locality":"금광면 상중리","address":"안성시 금광면 상중리 산69","owner_type":"국유지","owner_label":"국(건설부)","manager":"","property_class":"","land_category":"도로","area_sqm":13136.0,"area_band":"5,000㎡ 이상","interest_category":"도로","solar_candidate":"검토필요","candidate_reason":"도로점용 및 실제 이용형태 추가 검토 필요; 면적 13,136㎡","priority_score":40,"source":"경기부동산포털 국공유지조회·연속지적도","source_date":"2026-08-11","installed_solar_match":false}},{"type":"Feature","id":"4155010100100920000","geometry":{"type":"Point","coordinates":[127.2798515,37.0055931]},"properties":{"pnu":"4155010100100920000","municipality_code":"41550","municipality":"안성시","district":"안성시","locality":"봉산동","address":"안성시 봉산동 92","owner_type":"국유지","owner_label":"국(건설부)","manager":"","property_class":"","land_category":"도로","area_sqm":12983.5,"area_band":"5,000㎡ 이상","interest_category":"도로","solar_candidate":"검토필요","candidate_reason":"도로점용 및 실제 이용형태 추가 검토 필요; 면적 12,984㎡","priority_score":40,"source":"경기부동산포털 국공유지조회·연속지적도","source_date":"2026-08-11","installed_solar_match":false}},{"type":"Feature","id":"4155039029201290006","geometry":{"type":"Point","coordinates":[127.4451863,37.1129286]},"properties":{"pnu":"4155039029201290006","municipality_code":"41550","municipality":"안성시","district":"안성시","locality":"일죽면 고은리","address":"안성시 일죽면 고은리 산129-6","owner_type":"국유지","owner_label":"국(건설부)","manager":"","property_class":"","land_category":"도로","area_sqm":12865.0,"area_band":"5,000㎡ 이상","interest_category":"도로","solar_candidate":"검토필요","candidate_reason":"도로점용 및 실제 이용형태 추가 검토 필요; 면적 12,865㎡","priority_score":40,"source":"경기부동산포털 국공유지조회·연속지적도","source_date":"2026-08-11","installed_solar_match":false}},{"type":"Feature","id":"4155039021117760000","geometry":{"type":"Point","coordinates":[127.4470672,37.0878048]},"properties":{"pnu":"4155039021117760000","municipality_code":"41550","municipality":"안성시","district":"안성시","locality":"일죽면 월정리","address":"안성시 일죽면 월정리 1776","owner_type":"국유지","owner_label":"국(농림수산부)","manager":"","property_class":"","land_category":"도로","area_sqm":12859.0,"area_band":"5,000㎡ 이상","interest_category":"도로","solar_candidate":"검토필요","candidate_reason":"도로점용 및 실제 이용형태 추가 검토 필요; 면적 12,859㎡","priority_score":40,"source":"경기부동산포털 국공유지조회·연속지적도","source_date":"2026-08-11","installed_solar_match":false}},{"type":"Feature","id":"4155040025109550001","geometry":{"type":"Point","coordinates":[127.3945442,37.0705777]},"properties":{"pnu":"4155040025109550001","municipality_code":"41550","municipality":"안성시","district":"안성시","locality":"죽산면 장능리","address":"안성시 죽산면 장능리 955-1","owner_type":"국유지","owner_label":"국(건설교통부)","manager":"","property_class":"","land_category":"도로","area_sqm":12809.0,"area_band":"5,000㎡ 이상","interest_category":"도로","solar_candidate":"검토필요","candidate_reason":"도로점용 및 실제 이용형태 추가 검토 필요; 면적 12,809㎡","priority_score":40,"source":"경기부동산포털 국공유지조회·연속지적도","source_date":"2026-08-11","installed_solar_match":false}},{"type":"Feature","id":"4155039035200590001","geometry":{"type":"Point","coordinates":[127.4747855,37.0551766]},"properties":{"pnu":"4155039035200590001","municipality_code":"41550","municipality":"안성시","district":"안성시","locality":"일죽면 화봉리","address":"안성시 일죽면 화봉리 산59-1","owner_type":"국유지","owner_label":"국(건설부)","manager":"","property_class":"","land_category":"도로","area_sqm":12751.0,"area_band":"5,000㎡ 이상","interest_category":"도로","solar_candidate":"검토필요","candidate_reason":"도로점용 및 실제 이용형태 추가 검토 필요; 면적 12,751㎡","priority_score":40,"source":"경기부동산포털 국공유지조회·연속지적도","source_date":"2026-08-11","installed_solar_match":false}},{"type":"Feature","id":"4155039029200230011","geometry":{"type":"Point","coordinates":[127.4407054,37.1375965]},"properties":{"pnu":"4155039029200230011","municipality_code":"41550","municipality":"안성시","district":"안성시","locality":"일죽면 고은리","address":"안성시 일죽면 고은리 산23-11","owner_type":"국유지","owner_label":"국(건설부)","manager":"","property_class":"","land_category":"도로","area_sqm":12738.0,"area_band":"5,000㎡ 이상","interest_category":"도로","solar_candidate":"검토필요","candidate_reason":"도로점용 및 실제 이용형태 추가 검토 필요; 면적 12,738㎡","priority_score":40,"source":"경기부동산포털 국공유지조회·연속지적도","source_date":"2026-08-11","installed_solar_match":false}},{"type":"Feature","id":"4155038021104560000","geometry":{"type":"Point","coordinates":[127.1633753,37.0711317]},"properties":{"pnu":"4155038021104560000","municipality_code":"41550","municipality":"안성시","district":"안성시","locality":"원곡면 성은리","address":"안성시 원곡면 성은리 456","owner_type":"국유지","owner_label":"국(건설교통부)","manager":"","property_class":"","land_category":"도로","area_sqm":12658.0,"area_band":"5,000㎡ 이상","interest_category":"도로","solar_candidate":"검토필요","candidate_reason":"도로점용 및 실제 이용형태 추가 검토 필요; 면적 12,658㎡","priority_score":40,"source":"경기부동산포털 국공유지조회·연속지적도","source_date":"2026-08-11","installed_solar_match":false}},{"type":"Feature","id":"4155038027201480002","geometry":{"type":"Point","coordinates":[127.149545,37.0066219]},"properties":{"pnu":"4155038027201480002","municipality_code":"41550","municipality":"안성시","district":"안성시","locality":"원곡면 반제리","address":"안성시 원곡면 반제리 산148-2","owner_type":"국유지","owner_label":"국(건설부)","manager":"","property_class":"","land_category":"도로","area_sqm":12595.0,"area_band":"5,000㎡ 이상","interest_category":"도로","solar_candidate":"검토필요","candidate_reason":"도로점용 및 실제 이용형태 추가 검토 필요; 면적 12,595㎡","priority_score":40,"source":"경기부동산포털 국공유지조회·연속지적도","source_date":"2026-08-11","installed_solar_match":false}},{"type":"Feature","id":"4155039021103160001","geometry":{"type":"Point","coordinates":[127.4471742,37.0954849]},"properties":{"pnu":"4155039021103160001","municipality_code":"41550","municipality":"안성시","district":"안성시","locality":"일죽면 월정리","address":"안성시 일죽면 월정리 316-1","owner_type":"국유지","owner_label":"국(건설부)","manager":"","property_class":"","land_category":"도로","area_sqm":12591.0,"area_band":"5,000㎡ 이상","interest_category":"도로","solar_candidate":"검토필요","candidate_reason":"도로점용 및 실제 이용형태 추가 검토 필요; 면적 12,591㎡","priority_score":40,"source":"경기부동산포털 국공유지조회·연속지적도","source_date":"2026-08-11","installed_solar_match":false}},{"type":"Feature","id":"4155038027200180006","geometry":{"type":"Point","coordinates":[127.1612685,37.0329089]},"properties":{"pnu":"4155038027200180006","municipality_code":"41550","municipality":"안성시","district":"안성시","locality":"원곡면 반제리","address":"안성시 원곡면 반제리 산18-6","owner_type":"국유지","owner_label":"국(건설교통부)","manager":"","property_class":"","land_category":"도로","area_sqm":12565.0,"area_band":"5,000㎡ 이상","interest_category":"도로","solar_candidate":"검토필요","candidate_reason":"도로점용 및 실제 이용형태 추가 검토 필요; 면적 12,565㎡","priority_score":40,"source":"경기부동산포털 국공유지조회·연속지적도","source_date":"2026-08-11","installed_solar_match":false}},{"type":"Feature","id":"4155025026107610003","geometry":{"type":"Point","coordinates":[127.1551332,36.993891]},"properties":{"pnu":"4155025026107610003","municipality_code":"41550","municipality":"안성시","district":"안성시","locality":"공도읍 승두리","address":"안성시 공도읍 승두리 761-3","owner_type":"국유지","owner_label":"국(국토교통부)","manager":"","property_class":"","land_category":"도로","area_sqm":12526.0,"area_band":"5,000㎡ 이상","interest_category":"도로","solar_candidate":"검토필요","candidate_reason":"도로점용 및 실제 이용형태 추가 검토 필요; 면적 12,526㎡","priority_score":40,"source":"경기부동산포털 국공유지조회·연속지적도","source_date":"2026-08-11","installed_solar_match":false}},{"type":"Feature","id":"4155040028108880000","geometry":{"type":"Point","coordinates":[127.4089492,37.0171508]},"properties":{"pnu":"4155040028108880000","municipality_code":"41550","municipality":"안성시","district":"안성시","locality":"죽산면 칠장리","address":"안성시 죽산면 칠장리 888","owner_type":"국유지","owner_label":"국(건설교통부)","manager":"","property_class":"","land_category":"도로","area_sqm":12523.0,"area_band":"5,000㎡ 이상","interest_category":"도로","solar_candidate":"검토필요","candidate_reason":"도로점용 및 실제 이용형태 추가 검토 필요; 면적 12,523㎡","priority_score":40,"source":"경기부동산포털 국공유지조회·연속지적도","source_date":"2026-08-11","installed_solar_match":false}},{"type":"Feature","id":"4155039030108880000","geometry":{"type":"Point","coordinates":[127.4597499,37.1114868]},"properties":{"pnu":"4155039030108880000","municipality_code":"41550","municipality":"안성시","district":"안성시","locality":"일죽면 화곡리","address":"안성시 일죽면 화곡리 888","owner_type":"국유지","owner_label":"국(건설교통부)","manager":"","property_class":"","land_category":"도로","area_sqm":12125.0,"area_band":"5,000㎡ 이상","interest_category":"도로","solar_candidate":"검토필요","candidate_reason":"도로점용 및 실제 이용형태 추가 검토 필요; 면적 12,125㎡","priority_score":40,"source":"경기부동산포털 국공유지조회·연속지적도","source_date":"2026-08-11","installed_solar_match":false}},{"type":"Feature","id":"4155040027201550004","geometry":{"type":"Point","coordinates":[127.4380879,37.040043]},"properties":{"pnu":"4155040027201550004","municipality_code":"41550","municipality":"안성시","district":"안성시","locality":"죽산면 용설리","address":"안성시 죽산면 용설리 산155-4","owner_type":"국유지","owner_label":"국(건설교통부)","manager":"","property_class":"","land_category":"도로","area_sqm":12092.0,"area_band":"5,000㎡ 이상","interest_category":"도로","solar_candidate":"검토필요","candidate_reason":"도로점용 및 실제 이용형태 추가 검토 필요; 면적 12,092㎡","priority_score":40,"source":"경기부동산포털 국공유지조회·연속지적도","source_date":"2026-08-11","installed_solar_match":false}},{"type":"Feature","id":"4155040023200070004","geometry":{"type":"Point","coordinates":[127.4379698,37.0723534]},"properties":{"pnu":"4155040023200070004","municipality_code":"41550","municipality":"안성시","district":"안성시","locality":"죽산면 장원리","address":"안성시 죽산면 장원리 산7-4","owner_type":"국유지","owner_label":"국(건설교통부)","manager":"","property_class":"","land_category":"도로","area_sqm":12072.0,"area_band":"5,000㎡ 이상","interest_category":"도로","solar_candidate":"검토필요","candidate_reason":"도로점용 및 실제 이용형태 추가 검토 필요; 면적 12,072㎡","priority_score":40,"source":"경기부동산포털 국공유지조회·연속지적도","source_date":"2026-08-11","installed_solar_match":false}},{"type":"Feature","id":"4155025022106100000","geometry":{"type":"Point","coordinates":[127.1882629,36.9802164]},"properties":{"pnu":"4155025022106100000","municipality_code":"41550","municipality":"안성시","district":"안성시","locality":"공도읍 웅교리","address":"안성시 공도읍 웅교리 610","owner_type":"국유지","owner_label":"국(건설부)","manager":"","property_class":"","land_category":"도로","area_sqm":11898.0,"area_band":"5,000㎡ 이상","interest_category":"도로","solar_candidate":"검토필요","candidate_reason":"도로점용 및 실제 이용형태 추가 검토 필요; 면적 11,898㎡","priority_score":40,"source":"경기부동산포털 국공유지조회·연속지적도","source_date":"2026-08-11","installed_solar_match":true,"installed_solar_count":1,"installed_solar_area_sqm":21.8,"installed_solar_analysis_years":["2024"],"installed_solar_types":["개인주택"],"installed_solar_permit_status_counts":{"N":1}}},{"type":"Feature","id":"4155034027103930001","geometry":{"type":"Point","coordinates":[127.2145462,36.9591264]},"properties":{"pnu":"4155034027103930001","municipality_code":"41550","municipality":"안성시","district":"안성시","locality":"미양면 고지리","address":"안성시 미양면 고지리 393-1","owner_type":"국유지","owner_label":"국(농림수산부)","manager":"","property_class":"","land_category":"도로","area_sqm":11646.0,"area_band":"5,000㎡ 이상","interest_category":"도로","solar_candidate":"검토필요","candidate_reason":"도로점용 및 실제 이용형태 추가 검토 필요; 면적 11,646㎡","priority_score":40,"source":"경기부동산포털 국공유지조회·연속지적도","source_date":"2026-08-11","installed_solar_match":false}},{"type":"Feature","id":"4155040029200790002","geometry":{"type":"Point","coordinates":[127.4440156,37.0295206]},"properties":{"pnu":"4155040029200790002","municipality_code":"41550","municipality":"안성시","district":"안성시","locality":"죽산면 당목리","address":"안성시 죽산면 당목리 산79-2","owner_type":"국유지","owner_label":"국(국토해양부)","manager":"","property_class":"","land_category":"도로","area_sqm":11622.0,"area_band":"5,000㎡ 이상","interest_category":"도로","solar_candidate":"검토필요","candidate_reason":"도로점용 및 실제 이용형태 추가 검토 필요; 면적 11,622㎡","priority_score":40,"source":"경기부동산포털 국공유지조회·연속지적도","source_date":"2026-08-11","installed_solar_match":false}},{"type":"Feature","id":"4155039023110220000","geometry":{"type":"Point","coordinates":[127.4460078,37.0748794]},"properties":{"pnu":"4155039023110220000","municipality_code":"41550","municipality":"안성시","district":"안성시","locality":"일죽면 죽림리","address":"안성시 일죽면 죽림리 1022","owner_type":"국유지","owner_label":"국(농림수산부)","manager":"","property_class":"","land_category":"도로","area_sqm":11621.0,"area_band":"5,000㎡ 이상","interest_category":"도로","solar_candidate":"검토필요","candidate_reason":"도로점용 및 실제 이용형태 추가 검토 필요; 면적 11,621㎡","priority_score":40,"source":"경기부동산포털 국공유지조회·연속지적도","source_date":"2026-08-11","installed_solar_match":false}},{"type":"Feature","id":"4155013300104950001","geometry":{"type":"Point","coordinates":[127.2789871,36.9800473]},"properties":{"pnu":"4155013300104950001","municipality_code":"41550","municipality":"안성시","district":"안성시","locality":"중리동","address":"안성시 중리동 495-1","owner_type":"국유지","owner_label":"국(농림수산부)","manager":"","property_class":"","land_category":"도로","area_sqm":11604.0,"area_band":"5,000㎡ 이상","interest_category":"도로","solar_candidate":"검토필요","candidate_reason":"도로점용 및 실제 이용형태 추가 검토 필요; 면적 11,604㎡","priority_score":40,"source":"경기부동산포털 국공유지조회·연속지적도","source_date":"2026-08-11","installed_solar_match":false}},{"type":"Feature","id":"4155038026200340003","geometry":{"type":"Point","coordinates":[127.1384793,37.033917]},"properties":{"pnu":"4155038026200340003","municipality_code":"41550","municipality":"안성시","district":"안성시","locality":"원곡면 외가천리","address":"안성시 원곡면 외가천리 산34-3","owner_type":"국유지","owner_label":"국(건설교통부)","manager":"","property_class":"","land_category":"도로","area_sqm":11505.0,"area_band":"5,000㎡ 이상","interest_category":"도로","solar_candidate":"검토필요","candidate_reason":"도로점용 및 실제 이용형태 추가 검토 필요; 면적 11,505㎡","priority_score":40,"source":"경기부동산포털 국공유지조회·연속지적도","source_date":"2026-08-11","installed_solar_match":false}},{"type":"Feature","id":"4155032028113960012","geometry":{"type":"Point","coordinates":[127.3639849,36.9955968]},"properties":{"pnu":"4155032028113960012","municipality_code":"41550","municipality":"안성시","district":"안성시","locality":"금광면 사흥리","address":"안성시 금광면 사흥리 1396-12","owner_type":"국유지","owner_label":"국(건설부)","manager":"","property_class":"","land_category":"도로","area_sqm":11499.0,"area_band":"5,000㎡ 이상","interest_category":"도로","solar_candidate":"검토필요","candidate_reason":"도로점용 및 실제 이용형태 추가 검토 필요; 면적 11,499㎡","priority_score":40,"source":"경기부동산포털 국공유지조회·연속지적도","source_date":"2026-08-11","installed_solar_match":false}},{"type":"Feature","id":"4155038022200970003","geometry":{"type":"Point","coordinates":[127.1604905,37.0352343]},"properties":{"pnu":"4155038022200970003","municipality_code":"41550","municipality":"안성시","district":"안성시","locality":"원곡면 칠곡리","address":"안성시 원곡면 칠곡리 산97-3","owner_type":"국유지","owner_label":"국(건설교통부)","manager":"","property_class":"","land_category":"도로","area_sqm":11371.0,"area_band":"5,000㎡ 이상","interest_category":"도로","solar_candidate":"검토필요","candidate_reason":"도로점용 및 실제 이용형태 추가 검토 필요; 면적 11,371㎡","priority_score":40,"source":"경기부동산포털 국공유지조회·연속지적도","source_date":"2026-08-11","installed_solar_match":false}},{"type":"Feature","id":"4155033028101750010","geometry":{"type":"Point","coordinates":[127.2470152,36.9188647]},"properties":{"pnu":"4155033028101750010","municipality_code":"41550","municipality":"안성시","district":"안성시","locality":"서운면 신흥리","address":"안성시 서운면 신흥리 175-10","owner_type":"국유지","owner_label":"국(건설교통부)","manager":"","property_class":"","land_category":"도로","area_sqm":11301.0,"area_band":"5,000㎡ 이상","interest_category":"도로","solar_candidate":"검토필요","candidate_reason":"도로점용 및 실제 이용형태 추가 검토 필요; 면적 11,301㎡","priority_score":40,"source":"경기부동산포털 국공유지조회·연속지적도","source_date":"2026-08-11","installed_solar_match":false}},{"type":"Feature","id":"4155039035107210001","geometry":{"type":"Point","coordinates":[127.473798,37.0615563]},"properties":{"pnu":"4155039035107210001","municipality_code":"41550","municipality":"안성시","district":"안성시","locality":"일죽면 화봉리","address":"안성시 일죽면 화봉리 721-1","owner_type":"국유지","owner_label":"국(건설부)","manager":"","property_class":"","land_category":"도로","area_sqm":11278.0,"area_band":"5,000㎡ 이상","interest_category":"도로","solar_candidate":"검토필요","candidate_reason":"도로점용 및 실제 이용형태 추가 검토 필요; 면적 11,278㎡","priority_score":40,"source":"경기부동산포털 국공유지조회·연속지적도","source_date":"2026-08-11","installed_solar_match":false}},{"type":"Feature","id":"4155031038113790000","geometry":{"type":"Point","coordinates":[127.3091338,37.0815931]},"properties":{"pnu":"4155031038113790000","municipality_code":"41550","municipality":"안성시","district":"안성시","locality":"보개면 남풍리","address":"안성시 보개면 남풍리 1379","owner_type":"국유지","owner_label":"국(건설교통부)","manager":"","property_class":"","land_category":"도로","area_sqm":11254.0,"area_band":"5,000㎡ 이상","interest_category":"도로","solar_candidate":"검토필요","candidate_reason":"도로점용 및 실제 이용형태 추가 검토 필요; 면적 11,254㎡","priority_score":40,"source":"경기부동산포털 국공유지조회·연속지적도","source_date":"2026-08-11","installed_solar_match":false}},{"type":"Feature","id":"4155038026200390001","geometry":{"type":"Point","coordinates":[127.13588,37.0355001]},"properties":{"pnu":"4155038026200390001","municipality_code":"41550","municipality":"안성시","district":"안성시","locality":"원곡면 외가천리","address":"안성시 원곡면 외가천리 산39-1","owner_type":"국유지","owner_label":"국(건설교통부)","manager":"","property_class":"","land_category":"도로","area_sqm":11210.0,"area_band":"5,000㎡ 이상","interest_category":"도로","solar_candidate":"검토필요","candidate_reason":"도로점용 및 실제 이용형태 추가 검토 필요; 면적 11,210㎡","priority_score":40,"source":"경기부동산포털 국공유지조회·연속지적도","source_date":"2026-08-11","installed_solar_match":false}},{"type":"Feature","id":"4155038025200630005","geometry":{"type":"Point","coordinates":[127.1083371,37.0345924]},"properties":{"pnu":"4155038025200630005","municipality_code":"41550","municipality":"안성시","district":"안성시","locality":"원곡면 내가천리","address":"안성시 원곡면 내가천리 산63-5","owner_type":"국유지","owner_label":"국(건설교통부)","manager":"","property_class":"","land_category":"도로","area_sqm":11193.0,"area_band":"5,000㎡ 이상","interest_category":"도로","solar_candidate":"검토필요","candidate_reason":"도로점용 및 실제 이용형태 추가 검토 필요; 면적 11,193㎡","priority_score":40,"source":"경기부동산포털 국공유지조회·연속지적도","source_date":"2026-08-11","installed_solar_match":false}},{"type":"Feature","id":"4155040027201650002","geometry":{"type":"Point","coordinates":[127.4377301,37.044398]},"properties":{"pnu":"4155040027201650002","municipality_code":"41550","municipality":"안성시","district":"안성시","locality":"죽산면 용설리","address":"안성시 죽산면 용설리 산165-2","owner_type":"국유지","owner_label":"국(건설교통부)","manager":"","property_class":"","land_category":"도로","area_sqm":11066.0,"area_band":"5,000㎡ 이상","interest_category":"도로","solar_candidate":"검토필요","candidate_reason":"도로점용 및 실제 이용형태 추가 검토 필요; 면적 11,066㎡","priority_score":40,"source":"경기부동산포털 국공유지조회·연속지적도","source_date":"2026-08-11","installed_solar_match":false}},{"type":"Feature","id":"4155039021102320001","geometry":{"type":"Point","coordinates":[127.4482013,37.0940226]},"properties":{"pnu":"4155039021102320001","municipality_code":"41550","municipality":"안성시","district":"안성시","locality":"일죽면 월정리","address":"안성시 일죽면 월정리 232-1","owner_type":"국유지","owner_label":"국(건설부)","manager":"","property_class":"","land_category":"도로","area_sqm":11062.0,"area_band":"5,000㎡ 이상","interest_category":"도로","solar_candidate":"검토필요","candidate_reason":"도로점용 및 실제 이용형태 추가 검토 필요; 면적 11,062㎡","priority_score":40,"source":"경기부동산포털 국공유지조회·연속지적도","source_date":"2026-08-11","installed_solar_match":false}},{"type":"Feature","id":"4155040021107410000","geometry":{"type":"Point","coordinates":[127.4270124,37.076372]},"properties":{"pnu":"4155040021107410000","municipality_code":"41550","municipality":"안성시","district":"안성시","locality":"죽산면 죽산리","address":"안성시 죽산면 죽산리 741","owner_type":"국유지","owner_label":"국(건설부)","manager":"","property_class":"","land_category":"도로","area_sqm":11039.0,"area_band":"5,000㎡ 이상","interest_category":"도로","solar_candidate":"검토필요","candidate_reason":"도로점용 및 실제 이용형태 추가 검토 필요; 면적 11,039㎡","priority_score":40,"source":"경기부동산포털 국공유지조회·연속지적도","source_date":"2026-08-11","installed_solar_match":false}},{"type":"Feature","id":"4155040021107530000","geometry":{"type":"Point","coordinates":[127.4241285,37.0753497]},"properties":{"pnu":"4155040021107530000","municipality_code":"41550","municipality":"안성시","district":"안성시","locality":"죽산면 죽산리","address":"안성시 죽산면 죽산리 753","owner_type":"국유지","owner_label":"국(건설부)","manager":"","property_class":"","land_category":"도로","area_sqm":10945.0,"area_band":"5,000㎡ 이상","interest_category":"도로","solar_candidate":"검토필요","candidate_reason":"도로점용 및 실제 이용형태 추가 검토 필요; 면적 10,945㎡","priority_score":40,"source":"경기부동산포털 국공유지조회·연속지적도","source_date":"2026-08-11","installed_solar_match":true,"installed_solar_count":1,"installed_solar_area_sqm":23.0,"installed_solar_analysis_years":["2024"],"installed_solar_types":["개인주택"],"installed_solar_permit_status_counts":{"N":1}}},{"type":"Feature","id":"4155040024105840000","geometry":{"type":"Point","coordinates":[127.4009238,37.070404]},"properties":{"pnu":"4155040024105840000","municipality_code":"41550","municipality":"안성시","district":"안성시","locality":"죽산면 두현리","address":"안성시 죽산면 두현리 584","owner_type":"국유지","owner_label":"국(건설교통부)","manager":"","property_class":"","land_category":"도로","area_sqm":10938.0,"area_band":"5,000㎡ 이상","interest_category":"도로","solar_candidate":"검토필요","candidate_reason":"도로점용 및 실제 이용형태 추가 검토 필요; 면적 10,938㎡","priority_score":40,"source":"경기부동산포털 국공유지조회·연속지적도","source_date":"2026-08-11","installed_solar_match":false}},{"type":"Feature","id":"4155040022110350000","geometry":{"type":"Point","coordinates":[127.4366016,37.1020406]},"properties":{"pnu":"4155040022110350000","municipality_code":"41550","municipality":"안성시","district":"안성시","locality":"죽산면 매산리","address":"안성시 죽산면 매산리 1035","owner_type":"국유지","owner_label":"국(건설교통부)","manager":"","property_class":"","land_category":"도로","area_sqm":10896.0,"area_band":"5,000㎡ 이상","interest_category":"도로","solar_candidate":"검토필요","candidate_reason":"도로점용 및 실제 이용형태 추가 검토 필요; 면적 10,896㎡","priority_score":40,"source":"경기부동산포털 국공유지조회·연속지적도","source_date":"2026-08-11","installed_solar_match":false}},{"type":"Feature","id":"4155039035109120000","geometry":{"type":"Point","coordinates":[127.47697,37.0706941]},"properties":{"pnu":"4155039035109120000","municipality_code":"41550","municipality":"안성시","district":"안성시","locality":"일죽면 화봉리","address":"안성시 일죽면 화봉리 912","owner_type":"국유지","owner_label":"국(건설교통부)","manager":"","property_class":"","land_category":"도로","area_sqm":10863.0,"area_band":"5,000㎡ 이상","interest_category":"도로","solar_candidate":"검토필요","candidate_reason":"도로점용 및 실제 이용형태 추가 검토 필요; 면적 10,863㎡","priority_score":40,"source":"경기부동산포털 국공유지조회·연속지적도","source_date":"2026-08-11","installed_solar_match":false}},{"type":"Feature","id":"4155040029200410002","geometry":{"type":"Point","coordinates":[127.4433898,37.031754]},"properties":{"pnu":"4155040029200410002","municipality_code":"41550","municipality":"안성시","district":"안성시","locality":"죽산면 당목리","address":"안성시 죽산면 당목리 산41-2","owner_type":"국유지","owner_label":"국(건설교통부)","manager":"","property_class":"","land_category":"도로","area_sqm":10857.0,"area_band":"5,000㎡ 이상","interest_category":"도로","solar_candidate":"검토필요","candidate_reason":"도로점용 및 실제 이용형태 추가 검토 필요; 면적 10,857㎡","priority_score":40,"source":"경기부동산포털 국공유지조회·연속지적도","source_date":"2026-08-11","installed_solar_match":false}},{"type":"Feature","id":"4155041024108000000","geometry":{"type":"Point","coordinates":[127.3841673,37.0907806]},"properties":{"pnu":"4155041024108000000","municipality_code":"41550","municipality":"안성시","district":"안성시","locality":"삼죽면 덕산리","address":"안성시 삼죽면 덕산리 800","owner_type":"국유지","owner_label":"국(건설교통부)","manager":"","property_class":"","land_category":"도로","area_sqm":10810.0,"area_band":"5,000㎡ 이상","interest_category":"도로","solar_candidate":"검토필요","candidate_reason":"도로점용 및 실제 이용형태 추가 검토 필요; 면적 10,810㎡","priority_score":40,"source":"경기부동산포털 국공유지조회·연속지적도","source_date":"2026-08-11","installed_solar_match":false}},{"type":"Feature","id":"4155039027200240001","geometry":{"type":"Point","coordinates":[127.4395213,37.142777]},"properties":{"pnu":"4155039027200240001","municipality_code":"41550","municipality":"안성시","district":"안성시","locality":"일죽면 방초리","address":"안성시 일죽면 방초리 산24-1","owner_type":"국유지","owner_label":"국(건설부)","manager":"","property_class":"","land_category":"도로","area_sqm":10806.0,"area_band":"5,000㎡ 이상","interest_category":"도로","solar_candidate":"검토필요","candidate_reason":"도로점용 및 실제 이용형태 추가 검토 필요; 면적 10,806㎡","priority_score":40,"source":"경기부동산포털 국공유지조회·연속지적도","source_date":"2026-08-11","installed_solar_match":false}},{"type":"Feature","id":"4155013300105070002","geometry":{"type":"Point","coordinates":[127.2793901,36.9765237]},"properties":{"pnu":"4155013300105070002","municipality_code":"41550","municipality":"안성시","district":"안성시","locality":"중리동","address":"안성시 중리동 507-2","owner_type":"국유지","owner_label":"국(건설교통부)","manager":"","property_class":"","land_category":"도로","area_sqm":10802.0,"area_band":"5,000㎡ 이상","interest_category":"도로","solar_candidate":"검토필요","candidate_reason":"도로점용 및 실제 이용형태 추가 검토 필요; 면적 10,802㎡","priority_score":40,"source":"경기부동산포털 국공유지조회·연속지적도","source_date":"2026-08-11","installed_solar_match":false}},{"type":"Feature","id":"4155036024101860001","geometry":{"type":"Point","coordinates":[127.2106055,37.065497]},"properties":{"pnu":"4155036024101860001","municipality_code":"41550","municipality":"안성시","district":"안성시","locality":"양성면 추곡리","address":"안성시 양성면 추곡리 186-1","owner_type":"국유지","owner_label":"국(농림수산부)","manager":"","property_class":"","land_category":"도로","area_sqm":10774.0,"area_band":"5,000㎡ 이상","interest_category":"도로","solar_candidate":"검토필요","candidate_reason":"도로점용 및 실제 이용형태 추가 검토 필요; 면적 10,774㎡","priority_score":40,"source":"경기부동산포털 국공유지조회·연속지적도","source_date":"2026-08-11","installed_solar_match":false}},{"type":"Feature","id":"4155039034102220001","geometry":{"type":"Point","coordinates":[127.4652888,37.0742652]},"properties":{"pnu":"4155039034102220001","municipality_code":"41550","municipality":"안성시","district":"안성시","locality":"일죽면 장암리","address":"안성시 일죽면 장암리 222-1","owner_type":"국유지","owner_label":"국(건설부)","manager":"","property_class":"","land_category":"도로","area_sqm":10550.0,"area_band":"5,000㎡ 이상","interest_category":"도로","solar_candidate":"검토필요","candidate_reason":"도로점용 및 실제 이용형태 추가 검토 필요; 면적 10,550㎡","priority_score":40,"source":"경기부동산포털 국공유지조회·연속지적도","source_date":"2026-08-11","installed_solar_match":false}},{"type":"Feature","id":"4155038025102160032","geometry":{"type":"Point","coordinates":[127.1078012,37.0351901]},"properties":{"pnu":"4155038025102160032","municipality_code":"41550","municipality":"안성시","district":"안성시","locality":"원곡면 내가천리","address":"안성시 원곡면 내가천리 216-32","owner_type":"국유지","owner_label":"국(건설교통부)","manager":"","property_class":"","land_category":"도로","area_sqm":10495.0,"area_band":"5,000㎡ 이상","interest_category":"도로","solar_candidate":"검토필요","candidate_reason":"도로점용 및 실제 이용형태 추가 검토 필요; 면적 10,495㎡","priority_score":40,"source":"경기부동산포털 국공유지조회·연속지적도","source_date":"2026-08-11","installed_solar_match":false}},{"type":"Feature","id":"4155039022105500000","geometry":{"type":"Point","coordinates":[127.4911067,37.0928225]},"properties":{"pnu":"4155039022105500000","municipality_code":"41550","municipality":"안성시","district":"안성시","locality":"일죽면 주천리","address":"안성시 일죽면 주천리 550","owner_type":"국유지","owner_label":"국(건설교통부)","manager":"","property_class":"","land_category":"도로","area_sqm":10470.0,"area_band":"5,000㎡ 이상","interest_category":"도로","solar_candidate":"검토필요","candidate_reason":"도로점용 및 실제 이용형태 추가 검토 필요; 면적 10,470㎡","priority_score":40,"source":"경기부동산포털 국공유지조회·연속지적도","source_date":"2026-08-11","installed_solar_match":false}},{"type":"Feature","id":"4155040023200170013","geometry":{"type":"Point","coordinates":[127.4400551,37.0691669]},"properties":{"pnu":"4155040023200170013","municipality_code":"41550","municipality":"안성시","district":"안성시","locality":"죽산면 장원리","address":"안성시 죽산면 장원리 산17-13","owner_type":"국유지","owner_label":"국(건설교통부)","manager":"","property_class":"","land_category":"도로","area_sqm":10448.0,"area_band":"5,000㎡ 이상","interest_category":"도로","solar_candidate":"검토필요","candidate_reason":"도로점용 및 실제 이용형태 추가 검토 필요; 면적 10,448㎡","priority_score":40,"source":"경기부동산포털 국공유지조회·연속지적도","source_date":"2026-08-11","installed_solar_match":false}},{"type":"Feature","id":"4155038026200180004","geometry":{"type":"Point","coordinates":[127.1514523,37.0367193]},"properties":{"pnu":"4155038026200180004","municipality_code":"41550","municipality":"안성시","district":"안성시","locality":"원곡면 외가천리","address":"안성시 원곡면 외가천리 산18-4","owner_type":"국유지","owner_label":"국(건설교통부)","manager":"","property_class":"","land_category":"도로","area_sqm":10438.0,"area_band":"5,000㎡ 이상","interest_category":"도로","solar_candidate":"검토필요","candidate_reason":"도로점용 및 실제 이용형태 추가 검토 필요; 면적 10,438㎡","priority_score":40,"source":"경기부동산포털 국공유지조회·연속지적도","source_date":"2026-08-11","installed_solar_match":false}},{"type":"Feature","id":"4155038026200400001","geometry":{"type":"Point","coordinates":[127.1344771,37.0352343]},"properties":{"pnu":"4155038026200400001","municipality_code":"41550","municipality":"안성시","district":"안성시","locality":"원곡면 외가천리","address":"안성시 원곡면 외가천리 산40-1","owner_type":"국유지","owner_label":"국(건설교통부)","manager":"","property_class":"","land_category":"도로","area_sqm":10433.0,"area_band":"5,000㎡ 이상","interest_category":"도로","solar_candidate":"검토필요","candidate_reason":"도로점용 및 실제 이용형태 추가 검토 필요; 면적 10,433㎡","priority_score":40,"source":"경기부동산포털 국공유지조회·연속지적도","source_date":"2026-08-11","installed_solar_match":false}},{"type":"Feature","id":"4155025030105520000","geometry":{"type":"Point","coordinates":[127.1965502,37.008288]},"properties":{"pnu":"4155025030105520000","municipality_code":"41550","municipality":"안성시","district":"안성시","locality":"공도읍 마정리","address":"안성시 공도읍 마정리 552","owner_type":"국유지","owner_label":"국(건설부)","manager":"","property_class":"","land_category":"도로","area_sqm":10411.0,"area_band":"5,000㎡ 이상","interest_category":"도로","solar_candidate":"검토필요","candidate_reason":"도로점용 및 실제 이용형태 추가 검토 필요; 면적 10,411㎡","priority_score":40,"source":"경기부동산포털 국공유지조회·연속지적도","source_date":"2026-08-11","installed_solar_match":false}},{"type":"Feature","id":"4155038022201150004","geometry":{"type":"Point","coordinates":[127.1522799,37.0369254]},"properties":{"pnu":"4155038022201150004","municipality_code":"41550","municipality":"안성시","district":"안성시","locality":"원곡면 칠곡리","address":"안성시 원곡면 칠곡리 산115-4","owner_type":"국유지","owner_label":"국(건설교통부)","manager":"","property_class":"","land_category":"도로","area_sqm":10121.0,"area_band":"5,000㎡ 이상","interest_category":"도로","solar_candidate":"검토필요","candidate_reason":"도로점용 및 실제 이용형태 추가 검토 필요; 면적 10,121㎡","priority_score":40,"source":"경기부동산포털 국공유지조회·연속지적도","source_date":"2026-08-11","installed_solar_match":false}},{"type":"Feature","id":"4155034027106320002","geometry":{"type":"Point","coordinates":[127.2117378,36.9571296]},"properties":{"pnu":"4155034027106320002","municipality_code":"41550","municipality":"안성시","district":"안성시","locality":"미양면 고지리","address":"안성시 미양면 고지리 632-2","owner_type":"국유지","owner_label":"국(농림수산부)","manager":"","property_class":"","land_category":"도로","area_sqm":10085.0,"area_band":"5,000㎡ 이상","interest_category":"도로","solar_candidate":"검토필요","candidate_reason":"도로점용 및 실제 이용형태 추가 검토 필요; 면적 10,085㎡","priority_score":40,"source":"경기부동산포털 국공유지조회·연속지적도","source_date":"2026-08-11","installed_solar_match":false}},{"type":"Feature","id":"4155038026200010009","geometry":{"type":"Point","coordinates":[127.1379619,37.0395405]},"properties":{"pnu":"4155038026200010009","municipality_code":"41550","municipality":"안성시","district":"안성시","locality":"원곡면 외가천리","address":"안성시 원곡면 외가천리 산1-9","owner_type":"국유지","owner_label":"국(건설교통부)","manager":"","property_class":"","land_category":"도로","area_sqm":10016.0,"area_band":"5,000㎡ 이상","interest_category":"도로","solar_candidate":"검토필요","candidate_reason":"도로점용 및 실제 이용형태 추가 검토 필요; 면적 10,016㎡","priority_score":40,"source":"경기부동산포털 국공유지조회·연속지적도","source_date":"2026-08-11","installed_solar_match":false}},{"type":"Feature","id":"4155038022200990004","geometry":{"type":"Point","coordinates":[127.1599708,37.0366577]},"properties":{"pnu":"4155038022200990004","municipality_code":"41550","municipality":"안성시","district":"안성시","locality":"원곡면 칠곡리","address":"안성시 원곡면 칠곡리 산99-4","owner_type":"국유지","owner_label":"국(건설교통부)","manager":"","property_class":"","land_category":"도로","area_sqm":10014.0,"area_band":"5,000㎡ 이상","interest_category":"도로","solar_candidate":"검토필요","candidate_reason":"도로점용 및 실제 이용형태 추가 검토 필요; 면적 10,014㎡","priority_score":40,"source":"경기부동산포털 국공유지조회·연속지적도","source_date":"2026-08-11","installed_solar_match":false}},{"type":"Feature","id":"4155025026107360002","geometry":{"type":"Point","coordinates":[127.1559598,36.9896227]},"properties":{"pnu":"4155025026107360002","municipality_code":"41550","municipality":"안성시","district":"안성시","locality":"공도읍 승두리","address":"안성시 공도읍 승두리 736-2","owner_type":"국유지","owner_label":"국(건설교통부)","manager":"","property_class":"","land_category":"도로","area_sqm":10013.0,"area_band":"5,000㎡ 이상","interest_category":"도로","solar_candidate":"검토필요","candidate_reason":"도로점용 및 실제 이용형태 추가 검토 필요; 면적 10,013㎡","priority_score":40,"source":"경기부동산포털 국공유지조회·연속지적도","source_date":"2026-08-11","installed_solar_match":false}},{"type":"Feature","id":"4155038026200010013","geometry":{"type":"Point","coordinates":[127.1372602,37.0392613]},"properties":{"pnu":"4155038026200010013","municipality_code":"41550","municipality":"안성시","district":"안성시","locality":"원곡면 외가천리","address":"안성시 원곡면 외가천리 산1-13","owner_type":"국유지","owner_label":"국(건설교통부)","manager":"","property_class":"","land_category":"도로","area_sqm":9971.0,"area_band":"5,000㎡ 이상","interest_category":"도로","solar_candidate":"검토필요","candidate_reason":"도로점용 및 실제 이용형태 추가 검토 필요; 면적 9,971㎡","priority_score":40,"source":"경기부동산포털 국공유지조회·연속지적도","source_date":"2026-08-11","installed_solar_match":false}},{"type":"Feature","id":"4155025029107200000","geometry":{"type":"Point","coordinates":[127.1796319,36.9984227]},"properties":{"pnu":"4155025029107200000","municipality_code":"41550","municipality":"안성시","district":"안성시","locality":"공도읍 만정리","address":"안성시 공도읍 만정리 720","owner_type":"국유지","owner_label":"국(농림부)","manager":"","property_class":"","land_category":"도로","area_sqm":9926.4,"area_band":"5,000㎡ 이상","interest_category":"도로","solar_candidate":"검토필요","candidate_reason":"도로점용 및 실제 이용형태 추가 검토 필요; 면적 9,926㎡","priority_score":40,"source":"경기부동산포털 국공유지조회·연속지적도","source_date":"2026-08-11","installed_solar_match":false}},{"type":"Feature","id":"4155038027200200003","geometry":{"type":"Point","coordinates":[127.1601643,37.0327089]},"properties":{"pnu":"4155038027200200003","municipality_code":"41550","municipality":"안성시","district":"안성시","locality":"원곡면 반제리","address":"안성시 원곡면 반제리 산20-3","owner_type":"국유지","owner_label":"국(건설교통부)","manager":"","property_class":"","land_category":"도로","area_sqm":9896.0,"area_band":"5,000㎡ 이상","interest_category":"도로","solar_candidate":"검토필요","candidate_reason":"도로점용 및 실제 이용형태 추가 검토 필요; 면적 9,896㎡","priority_score":40,"source":"경기부동산포털 국공유지조회·연속지적도","source_date":"2026-08-11","installed_solar_match":false}},{"type":"Feature","id":"4155038027200080001","geometry":{"type":"Point","coordinates":[127.1681696,37.0235504]},"properties":{"pnu":"4155038027200080001","municipality_code":"41550","municipality":"안성시","district":"안성시","locality":"원곡면 반제리","address":"안성시 원곡면 반제리 산8-1","owner_type":"국유지","owner_label":"국(건설교통부)","manager":"","property_class":"","land_category":"도로","area_sqm":9858.0,"area_band":"5,000㎡ 이상","interest_category":"도로","solar_candidate":"검토필요","candidate_reason":"도로점용 및 실제 이용형태 추가 검토 필요; 면적 9,858㎡","priority_score":40,"source":"경기부동산포털 국공유지조회·연속지적도","source_date":"2026-08-11","installed_solar_match":false}},{"type":"Feature","id":"4155040021107860000","geometry":{"type":"Point","coordinates":[127.4274209,37.0748971]},"properties":{"pnu":"4155040021107860000","municipality_code":"41550","municipality":"안성시","district":"안성시","locality":"죽산면 죽산리","address":"안성시 죽산면 죽산리 786","owner_type":"국유지","owner_label":"국(건설부)","manager":"","property_class":"","land_category":"도로","area_sqm":9846.0,"area_band":"5,000㎡ 이상","interest_category":"도로","solar_candidate":"검토필요","candidate_reason":"도로점용 및 실제 이용형태 추가 검토 필요; 면적 9,846㎡","priority_score":40,"source":"경기부동산포털 국공유지조회·연속지적도","source_date":"2026-08-11","installed_solar_match":false}},{"type":"Feature","id":"4155039021107550000","geometry":{"type":"Point","coordinates":[127.4567738,37.0841215]},"properties":{"pnu":"4155039021107550000","municipality_code":"41550","municipality":"안성시","district":"안성시","locality":"일죽면 월정리","address":"안성시 일죽면 월정리 755","owner_type":"국유지","owner_label":"국(건설부)","manager":"","property_class":"","land_category":"도로","area_sqm":9834.0,"area_band":"5,000㎡ 이상","interest_category":"도로","solar_candidate":"검토필요","candidate_reason":"도로점용 및 실제 이용형태 추가 검토 필요; 면적 9,834㎡","priority_score":40,"source":"경기부동산포털 국공유지조회·연속지적도","source_date":"2026-08-11","installed_solar_match":false}},{"type":"Feature","id":"4155039021110130000","geometry":{"type":"Point","coordinates":[127.4594728,37.0877584]},"properties":{"pnu":"4155039021110130000","municipality_code":"41550","municipality":"안성시","district":"안성시","locality":"일죽면 월정리","address":"안성시 일죽면 월정리 1013","owner_type":"국유지","owner_label":"국(건설교통부)","manager":"","property_class":"","land_category":"도로","area_sqm":9817.0,"area_band":"5,000㎡ 이상","interest_category":"도로","solar_candidate":"검토필요","candidate_reason":"도로점용 및 실제 이용형태 추가 검토 필요; 면적 9,817㎡","priority_score":40,"source":"경기부동산포털 국공유지조회·연속지적도","source_date":"2026-08-11","installed_solar_match":false}},{"type":"Feature","id":"4155039029200900008","geometry":{"type":"Point","coordinates":[127.4445262,37.1219727]},"properties":{"pnu":"4155039029200900008","municipality_code":"41550","municipality":"안성시","district":"안성시","locality":"일죽면 고은리","address":"안성시 일죽면 고은리 산90-8","owner_type":"국유지","owner_label":"국(건설부)","manager":"","property_class":"","land_category":"도로","area_sqm":9807.0,"area_band":"5,000㎡ 이상","interest_category":"도로","solar_candidate":"검토필요","candidate_reason":"도로점용 및 실제 이용형태 추가 검토 필요; 면적 9,807㎡","priority_score":40,"source":"경기부동산포털 국공유지조회·연속지적도","source_date":"2026-08-11","installed_solar_match":false}},{"type":"Feature","id":"4155039029201330001","geometry":{"type":"Point","coordinates":[127.4453451,37.1093734]},"properties":{"pnu":"4155039029201330001","municipality_code":"41550","municipality":"안성시","district":"안성시","locality":"일죽면 고은리","address":"안성시 일죽면 고은리 산133-1","owner_type":"국유지","owner_label":"국(건설부)","manager":"","property_class":"","land_category":"도로","area_sqm":9696.0,"area_band":"5,000㎡ 이상","interest_category":"도로","solar_candidate":"검토필요","candidate_reason":"도로점용 및 실제 이용형태 추가 검토 필요; 면적 9,696㎡","priority_score":40,"source":"경기부동산포털 국공유지조회·연속지적도","source_date":"2026-08-11","installed_solar_match":false}},{"type":"Feature","id":"4155033021105090000","geometry":{"type":"Point","coordinates":[127.2653617,36.9408826]},"properties":{"pnu":"4155033021105090000","municipality_code":"41550","municipality":"안성시","district":"안성시","locality":"서운면 인리","address":"안성시 서운면 인리 509","owner_type":"국유지","owner_label":"국(농림축산식품부)","manager":"","property_class":"","land_category":"도로","area_sqm":9692.1,"area_band":"5,000㎡ 이상","interest_category":"도로","solar_candidate":"검토필요","candidate_reason":"도로점용 및 실제 이용형태 추가 검토 필요; 면적 9,692㎡","priority_score":40,"source":"경기부동산포털 국공유지조회·연속지적도","source_date":"2026-08-11","installed_solar_match":false}},{"type":"Feature","id":"4155035034107280000","geometry":{"type":"Point","coordinates":[127.2769873,37.0606925]},"properties":{"pnu":"4155035034107280000","municipality_code":"41550","municipality":"안성시","district":"안성시","locality":"대덕면 삼한리","address":"안성시 대덕면 삼한리 728","owner_type":"국유지","owner_label":"국(농림축산식품부)","manager":"","property_class":"","land_category":"도로","area_sqm":9679.5,"area_band":"5,000㎡ 이상","interest_category":"도로","solar_candidate":"검토필요","candidate_reason":"도로점용 및 실제 이용형태 추가 검토 필요; 면적 9,680㎡","priority_score":40,"source":"경기부동산포털 국공유지조회·연속지적도","source_date":"2026-08-11","installed_solar_match":false}},{"type":"Feature","id":"4155025026104880002","geometry":{"type":"Point","coordinates":[127.1603696,36.9821006]},"properties":{"pnu":"4155025026104880002","municipality_code":"41550","municipality":"안성시","district":"안성시","locality":"공도읍 승두리","address":"안성시 공도읍 승두리 488-2","owner_type":"국유지","owner_label":"국(건설부)","manager":"","property_class":"","land_category":"도로","area_sqm":9672.0,"area_band":"5,000㎡ 이상","interest_category":"도로","solar_candidate":"검토필요","candidate_reason":"도로점용 및 실제 이용형태 추가 검토 필요; 면적 9,672㎡","priority_score":40,"source":"경기부동산포털 국공유지조회·연속지적도","source_date":"2026-08-11","installed_solar_match":false}},{"type":"Feature","id":"4155034023106670000","geometry":{"type":"Point","coordinates":[127.1933241,36.9562055]},"properties":{"pnu":"4155034023106670000","municipality_code":"41550","municipality":"안성시","district":"안성시","locality":"미양면 개정리","address":"안성시 미양면 개정리 667","owner_type":"국유지","owner_label":"국(건설부)","manager":"","property_class":"","land_category":"도로","area_sqm":9661.0,"area_band":"5,000㎡ 이상","interest_category":"도로","solar_candidate":"검토필요","candidate_reason":"도로점용 및 실제 이용형태 추가 검토 필요; 면적 9,661㎡","priority_score":40,"source":"경기부동산포털 국공유지조회·연속지적도","source_date":"2026-08-11","installed_solar_match":false}},{"type":"Feature","id":"4155040029200380002","geometry":{"type":"Point","coordinates":[127.4426871,37.033174]},"properties":{"pnu":"4155040029200380002","municipality_code":"41550","municipality":"안성시","district":"안성시","locality":"죽산면 당목리","address":"안성시 죽산면 당목리 산38-2","owner_type":"국유지","owner_label":"국(건설교통부)","manager":"","property_class":"","land_category":"도로","area_sqm":9625.0,"area_band":"5,000㎡ 이상","interest_category":"도로","solar_candidate":"검토필요","candidate_reason":"도로점용 및 실제 이용형태 추가 검토 필요; 면적 9,625㎡","priority_score":40,"source":"경기부동산포털 국공유지조회·연속지적도","source_date":"2026-08-11","installed_solar_match":false}},{"type":"Feature","id":"4155040027202270011","geometry":{"type":"Point","coordinates":[127.4396348,37.0555582]},"properties":{"pnu":"4155040027202270011","municipality_code":"41550","municipality":"안성시","district":"안성시","locality":"죽산면 용설리","address":"안성시 죽산면 용설리 산227-11","owner_type":"국유지","owner_label":"국(건설교통부)","manager":"","property_class":"","land_category":"도로","area_sqm":9550.0,"area_band":"5,000㎡ 이상","interest_category":"도로","solar_candidate":"검토필요","candidate_reason":"도로점용 및 실제 이용형태 추가 검토 필요; 면적 9,550㎡","priority_score":40,"source":"경기부동산포털 국공유지조회·연속지적도","source_date":"2026-08-11","installed_solar_match":false}},{"type":"Feature","id":"4155041023200850002","geometry":{"type":"Point","coordinates":[127.3911616,37.0738838]},"properties":{"pnu":"4155041023200850002","municipality_code":"41550","municipality":"안성시","district":"안성시","locality":"삼죽면 용월리","address":"안성시 삼죽면 용월리 산85-2","owner_type":"국유지","owner_label":"국(건설교통부)","manager":"","property_class":"","land_category":"도로","area_sqm":9486.0,"area_band":"5,000㎡ 이상","interest_category":"도로","solar_candidate":"검토필요","candidate_reason":"도로점용 및 실제 이용형태 추가 검토 필요; 면적 9,486㎡","priority_score":40,"source":"경기부동산포털 국공유지조회·연속지적도","source_date":"2026-08-11","installed_solar_match":false}},{"type":"Feature","id":"4155025031106330004","geometry":{"type":"Point","coordinates":[127.1487595,36.9978112]},"properties":{"pnu":"4155025031106330004","municipality_code":"41550","municipality":"안성시","district":"안성시","locality":"공도읍 진사리","address":"안성시 공도읍 진사리 633-4","owner_type":"국유지","owner_label":"국(건설부)","manager":"","property_class":"","land_category":"도로","area_sqm":9475.0,"area_band":"5,000㎡ 이상","interest_category":"도로","solar_candidate":"검토필요","candidate_reason":"도로점용 및 실제 이용형태 추가 검토 필요; 면적 9,475㎡","priority_score":40,"source":"경기부동산포털 국공유지조회·연속지적도","source_date":"2026-08-11","installed_solar_match":false}},{"type":"Feature","id":"4155035034107260000","geometry":{"type":"Point","coordinates":[127.2822714,37.0542872]},"properties":{"pnu":"4155035034107260000","municipality_code":"41550","municipality":"안성시","district":"안성시","locality":"대덕면 삼한리","address":"안성시 대덕면 삼한리 726","owner_type":"국유지","owner_label":"국(농림축산식품부)","manager":"","property_class":"","land_category":"도로","area_sqm":9394.7,"area_band":"5,000㎡ 이상","interest_category":"도로","solar_candidate":"검토필요","candidate_reason":"도로점용 및 실제 이용형태 추가 검토 필요; 면적 9,395㎡","priority_score":40,"source":"경기부동산포털 국공유지조회·연속지적도","source_date":"2026-08-11","installed_solar_match":false}},{"type":"Feature","id":"4155038025200610012","geometry":{"type":"Point","coordinates":[127.1086219,37.0387783]},"properties":{"pnu":"4155038025200610012","municipality_code":"41550","municipality":"안성시","district":"안성시","locality":"원곡면 내가천리","address":"안성시 원곡면 내가천리 산61-12","owner_type":"국유지","owner_label":"국(건설교통부)","manager":"","property_class":"","land_category":"도로","area_sqm":9389.0,"area_band":"5,000㎡ 이상","interest_category":"도로","solar_candidate":"검토필요","candidate_reason":"도로점용 및 실제 이용형태 추가 검토 필요; 면적 9,389㎡","priority_score":40,"source":"경기부동산포털 국공유지조회·연속지적도","source_date":"2026-08-11","installed_solar_match":false}},{"type":"Feature","id":"4155041029103030000","geometry":{"type":"Point","coordinates":[127.3496896,37.0312855]},"properties":{"pnu":"4155041029103030000","municipality_code":"41550","municipality":"안성시","district":"안성시","locality":"삼죽면 마전리","address":"안성시 삼죽면 마전리 303","owner_type":"국유지","owner_label":"국(국토교통부)","manager":"","property_class":"","land_category":"도로","area_sqm":9343.0,"area_band":"5,000㎡ 이상","interest_category":"도로","solar_candidate":"검토필요","candidate_reason":"도로점용 및 실제 이용형태 추가 검토 필요; 면적 9,343㎡","priority_score":40,"source":"경기부동산포털 국공유지조회·연속지적도","source_date":"2026-08-11","installed_solar_match":false}},{"type":"Feature","id":"4155038026200380000","geometry":{"type":"Point","coordinates":[127.135976,37.0363334]},"properties":{"pnu":"4155038026200380000","municipality_code":"41550","municipality":"안성시","district":"안성시","locality":"원곡면 외가천리","address":"안성시 원곡면 외가천리 산38","owner_type":"국유지","owner_label":"국(건설교통부)","manager":"","property_class":"","land_category":"도로","area_sqm":9322.0,"area_band":"5,000㎡ 이상","interest_category":"도로","solar_candidate":"검토필요","candidate_reason":"도로점용 및 실제 이용형태 추가 검토 필요; 면적 9,322㎡","priority_score":40,"source":"경기부동산포털 국공유지조회·연속지적도","source_date":"2026-08-11","installed_solar_match":false}},{"type":"Feature","id":"4155039032102360003","geometry":{"type":"Point","coordinates":[127.4749249,37.1070777]},"properties":{"pnu":"4155039032102360003","municipality_code":"41550","municipality":"안성시","district":"안성시","locality":"일죽면 신흥리","address":"안성시 일죽면 신흥리 236-3","owner_type":"국유지","owner_label":"국(농수산부)","manager":"","property_class":"","land_category":"도로","area_sqm":9267.0,"area_band":"5,000㎡ 이상","interest_category":"도로","solar_candidate":"검토필요","candidate_reason":"도로점용 및 실제 이용형태 추가 검토 필요; 면적 9,267㎡","priority_score":40,"source":"경기부동산포털 국공유지조회·연속지적도","source_date":"2026-08-11","installed_solar_match":false}},{"type":"Feature","id":"4155033031102030000","geometry":{"type":"Point","coordinates":[127.2318677,36.9434282]},"properties":{"pnu":"4155033031102030000","municipality_code":"41550","municipality":"안성시","district":"안성시","locality":"서운면 송산리","address":"안성시 서운면 송산리 203","owner_type":"국유지","owner_label":"국(농수산부)","manager":"","property_class":"","land_category":"도로","area_sqm":9243.0,"area_band":"5,000㎡ 이상","interest_category":"도로","solar_candidate":"검토필요","candidate_reason":"도로점용 및 실제 이용형태 추가 검토 필요; 면적 9,243㎡","priority_score":40,"source":"경기부동산포털 국공유지조회·연속지적도","source_date":"2026-08-11","installed_solar_match":false}},{"type":"Feature","id":"4155039026104150000","geometry":{"type":"Point","coordinates":[127.5020121,37.098851]},"properties":{"pnu":"4155039026104150000","municipality_code":"41550","municipality":"안성시","district":"안성시","locality":"일죽면 당촌리","address":"안성시 일죽면 당촌리 415","owner_type":"국유지","owner_label":"국(건설교통부)","manager":"","property_class":"","land_category":"도로","area_sqm":9197.0,"area_band":"5,000㎡ 이상","interest_category":"도로","solar_candidate":"검토필요","candidate_reason":"도로점용 및 실제 이용형태 추가 검토 필요; 면적 9,197㎡","priority_score":40,"source":"경기부동산포털 국공유지조회·연속지적도","source_date":"2026-08-11","installed_solar_match":false}},{"type":"Feature","id":"4155033023104160000","geometry":{"type":"Point","coordinates":[127.2337169,36.9271625]},"properties":{"pnu":"4155033023104160000","municipality_code":"41550","municipality":"안성시","district":"안성시","locality":"서운면 송정리","address":"안성시 서운면 송정리 416","owner_type":"국유지","owner_label":"국(농림수산부)","manager":"","property_class":"","land_category":"도로","area_sqm":9113.0,"area_band":"5,000㎡ 이상","interest_category":"도로","solar_candidate":"검토필요","candidate_reason":"도로점용 및 실제 이용형태 추가 검토 필요; 면적 9,113㎡","priority_score":40,"source":"경기부동산포털 국공유지조회·연속지적도","source_date":"2026-08-11","installed_solar_match":false}},{"type":"Feature","id":"4155039022105560000","geometry":{"type":"Point","coordinates":[127.4848514,37.0901343]},"properties":{"pnu":"4155039022105560000","municipality_code":"41550","municipality":"안성시","district":"안성시","locality":"일죽면 주천리","address":"안성시 일죽면 주천리 556","owner_type":"국유지","owner_label":"국(건설부)","manager":"","property_class":"","land_category":"도로","area_sqm":9082.0,"area_band":"5,000㎡ 이상","interest_category":"도로","solar_candidate":"검토필요","candidate_reason":"도로점용 및 실제 이용형태 추가 검토 필요; 면적 9,082㎡","priority_score":40,"source":"경기부동산포털 국공유지조회·연속지적도","source_date":"2026-08-11","installed_solar_match":false}},{"type":"Feature","id":"4155033024104100003","geometry":{"type":"Point","coordinates":[127.2588609,36.9372255]},"properties":{"pnu":"4155033024104100003","municipality_code":"41550","municipality":"안성시","district":"안성시","locality":"서운면 신촌리","address":"안성시 서운면 신촌리 410-3","owner_type":"국유지","owner_label":"국(농수산부)","manager":"","property_class":"","land_category":"도로","area_sqm":9004.0,"area_band":"5,000㎡ 이상","interest_category":"도로","solar_candidate":"검토필요","candidate_reason":"도로점용 및 실제 이용형태 추가 검토 필요; 면적 9,004㎡","priority_score":40,"source":"경기부동산포털 국공유지조회·연속지적도","source_date":"2026-08-11","installed_solar_match":false}},{"type":"Feature","id":"4155013100103680002","geometry":{"type":"Point","coordinates":[127.2827124,37.0001894]},"properties":{"pnu":"4155013100103680002","municipality_code":"41550","municipality":"안성시","district":"안성시","locality":"현수동","address":"안성시 현수동 368-2","owner_type":"국유지","owner_label":"국(농림축산식품부)","manager":"","property_class":"","land_category":"도로","area_sqm":8999.0,"area_band":"5,000㎡ 이상","interest_category":"도로","solar_candidate":"검토필요","candidate_reason":"도로점용 및 실제 이용형태 추가 검토 필요; 면적 8,999㎡","priority_score":40,"source":"경기부동산포털 국공유지조회·연속지적도","source_date":"2026-08-11","installed_solar_match":false}},{"type":"Feature","id":"4155038024107470000","geometry":{"type":"Point","coordinates":[127.1270251,37.0807304]},"properties":{"pnu":"4155038024107470000","municipality_code":"41550","municipality":"안성시","district":"안성시","locality":"원곡면 산하리","address":"안성시 원곡면 산하리 747","owner_type":"국유지","owner_label":"국(건설교통부)","manager":"","property_class":"","land_category":"도로","area_sqm":8968.0,"area_band":"5,000㎡ 이상","interest_category":"도로","solar_candidate":"검토필요","candidate_reason":"도로점용 및 실제 이용형태 추가 검토 필요; 면적 8,968㎡","priority_score":40,"source":"경기부동산포털 국공유지조회·연속지적도","source_date":"2026-08-11","installed_solar_match":false}},{"type":"Feature","id":"4155042024108010000","geometry":{"type":"Point","coordinates":[127.2630596,37.0890934]},"properties":{"pnu":"4155042024108010000","municipality_code":"41550","municipality":"안성시","district":"안성시","locality":"고삼면 가유리","address":"안성시 고삼면 가유리 801","owner_type":"국유지","owner_label":"국(건설교통부)","manager":"","property_class":"","land_category":"도로","area_sqm":8912.0,"area_band":"5,000㎡ 이상","interest_category":"도로","solar_candidate":"검토필요","candidate_reason":"도로점용 및 실제 이용형태 추가 검토 필요; 면적 8,912㎡","priority_score":40,"source":"경기부동산포털 국공유지조회·연속지적도","source_date":"2026-08-11","installed_solar_match":true,"installed_solar_count":1,"installed_solar_area_sqm":17.9,"installed_solar_analysis_years":["2024"],"installed_solar_types":["기타"],"installed_solar_permit_status_counts":{"N":1}}},{"type":"Feature","id":"4155040029201130007","geometry":{"type":"Point","coordinates":[127.4425485,37.0238174]},"properties":{"pnu":"4155040029201130007","municipality_code":"41550","municipality":"안성시","district":"안성시","locality":"죽산면 당목리","address":"안성시 죽산면 당목리 산113-7","owner_type":"국유지","owner_label":"국(건설교통부)","manager":"","property_class":"","land_category":"도로","area_sqm":8911.0,"area_band":"5,000㎡ 이상","interest_category":"도로","solar_candidate":"검토필요","candidate_reason":"도로점용 및 실제 이용형태 추가 검토 필요; 면적 8,911㎡","priority_score":40,"source":"경기부동산포털 국공유지조회·연속지적도","source_date":"2026-08-11","installed_solar_match":false}},{"type":"Feature","id":"4155038026200320000","geometry":{"type":"Point","coordinates":[127.1426202,37.0362028]},"properties":{"pnu":"4155038026200320000","municipality_code":"41550","municipality":"안성시","district":"안성시","locality":"원곡면 외가천리","address":"안성시 원곡면 외가천리 산32","owner_type":"국유지","owner_label":"국(건설교통부)","manager":"","property_class":"","land_category":"도로","area_sqm":8870.0,"area_band":"5,000㎡ 이상","interest_category":"도로","solar_candidate":"검토필요","candidate_reason":"도로점용 및 실제 이용형태 추가 검토 필요; 면적 8,870㎡","priority_score":40,"source":"경기부동산포털 국공유지조회·연속지적도","source_date":"2026-08-11","installed_solar_match":false}},{"type":"Feature","id":"4155039034105340000","geometry":{"type":"Point","coordinates":[127.4607746,37.0754736]},"properties":{"pnu":"4155039034105340000","municipality_code":"41550","municipality":"안성시","district":"안성시","locality":"일죽면 장암리","address":"안성시 일죽면 장암리 534","owner_type":"국유지","owner_label":"국(농림수산부)","manager":"","property_class":"","land_category":"도로","area_sqm":8847.0,"area_band":"5,000㎡ 이상","interest_category":"도로","solar_candidate":"검토필요","candidate_reason":"도로점용 및 실제 이용형태 추가 검토 필요; 면적 8,847㎡","priority_score":40,"source":"경기부동산포털 국공유지조회·연속지적도","source_date":"2026-08-11","installed_solar_match":false}},{"type":"Feature","id":"4155036033200910000","geometry":{"type":"Point","coordinates":[127.2246877,37.0691955]},"properties":{"pnu":"4155036033200910000","municipality_code":"41550","municipality":"안성시","district":"안성시","locality":"양성면 방축리","address":"안성시 양성면 방축리 산91","owner_type":"국유지","owner_label":"국(건설교통부)","manager":"","property_class":"","land_category":"도로","area_sqm":8813.0,"area_band":"5,000㎡ 이상","interest_category":"도로","solar_candidate":"검토필요","candidate_reason":"도로점용 및 실제 이용형태 추가 검토 필요; 면적 8,813㎡","priority_score":40,"source":"경기부동산포털 국공유지조회·연속지적도","source_date":"2026-08-11","installed_solar_match":false}},{"type":"Feature","id":"4155041028106920000","geometry":{"type":"Point","coordinates":[127.3671663,37.042114]},"properties":{"pnu":"4155041028106920000","municipality_code":"41550","municipality":"안성시","district":"안성시","locality":"삼죽면 미장리","address":"안성시 삼죽면 미장리 692","owner_type":"국유지","owner_label":"국(농림수산부)","manager":"","property_class":"","land_category":"도로","area_sqm":8810.0,"area_band":"5,000㎡ 이상","interest_category":"도로","solar_candidate":"검토필요","candidate_reason":"도로점용 및 실제 이용형태 추가 검토 필요; 면적 8,810㎡","priority_score":40,"source":"경기부동산포털 국공유지조회·연속지적도","source_date":"2026-08-11","installed_solar_match":false}},{"type":"Feature","id":"4155031021105330000","geometry":{"type":"Point","coordinates":[127.284431,37.0514306]},"properties":{"pnu":"4155031021105330000","municipality_code":"41550","municipality":"안성시","district":"안성시","locality":"보개면 적가리","address":"안성시 보개면 적가리 533","owner_type":"국유지","owner_label":"국(농림축산식품부)","manager":"","property_class":"","land_category":"도로","area_sqm":8705.5,"area_band":"5,000㎡ 이상","interest_category":"도로","solar_candidate":"검토필요","candidate_reason":"도로점용 및 실제 이용형태 추가 검토 필요; 면적 8,706㎡","priority_score":40,"source":"경기부동산포털 국공유지조회·연속지적도","source_date":"2026-08-11","installed_solar_match":false}},{"type":"Feature","id":"4155032034106450000","geometry":{"type":"Point","coordinates":[127.318874,37.00718]},"properties":{"pnu":"4155032034106450000","municipality_code":"41550","municipality":"안성시","district":"안성시","locality":"금광면 신양복리","address":"안성시 금광면 신양복리 645","owner_type":"국유지","owner_label":"국(농림축산식품부)","manager":"","property_class":"","land_category":"도로","area_sqm":8699.0,"area_band":"5,000㎡ 이상","interest_category":"도로","solar_candidate":"검토필요","candidate_reason":"도로점용 및 실제 이용형태 추가 검토 필요; 면적 8,699㎡","priority_score":40,"source":"경기부동산포털 국공유지조회·연속지적도","source_date":"2026-08-11","installed_solar_match":false}},{"type":"Feature","id":"4155039035108160003","geometry":{"type":"Point","coordinates":[127.475258,37.054135]},"properties":{"pnu":"4155039035108160003","municipality_code":"41550","municipality":"안성시","district":"안성시","locality":"일죽면 화봉리","address":"안성시 일죽면 화봉리 816-3","owner_type":"국유지","owner_label":"국(건설부)","manager":"","property_class":"","land_category":"도로","area_sqm":8691.0,"area_band":"5,000㎡ 이상","interest_category":"도로","solar_candidate":"검토필요","candidate_reason":"도로점용 및 실제 이용형태 추가 검토 필요; 면적 8,691㎡","priority_score":40,"source":"경기부동산포털 국공유지조회·연속지적도","source_date":"2026-08-11","installed_solar_match":false}},{"type":"Feature","id":"4155039021200570017","geometry":{"type":"Point","coordinates":[127.4535978,37.087885]},"properties":{"pnu":"4155039021200570017","municipality_code":"41550","municipality":"안성시","district":"안성시","locality":"일죽면 월정리","address":"안성시 일죽면 월정리 산57-17","owner_type":"국유지","owner_label":"국(건설부)","manager":"","property_class":"","land_category":"도로","area_sqm":8690.0,"area_band":"5,000㎡ 이상","interest_category":"도로","solar_candidate":"검토필요","candidate_reason":"도로점용 및 실제 이용형태 추가 검토 필요; 면적 8,690㎡","priority_score":40,"source":"경기부동산포털 국공유지조회·연속지적도","source_date":"2026-08-11","installed_solar_match":false}},{"type":"Feature","id":"4155041026105950003","geometry":{"type":"Point","coordinates":[127.3722039,37.0738106]},"properties":{"pnu":"4155041026105950003","municipality_code":"41550","municipality":"안성시","district":"안성시","locality":"삼죽면 내강리","address":"안성시 삼죽면 내강리 595-3","owner_type":"국유지","owner_label":"국(건설부)","manager":"","property_class":"","land_category":"도로","area_sqm":8689.0,"area_band":"5,000㎡ 이상","interest_category":"도로","solar_candidate":"검토필요","candidate_reason":"도로점용 및 실제 이용형태 추가 검토 필요; 면적 8,689㎡","priority_score":40,"source":"경기부동산포털 국공유지조회·연속지적도","source_date":"2026-08-11","installed_solar_match":false}},{"type":"Feature","id":"4155038024101370007","geometry":{"type":"Point","coordinates":[127.1257555,37.0849417]},"properties":{"pnu":"4155038024101370007","municipality_code":"41550","municipality":"안성시","district":"안성시","locality":"원곡면 산하리","address":"안성시 원곡면 산하리 137-7","owner_type":"국유지","owner_label":"국(건설부)","manager":"","property_class":"","land_category":"도로","area_sqm":8637.0,"area_band":"5,000㎡ 이상","interest_category":"도로","solar_candidate":"검토필요","candidate_reason":"도로점용 및 실제 이용형태 추가 검토 필요; 면적 8,637㎡","priority_score":40,"source":"경기부동산포털 국공유지조회·연속지적도","source_date":"2026-08-11","installed_solar_match":false}},{"type":"Feature","id":"4155032022106480000","geometry":{"type":"Point","coordinates":[127.2950008,36.9834236]},"properties":{"pnu":"4155032022106480000","municipality_code":"41550","municipality":"안성시","district":"안성시","locality":"금광면 개산리","address":"안성시 금광면 개산리 648","owner_type":"국유지","owner_label":"국(농림축산식품부)","manager":"","property_class":"","land_category":"도로","area_sqm":8609.5,"area_band":"5,000㎡ 이상","interest_category":"도로","solar_candidate":"검토필요","candidate_reason":"도로점용 및 실제 이용형태 추가 검토 필요; 면적 8,610㎡","priority_score":40,"source":"경기부동산포털 국공유지조회·연속지적도","source_date":"2026-08-11","installed_solar_match":false}},{"type":"Feature","id":"4155041024107420000","geometry":{"type":"Point","coordinates":[127.3733308,37.0752261]},"properties":{"pnu":"4155041024107420000","municipality_code":"41550","municipality":"안성시","district":"안성시","locality":"삼죽면 덕산리","address":"안성시 삼죽면 덕산리 742","owner_type":"국유지","owner_label":"국(건설교통부)","manager":"","property_class":"","land_category":"도로","area_sqm":8599.0,"area_band":"5,000㎡ 이상","interest_category":"도로","solar_candidate":"검토필요","candidate_reason":"도로점용 및 실제 이용형태 추가 검토 필요; 면적 8,599㎡","priority_score":40,"source":"경기부동산포털 국공유지조회·연속지적도","source_date":"2026-08-11","installed_solar_match":false}},{"type":"Feature","id":"4155040026103380000","geometry":{"type":"Point","coordinates":[127.4040054,37.0612722]},"properties":{"pnu":"4155040026103380000","municipality_code":"41550","municipality":"안성시","district":"안성시","locality":"죽산면 장계리","address":"안성시 죽산면 장계리 338","owner_type":"국유지","owner_label":"국(농림수산부)","manager":"","property_class":"","land_category":"도로","area_sqm":8546.0,"area_band":"5,000㎡ 이상","interest_category":"도로","solar_candidate":"검토필요","candidate_reason":"도로점용 및 실제 이용형태 추가 검토 필요; 면적 8,546㎡","priority_score":40,"source":"경기부동산포털 국공유지조회·연속지적도","source_date":"2026-08-11","installed_solar_match":false}},{"type":"Feature","id":"4155040027201610003","geometry":{"type":"Point","coordinates":[127.437554,37.0433607]},"properties":{"pnu":"4155040027201610003","municipality_code":"41550","municipality":"안성시","district":"안성시","locality":"죽산면 용설리","address":"안성시 죽산면 용설리 산161-3","owner_type":"국유지","owner_label":"국(건설교통부)","manager":"","property_class":"","land_category":"도로","area_sqm":8544.0,"area_band":"5,000㎡ 이상","interest_category":"도로","solar_candidate":"검토필요","candidate_reason":"도로점용 및 실제 이용형태 추가 검토 필요; 면적 8,544㎡","priority_score":40,"source":"경기부동산포털 국공유지조회·연속지적도","source_date":"2026-08-11","installed_solar_match":false}},{"type":"Feature","id":"4155032021105480000","geometry":{"type":"Point","coordinates":[127.3043331,36.9943484]},"properties":{"pnu":"4155032021105480000","municipality_code":"41550","municipality":"안성시","district":"안성시","locality":"금광면 내우리","address":"안성시 금광면 내우리 548","owner_type":"국유지","owner_label":"국(건설부)","manager":"","property_class":"","land_category":"도로","area_sqm":8440.0,"area_band":"5,000㎡ 이상","interest_category":"도로","solar_candidate":"검토필요","candidate_reason":"도로점용 및 실제 이용형태 추가 검토 필요; 면적 8,440㎡","priority_score":40,"source":"경기부동산포털 국공유지조회·연속지적도","source_date":"2026-08-11","installed_solar_match":false}},{"type":"Feature","id":"4155040023113180002","geometry":{"type":"Point","coordinates":[127.429011,37.0745173]},"properties":{"pnu":"4155040023113180002","municipality_code":"41550","municipality":"안성시","district":"안성시","locality":"죽산면 장원리","address":"안성시 죽산면 장원리 1318-2","owner_type":"국유지","owner_label":"국(건설부)","manager":"","property_class":"","land_category":"도로","area_sqm":8428.0,"area_band":"5,000㎡ 이상","interest_category":"도로","solar_candidate":"검토필요","candidate_reason":"도로점용 및 실제 이용형태 추가 검토 필요; 면적 8,428㎡","priority_score":40,"source":"경기부동산포털 국공유지조회·연속지적도","source_date":"2026-08-11","installed_solar_match":false}},{"type":"Feature","id":"4155041022109760005","geometry":{"type":"Point","coordinates":[127.3747996,37.1000444]},"properties":{"pnu":"4155041022109760005","municipality_code":"41550","municipality":"안성시","district":"안성시","locality":"삼죽면 율곡리","address":"안성시 삼죽면 율곡리 976-5","owner_type":"국유지","owner_label":"국(농림부)","manager":"","property_class":"","land_category":"도로","area_sqm":8421.6,"area_band":"5,000㎡ 이상","interest_category":"도로","solar_candidate":"검토필요","candidate_reason":"도로점용 및 실제 이용형태 추가 검토 필요; 면적 8,422㎡","priority_score":40,"source":"경기부동산포털 국공유지조회·연속지적도","source_date":"2026-08-11","installed_solar_match":false}},{"type":"Feature","id":"4155040027202650002","geometry":{"type":"Point","coordinates":[127.4409122,37.0677192]},"properties":{"pnu":"4155040027202650002","municipality_code":"41550","municipality":"안성시","district":"안성시","locality":"죽산면 용설리","address":"안성시 죽산면 용설리 산265-2","owner_type":"국유지","owner_label":"국(국토해양부)","manager":"","property_class":"","land_category":"도로","area_sqm":8417.0,"area_band":"5,000㎡ 이상","interest_category":"도로","solar_candidate":"검토필요","candidate_reason":"도로점용 및 실제 이용형태 추가 검토 필요; 면적 8,417㎡","priority_score":40,"source":"경기부동산포털 국공유지조회·연속지적도","source_date":"2026-08-11","installed_solar_match":false}},{"type":"Feature","id":"4155038026200340001","geometry":{"type":"Point","coordinates":[127.1412643,37.0353494]},"properties":{"pnu":"4155038026200340001","municipality_code":"41550","municipality":"안성시","district":"안성시","locality":"원곡면 외가천리","address":"안성시 원곡면 외가천리 산34-1","owner_type":"국유지","owner_label":"국(건설교통부)","manager":"","property_class":"","land_category":"도로","area_sqm":8364.0,"area_band":"5,000㎡ 이상","interest_category":"도로","solar_candidate":"검토필요","candidate_reason":"도로점용 및 실제 이용형태 추가 검토 필요; 면적 8,364㎡","priority_score":40,"source":"경기부동산포털 국공유지조회·연속지적도","source_date":"2026-08-11","installed_solar_match":false}},{"type":"Feature","id":"4155039035107650001","geometry":{"type":"Point","coordinates":[127.473048,37.0635891]},"properties":{"pnu":"4155039035107650001","municipality_code":"41550","municipality":"안성시","district":"안성시","locality":"일죽면 화봉리","address":"안성시 일죽면 화봉리 765-1","owner_type":"국유지","owner_label":"국(건설부)","manager":"","property_class":"","land_category":"도로","area_sqm":8357.0,"area_band":"5,000㎡ 이상","interest_category":"도로","solar_candidate":"검토필요","candidate_reason":"도로점용 및 실제 이용형태 추가 검토 필요; 면적 8,357㎡","priority_score":40,"source":"경기부동산포털 국공유지조회·연속지적도","source_date":"2026-08-11","installed_solar_match":false}},{"type":"Feature","id":"4155040029200770002","geometry":{"type":"Point","coordinates":[127.4439666,37.0280989]},"properties":{"pnu":"4155040029200770002","municipality_code":"41550","municipality":"안성시","district":"안성시","locality":"죽산면 당목리","address":"안성시 죽산면 당목리 산77-2","owner_type":"국유지","owner_label":"국(건설교통부)","manager":"","property_class":"","land_category":"도로","area_sqm":8223.0,"area_band":"5,000㎡ 이상","interest_category":"도로","solar_candidate":"검토필요","candidate_reason":"도로점용 및 실제 이용형태 추가 검토 필요; 면적 8,223㎡","priority_score":40,"source":"경기부동산포털 국공유지조회·연속지적도","source_date":"2026-08-11","installed_solar_match":false}},{"type":"Feature","id":"4155038024107250000","geometry":{"type":"Point","coordinates":[127.1435217,37.0711281]},"properties":{"pnu":"4155038024107250000","municipality_code":"41550","municipality":"안성시","district":"안성시","locality":"원곡면 산하리","address":"안성시 원곡면 산하리 725","owner_type":"국유지","owner_label":"국(건설부)","manager":"","property_class":"","land_category":"도로","area_sqm":8220.0,"area_band":"5,000㎡ 이상","interest_category":"도로","solar_candidate":"검토필요","candidate_reason":"도로점용 및 실제 이용형태 추가 검토 필요; 면적 8,220㎡","priority_score":40,"source":"경기부동산포털 국공유지조회·연속지적도","source_date":"2026-08-11","installed_solar_match":false}},{"type":"Feature","id":"4155040024105660000","geometry":{"type":"Point","coordinates":[127.4089083,37.0734317]},"properties":{"pnu":"4155040024105660000","municipality_code":"41550","municipality":"안성시","district":"안성시","locality":"죽산면 두현리","address":"안성시 죽산면 두현리 566","owner_type":"국유지","owner_label":"국(건설부)","manager":"","property_class":"","land_category":"도로","area_sqm":8208.0,"area_band":"5,000㎡ 이상","interest_category":"도로","solar_candidate":"검토필요","candidate_reason":"도로점용 및 실제 이용형태 추가 검토 필요; 면적 8,208㎡","priority_score":40,"source":"경기부동산포털 국공유지조회·연속지적도","source_date":"2026-08-11","installed_solar_match":false}},{"type":"Feature","id":"4155040029110630000","geometry":{"type":"Point","coordinates":[127.4311789,37.0354223]},"properties":{"pnu":"4155040029110630000","municipality_code":"41550","municipality":"안성시","district":"안성시","locality":"죽산면 당목리","address":"안성시 죽산면 당목리 1063","owner_type":"국유지","owner_label":"국(건설교통부)","manager":"","property_class":"","land_category":"도로","area_sqm":8132.0,"area_band":"5,000㎡ 이상","interest_category":"도로","solar_candidate":"검토필요","candidate_reason":"도로점용 및 실제 이용형태 추가 검토 필요; 면적 8,132㎡","priority_score":40,"source":"경기부동산포털 국공유지조회·연속지적도","source_date":"2026-08-11","installed_solar_match":false}},{"type":"Feature","id":"4155042021110880000","geometry":{"type":"Point","coordinates":[127.2942474,37.0996597]},"properties":{"pnu":"4155042021110880000","municipality_code":"41550","municipality":"안성시","district":"안성시","locality":"고삼면 쌍지리","address":"안성시 고삼면 쌍지리 1088","owner_type":"국유지","owner_label":"국(건설교통부)","manager":"","property_class":"","land_category":"도로","area_sqm":8115.0,"area_band":"5,000㎡ 이상","interest_category":"도로","solar_candidate":"검토필요","candidate_reason":"도로점용 및 실제 이용형태 추가 검토 필요; 면적 8,115㎡","priority_score":40,"source":"경기부동산포털 국공유지조회·연속지적도","source_date":"2026-08-11","installed_solar_match":true,"installed_solar_count":1,"installed_solar_area_sqm":16.0,"installed_solar_analysis_years":["2024"],"installed_solar_types":["개인주택"],"installed_solar_permit_status_counts":{"N":1}}},{"type":"Feature","id":"4155031025101790000","geometry":{"type":"Point","coordinates":[127.284866,37.0508875]},"properties":{"pnu":"4155031025101790000","municipality_code":"41550","municipality":"안성시","district":"안성시","locality":"보개면 신장리","address":"안성시 보개면 신장리 179","owner_type":"국유지","owner_label":"국(농림축산식품부)","manager":"","property_class":"","land_category":"도로","area_sqm":8101.9,"area_band":"5,000㎡ 이상","interest_category":"도로","solar_candidate":"검토필요","candidate_reason":"도로점용 및 실제 이용형태 추가 검토 필요; 면적 8,102㎡","priority_score":40,"source":"경기부동산포털 국공유지조회·연속지적도","source_date":"2026-08-11","installed_solar_match":false}},{"type":"Feature","id":"4155039029200040003","geometry":{"type":"Point","coordinates":[127.4403277,37.1398672]},"properties":{"pnu":"4155039029200040003","municipality_code":"41550","municipality":"안성시","district":"안성시","locality":"일죽면 고은리","address":"안성시 일죽면 고은리 산4-3","owner_type":"국유지","owner_label":"국(건설부)","manager":"","property_class":"","land_category":"도로","area_sqm":8087.0,"area_band":"5,000㎡ 이상","interest_category":"도로","solar_candidate":"검토필요","candidate_reason":"도로점용 및 실제 이용형태 추가 검토 필요; 면적 8,087㎡","priority_score":40,"source":"경기부동산포털 국공유지조회·연속지적도","source_date":"2026-08-11","installed_solar_match":false}},{"type":"Feature","id":"4155040027202640005","geometry":{"type":"Point","coordinates":[127.4415392,37.0665291]},"properties":{"pnu":"4155040027202640005","municipality_code":"41550","municipality":"안성시","district":"안성시","locality":"죽산면 용설리","address":"안성시 죽산면 용설리 산264-5","owner_type":"국유지","owner_label":"국(국토해양부)","manager":"","property_class":"","land_category":"도로","area_sqm":8087.0,"area_band":"5,000㎡ 이상","interest_category":"도로","solar_candidate":"검토필요","candidate_reason":"도로점용 및 실제 이용형태 추가 검토 필요; 면적 8,087㎡","priority_score":40,"source":"경기부동산포털 국공유지조회·연속지적도","source_date":"2026-08-11","installed_solar_match":false}},{"type":"Feature","id":"4155025029106650000","geometry":{"type":"Point","coordinates":[127.1799777,37.0201502]},"properties":{"pnu":"4155025029106650000","municipality_code":"41550","municipality":"안성시","district":"안성시","locality":"공도읍 만정리","address":"안성시 공도읍 만정리 665","owner_type":"국유지","owner_label":"국(건설교통부)","manager":"","property_class":"","land_category":"도로","area_sqm":8057.0,"area_band":"5,000㎡ 이상","interest_category":"도로","solar_candidate":"검토필요","candidate_reason":"도로점용 및 실제 이용형태 추가 검토 필요; 면적 8,057㎡","priority_score":40,"source":"경기부동산포털 국공유지조회·연속지적도","source_date":"2026-08-11","installed_solar_match":false}},{"type":"Feature","id":"4155039021117420000","geometry":{"type":"Point","coordinates":[127.4551903,37.0969469]},"properties":{"pnu":"4155039021117420000","municipality_code":"41550","municipality":"안성시","district":"안성시","locality":"일죽면 월정리","address":"안성시 일죽면 월정리 1742","owner_type":"국유지","owner_label":"국(농림수산부)","manager":"","property_class":"","land_category":"도로","area_sqm":8048.0,"area_band":"5,000㎡ 이상","interest_category":"도로","solar_candidate":"검토필요","candidate_reason":"도로점용 및 실제 이용형태 추가 검토 필요; 면적 8,048㎡","priority_score":40,"source":"경기부동산포털 국공유지조회·연속지적도","source_date":"2026-08-11","installed_solar_match":false}},{"type":"Feature","id":"4155040027202100002","geometry":{"type":"Point","coordinates":[127.4383913,37.0484816]},"properties":{"pnu":"4155040027202100002","municipality_code":"41550","municipality":"안성시","district":"안성시","locality":"죽산면 용설리","address":"안성시 죽산면 용설리 산210-2","owner_type":"국유지","owner_label":"국(건설교통부)","manager":"","property_class":"","land_category":"도로","area_sqm":8045.0,"area_band":"5,000㎡ 이상","interest_category":"도로","solar_candidate":"검토필요","candidate_reason":"도로점용 및 실제 이용형태 추가 검토 필요; 면적 8,045㎡","priority_score":40,"source":"경기부동산포털 국공유지조회·연속지적도","source_date":"2026-08-11","installed_solar_match":false}},{"type":"Feature","id":"4155035025104280000","geometry":{"type":"Point","coordinates":[127.2090216,37.0445092]},"properties":{"pnu":"4155035025104280000","municipality_code":"41550","municipality":"안성시","district":"안성시","locality":"대덕면 명당리","address":"안성시 대덕면 명당리 428","owner_type":"국유지","owner_label":"국(건설교통부)","manager":"","property_class":"","land_category":"도로","area_sqm":8009.0,"area_band":"5,000㎡ 이상","interest_category":"도로","solar_candidate":"검토필요","candidate_reason":"도로점용 및 실제 이용형태 추가 검토 필요; 면적 8,009㎡","priority_score":40,"source":"경기부동산포털 국공유지조회·연속지적도","source_date":"2026-08-11","installed_solar_match":false}},{"type":"Feature","id":"4155039022105430000","geometry":{"type":"Point","coordinates":[127.4939577,37.0968956]},"properties":{"pnu":"4155039022105430000","municipality_code":"41550","municipality":"안성시","district":"안성시","locality":"일죽면 주천리","address":"안성시 일죽면 주천리 543","owner_type":"국유지","owner_label":"국(건설부)","manager":"","property_class":"","land_category":"도로","area_sqm":7993.0,"area_band":"5,000㎡ 이상","interest_category":"도로","solar_candidate":"검토필요","candidate_reason":"도로점용 및 실제 이용형태 추가 검토 필요; 면적 7,993㎡","priority_score":40,"source":"경기부동산포털 국공유지조회·연속지적도","source_date":"2026-08-11","installed_solar_match":false}},{"type":"Feature","id":"4155025026107550003","geometry":{"type":"Point","coordinates":[127.1552981,36.9914518]},"properties":{"pnu":"4155025026107550003","municipality_code":"41550","municipality":"안성시","district":"안성시","locality":"공도읍 승두리","address":"안성시 공도읍 승두리 755-3","owner_type":"국유지","owner_label":"국(건설교통부)","manager":"","property_class":"","land_category":"도로","area_sqm":7967.0,"area_band":"5,000㎡ 이상","interest_category":"도로","solar_candidate":"검토필요","candidate_reason":"도로점용 및 실제 이용형태 추가 검토 필요; 면적 7,967㎡","priority_score":40,"source":"경기부동산포털 국공유지조회·연속지적도","source_date":"2026-08-11","installed_solar_match":false}},{"type":"Feature","id":"4155038026200160004","geometry":{"type":"Point","coordinates":[127.1473746,37.0372719]},"properties":{"pnu":"4155038026200160004","municipality_code":"41550","municipality":"안성시","district":"안성시","locality":"원곡면 외가천리","address":"안성시 원곡면 외가천리 산16-4","owner_type":"국유지","owner_label":"국(건설교통부)","manager":"","property_class":"","land_category":"도로","area_sqm":7949.0,"area_band":"5,000㎡ 이상","interest_category":"도로","solar_candidate":"검토필요","candidate_reason":"도로점용 및 실제 이용형태 추가 검토 필요; 면적 7,949㎡","priority_score":40,"source":"경기부동산포털 국공유지조회·연속지적도","source_date":"2026-08-11","installed_solar_match":false}},{"type":"Feature","id":"4155034032103830000","geometry":{"type":"Point","coordinates":[127.2114261,36.9773858]},"properties":{"pnu":"4155034032103830000","municipality_code":"41550","municipality":"안성시","district":"안성시","locality":"미양면 양지리","address":"안성시 미양면 양지리 383","owner_type":"국유지","owner_label":"국(건설부)","manager":"","property_class":"","land_category":"도로","area_sqm":7918.0,"area_band":"5,000㎡ 이상","interest_category":"도로","solar_candidate":"검토필요","candidate_reason":"도로점용 및 실제 이용형태 추가 검토 필요; 면적 7,918㎡","priority_score":40,"source":"경기부동산포털 국공유지조회·연속지적도","source_date":"2026-08-11","installed_solar_match":false}},{"type":"Feature","id":"4155034030104560002","geometry":{"type":"Point","coordinates":[127.1943482,36.9705517]},"properties":{"pnu":"4155034030104560002","municipality_code":"41550","municipality":"안성시","district":"안성시","locality":"미양면 진촌리","address":"안성시 미양면 진촌리 456-2","owner_type":"국유지","owner_label":"국(농림축산식품부)","manager":"","property_class":"","land_category":"도로","area_sqm":7897.3,"area_band":"5,000㎡ 이상","interest_category":"도로","solar_candidate":"검토필요","candidate_reason":"도로점용 및 실제 이용형태 추가 검토 필요; 면적 7,897㎡","priority_score":40,"source":"경기부동산포털 국공유지조회·연속지적도","source_date":"2026-08-11","installed_solar_match":false}},{"type":"Feature","id":"4155040029110530000","geometry":{"type":"Point","coordinates":[127.4349821,37.0337174]},"properties":{"pnu":"4155040029110530000","municipality_code":"41550","municipality":"안성시","district":"안성시","locality":"죽산면 당목리","address":"안성시 죽산면 당목리 1053","owner_type":"국유지","owner_label":"국(건설교통부)","manager":"","property_class":"","land_category":"도로","area_sqm":7892.0,"area_band":"5,000㎡ 이상","interest_category":"도로","solar_candidate":"검토필요","candidate_reason":"도로점용 및 실제 이용형태 추가 검토 필요; 면적 7,892㎡","priority_score":40,"source":"경기부동산포털 국공유지조회·연속지적도","source_date":"2026-08-11","installed_solar_match":false}},{"type":"Feature","id":"4155034035101410000","geometry":{"type":"Point","coordinates":[127.2324478,36.9475671]},"properties":{"pnu":"4155034035101410000","municipality_code":"41550","municipality":"안성시","district":"안성시","locality":"미양면 강덕리","address":"안성시 미양면 강덕리 141","owner_type":"국유지","owner_label":"국(농수산부)","manager":"","property_class":"","land_category":"도로","area_sqm":7874.0,"area_band":"5,000㎡ 이상","interest_category":"도로","solar_candidate":"검토필요","candidate_reason":"도로점용 및 실제 이용형태 추가 검토 필요; 면적 7,874㎡","priority_score":40,"source":"경기부동산포털 국공유지조회·연속지적도","source_date":"2026-08-11","installed_solar_match":false}},{"type":"Feature","id":"4155040023110220000","geometry":{"type":"Point","coordinates":[127.4301091,37.0682339]},"properties":{"pnu":"4155040023110220000","municipality_code":"41550","municipality":"안성시","district":"안성시","locality":"죽산면 장원리","address":"안성시 죽산면 장원리 1022","owner_type":"국유지","owner_label":"국(건설부)","manager":"","property_class":"","land_category":"도로","area_sqm":7854.0,"area_band":"5,000㎡ 이상","interest_category":"도로","solar_candidate":"검토필요","candidate_reason":"도로점용 및 실제 이용형태 추가 검토 필요; 면적 7,854㎡","priority_score":40,"source":"경기부동산포털 국공유지조회·연속지적도","source_date":"2026-08-11","installed_solar_match":false}},{"type":"Feature","id":"4155038027201360002","geometry":{"type":"Point","coordinates":[127.1462422,37.0130604]},"properties":{"pnu":"4155038027201360002","municipality_code":"41550","municipality":"안성시","district":"안성시","locality":"원곡면 반제리","address":"안성시 원곡면 반제리 산136-2","owner_type":"국유지","owner_label":"국(건설부)","manager":"","property_class":"","land_category":"도로","area_sqm":7834.0,"area_band":"5,000㎡ 이상","interest_category":"도로","solar_candidate":"검토필요","candidate_reason":"도로점용 및 실제 이용형태 추가 검토 필요; 면적 7,834㎡","priority_score":40,"source":"경기부동산포털 국공유지조회·연속지적도","source_date":"2026-08-11","installed_solar_match":false}},{"type":"Feature","id":"4155034024102860004","geometry":{"type":"Point","coordinates":[127.1651292,36.9622797]},"properties":{"pnu":"4155034024102860004","municipality_code":"41550","municipality":"안성시","district":"안성시","locality":"미양면 신계리","address":"안성시 미양면 신계리 286-4","owner_type":"국유지","owner_label":"국(농수산부)","manager":"","property_class":"","land_category":"도로","area_sqm":7827.0,"area_band":"5,000㎡ 이상","interest_category":"도로","solar_candidate":"검토필요","candidate_reason":"도로점용 및 실제 이용형태 추가 검토 필요; 면적 7,827㎡","priority_score":40,"source":"경기부동산포털 국공유지조회·연속지적도","source_date":"2026-08-11","installed_solar_match":false}},{"type":"Feature","id":"4155013100106580000","geometry":{"type":"Point","coordinates":[127.2849999,36.9923953]},"properties":{"pnu":"4155013100106580000","municipality_code":"41550","municipality":"안성시","district":"안성시","locality":"현수동","address":"안성시 현수동 658","owner_type":"국유지","owner_label":"국(농림축산식품부)","manager":"","property_class":"","land_category":"도로","area_sqm":7812.4,"area_band":"5,000㎡ 이상","interest_category":"도로","solar_candidate":"검토필요","candidate_reason":"도로점용 및 실제 이용형태 추가 검토 필요; 면적 7,812㎡","priority_score":40,"source":"경기부동산포털 국공유지조회·연속지적도","source_date":"2026-08-11","installed_solar_match":false}},{"type":"Feature","id":"4155041027106750002","geometry":{"type":"Point","coordinates":[127.3640479,37.0502799]},"properties":{"pnu":"4155041027106750002","municipality_code":"41550","municipality":"안성시","district":"안성시","locality":"삼죽면 진촌리","address":"안성시 삼죽면 진촌리 675-2","owner_type":"국유지","owner_label":"국(건설부)","manager":"","property_class":"","land_category":"도로","area_sqm":7811.0,"area_band":"5,000㎡ 이상","interest_category":"도로","solar_candidate":"검토필요","candidate_reason":"도로점용 및 실제 이용형태 추가 검토 필요; 면적 7,811㎡","priority_score":40,"source":"경기부동산포털 국공유지조회·연속지적도","source_date":"2026-08-11","installed_solar_match":false}},{"type":"Feature","id":"4155040023110130003","geometry":{"type":"Point","coordinates":[127.4321704,37.0680562]},"properties":{"pnu":"4155040023110130003","municipality_code":"41550","municipality":"안성시","district":"안성시","locality":"죽산면 장원리","address":"안성시 죽산면 장원리 1013-3","owner_type":"국유지","owner_label":"국(건설부)","manager":"","property_class":"","land_category":"도로","area_sqm":7796.0,"area_band":"5,000㎡ 이상","interest_category":"도로","solar_candidate":"검토필요","candidate_reason":"도로점용 및 실제 이용형태 추가 검토 필요; 면적 7,796㎡","priority_score":40,"source":"경기부동산포털 국공유지조회·연속지적도","source_date":"2026-08-11","installed_solar_match":false}},{"type":"Feature","id":"4155039021118220000","geometry":{"type":"Point","coordinates":[127.4543675,37.0841015]},"properties":{"pnu":"4155039021118220000","municipality_code":"41550","municipality":"안성시","district":"안성시","locality":"일죽면 월정리","address":"안성시 일죽면 월정리 1822","owner_type":"국유지","owner_label":"국(농림수산부)","manager":"","property_class":"","land_category":"도로","area_sqm":7749.0,"area_band":"5,000㎡ 이상","interest_category":"도로","solar_candidate":"검토필요","candidate_reason":"도로점용 및 실제 이용형태 추가 검토 필요; 면적 7,749㎡","priority_score":40,"source":"경기부동산포털 국공유지조회·연속지적도","source_date":"2026-08-11","installed_solar_match":false}},{"type":"Feature","id":"4155039032109670015","geometry":{"type":"Point","coordinates":[127.4819966,37.1122846]},"properties":{"pnu":"4155039032109670015","municipality_code":"41550","municipality":"안성시","district":"안성시","locality":"일죽면 신흥리","address":"안성시 일죽면 신흥리 967-15","owner_type":"국유지","owner_label":"국(농림부)","manager":"","property_class":"","land_category":"도로","area_sqm":7726.5,"area_band":"5,000㎡ 이상","interest_category":"도로","solar_candidate":"검토필요","candidate_reason":"도로점용 및 실제 이용형태 추가 검토 필요; 면적 7,726㎡","priority_score":40,"source":"경기부동산포털 국공유지조회·연속지적도","source_date":"2026-08-11","installed_solar_match":false}},{"type":"Feature","id":"4155040030200420004","geometry":{"type":"Point","coordinates":[127.4386081,37.0184828]},"properties":{"pnu":"4155040030200420004","municipality_code":"41550","municipality":"안성시","district":"안성시","locality":"죽산면 두교리","address":"안성시 죽산면 두교리 산42-4","owner_type":"국유지","owner_label":"국(건설교통부)","manager":"","property_class":"","land_category":"도로","area_sqm":7704.0,"area_band":"5,000㎡ 이상","interest_category":"도로","solar_candidate":"검토필요","candidate_reason":"도로점용 및 실제 이용형태 추가 검토 필요; 면적 7,704㎡","priority_score":40,"source":"경기부동산포털 국공유지조회·연속지적도","source_date":"2026-08-11","installed_solar_match":false}},{"type":"Feature","id":"4155039023110320000","geometry":{"type":"Point","coordinates":[127.4468461,37.069964]},"properties":{"pnu":"4155039023110320000","municipality_code":"41550","municipality":"안성시","district":"안성시","locality":"일죽면 죽림리","address":"안성시 일죽면 죽림리 1032","owner_type":"국유지","owner_label":"국(농림수산부)","manager":"","property_class":"","land_category":"도로","area_sqm":7679.0,"area_band":"5,000㎡ 이상","interest_category":"도로","solar_candidate":"검토필요","candidate_reason":"도로점용 및 실제 이용형태 추가 검토 필요; 면적 7,679㎡","priority_score":40,"source":"경기부동산포털 국공유지조회·연속지적도","source_date":"2026-08-11","installed_solar_match":false}},{"type":"Feature","id":"4155031033102710000","geometry":{"type":"Point","coordinates":[127.3117298,37.0399271]},"properties":{"pnu":"4155031033102710000","municipality_code":"41550","municipality":"안성시","district":"안성시","locality":"보개면 복평리","address":"안성시 보개면 복평리 271","owner_type":"국유지","owner_label":"국(건설부)","manager":"","property_class":"","land_category":"도로","area_sqm":7633.0,"area_band":"5,000㎡ 이상","interest_category":"도로","solar_candidate":"검토필요","candidate_reason":"도로점용 및 실제 이용형태 추가 검토 필요; 면적 7,633㎡","priority_score":40,"source":"경기부동산포털 국공유지조회·연속지적도","source_date":"2026-08-11","installed_solar_match":false}},{"type":"Feature","id":"4155034025102130002","geometry":{"type":"Point","coordinates":[127.2191425,36.9439628]},"properties":{"pnu":"4155034025102130002","municipality_code":"41550","municipality":"안성시","district":"안성시","locality":"미양면 법전리","address":"안성시 미양면 법전리 213-2","owner_type":"국유지","owner_label":"국(농림수산부)","manager":"","property_class":"","land_category":"도로","area_sqm":7618.0,"area_band":"5,000㎡ 이상","interest_category":"도로","solar_candidate":"검토필요","candidate_reason":"도로점용 및 실제 이용형태 추가 검토 필요; 면적 7,618㎡","priority_score":40,"source":"경기부동산포털 국공유지조회·연속지적도","source_date":"2026-08-11","installed_solar_match":false}},{"type":"Feature","id":"4155033023103690009","geometry":{"type":"Point","coordinates":[127.233206,36.92512]},"properties":{"pnu":"4155033023103690009","municipality_code":"41550","municipality":"안성시","district":"안성시","locality":"서운면 송정리","address":"안성시 서운면 송정리 369-9","owner_type":"국유지","owner_label":"국(건설부)","manager":"","property_class":"","land_category":"도로","area_sqm":7593.0,"area_band":"5,000㎡ 이상","interest_category":"도로","solar_candidate":"검토필요","candidate_reason":"도로점용 및 실제 이용형태 추가 검토 필요; 면적 7,593㎡","priority_score":40,"source":"경기부동산포털 국공유지조회·연속지적도","source_date":"2026-08-11","installed_solar_match":false}},{"type":"Feature","id":"4155040025108620000","geometry":{"type":"Point","coordinates":[127.4012578,37.0631702]},"properties":{"pnu":"4155040025108620000","municipality_code":"41550","municipality":"안성시","district":"안성시","locality":"죽산면 장능리","address":"안성시 죽산면 장능리 862","owner_type":"국유지","owner_label":"국(농림수산부)","manager":"","property_class":"","land_category":"도로","area_sqm":7534.0,"area_band":"5,000㎡ 이상","interest_category":"도로","solar_candidate":"검토필요","candidate_reason":"도로점용 및 실제 이용형태 추가 검토 필요; 면적 7,534㎡","priority_score":40,"source":"경기부동산포털 국공유지조회·연속지적도","source_date":"2026-08-11","installed_solar_match":false}},{"type":"Feature","id":"4155036027102900002","geometry":{"type":"Point","coordinates":[127.2043528,37.0782357]},"properties":{"pnu":"4155036027102900002","municipality_code":"41550","municipality":"안성시","district":"안성시","locality":"양성면 산정리","address":"안성시 양성면 산정리 290-2","owner_type":"국유지","owner_label":"국(건설교통부)","manager":"","property_class":"","land_category":"도로","area_sqm":7508.0,"area_band":"5,000㎡ 이상","interest_category":"도로","solar_candidate":"검토필요","candidate_reason":"도로점용 및 실제 이용형태 추가 검토 필요; 면적 7,508㎡","priority_score":40,"source":"경기부동산포털 국공유지조회·연속지적도","source_date":"2026-08-11","installed_solar_match":true,"installed_solar_count":1,"installed_solar_area_sqm":20.3,"installed_solar_analysis_years":["2024"],"installed_solar_types":["개인주택"],"installed_solar_permit_status_counts":{"N":1}}},{"type":"Feature","id":"4155038026200500002","geometry":{"type":"Point","coordinates":[127.1293723,37.0339739]},"properties":{"pnu":"4155038026200500002","municipality_code":"41550","municipality":"안성시","district":"안성시","locality":"원곡면 외가천리","address":"안성시 원곡면 외가천리 산50-2","owner_type":"국유지","owner_label":"국(건설교통부)","manager":"","property_class":"","land_category":"도로","area_sqm":7499.0,"area_band":"5,000㎡ 이상","interest_category":"도로","solar_candidate":"검토필요","candidate_reason":"도로점용 및 실제 이용형태 추가 검토 필요; 면적 7,499㎡","priority_score":40,"source":"경기부동산포털 국공유지조회·연속지적도","source_date":"2026-08-11","installed_solar_match":false}},{"type":"Feature","id":"4155032022106570000","geometry":{"type":"Point","coordinates":[127.2983377,36.9844503]},"properties":{"pnu":"4155032022106570000","municipality_code":"41550","municipality":"안성시","district":"안성시","locality":"금광면 개산리","address":"안성시 금광면 개산리 657","owner_type":"국유지","owner_label":"국(농림축산식품부)","manager":"","property_class":"","land_category":"도로","area_sqm":7428.8,"area_band":"5,000㎡ 이상","interest_category":"도로","solar_candidate":"검토필요","candidate_reason":"도로점용 및 실제 이용형태 추가 검토 필요; 면적 7,429㎡","priority_score":40,"source":"경기부동산포털 국공유지조회·연속지적도","source_date":"2026-08-11","installed_solar_match":false}},{"type":"Feature","id":"4155041022109790009","geometry":{"type":"Point","coordinates":[127.3747725,37.0990583]},"properties":{"pnu":"4155041022109790009","municipality_code":"41550","municipality":"안성시","district":"안성시","locality":"삼죽면 율곡리","address":"안성시 삼죽면 율곡리 979-9","owner_type":"국유지","owner_label":"국(농림부)","manager":"","property_class":"","land_category":"도로","area_sqm":7395.0,"area_band":"5,000㎡ 이상","interest_category":"도로","solar_candidate":"검토필요","candidate_reason":"도로점용 및 실제 이용형태 추가 검토 필요; 면적 7,395㎡","priority_score":40,"source":"경기부동산포털 국공유지조회·연속지적도","source_date":"2026-08-11","installed_solar_match":false}},{"type":"Feature","id":"4155040022110180000","geometry":{"type":"Point","coordinates":[127.4296372,37.106873]},"properties":{"pnu":"4155040022110180000","municipality_code":"41550","municipality":"안성시","district":"안성시","locality":"죽산면 매산리","address":"안성시 죽산면 매산리 1018","owner_type":"국유지","owner_label":"국(건설교통부)","manager":"","property_class":"","land_category":"도로","area_sqm":7365.0,"area_band":"5,000㎡ 이상","interest_category":"도로","solar_candidate":"검토필요","candidate_reason":"도로점용 및 실제 이용형태 추가 검토 필요; 면적 7,365㎡","priority_score":40,"source":"경기부동산포털 국공유지조회·연속지적도","source_date":"2026-08-11","installed_solar_match":false}},{"type":"Feature","id":"4155038025200720003","geometry":{"type":"Point","coordinates":[127.10837,37.0333852]},"properties":{"pnu":"4155038025200720003","municipality_code":"41550","municipality":"안성시","district":"안성시","locality":"원곡면 내가천리","address":"안성시 원곡면 내가천리 산72-3","owner_type":"국유지","owner_label":"국(건설교통부)","manager":"","property_class":"","land_category":"도로","area_sqm":7359.0,"area_band":"5,000㎡ 이상","interest_category":"도로","solar_candidate":"검토필요","candidate_reason":"도로점용 및 실제 이용형태 추가 검토 필요; 면적 7,359㎡","priority_score":40,"source":"경기부동산포털 국공유지조회·연속지적도","source_date":"2026-08-11","installed_solar_match":false}},{"type":"Feature","id":"4155035031106940002","geometry":{"type":"Point","coordinates":[127.2213856,37.0287737]},"properties":{"pnu":"4155035031106940002","municipality_code":"41550","municipality":"안성시","district":"안성시","locality":"대덕면 신령리","address":"안성시 대덕면 신령리 694-2","owner_type":"국유지","owner_label":"국(건설교통부)","manager":"","property_class":"","land_category":"도로","area_sqm":7345.0,"area_band":"5,000㎡ 이상","interest_category":"도로","solar_candidate":"검토필요","candidate_reason":"도로점용 및 실제 이용형태 추가 검토 필요; 면적 7,345㎡","priority_score":40,"source":"경기부동산포털 국공유지조회·연속지적도","source_date":"2026-08-11","installed_solar_match":false}},{"type":"Feature","id":"4155040022101850001","geometry":{"type":"Point","coordinates":[127.4458739,37.0991021]},"properties":{"pnu":"4155040022101850001","municipality_code":"41550","municipality":"안성시","district":"안성시","locality":"죽산면 매산리","address":"안성시 죽산면 매산리 185-1","owner_type":"국유지","owner_label":"국(건설부)","manager":"","property_class":"","land_category":"도로","area_sqm":7271.0,"area_band":"5,000㎡ 이상","interest_category":"도로","solar_candidate":"검토필요","candidate_reason":"도로점용 및 실제 이용형태 추가 검토 필요; 면적 7,271㎡","priority_score":40,"source":"경기부동산포털 국공유지조회·연속지적도","source_date":"2026-08-11","installed_solar_match":false}},{"type":"Feature","id":"4155040027202340017","geometry":{"type":"Point","coordinates":[127.4400953,37.0566915]},"properties":{"pnu":"4155040027202340017","municipality_code":"41550","municipality":"안성시","district":"안성시","locality":"죽산면 용설리","address":"안성시 죽산면 용설리 산234-17","owner_type":"국유지","owner_label":"국(건설교통부)","manager":"","property_class":"","land_category":"도로","area_sqm":7254.0,"area_band":"5,000㎡ 이상","interest_category":"도로","solar_candidate":"검토필요","candidate_reason":"도로점용 및 실제 이용형태 추가 검토 필요; 면적 7,254㎡","priority_score":40,"source":"경기부동산포털 국공유지조회·연속지적도","source_date":"2026-08-11","installed_solar_match":false}},{"type":"Feature","id":"4155040029201110002","geometry":{"type":"Point","coordinates":[127.4428263,37.0246218]},"properties":{"pnu":"4155040029201110002","municipality_code":"41550","municipality":"안성시","district":"안성시","locality":"죽산면 당목리","address":"안성시 죽산면 당목리 산111-2","owner_type":"국유지","owner_label":"국(건설교통부)","manager":"","property_class":"","land_category":"도로","area_sqm":7248.0,"area_band":"5,000㎡ 이상","interest_category":"도로","solar_candidate":"검토필요","candidate_reason":"도로점용 및 실제 이용형태 추가 검토 필요; 면적 7,248㎡","priority_score":40,"source":"경기부동산포털 국공유지조회·연속지적도","source_date":"2026-08-11","installed_solar_match":false}},{"type":"Feature","id":"4155039022102280001","geometry":{"type":"Point","coordinates":[127.4936195,37.0893957]},"properties":{"pnu":"4155039022102280001","municipality_code":"41550","municipality":"안성시","district":"안성시","locality":"일죽면 주천리","address":"안성시 일죽면 주천리 228-1","owner_type":"국유지","owner_label":"국(농수산부)","manager":"","property_class":"","land_category":"도로","area_sqm":7232.0,"area_band":"5,000㎡ 이상","interest_category":"도로","solar_candidate":"검토필요","candidate_reason":"도로점용 및 실제 이용형태 추가 검토 필요; 면적 7,232㎡","priority_score":40,"source":"경기부동산포털 국공유지조회·연속지적도","source_date":"2026-08-11","installed_solar_match":false}},{"type":"Feature","id":"4155039021118230000","geometry":{"type":"Point","coordinates":[127.4589591,37.0794684]},"properties":{"pnu":"4155039021118230000","municipality_code":"41550","municipality":"안성시","district":"안성시","locality":"일죽면 월정리","address":"안성시 일죽면 월정리 1823","owner_type":"국유지","owner_label":"국(농림수산부)","manager":"","property_class":"","land_category":"도로","area_sqm":7188.0,"area_band":"5,000㎡ 이상","interest_category":"도로","solar_candidate":"검토필요","candidate_reason":"도로점용 및 실제 이용형태 추가 검토 필요; 면적 7,188㎡","priority_score":40,"source":"경기부동산포털 국공유지조회·연속지적도","source_date":"2026-08-11","installed_solar_match":false}},{"type":"Feature","id":"4155039022106580000","geometry":{"type":"Point","coordinates":[127.4902586,37.0955383]},"properties":{"pnu":"4155039022106580000","municipality_code":"41550","municipality":"안성시","district":"안성시","locality":"일죽면 주천리","address":"안성시 일죽면 주천리 658","owner_type":"국유지","owner_label":"국(농림수산부)","manager":"","property_class":"","land_category":"도로","area_sqm":7186.0,"area_band":"5,000㎡ 이상","interest_category":"도로","solar_candidate":"검토필요","candidate_reason":"도로점용 및 실제 이용형태 추가 검토 필요; 면적 7,186㎡","priority_score":40,"source":"경기부동산포털 국공유지조회·연속지적도","source_date":"2026-08-11","installed_solar_match":false}},{"type":"Feature","id":"4155040030200400001","geometry":{"type":"Point","coordinates":[127.4376184,37.0172368]},"properties":{"pnu":"4155040030200400001","municipality_code":"41550","municipality":"안성시","district":"안성시","locality":"죽산면 두교리","address":"안성시 죽산면 두교리 산40-1","owner_type":"국유지","owner_label":"국(건설교통부)","manager":"","property_class":"","land_category":"도로","area_sqm":7183.0,"area_band":"5,000㎡ 이상","interest_category":"도로","solar_candidate":"검토필요","candidate_reason":"도로점용 및 실제 이용형태 추가 검토 필요; 면적 7,183㎡","priority_score":40,"source":"경기부동산포털 국공유지조회·연속지적도","source_date":"2026-08-11","installed_solar_match":false}},{"type":"Feature","id":"4155040022200790002","geometry":{"type":"Point","coordinates":[127.4335942,37.0963127]},"properties":{"pnu":"4155040022200790002","municipality_code":"41550","municipality":"안성시","district":"안성시","locality":"죽산면 매산리","address":"안성시 죽산면 매산리 산79-2","owner_type":"국유지","owner_label":"국(건설부)","manager":"","property_class":"","land_category":"도로","area_sqm":7176.0,"area_band":"5,000㎡ 이상","interest_category":"도로","solar_candidate":"검토필요","candidate_reason":"도로점용 및 실제 이용형태 추가 검토 필요; 면적 7,176㎡","priority_score":40,"source":"경기부동산포털 국공유지조회·연속지적도","source_date":"2026-08-11","installed_solar_match":false}},{"type":"Feature","id":"4155042024108160000","geometry":{"type":"Point","coordinates":[127.2558521,37.0881355]},"properties":{"pnu":"4155042024108160000","municipality_code":"41550","municipality":"안성시","district":"안성시","locality":"고삼면 가유리","address":"안성시 고삼면 가유리 816","owner_type":"국유지","owner_label":"국(건설교통부)","manager":"","property_class":"","land_category":"도로","area_sqm":7162.0,"area_band":"5,000㎡ 이상","interest_category":"도로","solar_candidate":"검토필요","candidate_reason":"도로점용 및 실제 이용형태 추가 검토 필요; 면적 7,162㎡","priority_score":40,"source":"경기부동산포털 국공유지조회·연속지적도","source_date":"2026-08-11","installed_solar_match":false}},{"type":"Feature","id":"4155025030105410001","geometry":{"type":"Point","coordinates":[127.1905553,37.0110992]},"properties":{"pnu":"4155025030105410001","municipality_code":"41550","municipality":"안성시","district":"안성시","locality":"공도읍 마정리","address":"안성시 공도읍 마정리 541-1","owner_type":"국유지","owner_label":"국(건설부)","manager":"","property_class":"","land_category":"도로","area_sqm":7153.0,"area_band":"5,000㎡ 이상","interest_category":"도로","solar_candidate":"검토필요","candidate_reason":"도로점용 및 실제 이용형태 추가 검토 필요; 면적 7,153㎡","priority_score":40,"source":"경기부동산포털 국공유지조회·연속지적도","source_date":"2026-08-11","installed_solar_match":false}},{"type":"Feature","id":"4155040025108580005","geometry":{"type":"Point","coordinates":[127.3973474,37.0680886]},"properties":{"pnu":"4155040025108580005","municipality_code":"41550","municipality":"안성시","district":"안성시","locality":"죽산면 장능리","address":"안성시 죽산면 장능리 858-5","owner_type":"국유지","owner_label":"국(건설부)","manager":"","property_class":"","land_category":"도로","area_sqm":7139.0,"area_band":"5,000㎡ 이상","interest_category":"도로","solar_candidate":"검토필요","candidate_reason":"도로점용 및 실제 이용형태 추가 검토 필요; 면적 7,139㎡","priority_score":40,"source":"경기부동산포털 국공유지조회·연속지적도","source_date":"2026-08-11","installed_solar_match":false}},{"type":"Feature","id":"4155039035200680001","geometry":{"type":"Point","coordinates":[127.4736355,37.0612304]},"properties":{"pnu":"4155039035200680001","municipality_code":"41550","municipality":"안성시","district":"안성시","locality":"일죽면 화봉리","address":"안성시 일죽면 화봉리 산68-1","owner_type":"국유지","owner_label":"국(건설부)","manager":"","property_class":"","land_category":"도로","area_sqm":7135.0,"area_band":"5,000㎡ 이상","interest_category":"도로","solar_candidate":"검토필요","candidate_reason":"도로점용 및 실제 이용형태 추가 검토 필요; 면적 7,135㎡","priority_score":40,"source":"경기부동산포털 국공유지조회·연속지적도","source_date":"2026-08-11","installed_solar_match":false}},{"type":"Feature","id":"4155035029104080000","geometry":{"type":"Point","coordinates":[127.2726131,37.0632334]},"properties":{"pnu":"4155035029104080000","municipality_code":"41550","municipality":"안성시","district":"안성시","locality":"대덕면 대농리","address":"안성시 대덕면 대농리 408","owner_type":"국유지","owner_label":"국(농림축산식품부)","manager":"","property_class":"","land_category":"도로","area_sqm":7115.9,"area_band":"5,000㎡ 이상","interest_category":"도로","solar_candidate":"검토필요","candidate_reason":"도로점용 및 실제 이용형태 추가 검토 필요; 면적 7,116㎡","priority_score":40,"source":"경기부동산포털 국공유지조회·연속지적도","source_date":"2026-08-11","installed_solar_match":false}},{"type":"Feature","id":"4155025026107270005","geometry":{"type":"Point","coordinates":[127.1569426,36.9871289]},"properties":{"pnu":"4155025026107270005","municipality_code":"41550","municipality":"안성시","district":"안성시","locality":"공도읍 승두리","address":"안성시 공도읍 승두리 727-5","owner_type":"국유지","owner_label":"국(건설교통부)","manager":"","property_class":"","land_category":"도로","area_sqm":7104.0,"area_band":"5,000㎡ 이상","interest_category":"도로","solar_candidate":"검토필요","candidate_reason":"도로점용 및 실제 이용형태 추가 검토 필요; 면적 7,104㎡","priority_score":40,"source":"경기부동산포털 국공유지조회·연속지적도","source_date":"2026-08-11","installed_solar_match":false}},{"type":"Feature","id":"4155031021104890007","geometry":{"type":"Point","coordinates":[127.2977374,37.050611]},"properties":{"pnu":"4155031021104890007","municipality_code":"41550","municipality":"안성시","district":"안성시","locality":"보개면 적가리","address":"안성시 보개면 적가리 489-7","owner_type":"국유지","owner_label":"국(건설부)","manager":"","property_class":"","land_category":"도로","area_sqm":7094.0,"area_band":"5,000㎡ 이상","interest_category":"도로","solar_candidate":"검토필요","candidate_reason":"도로점용 및 실제 이용형태 추가 검토 필요; 면적 7,094㎡","priority_score":40,"source":"경기부동산포털 국공유지조회·연속지적도","source_date":"2026-08-11","installed_solar_match":false}},{"type":"Feature","id":"4155013300106600000","geometry":{"type":"Point","coordinates":[127.2872354,36.9763166]},"properties":{"pnu":"4155013300106600000","municipality_code":"41550","municipality":"안성시","district":"안성시","locality":"중리동","address":"안성시 중리동 660","owner_type":"국유지","owner_label":"국(농림축산식품부)","manager":"","property_class":"","land_category":"도로","area_sqm":7085.4,"area_band":"5,000㎡ 이상","interest_category":"도로","solar_candidate":"검토필요","candidate_reason":"도로점용 및 실제 이용형태 추가 검토 필요; 면적 7,085㎡","priority_score":40,"source":"경기부동산포털 국공유지조회·연속지적도","source_date":"2026-08-11","installed_solar_match":false}},{"type":"Feature","id":"4155040027202440017","geometry":{"type":"Point","coordinates":[127.4415034,37.0608701]},"properties":{"pnu":"4155040027202440017","municipality_code":"41550","municipality":"안성시","district":"안성시","locality":"죽산면 용설리","address":"안성시 죽산면 용설리 산244-17","owner_type":"국유지","owner_label":"국(건설교통부)","manager":"","property_class":"","land_category":"도로","area_sqm":7068.0,"area_band":"5,000㎡ 이상","interest_category":"도로","solar_candidate":"검토필요","candidate_reason":"도로점용 및 실제 이용형태 추가 검토 필요; 면적 7,068㎡","priority_score":40,"source":"경기부동산포털 국공유지조회·연속지적도","source_date":"2026-08-11","installed_solar_match":false}},{"type":"Feature","id":"4155025027103270000","geometry":{"type":"Point","coordinates":[127.1698707,36.9699584]},"properties":{"pnu":"4155025027103270000","municipality_code":"41550","municipality":"안성시","district":"안성시","locality":"공도읍 건천리","address":"안성시 공도읍 건천리 327","owner_type":"국유지","owner_label":"국(농림축산식품부)","manager":"","property_class":"","land_category":"도로","area_sqm":7049.0,"area_band":"5,000㎡ 이상","interest_category":"도로","solar_candidate":"검토필요","candidate_reason":"도로점용 및 실제 이용형태 추가 검토 필요; 면적 7,049㎡","priority_score":40,"source":"경기부동산포털 국공유지조회·연속지적도","source_date":"2026-08-11","installed_solar_match":false}},{"type":"Feature","id":"4155034038104150000","geometry":{"type":"Point","coordinates":[127.2481235,36.9518321]},"properties":{"pnu":"4155034038104150000","municipality_code":"41550","municipality":"안성시","district":"안성시","locality":"미양면 양변리","address":"안성시 미양면 양변리 415","owner_type":"국유지","owner_label":"국(농림축산식품부)","manager":"","property_class":"","land_category":"도로","area_sqm":7029.0,"area_band":"5,000㎡ 이상","interest_category":"도로","solar_candidate":"검토필요","candidate_reason":"도로점용 및 실제 이용형태 추가 검토 필요; 면적 7,029㎡","priority_score":40,"source":"경기부동산포털 국공유지조회·연속지적도","source_date":"2026-08-11","installed_solar_match":false}},{"type":"Feature","id":"4155025027103480004","geometry":{"type":"Point","coordinates":[127.1658963,36.9752428]},"properties":{"pnu":"4155025027103480004","municipality_code":"41550","municipality":"안성시","district":"안성시","locality":"공도읍 건천리","address":"안성시 공도읍 건천리 348-4","owner_type":"국유지","owner_label":"국(건설부)","manager":"","property_class":"","land_category":"도로","area_sqm":7026.0,"area_band":"5,000㎡ 이상","interest_category":"도로","solar_candidate":"검토필요","candidate_reason":"도로점용 및 실제 이용형태 추가 검토 필요; 면적 7,026㎡","priority_score":40,"source":"경기부동산포털 국공유지조회·연속지적도","source_date":"2026-08-11","installed_solar_match":false}},{"type":"Feature","id":"4155025029106840011","geometry":{"type":"Point","coordinates":[127.1724222,37.0153878]},"properties":{"pnu":"4155025029106840011","municipality_code":"41550","municipality":"안성시","district":"안성시","locality":"공도읍 만정리","address":"안성시 공도읍 만정리 684-11","owner_type":"국유지","owner_label":"국(건설교통부)","manager":"","property_class":"","land_category":"도로","area_sqm":7011.0,"area_band":"5,000㎡ 이상","interest_category":"도로","solar_candidate":"검토필요","candidate_reason":"도로점용 및 실제 이용형태 추가 검토 필요; 면적 7,011㎡","priority_score":40,"source":"경기부동산포털 국공유지조회·연속지적도","source_date":"2026-08-11","installed_solar_match":false}},{"type":"Feature","id":"4155039021102260003","geometry":{"type":"Point","coordinates":[127.4502032,37.0927391]},"properties":{"pnu":"4155039021102260003","municipality_code":"41550","municipality":"안성시","district":"안성시","locality":"일죽면 월정리","address":"안성시 일죽면 월정리 226-3","owner_type":"국유지","owner_label":"국(건설부)","manager":"","property_class":"","land_category":"도로","area_sqm":7008.0,"area_band":"5,000㎡ 이상","interest_category":"도로","solar_candidate":"검토필요","candidate_reason":"도로점용 및 실제 이용형태 추가 검토 필요; 면적 7,008㎡","priority_score":40,"source":"경기부동산포털 국공유지조회·연속지적도","source_date":"2026-08-11","installed_solar_match":false}},{"type":"Feature","id":"4155040029200760002","geometry":{"type":"Point","coordinates":[127.4437745,37.0267149]},"properties":{"pnu":"4155040029200760002","municipality_code":"41550","municipality":"안성시","district":"안성시","locality":"죽산면 당목리","address":"안성시 죽산면 당목리 산76-2","owner_type":"국유지","owner_label":"국(건설교통부)","manager":"","property_class":"","land_category":"도로","area_sqm":6981.0,"area_band":"5,000㎡ 이상","interest_category":"도로","solar_candidate":"검토필요","candidate_reason":"도로점용 및 실제 이용형태 추가 검토 필요; 면적 6,981㎡","priority_score":40,"source":"경기부동산포털 국공유지조회·연속지적도","source_date":"2026-08-11","installed_solar_match":false}},{"type":"Feature","id":"4155025027107830000","geometry":{"type":"Point","coordinates":[127.1564918,36.9725397]},"properties":{"pnu":"4155025027107830000","municipality_code":"41550","municipality":"안성시","district":"안성시","locality":"공도읍 건천리","address":"안성시 공도읍 건천리 783","owner_type":"국유지","owner_label":"국(국토해양부)","manager":"","property_class":"","land_category":"도로","area_sqm":6951.9,"area_band":"5,000㎡ 이상","interest_category":"도로","solar_candidate":"검토필요","candidate_reason":"도로점용 및 실제 이용형태 추가 검토 필요; 면적 6,952㎡","priority_score":40,"source":"경기부동산포털 국공유지조회·연속지적도","source_date":"2026-08-11","installed_solar_match":false}},{"type":"Feature","id":"4155039027200230001","geometry":{"type":"Point","coordinates":[127.4391962,37.1439763]},"properties":{"pnu":"4155039027200230001","municipality_code":"41550","municipality":"안성시","district":"안성시","locality":"일죽면 방초리","address":"안성시 일죽면 방초리 산23-1","owner_type":"국유지","owner_label":"국(건설부)","manager":"","property_class":"","land_category":"도로","area_sqm":6935.0,"area_band":"5,000㎡ 이상","interest_category":"도로","solar_candidate":"검토필요","candidate_reason":"도로점용 및 실제 이용형태 추가 검토 필요; 면적 6,935㎡","priority_score":40,"source":"경기부동산포털 국공유지조회·연속지적도","source_date":"2026-08-11","installed_solar_match":false}},{"type":"Feature","id":"4155035030106980005","geometry":{"type":"Point","coordinates":[127.2167593,36.9931869]},"properties":{"pnu":"4155035030106980005","municipality_code":"41550","municipality":"안성시","district":"안성시","locality":"대덕면 죽리","address":"안성시 대덕면 죽리 698-5","owner_type":"국유지","owner_label":"국(농림축산식품부)","manager":"","property_class":"","land_category":"도로","area_sqm":6912.0,"area_band":"5,000㎡ 이상","interest_category":"도로","solar_candidate":"검토필요","candidate_reason":"도로점용 및 실제 이용형태 추가 검토 필요; 면적 6,912㎡","priority_score":40,"source":"경기부동산포털 국공유지조회·연속지적도","source_date":"2026-08-11","installed_solar_match":false}},{"type":"Feature","id":"4155032021105650002","geometry":{"type":"Point","coordinates":[127.3028073,36.9899715]},"properties":{"pnu":"4155032021105650002","municipality_code":"41550","municipality":"안성시","district":"안성시","locality":"금광면 내우리","address":"안성시 금광면 내우리 565-2","owner_type":"국유지","owner_label":"국(건설부)","manager":"","property_class":"","land_category":"도로","area_sqm":6897.0,"area_band":"5,000㎡ 이상","interest_category":"도로","solar_candidate":"검토필요","candidate_reason":"도로점용 및 실제 이용형태 추가 검토 필요; 면적 6,897㎡","priority_score":40,"source":"경기부동산포털 국공유지조회·연속지적도","source_date":"2026-08-11","installed_solar_match":false}},{"type":"Feature","id":"4155039035106640001","geometry":{"type":"Point","coordinates":[127.4725331,37.0648869]},"properties":{"pnu":"4155039035106640001","municipality_code":"41550","municipality":"안성시","district":"안성시","locality":"일죽면 화봉리","address":"안성시 일죽면 화봉리 664-1","owner_type":"국유지","owner_label":"국(건설부)","manager":"","property_class":"","land_category":"도로","area_sqm":6885.0,"area_band":"5,000㎡ 이상","interest_category":"도로","solar_candidate":"검토필요","candidate_reason":"도로점용 및 실제 이용형태 추가 검토 필요; 면적 6,885㎡","priority_score":40,"source":"경기부동산포털 국공유지조회·연속지적도","source_date":"2026-08-11","installed_solar_match":false}},{"type":"Feature","id":"4155025030105300000","geometry":{"type":"Point","coordinates":[127.2063038,37.0196566]},"properties":{"pnu":"4155025030105300000","municipality_code":"41550","municipality":"안성시","district":"안성시","locality":"공도읍 마정리","address":"안성시 공도읍 마정리 530","owner_type":"국유지","owner_label":"국(건설부)","manager":"","property_class":"","land_category":"도로","area_sqm":6874.0,"area_band":"5,000㎡ 이상","interest_category":"도로","solar_candidate":"검토필요","candidate_reason":"도로점용 및 실제 이용형태 추가 검토 필요; 면적 6,874㎡","priority_score":40,"source":"경기부동산포털 국공유지조회·연속지적도","source_date":"2026-08-11","installed_solar_match":false}},{"type":"Feature","id":"4155040030201280000","geometry":{"type":"Point","coordinates":[127.3981703,37.0041991]},"properties":{"pnu":"4155040030201280000","municipality_code":"41550","municipality":"안성시","district":"안성시","locality":"죽산면 두교리","address":"안성시 죽산면 두교리 산128","owner_type":"국유지","owner_label":"국(건설교통부)","manager":"","property_class":"","land_category":"도로","area_sqm":6872.0,"area_band":"5,000㎡ 이상","interest_category":"도로","solar_candidate":"검토필요","candidate_reason":"도로점용 및 실제 이용형태 추가 검토 필요; 면적 6,872㎡","priority_score":40,"source":"경기부동산포털 국공유지조회·연속지적도","source_date":"2026-08-11","installed_solar_match":false}},{"type":"Feature","id":"4155039027111230001","geometry":{"type":"Point","coordinates":[127.4281231,37.1123298]},"properties":{"pnu":"4155039027111230001","municipality_code":"41550","municipality":"안성시","district":"안성시","locality":"일죽면 방초리","address":"안성시 일죽면 방초리 1123-1","owner_type":"국유지","owner_label":"국(농림부)","manager":"","property_class":"","land_category":"도로","area_sqm":6870.8,"area_band":"5,000㎡ 이상","interest_category":"도로","solar_candidate":"검토필요","candidate_reason":"도로점용 및 실제 이용형태 추가 검토 필요; 면적 6,871㎡","priority_score":40,"source":"경기부동산포털 국공유지조회·연속지적도","source_date":"2026-08-11","installed_solar_match":false}},{"type":"Feature","id":"4155038023105290004","geometry":{"type":"Point","coordinates":[127.1368255,37.0461802]},"properties":{"pnu":"4155038023105290004","municipality_code":"41550","municipality":"안성시","district":"안성시","locality":"원곡면 지문리","address":"안성시 원곡면 지문리 529-4","owner_type":"국유지","owner_label":"국(건설부)","manager":"","property_class":"","land_category":"도로","area_sqm":6868.0,"area_band":"5,000㎡ 이상","interest_category":"도로","solar_candidate":"검토필요","candidate_reason":"도로점용 및 실제 이용형태 추가 검토 필요; 면적 6,868㎡","priority_score":40,"source":"경기부동산포털 국공유지조회·연속지적도","source_date":"2026-08-11","installed_solar_match":false}},{"type":"Feature","id":"4155036021107920003","geometry":{"type":"Point","coordinates":[127.1936069,37.059196]},"properties":{"pnu":"4155036021107920003","municipality_code":"41550","municipality":"안성시","district":"안성시","locality":"양성면 동항리","address":"안성시 양성면 동항리 792-3","owner_type":"국유지","owner_label":"국(건설부)","manager":"","property_class":"","land_category":"도로","area_sqm":6867.0,"area_band":"5,000㎡ 이상","interest_category":"도로","solar_candidate":"검토필요","candidate_reason":"도로점용 및 실제 이용형태 추가 검토 필요; 면적 6,867㎡","priority_score":40,"source":"경기부동산포털 국공유지조회·연속지적도","source_date":"2026-08-11","installed_solar_match":false}},{"type":"Feature","id":"4155039025106210000","geometry":{"type":"Point","coordinates":[127.507612,37.0901228]},"properties":{"pnu":"4155039025106210000","municipality_code":"41550","municipality":"안성시","district":"안성시","locality":"일죽면 산북리","address":"안성시 일죽면 산북리 621","owner_type":"국유지","owner_label":"국(건설교통부)","manager":"","property_class":"","land_category":"도로","area_sqm":6821.0,"area_band":"5,000㎡ 이상","interest_category":"도로","solar_candidate":"검토필요","candidate_reason":"도로점용 및 실제 이용형태 추가 검토 필요; 면적 6,821㎡","priority_score":40,"source":"경기부동산포털 국공유지조회·연속지적도","source_date":"2026-08-11","installed_solar_match":false}},{"type":"Feature","id":"4155039027111300001","geometry":{"type":"Point","coordinates":[127.4322793,37.1204762]},"properties":{"pnu":"4155039027111300001","municipality_code":"41550","municipality":"안성시","district":"안성시","locality":"일죽면 방초리","address":"안성시 일죽면 방초리 1130-1","owner_type":"국유지","owner_label":"국(농림부)","manager":"","property_class":"","land_category":"도로","area_sqm":6814.8,"area_band":"5,000㎡ 이상","interest_category":"도로","solar_candidate":"검토필요","candidate_reason":"도로점용 및 실제 이용형태 추가 검토 필요; 면적 6,815㎡","priority_score":40,"source":"경기부동산포털 국공유지조회·연속지적도","source_date":"2026-08-11","installed_solar_match":false}},{"type":"Feature","id":"4155040029200240001","geometry":{"type":"Point","coordinates":[127.4412085,37.0355692]},"properties":{"pnu":"4155040029200240001","municipality_code":"41550","municipality":"안성시","district":"안성시","locality":"죽산면 당목리","address":"안성시 죽산면 당목리 산24-1","owner_type":"국유지","owner_label":"국(국토해양부)","manager":"","property_class":"","land_category":"도로","area_sqm":6810.0,"area_band":"5,000㎡ 이상","interest_category":"도로","solar_candidate":"검토필요","candidate_reason":"도로점용 및 실제 이용형태 추가 검토 필요; 면적 6,810㎡","priority_score":40,"source":"경기부동산포털 국공유지조회·연속지적도","source_date":"2026-08-11","installed_solar_match":false}},{"type":"Feature","id":"4155040025108810006","geometry":{"type":"Point","coordinates":[127.3927274,37.0670179]},"properties":{"pnu":"4155040025108810006","municipality_code":"41550","municipality":"안성시","district":"안성시","locality":"죽산면 장능리","address":"안성시 죽산면 장능리 881-6","owner_type":"국유지","owner_label":"국(건설부)","manager":"","property_class":"","land_category":"도로","area_sqm":6793.0,"area_band":"5,000㎡ 이상","interest_category":"도로","solar_candidate":"검토필요","candidate_reason":"도로점용 및 실제 이용형태 추가 검토 필요; 면적 6,793㎡","priority_score":40,"source":"경기부동산포털 국공유지조회·연속지적도","source_date":"2026-08-11","installed_solar_match":false}},{"type":"Feature","id":"4155039029200950007","geometry":{"type":"Point","coordinates":[127.444343,37.1241866]},"properties":{"pnu":"4155039029200950007","municipality_code":"41550","municipality":"안성시","district":"안성시","locality":"일죽면 고은리","address":"안성시 일죽면 고은리 산95-7","owner_type":"국유지","owner_label":"국(건설부)","manager":"","property_class":"","land_category":"도로","area_sqm":6768.0,"area_band":"5,000㎡ 이상","interest_category":"도로","solar_candidate":"검토필요","candidate_reason":"도로점용 및 실제 이용형태 추가 검토 필요; 면적 6,768㎡","priority_score":40,"source":"경기부동산포털 국공유지조회·연속지적도","source_date":"2026-08-11","installed_solar_match":false}},{"type":"Feature","id":"4155039034101690001","geometry":{"type":"Point","coordinates":[127.4640849,37.0757087]},"properties":{"pnu":"4155039034101690001","municipality_code":"41550","municipality":"안성시","district":"안성시","locality":"일죽면 장암리","address":"안성시 일죽면 장암리 169-1","owner_type":"국유지","owner_label":"국(건설부)","manager":"","property_class":"","land_category":"도로","area_sqm":6763.0,"area_band":"5,000㎡ 이상","interest_category":"도로","solar_candidate":"검토필요","candidate_reason":"도로점용 및 실제 이용형태 추가 검토 필요; 면적 6,763㎡","priority_score":40,"source":"경기부동산포털 국공유지조회·연속지적도","source_date":"2026-08-11","installed_solar_match":false}},{"type":"Feature","id":"4155039025107040000","geometry":{"type":"Point","coordinates":[127.5070629,37.0944704]},"properties":{"pnu":"4155039025107040000","municipality_code":"41550","municipality":"안성시","district":"안성시","locality":"일죽면 산북리","address":"안성시 일죽면 산북리 704","owner_type":"국유지","owner_label":"국(농림수산부)","manager":"","property_class":"","land_category":"도로","area_sqm":6761.8,"area_band":"5,000㎡ 이상","interest_category":"도로","solar_candidate":"검토필요","candidate_reason":"도로점용 및 실제 이용형태 추가 검토 필요; 면적 6,762㎡","priority_score":40,"source":"경기부동산포털 국공유지조회·연속지적도","source_date":"2026-08-11","installed_solar_match":false}},{"type":"Feature","id":"4155040029200230004","geometry":{"type":"Point","coordinates":[127.4410765,37.0360669]},"properties":{"pnu":"4155040029200230004","municipality_code":"41550","municipality":"안성시","district":"안성시","locality":"죽산면 당목리","address":"안성시 죽산면 당목리 산23-4","owner_type":"국유지","owner_label":"국(건설교통부)","manager":"","property_class":"","land_category":"도로","area_sqm":6729.0,"area_band":"5,000㎡ 이상","interest_category":"도로","solar_candidate":"검토필요","candidate_reason":"도로점용 및 실제 이용형태 추가 검토 필요; 면적 6,729㎡","priority_score":40,"source":"경기부동산포털 국공유지조회·연속지적도","source_date":"2026-08-11","installed_solar_match":false}},{"type":"Feature","id":"4155025029102790029","geometry":{"type":"Point","coordinates":[127.1769167,37.0041594]},"properties":{"pnu":"4155025029102790029","municipality_code":"41550","municipality":"안성시","district":"안성시","locality":"공도읍 만정리","address":"안성시 공도읍 만정리 279-29","owner_type":"국유지","owner_label":"국(건설부)","manager":"","property_class":"","land_category":"도로","area_sqm":6726.0,"area_band":"5,000㎡ 이상","interest_category":"도로","solar_candidate":"검토필요","candidate_reason":"도로점용 및 실제 이용형태 추가 검토 필요; 면적 6,726㎡","priority_score":40,"source":"경기부동산포털 국공유지조회·연속지적도","source_date":"2026-08-11","installed_solar_match":false}},{"type":"Feature","id":"4155039024105580000","geometry":{"type":"Point","coordinates":[127.4864059,37.0842134]},"properties":{"pnu":"4155039024105580000","municipality_code":"41550","municipality":"안성시","district":"안성시","locality":"일죽면 가리","address":"안성시 일죽면 가리 558","owner_type":"국유지","owner_label":"국(건설교통부)","manager":"","property_class":"","land_category":"도로","area_sqm":6706.0,"area_band":"5,000㎡ 이상","interest_category":"도로","solar_candidate":"검토필요","candidate_reason":"도로점용 및 실제 이용형태 추가 검토 필요; 면적 6,706㎡","priority_score":40,"source":"경기부동산포털 국공유지조회·연속지적도","source_date":"2026-08-11","installed_solar_match":false}},{"type":"Feature","id":"4155034031200180023","geometry":{"type":"Point","coordinates":[127.2359854,36.9830703]},"properties":{"pnu":"4155034031200180023","municipality_code":"41550","municipality":"안성시","district":"안성시","locality":"미양면 갈전리","address":"안성시 미양면 갈전리 산18-23","owner_type":"국유지","owner_label":"국(건설교통부)","manager":"","property_class":"","land_category":"도로","area_sqm":6705.0,"area_band":"5,000㎡ 이상","interest_category":"도로","solar_candidate":"검토필요","candidate_reason":"도로점용 및 실제 이용형태 추가 검토 필요; 면적 6,705㎡","priority_score":40,"source":"경기부동산포털 국공유지조회·연속지적도","source_date":"2026-08-11","installed_solar_match":false}},{"type":"Feature","id":"4155034032103900024","geometry":{"type":"Point","coordinates":[127.2179949,36.9817302]},"properties":{"pnu":"4155034032103900024","municipality_code":"41550","municipality":"안성시","district":"안성시","locality":"미양면 양지리","address":"안성시 미양면 양지리 390-24","owner_type":"국유지","owner_label":"국(농림부)","manager":"","property_class":"","land_category":"도로","area_sqm":6664.7,"area_band":"5,000㎡ 이상","interest_category":"도로","solar_candidate":"검토필요","candidate_reason":"도로점용 및 실제 이용형태 추가 검토 필요; 면적 6,665㎡","priority_score":40,"source":"경기부동산포털 국공유지조회·연속지적도","source_date":"2026-08-11","installed_solar_match":false}},{"type":"Feature","id":"4155035023105500000","geometry":{"type":"Point","coordinates":[127.2414975,37.040304]},"properties":{"pnu":"4155035023105500000","municipality_code":"41550","municipality":"안성시","district":"안성시","locality":"대덕면 모산리","address":"안성시 대덕면 모산리 550","owner_type":"국유지","owner_label":"국(건설부)","manager":"","property_class":"","land_category":"도로","area_sqm":6661.0,"area_band":"5,000㎡ 이상","interest_category":"도로","solar_candidate":"검토필요","candidate_reason":"도로점용 및 실제 이용형태 추가 검토 필요; 면적 6,661㎡","priority_score":40,"source":"경기부동산포털 국공유지조회·연속지적도","source_date":"2026-08-11","installed_solar_match":false}},{"type":"Feature","id":"4155039033105670000","geometry":{"type":"Point","coordinates":[127.5050446,37.0695071]},"properties":{"pnu":"4155039033105670000","municipality_code":"41550","municipality":"안성시","district":"안성시","locality":"일죽면 금산리","address":"안성시 일죽면 금산리 567","owner_type":"국유지","owner_label":"국(건설교통부)","manager":"","property_class":"","land_category":"도로","area_sqm":6636.0,"area_band":"5,000㎡ 이상","interest_category":"도로","solar_candidate":"검토필요","candidate_reason":"도로점용 및 실제 이용형태 추가 검토 필요; 면적 6,636㎡","priority_score":40,"source":"경기부동산포털 국공유지조회·연속지적도","source_date":"2026-08-11","installed_solar_match":false}},{"type":"Feature","id":"4155013200103160005","geometry":{"type":"Point","coordinates":[127.2844888,36.9845335]},"properties":{"pnu":"4155013200103160005","municipality_code":"41550","municipality":"안성시","district":"안성시","locality":"발화동","address":"안성시 발화동 316-5","owner_type":"국유지","owner_label":"국(건설부)","manager":"","property_class":"","land_category":"도로","area_sqm":6613.0,"area_band":"5,000㎡ 이상","interest_category":"도로","solar_candidate":"검토필요","candidate_reason":"도로점용 및 실제 이용형태 추가 검토 필요; 면적 6,613㎡","priority_score":40,"source":"경기부동산포털 국공유지조회·연속지적도","source_date":"2026-08-11","installed_solar_match":false}},{"type":"Feature","id":"4155036021107970000","geometry":{"type":"Point","coordinates":[127.1950045,37.055059]},"properties":{"pnu":"4155036021107970000","municipality_code":"41550","municipality":"안성시","district":"안성시","locality":"양성면 동항리","address":"안성시 양성면 동항리 797","owner_type":"국유지","owner_label":"국(건설부)","manager":"","property_class":"","land_category":"도로","area_sqm":6610.0,"area_band":"5,000㎡ 이상","interest_category":"도로","solar_candidate":"검토필요","candidate_reason":"도로점용 및 실제 이용형태 추가 검토 필요; 면적 6,610㎡","priority_score":40,"source":"경기부동산포털 국공유지조회·연속지적도","source_date":"2026-08-11","installed_solar_match":false}},{"type":"Feature","id":"4155013200103750000","geometry":{"type":"Point","coordinates":[127.284658,36.987845]},"properties":{"pnu":"4155013200103750000","municipality_code":"41550","municipality":"안성시","district":"안성시","locality":"발화동","address":"안성시 발화동 375","owner_type":"국유지","owner_label":"국(농림축산식품부)","manager":"","property_class":"","land_category":"도로","area_sqm":6604.4,"area_band":"5,000㎡ 이상","interest_category":"도로","solar_candidate":"검토필요","candidate_reason":"도로점용 및 실제 이용형태 추가 검토 필요; 면적 6,604㎡","priority_score":40,"source":"경기부동산포털 국공유지조회·연속지적도","source_date":"2026-08-11","installed_solar_match":false}},{"type":"Feature","id":"4155039033105650005","geometry":{"type":"Point","coordinates":[127.5017931,37.060703]},"properties":{"pnu":"4155039033105650005","municipality_code":"41550","municipality":"안성시","district":"안성시","locality":"일죽면 금산리","address":"안성시 일죽면 금산리 565-5","owner_type":"국유지","owner_label":"국(건설부)","manager":"","property_class":"","land_category":"도로","area_sqm":6575.0,"area_band":"5,000㎡ 이상","interest_category":"도로","solar_candidate":"검토필요","candidate_reason":"도로점용 및 실제 이용형태 추가 검토 필요; 면적 6,575㎡","priority_score":40,"source":"경기부동산포털 국공유지조회·연속지적도","source_date":"2026-08-11","installed_solar_match":false}},{"type":"Feature","id":"4155040029200290001","geometry":{"type":"Point","coordinates":[127.4389669,37.0378303]},"properties":{"pnu":"4155040029200290001","municipality_code":"41550","municipality":"안성시","district":"안성시","locality":"죽산면 당목리","address":"안성시 죽산면 당목리 산29-1","owner_type":"국유지","owner_label":"국(건설교통부)","manager":"","property_class":"","land_category":"도로","area_sqm":6572.0,"area_band":"5,000㎡ 이상","interest_category":"도로","solar_candidate":"검토필요","candidate_reason":"도로점용 및 실제 이용형태 추가 검토 필요; 면적 6,572㎡","priority_score":40,"source":"경기부동산포털 국공유지조회·연속지적도","source_date":"2026-08-11","installed_solar_match":false}},{"type":"Feature","id":"4155035025104350000","geometry":{"type":"Point","coordinates":[127.2042367,37.0486256]},"properties":{"pnu":"4155035025104350000","municipality_code":"41550","municipality":"안성시","district":"안성시","locality":"대덕면 명당리","address":"안성시 대덕면 명당리 435","owner_type":"국유지","owner_label":"국(건설부)","manager":"","property_class":"","land_category":"도로","area_sqm":6562.0,"area_band":"5,000㎡ 이상","interest_category":"도로","solar_candidate":"검토필요","candidate_reason":"도로점용 및 실제 이용형태 추가 검토 필요; 면적 6,562㎡","priority_score":40,"source":"경기부동산포털 국공유지조회·연속지적도","source_date":"2026-08-11","installed_solar_match":false}},{"type":"Feature","id":"4155038026200350003","geometry":{"type":"Point","coordinates":[127.1378086,37.0346609]},"properties":{"pnu":"4155038026200350003","municipality_code":"41550","municipality":"안성시","district":"안성시","locality":"원곡면 외가천리","address":"안성시 원곡면 외가천리 산35-3","owner_type":"국유지","owner_label":"국(건설교통부)","manager":"","property_class":"","land_category":"도로","area_sqm":6561.0,"area_band":"5,000㎡ 이상","interest_category":"도로","solar_candidate":"검토필요","candidate_reason":"도로점용 및 실제 이용형태 추가 검토 필요; 면적 6,561㎡","priority_score":40,"source":"경기부동산포털 국공유지조회·연속지적도","source_date":"2026-08-11","installed_solar_match":false}},{"type":"Feature","id":"4155038026200340015","geometry":{"type":"Point","coordinates":[127.1409479,37.0328234]},"properties":{"pnu":"4155038026200340015","municipality_code":"41550","municipality":"안성시","district":"안성시","locality":"원곡면 외가천리","address":"안성시 원곡면 외가천리 산34-15","owner_type":"국유지","owner_label":"국(건설교통부)","manager":"","property_class":"","land_category":"도로","area_sqm":6544.0,"area_band":"5,000㎡ 이상","interest_category":"도로","solar_candidate":"검토필요","candidate_reason":"도로점용 및 실제 이용형태 추가 검토 필요; 면적 6,544㎡","priority_score":40,"source":"경기부동산포털 국공유지조회·연속지적도","source_date":"2026-08-11","installed_solar_match":false}},{"type":"Feature","id":"4155035031107750000","geometry":{"type":"Point","coordinates":[127.2182085,37.015882]},"properties":{"pnu":"4155035031107750000","municipality_code":"41550","municipality":"안성시","district":"안성시","locality":"대덕면 신령리","address":"안성시 대덕면 신령리 775","owner_type":"국유지","owner_label":"국(농수산부)","manager":"","property_class":"","land_category":"도로","area_sqm":6539.3,"area_band":"5,000㎡ 이상","interest_category":"도로","solar_candidate":"검토필요","candidate_reason":"도로점용 및 실제 이용형태 추가 검토 필요; 면적 6,539㎡","priority_score":40,"source":"경기부동산포털 국공유지조회·연속지적도","source_date":"2026-08-11","installed_solar_match":false}},{"type":"Feature","id":"4155038026200370001","geometry":{"type":"Point","coordinates":[127.1369744,37.0353192]},"properties":{"pnu":"4155038026200370001","municipality_code":"41550","municipality":"안성시","district":"안성시","locality":"원곡면 외가천리","address":"안성시 원곡면 외가천리 산37-1","owner_type":"국유지","owner_label":"국(건설교통부)","manager":"","property_class":"","land_category":"도로","area_sqm":6524.0,"area_band":"5,000㎡ 이상","interest_category":"도로","solar_candidate":"검토필요","candidate_reason":"도로점용 및 실제 이용형태 추가 검토 필요; 면적 6,524㎡","priority_score":40,"source":"경기부동산포털 국공유지조회·연속지적도","source_date":"2026-08-11","installed_solar_match":false}},{"type":"Feature","id":"4155025025107410000","geometry":{"type":"Point","coordinates":[127.1651462,37.0106058]},"properties":{"pnu":"4155025025107410000","municipality_code":"41550","municipality":"안성시","district":"안성시","locality":"공도읍 용두리","address":"안성시 공도읍 용두리 741","owner_type":"국유지","owner_label":"국(건설교통부)","manager":"","property_class":"","land_category":"도로","area_sqm":6517.0,"area_band":"5,000㎡ 이상","interest_category":"도로","solar_candidate":"검토필요","candidate_reason":"도로점용 및 실제 이용형태 추가 검토 필요; 면적 6,517㎡","priority_score":40,"source":"경기부동산포털 국공유지조회·연속지적도","source_date":"2026-08-11","installed_solar_match":false}},{"type":"Feature","id":"4155041022109880008","geometry":{"type":"Point","coordinates":[127.3720771,37.094082]},"properties":{"pnu":"4155041022109880008","municipality_code":"41550","municipality":"안성시","district":"안성시","locality":"삼죽면 율곡리","address":"안성시 삼죽면 율곡리 988-8","owner_type":"국유지","owner_label":"국(농림부)","manager":"","property_class":"","land_category":"도로","area_sqm":6513.6,"area_band":"5,000㎡ 이상","interest_category":"도로","solar_candidate":"검토필요","candidate_reason":"도로점용 및 실제 이용형태 추가 검토 필요; 면적 6,514㎡","priority_score":40,"source":"경기부동산포털 국공유지조회·연속지적도","source_date":"2026-08-11","installed_solar_match":false}},{"type":"Feature","id":"4155040027114350000","geometry":{"type":"Point","coordinates":[127.4431522,37.0633783]},"properties":{"pnu":"4155040027114350000","municipality_code":"41550","municipality":"안성시","district":"안성시","locality":"죽산면 용설리","address":"안성시 죽산면 용설리 1435","owner_type":"국유지","owner_label":"국(농림수산부)","manager":"","property_class":"","land_category":"도로","area_sqm":6513.0,"area_band":"5,000㎡ 이상","interest_category":"도로","solar_candidate":"검토필요","candidate_reason":"도로점용 및 실제 이용형태 추가 검토 필요; 면적 6,513㎡","priority_score":40,"source":"경기부동산포털 국공유지조회·연속지적도","source_date":"2026-08-11","installed_solar_match":false}},{"type":"Feature","id":"4155036021108160000","geometry":{"type":"Point","coordinates":[127.1776089,37.0607948]},"properties":{"pnu":"4155036021108160000","municipality_code":"41550","municipality":"안성시","district":"안성시","locality":"양성면 동항리","address":"안성시 양성면 동항리 816","owner_type":"국유지","owner_label":"국(건설부)","manager":"","property_class":"","land_category":"도로","area_sqm":6506.9,"area_band":"5,000㎡ 이상","interest_category":"도로","solar_candidate":"검토필요","candidate_reason":"도로점용 및 실제 이용형태 추가 검토 필요; 면적 6,507㎡","priority_score":40,"source":"경기부동산포털 국공유지조회·연속지적도","source_date":"2026-08-11","installed_solar_match":false}},{"type":"Feature","id":"4155039027200020006","geometry":{"type":"Point","coordinates":[127.4388896,37.1469361]},"properties":{"pnu":"4155039027200020006","municipality_code":"41550","municipality":"안성시","district":"안성시","locality":"일죽면 방초리","address":"안성시 일죽면 방초리 산2-6","owner_type":"국유지","owner_label":"국(건설부)","manager":"","property_class":"","land_category":"도로","area_sqm":6499.0,"area_band":"5,000㎡ 이상","interest_category":"도로","solar_candidate":"검토필요","candidate_reason":"도로점용 및 실제 이용형태 추가 검토 필요; 면적 6,499㎡","priority_score":40,"source":"경기부동산포털 국공유지조회·연속지적도","source_date":"2026-08-11","installed_solar_match":false}},{"type":"Feature","id":"4155038021104570000","geometry":{"type":"Point","coordinates":[127.1683135,37.0674298]},"properties":{"pnu":"4155038021104570000","municipality_code":"41550","municipality":"안성시","district":"안성시","locality":"원곡면 성은리","address":"안성시 원곡면 성은리 457","owner_type":"국유지","owner_label":"국(건설교통부)","manager":"","property_class":"","land_category":"도로","area_sqm":6490.0,"area_band":"5,000㎡ 이상","interest_category":"도로","solar_candidate":"검토필요","candidate_reason":"도로점용 및 실제 이용형태 추가 검토 필요; 면적 6,490㎡","priority_score":40,"source":"경기부동산포털 국공유지조회·연속지적도","source_date":"2026-08-11","installed_solar_match":false}},{"type":"Feature","id":"4155033022102990000","geometry":{"type":"Point","coordinates":[127.2862025,36.9094359]},"properties":{"pnu":"4155033022102990000","municipality_code":"41550","municipality":"안성시","district":"안성시","locality":"서운면 청용리","address":"안성시 서운면 청용리 299","owner_type":"국유지","owner_label":"국(건설부)","manager":"","property_class":"","land_category":"도로","area_sqm":6489.0,"area_band":"5,000㎡ 이상","interest_category":"도로","solar_candidate":"검토필요","candidate_reason":"도로점용 및 실제 이용형태 추가 검토 필요; 면적 6,489㎡","priority_score":40,"source":"경기부동산포털 국공유지조회·연속지적도","source_date":"2026-08-11","installed_solar_match":false}},{"type":"Feature","id":"4155012300103630000","geometry":{"type":"Point","coordinates":[127.2644489,37.0383797]},"properties":{"pnu":"4155012300103630000","municipality_code":"41550","municipality":"안성시","district":"안성시","locality":"사곡동","address":"안성시 사곡동 363","owner_type":"국유지","owner_label":"국(건설부)","manager":"","property_class":"","land_category":"도로","area_sqm":6487.0,"area_band":"5,000㎡ 이상","interest_category":"도로","solar_candidate":"검토필요","candidate_reason":"도로점용 및 실제 이용형태 추가 검토 필요; 면적 6,487㎡","priority_score":40,"source":"경기부동산포털 국공유지조회·연속지적도","source_date":"2026-08-11","installed_solar_match":false}},{"type":"Feature","id":"4155031031105620000","geometry":{"type":"Point","coordinates":[127.2977661,37.0013698]},"properties":{"pnu":"4155031031105620000","municipality_code":"41550","municipality":"안성시","district":"안성시","locality":"보개면 동신리","address":"안성시 보개면 동신리 562","owner_type":"국유지","owner_label":"국(건설부)","manager":"","property_class":"","land_category":"도로","area_sqm":6456.0,"area_band":"5,000㎡ 이상","interest_category":"도로","solar_candidate":"검토필요","candidate_reason":"도로점용 및 실제 이용형태 추가 검토 필요; 면적 6,456㎡","priority_score":40,"source":"경기부동산포털 국공유지조회·연속지적도","source_date":"2026-08-11","installed_solar_match":false}},{"type":"Feature","id":"4155039031108550000","geometry":{"type":"Point","coordinates":[127.4973975,37.110208]},"properties":{"pnu":"4155039031108550000","municipality_code":"41550","municipality":"안성시","district":"안성시","locality":"일죽면 능국리","address":"안성시 일죽면 능국리 855","owner_type":"국유지","owner_label":"국(건설교통부)","manager":"","property_class":"","land_category":"도로","area_sqm":6448.0,"area_band":"5,000㎡ 이상","interest_category":"도로","solar_candidate":"검토필요","candidate_reason":"도로점용 및 실제 이용형태 추가 검토 필요; 면적 6,448㎡","priority_score":40,"source":"경기부동산포털 국공유지조회·연속지적도","source_date":"2026-08-11","installed_solar_match":false}},{"type":"Feature","id":"4155039035108050003","geometry":{"type":"Point","coordinates":[127.4747208,37.0564364]},"properties":{"pnu":"4155039035108050003","municipality_code":"41550","municipality":"안성시","district":"안성시","locality":"일죽면 화봉리","address":"안성시 일죽면 화봉리 805-3","owner_type":"국유지","owner_label":"국(건설부)","manager":"","property_class":"","land_category":"도로","area_sqm":6426.0,"area_band":"5,000㎡ 이상","interest_category":"도로","solar_candidate":"검토필요","candidate_reason":"도로점용 및 실제 이용형태 추가 검토 필요; 면적 6,426㎡","priority_score":40,"source":"경기부동산포털 국공유지조회·연속지적도","source_date":"2026-08-11","installed_solar_match":false}},{"type":"Feature","id":"4155040029200280001","geometry":{"type":"Point","coordinates":[127.4384603,37.0386205]},"properties":{"pnu":"4155040029200280001","municipality_code":"41550","municipality":"안성시","district":"안성시","locality":"죽산면 당목리","address":"안성시 죽산면 당목리 산28-1","owner_type":"국유지","owner_label":"국(건설교통부)","manager":"","property_class":"","land_category":"도로","area_sqm":6424.0,"area_band":"5,000㎡ 이상","interest_category":"도로","solar_candidate":"검토필요","candidate_reason":"도로점용 및 실제 이용형태 추가 검토 필요; 면적 6,424㎡","priority_score":40,"source":"경기부동산포털 국공유지조회·연속지적도","source_date":"2026-08-11","installed_solar_match":false}},{"type":"Feature","id":"4155035023105450000","geometry":{"type":"Point","coordinates":[127.2435361,37.03842]},"properties":{"pnu":"4155035023105450000","municipality_code":"41550","municipality":"안성시","district":"안성시","locality":"대덕면 모산리","address":"안성시 대덕면 모산리 545","owner_type":"국유지","owner_label":"국(건설부)","manager":"","property_class":"","land_category":"도로","area_sqm":6420.0,"area_band":"5,000㎡ 이상","interest_category":"도로","solar_candidate":"검토필요","candidate_reason":"도로점용 및 실제 이용형태 추가 검토 필요; 면적 6,420㎡","priority_score":40,"source":"경기부동산포털 국공유지조회·연속지적도","source_date":"2026-08-11","installed_solar_match":false}},{"type":"Feature","id":"4155040022100500001","geometry":{"type":"Point","coordinates":[127.4455884,37.102763]},"properties":{"pnu":"4155040022100500001","municipality_code":"41550","municipality":"안성시","district":"안성시","locality":"죽산면 매산리","address":"안성시 죽산면 매산리 50-1","owner_type":"국유지","owner_label":"국(건설부)","manager":"","property_class":"","land_category":"도로","area_sqm":6413.0,"area_band":"5,000㎡ 이상","interest_category":"도로","solar_candidate":"검토필요","candidate_reason":"도로점용 및 실제 이용형태 추가 검토 필요; 면적 6,413㎡","priority_score":40,"source":"경기부동산포털 국공유지조회·연속지적도","source_date":"2026-08-11","installed_solar_match":false}},{"type":"Feature","id":"4155039027200010001","geometry":{"type":"Point","coordinates":[127.4388651,37.1476975]},"properties":{"pnu":"4155039027200010001","municipality_code":"41550","municipality":"안성시","district":"안성시","locality":"일죽면 방초리","address":"안성시 일죽면 방초리 산1-1","owner_type":"국유지","owner_label":"국(건설부)","manager":"","property_class":"","land_category":"도로","area_sqm":6389.0,"area_band":"5,000㎡ 이상","interest_category":"도로","solar_candidate":"검토필요","candidate_reason":"도로점용 및 실제 이용형태 추가 검토 필요; 면적 6,389㎡","priority_score":40,"source":"경기부동산포털 국공유지조회·연속지적도","source_date":"2026-08-11","installed_solar_match":false}},{"type":"Feature","id":"4155039027111090001","geometry":{"type":"Point","coordinates":[127.4167286,37.1178977]},"properties":{"pnu":"4155039027111090001","municipality_code":"41550","municipality":"안성시","district":"안성시","locality":"일죽면 방초리","address":"안성시 일죽면 방초리 1109-1","owner_type":"국유지","owner_label":"국(농림부)","manager":"","property_class":"","land_category":"도로","area_sqm":6369.6,"area_band":"5,000㎡ 이상","interest_category":"도로","solar_candidate":"검토필요","candidate_reason":"도로점용 및 실제 이용형태 추가 검토 필요; 면적 6,370㎡","priority_score":40,"source":"경기부동산포털 국공유지조회·연속지적도","source_date":"2026-08-11","installed_solar_match":false}},{"type":"Feature","id":"4155040027112940000","geometry":{"type":"Point","coordinates":[127.4336981,37.0479197]},"properties":{"pnu":"4155040027112940000","municipality_code":"41550","municipality":"안성시","district":"안성시","locality":"죽산면 용설리","address":"안성시 죽산면 용설리 1294","owner_type":"국유지","owner_label":"국(건설교통부)","manager":"","property_class":"","land_category":"도로","area_sqm":6357.0,"area_band":"5,000㎡ 이상","interest_category":"도로","solar_candidate":"검토필요","candidate_reason":"도로점용 및 실제 이용형태 추가 검토 필요; 면적 6,357㎡","priority_score":40,"source":"경기부동산포털 국공유지조회·연속지적도","source_date":"2026-08-11","installed_solar_match":false}},{"type":"Feature","id":"4155013100106490000","geometry":{"type":"Point","coordinates":[127.2915483,36.9929863]},"properties":{"pnu":"4155013100106490000","municipality_code":"41550","municipality":"안성시","district":"안성시","locality":"현수동","address":"안성시 현수동 649","owner_type":"국유지","owner_label":"국(농림축산식품부)","manager":"","property_class":"","land_category":"도로","area_sqm":6350.5,"area_band":"5,000㎡ 이상","interest_category":"도로","solar_candidate":"검토필요","candidate_reason":"도로점용 및 실제 이용형태 추가 검토 필요; 면적 6,350㎡","priority_score":40,"source":"경기부동산포털 국공유지조회·연속지적도","source_date":"2026-08-11","installed_solar_match":false}},{"type":"Feature","id":"4155025025107190020","geometry":{"type":"Point","coordinates":[127.1718251,37.0129157]},"properties":{"pnu":"4155025025107190020","municipality_code":"41550","municipality":"안성시","district":"안성시","locality":"공도읍 용두리","address":"안성시 공도읍 용두리 719-20","owner_type":"국유지","owner_label":"국(건설부)","manager":"","property_class":"","land_category":"도로","area_sqm":6346.0,"area_band":"5,000㎡ 이상","interest_category":"도로","solar_candidate":"검토필요","candidate_reason":"도로점용 및 실제 이용형태 추가 검토 필요; 면적 6,346㎡","priority_score":40,"source":"경기부동산포털 국공유지조회·연속지적도","source_date":"2026-08-11","installed_solar_match":false}},{"type":"Feature","id":"4155031034200970000","geometry":{"type":"Point","coordinates":[127.2959482,37.0260018]},"properties":{"pnu":"4155031034200970000","municipality_code":"41550","municipality":"안성시","district":"안성시","locality":"보개면 구사리","address":"안성시 보개면 구사리 산97","owner_type":"국유지","owner_label":"국(건설교통부)","manager":"","property_class":"","land_category":"도로","area_sqm":6346.0,"area_band":"5,000㎡ 이상","interest_category":"도로","solar_candidate":"검토필요","candidate_reason":"도로점용 및 실제 이용형태 추가 검토 필요; 면적 6,346㎡","priority_score":40,"source":"경기부동산포털 국공유지조회·연속지적도","source_date":"2026-08-11","installed_solar_match":false}},{"type":"Feature","id":"4155038026200310000","geometry":{"type":"Point","coordinates":[127.1434941,37.0361188]},"properties":{"pnu":"4155038026200310000","municipality_code":"41550","municipality":"안성시","district":"안성시","locality":"원곡면 외가천리","address":"안성시 원곡면 외가천리 산31","owner_type":"국유지","owner_label":"국(건설교통부)","manager":"","property_class":"","land_category":"도로","area_sqm":6337.0,"area_band":"5,000㎡ 이상","interest_category":"도로","solar_candidate":"검토필요","candidate_reason":"도로점용 및 실제 이용형태 추가 검토 필요; 면적 6,337㎡","priority_score":40,"source":"경기부동산포털 국공유지조회·연속지적도","source_date":"2026-08-11","installed_solar_match":false}},{"type":"Feature","id":"4155039028105690000","geometry":{"type":"Point","coordinates":[127.4680885,37.0970342]},"properties":{"pnu":"4155039028105690000","municipality_code":"41550","municipality":"안성시","district":"안성시","locality":"일죽면 송천리","address":"안성시 일죽면 송천리 569","owner_type":"국유지","owner_label":"국(건설부)","manager":"","property_class":"","land_category":"도로","area_sqm":6336.0,"area_band":"5,000㎡ 이상","interest_category":"도로","solar_candidate":"검토필요","candidate_reason":"도로점용 및 실제 이용형태 추가 검토 필요; 면적 6,336㎡","priority_score":40,"source":"경기부동산포털 국공유지조회·연속지적도","source_date":"2026-08-11","installed_solar_match":false}},{"type":"Feature","id":"4155039024105050000","geometry":{"type":"Point","coordinates":[127.4809283,37.0791908]},"properties":{"pnu":"4155039024105050000","municipality_code":"41550","municipality":"안성시","district":"안성시","locality":"일죽면 가리","address":"안성시 일죽면 가리 505","owner_type":"국유지","owner_label":"국(농림수산부)","manager":"","property_class":"","land_category":"도로","area_sqm":6333.0,"area_band":"5,000㎡ 이상","interest_category":"도로","solar_candidate":"검토필요","candidate_reason":"도로점용 및 실제 이용형태 추가 검토 필요; 면적 6,333㎡","priority_score":40,"source":"경기부동산포털 국공유지조회·연속지적도","source_date":"2026-08-11","installed_solar_match":false}},{"type":"Feature","id":"4155040026109200001","geometry":{"type":"Point","coordinates":[127.4084224,37.0512507]},"properties":{"pnu":"4155040026109200001","municipality_code":"41550","municipality":"안성시","district":"안성시","locality":"죽산면 장계리","address":"안성시 죽산면 장계리 920-1","owner_type":"국유지","owner_label":"국(건설교통부)","manager":"","property_class":"","land_category":"도로","area_sqm":6333.0,"area_band":"5,000㎡ 이상","interest_category":"도로","solar_candidate":"검토필요","candidate_reason":"도로점용 및 실제 이용형태 추가 검토 필요; 면적 6,333㎡","priority_score":40,"source":"경기부동산포털 국공유지조회·연속지적도","source_date":"2026-08-11","installed_solar_match":false}},{"type":"Feature","id":"4155025029103580041","geometry":{"type":"Point","coordinates":[127.1735986,37.0150592]},"properties":{"pnu":"4155025029103580041","municipality_code":"41550","municipality":"안성시","district":"안성시","locality":"공도읍 만정리","address":"안성시 공도읍 만정리 358-41","owner_type":"국유지","owner_label":"국(건설교통부)","manager":"","property_class":"","land_category":"도로","area_sqm":6332.0,"area_band":"5,000㎡ 이상","interest_category":"도로","solar_candidate":"검토필요","candidate_reason":"도로점용 및 실제 이용형태 추가 검토 필요; 면적 6,332㎡","priority_score":40,"source":"경기부동산포털 국공유지조회·연속지적도","source_date":"2026-08-11","installed_solar_match":false}},{"type":"Feature","id":"4155034032103870023","geometry":{"type":"Point","coordinates":[127.211152,36.9780107]},"properties":{"pnu":"4155034032103870023","municipality_code":"41550","municipality":"안성시","district":"안성시","locality":"미양면 양지리","address":"안성시 미양면 양지리 387-23","owner_type":"국유지","owner_label":"국(농림부)","manager":"","property_class":"","land_category":"도로","area_sqm":6329.4,"area_band":"5,000㎡ 이상","interest_category":"도로","solar_candidate":"검토필요","candidate_reason":"도로점용 및 실제 이용형태 추가 검토 필요; 면적 6,329㎡","priority_score":40,"source":"경기부동산포털 국공유지조회·연속지적도","source_date":"2026-08-11","installed_solar_match":false}},{"type":"Feature","id":"4155034025102890001","geometry":{"type":"Point","coordinates":[127.2139834,36.9439851]},"properties":{"pnu":"4155034025102890001","municipality_code":"41550","municipality":"안성시","district":"안성시","locality":"미양면 법전리","address":"안성시 미양면 법전리 289-1","owner_type":"국유지","owner_label":"국(농림수산부)","manager":"","property_class":"","land_category":"도로","area_sqm":6329.0,"area_band":"5,000㎡ 이상","interest_category":"도로","solar_candidate":"검토필요","candidate_reason":"도로점용 및 실제 이용형태 추가 검토 필요; 면적 6,329㎡","priority_score":40,"source":"경기부동산포털 국공유지조회·연속지적도","source_date":"2026-08-11","installed_solar_match":false}},{"type":"Feature","id":"4155041028105770002","geometry":{"type":"Point","coordinates":[127.3613311,37.0430409]},"properties":{"pnu":"4155041028105770002","municipality_code":"41550","municipality":"안성시","district":"안성시","locality":"삼죽면 미장리","address":"안성시 삼죽면 미장리 577-2","owner_type":"국유지","owner_label":"국(건설교통부)","manager":"","property_class":"","land_category":"도로","area_sqm":6323.0,"area_band":"5,000㎡ 이상","interest_category":"도로","solar_candidate":"검토필요","candidate_reason":"도로점용 및 실제 이용형태 추가 검토 필요; 면적 6,323㎡","priority_score":40,"source":"경기부동산포털 국공유지조회·연속지적도","source_date":"2026-08-11","installed_solar_match":false}},{"type":"Feature","id":"4155033031100260000","geometry":{"type":"Point","coordinates":[127.24364,36.9436189]},"properties":{"pnu":"4155033031100260000","municipality_code":"41550","municipality":"안성시","district":"안성시","locality":"서운면 송산리","address":"안성시 서운면 송산리 26","owner_type":"국유지","owner_label":"국(농수산부)","manager":"","property_class":"","land_category":"도로","area_sqm":6271.0,"area_band":"5,000㎡ 이상","interest_category":"도로","solar_candidate":"검토필요","candidate_reason":"도로점용 및 실제 이용형태 추가 검토 필요; 면적 6,271㎡","priority_score":40,"source":"경기부동산포털 국공유지조회·연속지적도","source_date":"2026-08-11","installed_solar_match":false}},{"type":"Feature","id":"4155040029110500000","geometry":{"type":"Point","coordinates":[127.4379224,37.0260872]},"properties":{"pnu":"4155040029110500000","municipality_code":"41550","municipality":"안성시","district":"안성시","locality":"죽산면 당목리","address":"안성시 죽산면 당목리 1050","owner_type":"국유지","owner_label":"국(건설교통부)","manager":"","property_class":"","land_category":"도로","area_sqm":6262.0,"area_band":"5,000㎡ 이상","interest_category":"도로","solar_candidate":"검토필요","candidate_reason":"도로점용 및 실제 이용형태 추가 검토 필요; 면적 6,262㎡","priority_score":40,"source":"경기부동산포털 국공유지조회·연속지적도","source_date":"2026-08-11","installed_solar_match":false}},{"type":"Feature","id":"4155038025200630004","geometry":{"type":"Point","coordinates":[127.1070305,37.0354688]},"properties":{"pnu":"4155038025200630004","municipality_code":"41550","municipality":"안성시","district":"안성시","locality":"원곡면 내가천리","address":"안성시 원곡면 내가천리 산63-4","owner_type":"국유지","owner_label":"국(건설교통부)","manager":"","property_class":"","land_category":"도로","area_sqm":6256.0,"area_band":"5,000㎡ 이상","interest_category":"도로","solar_candidate":"검토필요","candidate_reason":"도로점용 및 실제 이용형태 추가 검토 필요; 면적 6,256㎡","priority_score":40,"source":"경기부동산포털 국공유지조회·연속지적도","source_date":"2026-08-11","installed_solar_match":false}},{"type":"Feature","id":"4155032026106830001","geometry":{"type":"Point","coordinates":[127.3482767,36.9809091]},"properties":{"pnu":"4155032026106830001","municipality_code":"41550","municipality":"안성시","district":"안성시","locality":"금광면 현곡리","address":"안성시 금광면 현곡리 683-1","owner_type":"국유지","owner_label":"국(건설부)","manager":"","property_class":"","land_category":"도로","area_sqm":6249.0,"area_band":"5,000㎡ 이상","interest_category":"도로","solar_candidate":"검토필요","candidate_reason":"도로점용 및 실제 이용형태 추가 검토 필요; 면적 6,249㎡","priority_score":40,"source":"경기부동산포털 국공유지조회·연속지적도","source_date":"2026-08-11","installed_solar_match":false}},{"type":"Feature","id":"4155033034104730000","geometry":{"type":"Point","coordinates":[127.2590028,36.9315908]},"properties":{"pnu":"4155033034104730000","municipality_code":"41550","municipality":"안성시","district":"안성시","locality":"서운면 북산리","address":"안성시 서운면 북산리 473","owner_type":"국유지","owner_label":"국(농수산부)","manager":"","property_class":"","land_category":"도로","area_sqm":6248.0,"area_band":"5,000㎡ 이상","interest_category":"도로","solar_candidate":"검토필요","candidate_reason":"도로점용 및 실제 이용형태 추가 검토 필요; 면적 6,248㎡","priority_score":40,"source":"경기부동산포털 국공유지조회·연속지적도","source_date":"2026-08-11","installed_solar_match":false}},{"type":"Feature","id":"4155011500101610000","geometry":{"type":"Point","coordinates":[127.2709867,37.0109494]},"properties":{"pnu":"4155011500101610000","municipality_code":"41550","municipality":"안성시","district":"안성시","locality":"연지동","address":"안성시 연지동 161","owner_type":"국유지","owner_label":"국(건설부)","manager":"","property_class":"","land_category":"도로","area_sqm":6231.0,"area_band":"5,000㎡ 이상","interest_category":"도로","solar_candidate":"검토필요","candidate_reason":"도로점용 및 실제 이용형태 추가 검토 필요; 면적 6,231㎡","priority_score":40,"source":"경기부동산포털 국공유지조회·연속지적도","source_date":"2026-08-11","installed_solar_match":false}},{"type":"Feature","id":"4155025026107610004","geometry":{"type":"Point","coordinates":[127.1555518,36.9932434]},"properties":{"pnu":"4155025026107610004","municipality_code":"41550","municipality":"안성시","district":"안성시","locality":"공도읍 승두리","address":"안성시 공도읍 승두리 761-4","owner_type":"국유지","owner_label":"국(건설부)","manager":"","property_class":"","land_category":"도로","area_sqm":6231.0,"area_band":"5,000㎡ 이상","interest_category":"도로","solar_candidate":"검토필요","candidate_reason":"도로점용 및 실제 이용형태 추가 검토 필요; 면적 6,231㎡","priority_score":40,"source":"경기부동산포털 국공유지조회·연속지적도","source_date":"2026-08-11","installed_solar_match":false}},{"type":"Feature","id":"4155038026100920004","geometry":{"type":"Point","coordinates":[127.1380982,37.0359137]},"properties":{"pnu":"4155038026100920004","municipality_code":"41550","municipality":"안성시","district":"안성시","locality":"원곡면 외가천리","address":"안성시 원곡면 외가천리 92-4","owner_type":"국유지","owner_label":"국(건설교통부)","manager":"","property_class":"","land_category":"도로","area_sqm":6201.0,"area_band":"5,000㎡ 이상","interest_category":"도로","solar_candidate":"검토필요","candidate_reason":"도로점용 및 실제 이용형태 추가 검토 필요; 면적 6,201㎡","priority_score":40,"source":"경기부동산포털 국공유지조회·연속지적도","source_date":"2026-08-11","installed_solar_match":false}},{"type":"Feature","id":"4155032031105400000","geometry":{"type":"Point","coordinates":[127.3149155,36.9901466]},"properties":{"pnu":"4155032031105400000","municipality_code":"41550","municipality":"안성시","district":"안성시","locality":"금광면 오산리","address":"안성시 금광면 오산리 540","owner_type":"국유지","owner_label":"국(건설교통부)","manager":"","property_class":"","land_category":"도로","area_sqm":6200.0,"area_band":"5,000㎡ 이상","interest_category":"도로","solar_candidate":"검토필요","candidate_reason":"도로점용 및 실제 이용형태 추가 검토 필요; 면적 6,200㎡","priority_score":40,"source":"경기부동산포털 국공유지조회·연속지적도","source_date":"2026-08-11","installed_solar_match":false}},{"type":"Feature","id":"4155013300105210000","geometry":{"type":"Point","coordinates":[127.2793475,36.9735375]},"properties":{"pnu":"4155013300105210000","municipality_code":"41550","municipality":"안성시","district":"안성시","locality":"중리동","address":"안성시 중리동 521","owner_type":"국유지","owner_label":"국(농림수산부)","manager":"","property_class":"","land_category":"도로","area_sqm":6194.0,"area_band":"5,000㎡ 이상","interest_category":"도로","solar_candidate":"검토필요","candidate_reason":"도로점용 및 실제 이용형태 추가 검토 필요; 면적 6,194㎡","priority_score":40,"source":"경기부동산포털 국공유지조회·연속지적도","source_date":"2026-08-11","installed_solar_match":false}},{"type":"Feature","id":"4155039029201200001","geometry":{"type":"Point","coordinates":[127.4449354,37.1180079]},"properties":{"pnu":"4155039029201200001","municipality_code":"41550","municipality":"안성시","district":"안성시","locality":"일죽면 고은리","address":"안성시 일죽면 고은리 산120-1","owner_type":"국유지","owner_label":"국(건설부)","manager":"","property_class":"","land_category":"도로","area_sqm":6188.0,"area_band":"5,000㎡ 이상","interest_category":"도로","solar_candidate":"검토필요","candidate_reason":"도로점용 및 실제 이용형태 추가 검토 필요; 면적 6,188㎡","priority_score":40,"source":"경기부동산포털 국공유지조회·연속지적도","source_date":"2026-08-11","installed_solar_match":false}},{"type":"Feature","id":"4155038023104590007","geometry":{"type":"Point","coordinates":[127.1362293,37.0526263]},"properties":{"pnu":"4155038023104590007","municipality_code":"41550","municipality":"안성시","district":"안성시","locality":"원곡면 지문리","address":"안성시 원곡면 지문리 459-7","owner_type":"국유지","owner_label":"국(건설교통부)","manager":"","property_class":"","land_category":"도로","area_sqm":6182.0,"area_band":"5,000㎡ 이상","interest_category":"도로","solar_candidate":"검토필요","candidate_reason":"도로점용 및 실제 이용형태 추가 검토 필요; 면적 6,182㎡","priority_score":40,"source":"경기부동산포털 국공유지조회·연속지적도","source_date":"2026-08-11","installed_solar_match":false}},{"type":"Feature","id":"4155031032101320000","geometry":{"type":"Point","coordinates":[127.2954113,37.0291746]},"properties":{"pnu":"4155031032101320000","municipality_code":"41550","municipality":"안성시","district":"안성시","locality":"보개면 곡천리","address":"안성시 보개면 곡천리 132","owner_type":"국유지","owner_label":"국(건설부)","manager":"","property_class":"","land_category":"도로","area_sqm":6175.0,"area_band":"5,000㎡ 이상","interest_category":"도로","solar_candidate":"검토필요","candidate_reason":"도로점용 및 실제 이용형태 추가 검토 필요; 면적 6,175㎡","priority_score":40,"source":"경기부동산포털 국공유지조회·연속지적도","source_date":"2026-08-11","installed_solar_match":false}},{"type":"Feature","id":"4155031026110440001","geometry":{"type":"Point","coordinates":[127.3188506,37.0134259]},"properties":{"pnu":"4155031026110440001","municipality_code":"41550","municipality":"안성시","district":"안성시","locality":"보개면 양복리","address":"안성시 보개면 양복리 1044-1","owner_type":"국유지","owner_label":"국(건설부)","manager":"","property_class":"","land_category":"도로","area_sqm":6172.0,"area_band":"5,000㎡ 이상","interest_category":"도로","solar_candidate":"검토필요","candidate_reason":"도로점용 및 실제 이용형태 추가 검토 필요; 면적 6,172㎡","priority_score":40,"source":"경기부동산포털 국공유지조회·연속지적도","source_date":"2026-08-11","installed_solar_match":false}},{"type":"Feature","id":"4155036035106770002","geometry":{"type":"Point","coordinates":[127.1971046,37.0381142]},"properties":{"pnu":"4155036035106770002","municipality_code":"41550","municipality":"안성시","district":"안성시","locality":"양성면 덕봉리","address":"안성시 양성면 덕봉리 677-2","owner_type":"국유지","owner_label":"국(농림부)","manager":"","property_class":"","land_category":"도로","area_sqm":6158.7,"area_band":"5,000㎡ 이상","interest_category":"도로","solar_candidate":"검토필요","candidate_reason":"도로점용 및 실제 이용형태 추가 검토 필요; 면적 6,159㎡","priority_score":40,"source":"경기부동산포털 국공유지조회·연속지적도","source_date":"2026-08-11","installed_solar_match":false}},{"type":"Feature","id":"4155038027107330000","geometry":{"type":"Point","coordinates":[127.153216,37.0111012]},"properties":{"pnu":"4155038027107330000","municipality_code":"41550","municipality":"안성시","district":"안성시","locality":"원곡면 반제리","address":"안성시 원곡면 반제리 733","owner_type":"국유지","owner_label":"국(건설교통부)","manager":"","property_class":"","land_category":"도로","area_sqm":6149.0,"area_band":"5,000㎡ 이상","interest_category":"도로","solar_candidate":"검토필요","candidate_reason":"도로점용 및 실제 이용형태 추가 검토 필요; 면적 6,149㎡","priority_score":40,"source":"경기부동산포털 국공유지조회·연속지적도","source_date":"2026-08-11","installed_solar_match":false}},{"type":"Feature","id":"4155013100103740000","geometry":{"type":"Point","coordinates":[127.2852688,37.0000046]},"properties":{"pnu":"4155013100103740000","municipality_code":"41550","municipality":"안성시","district":"안성시","locality":"현수동","address":"안성시 현수동 374","owner_type":"국유지","owner_label":"국(농림축산식품부)","manager":"","property_class":"","land_category":"도로","area_sqm":6148.0,"area_band":"5,000㎡ 이상","interest_category":"도로","solar_candidate":"검토필요","candidate_reason":"도로점용 및 실제 이용형태 추가 검토 필요; 면적 6,148㎡","priority_score":40,"source":"경기부동산포털 국공유지조회·연속지적도","source_date":"2026-08-11","installed_solar_match":false}},{"type":"Feature","id":"4155011700101180000","geometry":{"type":"Point","coordinates":[127.2692222,37.0073523]},"properties":{"pnu":"4155011700101180000","municipality_code":"41550","municipality":"안성시","district":"안성시","locality":"서인동","address":"안성시 서인동 118","owner_type":"국유지","owner_label":"국(건설부)","manager":"","property_class":"","land_category":"도로","area_sqm":6147.4,"area_band":"5,000㎡ 이상","interest_category":"도로","solar_candidate":"검토필요","candidate_reason":"도로점용 및 실제 이용형태 추가 검토 필요; 면적 6,147㎡","priority_score":40,"source":"경기부동산포털 국공유지조회·연속지적도","source_date":"2026-08-11","installed_solar_match":false}},{"type":"Feature","id":"4155025031106330028","geometry":{"type":"Point","coordinates":[127.1431887,36.9843449]},"properties":{"pnu":"4155025031106330028","municipality_code":"41550","municipality":"안성시","district":"안성시","locality":"공도읍 진사리","address":"안성시 공도읍 진사리 633-28","owner_type":"국유지","owner_label":"국(건설부)","manager":"","property_class":"","land_category":"도로","area_sqm":6144.0,"area_band":"5,000㎡ 이상","interest_category":"도로","solar_candidate":"검토필요","candidate_reason":"도로점용 및 실제 이용형태 추가 검토 필요; 면적 6,144㎡","priority_score":40,"source":"경기부동산포털 국공유지조회·연속지적도","source_date":"2026-08-11","installed_solar_match":false}},{"type":"Feature","id":"4155033023103690000","geometry":{"type":"Point","coordinates":[127.2312641,36.9313343]},"properties":{"pnu":"4155033023103690000","municipality_code":"41550","municipality":"안성시","district":"안성시","locality":"서운면 송정리","address":"안성시 서운면 송정리 369","owner_type":"국유지","owner_label":"국(건설교통부)","manager":"","property_class":"","land_category":"도로","area_sqm":6129.0,"area_band":"5,000㎡ 이상","interest_category":"도로","solar_candidate":"검토필요","candidate_reason":"도로점용 및 실제 이용형태 추가 검토 필요; 면적 6,129㎡","priority_score":40,"source":"경기부동산포털 국공유지조회·연속지적도","source_date":"2026-08-11","installed_solar_match":false}},{"type":"Feature","id":"4155035030107000000","geometry":{"type":"Point","coordinates":[127.2169223,36.9893458]},"properties":{"pnu":"4155035030107000000","municipality_code":"41550","municipality":"안성시","district":"안성시","locality":"대덕면 죽리","address":"안성시 대덕면 죽리 700","owner_type":"국유지","owner_label":"국(농림축산식품부)","manager":"","property_class":"","land_category":"도로","area_sqm":6129.0,"area_band":"5,000㎡ 이상","interest_category":"도로","solar_candidate":"검토필요","candidate_reason":"도로점용 및 실제 이용형태 추가 검토 필요; 면적 6,129㎡","priority_score":40,"source":"경기부동산포털 국공유지조회·연속지적도","source_date":"2026-08-11","installed_solar_match":false}},{"type":"Feature","id":"4155039035200570001","geometry":{"type":"Point","coordinates":[127.4757947,37.0536292]},"properties":{"pnu":"4155039035200570001","municipality_code":"41550","municipality":"안성시","district":"안성시","locality":"일죽면 화봉리","address":"안성시 일죽면 화봉리 산57-1","owner_type":"국유지","owner_label":"국(건설부)","manager":"","property_class":"","land_category":"도로","area_sqm":6099.0,"area_band":"5,000㎡ 이상","interest_category":"도로","solar_candidate":"검토필요","candidate_reason":"도로점용 및 실제 이용형태 추가 검토 필요; 면적 6,099㎡","priority_score":40,"source":"경기부동산포털 국공유지조회·연속지적도","source_date":"2026-08-11","installed_solar_match":false}},{"type":"Feature","id":"4155036027102870000","geometry":{"type":"Point","coordinates":[127.2070983,37.0822475]},"properties":{"pnu":"4155036027102870000","municipality_code":"41550","municipality":"안성시","district":"안성시","locality":"양성면 산정리","address":"안성시 양성면 산정리 287","owner_type":"국유지","owner_label":"국(건설교통부)","manager":"","property_class":"","land_category":"도로","area_sqm":6096.0,"area_band":"5,000㎡ 이상","interest_category":"도로","solar_candidate":"검토필요","candidate_reason":"도로점용 및 실제 이용형태 추가 검토 필요; 면적 6,096㎡","priority_score":40,"source":"경기부동산포털 국공유지조회·연속지적도","source_date":"2026-08-11","installed_solar_match":false}},{"type":"Feature","id":"4155040027202580004","geometry":{"type":"Point","coordinates":[127.4421103,37.0641773]},"properties":{"pnu":"4155040027202580004","municipality_code":"41550","municipality":"안성시","district":"안성시","locality":"죽산면 용설리","address":"안성시 죽산면 용설리 산258-4","owner_type":"국유지","owner_label":"국(건설교통부)","manager":"","property_class":"","land_category":"도로","area_sqm":6095.0,"area_band":"5,000㎡ 이상","interest_category":"도로","solar_candidate":"검토필요","candidate_reason":"도로점용 및 실제 이용형태 추가 검토 필요; 면적 6,095㎡","priority_score":40,"source":"경기부동산포털 국공유지조회·연속지적도","source_date":"2026-08-11","installed_solar_match":false}},{"type":"Feature","id":"4155038023104850004","geometry":{"type":"Point","coordinates":[127.1365706,37.049107]},"properties":{"pnu":"4155038023104850004","municipality_code":"41550","municipality":"안성시","district":"안성시","locality":"원곡면 지문리","address":"안성시 원곡면 지문리 485-4","owner_type":"국유지","owner_label":"국(건설부)","manager":"","property_class":"","land_category":"도로","area_sqm":6085.0,"area_band":"5,000㎡ 이상","interest_category":"도로","solar_candidate":"검토필요","candidate_reason":"도로점용 및 실제 이용형태 추가 검토 필요; 면적 6,085㎡","priority_score":40,"source":"경기부동산포털 국공유지조회·연속지적도","source_date":"2026-08-11","installed_solar_match":false}},{"type":"Feature","id":"4155041028105630000","geometry":{"type":"Point","coordinates":[127.3633072,37.0394551]},"properties":{"pnu":"4155041028105630000","municipality_code":"41550","municipality":"안성시","district":"안성시","locality":"삼죽면 미장리","address":"안성시 삼죽면 미장리 563","owner_type":"국유지","owner_label":"국(건설교통부)","manager":"","property_class":"","land_category":"도로","area_sqm":6073.0,"area_band":"5,000㎡ 이상","interest_category":"도로","solar_candidate":"검토필요","candidate_reason":"도로점용 및 실제 이용형태 추가 검토 필요; 면적 6,073㎡","priority_score":40,"source":"경기부동산포털 국공유지조회·연속지적도","source_date":"2026-08-11","installed_solar_match":false}},{"type":"Feature","id":"4155033026100220000","geometry":{"type":"Point","coordinates":[127.2264734,36.944794]},"properties":{"pnu":"4155033026100220000","municipality_code":"41550","municipality":"안성시","district":"안성시","locality":"서운면 현매리","address":"안성시 서운면 현매리 22","owner_type":"국유지","owner_label":"국(농수산부)","manager":"","property_class":"","land_category":"도로","area_sqm":6058.0,"area_band":"5,000㎡ 이상","interest_category":"도로","solar_candidate":"검토필요","candidate_reason":"도로점용 및 실제 이용형태 추가 검토 필요; 면적 6,058㎡","priority_score":40,"source":"경기부동산포털 국공유지조회·연속지적도","source_date":"2026-08-11","installed_solar_match":false}},{"type":"Feature","id":"4155034023107280000","geometry":{"type":"Point","coordinates":[127.1976461,36.9640901]},"properties":{"pnu":"4155034023107280000","municipality_code":"41550","municipality":"안성시","district":"안성시","locality":"미양면 개정리","address":"안성시 미양면 개정리 728","owner_type":"국유지","owner_label":"국(농림축산식품부)","manager":"","property_class":"","land_category":"도로","area_sqm":6057.1,"area_band":"5,000㎡ 이상","interest_category":"도로","solar_candidate":"검토필요","candidate_reason":"도로점용 및 실제 이용형태 추가 검토 필요; 면적 6,057㎡","priority_score":40,"source":"경기부동산포털 국공유지조회·연속지적도","source_date":"2026-08-11","installed_solar_match":false}},{"type":"Feature","id":"4155025021106020000","geometry":{"type":"Point","coordinates":[127.18892,37.0007308]},"properties":{"pnu":"4155025021106020000","municipality_code":"41550","municipality":"안성시","district":"안성시","locality":"공도읍 양기리","address":"안성시 공도읍 양기리 602","owner_type":"국유지","owner_label":"국(농림축산식품부)","manager":"","property_class":"","land_category":"도로","area_sqm":6050.4,"area_band":"5,000㎡ 이상","interest_category":"도로","solar_candidate":"검토필요","candidate_reason":"도로점용 및 실제 이용형태 추가 검토 필요; 면적 6,050㎡","priority_score":40,"source":"경기부동산포털 국공유지조회·연속지적도","source_date":"2026-08-11","installed_solar_match":false}},{"type":"Feature","id":"4155033029100510010","geometry":{"type":"Point","coordinates":[127.2772032,36.9689896]},"properties":{"pnu":"4155033029100510010","municipality_code":"41550","municipality":"안성시","district":"안성시","locality":"서운면 신능리","address":"안성시 서운면 신능리 51-10","owner_type":"국유지","owner_label":"국(건설교통부)","manager":"","property_class":"","land_category":"도로","area_sqm":6046.0,"area_band":"5,000㎡ 이상","interest_category":"도로","solar_candidate":"검토필요","candidate_reason":"도로점용 및 실제 이용형태 추가 검토 필요; 면적 6,046㎡","priority_score":40,"source":"경기부동산포털 국공유지조회·연속지적도","source_date":"2026-08-11","installed_solar_match":false}},{"type":"Feature","id":"4155031031107720000","geometry":{"type":"Point","coordinates":[127.2914912,37.0023693]},"properties":{"pnu":"4155031031107720000","municipality_code":"41550","municipality":"안성시","district":"안성시","locality":"보개면 동신리","address":"안성시 보개면 동신리 772","owner_type":"국유지","owner_label":"국(건설부)","manager":"","property_class":"","land_category":"도로","area_sqm":6033.0,"area_band":"5,000㎡ 이상","interest_category":"도로","solar_candidate":"검토필요","candidate_reason":"도로점용 및 실제 이용형태 추가 검토 필요; 면적 6,033㎡","priority_score":40,"source":"경기부동산포털 국공유지조회·연속지적도","source_date":"2026-08-11","installed_solar_match":false}},{"type":"Feature","id":"4155039028106050000","geometry":{"type":"Point","coordinates":[127.4688524,37.0812922]},"properties":{"pnu":"4155039028106050000","municipality_code":"41550","municipality":"안성시","district":"안성시","locality":"일죽면 송천리","address":"안성시 일죽면 송천리 605","owner_type":"국유지","owner_label":"국(건설부)","manager":"","property_class":"","land_category":"도로","area_sqm":6026.0,"area_band":"5,000㎡ 이상","interest_category":"도로","solar_candidate":"검토필요","candidate_reason":"도로점용 및 실제 이용형태 추가 검토 필요; 면적 6,026㎡","priority_score":40,"source":"경기부동산포털 국공유지조회·연속지적도","source_date":"2026-08-11","installed_solar_match":false}},{"type":"Feature","id":"4155012100102160013","geometry":{"type":"Point","coordinates":[127.2710696,36.9911506]},"properties":{"pnu":"4155012100102160013","municipality_code":"41550","municipality":"안성시","district":"안성시","locality":"계동","address":"안성시 계동 216-13","owner_type":"국유지","owner_label":"국(농림축산식품부)","manager":"","property_class":"","land_category":"도로","area_sqm":6015.0,"area_band":"5,000㎡ 이상","interest_category":"도로","solar_candidate":"검토필요","candidate_reason":"도로점용 및 실제 이용형태 추가 검토 필요; 면적 6,015㎡","priority_score":40,"source":"경기부동산포털 국공유지조회·연속지적도","source_date":"2026-08-11","installed_solar_match":false}},{"type":"Feature","id":"4155041028106960000","geometry":{"type":"Point","coordinates":[127.3646774,37.0408495]},"properties":{"pnu":"4155041028106960000","municipality_code":"41550","municipality":"안성시","district":"안성시","locality":"삼죽면 미장리","address":"안성시 삼죽면 미장리 696","owner_type":"국유지","owner_label":"국(농림수산부)","manager":"","property_class":"","land_category":"도로","area_sqm":6012.0,"area_band":"5,000㎡ 이상","interest_category":"도로","solar_candidate":"검토필요","candidate_reason":"도로점용 및 실제 이용형태 추가 검토 필요; 면적 6,012㎡","priority_score":40,"source":"경기부동산포털 국공유지조회·연속지적도","source_date":"2026-08-11","installed_solar_match":false}},{"type":"Feature","id":"4155039029201230003","geometry":{"type":"Point","coordinates":[127.4451225,37.1158797]},"properties":{"pnu":"4155039029201230003","municipality_code":"41550","municipality":"안성시","district":"안성시","locality":"일죽면 고은리","address":"안성시 일죽면 고은리 산123-3","owner_type":"국유지","owner_label":"국(건설부)","manager":"","property_class":"","land_category":"도로","area_sqm":6011.0,"area_band":"5,000㎡ 이상","interest_category":"도로","solar_candidate":"검토필요","candidate_reason":"도로점용 및 실제 이용형태 추가 검토 필요; 면적 6,011㎡","priority_score":40,"source":"경기부동산포털 국공유지조회·연속지적도","source_date":"2026-08-11","installed_solar_match":false}},{"type":"Feature","id":"4155031028104840000","geometry":{"type":"Point","coordinates":[127.2841113,37.0550283]},"properties":{"pnu":"4155031028104840000","municipality_code":"41550","municipality":"안성시","district":"안성시","locality":"보개면 이전리","address":"안성시 보개면 이전리 484","owner_type":"국유지","owner_label":"국(농림축산식품부)","manager":"","property_class":"","land_category":"도로","area_sqm":6006.3,"area_band":"5,000㎡ 이상","interest_category":"도로","solar_candidate":"검토필요","candidate_reason":"도로점용 및 실제 이용형태 추가 검토 필요; 면적 6,006㎡","priority_score":40,"source":"경기부동산포털 국공유지조회·연속지적도","source_date":"2026-08-11","installed_solar_match":false}},{"type":"Feature","id":"4155039032109670017","geometry":{"type":"Point","coordinates":[127.484099,37.1061815]},"properties":{"pnu":"4155039032109670017","municipality_code":"41550","municipality":"안성시","district":"안성시","locality":"일죽면 신흥리","address":"안성시 일죽면 신흥리 967-17","owner_type":"국유지","owner_label":"국(농림부)","manager":"","property_class":"","land_category":"도로","area_sqm":5998.7,"area_band":"5,000㎡ 이상","interest_category":"도로","solar_candidate":"검토필요","candidate_reason":"도로점용 및 실제 이용형태 추가 검토 필요; 면적 5,999㎡","priority_score":40,"source":"경기부동산포털 국공유지조회·연속지적도","source_date":"2026-08-11","installed_solar_match":false}},{"type":"Feature","id":"4155034033200110001","geometry":{"type":"Point","coordinates":[127.2439123,36.9767527]},"properties":{"pnu":"4155034033200110001","municipality_code":"41550","municipality":"안성시","district":"안성시","locality":"미양면 보체리","address":"안성시 미양면 보체리 산11-1","owner_type":"국유지","owner_label":"국(건설교통부)","manager":"","property_class":"","land_category":"도로","area_sqm":5981.0,"area_band":"5,000㎡ 이상","interest_category":"도로","solar_candidate":"검토필요","candidate_reason":"도로점용 및 실제 이용형태 추가 검토 필요; 면적 5,981㎡","priority_score":40,"source":"경기부동산포털 국공유지조회·연속지적도","source_date":"2026-08-11","installed_solar_match":false}},{"type":"Feature","id":"4155033021104610000","geometry":{"type":"Point","coordinates":[127.2660381,36.9468938]},"properties":{"pnu":"4155033021104610000","municipality_code":"41550","municipality":"안성시","district":"안성시","locality":"서운면 인리","address":"안성시 서운면 인리 461","owner_type":"국유지","owner_label":"국(건설부)","manager":"","property_class":"","land_category":"도로","area_sqm":5978.0,"area_band":"5,000㎡ 이상","interest_category":"도로","solar_candidate":"검토필요","candidate_reason":"도로점용 및 실제 이용형태 추가 검토 필요; 면적 5,978㎡","priority_score":40,"source":"경기부동산포털 국공유지조회·연속지적도","source_date":"2026-08-11","installed_solar_match":false}},{"type":"Feature","id":"4155034038104260000","geometry":{"type":"Point","coordinates":[127.242341,36.9517603]},"properties":{"pnu":"4155034038104260000","municipality_code":"41550","municipality":"안성시","district":"안성시","locality":"미양면 양변리","address":"안성시 미양면 양변리 426","owner_type":"국유지","owner_label":"국(건설부)","manager":"","property_class":"","land_category":"도로","area_sqm":5963.0,"area_band":"5,000㎡ 이상","interest_category":"도로","solar_candidate":"검토필요","candidate_reason":"도로점용 및 실제 이용형태 추가 검토 필요; 면적 5,963㎡","priority_score":40,"source":"경기부동산포털 국공유지조회·연속지적도","source_date":"2026-08-11","installed_solar_match":false}},{"type":"Feature","id":"4155039029111480001","geometry":{"type":"Point","coordinates":[127.4374244,37.1124413]},"properties":{"pnu":"4155039029111480001","municipality_code":"41550","municipality":"안성시","district":"안성시","locality":"일죽면 고은리","address":"안성시 일죽면 고은리 1148-1","owner_type":"국유지","owner_label":"국(농림부)","manager":"","property_class":"","land_category":"도로","area_sqm":5942.0,"area_band":"5,000㎡ 이상","interest_category":"도로","solar_candidate":"검토필요","candidate_reason":"도로점용 및 실제 이용형태 추가 검토 필요; 면적 5,942㎡","priority_score":40,"source":"경기부동산포털 국공유지조회·연속지적도","source_date":"2026-08-11","installed_solar_match":false}},{"type":"Feature","id":"4155039029200240006","geometry":{"type":"Point","coordinates":[127.4411627,37.1365295]},"properties":{"pnu":"4155039029200240006","municipality_code":"41550","municipality":"안성시","district":"안성시","locality":"일죽면 고은리","address":"안성시 일죽면 고은리 산24-6","owner_type":"국유지","owner_label":"국(건설부)","manager":"","property_class":"","land_category":"도로","area_sqm":5932.0,"area_band":"5,000㎡ 이상","interest_category":"도로","solar_candidate":"검토필요","candidate_reason":"도로점용 및 실제 이용형태 추가 검토 필요; 면적 5,932㎡","priority_score":40,"source":"경기부동산포털 국공유지조회·연속지적도","source_date":"2026-08-11","installed_solar_match":false}},{"type":"Feature","id":"4155034036102670025","geometry":{"type":"Point","coordinates":[127.2080592,36.9808923]},"properties":{"pnu":"4155034036102670025","municipality_code":"41550","municipality":"안성시","district":"안성시","locality":"미양면 후평리","address":"안성시 미양면 후평리 267-25","owner_type":"국유지","owner_label":"국(농림부)","manager":"","property_class":"","land_category":"도로","area_sqm":5930.4,"area_band":"5,000㎡ 이상","interest_category":"도로","solar_candidate":"검토필요","candidate_reason":"도로점용 및 실제 이용형태 추가 검토 필요; 면적 5,930㎡","priority_score":40,"source":"경기부동산포털 국공유지조회·연속지적도","source_date":"2026-08-11","installed_solar_match":false}},{"type":"Feature","id":"4155039035107270000","geometry":{"type":"Point","coordinates":[127.4737592,37.0665216]},"properties":{"pnu":"4155039035107270000","municipality_code":"41550","municipality":"안성시","district":"안성시","locality":"일죽면 화봉리","address":"안성시 일죽면 화봉리 727","owner_type":"국유지","owner_label":"국(건설교통부)","manager":"","property_class":"","land_category":"도로","area_sqm":5926.0,"area_band":"5,000㎡ 이상","interest_category":"도로","solar_candidate":"검토필요","candidate_reason":"도로점용 및 실제 이용형태 추가 검토 필요; 면적 5,926㎡","priority_score":40,"source":"경기부동산포털 국공유지조회·연속지적도","source_date":"2026-08-11","installed_solar_match":false}},{"type":"Feature","id":"4155041023105440003","geometry":{"type":"Point","coordinates":[127.3847296,37.0800869]},"properties":{"pnu":"4155041023105440003","municipality_code":"41550","municipality":"안성시","district":"안성시","locality":"삼죽면 용월리","address":"안성시 삼죽면 용월리 544-3","owner_type":"국유지","owner_label":"국(건설교통부)","manager":"","property_class":"","land_category":"도로","area_sqm":5926.0,"area_band":"5,000㎡ 이상","interest_category":"도로","solar_candidate":"검토필요","candidate_reason":"도로점용 및 실제 이용형태 추가 검토 필요; 면적 5,926㎡","priority_score":40,"source":"경기부동산포털 국공유지조회·연속지적도","source_date":"2026-08-11","installed_solar_match":true,"installed_solar_count":1,"installed_solar_area_sqm":28.8,"installed_solar_analysis_years":["2024"],"installed_solar_types":["개인주택"],"installed_solar_permit_status_counts":{"N":1}}},{"type":"Feature","id":"4155039027200220001","geometry":{"type":"Point","coordinates":[127.4390572,37.1450174]},"properties":{"pnu":"4155039027200220001","municipality_code":"41550","municipality":"안성시","district":"안성시","locality":"일죽면 방초리","address":"안성시 일죽면 방초리 산22-1","owner_type":"국유지","owner_label":"국(건설부)","manager":"","property_class":"","land_category":"도로","area_sqm":5898.0,"area_band":"5,000㎡ 이상","interest_category":"도로","solar_candidate":"검토필요","candidate_reason":"도로점용 및 실제 이용형태 추가 검토 필요; 면적 5,898㎡","priority_score":40,"source":"경기부동산포털 국공유지조회·연속지적도","source_date":"2026-08-11","installed_solar_match":false}},{"type":"Feature","id":"4155033028200260003","geometry":{"type":"Point","coordinates":[127.2419814,36.9203805]},"properties":{"pnu":"4155033028200260003","municipality_code":"41550","municipality":"안성시","district":"안성시","locality":"서운면 신흥리","address":"안성시 서운면 신흥리 산26-3","owner_type":"국유지","owner_label":"국(건설교통부)","manager":"","property_class":"","land_category":"도로","area_sqm":5877.0,"area_band":"5,000㎡ 이상","interest_category":"도로","solar_candidate":"검토필요","candidate_reason":"도로점용 및 실제 이용형태 추가 검토 필요; 면적 5,877㎡","priority_score":40,"source":"경기부동산포털 국공유지조회·연속지적도","source_date":"2026-08-11","installed_solar_match":false}},{"type":"Feature","id":"4155033026103740006","geometry":{"type":"Point","coordinates":[127.214116,36.9381341]},"properties":{"pnu":"4155033026103740006","municipality_code":"41550","municipality":"안성시","district":"안성시","locality":"서운면 현매리","address":"안성시 서운면 현매리 374-6","owner_type":"국유지","owner_label":"국(농수산부)","manager":"","property_class":"","land_category":"도로","area_sqm":5871.0,"area_band":"5,000㎡ 이상","interest_category":"도로","solar_candidate":"검토필요","candidate_reason":"도로점용 및 실제 이용형태 추가 검토 필요; 면적 5,871㎡","priority_score":40,"source":"경기부동산포털 국공유지조회·연속지적도","source_date":"2026-08-11","installed_solar_match":false}},{"type":"Feature","id":"4155036023102320000","geometry":{"type":"Point","coordinates":[127.2048584,37.0655103]},"properties":{"pnu":"4155036023102320000","municipality_code":"41550","municipality":"안성시","district":"안성시","locality":"양성면 석화리","address":"안성시 양성면 석화리 232","owner_type":"국유지","owner_label":"국(건설부)","manager":"","property_class":"","land_category":"도로","area_sqm":5871.0,"area_band":"5,000㎡ 이상","interest_category":"도로","solar_candidate":"검토필요","candidate_reason":"도로점용 및 실제 이용형태 추가 검토 필요; 면적 5,871㎡","priority_score":40,"source":"경기부동산포털 국공유지조회·연속지적도","source_date":"2026-08-11","installed_solar_match":false}},{"type":"Feature","id":"4155034028105060026","geometry":{"type":"Point","coordinates":[127.1995881,36.976207]},"properties":{"pnu":"4155034028105060026","municipality_code":"41550","municipality":"안성시","district":"안성시","locality":"미양면 정동리","address":"안성시 미양면 정동리 506-26","owner_type":"국유지","owner_label":"국(농림부)","manager":"","property_class":"","land_category":"도로","area_sqm":5859.1,"area_band":"5,000㎡ 이상","interest_category":"도로","solar_candidate":"검토필요","candidate_reason":"도로점용 및 실제 이용형태 추가 검토 필요; 면적 5,859㎡","priority_score":40,"source":"경기부동산포털 국공유지조회·연속지적도","source_date":"2026-08-11","installed_solar_match":false}},{"type":"Feature","id":"4155034027106240000","geometry":{"type":"Point","coordinates":[127.2053583,36.9576087]},"properties":{"pnu":"4155034027106240000","municipality_code":"41550","municipality":"안성시","district":"안성시","locality":"미양면 고지리","address":"안성시 미양면 고지리 624","owner_type":"국유지","owner_label":"국(건설부)","manager":"","property_class":"","land_category":"도로","area_sqm":5844.0,"area_band":"5,000㎡ 이상","interest_category":"도로","solar_candidate":"검토필요","candidate_reason":"도로점용 및 실제 이용형태 추가 검토 필요; 면적 5,844㎡","priority_score":40,"source":"경기부동산포털 국공유지조회·연속지적도","source_date":"2026-08-11","installed_solar_match":false}},{"type":"Feature","id":"4155040026109410000","geometry":{"type":"Point","coordinates":[127.4007695,37.0518118]},"properties":{"pnu":"4155040026109410000","municipality_code":"41550","municipality":"안성시","district":"안성시","locality":"죽산면 장계리","address":"안성시 죽산면 장계리 941","owner_type":"국유지","owner_label":"국(건설교통부)","manager":"","property_class":"","land_category":"도로","area_sqm":5828.0,"area_band":"5,000㎡ 이상","interest_category":"도로","solar_candidate":"검토필요","candidate_reason":"도로점용 및 실제 이용형태 추가 검토 필요; 면적 5,828㎡","priority_score":40,"source":"경기부동산포털 국공유지조회·연속지적도","source_date":"2026-08-11","installed_solar_match":false}},{"type":"Feature","id":"4155040023109890002","geometry":{"type":"Point","coordinates":[127.4143291,37.0694037]},"properties":{"pnu":"4155040023109890002","municipality_code":"41550","municipality":"안성시","district":"안성시","locality":"죽산면 장원리","address":"안성시 죽산면 장원리 989-2","owner_type":"국유지","owner_label":"국(농림수산부)","manager":"","property_class":"","land_category":"도로","area_sqm":5824.0,"area_band":"5,000㎡ 이상","interest_category":"도로","solar_candidate":"검토필요","candidate_reason":"도로점용 및 실제 이용형태 추가 검토 필요; 면적 5,824㎡","priority_score":40,"source":"경기부동산포털 국공유지조회·연속지적도","source_date":"2026-08-11","installed_solar_match":false}},{"type":"Feature","id":"4155040030200380001","geometry":{"type":"Point","coordinates":[127.4369306,37.0154152]},"properties":{"pnu":"4155040030200380001","municipality_code":"41550","municipality":"안성시","district":"안성시","locality":"죽산면 두교리","address":"안성시 죽산면 두교리 산38-1","owner_type":"국유지","owner_label":"국(건설교통부)","manager":"","property_class":"","land_category":"도로","area_sqm":5821.0,"area_band":"5,000㎡ 이상","interest_category":"도로","solar_candidate":"검토필요","candidate_reason":"도로점용 및 실제 이용형태 추가 검토 필요; 면적 5,821㎡","priority_score":40,"source":"경기부동산포털 국공유지조회·연속지적도","source_date":"2026-08-11","installed_solar_match":false}},{"type":"Feature","id":"4155034023107160000","geometry":{"type":"Point","coordinates":[127.194494,36.9650333]},"properties":{"pnu":"4155034023107160000","municipality_code":"41550","municipality":"안성시","district":"안성시","locality":"미양면 개정리","address":"안성시 미양면 개정리 716","owner_type":"국유지","owner_label":"국(농림축산식품부)","manager":"","property_class":"","land_category":"도로","area_sqm":5810.3,"area_band":"5,000㎡ 이상","interest_category":"도로","solar_candidate":"검토필요","candidate_reason":"도로점용 및 실제 이용형태 추가 검토 필요; 면적 5,810㎡","priority_score":40,"source":"경기부동산포털 국공유지조회·연속지적도","source_date":"2026-08-11","installed_solar_match":false}},{"type":"Feature","id":"4155042021113310000","geometry":{"type":"Point","coordinates":[127.2878943,37.107489]},"properties":{"pnu":"4155042021113310000","municipality_code":"41550","municipality":"안성시","district":"안성시","locality":"고삼면 쌍지리","address":"안성시 고삼면 쌍지리 1331","owner_type":"국유지","owner_label":"국(농림수산부)","manager":"","property_class":"","land_category":"도로","area_sqm":5796.0,"area_band":"5,000㎡ 이상","interest_category":"도로","solar_candidate":"검토필요","candidate_reason":"도로점용 및 실제 이용형태 추가 검토 필요; 면적 5,796㎡","priority_score":40,"source":"경기부동산포털 국공유지조회·연속지적도","source_date":"2026-08-11","installed_solar_match":false}},{"type":"Feature","id":"4155040023110360000","geometry":{"type":"Point","coordinates":[127.4154013,37.0623536]},"properties":{"pnu":"4155040023110360000","municipality_code":"41550","municipality":"안성시","district":"안성시","locality":"죽산면 장원리","address":"안성시 죽산면 장원리 1036","owner_type":"국유지","owner_label":"국(농림수산부)","manager":"","property_class":"","land_category":"도로","area_sqm":5783.0,"area_band":"5,000㎡ 이상","interest_category":"도로","solar_candidate":"검토필요","candidate_reason":"도로점용 및 실제 이용형태 추가 검토 필요; 면적 5,783㎡","priority_score":40,"source":"경기부동산포털 국공유지조회·연속지적도","source_date":"2026-08-11","installed_solar_match":false}},{"type":"Feature","id":"4155040023200110013","geometry":{"type":"Point","coordinates":[127.4390938,37.0706646]},"properties":{"pnu":"4155040023200110013","municipality_code":"41550","municipality":"안성시","district":"안성시","locality":"죽산면 장원리","address":"안성시 죽산면 장원리 산11-13","owner_type":"국유지","owner_label":"국(건설교통부)","manager":"","property_class":"","land_category":"도로","area_sqm":5777.0,"area_band":"5,000㎡ 이상","interest_category":"도로","solar_candidate":"검토필요","candidate_reason":"도로점용 및 실제 이용형태 추가 검토 필요; 면적 5,777㎡","priority_score":40,"source":"경기부동산포털 국공유지조회·연속지적도","source_date":"2026-08-11","installed_solar_match":false}},{"type":"Feature","id":"4155039034104150000","geometry":{"type":"Point","coordinates":[127.4665543,37.0780351]},"properties":{"pnu":"4155039034104150000","municipality_code":"41550","municipality":"안성시","district":"안성시","locality":"일죽면 장암리","address":"안성시 일죽면 장암리 415","owner_type":"국유지","owner_label":"국(농림수산부)","manager":"","property_class":"","land_category":"도로","area_sqm":5770.0,"area_band":"5,000㎡ 이상","interest_category":"도로","solar_candidate":"검토필요","candidate_reason":"도로점용 및 실제 이용형태 추가 검토 필요; 면적 5,770㎡","priority_score":40,"source":"경기부동산포털 국공유지조회·연속지적도","source_date":"2026-08-11","installed_solar_match":false}},{"type":"Feature","id":"4155039029111370001","geometry":{"type":"Point","coordinates":[127.4382222,37.1143451]},"properties":{"pnu":"4155039029111370001","municipality_code":"41550","municipality":"안성시","district":"안성시","locality":"일죽면 고은리","address":"안성시 일죽면 고은리 1137-1","owner_type":"국유지","owner_label":"국(농림부)","manager":"","property_class":"","land_category":"도로","area_sqm":5750.8,"area_band":"5,000㎡ 이상","interest_category":"도로","solar_candidate":"검토필요","candidate_reason":"도로점용 및 실제 이용형태 추가 검토 필요; 면적 5,751㎡","priority_score":40,"source":"경기부동산포털 국공유지조회·연속지적도","source_date":"2026-08-11","installed_solar_match":false}},{"type":"Feature","id":"4155011800100390000","geometry":{"type":"Point","coordinates":[127.2666562,37.0081347]},"properties":{"pnu":"4155011800100390000","municipality_code":"41550","municipality":"안성시","district":"안성시","locality":"석정동","address":"안성시 석정동 39","owner_type":"국유지","owner_label":"국","manager":"","property_class":"","land_category":"도로","area_sqm":5744.0,"area_band":"5,000㎡ 이상","interest_category":"도로","solar_candidate":"검토필요","candidate_reason":"도로점용 및 실제 이용형태 추가 검토 필요; 면적 5,744㎡","priority_score":40,"source":"경기부동산포털 국공유지조회·연속지적도","source_date":"2026-08-11","installed_solar_match":false}},{"type":"Feature","id":"4155039032109410010","geometry":{"type":"Point","coordinates":[127.4728664,37.1190315]},"properties":{"pnu":"4155039032109410010","municipality_code":"41550","municipality":"안성시","district":"안성시","locality":"일죽면 신흥리","address":"안성시 일죽면 신흥리 941-10","owner_type":"국유지","owner_label":"국(농림부)","manager":"","property_class":"","land_category":"도로","area_sqm":5726.9,"area_band":"5,000㎡ 이상","interest_category":"도로","solar_candidate":"검토필요","candidate_reason":"도로점용 및 실제 이용형태 추가 검토 필요; 면적 5,727㎡","priority_score":40,"source":"경기부동산포털 국공유지조회·연속지적도","source_date":"2026-08-11","installed_solar_match":false}},{"type":"Feature","id":"4155039029201220001","geometry":{"type":"Point","coordinates":[127.4448766,37.1190239]},"properties":{"pnu":"4155039029201220001","municipality_code":"41550","municipality":"안성시","district":"안성시","locality":"일죽면 고은리","address":"안성시 일죽면 고은리 산122-1","owner_type":"국유지","owner_label":"국(건설부)","manager":"","property_class":"","land_category":"도로","area_sqm":5708.0,"area_band":"5,000㎡ 이상","interest_category":"도로","solar_candidate":"검토필요","candidate_reason":"도로점용 및 실제 이용형태 추가 검토 필요; 면적 5,708㎡","priority_score":40,"source":"경기부동산포털 국공유지조회·연속지적도","source_date":"2026-08-11","installed_solar_match":false}},{"type":"Feature","id":"4155039029111300000","geometry":{"type":"Point","coordinates":[127.4335529,37.1086694]},"properties":{"pnu":"4155039029111300000","municipality_code":"41550","municipality":"안성시","district":"안성시","locality":"일죽면 고은리","address":"안성시 일죽면 고은리 1130","owner_type":"국유지","owner_label":"국(건설교통부)","manager":"","property_class":"","land_category":"도로","area_sqm":5685.0,"area_band":"5,000㎡ 이상","interest_category":"도로","solar_candidate":"검토필요","candidate_reason":"도로점용 및 실제 이용형태 추가 검토 필요; 면적 5,685㎡","priority_score":40,"source":"경기부동산포털 국공유지조회·연속지적도","source_date":"2026-08-11","installed_solar_match":false}},{"type":"Feature","id":"4155039029201320001","geometry":{"type":"Point","coordinates":[127.4453307,37.1105736]},"properties":{"pnu":"4155039029201320001","municipality_code":"41550","municipality":"안성시","district":"안성시","locality":"일죽면 고은리","address":"안성시 일죽면 고은리 산132-1","owner_type":"국유지","owner_label":"국(건설부)","manager":"","property_class":"","land_category":"도로","area_sqm":5679.0,"area_band":"5,000㎡ 이상","interest_category":"도로","solar_candidate":"검토필요","candidate_reason":"도로점용 및 실제 이용형태 추가 검토 필요; 면적 5,679㎡","priority_score":40,"source":"경기부동산포털 국공유지조회·연속지적도","source_date":"2026-08-11","installed_solar_match":false}},{"type":"Feature","id":"4155025026108150000","geometry":{"type":"Point","coordinates":[127.1608402,36.9893433]},"properties":{"pnu":"4155025026108150000","municipality_code":"41550","municipality":"안성시","district":"안성시","locality":"공도읍 승두리","address":"안성시 공도읍 승두리 815","owner_type":"국유지","owner_label":"국(건설교통부)","manager":"","property_class":"","land_category":"도로","area_sqm":5650.0,"area_band":"5,000㎡ 이상","interest_category":"도로","solar_candidate":"검토필요","candidate_reason":"도로점용 및 실제 이용형태 추가 검토 필요; 면적 5,650㎡","priority_score":40,"source":"경기부동산포털 국공유지조회·연속지적도","source_date":"2026-08-11","installed_solar_match":false}},{"type":"Feature","id":"4155025026107820010","geometry":{"type":"Point","coordinates":[127.1532648,36.9954027]},"properties":{"pnu":"4155025026107820010","municipality_code":"41550","municipality":"안성시","district":"안성시","locality":"공도읍 승두리","address":"안성시 공도읍 승두리 782-10","owner_type":"국유지","owner_label":"국(국토교통부)","manager":"","property_class":"","land_category":"도로","area_sqm":5626.0,"area_band":"5,000㎡ 이상","interest_category":"도로","solar_candidate":"검토필요","candidate_reason":"도로점용 및 실제 이용형태 추가 검토 필요; 면적 5,626㎡","priority_score":40,"source":"경기부동산포털 국공유지조회·연속지적도","source_date":"2026-08-11","installed_solar_match":false}},{"type":"Feature","id":"4155036033106700000","geometry":{"type":"Point","coordinates":[127.2354134,37.0660526]},"properties":{"pnu":"4155036033106700000","municipality_code":"41550","municipality":"안성시","district":"안성시","locality":"양성면 방축리","address":"안성시 양성면 방축리 670","owner_type":"국유지","owner_label":"국(건설교통부)","manager":"","property_class":"","land_category":"도로","area_sqm":5622.0,"area_band":"5,000㎡ 이상","interest_category":"도로","solar_candidate":"검토필요","candidate_reason":"도로점용 및 실제 이용형태 추가 검토 필요; 면적 5,622㎡","priority_score":40,"source":"경기부동산포털 국공유지조회·연속지적도","source_date":"2026-08-11","installed_solar_match":true,"installed_solar_count":1,"installed_solar_area_sqm":19.1,"installed_solar_analysis_years":["2024"],"installed_solar_types":["개인주택"],"installed_solar_permit_status_counts":{"N":1}}},{"type":"Feature","id":"4155034024101800006","geometry":{"type":"Point","coordinates":[127.1745371,36.9646103]},"properties":{"pnu":"4155034024101800006","municipality_code":"41550","municipality":"안성시","district":"안성시","locality":"미양면 신계리","address":"안성시 미양면 신계리 180-6","owner_type":"국유지","owner_label":"국(건설부)","manager":"","property_class":"","land_category":"도로","area_sqm":5616.0,"area_band":"5,000㎡ 이상","interest_category":"도로","solar_candidate":"검토필요","candidate_reason":"도로점용 및 실제 이용형태 추가 검토 필요; 면적 5,616㎡","priority_score":40,"source":"경기부동산포털 국공유지조회·연속지적도","source_date":"2026-08-11","installed_solar_match":false}},{"type":"Feature","id":"4155033028103350000","geometry":{"type":"Point","coordinates":[127.2489515,36.9303128]},"properties":{"pnu":"4155033028103350000","municipality_code":"41550","municipality":"안성시","district":"안성시","locality":"서운면 신흥리","address":"안성시 서운면 신흥리 335","owner_type":"국유지","owner_label":"국(농수산부)","manager":"","property_class":"","land_category":"도로","area_sqm":5582.0,"area_band":"5,000㎡ 이상","interest_category":"도로","solar_candidate":"검토필요","candidate_reason":"도로점용 및 실제 이용형태 추가 검토 필요; 면적 5,582㎡","priority_score":40,"source":"경기부동산포털 국공유지조회·연속지적도","source_date":"2026-08-11","installed_solar_match":false}},{"type":"Feature","id":"4155042024109300002","geometry":{"type":"Point","coordinates":[127.2573692,37.0918773]},"properties":{"pnu":"4155042024109300002","municipality_code":"41550","municipality":"안성시","district":"안성시","locality":"고삼면 가유리","address":"안성시 고삼면 가유리 930-2","owner_type":"국유지","owner_label":"국(농림수산부)","manager":"","property_class":"","land_category":"도로","area_sqm":5570.0,"area_band":"5,000㎡ 이상","interest_category":"도로","solar_candidate":"검토필요","candidate_reason":"도로점용 및 실제 이용형태 추가 검토 필요; 면적 5,570㎡","priority_score":40,"source":"경기부동산포털 국공유지조회·연속지적도","source_date":"2026-08-11","installed_solar_match":false}},{"type":"Feature","id":"4155031027103980000","geometry":{"type":"Point","coordinates":[127.3146822,37.0461418]},"properties":{"pnu":"4155031027103980000","municipality_code":"41550","municipality":"안성시","district":"안성시","locality":"보개면 오두리","address":"안성시 보개면 오두리 398","owner_type":"국유지","owner_label":"국(농림수산부)","manager":"","property_class":"","land_category":"도로","area_sqm":5568.0,"area_band":"5,000㎡ 이상","interest_category":"도로","solar_candidate":"검토필요","candidate_reason":"도로점용 및 실제 이용형태 추가 검토 필요; 면적 5,568㎡","priority_score":40,"source":"경기부동산포털 국공유지조회·연속지적도","source_date":"2026-08-11","installed_solar_match":false}},{"type":"Feature","id":"4155039027200200005","geometry":{"type":"Point","coordinates":[127.4389438,37.1461765]},"properties":{"pnu":"4155039027200200005","municipality_code":"41550","municipality":"안성시","district":"안성시","locality":"일죽면 방초리","address":"안성시 일죽면 방초리 산20-5","owner_type":"국유지","owner_label":"국(건설부)","manager":"","property_class":"","land_category":"도로","area_sqm":5564.0,"area_band":"5,000㎡ 이상","interest_category":"도로","solar_candidate":"검토필요","candidate_reason":"도로점용 및 실제 이용형태 추가 검토 필요; 면적 5,564㎡","priority_score":40,"source":"경기부동산포털 국공유지조회·연속지적도","source_date":"2026-08-11","installed_solar_match":false}},{"type":"Feature","id":"4155025030105350000","geometry":{"type":"Point","coordinates":[127.207703,37.0100067]},"properties":{"pnu":"4155025030105350000","municipality_code":"41550","municipality":"안성시","district":"안성시","locality":"공도읍 마정리","address":"안성시 공도읍 마정리 535","owner_type":"국유지","owner_label":"국(건설부)","manager":"","property_class":"","land_category":"도로","area_sqm":5563.0,"area_band":"5,000㎡ 이상","interest_category":"도로","solar_candidate":"검토필요","candidate_reason":"도로점용 및 실제 이용형태 추가 검토 필요; 면적 5,563㎡","priority_score":40,"source":"경기부동산포털 국공유지조회·연속지적도","source_date":"2026-08-11","installed_solar_match":true,"installed_solar_count":1,"installed_solar_area_sqm":15.8,"installed_solar_analysis_years":["2024"],"installed_solar_types":["개인주택"],"installed_solar_permit_status_counts":{"N":1}}},{"type":"Feature","id":"4155040027202090002","geometry":{"type":"Point","coordinates":[127.4381145,37.04782]},"properties":{"pnu":"4155040027202090002","municipality_code":"41550","municipality":"안성시","district":"안성시","locality":"죽산면 용설리","address":"안성시 죽산면 용설리 산209-2","owner_type":"국유지","owner_label":"국(건설교통부)","manager":"","property_class":"","land_category":"도로","area_sqm":5559.0,"area_band":"5,000㎡ 이상","interest_category":"도로","solar_candidate":"검토필요","candidate_reason":"도로점용 및 실제 이용형태 추가 검토 필요; 면적 5,559㎡","priority_score":40,"source":"경기부동산포털 국공유지조회·연속지적도","source_date":"2026-08-11","installed_solar_match":false}},{"type":"Feature","id":"4155039029201210007","geometry":{"type":"Point","coordinates":[127.4449944,37.1166187]},"properties":{"pnu":"4155039029201210007","municipality_code":"41550","municipality":"안성시","district":"안성시","locality":"일죽면 고은리","address":"안성시 일죽면 고은리 산121-7","owner_type":"국유지","owner_label":"국(건설부)","manager":"","property_class":"","land_category":"도로","area_sqm":5542.0,"area_band":"5,000㎡ 이상","interest_category":"도로","solar_candidate":"검토필요","candidate_reason":"도로점용 및 실제 이용형태 추가 검토 필요; 면적 5,542㎡","priority_score":40,"source":"경기부동산포털 국공유지조회·연속지적도","source_date":"2026-08-11","installed_solar_match":false}},{"type":"Feature","id":"4155033033104290000","geometry":{"type":"Point","coordinates":[127.2685949,36.9498322]},"properties":{"pnu":"4155033033104290000","municipality_code":"41550","municipality":"안성시","district":"안성시","locality":"서운면 양촌리","address":"안성시 서운면 양촌리 429","owner_type":"국유지","owner_label":"국(농림축산식품부)","manager":"","property_class":"","land_category":"도로","area_sqm":5539.0,"area_band":"5,000㎡ 이상","interest_category":"도로","solar_candidate":"검토필요","candidate_reason":"도로점용 및 실제 이용형태 추가 검토 필요; 면적 5,539㎡","priority_score":40,"source":"경기부동산포털 국공유지조회·연속지적도","source_date":"2026-08-11","installed_solar_match":false}},{"type":"Feature","id":"4155032021106230000","geometry":{"type":"Point","coordinates":[127.3030244,36.9983782]},"properties":{"pnu":"4155032021106230000","municipality_code":"41550","municipality":"안성시","district":"안성시","locality":"금광면 내우리","address":"안성시 금광면 내우리 623","owner_type":"국유지","owner_label":"국(농림축산식품부)","manager":"","property_class":"","land_category":"도로","area_sqm":5529.9,"area_band":"5,000㎡ 이상","interest_category":"도로","solar_candidate":"검토필요","candidate_reason":"도로점용 및 실제 이용형태 추가 검토 필요; 면적 5,530㎡","priority_score":40,"source":"경기부동산포털 국공유지조회·연속지적도","source_date":"2026-08-11","installed_solar_match":false}},{"type":"Feature","id":"4155038022201100004","geometry":{"type":"Point","coordinates":[127.1531985,37.0412724]},"properties":{"pnu":"4155038022201100004","municipality_code":"41550","municipality":"안성시","district":"안성시","locality":"원곡면 칠곡리","address":"안성시 원곡면 칠곡리 산110-4","owner_type":"국유지","owner_label":"국(건설교통부)","manager":"","property_class":"","land_category":"도로","area_sqm":5528.0,"area_band":"5,000㎡ 이상","interest_category":"도로","solar_candidate":"검토필요","candidate_reason":"도로점용 및 실제 이용형태 추가 검토 필요; 면적 5,528㎡","priority_score":40,"source":"경기부동산포털 국공유지조회·연속지적도","source_date":"2026-08-11","installed_solar_match":false}},{"type":"Feature","id":"4155025021105420000","geometry":{"type":"Point","coordinates":[127.2100102,37.0063651]},"properties":{"pnu":"4155025021105420000","municipality_code":"41550","municipality":"안성시","district":"안성시","locality":"공도읍 양기리","address":"안성시 공도읍 양기리 542","owner_type":"국유지","owner_label":"국(농림수산부)","manager":"","property_class":"","land_category":"도로","area_sqm":5508.0,"area_band":"5,000㎡ 이상","interest_category":"도로","solar_candidate":"검토필요","candidate_reason":"도로점용 및 실제 이용형태 추가 검토 필요; 면적 5,508㎡","priority_score":40,"source":"경기부동산포털 국공유지조회·연속지적도","source_date":"2026-08-11","installed_solar_match":false}},{"type":"Feature","id":"4155038022107790000","geometry":{"type":"Point","coordinates":[127.1578243,37.0380488]},"properties":{"pnu":"4155038022107790000","municipality_code":"41550","municipality":"안성시","district":"안성시","locality":"원곡면 칠곡리","address":"안성시 원곡면 칠곡리 779","owner_type":"국유지","owner_label":"국(건설교통부)","manager":"","property_class":"","land_category":"도로","area_sqm":5507.0,"area_band":"5,000㎡ 이상","interest_category":"도로","solar_candidate":"검토필요","candidate_reason":"도로점용 및 실제 이용형태 추가 검토 필요; 면적 5,507㎡","priority_score":40,"source":"경기부동산포털 국공유지조회·연속지적도","source_date":"2026-08-11","installed_solar_match":false}},{"type":"Feature","id":"4155031027103300000","geometry":{"type":"Point","coordinates":[127.3081858,37.0500615]},"properties":{"pnu":"4155031027103300000","municipality_code":"41550","municipality":"안성시","district":"안성시","locality":"보개면 오두리","address":"안성시 보개면 오두리 330","owner_type":"국유지","owner_label":"국(건설부)","manager":"","property_class":"","land_category":"도로","area_sqm":5499.0,"area_band":"5,000㎡ 이상","interest_category":"도로","solar_candidate":"검토필요","candidate_reason":"도로점용 및 실제 이용형태 추가 검토 필요; 면적 5,499㎡","priority_score":40,"source":"경기부동산포털 국공유지조회·연속지적도","source_date":"2026-08-11","installed_solar_match":true,"installed_solar_count":1,"installed_solar_area_sqm":20.9,"installed_solar_analysis_years":["2024"],"installed_solar_types":["개인주택"],"installed_solar_permit_status_counts":{"N":1}}},{"type":"Feature","id":"4155039025105360001","geometry":{"type":"Point","coordinates":[127.5024964,37.0870946]},"properties":{"pnu":"4155039025105360001","municipality_code":"41550","municipality":"안성시","district":"안성시","locality":"일죽면 산북리","address":"안성시 일죽면 산북리 536-1","owner_type":"국유지","owner_label":"국(농수산부)","manager":"","property_class":"","land_category":"도로","area_sqm":5494.0,"area_band":"5,000㎡ 이상","interest_category":"도로","solar_candidate":"검토필요","candidate_reason":"도로점용 및 실제 이용형태 추가 검토 필요; 면적 5,494㎡","priority_score":40,"source":"경기부동산포털 국공유지조회·연속지적도","source_date":"2026-08-11","installed_solar_match":false}},{"type":"Feature","id":"4155034027106280004","geometry":{"type":"Point","coordinates":[127.2207877,36.9465093]},"properties":{"pnu":"4155034027106280004","municipality_code":"41550","municipality":"안성시","district":"안성시","locality":"미양면 고지리","address":"안성시 미양면 고지리 628-4","owner_type":"국유지","owner_label":"국(농림수산부)","manager":"","property_class":"","land_category":"도로","area_sqm":5489.0,"area_band":"5,000㎡ 이상","interest_category":"도로","solar_candidate":"검토필요","candidate_reason":"도로점용 및 실제 이용형태 추가 검토 필요; 면적 5,489㎡","priority_score":40,"source":"경기부동산포털 국공유지조회·연속지적도","source_date":"2026-08-11","installed_solar_match":false}},{"type":"Feature","id":"4155040022103900005","geometry":{"type":"Point","coordinates":[127.4365825,37.0874463]},"properties":{"pnu":"4155040022103900005","municipality_code":"41550","municipality":"안성시","district":"안성시","locality":"죽산면 매산리","address":"안성시 죽산면 매산리 390-5","owner_type":"국유지","owner_label":"국(건설부)","manager":"","property_class":"","land_category":"도로","area_sqm":5486.0,"area_band":"5,000㎡ 이상","interest_category":"도로","solar_candidate":"검토필요","candidate_reason":"도로점용 및 실제 이용형태 추가 검토 필요; 면적 5,486㎡","priority_score":40,"source":"경기부동산포털 국공유지조회·연속지적도","source_date":"2026-08-11","installed_solar_match":false}},{"type":"Feature","id":"4155040027202260002","geometry":{"type":"Point","coordinates":[127.4393125,37.0545296]},"properties":{"pnu":"4155040027202260002","municipality_code":"41550","municipality":"안성시","district":"안성시","locality":"죽산면 용설리","address":"안성시 죽산면 용설리 산226-2","owner_type":"국유지","owner_label":"국(국토해양부)","manager":"","property_class":"","land_category":"도로","area_sqm":5473.0,"area_band":"5,000㎡ 이상","interest_category":"도로","solar_candidate":"검토필요","candidate_reason":"도로점용 및 실제 이용형태 추가 검토 필요; 면적 5,473㎡","priority_score":40,"source":"경기부동산포털 국공유지조회·연속지적도","source_date":"2026-08-11","installed_solar_match":false}},{"type":"Feature","id":"4155041022109200007","geometry":{"type":"Point","coordinates":[127.3819904,37.0962643]},"properties":{"pnu":"4155041022109200007","municipality_code":"41550","municipality":"안성시","district":"안성시","locality":"삼죽면 율곡리","address":"안성시 삼죽면 율곡리 920-7","owner_type":"국유지","owner_label":"국(건설교통부)","manager":"","property_class":"","land_category":"도로","area_sqm":5471.0,"area_band":"5,000㎡ 이상","interest_category":"도로","solar_candidate":"검토필요","candidate_reason":"도로점용 및 실제 이용형태 추가 검토 필요; 면적 5,471㎡","priority_score":40,"source":"경기부동산포털 국공유지조회·연속지적도","source_date":"2026-08-11","installed_solar_match":false}},{"type":"Feature","id":"4155012400105780000","geometry":{"type":"Point","coordinates":[127.2507396,36.9969933]},"properties":{"pnu":"4155012400105780000","municipality_code":"41550","municipality":"안성시","district":"안성시","locality":"도기동","address":"안성시 도기동 578","owner_type":"국유지","owner_label":"국(건설부)","manager":"","property_class":"","land_category":"도로","area_sqm":5456.0,"area_band":"5,000㎡ 이상","interest_category":"도로","solar_candidate":"검토필요","candidate_reason":"도로점용 및 실제 이용형태 추가 검토 필요; 면적 5,456㎡","priority_score":40,"source":"경기부동산포털 국공유지조회·연속지적도","source_date":"2026-08-11","installed_solar_match":false}},{"type":"Feature","id":"4155035030107020001","geometry":{"type":"Point","coordinates":[127.2230312,36.991411]},"properties":{"pnu":"4155035030107020001","municipality_code":"41550","municipality":"안성시","district":"안성시","locality":"대덕면 죽리","address":"안성시 대덕면 죽리 702-1","owner_type":"국유지","owner_label":"국(농림축산식품부)","manager":"","property_class":"","land_category":"도로","area_sqm":5451.0,"area_band":"5,000㎡ 이상","interest_category":"도로","solar_candidate":"검토필요","candidate_reason":"도로점용 및 실제 이용형태 추가 검토 필요; 면적 5,451㎡","priority_score":40,"source":"경기부동산포털 국공유지조회·연속지적도","source_date":"2026-08-11","installed_solar_match":false}},{"type":"Feature","id":"4155011400101700000","geometry":{"type":"Point","coordinates":[127.270077,37.0112107]},"properties":{"pnu":"4155011400101700000","municipality_code":"41550","municipality":"안성시","district":"안성시","locality":"금산동","address":"안성시 금산동 170","owner_type":"국유지","owner_label":"국(건설부)","manager":"","property_class":"","land_category":"도로","area_sqm":5427.8,"area_band":"5,000㎡ 이상","interest_category":"도로","solar_candidate":"검토필요","candidate_reason":"도로점용 및 실제 이용형태 추가 검토 필요; 면적 5,428㎡","priority_score":40,"source":"경기부동산포털 국공유지조회·연속지적도","source_date":"2026-08-11","installed_solar_match":false}},{"type":"Feature","id":"4155034033103960000","geometry":{"type":"Point","coordinates":[127.2391997,36.9746526]},"properties":{"pnu":"4155034033103960000","municipality_code":"41550","municipality":"안성시","district":"안성시","locality":"미양면 보체리","address":"안성시 미양면 보체리 396","owner_type":"국유지","owner_label":"국(건설교통부)","manager":"","property_class":"","land_category":"도로","area_sqm":5425.0,"area_band":"5,000㎡ 이상","interest_category":"도로","solar_candidate":"검토필요","candidate_reason":"도로점용 및 실제 이용형태 추가 검토 필요; 면적 5,425㎡","priority_score":40,"source":"경기부동산포털 국공유지조회·연속지적도","source_date":"2026-08-11","installed_solar_match":false}},{"type":"Feature","id":"4155031034103990000","geometry":{"type":"Point","coordinates":[127.3008053,37.0241057]},"properties":{"pnu":"4155031034103990000","municipality_code":"41550","municipality":"안성시","district":"안성시","locality":"보개면 구사리","address":"안성시 보개면 구사리 399","owner_type":"국유지","owner_label":"국(건설부)","manager":"","property_class":"","land_category":"도로","area_sqm":5416.0,"area_band":"5,000㎡ 이상","interest_category":"도로","solar_candidate":"검토필요","candidate_reason":"도로점용 및 실제 이용형태 추가 검토 필요; 면적 5,416㎡","priority_score":40,"source":"경기부동산포털 국공유지조회·연속지적도","source_date":"2026-08-11","installed_solar_match":false}},{"type":"Feature","id":"4155034033200150001","geometry":{"type":"Point","coordinates":[127.2429877,36.9756111]},"properties":{"pnu":"4155034033200150001","municipality_code":"41550","municipality":"안성시","district":"안성시","locality":"미양면 보체리","address":"안성시 미양면 보체리 산15-1","owner_type":"국유지","owner_label":"국(건설교통부)","manager":"","property_class":"","land_category":"도로","area_sqm":5412.0,"area_band":"5,000㎡ 이상","interest_category":"도로","solar_candidate":"검토필요","candidate_reason":"도로점용 및 실제 이용형태 추가 검토 필요; 면적 5,412㎡","priority_score":40,"source":"경기부동산포털 국공유지조회·연속지적도","source_date":"2026-08-11","installed_solar_match":false}},{"type":"Feature","id":"4155039023110270000","geometry":{"type":"Point","coordinates":[127.4422366,37.0748071]},"properties":{"pnu":"4155039023110270000","municipality_code":"41550","municipality":"안성시","district":"안성시","locality":"일죽면 죽림리","address":"안성시 일죽면 죽림리 1027","owner_type":"국유지","owner_label":"국(농림수산부)","manager":"","property_class":"","land_category":"도로","area_sqm":5406.0,"area_band":"5,000㎡ 이상","interest_category":"도로","solar_candidate":"검토필요","candidate_reason":"도로점용 및 실제 이용형태 추가 검토 필요; 면적 5,406㎡","priority_score":40,"source":"경기부동산포털 국공유지조회·연속지적도","source_date":"2026-08-11","installed_solar_match":false}},{"type":"Feature","id":"4155031039111060000","geometry":{"type":"Point","coordinates":[127.3096783,37.0982882]},"properties":{"pnu":"4155031039111060000","municipality_code":"41550","municipality":"안성시","district":"안성시","locality":"보개면 북가현리","address":"안성시 보개면 북가현리 1106","owner_type":"국유지","owner_label":"국(건설교통부)","manager":"","property_class":"","land_category":"도로","area_sqm":5397.0,"area_band":"5,000㎡ 이상","interest_category":"도로","solar_candidate":"검토필요","candidate_reason":"도로점용 및 실제 이용형태 추가 검토 필요; 면적 5,397㎡","priority_score":40,"source":"경기부동산포털 국공유지조회·연속지적도","source_date":"2026-08-11","installed_solar_match":false}},{"type":"Feature","id":"4155038025102760000","geometry":{"type":"Point","coordinates":[127.1116752,37.0366043]},"properties":{"pnu":"4155038025102760000","municipality_code":"41550","municipality":"안성시","district":"안성시","locality":"원곡면 내가천리","address":"안성시 원곡면 내가천리 276","owner_type":"국유지","owner_label":"국(건설교통부)","manager":"","property_class":"","land_category":"도로","area_sqm":5377.0,"area_band":"5,000㎡ 이상","interest_category":"도로","solar_candidate":"검토필요","candidate_reason":"도로점용 및 실제 이용형태 추가 검토 필요; 면적 5,377㎡","priority_score":40,"source":"경기부동산포털 국공유지조회·연속지적도","source_date":"2026-08-11","installed_solar_match":false}},{"type":"Feature","id":"4155033034104820000","geometry":{"type":"Point","coordinates":[127.2621311,36.9294551]},"properties":{"pnu":"4155033034104820000","municipality_code":"41550","municipality":"안성시","district":"안성시","locality":"서운면 북산리","address":"안성시 서운면 북산리 482","owner_type":"국유지","owner_label":"국(건설부)","manager":"","property_class":"","land_category":"도로","area_sqm":5366.0,"area_band":"5,000㎡ 이상","interest_category":"도로","solar_candidate":"검토필요","candidate_reason":"도로점용 및 실제 이용형태 추가 검토 필요; 면적 5,366㎡","priority_score":40,"source":"경기부동산포털 국공유지조회·연속지적도","source_date":"2026-08-11","installed_solar_match":false}},{"type":"Feature","id":"4155039032109550001","geometry":{"type":"Point","coordinates":[127.4772374,37.1200066]},"properties":{"pnu":"4155039032109550001","municipality_code":"41550","municipality":"안성시","district":"안성시","locality":"일죽면 신흥리","address":"안성시 일죽면 신흥리 955-1","owner_type":"국유지","owner_label":"국(농림부)","manager":"","property_class":"","land_category":"도로","area_sqm":5361.0,"area_band":"5,000㎡ 이상","interest_category":"도로","solar_candidate":"검토필요","candidate_reason":"도로점용 및 실제 이용형태 추가 검토 필요; 면적 5,361㎡","priority_score":40,"source":"경기부동산포털 국공유지조회·연속지적도","source_date":"2026-08-11","installed_solar_match":false}},{"type":"Feature","id":"4155038023201310003","geometry":{"type":"Point","coordinates":[127.1359728,37.05479]},"properties":{"pnu":"4155038023201310003","municipality_code":"41550","municipality":"안성시","district":"안성시","locality":"원곡면 지문리","address":"안성시 원곡면 지문리 산131-3","owner_type":"국유지","owner_label":"국(건설부)","manager":"","property_class":"","land_category":"도로","area_sqm":5355.0,"area_band":"5,000㎡ 이상","interest_category":"도로","solar_candidate":"검토필요","candidate_reason":"도로점용 및 실제 이용형태 추가 검토 필요; 면적 5,355㎡","priority_score":40,"source":"경기부동산포털 국공유지조회·연속지적도","source_date":"2026-08-11","installed_solar_match":false}},{"type":"Feature","id":"4155040021107680000","geometry":{"type":"Point","coordinates":[127.4167137,37.0724223]},"properties":{"pnu":"4155040021107680000","municipality_code":"41550","municipality":"안성시","district":"안성시","locality":"죽산면 죽산리","address":"안성시 죽산면 죽산리 768","owner_type":"국유지","owner_label":"국(건설부)","manager":"","property_class":"","land_category":"도로","area_sqm":5355.0,"area_band":"5,000㎡ 이상","interest_category":"도로","solar_candidate":"검토필요","candidate_reason":"도로점용 및 실제 이용형태 추가 검토 필요; 면적 5,355㎡","priority_score":40,"source":"경기부동산포털 국공유지조회·연속지적도","source_date":"2026-08-11","installed_solar_match":false}},{"type":"Feature","id":"4155040023113240000","geometry":{"type":"Point","coordinates":[127.4389407,37.0769603]},"properties":{"pnu":"4155040023113240000","municipality_code":"41550","municipality":"안성시","district":"안성시","locality":"죽산면 장원리","address":"안성시 죽산면 장원리 1324","owner_type":"국유지","owner_label":"국(농림수산부)","manager":"","property_class":"","land_category":"도로","area_sqm":5349.0,"area_band":"5,000㎡ 이상","interest_category":"도로","solar_candidate":"검토필요","candidate_reason":"도로점용 및 실제 이용형태 추가 검토 필요; 면적 5,349㎡","priority_score":40,"source":"경기부동산포털 국공유지조회·연속지적도","source_date":"2026-08-11","installed_solar_match":false}},{"type":"Feature","id":"4155039027111020001","geometry":{"type":"Point","coordinates":[127.4185005,37.1204727]},"properties":{"pnu":"4155039027111020001","municipality_code":"41550","municipality":"안성시","district":"안성시","locality":"일죽면 방초리","address":"안성시 일죽면 방초리 1102-1","owner_type":"국유지","owner_label":"국(농림부)","manager":"","property_class":"","land_category":"도로","area_sqm":5343.7,"area_band":"5,000㎡ 이상","interest_category":"도로","solar_candidate":"검토필요","candidate_reason":"도로점용 및 실제 이용형태 추가 검토 필요; 면적 5,344㎡","priority_score":40,"source":"경기부동산포털 국공유지조회·연속지적도","source_date":"2026-08-11","installed_solar_match":false}},{"type":"Feature","id":"4155040022107840007","geometry":{"type":"Point","coordinates":[127.4342954,37.0952595]},"properties":{"pnu":"4155040022107840007","municipality_code":"41550","municipality":"안성시","district":"안성시","locality":"죽산면 매산리","address":"안성시 죽산면 매산리 784-7","owner_type":"국유지","owner_label":"국(건설부)","manager":"","property_class":"","land_category":"도로","area_sqm":5338.0,"area_band":"5,000㎡ 이상","interest_category":"도로","solar_candidate":"검토필요","candidate_reason":"도로점용 및 실제 이용형태 추가 검토 필요; 면적 5,338㎡","priority_score":40,"source":"경기부동산포털 국공유지조회·연속지적도","source_date":"2026-08-11","installed_solar_match":false}},{"type":"Feature","id":"4155040025200100001","geometry":{"type":"Point","coordinates":[127.387933,37.0736931]},"properties":{"pnu":"4155040025200100001","municipality_code":"41550","municipality":"안성시","district":"안성시","locality":"죽산면 장능리","address":"안성시 죽산면 장능리 산10-1","owner_type":"국유지","owner_label":"국(건설부)","manager":"","property_class":"","land_category":"도로","area_sqm":5332.0,"area_band":"5,000㎡ 이상","interest_category":"도로","solar_candidate":"검토필요","candidate_reason":"도로점용 및 실제 이용형태 추가 검토 필요; 면적 5,332㎡","priority_score":40,"source":"경기부동산포털 국공유지조회·연속지적도","source_date":"2026-08-11","installed_solar_match":false}},{"type":"Feature","id":"4155033031105520003","geometry":{"type":"Point","coordinates":[127.241527,36.934333]},"properties":{"pnu":"4155033031105520003","municipality_code":"41550","municipality":"안성시","district":"안성시","locality":"서운면 송산리","address":"안성시 서운면 송산리 552-3","owner_type":"국유지","owner_label":"국(농수산부)","manager":"","property_class":"","land_category":"도로","area_sqm":5313.0,"area_band":"5,000㎡ 이상","interest_category":"도로","solar_candidate":"검토필요","candidate_reason":"도로점용 및 실제 이용형태 추가 검토 필요; 면적 5,313㎡","priority_score":40,"source":"경기부동산포털 국공유지조회·연속지적도","source_date":"2026-08-11","installed_solar_match":false}},{"type":"Feature","id":"4155039027110100000","geometry":{"type":"Point","coordinates":[127.436481,37.1364168]},"properties":{"pnu":"4155039027110100000","municipality_code":"41550","municipality":"안성시","district":"안성시","locality":"일죽면 방초리","address":"안성시 일죽면 방초리 1010","owner_type":"국유지","owner_label":"국(건설교통부)","manager":"","property_class":"","land_category":"도로","area_sqm":5293.0,"area_band":"5,000㎡ 이상","interest_category":"도로","solar_candidate":"검토필요","candidate_reason":"도로점용 및 실제 이용형태 추가 검토 필요; 면적 5,293㎡","priority_score":40,"source":"경기부동산포털 국공유지조회·연속지적도","source_date":"2026-08-11","installed_solar_match":false}},{"type":"Feature","id":"4155038024101550005","geometry":{"type":"Point","coordinates":[127.1265045,37.0833141]},"properties":{"pnu":"4155038024101550005","municipality_code":"41550","municipality":"안성시","district":"안성시","locality":"원곡면 산하리","address":"안성시 원곡면 산하리 155-5","owner_type":"국유지","owner_label":"국(건설부)","manager":"","property_class":"","land_category":"도로","area_sqm":5283.0,"area_band":"5,000㎡ 이상","interest_category":"도로","solar_candidate":"검토필요","candidate_reason":"도로점용 및 실제 이용형태 추가 검토 필요; 면적 5,283㎡","priority_score":40,"source":"경기부동산포털 국공유지조회·연속지적도","source_date":"2026-08-11","installed_solar_match":false}},{"type":"Feature","id":"4155025021200080013","geometry":{"type":"Point","coordinates":[127.1995068,37.00125]},"properties":{"pnu":"4155025021200080013","municipality_code":"41550","municipality":"안성시","district":"안성시","locality":"공도읍 양기리","address":"안성시 공도읍 양기리 산8-13","owner_type":"국유지","owner_label":"국(건설교통부)","manager":"","property_class":"","land_category":"도로","area_sqm":5260.0,"area_band":"5,000㎡ 이상","interest_category":"도로","solar_candidate":"검토필요","candidate_reason":"도로점용 및 실제 이용형태 추가 검토 필요; 면적 5,260㎡","priority_score":40,"source":"경기부동산포털 국공유지조회·연속지적도","source_date":"2026-08-11","installed_solar_match":false}},{"type":"Feature","id":"4155025027108140000","geometry":{"type":"Point","coordinates":[127.1507291,36.9753313]},"properties":{"pnu":"4155025027108140000","municipality_code":"41550","municipality":"안성시","district":"안성시","locality":"공도읍 건천리","address":"안성시 공도읍 건천리 814","owner_type":"국유지","owner_label":"국(농림축산식품부)","manager":"","property_class":"","land_category":"도로","area_sqm":5255.3,"area_band":"5,000㎡ 이상","interest_category":"도로","solar_candidate":"검토필요","candidate_reason":"도로점용 및 실제 이용형태 추가 검토 필요; 면적 5,255㎡","priority_score":40,"source":"경기부동산포털 국공유지조회·연속지적도","source_date":"2026-08-11","installed_solar_match":false}},{"type":"Feature","id":"4155033031100400000","geometry":{"type":"Point","coordinates":[127.2373467,36.9420723]},"properties":{"pnu":"4155033031100400000","municipality_code":"41550","municipality":"안성시","district":"안성시","locality":"서운면 송산리","address":"안성시 서운면 송산리 40","owner_type":"국유지","owner_label":"국(농수산부)","manager":"","property_class":"","land_category":"도로","area_sqm":5246.0,"area_band":"5,000㎡ 이상","interest_category":"도로","solar_candidate":"검토필요","candidate_reason":"도로점용 및 실제 이용형태 추가 검토 필요; 면적 5,246㎡","priority_score":40,"source":"경기부동산포털 국공유지조회·연속지적도","source_date":"2026-08-11","installed_solar_match":false}},{"type":"Feature","id":"4155040027201670001","geometry":{"type":"Point","coordinates":[127.4374643,37.0451441]},"properties":{"pnu":"4155040027201670001","municipality_code":"41550","municipality":"안성시","district":"안성시","locality":"죽산면 용설리","address":"안성시 죽산면 용설리 산167-1","owner_type":"국유지","owner_label":"국(건설교통부)","manager":"","property_class":"","land_category":"도로","area_sqm":5245.0,"area_band":"5,000㎡ 이상","interest_category":"도로","solar_candidate":"검토필요","candidate_reason":"도로점용 및 실제 이용형태 추가 검토 필요; 면적 5,245㎡","priority_score":40,"source":"경기부동산포털 국공유지조회·연속지적도","source_date":"2026-08-11","installed_solar_match":false}},{"type":"Feature","id":"4155033028101750008","geometry":{"type":"Point","coordinates":[127.2456953,36.9192423]},"properties":{"pnu":"4155033028101750008","municipality_code":"41550","municipality":"안성시","district":"안성시","locality":"서운면 신흥리","address":"안성시 서운면 신흥리 175-8","owner_type":"국유지","owner_label":"국(건설교통부)","manager":"","property_class":"","land_category":"도로","area_sqm":5244.0,"area_band":"5,000㎡ 이상","interest_category":"도로","solar_candidate":"검토필요","candidate_reason":"도로점용 및 실제 이용형태 추가 검토 필요; 면적 5,244㎡","priority_score":40,"source":"경기부동산포털 국공유지조회·연속지적도","source_date":"2026-08-11","installed_solar_match":false}},{"type":"Feature","id":"4155040029200250002","geometry":{"type":"Point","coordinates":[127.4400173,37.0368474]},"properties":{"pnu":"4155040029200250002","municipality_code":"41550","municipality":"안성시","district":"안성시","locality":"죽산면 당목리","address":"안성시 죽산면 당목리 산25-2","owner_type":"국유지","owner_label":"국(국토해양부)","manager":"","property_class":"","land_category":"도로","area_sqm":5244.0,"area_band":"5,000㎡ 이상","interest_category":"도로","solar_candidate":"검토필요","candidate_reason":"도로점용 및 실제 이용형태 추가 검토 필요; 면적 5,244㎡","priority_score":40,"source":"경기부동산포털 국공유지조회·연속지적도","source_date":"2026-08-11","installed_solar_match":false}},{"type":"Feature","id":"4155038023103930003","geometry":{"type":"Point","coordinates":[127.1353328,37.0627319]},"properties":{"pnu":"4155038023103930003","municipality_code":"41550","municipality":"안성시","district":"안성시","locality":"원곡면 지문리","address":"안성시 원곡면 지문리 393-3","owner_type":"국유지","owner_label":"국(건설부)","manager":"","property_class":"","land_category":"도로","area_sqm":5243.0,"area_band":"5,000㎡ 이상","interest_category":"도로","solar_candidate":"검토필요","candidate_reason":"도로점용 및 실제 이용형태 추가 검토 필요; 면적 5,243㎡","priority_score":40,"source":"경기부동산포털 국공유지조회·연속지적도","source_date":"2026-08-11","installed_solar_match":false}},{"type":"Feature","id":"4155034029102080001","geometry":{"type":"Point","coordinates":[127.2556515,36.9723307]},"properties":{"pnu":"4155034029102080001","municipality_code":"41550","municipality":"안성시","district":"안성시","locality":"미양면 구수리","address":"안성시 미양면 구수리 208-1","owner_type":"국유지","owner_label":"국(건설교통부)","manager":"","property_class":"","land_category":"도로","area_sqm":5231.0,"area_band":"5,000㎡ 이상","interest_category":"도로","solar_candidate":"검토필요","candidate_reason":"도로점용 및 실제 이용형태 추가 검토 필요; 면적 5,231㎡","priority_score":40,"source":"경기부동산포털 국공유지조회·연속지적도","source_date":"2026-08-11","installed_solar_match":false}},{"type":"Feature","id":"4155038022200990001","geometry":{"type":"Point","coordinates":[127.1587757,37.0348749]},"properties":{"pnu":"4155038022200990001","municipality_code":"41550","municipality":"안성시","district":"안성시","locality":"원곡면 칠곡리","address":"안성시 원곡면 칠곡리 산99-1","owner_type":"국유지","owner_label":"국(건설교통부)","manager":"","property_class":"","land_category":"도로","area_sqm":5223.0,"area_band":"5,000㎡ 이상","interest_category":"도로","solar_candidate":"검토필요","candidate_reason":"도로점용 및 실제 이용형태 추가 검토 필요; 면적 5,223㎡","priority_score":40,"source":"경기부동산포털 국공유지조회·연속지적도","source_date":"2026-08-11","installed_solar_match":false}},{"type":"Feature","id":"4155039028103780009","geometry":{"type":"Point","coordinates":[127.4732331,37.0846314]},"properties":{"pnu":"4155039028103780009","municipality_code":"41550","municipality":"안성시","district":"안성시","locality":"일죽면 송천리","address":"안성시 일죽면 송천리 378-9","owner_type":"국유지","owner_label":"국(농림수산부)","manager":"","property_class":"","land_category":"도로","area_sqm":5215.0,"area_band":"5,000㎡ 이상","interest_category":"도로","solar_candidate":"검토필요","candidate_reason":"도로점용 및 실제 이용형태 추가 검토 필요; 면적 5,215㎡","priority_score":40,"source":"경기부동산포털 국공유지조회·연속지적도","source_date":"2026-08-11","installed_solar_match":false}},{"type":"Feature","id":"4155025026104740002","geometry":{"type":"Point","coordinates":[127.159068,36.9837283]},"properties":{"pnu":"4155025026104740002","municipality_code":"41550","municipality":"안성시","district":"안성시","locality":"공도읍 승두리","address":"안성시 공도읍 승두리 474-2","owner_type":"국유지","owner_label":"국(건설부)","manager":"","property_class":"","land_category":"도로","area_sqm":5181.0,"area_band":"5,000㎡ 이상","interest_category":"도로","solar_candidate":"검토필요","candidate_reason":"도로점용 및 실제 이용형태 추가 검토 필요; 면적 5,181㎡","priority_score":40,"source":"경기부동산포털 국공유지조회·연속지적도","source_date":"2026-08-11","installed_solar_match":false}},{"type":"Feature","id":"4155033028200150001","geometry":{"type":"Point","coordinates":[127.2375117,36.9218098]},"properties":{"pnu":"4155033028200150001","municipality_code":"41550","municipality":"안성시","district":"안성시","locality":"서운면 신흥리","address":"안성시 서운면 신흥리 산15-1","owner_type":"국유지","owner_label":"국(건설교통부)","manager":"","property_class":"","land_category":"도로","area_sqm":5180.0,"area_band":"5,000㎡ 이상","interest_category":"도로","solar_candidate":"검토필요","candidate_reason":"도로점용 및 실제 이용형태 추가 검토 필요; 면적 5,180㎡","priority_score":40,"source":"경기부동산포털 국공유지조회·연속지적도","source_date":"2026-08-11","installed_solar_match":false}},{"type":"Feature","id":"4155032034106260000","geometry":{"type":"Point","coordinates":[127.3205027,37.0049981]},"properties":{"pnu":"4155032034106260000","municipality_code":"41550","municipality":"안성시","district":"안성시","locality":"금광면 신양복리","address":"안성시 금광면 신양복리 626","owner_type":"국유지","owner_label":"국(건설교통부)","manager":"","property_class":"","land_category":"도로","area_sqm":5179.0,"area_band":"5,000㎡ 이상","interest_category":"도로","solar_candidate":"검토필요","candidate_reason":"도로점용 및 실제 이용형태 추가 검토 필요; 면적 5,179㎡","priority_score":40,"source":"경기부동산포털 국공유지조회·연속지적도","source_date":"2026-08-11","installed_solar_match":false}},{"type":"Feature","id":"4155039029200010001","geometry":{"type":"Point","coordinates":[127.439972,37.141901]},"properties":{"pnu":"4155039029200010001","municipality_code":"41550","municipality":"안성시","district":"안성시","locality":"일죽면 고은리","address":"안성시 일죽면 고은리 산1-1","owner_type":"국유지","owner_label":"국(건설부)","manager":"","property_class":"","land_category":"도로","area_sqm":5178.0,"area_band":"5,000㎡ 이상","interest_category":"도로","solar_candidate":"검토필요","candidate_reason":"도로점용 및 실제 이용형태 추가 검토 필요; 면적 5,178㎡","priority_score":40,"source":"경기부동산포털 국공유지조회·연속지적도","source_date":"2026-08-11","installed_solar_match":false}},{"type":"Feature","id":"4155034028105230030","geometry":{"type":"Point","coordinates":[127.209755,36.9696767]},"properties":{"pnu":"4155034028105230030","municipality_code":"41550","municipality":"안성시","district":"안성시","locality":"미양면 정동리","address":"안성시 미양면 정동리 523-30","owner_type":"국유지","owner_label":"국(농림부)","manager":"","property_class":"","land_category":"도로","area_sqm":5174.5,"area_band":"5,000㎡ 이상","interest_category":"도로","solar_candidate":"검토필요","candidate_reason":"도로점용 및 실제 이용형태 추가 검토 필요; 면적 5,174㎡","priority_score":40,"source":"경기부동산포털 국공유지조회·연속지적도","source_date":"2026-08-11","installed_solar_match":false}},{"type":"Feature","id":"4155034033100010011","geometry":{"type":"Point","coordinates":[127.2419899,36.9775659]},"properties":{"pnu":"4155034033100010011","municipality_code":"41550","municipality":"안성시","district":"안성시","locality":"미양면 보체리","address":"안성시 미양면 보체리 1-11","owner_type":"국유지","owner_label":"국(건설교통부)","manager":"","property_class":"","land_category":"도로","area_sqm":5170.0,"area_band":"5,000㎡ 이상","interest_category":"도로","solar_candidate":"검토필요","candidate_reason":"도로점용 및 실제 이용형태 추가 검토 필요; 면적 5,170㎡","priority_score":40,"source":"경기부동산포털 국공유지조회·연속지적도","source_date":"2026-08-11","installed_solar_match":false}},{"type":"Feature","id":"4155035031200900000","geometry":{"type":"Point","coordinates":[127.2307358,37.0212314]},"properties":{"pnu":"4155035031200900000","municipality_code":"41550","municipality":"안성시","district":"안성시","locality":"대덕면 신령리","address":"안성시 대덕면 신령리 산90","owner_type":"국유지","owner_label":"국(건설교통부)","manager":"","property_class":"","land_category":"도로","area_sqm":5163.0,"area_band":"5,000㎡ 이상","interest_category":"도로","solar_candidate":"검토필요","candidate_reason":"도로점용 및 실제 이용형태 추가 검토 필요; 면적 5,163㎡","priority_score":40,"source":"경기부동산포털 국공유지조회·연속지적도","source_date":"2026-08-11","installed_solar_match":false}},{"type":"Feature","id":"4155036037104560000","geometry":{"type":"Point","coordinates":[127.2015341,37.0296167]},"properties":{"pnu":"4155036037104560000","municipality_code":"41550","municipality":"안성시","district":"안성시","locality":"양성면 삼암리","address":"안성시 양성면 삼암리 456","owner_type":"국유지","owner_label":"국(건설교통부)","manager":"","property_class":"","land_category":"도로","area_sqm":5148.0,"area_band":"5,000㎡ 이상","interest_category":"도로","solar_candidate":"검토필요","candidate_reason":"도로점용 및 실제 이용형태 추가 검토 필요; 면적 5,148㎡","priority_score":40,"source":"경기부동산포털 국공유지조회·연속지적도","source_date":"2026-08-11","installed_solar_match":false}},{"type":"Feature","id":"4155040023200830000","geometry":{"type":"Point","coordinates":[127.4120583,37.0671044]},"properties":{"pnu":"4155040023200830000","municipality_code":"41550","municipality":"안성시","district":"안성시","locality":"죽산면 장원리","address":"안성시 죽산면 장원리 산83","owner_type":"국유지","owner_label":"국(기획재정부)","manager":"","property_class":"","land_category":"도로","area_sqm":5134.0,"area_band":"5,000㎡ 이상","interest_category":"도로","solar_candidate":"검토필요","candidate_reason":"도로점용 및 실제 이용형태 추가 검토 필요; 면적 5,134㎡","priority_score":40,"source":"경기부동산포털 국공유지조회·연속지적도","source_date":"2026-08-11","installed_solar_match":false}},{"type":"Feature","id":"4155039029200010003","geometry":{"type":"Point","coordinates":[127.44007,37.1409164]},"properties":{"pnu":"4155039029200010003","municipality_code":"41550","municipality":"안성시","district":"안성시","locality":"일죽면 고은리","address":"안성시 일죽면 고은리 산1-3","owner_type":"국유지","owner_label":"국(건설부)","manager":"","property_class":"","land_category":"도로","area_sqm":5122.0,"area_band":"5,000㎡ 이상","interest_category":"도로","solar_candidate":"검토필요","candidate_reason":"도로점용 및 실제 이용형태 추가 검토 필요; 면적 5,122㎡","priority_score":40,"source":"경기부동산포털 국공유지조회·연속지적도","source_date":"2026-08-11","installed_solar_match":false}},{"type":"Feature","id":"4155039032109200000","geometry":{"type":"Point","coordinates":[127.4768441,37.1139949]},"properties":{"pnu":"4155039032109200000","municipality_code":"41550","municipality":"안성시","district":"안성시","locality":"일죽면 신흥리","address":"안성시 일죽면 신흥리 920","owner_type":"국유지","owner_label":"국(건설교통부)","manager":"","property_class":"","land_category":"도로","area_sqm":5120.0,"area_band":"5,000㎡ 이상","interest_category":"도로","solar_candidate":"검토필요","candidate_reason":"도로점용 및 실제 이용형태 추가 검토 필요; 면적 5,120㎡","priority_score":40,"source":"경기부동산포털 국공유지조회·연속지적도","source_date":"2026-08-11","installed_solar_match":false}},{"type":"Feature","id":"4155032031106010000","geometry":{"type":"Point","coordinates":[127.3070587,36.9813045]},"properties":{"pnu":"4155032031106010000","municipality_code":"41550","municipality":"안성시","district":"안성시","locality":"금광면 오산리","address":"안성시 금광면 오산리 601","owner_type":"국유지","owner_label":"국(농림수산부)","manager":"","property_class":"","land_category":"도로","area_sqm":5112.0,"area_band":"5,000㎡ 이상","interest_category":"도로","solar_candidate":"검토필요","candidate_reason":"도로점용 및 실제 이용형태 추가 검토 필요; 면적 5,112㎡","priority_score":40,"source":"경기부동산포털 국공유지조회·연속지적도","source_date":"2026-08-11","installed_solar_match":false}},{"type":"Feature","id":"4155039030108810000","geometry":{"type":"Point","coordinates":[127.4643035,37.1113417]},"properties":{"pnu":"4155039030108810000","municipality_code":"41550","municipality":"안성시","district":"안성시","locality":"일죽면 화곡리","address":"안성시 일죽면 화곡리 881","owner_type":"국유지","owner_label":"국(건설교통부)","manager":"","property_class":"","land_category":"도로","area_sqm":5111.0,"area_band":"5,000㎡ 이상","interest_category":"도로","solar_candidate":"검토필요","candidate_reason":"도로점용 및 실제 이용형태 추가 검토 필요; 면적 5,111㎡","priority_score":40,"source":"경기부동산포털 국공유지조회·연속지적도","source_date":"2026-08-11","installed_solar_match":false}},{"type":"Feature","id":"4155038026100820017","geometry":{"type":"Point","coordinates":[127.138337,37.0380282]},"properties":{"pnu":"4155038026100820017","municipality_code":"41550","municipality":"안성시","district":"안성시","locality":"원곡면 외가천리","address":"안성시 원곡면 외가천리 82-17","owner_type":"국유지","owner_label":"국(건설부)","manager":"","property_class":"","land_category":"도로","area_sqm":5107.0,"area_band":"5,000㎡ 이상","interest_category":"도로","solar_candidate":"검토필요","candidate_reason":"도로점용 및 실제 이용형태 추가 검토 필요; 면적 5,107㎡","priority_score":40,"source":"경기부동산포털 국공유지조회·연속지적도","source_date":"2026-08-11","installed_solar_match":false}},{"type":"Feature","id":"4155036031108040000","geometry":{"type":"Point","coordinates":[127.2475344,37.1104524]},"properties":{"pnu":"4155036031108040000","municipality_code":"41550","municipality":"안성시","district":"안성시","locality":"양성면 노곡리","address":"안성시 양성면 노곡리 804","owner_type":"국유지","owner_label":"국(건설부)","manager":"","property_class":"","land_category":"도로","area_sqm":5102.0,"area_band":"5,000㎡ 이상","interest_category":"도로","solar_candidate":"검토필요","candidate_reason":"도로점용 및 실제 이용형태 추가 검토 필요; 면적 5,102㎡","priority_score":40,"source":"경기부동산포털 국공유지조회·연속지적도","source_date":"2026-08-11","installed_solar_match":false}},{"type":"Feature","id":"4155040029105610001","geometry":{"type":"Point","coordinates":[127.4422939,37.0344453]},"properties":{"pnu":"4155040029105610001","municipality_code":"41550","municipality":"안성시","district":"안성시","locality":"죽산면 당목리","address":"안성시 죽산면 당목리 561-1","owner_type":"국유지","owner_label":"국(건설교통부)","manager":"","property_class":"","land_category":"도로","area_sqm":5089.0,"area_band":"5,000㎡ 이상","interest_category":"도로","solar_candidate":"검토필요","candidate_reason":"도로점용 및 실제 이용형태 추가 검토 필요; 면적 5,089㎡","priority_score":40,"source":"경기부동산포털 국공유지조회·연속지적도","source_date":"2026-08-11","installed_solar_match":false}},{"type":"Feature","id":"4155033026104320001","geometry":{"type":"Point","coordinates":[127.2165117,36.9357794]},"properties":{"pnu":"4155033026104320001","municipality_code":"41550","municipality":"안성시","district":"안성시","locality":"서운면 현매리","address":"안성시 서운면 현매리 432-1","owner_type":"국유지","owner_label":"국(농수산부)","manager":"","property_class":"","land_category":"도로","area_sqm":5088.0,"area_band":"5,000㎡ 이상","interest_category":"도로","solar_candidate":"검토필요","candidate_reason":"도로점용 및 실제 이용형태 추가 검토 필요; 면적 5,088㎡","priority_score":40,"source":"경기부동산포털 국공유지조회·연속지적도","source_date":"2026-08-11","installed_solar_match":false}},{"type":"Feature","id":"4155032028201910000","geometry":{"type":"Point","coordinates":[127.3916176,37.0069415]},"properties":{"pnu":"4155032028201910000","municipality_code":"41550","municipality":"안성시","district":"안성시","locality":"금광면 사흥리","address":"안성시 금광면 사흥리 산191","owner_type":"국유지","owner_label":"국(건설부)","manager":"","property_class":"","land_category":"도로","area_sqm":5074.0,"area_band":"5,000㎡ 이상","interest_category":"도로","solar_candidate":"검토필요","candidate_reason":"도로점용 및 실제 이용형태 추가 검토 필요; 면적 5,074㎡","priority_score":40,"source":"경기부동산포털 국공유지조회·연속지적도","source_date":"2026-08-11","installed_solar_match":false}},{"type":"Feature","id":"4155032024105420000","geometry":{"type":"Point","coordinates":[127.313623,36.9517486]},"properties":{"pnu":"4155032024105420000","municipality_code":"41550","municipality":"안성시","district":"안성시","locality":"금광면 상중리","address":"안성시 금광면 상중리 542","owner_type":"국유지","owner_label":"국(건설부)","manager":"","property_class":"","land_category":"도로","area_sqm":5068.0,"area_band":"5,000㎡ 이상","interest_category":"도로","solar_candidate":"검토필요","candidate_reason":"도로점용 및 실제 이용형태 추가 검토 필요; 면적 5,068㎡","priority_score":40,"source":"경기부동산포털 국공유지조회·연속지적도","source_date":"2026-08-11","installed_solar_match":false}},{"type":"Feature","id":"4155038027200090004","geometry":{"type":"Point","coordinates":[127.1685803,37.0226834]},"properties":{"pnu":"4155038027200090004","municipality_code":"41550","municipality":"안성시","district":"안성시","locality":"원곡면 반제리","address":"안성시 원곡면 반제리 산9-4","owner_type":"국유지","owner_label":"국(건설교통부)","manager":"","property_class":"","land_category":"도로","area_sqm":5055.0,"area_band":"5,000㎡ 이상","interest_category":"도로","solar_candidate":"검토필요","candidate_reason":"도로점용 및 실제 이용형태 추가 검토 필요; 면적 5,055㎡","priority_score":40,"source":"경기부동산포털 국공유지조회·연속지적도","source_date":"2026-08-11","installed_solar_match":false}},{"type":"Feature","id":"4155025027104120006","geometry":{"type":"Point","coordinates":[127.1630115,36.978877]},"properties":{"pnu":"4155025027104120006","municipality_code":"41550","municipality":"안성시","district":"안성시","locality":"공도읍 건천리","address":"안성시 공도읍 건천리 412-6","owner_type":"국유지","owner_label":"국(건설교통부)","manager":"","property_class":"","land_category":"도로","area_sqm":5045.0,"area_band":"5,000㎡ 이상","interest_category":"도로","solar_candidate":"검토필요","candidate_reason":"도로점용 및 실제 이용형태 추가 검토 필요; 면적 5,045㎡","priority_score":40,"source":"경기부동산포털 국공유지조회·연속지적도","source_date":"2026-08-11","installed_solar_match":false}},{"type":"Feature","id":"4155042023106320000","geometry":{"type":"Point","coordinates":[127.2487233,37.0719643]},"properties":{"pnu":"4155042023106320000","municipality_code":"41550","municipality":"안성시","district":"안성시","locality":"고삼면 대갈리","address":"안성시 고삼면 대갈리 632","owner_type":"국유지","owner_label":"국(농림수산부)","manager":"","property_class":"","land_category":"도로","area_sqm":5043.0,"area_band":"5,000㎡ 이상","interest_category":"도로","solar_candidate":"검토필요","candidate_reason":"도로점용 및 실제 이용형태 추가 검토 필요; 면적 5,043㎡","priority_score":40,"source":"경기부동산포털 국공유지조회·연속지적도","source_date":"2026-08-11","installed_solar_match":false}},{"type":"Feature","id":"4155040025109660001","geometry":{"type":"Point","coordinates":[127.3972922,37.0656693]},"properties":{"pnu":"4155040025109660001","municipality_code":"41550","municipality":"안성시","district":"안성시","locality":"죽산면 장능리","address":"안성시 죽산면 장능리 966-1","owner_type":"국유지","owner_label":"국(건설교통부)","manager":"","property_class":"","land_category":"도로","area_sqm":5030.0,"area_band":"5,000㎡ 이상","interest_category":"도로","solar_candidate":"검토필요","candidate_reason":"도로점용 및 실제 이용형태 추가 검토 필요; 면적 5,030㎡","priority_score":40,"source":"경기부동산포털 국공유지조회·연속지적도","source_date":"2026-08-11","installed_solar_match":false}},{"type":"Feature","id":"4155042021111380000","geometry":{"type":"Point","coordinates":[127.2823305,37.1017973]},"properties":{"pnu":"4155042021111380000","municipality_code":"41550","municipality":"안성시","district":"안성시","locality":"고삼면 쌍지리","address":"안성시 고삼면 쌍지리 1138","owner_type":"국유지","owner_label":"국(건설교통부)","manager":"","property_class":"","land_category":"도로","area_sqm":5025.0,"area_band":"5,000㎡ 이상","interest_category":"도로","solar_candidate":"검토필요","candidate_reason":"도로점용 및 실제 이용형태 추가 검토 필요; 면적 5,025㎡","priority_score":40,"source":"경기부동산포털 국공유지조회·연속지적도","source_date":"2026-08-11","installed_solar_match":false}},{"type":"Feature","id":"4155038022108850000","geometry":{"type":"Point","coordinates":[127.1488776,37.0444553]},"properties":{"pnu":"4155038022108850000","municipality_code":"41550","municipality":"안성시","district":"안성시","locality":"원곡면 칠곡리","address":"안성시 원곡면 칠곡리 885","owner_type":"국유지","owner_label":"국(건설부)","manager":"","property_class":"","land_category":"도로","area_sqm":5015.0,"area_band":"5,000㎡ 이상","interest_category":"도로","solar_candidate":"검토필요","candidate_reason":"도로점용 및 실제 이용형태 추가 검토 필요; 면적 5,015㎡","priority_score":40,"source":"경기부동산포털 국공유지조회·연속지적도","source_date":"2026-08-11","installed_solar_match":false}},{"type":"Feature","id":"4155040024105860011","geometry":{"type":"Point","coordinates":[127.4069872,37.0673237]},"properties":{"pnu":"4155040024105860011","municipality_code":"41550","municipality":"안성시","district":"안성시","locality":"죽산면 두현리","address":"안성시 죽산면 두현리 586-11","owner_type":"국유지","owner_label":"국(농림수산부)","manager":"","property_class":"","land_category":"도로","area_sqm":5001.0,"area_band":"5,000㎡ 이상","interest_category":"도로","solar_candidate":"검토필요","candidate_reason":"도로점용 및 실제 이용형태 추가 검토 필요; 면적 5,001㎡","priority_score":40,"source":"경기부동산포털 국공유지조회·연속지적도","source_date":"2026-08-11","installed_solar_match":false}},{"type":"Feature","id":"4155031035105440006","geometry":{"type":"Point","coordinates":[127.2960509,37.0638268]},"properties":{"pnu":"4155031035105440006","municipality_code":"41550","municipality":"안성시","district":"안성시","locality":"보개면 가율리","address":"안성시 보개면 가율리 544-6","owner_type":"국유지","owner_label":"국(국토교통부)","manager":"","property_class":"","land_category":"공원","area_sqm":3424.8,"area_band":"3,000~5,000㎡","interest_category":"공원","solar_candidate":"검토필요","candidate_reason":"도시공원 관련 법령 및 공원시설 기준 검토 필요; 면적 3,425㎡","priority_score":40,"source":"경기부동산포털 국공유지조회·연속지적도","source_date":"2026-08-11","installed_solar_match":false}},{"type":"Feature","id":"4155040026109000001","geometry":{"type":"Point","coordinates":[127.4035936,37.0365551]},"properties":{"pnu":"4155040026109000001","municipality_code":"41550","municipality":"안성시","district":"안성시","locality":"죽산면 장계리","address":"안성시 죽산면 장계리 900-1","owner_type":"국유지","owner_label":"국(기획재정부)","manager":"","property_class":"","land_category":"체육용지","area_sqm":999.0,"area_band":"500~1,000㎡","interest_category":"체육용지","solar_candidate":"검토필요","candidate_reason":"체육시설·주차장 상부 활용 가능성 추가 검토; 면적 999㎡","priority_score":40,"source":"경기부동산포털 국공유지조회·연속지적도","source_date":"2026-08-11","installed_solar_match":false}},{"type":"Feature","id":"4155040026109530000","geometry":{"type":"Point","coordinates":[127.4043313,37.0365953]},"properties":{"pnu":"4155040026109530000","municipality_code":"41550","municipality":"안성시","district":"안성시","locality":"죽산면 장계리","address":"안성시 죽산면 장계리 953","owner_type":"국유지","owner_label":"국(기획재정부)","manager":"","property_class":"","land_category":"체육용지","area_sqm":730.0,"area_band":"500~1,000㎡","interest_category":"체육용지","solar_candidate":"검토필요","candidate_reason":"체육시설·주차장 상부 활용 가능성 추가 검토; 면적 730㎡","priority_score":40,"source":"경기부동산포털 국공유지조회·연속지적도","source_date":"2026-08-11","installed_solar_match":false}},{"type":"Feature","id":"4155040026109520001","geometry":{"type":"Point","coordinates":[127.4046931,37.0378527]},"properties":{"pnu":"4155040026109520001","municipality_code":"41550","municipality":"안성시","district":"안성시","locality":"죽산면 장계리","address":"안성시 죽산면 장계리 952-1","owner_type":"국유지","owner_label":"국(기획재정부)","manager":"","property_class":"","land_category":"체육용지","area_sqm":720.0,"area_band":"500~1,000㎡","interest_category":"체육용지","solar_candidate":"검토필요","candidate_reason":"체육시설·주차장 상부 활용 가능성 추가 검토; 면적 720㎡","priority_score":40,"source":"경기부동산포털 국공유지조회·연속지적도","source_date":"2026-08-11","installed_solar_match":false}},{"type":"Feature","id":"4155040026109140001","geometry":{"type":"Point","coordinates":[127.4094239,37.0394775]},"properties":{"pnu":"4155040026109140001","municipality_code":"41550","municipality":"안성시","district":"안성시","locality":"죽산면 장계리","address":"안성시 죽산면 장계리 914-1","owner_type":"국유지","owner_label":"국(기획재정부)","manager":"","property_class":"","land_category":"체육용지","area_sqm":706.0,"area_band":"500~1,000㎡","interest_category":"체육용지","solar_candidate":"검토필요","candidate_reason":"체육시설·주차장 상부 활용 가능성 추가 검토; 면적 706㎡","priority_score":40,"source":"경기부동산포털 국공유지조회·연속지적도","source_date":"2026-08-11","installed_solar_match":false}},{"type":"Feature","id":"4155032027108570000","geometry":{"type":"Point","coordinates":[127.3823403,37.0227725]},"properties":{"pnu":"4155032027108570000","municipality_code":"41550","municipality":"안성시","district":"안성시","locality":"금광면 삼흥리","address":"안성시 금광면 삼흥리 857","owner_type":"국유지","owner_label":"국(기획재정부)","manager":"","property_class":"","land_category":"체육용지","area_sqm":668.0,"area_band":"500~1,000㎡","interest_category":"체육용지","solar_candidate":"검토필요","candidate_reason":"체육시설·주차장 상부 활용 가능성 추가 검토; 면적 668㎡","priority_score":40,"source":"경기부동산포털 국공유지조회·연속지적도","source_date":"2026-08-11","installed_solar_match":false}},{"type":"Feature","id":"4155031030103090003","geometry":{"type":"Point","coordinates":[127.3076846,37.0176183]},"properties":{"pnu":"4155031030103090003","municipality_code":"41550","municipality":"안성시","district":"안성시","locality":"보개면 내방리","address":"안성시 보개면 내방리 309-3","owner_type":"국유지","owner_label":"국(국토교통부)","manager":"","property_class":"","land_category":"창고용지","area_sqm":603.0,"area_band":"500~1,000㎡","interest_category":"창고용지","solar_candidate":"검토필요","candidate_reason":"지목·면적 기준 1차 검토 대상; 면적 603㎡","priority_score":40,"source":"경기부동산포털 국공유지조회·연속지적도","source_date":"2026-08-11","installed_solar_match":false}},{"type":"Feature","id":"4155032027100070001","geometry":{"type":"Point","coordinates":[127.3833528,37.0236476]},"properties":{"pnu":"4155032027100070001","municipality_code":"41550","municipality":"안성시","district":"안성시","locality":"금광면 삼흥리","address":"안성시 금광면 삼흥리 7-1","owner_type":"국유지","owner_label":"국(기획재정부)","manager":"","property_class":"","land_category":"체육용지","area_sqm":599.0,"area_band":"500~1,000㎡","interest_category":"체육용지","solar_candidate":"검토필요","candidate_reason":"체육시설·주차장 상부 활용 가능성 추가 검토; 면적 599㎡","priority_score":40,"source":"경기부동산포털 국공유지조회·연속지적도","source_date":"2026-08-11","installed_solar_match":false}},{"type":"Feature","id":"4155033032102690004","geometry":{"type":"Point","coordinates":[127.2862172,36.960083]},"properties":{"pnu":"4155033032102690004","municipality_code":"41550","municipality":"안성시","district":"안성시","locality":"서운면 오촌리","address":"안성시 서운면 오촌리 269-4","owner_type":"국유지","owner_label":"국(기획재정부)","manager":"","property_class":"","land_category":"체육용지","area_sqm":582.0,"area_band":"500~1,000㎡","interest_category":"체육용지","solar_candidate":"검토필요","candidate_reason":"체육시설·주차장 상부 활용 가능성 추가 검토; 면적 582㎡","priority_score":40,"source":"경기부동산포털 국공유지조회·연속지적도","source_date":"2026-08-11","installed_solar_match":false}},{"type":"Feature","id":"4155040026109510001","geometry":{"type":"Point","coordinates":[127.4038232,37.0377538]},"properties":{"pnu":"4155040026109510001","municipality_code":"41550","municipality":"안성시","district":"안성시","locality":"죽산면 장계리","address":"안성시 죽산면 장계리 951-1","owner_type":"국유지","owner_label":"국(건설부)","manager":"","property_class":"","land_category":"체육용지","area_sqm":577.0,"area_band":"500~1,000㎡","interest_category":"체육용지","solar_candidate":"검토필요","candidate_reason":"체육시설·주차장 상부 활용 가능성 추가 검토; 면적 577㎡","priority_score":40,"source":"경기부동산포털 국공유지조회·연속지적도","source_date":"2026-08-11","installed_solar_match":false}},{"type":"Feature","id":"4155042025101950002","geometry":{"type":"Point","coordinates":[127.2980448,37.0757885]},"properties":{"pnu":"4155042025101950002","municipality_code":"41550","municipality":"안성시","district":"안성시","locality":"고삼면 삼은리","address":"안성시 고삼면 삼은리 195-2","owner_type":"국유지","owner_label":"국(국토교통부)","manager":"","property_class":"","land_category":"창고용지","area_sqm":562.0,"area_band":"500~1,000㎡","interest_category":"창고용지","solar_candidate":"검토필요","candidate_reason":"지목·면적 기준 1차 검토 대상; 면적 562㎡","priority_score":40,"source":"경기부동산포털 국공유지조회·연속지적도","source_date":"2026-08-11","installed_solar_match":false}},{"type":"Feature","id":"4155034032101860009","geometry":{"type":"Point","coordinates":[127.21571,36.9761229]},"properties":{"pnu":"4155034032101860009","municipality_code":"41550","municipality":"안성시","district":"안성시","locality":"미양면 양지리","address":"안성시 미양면 양지리 186-9","owner_type":"국유지","owner_label":"국(경찰청)","manager":"","property_class":"","land_category":"대","area_sqm":496.0,"area_band":"100~500㎡","interest_category":"대","solar_candidate":"검토필요","candidate_reason":"청사·공공건축물·주차장 현황 추가 확인 필요; 면적 496㎡","priority_score":40,"source":"경기부동산포털 국공유지조회·연속지적도","source_date":"2026-08-11","installed_solar_match":false}},{"type":"Feature","id":"4155035028106760011","geometry":{"type":"Point","coordinates":[127.2259875,37.0035326]},"properties":{"pnu":"4155035028106760011","municipality_code":"41550","municipality":"안성시","district":"안성시","locality":"대덕면 내리","address":"안성시 대덕면 내리 676-11","owner_type":"국유지","owner_label":"국(경찰청)","manager":"","property_class":"","land_category":"대","area_sqm":495.9,"area_band":"100~500㎡","interest_category":"대","solar_candidate":"검토필요","candidate_reason":"청사·공공건축물·주차장 현황 추가 확인 필요; 면적 496㎡","priority_score":40,"source":"경기부동산포털 국공유지조회·연속지적도","source_date":"2026-08-11","installed_solar_match":false}},{"type":"Feature","id":"4155040024105170000","geometry":{"type":"Point","coordinates":[127.401103,37.0723393]},"properties":{"pnu":"4155040024105170000","municipality_code":"41550","municipality":"안성시","district":"안성시","locality":"죽산면 두현리","address":"안성시 죽산면 두현리 517","owner_type":"국유지","owner_label":"국(건설교통부)","manager":"","property_class":"","land_category":"대","area_sqm":495.0,"area_band":"100~500㎡","interest_category":"대","solar_candidate":"검토필요","candidate_reason":"청사·공공건축물·주차장 현황 추가 확인 필요; 면적 495㎡","priority_score":40,"source":"경기부동산포털 국공유지조회·연속지적도","source_date":"2026-08-11","installed_solar_match":false}},{"type":"Feature","id":"4155032034106220046","geometry":{"type":"Point","coordinates":[127.3255021,37.0012837]},"properties":{"pnu":"4155032034106220046","municipality_code":"41550","municipality":"안성시","district":"안성시","locality":"금광면 신양복리","address":"안성시 금광면 신양복리 622-46","owner_type":"국유지","owner_label":"국(기획재정부)","manager":"","property_class":"","land_category":"대","area_sqm":491.0,"area_band":"100~500㎡","interest_category":"대","solar_candidate":"검토필요","candidate_reason":"청사·공공건축물·주차장 현황 추가 확인 필요; 면적 491㎡","priority_score":40,"source":"경기부동산포털 국공유지조회·연속지적도","source_date":"2026-08-11","installed_solar_match":false}},{"type":"Feature","id":"4155041027103710020","geometry":{"type":"Point","coordinates":[127.3677232,37.0590425]},"properties":{"pnu":"4155041027103710020","municipality_code":"41550","municipality":"안성시","district":"안성시","locality":"삼죽면 진촌리","address":"안성시 삼죽면 진촌리 371-20","owner_type":"국유지","owner_label":"국(건설부)","manager":"","property_class":"","land_category":"대","area_sqm":491.0,"area_band":"100~500㎡","interest_category":"대","solar_candidate":"검토필요","candidate_reason":"청사·공공건축물·주차장 현황 추가 확인 필요; 면적 491㎡","priority_score":40,"source":"경기부동산포털 국공유지조회·연속지적도","source_date":"2026-08-11","installed_solar_match":false}},{"type":"Feature","id":"4155042026103050006","geometry":{"type":"Point","coordinates":[127.2904943,37.0741595]},"properties":{"pnu":"4155042026103050006","municipality_code":"41550","municipality":"안성시","district":"안성시","locality":"고삼면 봉산리","address":"안성시 고삼면 봉산리 305-6","owner_type":"국유지","owner_label":"국(국토교통부)","manager":"","property_class":"","land_category":"대","area_sqm":490.0,"area_band":"100~500㎡","interest_category":"대","solar_candidate":"검토필요","candidate_reason":"청사·공공건축물·주차장 현황 추가 확인 필요; 면적 490㎡","priority_score":40,"source":"경기부동산포털 국공유지조회·연속지적도","source_date":"2026-08-11","installed_solar_match":false}},{"type":"Feature","id":"4155035031106850006","geometry":{"type":"Point","coordinates":[127.2123874,37.0091919]},"properties":{"pnu":"4155035031106850006","municipality_code":"41550","municipality":"안성시","district":"안성시","locality":"대덕면 신령리","address":"안성시 대덕면 신령리 685-6","owner_type":"국유지","owner_label":"국(국토교통부)","manager":"","property_class":"","land_category":"대","area_sqm":487.0,"area_band":"100~500㎡","interest_category":"대","solar_candidate":"검토필요","candidate_reason":"청사·공공건축물·주차장 현황 추가 확인 필요; 면적 487㎡","priority_score":40,"source":"경기부동산포털 국공유지조회·연속지적도","source_date":"2026-08-11","installed_solar_match":false}},{"type":"Feature","id":"4155031026102270004","geometry":{"type":"Point","coordinates":[127.3215108,37.0172114]},"properties":{"pnu":"4155031026102270004","municipality_code":"41550","municipality":"안성시","district":"안성시","locality":"보개면 양복리","address":"안성시 보개면 양복리 227-4","owner_type":"국유지","owner_label":"국(건설부)","manager":"","property_class":"","land_category":"대","area_sqm":480.0,"area_band":"100~500㎡","interest_category":"대","solar_candidate":"검토필요","candidate_reason":"청사·공공건축물·주차장 현황 추가 확인 필요; 면적 480㎡","priority_score":40,"source":"경기부동산포털 국공유지조회·연속지적도","source_date":"2026-08-11","installed_solar_match":false}},{"type":"Feature","id":"4155032023100480001","geometry":{"type":"Point","coordinates":[127.3178099,36.9751067]},"properties":{"pnu":"4155032023100480001","municipality_code":"41550","municipality":"안성시","district":"안성시","locality":"금광면 장죽리","address":"안성시 금광면 장죽리 48-1","owner_type":"국유지","owner_label":"국(국토교통부)","manager":"","property_class":"","land_category":"대","area_sqm":475.0,"area_band":"100~500㎡","interest_category":"대","solar_candidate":"검토필요","candidate_reason":"청사·공공건축물·주차장 현황 추가 확인 필요; 면적 475㎡","priority_score":40,"source":"경기부동산포털 국공유지조회·연속지적도","source_date":"2026-08-11","installed_solar_match":false}},{"type":"Feature","id":"4155032023100370003","geometry":{"type":"Point","coordinates":[127.3190309,36.973038]},"properties":{"pnu":"4155032023100370003","municipality_code":"41550","municipality":"안성시","district":"안성시","locality":"금광면 장죽리","address":"안성시 금광면 장죽리 37-3","owner_type":"국유지","owner_label":"국(국토교통부)","manager":"","property_class":"","land_category":"대","area_sqm":470.0,"area_band":"100~500㎡","interest_category":"대","solar_candidate":"검토필요","candidate_reason":"청사·공공건축물·주차장 현황 추가 확인 필요; 면적 470㎡","priority_score":40,"source":"경기부동산포털 국공유지조회·연속지적도","source_date":"2026-08-11","installed_solar_match":false}},{"type":"Feature","id":"4155031031105620002","geometry":{"type":"Point","coordinates":[127.294926,37.0017749]},"properties":{"pnu":"4155031031105620002","municipality_code":"41550","municipality":"안성시","district":"안성시","locality":"보개면 동신리","address":"안성시 보개면 동신리 562-2","owner_type":"국유지","owner_label":"국(기획재정부)","manager":"","property_class":"","land_category":"대","area_sqm":460.0,"area_band":"100~500㎡","interest_category":"대","solar_candidate":"검토필요","candidate_reason":"청사·공공건축물·주차장 현황 추가 확인 필요; 면적 460㎡","priority_score":40,"source":"경기부동산포털 국공유지조회·연속지적도","source_date":"2026-08-11","installed_solar_match":true,"installed_solar_count":1,"installed_solar_area_sqm":22.5,"installed_solar_analysis_years":["2024"],"installed_solar_types":["개인주택"],"installed_solar_permit_status_counts":{"N":1}}},{"type":"Feature","id":"4155032023102090002","geometry":{"type":"Point","coordinates":[127.3173707,36.9727301]},"properties":{"pnu":"4155032023102090002","municipality_code":"41550","municipality":"안성시","district":"안성시","locality":"금광면 장죽리","address":"안성시 금광면 장죽리 209-2","owner_type":"국유지","owner_label":"국(국토교통부)","manager":"","property_class":"","land_category":"대","area_sqm":443.0,"area_band":"100~500㎡","interest_category":"대","solar_candidate":"검토필요","candidate_reason":"청사·공공건축물·주차장 현황 추가 확인 필요; 면적 443㎡","priority_score":40,"source":"경기부동산포털 국공유지조회·연속지적도","source_date":"2026-08-11","installed_solar_match":false}},{"type":"Feature","id":"4155036021106000015","geometry":{"type":"Point","coordinates":[127.1749256,37.0612079]},"properties":{"pnu":"4155036021106000015","municipality_code":"41550","municipality":"안성시","district":"안성시","locality":"양성면 동항리","address":"안성시 양성면 동항리 600-15","owner_type":"국유지","owner_label":"국(건설교통부)","manager":"","property_class":"","land_category":"대","area_sqm":437.0,"area_band":"100~500㎡","interest_category":"대","solar_candidate":"검토필요","candidate_reason":"청사·공공건축물·주차장 현황 추가 확인 필요; 면적 437㎡","priority_score":40,"source":"경기부동산포털 국공유지조회·연속지적도","source_date":"2026-08-11","installed_solar_match":false}},{"type":"Feature","id":"4155039022105180002","geometry":{"type":"Point","coordinates":[127.4798156,37.0898857]},"properties":{"pnu":"4155039022105180002","municipality_code":"41550","municipality":"안성시","district":"안성시","locality":"일죽면 주천리","address":"안성시 일죽면 주천리 518-2","owner_type":"국유지","owner_label":"국(기획재정부)","manager":"","property_class":"","land_category":"대","area_sqm":433.0,"area_band":"100~500㎡","interest_category":"대","solar_candidate":"검토필요","candidate_reason":"청사·공공건축물·주차장 현황 추가 확인 필요; 면적 433㎡","priority_score":40,"source":"경기부동산포털 국공유지조회·연속지적도","source_date":"2026-08-11","installed_solar_match":false}},{"type":"Feature","id":"4155039023101730002","geometry":{"type":"Point","coordinates":[127.4534662,37.0662507]},"properties":{"pnu":"4155039023101730002","municipality_code":"41550","municipality":"안성시","district":"안성시","locality":"일죽면 죽림리","address":"안성시 일죽면 죽림리 173-2","owner_type":"국유지","owner_label":"국(기획재정부)","manager":"","property_class":"","land_category":"대","area_sqm":433.0,"area_band":"100~500㎡","interest_category":"대","solar_candidate":"검토필요","candidate_reason":"청사·공공건축물·주차장 현황 추가 확인 필요; 면적 433㎡","priority_score":40,"source":"경기부동산포털 국공유지조회·연속지적도","source_date":"2026-08-11","installed_solar_match":false}},{"type":"Feature","id":"4155011400101900000","geometry":{"type":"Point","coordinates":[127.2690939,37.0151148]},"properties":{"pnu":"4155011400101900000","municipality_code":"41550","municipality":"안성시","district":"안성시","locality":"금산동","address":"안성시 금산동 190","owner_type":"국유지","owner_label":"국(경찰청)","manager":"","property_class":"","land_category":"대","area_sqm":432.1,"area_band":"100~500㎡","interest_category":"대","solar_candidate":"검토필요","candidate_reason":"청사·공공건축물·주차장 현황 추가 확인 필요; 면적 432㎡","priority_score":40,"source":"경기부동산포털 국공유지조회·연속지적도","source_date":"2026-08-11","installed_solar_match":false}},{"type":"Feature","id":"4155025031100060020","geometry":{"type":"Point","coordinates":[127.1470633,36.9973678]},"properties":{"pnu":"4155025031100060020","municipality_code":"41550","municipality":"안성시","district":"안성시","locality":"공도읍 진사리","address":"안성시 공도읍 진사리 6-20","owner_type":"국유지","owner_label":"국(국토해양부)","manager":"","property_class":"","land_category":"대","area_sqm":429.0,"area_band":"100~500㎡","interest_category":"대","solar_candidate":"검토필요","candidate_reason":"청사·공공건축물·주차장 현황 추가 확인 필요; 면적 429㎡","priority_score":40,"source":"경기부동산포털 국공유지조회·연속지적도","source_date":"2026-08-11","installed_solar_match":false}},{"type":"Feature","id":"4155025030102000026","geometry":{"type":"Point","coordinates":[127.2019709,37.01654]},"properties":{"pnu":"4155025030102000026","municipality_code":"41550","municipality":"안성시","district":"안성시","locality":"공도읍 마정리","address":"안성시 공도읍 마정리 200-26","owner_type":"국유지","owner_label":"국(기획재정부)","manager":"","property_class":"","land_category":"대","area_sqm":426.0,"area_band":"100~500㎡","interest_category":"대","solar_candidate":"검토필요","candidate_reason":"청사·공공건축물·주차장 현황 추가 확인 필요; 면적 426㎡","priority_score":40,"source":"경기부동산포털 국공유지조회·연속지적도","source_date":"2026-08-11","installed_solar_match":false}},{"type":"Feature","id":"4155040021104800014","geometry":{"type":"Point","coordinates":[127.4252856,37.0767193]},"properties":{"pnu":"4155040021104800014","municipality_code":"41550","municipality":"안성시","district":"안성시","locality":"죽산면 죽산리","address":"안성시 죽산면 죽산리 480-14","owner_type":"국유지","owner_label":"국(재정경제원)","manager":"","property_class":"","land_category":"대","area_sqm":422.0,"area_band":"100~500㎡","interest_category":"대","solar_candidate":"검토필요","candidate_reason":"청사·공공건축물·주차장 현황 추가 확인 필요; 면적 422㎡","priority_score":40,"source":"경기부동산포털 국공유지조회·연속지적도","source_date":"2026-08-11","installed_solar_match":false}},{"type":"Feature","id":"4155036022102140003","geometry":{"type":"Point","coordinates":[127.2005797,37.0547178]},"properties":{"pnu":"4155036022102140003","municipality_code":"41550","municipality":"안성시","district":"안성시","locality":"양성면 구장리","address":"안성시 양성면 구장리 214-3","owner_type":"국유지","owner_label":"국(기획재정부)","manager":"","property_class":"","land_category":"대","area_sqm":421.0,"area_band":"100~500㎡","interest_category":"대","solar_candidate":"검토필요","candidate_reason":"청사·공공건축물·주차장 현황 추가 확인 필요; 면적 421㎡","priority_score":40,"source":"경기부동산포털 국공유지조회·연속지적도","source_date":"2026-08-11","installed_solar_match":false}},{"type":"Feature","id":"4155025031100060024","geometry":{"type":"Point","coordinates":[127.1476907,36.9974591]},"properties":{"pnu":"4155025031100060024","municipality_code":"41550","municipality":"안성시","district":"안성시","locality":"공도읍 진사리","address":"안성시 공도읍 진사리 6-24","owner_type":"국유지","owner_label":"국(국토해양부)","manager":"","property_class":"","land_category":"대","area_sqm":416.0,"area_band":"100~500㎡","interest_category":"대","solar_candidate":"검토필요","candidate_reason":"청사·공공건축물·주차장 현황 추가 확인 필요; 면적 416㎡","priority_score":40,"source":"경기부동산포털 국공유지조회·연속지적도","source_date":"2026-08-11","installed_solar_match":false}},{"type":"Feature","id":"4155042025101200007","geometry":{"type":"Point","coordinates":[127.2999437,37.0826045]},"properties":{"pnu":"4155042025101200007","municipality_code":"41550","municipality":"안성시","district":"안성시","locality":"고삼면 삼은리","address":"안성시 고삼면 삼은리 120-7","owner_type":"국유지","owner_label":"국(국토교통부)","manager":"","property_class":"","land_category":"대","area_sqm":412.0,"area_band":"100~500㎡","interest_category":"대","solar_candidate":"검토필요","candidate_reason":"청사·공공건축물·주차장 현황 추가 확인 필요; 면적 412㎡","priority_score":40,"source":"경기부동산포털 국공유지조회·연속지적도","source_date":"2026-08-11","installed_solar_match":false}},{"type":"Feature","id":"4155032033102880004","geometry":{"type":"Point","coordinates":[127.3123757,36.9628128]},"properties":{"pnu":"4155032033102880004","municipality_code":"41550","municipality":"안성시","district":"안성시","locality":"금광면 석하리","address":"안성시 금광면 석하리 288-4","owner_type":"국유지","owner_label":"국(국토교통부)","manager":"","property_class":"","land_category":"대","area_sqm":400.0,"area_band":"100~500㎡","interest_category":"대","solar_candidate":"검토필요","candidate_reason":"청사·공공건축물·주차장 현황 추가 확인 필요; 면적 400㎡","priority_score":40,"source":"경기부동산포털 국공유지조회·연속지적도","source_date":"2026-08-11","installed_solar_match":false}},{"type":"Feature","id":"4155032026101070000","geometry":{"type":"Point","coordinates":[127.3443206,36.9813274]},"properties":{"pnu":"4155032026101070000","municipality_code":"41550","municipality":"안성시","district":"안성시","locality":"금광면 현곡리","address":"안성시 금광면 현곡리 107","owner_type":"국유지","owner_label":"국(건설교통부)","manager":"","property_class":"","land_category":"대","area_sqm":399.0,"area_band":"100~500㎡","interest_category":"대","solar_candidate":"검토필요","candidate_reason":"청사·공공건축물·주차장 현황 추가 확인 필요; 면적 399㎡","priority_score":40,"source":"경기부동산포털 국공유지조회·연속지적도","source_date":"2026-08-11","installed_solar_match":false}},{"type":"Feature","id":"4155031021103490002","geometry":{"type":"Point","coordinates":[127.3017612,37.0515016]},"properties":{"pnu":"4155031021103490002","municipality_code":"41550","municipality":"안성시","district":"안성시","locality":"보개면 적가리","address":"안성시 보개면 적가리 349-2","owner_type":"국유지","owner_label":"국(국토교통부)","manager":"","property_class":"","land_category":"대","area_sqm":398.0,"area_band":"100~500㎡","interest_category":"대","solar_candidate":"검토필요","candidate_reason":"청사·공공건축물·주차장 현황 추가 확인 필요; 면적 398㎡","priority_score":40,"source":"경기부동산포털 국공유지조회·연속지적도","source_date":"2026-08-11","installed_solar_match":false}},{"type":"Feature","id":"4155036029200500000","geometry":{"type":"Point","coordinates":[127.2152947,37.1055355]},"properties":{"pnu":"4155036029200500000","municipality_code":"41550","municipality":"안성시","district":"안성시","locality":"양성면 장서리","address":"안성시 양성면 장서리 산50","owner_type":"국유지","owner_label":"국(기획재정부)","manager":"","property_class":"","land_category":"대","area_sqm":397.0,"area_band":"100~500㎡","interest_category":"대","solar_candidate":"검토필요","candidate_reason":"청사·공공건축물·주차장 현황 추가 확인 필요; 면적 397㎡","priority_score":40,"source":"경기부동산포털 국공유지조회·연속지적도","source_date":"2026-08-11","installed_solar_match":false}},{"type":"Feature","id":"4155039021110400018","geometry":{"type":"Point","coordinates":[127.4368728,37.080842]},"properties":{"pnu":"4155039021110400018","municipality_code":"41550","municipality":"안성시","district":"안성시","locality":"일죽면 월정리","address":"안성시 일죽면 월정리 1040-18","owner_type":"국유지","owner_label":"국(기획재정부)","manager":"","property_class":"","land_category":"대","area_sqm":397.0,"area_band":"100~500㎡","interest_category":"대","solar_candidate":"검토필요","candidate_reason":"청사·공공건축물·주차장 현황 추가 확인 필요; 면적 397㎡","priority_score":40,"source":"경기부동산포털 국공유지조회·연속지적도","source_date":"2026-08-11","installed_solar_match":false}},{"type":"Feature","id":"4155039035100670009","geometry":{"type":"Point","coordinates":[127.4772104,37.0547196]},"properties":{"pnu":"4155039035100670009","municipality_code":"41550","municipality":"안성시","district":"안성시","locality":"일죽면 화봉리","address":"안성시 일죽면 화봉리 67-9","owner_type":"국유지","owner_label":"국(기획재정부)","manager":"","property_class":"","land_category":"대","area_sqm":394.0,"area_band":"100~500㎡","interest_category":"대","solar_candidate":"검토필요","candidate_reason":"청사·공공건축물·주차장 현황 추가 확인 필요; 면적 394㎡","priority_score":40,"source":"경기부동산포털 국공유지조회·연속지적도","source_date":"2026-08-11","installed_solar_match":false}},{"type":"Feature","id":"4155038023104530005","geometry":{"type":"Point","coordinates":[127.1364332,37.0542043]},"properties":{"pnu":"4155038023104530005","municipality_code":"41550","municipality":"안성시","district":"안성시","locality":"원곡면 지문리","address":"안성시 원곡면 지문리 453-5","owner_type":"국유지","owner_label":"국(건설부)","manager":"","property_class":"","land_category":"대","area_sqm":393.0,"area_band":"100~500㎡","interest_category":"대","solar_candidate":"검토필요","candidate_reason":"청사·공공건축물·주차장 현황 추가 확인 필요; 면적 393㎡","priority_score":40,"source":"경기부동산포털 국공유지조회·연속지적도","source_date":"2026-08-11","installed_solar_match":false}},{"type":"Feature","id":"4155032027104930000","geometry":{"type":"Point","coordinates":[127.3694579,37.020922]},"properties":{"pnu":"4155032027104930000","municipality_code":"41550","municipality":"안성시","district":"안성시","locality":"금광면 삼흥리","address":"안성시 금광면 삼흥리 493","owner_type":"국유지","owner_label":"국(기획재정부)","manager":"","property_class":"","land_category":"대","area_sqm":387.0,"area_band":"100~500㎡","interest_category":"대","solar_candidate":"검토필요","candidate_reason":"청사·공공건축물·주차장 현황 추가 확인 필요; 면적 387㎡","priority_score":40,"source":"경기부동산포털 국공유지조회·연속지적도","source_date":"2026-08-11","installed_solar_match":false}},{"type":"Feature","id":"4155040024105130010","geometry":{"type":"Point","coordinates":[127.4024295,37.0726001]},"properties":{"pnu":"4155040024105130010","municipality_code":"41550","municipality":"안성시","district":"안성시","locality":"죽산면 두현리","address":"안성시 죽산면 두현리 513-10","owner_type":"국유지","owner_label":"국(건설부)","manager":"","property_class":"","land_category":"대","area_sqm":386.0,"area_band":"100~500㎡","interest_category":"대","solar_candidate":"검토필요","candidate_reason":"청사·공공건축물·주차장 현황 추가 확인 필요; 면적 386㎡","priority_score":40,"source":"경기부동산포털 국공유지조회·연속지적도","source_date":"2026-08-11","installed_solar_match":false}},{"type":"Feature","id":"4155032026101230004","geometry":{"type":"Point","coordinates":[127.3476001,36.9807054]},"properties":{"pnu":"4155032026101230004","municipality_code":"41550","municipality":"안성시","district":"안성시","locality":"금광면 현곡리","address":"안성시 금광면 현곡리 123-4","owner_type":"국유지","owner_label":"국(건설교통부)","manager":"","property_class":"","land_category":"대","area_sqm":378.0,"area_band":"100~500㎡","interest_category":"대","solar_candidate":"검토필요","candidate_reason":"청사·공공건축물·주차장 현황 추가 확인 필요; 면적 378㎡","priority_score":40,"source":"경기부동산포털 국공유지조회·연속지적도","source_date":"2026-08-11","installed_solar_match":false}},{"type":"Feature","id":"4155025021102920006","geometry":{"type":"Point","coordinates":[127.2027766,37.0096132]},"properties":{"pnu":"4155025021102920006","municipality_code":"41550","municipality":"안성시","district":"안성시","locality":"공도읍 양기리","address":"안성시 공도읍 양기리 292-6","owner_type":"국유지","owner_label":"국(건설부)","manager":"","property_class":"","land_category":"대","area_sqm":377.0,"area_band":"100~500㎡","interest_category":"대","solar_candidate":"검토필요","candidate_reason":"청사·공공건축물·주차장 현황 추가 확인 필요; 면적 377㎡","priority_score":40,"source":"경기부동산포털 국공유지조회·연속지적도","source_date":"2026-08-11","installed_solar_match":false}},{"type":"Feature","id":"4155036021102910003","geometry":{"type":"Point","coordinates":[127.1953226,37.0587588]},"properties":{"pnu":"4155036021102910003","municipality_code":"41550","municipality":"안성시","district":"안성시","locality":"양성면 동항리","address":"안성시 양성면 동항리 291-3","owner_type":"국유지","owner_label":"국(경찰청)","manager":"","property_class":"","land_category":"대","area_sqm":377.0,"area_band":"100~500㎡","interest_category":"대","solar_candidate":"검토필요","candidate_reason":"청사·공공건축물·주차장 현황 추가 확인 필요; 면적 377㎡","priority_score":40,"source":"경기부동산포털 국공유지조회·연속지적도","source_date":"2026-08-11","installed_solar_match":false}},{"type":"Feature","id":"4155032023102200002","geometry":{"type":"Point","coordinates":[127.3181811,36.9729324]},"properties":{"pnu":"4155032023102200002","municipality_code":"41550","municipality":"안성시","district":"안성시","locality":"금광면 장죽리","address":"안성시 금광면 장죽리 220-2","owner_type":"국유지","owner_label":"국(국토교통부)","manager":"","property_class":"","land_category":"대","area_sqm":376.0,"area_band":"100~500㎡","interest_category":"대","solar_candidate":"검토필요","candidate_reason":"청사·공공건축물·주차장 현황 추가 확인 필요; 면적 376㎡","priority_score":40,"source":"경기부동산포털 국공유지조회·연속지적도","source_date":"2026-08-11","installed_solar_match":false}},{"type":"Feature","id":"4155036021106820001","geometry":{"type":"Point","coordinates":[127.1930849,37.0588718]},"properties":{"pnu":"4155036021106820001","municipality_code":"41550","municipality":"안성시","district":"안성시","locality":"양성면 동항리","address":"안성시 양성면 동항리 682-1","owner_type":"국유지","owner_label":"국(건설부)","manager":"","property_class":"","land_category":"대","area_sqm":369.0,"area_band":"100~500㎡","interest_category":"대","solar_candidate":"검토필요","candidate_reason":"청사·공공건축물·주차장 현황 추가 확인 필요; 면적 369㎡","priority_score":40,"source":"경기부동산포털 국공유지조회·연속지적도","source_date":"2026-08-11","installed_solar_match":false}},{"type":"Feature","id":"4155038023104530006","geometry":{"type":"Point","coordinates":[127.1364381,37.0539975]},"properties":{"pnu":"4155038023104530006","municipality_code":"41550","municipality":"안성시","district":"안성시","locality":"원곡면 지문리","address":"안성시 원곡면 지문리 453-6","owner_type":"국유지","owner_label":"국(건설부)","manager":"","property_class":"","land_category":"대","area_sqm":368.0,"area_band":"100~500㎡","interest_category":"대","solar_candidate":"검토필요","candidate_reason":"청사·공공건축물·주차장 현황 추가 확인 필요; 면적 368㎡","priority_score":40,"source":"경기부동산포털 국공유지조회·연속지적도","source_date":"2026-08-11","installed_solar_match":false}},{"type":"Feature","id":"4155040027107510001","geometry":{"type":"Point","coordinates":[127.4424334,37.0656533]},"properties":{"pnu":"4155040027107510001","municipality_code":"41550","municipality":"안성시","district":"안성시","locality":"죽산면 용설리","address":"안성시 죽산면 용설리 751-1","owner_type":"국유지","owner_label":"국(국토해양부)","manager":"","property_class":"","land_category":"대","area_sqm":363.0,"area_band":"100~500㎡","interest_category":"대","solar_candidate":"검토필요","candidate_reason":"청사·공공건축물·주차장 현황 추가 확인 필요; 면적 363㎡","priority_score":40,"source":"경기부동산포털 국공유지조회·연속지적도","source_date":"2026-08-11","installed_solar_match":false}},{"type":"Feature","id":"4155038025101040005","geometry":{"type":"Point","coordinates":[127.1230097,37.0400959]},"properties":{"pnu":"4155038025101040005","municipality_code":"41550","municipality":"안성시","district":"안성시","locality":"원곡면 내가천리","address":"안성시 원곡면 내가천리 104-5","owner_type":"국유지","owner_label":"국(기획재정부)","manager":"","property_class":"","land_category":"대","area_sqm":357.0,"area_band":"100~500㎡","interest_category":"대","solar_candidate":"검토필요","candidate_reason":"청사·공공건축물·주차장 현황 추가 확인 필요; 면적 357㎡","priority_score":40,"source":"경기부동산포털 국공유지조회·연속지적도","source_date":"2026-08-11","installed_solar_match":false}},{"type":"Feature","id":"4155040021104320014","geometry":{"type":"Point","coordinates":[127.4223153,37.074956]},"properties":{"pnu":"4155040021104320014","municipality_code":"41550","municipality":"안성시","district":"안성시","locality":"죽산면 죽산리","address":"안성시 죽산면 죽산리 432-14","owner_type":"국유지","owner_label":"국(기획재정부)","manager":"","property_class":"","land_category":"대","area_sqm":350.0,"area_band":"100~500㎡","interest_category":"대","solar_candidate":"검토필요","candidate_reason":"청사·공공건축물·주차장 현황 추가 확인 필요; 면적 350㎡","priority_score":40,"source":"경기부동산포털 국공유지조회·연속지적도","source_date":"2026-08-11","installed_solar_match":false}},{"type":"Feature","id":"4155040024105310000","geometry":{"type":"Point","coordinates":[127.4030576,37.0720349]},"properties":{"pnu":"4155040024105310000","municipality_code":"41550","municipality":"안성시","district":"안성시","locality":"죽산면 두현리","address":"안성시 죽산면 두현리 531","owner_type":"국유지","owner_label":"국(건설교통부)","manager":"","property_class":"","land_category":"대","area_sqm":349.0,"area_band":"100~500㎡","interest_category":"대","solar_candidate":"검토필요","candidate_reason":"청사·공공건축물·주차장 현황 추가 확인 필요; 면적 349㎡","priority_score":40,"source":"경기부동산포털 국공유지조회·연속지적도","source_date":"2026-08-11","installed_solar_match":false}},{"type":"Feature","id":"4155040021102350001","geometry":{"type":"Point","coordinates":[127.4294573,37.0819693]},"properties":{"pnu":"4155040021102350001","municipality_code":"41550","municipality":"안성시","district":"안성시","locality":"죽산면 죽산리","address":"안성시 죽산면 죽산리 235-1","owner_type":"국유지","owner_label":"국(기획재정부)","manager":"","property_class":"","land_category":"대","area_sqm":347.0,"area_band":"100~500㎡","interest_category":"대","solar_candidate":"검토필요","candidate_reason":"청사·공공건축물·주차장 현황 추가 확인 필요; 면적 347㎡","priority_score":40,"source":"경기부동산포털 국공유지조회·연속지적도","source_date":"2026-08-11","installed_solar_match":false}},{"type":"Feature","id":"4155032024100870000","geometry":{"type":"Point","coordinates":[127.3113659,36.952905]},"properties":{"pnu":"4155032024100870000","municipality_code":"41550","municipality":"안성시","district":"안성시","locality":"금광면 상중리","address":"안성시 금광면 상중리 87","owner_type":"국유지","owner_label":"국(기획재정부)","manager":"","property_class":"","land_category":"대","area_sqm":344.0,"area_band":"100~500㎡","interest_category":"대","solar_candidate":"검토필요","candidate_reason":"청사·공공건축물·주차장 현황 추가 확인 필요; 면적 344㎡","priority_score":40,"source":"경기부동산포털 국공유지조회·연속지적도","source_date":"2026-08-11","installed_solar_match":false}},{"type":"Feature","id":"4155040021104320013","geometry":{"type":"Point","coordinates":[127.4221776,37.0752017]},"properties":{"pnu":"4155040021104320013","municipality_code":"41550","municipality":"안성시","district":"안성시","locality":"죽산면 죽산리","address":"안성시 죽산면 죽산리 432-13","owner_type":"국유지","owner_label":"국(기획재정부)","manager":"","property_class":"","land_category":"대","area_sqm":343.0,"area_band":"100~500㎡","interest_category":"대","solar_candidate":"검토필요","candidate_reason":"청사·공공건축물·주차장 현황 추가 확인 필요; 면적 343㎡","priority_score":40,"source":"경기부동산포털 국공유지조회·연속지적도","source_date":"2026-08-11","installed_solar_match":false}},{"type":"Feature","id":"4155033028101200002","geometry":{"type":"Point","coordinates":[127.249789,36.9232764]},"properties":{"pnu":"4155033028101200002","municipality_code":"41550","municipality":"안성시","district":"안성시","locality":"서운면 신흥리","address":"안성시 서운면 신흥리 120-2","owner_type":"국유지","owner_label":"국(재정경제원)","manager":"","property_class":"","land_category":"대","area_sqm":340.0,"area_band":"100~500㎡","interest_category":"대","solar_candidate":"검토필요","candidate_reason":"청사·공공건축물·주차장 현황 추가 확인 필요; 면적 340㎡","priority_score":40,"source":"경기부동산포털 국공유지조회·연속지적도","source_date":"2026-08-11","installed_solar_match":false}},{"type":"Feature","id":"4155032023102080002","geometry":{"type":"Point","coordinates":[127.3174417,36.9725842]},"properties":{"pnu":"4155032023102080002","municipality_code":"41550","municipality":"안성시","district":"안성시","locality":"금광면 장죽리","address":"안성시 금광면 장죽리 208-2","owner_type":"국유지","owner_label":"국(국토교통부)","manager":"","property_class":"","land_category":"대","area_sqm":334.0,"area_band":"100~500㎡","interest_category":"대","solar_candidate":"검토필요","candidate_reason":"청사·공공건축물·주차장 현황 추가 확인 필요; 면적 334㎡","priority_score":40,"source":"경기부동산포털 국공유지조회·연속지적도","source_date":"2026-08-11","installed_solar_match":false}},{"type":"Feature","id":"4155038022106340002","geometry":{"type":"Point","coordinates":[127.1569291,37.0442346]},"properties":{"pnu":"4155038022106340002","municipality_code":"41550","municipality":"안성시","district":"안성시","locality":"원곡면 칠곡리","address":"안성시 원곡면 칠곡리 634-2","owner_type":"국유지","owner_label":"국(건설교통부)","manager":"","property_class":"","land_category":"대","area_sqm":333.0,"area_band":"100~500㎡","interest_category":"대","solar_candidate":"검토필요","candidate_reason":"청사·공공건축물·주차장 현황 추가 확인 필요; 면적 333㎡","priority_score":40,"source":"경기부동산포털 국공유지조회·연속지적도","source_date":"2026-08-11","installed_solar_match":false}},{"type":"Feature","id":"4155011700100510001","geometry":{"type":"Point","coordinates":[127.2698506,37.0061206]},"properties":{"pnu":"4155011700100510001","municipality_code":"41550","municipality":"안성시","district":"안성시","locality":"서인동","address":"안성시 서인동 51-1","owner_type":"국유지","owner_label":"국(기획재정부)","manager":"","property_class":"","land_category":"대","area_sqm":332.2,"area_band":"100~500㎡","interest_category":"대","solar_candidate":"검토필요","candidate_reason":"청사·공공건축물·주차장 현황 추가 확인 필요; 면적 332㎡","priority_score":40,"source":"경기부동산포털 국공유지조회·연속지적도","source_date":"2026-08-11","installed_solar_match":false}},{"type":"Feature","id":"4155032022105570003","geometry":{"type":"Point","coordinates":[127.3032106,36.9843679]},"properties":{"pnu":"4155032022105570003","municipality_code":"41550","municipality":"안성시","district":"안성시","locality":"금광면 개산리","address":"안성시 금광면 개산리 557-3","owner_type":"국유지","owner_label":"국(기획재정부)","manager":"","property_class":"","land_category":"대","area_sqm":328.0,"area_band":"100~500㎡","interest_category":"대","solar_candidate":"검토필요","candidate_reason":"청사·공공건축물·주차장 현황 추가 확인 필요; 면적 328㎡","priority_score":40,"source":"경기부동산포털 국공유지조회·연속지적도","source_date":"2026-08-11","installed_solar_match":false}},{"type":"Feature","id":"4155040029108600000","geometry":{"type":"Point","coordinates":[127.4309638,37.0260982]},"properties":{"pnu":"4155040029108600000","municipality_code":"41550","municipality":"안성시","district":"안성시","locality":"죽산면 당목리","address":"안성시 죽산면 당목리 860","owner_type":"국유지","owner_label":"국(기획재정부)","manager":"","property_class":"","land_category":"대","area_sqm":327.0,"area_band":"100~500㎡","interest_category":"대","solar_candidate":"검토필요","candidate_reason":"청사·공공건축물·주차장 현황 추가 확인 필요; 면적 327㎡","priority_score":40,"source":"경기부동산포털 국공유지조회·연속지적도","source_date":"2026-08-11","installed_solar_match":false}},{"type":"Feature","id":"4155012800100320001","geometry":{"type":"Point","coordinates":[127.247005,37.0124108]},"properties":{"pnu":"4155012800100320001","municipality_code":"41550","municipality":"안성시","district":"안성시","locality":"신건지동","address":"안성시 신건지동 32-1","owner_type":"국유지","owner_label":"국(건설부)","manager":"","property_class":"","land_category":"대","area_sqm":324.0,"area_band":"100~500㎡","interest_category":"대","solar_candidate":"검토필요","candidate_reason":"청사·공공건축물·주차장 현황 추가 확인 필요; 면적 324㎡","priority_score":40,"source":"경기부동산포털 국공유지조회·연속지적도","source_date":"2026-08-11","installed_solar_match":false}},{"type":"Feature","id":"4155032023100380000","geometry":{"type":"Point","coordinates":[127.3191178,36.9744375]},"properties":{"pnu":"4155032023100380000","municipality_code":"41550","municipality":"안성시","district":"안성시","locality":"금광면 장죽리","address":"안성시 금광면 장죽리 38","owner_type":"국유지","owner_label":"국(국토교통부)","manager":"","property_class":"","land_category":"대","area_sqm":324.0,"area_band":"100~500㎡","interest_category":"대","solar_candidate":"검토필요","candidate_reason":"청사·공공건축물·주차장 현황 추가 확인 필요; 면적 324㎡","priority_score":40,"source":"경기부동산포털 국공유지조회·연속지적도","source_date":"2026-08-11","installed_solar_match":false}},{"type":"Feature","id":"4155034027104520015","geometry":{"type":"Point","coordinates":[127.2024091,36.9660076]},"properties":{"pnu":"4155034027104520015","municipality_code":"41550","municipality":"안성시","district":"안성시","locality":"미양면 고지리","address":"안성시 미양면 고지리 452-15","owner_type":"국유지","owner_label":"국","manager":"","property_class":"","land_category":"대","area_sqm":324.0,"area_band":"100~500㎡","interest_category":"대","solar_candidate":"검토필요","candidate_reason":"청사·공공건축물·주차장 현황 추가 확인 필요; 면적 324㎡","priority_score":40,"source":"경기부동산포털 국공유지조회·연속지적도","source_date":"2026-08-11","installed_solar_match":false}},{"type":"Feature","id":"4155041027104120005","geometry":{"type":"Point","coordinates":[127.3641861,37.0516491]},"properties":{"pnu":"4155041027104120005","municipality_code":"41550","municipality":"안성시","district":"안성시","locality":"삼죽면 진촌리","address":"안성시 삼죽면 진촌리 412-5","owner_type":"국유지","owner_label":"국(건설부)","manager":"","property_class":"","land_category":"대","area_sqm":321.0,"area_band":"100~500㎡","interest_category":"대","solar_candidate":"검토필요","candidate_reason":"청사·공공건축물·주차장 현황 추가 확인 필요; 면적 321㎡","priority_score":40,"source":"경기부동산포털 국공유지조회·연속지적도","source_date":"2026-08-11","installed_solar_match":false}},{"type":"Feature","id":"4155041027103700002","geometry":{"type":"Point","coordinates":[127.3671065,37.0584532]},"properties":{"pnu":"4155041027103700002","municipality_code":"41550","municipality":"안성시","district":"안성시","locality":"삼죽면 진촌리","address":"안성시 삼죽면 진촌리 370-2","owner_type":"국유지","owner_label":"국(건설부)","manager":"","property_class":"","land_category":"대","area_sqm":317.0,"area_band":"100~500㎡","interest_category":"대","solar_candidate":"검토필요","candidate_reason":"청사·공공건축물·주차장 현황 추가 확인 필요; 면적 317㎡","priority_score":40,"source":"경기부동산포털 국공유지조회·연속지적도","source_date":"2026-08-11","installed_solar_match":false}},{"type":"Feature","id":"4155040021104800012","geometry":{"type":"Point","coordinates":[127.4249188,37.076348]},"properties":{"pnu":"4155040021104800012","municipality_code":"41550","municipality":"안성시","district":"안성시","locality":"죽산면 죽산리","address":"안성시 죽산면 죽산리 480-12","owner_type":"국유지","owner_label":"국(기획재정부)","manager":"","property_class":"","land_category":"대","area_sqm":316.0,"area_band":"100~500㎡","interest_category":"대","solar_candidate":"검토필요","candidate_reason":"청사·공공건축물·주차장 현황 추가 확인 필요; 면적 316㎡","priority_score":40,"source":"경기부동산포털 국공유지조회·연속지적도","source_date":"2026-08-11","installed_solar_match":false}},{"type":"Feature","id":"4155011700100510000","geometry":{"type":"Point","coordinates":[127.2699013,37.0062324]},"properties":{"pnu":"4155011700100510000","municipality_code":"41550","municipality":"안성시","district":"안성시","locality":"서인동","address":"안성시 서인동 51","owner_type":"국유지","owner_label":"국(기획재정부)","manager":"","property_class":"","land_category":"대","area_sqm":312.4,"area_band":"100~500㎡","interest_category":"대","solar_candidate":"검토필요","candidate_reason":"청사·공공건축물·주차장 현황 추가 확인 필요; 면적 312㎡","priority_score":40,"source":"경기부동산포털 국공유지조회·연속지적도","source_date":"2026-08-11","installed_solar_match":false}},{"type":"Feature","id":"4155025031102930004","geometry":{"type":"Point","coordinates":[127.1462754,36.9892208]},"properties":{"pnu":"4155025031102930004","municipality_code":"41550","municipality":"안성시","district":"안성시","locality":"공도읍 진사리","address":"안성시 공도읍 진사리 293-4","owner_type":"국유지","owner_label":"국(기획재정부)","manager":"","property_class":"","land_category":"대","area_sqm":311.0,"area_band":"100~500㎡","interest_category":"대","solar_candidate":"검토필요","candidate_reason":"청사·공공건축물·주차장 현황 추가 확인 필요; 면적 311㎡","priority_score":40,"source":"경기부동산포털 국공유지조회·연속지적도","source_date":"2026-08-11","installed_solar_match":false}},{"type":"Feature","id":"4155032029101840000","geometry":{"type":"Point","coordinates":[127.3485189,37.0068954]},"properties":{"pnu":"4155032029101840000","municipality_code":"41550","municipality":"안성시","district":"안성시","locality":"금광면 오흥리","address":"안성시 금광면 오흥리 184","owner_type":"국유지","owner_label":"국(기획재정부)","manager":"","property_class":"","land_category":"대","area_sqm":311.0,"area_band":"100~500㎡","interest_category":"대","solar_candidate":"검토필요","candidate_reason":"청사·공공건축물·주차장 현황 추가 확인 필요; 면적 311㎡","priority_score":40,"source":"경기부동산포털 국공유지조회·연속지적도","source_date":"2026-08-11","installed_solar_match":false}},{"type":"Feature","id":"4155039035100690000","geometry":{"type":"Point","coordinates":[127.4775755,37.0543999]},"properties":{"pnu":"4155039035100690000","municipality_code":"41550","municipality":"안성시","district":"안성시","locality":"일죽면 화봉리","address":"안성시 일죽면 화봉리 69","owner_type":"국유지","owner_label":"국(기획재정부)","manager":"","property_class":"","land_category":"대","area_sqm":310.0,"area_band":"100~500㎡","interest_category":"대","solar_candidate":"검토필요","candidate_reason":"청사·공공건축물·주차장 현황 추가 확인 필요; 면적 310㎡","priority_score":40,"source":"경기부동산포털 국공유지조회·연속지적도","source_date":"2026-08-11","installed_solar_match":false}},{"type":"Feature","id":"4155039035100670008","geometry":{"type":"Point","coordinates":[127.4770904,37.0548675]},"properties":{"pnu":"4155039035100670008","municipality_code":"41550","municipality":"안성시","district":"안성시","locality":"일죽면 화봉리","address":"안성시 일죽면 화봉리 67-8","owner_type":"국유지","owner_label":"국(기획재정부)","manager":"","property_class":"","land_category":"대","area_sqm":304.0,"area_band":"100~500㎡","interest_category":"대","solar_candidate":"검토필요","candidate_reason":"청사·공공건축물·주차장 현황 추가 확인 필요; 면적 304㎡","priority_score":40,"source":"경기부동산포털 국공유지조회·연속지적도","source_date":"2026-08-11","installed_solar_match":false}},{"type":"Feature","id":"4155041028104680009","geometry":{"type":"Point","coordinates":[127.3565042,37.0396676]},"properties":{"pnu":"4155041028104680009","municipality_code":"41550","municipality":"안성시","district":"안성시","locality":"삼죽면 미장리","address":"안성시 삼죽면 미장리 468-9","owner_type":"국유지","owner_label":"국(건설부)","manager":"","property_class":"","land_category":"대","area_sqm":300.0,"area_band":"100~500㎡","interest_category":"대","solar_candidate":"검토필요","candidate_reason":"청사·공공건축물·주차장 현황 추가 확인 필요; 면적 300㎡","priority_score":40,"source":"경기부동산포털 국공유지조회·연속지적도","source_date":"2026-08-11","installed_solar_match":false}},{"type":"Feature","id":"4155011800101560021","geometry":{"type":"Point","coordinates":[127.2544172,37.012806]},"properties":{"pnu":"4155011800101560021","municipality_code":"41550","municipality":"안성시","district":"안성시","locality":"석정동","address":"안성시 석정동 156-21","owner_type":"국유지","owner_label":"국(국토교통부)","manager":"","property_class":"","land_category":"대","area_sqm":297.0,"area_band":"100~500㎡","interest_category":"대","solar_candidate":"검토필요","candidate_reason":"청사·공공건축물·주차장 현황 추가 확인 필요; 면적 297㎡","priority_score":40,"source":"경기부동산포털 국공유지조회·연속지적도","source_date":"2026-08-11","installed_solar_match":false}},{"type":"Feature","id":"4155036026101390001","geometry":{"type":"Point","coordinates":[127.2101083,37.0819435]},"properties":{"pnu":"4155036026101390001","municipality_code":"41550","municipality":"안성시","district":"안성시","locality":"양성면 도곡리","address":"안성시 양성면 도곡리 139-1","owner_type":"국유지","owner_label":"국(건설교통부)","manager":"","property_class":"","land_category":"대","area_sqm":295.0,"area_band":"100~500㎡","interest_category":"대","solar_candidate":"검토필요","candidate_reason":"청사·공공건축물·주차장 현황 추가 확인 필요; 면적 295㎡","priority_score":40,"source":"경기부동산포털 국공유지조회·연속지적도","source_date":"2026-08-11","installed_solar_match":false}},{"type":"Feature","id":"4155038024101650006","geometry":{"type":"Point","coordinates":[127.1275798,37.0821484]},"properties":{"pnu":"4155038024101650006","municipality_code":"41550","municipality":"안성시","district":"안성시","locality":"원곡면 산하리","address":"안성시 원곡면 산하리 165-6","owner_type":"국유지","owner_label":"국(건설부)","manager":"","property_class":"","land_category":"대","area_sqm":288.0,"area_band":"100~500㎡","interest_category":"대","solar_candidate":"검토필요","candidate_reason":"청사·공공건축물·주차장 현황 추가 확인 필요; 면적 288㎡","priority_score":40,"source":"경기부동산포털 국공유지조회·연속지적도","source_date":"2026-08-11","installed_solar_match":false}},{"type":"Feature","id":"4155032034104050005","geometry":{"type":"Point","coordinates":[127.3188569,37.0023313]},"properties":{"pnu":"4155032034104050005","municipality_code":"41550","municipality":"안성시","district":"안성시","locality":"금광면 신양복리","address":"안성시 금광면 신양복리 405-5","owner_type":"국유지","owner_label":"국(국토교통부)","manager":"","property_class":"","land_category":"대","area_sqm":285.0,"area_band":"100~500㎡","interest_category":"대","solar_candidate":"검토필요","candidate_reason":"청사·공공건축물·주차장 현황 추가 확인 필요; 면적 285㎡","priority_score":40,"source":"경기부동산포털 국공유지조회·연속지적도","source_date":"2026-08-11","installed_solar_match":false}},{"type":"Feature","id":"4155032026101230010","geometry":{"type":"Point","coordinates":[127.3476141,36.9806212]},"properties":{"pnu":"4155032026101230010","municipality_code":"41550","municipality":"안성시","district":"안성시","locality":"금광면 현곡리","address":"안성시 금광면 현곡리 123-10","owner_type":"국유지","owner_label":"국(건설교통부)","manager":"","property_class":"","land_category":"대","area_sqm":283.0,"area_band":"100~500㎡","interest_category":"대","solar_candidate":"검토필요","candidate_reason":"청사·공공건축물·주차장 현황 추가 확인 필요; 면적 283㎡","priority_score":40,"source":"경기부동산포털 국공유지조회·연속지적도","source_date":"2026-08-11","installed_solar_match":false}},{"type":"Feature","id":"4155032023101750000","geometry":{"type":"Point","coordinates":[127.3169068,36.972236]},"properties":{"pnu":"4155032023101750000","municipality_code":"41550","municipality":"안성시","district":"안성시","locality":"금광면 장죽리","address":"안성시 금광면 장죽리 175","owner_type":"국유지","owner_label":"국(국토교통부)","manager":"","property_class":"","land_category":"대","area_sqm":281.0,"area_band":"100~500㎡","interest_category":"대","solar_candidate":"검토필요","candidate_reason":"청사·공공건축물·주차장 현황 추가 확인 필요; 면적 281㎡","priority_score":40,"source":"경기부동산포털 국공유지조회·연속지적도","source_date":"2026-08-11","installed_solar_match":false}},{"type":"Feature","id":"4155012200104570000","geometry":{"type":"Point","coordinates":[127.2484909,37.0106382]},"properties":{"pnu":"4155012200104570000","municipality_code":"41550","municipality":"안성시","district":"안성시","locality":"옥산동","address":"안성시 옥산동 457","owner_type":"국유지","owner_label":"국(기획재정부)","manager":"","property_class":"","land_category":"대","area_sqm":279.0,"area_band":"100~500㎡","interest_category":"대","solar_candidate":"검토필요","candidate_reason":"청사·공공건축물·주차장 현황 추가 확인 필요; 면적 279㎡","priority_score":40,"source":"경기부동산포털 국공유지조회·연속지적도","source_date":"2026-08-11","installed_solar_match":false}},{"type":"Feature","id":"4155025030100710011","geometry":{"type":"Point","coordinates":[127.2095891,37.0096973]},"properties":{"pnu":"4155025030100710011","municipality_code":"41550","municipality":"안성시","district":"안성시","locality":"공도읍 마정리","address":"안성시 공도읍 마정리 71-11","owner_type":"국유지","owner_label":"국(국토교통부)","manager":"","property_class":"","land_category":"대","area_sqm":275.0,"area_band":"100~500㎡","interest_category":"대","solar_candidate":"검토필요","candidate_reason":"청사·공공건축물·주차장 현황 추가 확인 필요; 면적 275㎡","priority_score":40,"source":"경기부동산포털 국공유지조회·연속지적도","source_date":"2026-08-11","installed_solar_match":false}},{"type":"Feature","id":"4155041027103260006","geometry":{"type":"Point","coordinates":[127.3681688,37.0594473]},"properties":{"pnu":"4155041027103260006","municipality_code":"41550","municipality":"안성시","district":"안성시","locality":"삼죽면 진촌리","address":"안성시 삼죽면 진촌리 326-6","owner_type":"국유지","owner_label":"국(건설부)","manager":"","property_class":"","land_category":"대","area_sqm":275.0,"area_band":"100~500㎡","interest_category":"대","solar_candidate":"검토필요","candidate_reason":"청사·공공건축물·주차장 현황 추가 확인 필요; 면적 275㎡","priority_score":40,"source":"경기부동산포털 국공유지조회·연속지적도","source_date":"2026-08-11","installed_solar_match":false}},{"type":"Feature","id":"4155032023102070000","geometry":{"type":"Point","coordinates":[127.3175362,36.9724272]},"properties":{"pnu":"4155032023102070000","municipality_code":"41550","municipality":"안성시","district":"안성시","locality":"금광면 장죽리","address":"안성시 금광면 장죽리 207","owner_type":"국유지","owner_label":"국(국토교통부)","manager":"","property_class":"","land_category":"대","area_sqm":274.0,"area_band":"100~500㎡","interest_category":"대","solar_candidate":"검토필요","candidate_reason":"청사·공공건축물·주차장 현황 추가 확인 필요; 면적 274㎡","priority_score":40,"source":"경기부동산포털 국공유지조회·연속지적도","source_date":"2026-08-11","installed_solar_match":false}},{"type":"Feature","id":"4155041028104690001","geometry":{"type":"Point","coordinates":[127.3564055,37.0395401]},"properties":{"pnu":"4155041028104690001","municipality_code":"41550","municipality":"안성시","district":"안성시","locality":"삼죽면 미장리","address":"안성시 삼죽면 미장리 469-1","owner_type":"국유지","owner_label":"국(건설부)","manager":"","property_class":"","land_category":"대","area_sqm":273.0,"area_band":"100~500㎡","interest_category":"대","solar_candidate":"검토필요","candidate_reason":"청사·공공건축물·주차장 현황 추가 확인 필요; 면적 273㎡","priority_score":40,"source":"경기부동산포털 국공유지조회·연속지적도","source_date":"2026-08-11","installed_solar_match":false}},{"type":"Feature","id":"4155011800101110002","geometry":{"type":"Point","coordinates":[127.2622889,37.0135286]},"properties":{"pnu":"4155011800101110002","municipality_code":"41550","municipality":"안성시","district":"안성시","locality":"석정동","address":"안성시 석정동 111-2","owner_type":"국유지","owner_label":"국(교육부)","manager":"","property_class":"","land_category":"대","area_sqm":271.0,"area_band":"100~500㎡","interest_category":"대","solar_candidate":"검토필요","candidate_reason":"청사·공공건축물·주차장 현황 추가 확인 필요; 면적 271㎡","priority_score":40,"source":"경기부동산포털 국공유지조회·연속지적도","source_date":"2026-08-11","installed_solar_match":false}},{"type":"Feature","id":"4155011300104080000","geometry":{"type":"Point","coordinates":[127.2696879,37.0036737]},"properties":{"pnu":"4155011300104080000","municipality_code":"41550","municipality":"안성시","district":"안성시","locality":"인지동","address":"안성시 인지동 408","owner_type":"국유지","owner_label":"국(기획재정부)","manager":"","property_class":"","land_category":"대","area_sqm":264.0,"area_band":"100~500㎡","interest_category":"대","solar_candidate":"검토필요","candidate_reason":"청사·공공건축물·주차장 현황 추가 확인 필요; 면적 264㎡","priority_score":40,"source":"경기부동산포털 국공유지조회·연속지적도","source_date":"2026-08-11","installed_solar_match":false}},{"type":"Feature","id":"4155031026109100006","geometry":{"type":"Point","coordinates":[127.3139132,37.0150457]},"properties":{"pnu":"4155031026109100006","municipality_code":"41550","municipality":"안성시","district":"안성시","locality":"보개면 양복리","address":"안성시 보개면 양복리 910-6","owner_type":"국유지","owner_label":"국(건설부)","manager":"","property_class":"","land_category":"대","area_sqm":264.0,"area_band":"100~500㎡","interest_category":"대","solar_candidate":"검토필요","candidate_reason":"청사·공공건축물·주차장 현황 추가 확인 필요; 면적 264㎡","priority_score":40,"source":"경기부동산포털 국공유지조회·연속지적도","source_date":"2026-08-11","installed_solar_match":false}},{"type":"Feature","id":"4155013300100610004","geometry":{"type":"Point","coordinates":[127.2850618,36.9776696]},"properties":{"pnu":"4155013300100610004","municipality_code":"41550","municipality":"안성시","district":"안성시","locality":"중리동","address":"안성시 중리동 61-4","owner_type":"국유지","owner_label":"국(기획재정부)","manager":"","property_class":"","land_category":"대","area_sqm":261.0,"area_band":"100~500㎡","interest_category":"대","solar_candidate":"검토필요","candidate_reason":"청사·공공건축물·주차장 현황 추가 확인 필요; 면적 261㎡","priority_score":40,"source":"경기부동산포털 국공유지조회·연속지적도","source_date":"2026-08-11","installed_solar_match":false}},{"type":"Feature","id":"4155031024103980001","geometry":{"type":"Point","coordinates":[127.3235056,37.0296057]},"properties":{"pnu":"4155031024103980001","municipality_code":"41550","municipality":"안성시","district":"안성시","locality":"보개면 상삼리","address":"안성시 보개면 상삼리 398-1","owner_type":"국유지","owner_label":"국(기획재정부)","manager":"","property_class":"","land_category":"대","area_sqm":261.0,"area_band":"100~500㎡","interest_category":"대","solar_candidate":"검토필요","candidate_reason":"청사·공공건축물·주차장 현황 추가 확인 필요; 면적 261㎡","priority_score":40,"source":"경기부동산포털 국공유지조회·연속지적도","source_date":"2026-08-11","installed_solar_match":false}},{"type":"Feature","id":"4155032023100470005","geometry":{"type":"Point","coordinates":[127.3177291,36.975182]},"properties":{"pnu":"4155032023100470005","municipality_code":"41550","municipality":"안성시","district":"안성시","locality":"금광면 장죽리","address":"안성시 금광면 장죽리 47-5","owner_type":"국유지","owner_label":"국(국토교통부)","manager":"","property_class":"","land_category":"대","area_sqm":260.0,"area_band":"100~500㎡","interest_category":"대","solar_candidate":"검토필요","candidate_reason":"청사·공공건축물·주차장 현황 추가 확인 필요; 면적 260㎡","priority_score":40,"source":"경기부동산포털 국공유지조회·연속지적도","source_date":"2026-08-11","installed_solar_match":false}},{"type":"Feature","id":"4155034029103020004","geometry":{"type":"Point","coordinates":[127.2551104,36.9700552]},"properties":{"pnu":"4155034029103020004","municipality_code":"41550","municipality":"안성시","district":"안성시","locality":"미양면 구수리","address":"안성시 미양면 구수리 302-4","owner_type":"국유지","owner_label":"국(기획재정부)","manager":"","property_class":"","land_category":"대","area_sqm":258.0,"area_band":"100~500㎡","interest_category":"대","solar_candidate":"검토필요","candidate_reason":"청사·공공건축물·주차장 현황 추가 확인 필요; 면적 258㎡","priority_score":40,"source":"경기부동산포털 국공유지조회·연속지적도","source_date":"2026-08-11","installed_solar_match":false}},{"type":"Feature","id":"4155032023104840002","geometry":{"type":"Point","coordinates":[127.3146577,36.9671807]},"properties":{"pnu":"4155032023104840002","municipality_code":"41550","municipality":"안성시","district":"안성시","locality":"금광면 장죽리","address":"안성시 금광면 장죽리 484-2","owner_type":"국유지","owner_label":"국(국토교통부)","manager":"","property_class":"","land_category":"대","area_sqm":255.0,"area_band":"100~500㎡","interest_category":"대","solar_candidate":"검토필요","candidate_reason":"청사·공공건축물·주차장 현황 추가 확인 필요; 면적 255㎡","priority_score":40,"source":"경기부동산포털 국공유지조회·연속지적도","source_date":"2026-08-11","installed_solar_match":false}},{"type":"Feature","id":"4155033021101240003","geometry":{"type":"Point","coordinates":[127.2598404,36.9412181]},"properties":{"pnu":"4155033021101240003","municipality_code":"41550","municipality":"안성시","district":"안성시","locality":"서운면 인리","address":"안성시 서운면 인리 124-3","owner_type":"국유지","owner_label":"국(경찰청)","manager":"","property_class":"","land_category":"대","area_sqm":253.0,"area_band":"100~500㎡","interest_category":"대","solar_candidate":"검토필요","candidate_reason":"청사·공공건축물·주차장 현황 추가 확인 필요; 면적 253㎡","priority_score":40,"source":"경기부동산포털 국공유지조회·연속지적도","source_date":"2026-08-11","installed_solar_match":false}},{"type":"Feature","id":"4155025030100710006","geometry":{"type":"Point","coordinates":[127.2099916,37.0095565]},"properties":{"pnu":"4155025030100710006","municipality_code":"41550","municipality":"안성시","district":"안성시","locality":"공도읍 마정리","address":"안성시 공도읍 마정리 71-6","owner_type":"국유지","owner_label":"국(국토교통부)","manager":"","property_class":"","land_category":"대","area_sqm":248.0,"area_band":"100~500㎡","interest_category":"대","solar_candidate":"검토필요","candidate_reason":"청사·공공건축물·주차장 현황 추가 확인 필요; 면적 248㎡","priority_score":40,"source":"경기부동산포털 국공유지조회·연속지적도","source_date":"2026-08-11","installed_solar_match":false}},{"type":"Feature","id":"4155025030105030008","geometry":{"type":"Point","coordinates":[127.1935851,37.0079078]},"properties":{"pnu":"4155025030105030008","municipality_code":"41550","municipality":"안성시","district":"안성시","locality":"공도읍 마정리","address":"안성시 공도읍 마정리 503-8","owner_type":"국유지","owner_label":"국(건설부)","manager":"","property_class":"","land_category":"대","area_sqm":248.0,"area_band":"100~500㎡","interest_category":"대","solar_candidate":"검토필요","candidate_reason":"청사·공공건축물·주차장 현황 추가 확인 필요; 면적 248㎡","priority_score":40,"source":"경기부동산포털 국공유지조회·연속지적도","source_date":"2026-08-11","installed_solar_match":false}},{"type":"Feature","id":"4155039029110950015","geometry":{"type":"Point","coordinates":[127.437463,37.1269685]},"properties":{"pnu":"4155039029110950015","municipality_code":"41550","municipality":"안성시","district":"안성시","locality":"일죽면 고은리","address":"안성시 일죽면 고은리 1095-15","owner_type":"국유지","owner_label":"국(기획재정부)","manager":"","property_class":"","land_category":"대","area_sqm":246.0,"area_band":"100~500㎡","interest_category":"대","solar_candidate":"검토필요","candidate_reason":"청사·공공건축물·주차장 현황 추가 확인 필요; 면적 246㎡","priority_score":40,"source":"경기부동산포털 국공유지조회·연속지적도","source_date":"2026-08-11","installed_solar_match":false}},{"type":"Feature","id":"4155031031102270047","geometry":{"type":"Point","coordinates":[127.307909,37.0137679]},"properties":{"pnu":"4155031031102270047","municipality_code":"41550","municipality":"안성시","district":"안성시","locality":"보개면 동신리","address":"안성시 보개면 동신리 227-47","owner_type":"국유지","owner_label":"국(건설교통부)","manager":"","property_class":"","land_category":"대","area_sqm":238.0,"area_band":"100~500㎡","interest_category":"대","solar_candidate":"검토필요","candidate_reason":"청사·공공건축물·주차장 현황 추가 확인 필요; 면적 238㎡","priority_score":40,"source":"경기부동산포털 국공유지조회·연속지적도","source_date":"2026-08-11","installed_solar_match":false}},{"type":"Feature","id":"4155041027104170000","geometry":{"type":"Point","coordinates":[127.3640027,37.0490164]},"properties":{"pnu":"4155041027104170000","municipality_code":"41550","municipality":"안성시","district":"안성시","locality":"삼죽면 진촌리","address":"안성시 삼죽면 진촌리 417","owner_type":"국유지","owner_label":"국(건설부)","manager":"","property_class":"","land_category":"대","area_sqm":238.0,"area_band":"100~500㎡","interest_category":"대","solar_candidate":"검토필요","candidate_reason":"청사·공공건축물·주차장 현황 추가 확인 필요; 면적 238㎡","priority_score":40,"source":"경기부동산포털 국공유지조회·연속지적도","source_date":"2026-08-11","installed_solar_match":false}},{"type":"Feature","id":"4155035023103590032","geometry":{"type":"Point","coordinates":[127.2375565,37.0307524]},"properties":{"pnu":"4155035023103590032","municipality_code":"41550","municipality":"안성시","district":"안성시","locality":"대덕면 모산리","address":"안성시 대덕면 모산리 359-32","owner_type":"국유지","owner_label":"국(농림수산부)","manager":"","property_class":"","land_category":"대","area_sqm":236.0,"area_band":"100~500㎡","interest_category":"대","solar_candidate":"검토필요","candidate_reason":"청사·공공건축물·주차장 현황 추가 확인 필요; 면적 236㎡","priority_score":40,"source":"경기부동산포털 국공유지조회·연속지적도","source_date":"2026-08-11","installed_solar_match":false}},{"type":"Feature","id":"4155031033101790024","geometry":{"type":"Point","coordinates":[127.301864,37.0391262]},"properties":{"pnu":"4155031033101790024","municipality_code":"41550","municipality":"안성시","district":"안성시","locality":"보개면 복평리","address":"안성시 보개면 복평리 179-24","owner_type":"국유지","owner_label":"국(국토교통부)","manager":"","property_class":"","land_category":"대","area_sqm":235.0,"area_band":"100~500㎡","interest_category":"대","solar_candidate":"검토필요","candidate_reason":"청사·공공건축물·주차장 현황 추가 확인 필요; 면적 235㎡","priority_score":40,"source":"경기부동산포털 국공유지조회·연속지적도","source_date":"2026-08-11","installed_solar_match":false}},{"type":"Feature","id":"4155031026109110005","geometry":{"type":"Point","coordinates":[127.3136381,37.0149853]},"properties":{"pnu":"4155031026109110005","municipality_code":"41550","municipality":"안성시","district":"안성시","locality":"보개면 양복리","address":"안성시 보개면 양복리 911-5","owner_type":"국유지","owner_label":"국(건설부)","manager":"","property_class":"","land_category":"대","area_sqm":231.0,"area_band":"100~500㎡","interest_category":"대","solar_candidate":"검토필요","candidate_reason":"청사·공공건축물·주차장 현황 추가 확인 필요; 면적 231㎡","priority_score":40,"source":"경기부동산포털 국공유지조회·연속지적도","source_date":"2026-08-11","installed_solar_match":false}},{"type":"Feature","id":"4155041022102910000","geometry":{"type":"Point","coordinates":[127.3837556,37.0996421]},"properties":{"pnu":"4155041022102910000","municipality_code":"41550","municipality":"안성시","district":"안성시","locality":"삼죽면 율곡리","address":"안성시 삼죽면 율곡리 291","owner_type":"국유지","owner_label":"국(기획재정부)","manager":"","property_class":"","land_category":"대","area_sqm":231.0,"area_band":"100~500㎡","interest_category":"대","solar_candidate":"검토필요","candidate_reason":"청사·공공건축물·주차장 현황 추가 확인 필요; 면적 231㎡","priority_score":40,"source":"경기부동산포털 국공유지조회·연속지적도","source_date":"2026-08-11","installed_solar_match":false}},{"type":"Feature","id":"4155032031104680001","geometry":{"type":"Point","coordinates":[127.3126071,36.97642]},"properties":{"pnu":"4155032031104680001","municipality_code":"41550","municipality":"안성시","district":"안성시","locality":"금광면 오산리","address":"안성시 금광면 오산리 468-1","owner_type":"국유지","owner_label":"국(국토교통부)","manager":"","property_class":"","land_category":"대","area_sqm":230.0,"area_band":"100~500㎡","interest_category":"대","solar_candidate":"검토필요","candidate_reason":"청사·공공건축물·주차장 현황 추가 확인 필요; 면적 230㎡","priority_score":40,"source":"경기부동산포털 국공유지조회·연속지적도","source_date":"2026-08-11","installed_solar_match":false}},{"type":"Feature","id":"4155040024105130003","geometry":{"type":"Point","coordinates":[127.4026177,37.07264]},"properties":{"pnu":"4155040024105130003","municipality_code":"41550","municipality":"안성시","district":"안성시","locality":"죽산면 두현리","address":"안성시 죽산면 두현리 513-3","owner_type":"국유지","owner_label":"국(건설교통부)","manager":"","property_class":"","land_category":"대","area_sqm":228.0,"area_band":"100~500㎡","interest_category":"대","solar_candidate":"검토필요","candidate_reason":"청사·공공건축물·주차장 현황 추가 확인 필요; 면적 228㎡","priority_score":40,"source":"경기부동산포털 국공유지조회·연속지적도","source_date":"2026-08-11","installed_solar_match":false}},{"type":"Feature","id":"4155036021108010001","geometry":{"type":"Point","coordinates":[127.1923088,37.059745]},"properties":{"pnu":"4155036021108010001","municipality_code":"41550","municipality":"안성시","district":"안성시","locality":"양성면 동항리","address":"안성시 양성면 동항리 801-1","owner_type":"국유지","owner_label":"국(기획재정부)","manager":"","property_class":"","land_category":"대","area_sqm":225.0,"area_band":"100~500㎡","interest_category":"대","solar_candidate":"검토필요","candidate_reason":"청사·공공건축물·주차장 현황 추가 확인 필요; 면적 225㎡","priority_score":40,"source":"경기부동산포털 국공유지조회·연속지적도","source_date":"2026-08-11","installed_solar_match":false}},{"type":"Feature","id":"4155041027103680002","geometry":{"type":"Point","coordinates":[127.3668109,37.058203]},"properties":{"pnu":"4155041027103680002","municipality_code":"41550","municipality":"안성시","district":"안성시","locality":"삼죽면 진촌리","address":"안성시 삼죽면 진촌리 368-2","owner_type":"국유지","owner_label":"국(건설부)","manager":"","property_class":"","land_category":"대","area_sqm":225.0,"area_band":"100~500㎡","interest_category":"대","solar_candidate":"검토필요","candidate_reason":"청사·공공건축물·주차장 현황 추가 확인 필요; 면적 225㎡","priority_score":40,"source":"경기부동산포털 국공유지조회·연속지적도","source_date":"2026-08-11","installed_solar_match":false}},{"type":"Feature","id":"4155010500104750014","geometry":{"type":"Point","coordinates":[127.2747376,37.0110185]},"properties":{"pnu":"4155010500104750014","municipality_code":"41550","municipality":"안성시","district":"안성시","locality":"구포동","address":"안성시 구포동 475-14","owner_type":"국유지","owner_label":"국(재정경제부)","manager":"","property_class":"","land_category":"대","area_sqm":224.0,"area_band":"100~500㎡","interest_category":"대","solar_candidate":"검토필요","candidate_reason":"청사·공공건축물·주차장 현황 추가 확인 필요; 면적 224㎡","priority_score":40,"source":"경기부동산포털 국공유지조회·연속지적도","source_date":"2026-08-11","installed_solar_match":false}},{"type":"Feature","id":"4155041027103900001","geometry":{"type":"Point","coordinates":[127.3665291,37.0578783]},"properties":{"pnu":"4155041027103900001","municipality_code":"41550","municipality":"안성시","district":"안성시","locality":"삼죽면 진촌리","address":"안성시 삼죽면 진촌리 390-1","owner_type":"국유지","owner_label":"국(건설교통부)","manager":"","property_class":"","land_category":"대","area_sqm":222.0,"area_band":"100~500㎡","interest_category":"대","solar_candidate":"검토필요","candidate_reason":"청사·공공건축물·주차장 현황 추가 확인 필요; 면적 222㎡","priority_score":40,"source":"경기부동산포털 국공유지조회·연속지적도","source_date":"2026-08-11","installed_solar_match":false}},{"type":"Feature","id":"4155033025101850006","geometry":{"type":"Point","coordinates":[127.2634427,36.9192311]},"properties":{"pnu":"4155033025101850006","municipality_code":"41550","municipality":"안성시","district":"안성시","locality":"서운면 산평리","address":"안성시 서운면 산평리 185-6","owner_type":"국유지","owner_label":"국(국토교통부)","manager":"","property_class":"","land_category":"대","area_sqm":221.0,"area_band":"100~500㎡","interest_category":"대","solar_candidate":"검토필요","candidate_reason":"청사·공공건축물·주차장 현황 추가 확인 필요; 면적 221㎡","priority_score":40,"source":"경기부동산포털 국공유지조회·연속지적도","source_date":"2026-08-11","installed_solar_match":false}},{"type":"Feature","id":"4155039029100530006","geometry":{"type":"Point","coordinates":[127.4452297,37.1365915]},"properties":{"pnu":"4155039029100530006","municipality_code":"41550","municipality":"안성시","district":"안성시","locality":"일죽면 고은리","address":"안성시 일죽면 고은리 53-6","owner_type":"국유지","owner_label":"국(기획재정부)","manager":"","property_class":"","land_category":"대","area_sqm":221.0,"area_band":"100~500㎡","interest_category":"대","solar_candidate":"검토필요","candidate_reason":"청사·공공건축물·주차장 현황 추가 확인 필요; 면적 221㎡","priority_score":40,"source":"경기부동산포털 국공유지조회·연속지적도","source_date":"2026-08-11","installed_solar_match":false}},{"type":"Feature","id":"4155041028101230003","geometry":{"type":"Point","coordinates":[127.3665582,37.0383788]},"properties":{"pnu":"4155041028101230003","municipality_code":"41550","municipality":"안성시","district":"안성시","locality":"삼죽면 미장리","address":"안성시 삼죽면 미장리 123-3","owner_type":"국유지","owner_label":"국(재정경제원)","manager":"","property_class":"","land_category":"대","area_sqm":221.0,"area_band":"100~500㎡","interest_category":"대","solar_candidate":"검토필요","candidate_reason":"청사·공공건축물·주차장 현황 추가 확인 필요; 면적 221㎡","priority_score":40,"source":"경기부동산포털 국공유지조회·연속지적도","source_date":"2026-08-11","installed_solar_match":false}},{"type":"Feature","id":"4155025026107880010","geometry":{"type":"Point","coordinates":[127.151236,36.9976868]},"properties":{"pnu":"4155025026107880010","municipality_code":"41550","municipality":"안성시","district":"안성시","locality":"공도읍 승두리","address":"안성시 공도읍 승두리 788-10","owner_type":"국유지","owner_label":"국(국토해양부)","manager":"","property_class":"","land_category":"대","area_sqm":220.0,"area_band":"100~500㎡","interest_category":"대","solar_candidate":"검토필요","candidate_reason":"청사·공공건축물·주차장 현황 추가 확인 필요; 면적 220㎡","priority_score":40,"source":"경기부동산포털 국공유지조회·연속지적도","source_date":"2026-08-11","installed_solar_match":false}},{"type":"Feature","id":"4155011300104620005","geometry":{"type":"Point","coordinates":[127.2686057,37.0051185]},"properties":{"pnu":"4155011300104620005","municipality_code":"41550","municipality":"안성시","district":"안성시","locality":"인지동","address":"안성시 인지동 462-5","owner_type":"국유지","owner_label":"국(건설부)","manager":"","property_class":"","land_category":"대","area_sqm":218.0,"area_band":"100~500㎡","interest_category":"대","solar_candidate":"검토필요","candidate_reason":"청사·공공건축물·주차장 현황 추가 확인 필요; 면적 218㎡","priority_score":40,"source":"경기부동산포털 국공유지조회·연속지적도","source_date":"2026-08-11","installed_solar_match":false}},{"type":"Feature","id":"4155032033102910000","geometry":{"type":"Point","coordinates":[127.3116638,36.9631612]},"properties":{"pnu":"4155032033102910000","municipality_code":"41550","municipality":"안성시","district":"안성시","locality":"금광면 석하리","address":"안성시 금광면 석하리 291","owner_type":"국유지","owner_label":"국(국토교통부)","manager":"","property_class":"","land_category":"대","area_sqm":217.0,"area_band":"100~500㎡","interest_category":"대","solar_candidate":"검토필요","candidate_reason":"청사·공공건축물·주차장 현황 추가 확인 필요; 면적 217㎡","priority_score":40,"source":"경기부동산포털 국공유지조회·연속지적도","source_date":"2026-08-11","installed_solar_match":false}},{"type":"Feature","id":"4155032025105360010","geometry":{"type":"Point","coordinates":[127.3209692,36.998237]},"properties":{"pnu":"4155032025105360010","municipality_code":"41550","municipality":"안성시","district":"안성시","locality":"금광면 금광리","address":"안성시 금광면 금광리 536-10","owner_type":"국유지","owner_label":"국(국토교통부)","manager":"","property_class":"","land_category":"대","area_sqm":215.0,"area_band":"100~500㎡","interest_category":"대","solar_candidate":"검토필요","candidate_reason":"청사·공공건축물·주차장 현황 추가 확인 필요; 면적 215㎡","priority_score":40,"source":"경기부동산포털 국공유지조회·연속지적도","source_date":"2026-08-11","installed_solar_match":false}},{"type":"Feature","id":"4155031034100570007","geometry":{"type":"Point","coordinates":[127.3040733,37.0132068]},"properties":{"pnu":"4155031034100570007","municipality_code":"41550","municipality":"안성시","district":"안성시","locality":"보개면 구사리","address":"안성시 보개면 구사리 57-7","owner_type":"국유지","owner_label":"국(건설부)","manager":"","property_class":"","land_category":"대","area_sqm":213.0,"area_band":"100~500㎡","interest_category":"대","solar_candidate":"검토필요","candidate_reason":"청사·공공건축물·주차장 현황 추가 확인 필요; 면적 213㎡","priority_score":40,"source":"경기부동산포털 국공유지조회·연속지적도","source_date":"2026-08-11","installed_solar_match":false}},{"type":"Feature","id":"4155041027103890000","geometry":{"type":"Point","coordinates":[127.3666481,37.0579888]},"properties":{"pnu":"4155041027103890000","municipality_code":"41550","municipality":"안성시","district":"안성시","locality":"삼죽면 진촌리","address":"안성시 삼죽면 진촌리 389","owner_type":"국유지","owner_label":"국(건설부)","manager":"","property_class":"","land_category":"대","area_sqm":213.0,"area_band":"100~500㎡","interest_category":"대","solar_candidate":"검토필요","candidate_reason":"청사·공공건축물·주차장 현황 추가 확인 필요; 면적 213㎡","priority_score":40,"source":"경기부동산포털 국공유지조회·연속지적도","source_date":"2026-08-11","installed_solar_match":false}},{"type":"Feature","id":"4155011300104430001","geometry":{"type":"Point","coordinates":[127.269062,37.0040704]},"properties":{"pnu":"4155011300104430001","municipality_code":"41550","municipality":"안성시","district":"안성시","locality":"인지동","address":"안성시 인지동 443-1","owner_type":"국유지","owner_label":"국(기획재정부)","manager":"","property_class":"","land_category":"대","area_sqm":212.0,"area_band":"100~500㎡","interest_category":"대","solar_candidate":"검토필요","candidate_reason":"청사·공공건축물·주차장 현황 추가 확인 필요; 면적 212㎡","priority_score":40,"source":"경기부동산포털 국공유지조회·연속지적도","source_date":"2026-08-11","installed_solar_match":false}},{"type":"Feature","id":"4155013100100320000","geometry":{"type":"Point","coordinates":[127.2859586,36.9976769]},"properties":{"pnu":"4155013100100320000","municipality_code":"41550","municipality":"안성시","district":"안성시","locality":"현수동","address":"안성시 현수동 32","owner_type":"국유지","owner_label":"국(기획재정부)","manager":"","property_class":"","land_category":"대","area_sqm":212.0,"area_band":"100~500㎡","interest_category":"대","solar_candidate":"검토필요","candidate_reason":"청사·공공건축물·주차장 현황 추가 확인 필요; 면적 212㎡","priority_score":40,"source":"경기부동산포털 국공유지조회·연속지적도","source_date":"2026-08-11","installed_solar_match":false}},{"type":"Feature","id":"4155025029103110047","geometry":{"type":"Point","coordinates":[127.1826168,37.0053587]},"properties":{"pnu":"4155025029103110047","municipality_code":"41550","municipality":"안성시","district":"안성시","locality":"공도읍 만정리","address":"안성시 공도읍 만정리 311-47","owner_type":"국유지","owner_label":"국(건설교통부)","manager":"","property_class":"","land_category":"대","area_sqm":211.3,"area_band":"100~500㎡","interest_category":"대","solar_candidate":"검토필요","candidate_reason":"청사·공공건축물·주차장 현황 추가 확인 필요; 면적 211㎡","priority_score":40,"source":"경기부동산포털 국공유지조회·연속지적도","source_date":"2026-08-11","installed_solar_match":false}},{"type":"Feature","id":"4155025030101490012","geometry":{"type":"Point","coordinates":[127.1998584,37.0090667]},"properties":{"pnu":"4155025030101490012","municipality_code":"41550","municipality":"안성시","district":"안성시","locality":"공도읍 마정리","address":"안성시 공도읍 마정리 149-12","owner_type":"국유지","owner_label":"국(국토교통부)","manager":"","property_class":"","land_category":"대","area_sqm":211.0,"area_band":"100~500㎡","interest_category":"대","solar_candidate":"검토필요","candidate_reason":"청사·공공건축물·주차장 현황 추가 확인 필요; 면적 211㎡","priority_score":40,"source":"경기부동산포털 국공유지조회·연속지적도","source_date":"2026-08-11","installed_solar_match":false}},{"type":"Feature","id":"4155032023102200001","geometry":{"type":"Point","coordinates":[127.3179317,36.9729449]},"properties":{"pnu":"4155032023102200001","municipality_code":"41550","municipality":"안성시","district":"안성시","locality":"금광면 장죽리","address":"안성시 금광면 장죽리 220-1","owner_type":"국유지","owner_label":"국(국토교통부)","manager":"","property_class":"","land_category":"대","area_sqm":210.0,"area_band":"100~500㎡","interest_category":"대","solar_candidate":"검토필요","candidate_reason":"청사·공공건축물·주차장 현황 추가 확인 필요; 면적 210㎡","priority_score":40,"source":"경기부동산포털 국공유지조회·연속지적도","source_date":"2026-08-11","installed_solar_match":false}},{"type":"Feature","id":"4155025030100710005","geometry":{"type":"Point","coordinates":[127.2097561,37.0096283]},"properties":{"pnu":"4155025030100710005","municipality_code":"41550","municipality":"안성시","district":"안성시","locality":"공도읍 마정리","address":"안성시 공도읍 마정리 71-5","owner_type":"국유지","owner_label":"국(기획재정부)","manager":"","property_class":"","land_category":"대","area_sqm":208.0,"area_band":"100~500㎡","interest_category":"대","solar_candidate":"검토필요","candidate_reason":"청사·공공건축물·주차장 현황 추가 확인 필요; 면적 208㎡","priority_score":40,"source":"경기부동산포털 국공유지조회·연속지적도","source_date":"2026-08-11","installed_solar_match":false}},{"type":"Feature","id":"4155031021103460008","geometry":{"type":"Point","coordinates":[127.3019897,37.0517882]},"properties":{"pnu":"4155031021103460008","municipality_code":"41550","municipality":"안성시","district":"안성시","locality":"보개면 적가리","address":"안성시 보개면 적가리 346-8","owner_type":"국유지","owner_label":"국(국토교통부)","manager":"","property_class":"","land_category":"대","area_sqm":208.0,"area_band":"100~500㎡","interest_category":"대","solar_candidate":"검토필요","candidate_reason":"청사·공공건축물·주차장 현황 추가 확인 필요; 면적 208㎡","priority_score":40,"source":"경기부동산포털 국공유지조회·연속지적도","source_date":"2026-08-11","installed_solar_match":false}},{"type":"Feature","id":"4155032028113570012","geometry":{"type":"Point","coordinates":[127.3528396,37.0020615]},"properties":{"pnu":"4155032028113570012","municipality_code":"41550","municipality":"안성시","district":"안성시","locality":"금광면 사흥리","address":"안성시 금광면 사흥리 1357-12","owner_type":"국유지","owner_label":"국(기획재정부)","manager":"","property_class":"","land_category":"대","area_sqm":208.0,"area_band":"100~500㎡","interest_category":"대","solar_candidate":"검토필요","candidate_reason":"청사·공공건축물·주차장 현황 추가 확인 필요; 면적 208㎡","priority_score":40,"source":"경기부동산포털 국공유지조회·연속지적도","source_date":"2026-08-11","installed_solar_match":false}},{"type":"Feature","id":"4155010100100110013","geometry":{"type":"Point","coordinates":[127.2796949,37.0047488]},"properties":{"pnu":"4155010100100110013","municipality_code":"41550","municipality":"안성시","district":"안성시","locality":"봉산동","address":"안성시 봉산동 11-13","owner_type":"국유지","owner_label":"국(국토교통부)","manager":"","property_class":"","land_category":"대","area_sqm":207.0,"area_band":"100~500㎡","interest_category":"대","solar_candidate":"검토필요","candidate_reason":"청사·공공건축물·주차장 현황 추가 확인 필요; 면적 207㎡","priority_score":40,"source":"경기부동산포털 국공유지조회·연속지적도","source_date":"2026-08-11","installed_solar_match":false}},{"type":"Feature","id":"4155032031104830008","geometry":{"type":"Point","coordinates":[127.3118004,36.9775426]},"properties":{"pnu":"4155032031104830008","municipality_code":"41550","municipality":"안성시","district":"안성시","locality":"금광면 오산리","address":"안성시 금광면 오산리 483-8","owner_type":"국유지","owner_label":"국(국토교통부)","manager":"","property_class":"","land_category":"대","area_sqm":206.0,"area_band":"100~500㎡","interest_category":"대","solar_candidate":"검토필요","candidate_reason":"청사·공공건축물·주차장 현황 추가 확인 필요; 면적 206㎡","priority_score":40,"source":"경기부동산포털 국공유지조회·연속지적도","source_date":"2026-08-11","installed_solar_match":false}},{"type":"Feature","id":"4155040028105000000","geometry":{"type":"Point","coordinates":[127.4129339,37.019692]},"properties":{"pnu":"4155040028105000000","municipality_code":"41550","municipality":"안성시","district":"안성시","locality":"죽산면 칠장리","address":"안성시 죽산면 칠장리 500","owner_type":"국유지","owner_label":"국(기획재정부)","manager":"","property_class":"","land_category":"대","area_sqm":205.0,"area_band":"100~500㎡","interest_category":"대","solar_candidate":"검토필요","candidate_reason":"청사·공공건축물·주차장 현황 추가 확인 필요; 면적 205㎡","priority_score":40,"source":"경기부동산포털 국공유지조회·연속지적도","source_date":"2026-08-11","installed_solar_match":false}},{"type":"Feature","id":"4155038023104530002","geometry":{"type":"Point","coordinates":[127.1365989,37.0540123]},"properties":{"pnu":"4155038023104530002","municipality_code":"41550","municipality":"안성시","district":"안성시","locality":"원곡면 지문리","address":"안성시 원곡면 지문리 453-2","owner_type":"국유지","owner_label":"국(건설부)","manager":"","property_class":"","land_category":"대","area_sqm":204.0,"area_band":"100~500㎡","interest_category":"대","solar_candidate":"검토필요","candidate_reason":"청사·공공건축물·주차장 현황 추가 확인 필요; 면적 204㎡","priority_score":40,"source":"경기부동산포털 국공유지조회·연속지적도","source_date":"2026-08-11","installed_solar_match":false}},{"type":"Feature","id":"4155039031104030003","geometry":{"type":"Point","coordinates":[127.4896034,37.1052655]},"properties":{"pnu":"4155039031104030003","municipality_code":"41550","municipality":"안성시","district":"안성시","locality":"일죽면 능국리","address":"안성시 일죽면 능국리 403-3","owner_type":"국유지","owner_label":"국(기획재정부)","manager":"","property_class":"","land_category":"대","area_sqm":202.0,"area_band":"100~500㎡","interest_category":"대","solar_candidate":"검토필요","candidate_reason":"청사·공공건축물·주차장 현황 추가 확인 필요; 면적 202㎡","priority_score":40,"source":"경기부동산포털 국공유지조회·연속지적도","source_date":"2026-08-11","installed_solar_match":false}},{"type":"Feature","id":"4155032027108580004","geometry":{"type":"Point","coordinates":[127.3745486,37.0187889]},"properties":{"pnu":"4155032027108580004","municipality_code":"41550","municipality":"안성시","district":"안성시","locality":"금광면 삼흥리","address":"안성시 금광면 삼흥리 858-4","owner_type":"국유지","owner_label":"국(기획재정부)","manager":"","property_class":"","land_category":"대","area_sqm":200.0,"area_band":"100~500㎡","interest_category":"대","solar_candidate":"검토필요","candidate_reason":"청사·공공건축물·주차장 현황 추가 확인 필요; 면적 200㎡","priority_score":40,"source":"경기부동산포털 국공유지조회·연속지적도","source_date":"2026-08-11","installed_solar_match":false}},{"type":"Feature","id":"4155010700200020000","geometry":{"type":"Point","coordinates":[127.2740157,37.0152779]},"properties":{"pnu":"4155010700200020000","municipality_code":"41550","municipality":"안성시","district":"안성시","locality":"명륜동","address":"안성시 명륜동 산2","owner_type":"국유지","owner_label":"국(기획재정부)","manager":"","property_class":"","land_category":"대","area_sqm":198.0,"area_band":"100~500㎡","interest_category":"대","solar_candidate":"검토필요","candidate_reason":"청사·공공건축물·주차장 현황 추가 확인 필요; 면적 198㎡","priority_score":40,"source":"경기부동산포털 국공유지조회·연속지적도","source_date":"2026-08-11","installed_solar_match":false}},{"type":"Feature","id":"4155013200101340003","geometry":{"type":"Point","coordinates":[127.280882,36.9848867]},"properties":{"pnu":"4155013200101340003","municipality_code":"41550","municipality":"안성시","district":"안성시","locality":"발화동","address":"안성시 발화동 134-3","owner_type":"국유지","owner_label":"국(기획재정부)","manager":"","property_class":"","land_category":"대","area_sqm":198.0,"area_band":"100~500㎡","interest_category":"대","solar_candidate":"검토필요","candidate_reason":"청사·공공건축물·주차장 현황 추가 확인 필요; 면적 198㎡","priority_score":40,"source":"경기부동산포털 국공유지조회·연속지적도","source_date":"2026-08-11","installed_solar_match":false}},{"type":"Feature","id":"4155038022106180002","geometry":{"type":"Point","coordinates":[127.1567286,37.0438448]},"properties":{"pnu":"4155038022106180002","municipality_code":"41550","municipality":"안성시","district":"안성시","locality":"원곡면 칠곡리","address":"안성시 원곡면 칠곡리 618-2","owner_type":"국유지","owner_label":"국(건설교통부)","manager":"","property_class":"","land_category":"대","area_sqm":197.0,"area_band":"100~500㎡","interest_category":"대","solar_candidate":"검토필요","candidate_reason":"청사·공공건축물·주차장 현황 추가 확인 필요; 면적 197㎡","priority_score":40,"source":"경기부동산포털 국공유지조회·연속지적도","source_date":"2026-08-11","installed_solar_match":false}},{"type":"Feature","id":"4155040030101520000","geometry":{"type":"Point","coordinates":[127.4374135,37.0151959]},"properties":{"pnu":"4155040030101520000","municipality_code":"41550","municipality":"안성시","district":"안성시","locality":"죽산면 두교리","address":"안성시 죽산면 두교리 152","owner_type":"국유지","owner_label":"국(건설교통부)","manager":"","property_class":"","land_category":"대","area_sqm":196.0,"area_band":"100~500㎡","interest_category":"대","solar_candidate":"검토필요","candidate_reason":"청사·공공건축물·주차장 현황 추가 확인 필요; 면적 196㎡","priority_score":40,"source":"경기부동산포털 국공유지조회·연속지적도","source_date":"2026-08-11","installed_solar_match":false}},{"type":"Feature","id":"4155025028103340003","geometry":{"type":"Point","coordinates":[127.1697407,36.9806023]},"properties":{"pnu":"4155025028103340003","municipality_code":"41550","municipality":"안성시","district":"안성시","locality":"공도읍 불당리","address":"안성시 공도읍 불당리 334-3","owner_type":"국유지","owner_label":"국(기획재정부)","manager":"","property_class":"","land_category":"대","area_sqm":195.0,"area_band":"100~500㎡","interest_category":"대","solar_candidate":"검토필요","candidate_reason":"청사·공공건축물·주차장 현황 추가 확인 필요; 면적 195㎡","priority_score":40,"source":"경기부동산포털 국공유지조회·연속지적도","source_date":"2026-08-11","installed_solar_match":false}},{"type":"Feature","id":"4155039031104000002","geometry":{"type":"Point","coordinates":[127.4894593,37.1051486]},"properties":{"pnu":"4155039031104000002","municipality_code":"41550","municipality":"안성시","district":"안성시","locality":"일죽면 능국리","address":"안성시 일죽면 능국리 400-2","owner_type":"국유지","owner_label":"국(기획재정부)","manager":"","property_class":"","land_category":"대","area_sqm":195.0,"area_band":"100~500㎡","interest_category":"대","solar_candidate":"검토필요","candidate_reason":"청사·공공건축물·주차장 현황 추가 확인 필요; 면적 195㎡","priority_score":40,"source":"경기부동산포털 국공유지조회·연속지적도","source_date":"2026-08-11","installed_solar_match":false}},{"type":"Feature","id":"4155010300105280001","geometry":{"type":"Point","coordinates":[127.2732061,37.0067711]},"properties":{"pnu":"4155010300105280001","municipality_code":"41550","municipality":"안성시","district":"안성시","locality":"영동","address":"안성시 영동 528-1","owner_type":"국유지","owner_label":"국(건설부)","manager":"","property_class":"","land_category":"대","area_sqm":192.0,"area_band":"100~500㎡","interest_category":"대","solar_candidate":"검토필요","candidate_reason":"청사·공공건축물·주차장 현황 추가 확인 필요; 면적 192㎡","priority_score":40,"source":"경기부동산포털 국공유지조회·연속지적도","source_date":"2026-08-11","installed_solar_match":false}},{"type":"Feature","id":"4155010300104260001","geometry":{"type":"Point","coordinates":[127.273842,37.0067351]},"properties":{"pnu":"4155010300104260001","municipality_code":"41550","municipality":"안성시","district":"안성시","locality":"영동","address":"안성시 영동 426-1","owner_type":"국유지","owner_label":"국(건설부)","manager":"","property_class":"","land_category":"대","area_sqm":191.0,"area_band":"100~500㎡","interest_category":"대","solar_candidate":"검토필요","candidate_reason":"청사·공공건축물·주차장 현황 추가 확인 필요; 면적 191㎡","priority_score":40,"source":"경기부동산포털 국공유지조회·연속지적도","source_date":"2026-08-11","installed_solar_match":false}},{"type":"Feature","id":"4155025026107870007","geometry":{"type":"Point","coordinates":[127.150935,36.9977023]},"properties":{"pnu":"4155025026107870007","municipality_code":"41550","municipality":"안성시","district":"안성시","locality":"공도읍 승두리","address":"안성시 공도읍 승두리 787-7","owner_type":"국유지","owner_label":"국(국토해양부)","manager":"","property_class":"","land_category":"대","area_sqm":191.0,"area_band":"100~500㎡","interest_category":"대","solar_candidate":"검토필요","candidate_reason":"청사·공공건축물·주차장 현황 추가 확인 필요; 면적 191㎡","priority_score":40,"source":"경기부동산포털 국공유지조회·연속지적도","source_date":"2026-08-11","installed_solar_match":false}},{"type":"Feature","id":"4155041027103940001","geometry":{"type":"Point","coordinates":[127.3660437,37.0573796]},"properties":{"pnu":"4155041027103940001","municipality_code":"41550","municipality":"안성시","district":"안성시","locality":"삼죽면 진촌리","address":"안성시 삼죽면 진촌리 394-1","owner_type":"국유지","owner_label":"국(건설부)","manager":"","property_class":"","land_category":"대","area_sqm":189.0,"area_band":"100~500㎡","interest_category":"대","solar_candidate":"검토필요","candidate_reason":"청사·공공건축물·주차장 현황 추가 확인 필요; 면적 189㎡","priority_score":40,"source":"경기부동산포털 국공유지조회·연속지적도","source_date":"2026-08-11","installed_solar_match":false}},{"type":"Feature","id":"4155010300104190002","geometry":{"type":"Point","coordinates":[127.2740993,37.0066636]},"properties":{"pnu":"4155010300104190002","municipality_code":"41550","municipality":"안성시","district":"안성시","locality":"영동","address":"안성시 영동 419-2","owner_type":"국유지","owner_label":"국(건설부)","manager":"","property_class":"","land_category":"대","area_sqm":185.0,"area_band":"100~500㎡","interest_category":"대","solar_candidate":"검토필요","candidate_reason":"청사·공공건축물·주차장 현황 추가 확인 필요; 면적 185㎡","priority_score":40,"source":"경기부동산포털 국공유지조회·연속지적도","source_date":"2026-08-11","installed_solar_match":false}},{"type":"Feature","id":"4155040021104800015","geometry":{"type":"Point","coordinates":[127.4253697,37.07655]},"properties":{"pnu":"4155040021104800015","municipality_code":"41550","municipality":"안성시","district":"안성시","locality":"죽산면 죽산리","address":"안성시 죽산면 죽산리 480-15","owner_type":"국유지","owner_label":"국(재무부)","manager":"","property_class":"","land_category":"대","area_sqm":185.0,"area_band":"100~500㎡","interest_category":"대","solar_candidate":"검토필요","candidate_reason":"청사·공공건축물·주차장 현황 추가 확인 필요; 면적 185㎡","priority_score":40,"source":"경기부동산포털 국공유지조회·연속지적도","source_date":"2026-08-11","installed_solar_match":false}},{"type":"Feature","id":"4155032033102910002","geometry":{"type":"Point","coordinates":[127.3116812,36.9632533]},"properties":{"pnu":"4155032033102910002","municipality_code":"41550","municipality":"안성시","district":"안성시","locality":"금광면 석하리","address":"안성시 금광면 석하리 291-2","owner_type":"국유지","owner_label":"국(국토교통부)","manager":"","property_class":"","land_category":"대","area_sqm":184.0,"area_band":"100~500㎡","interest_category":"대","solar_candidate":"검토필요","candidate_reason":"청사·공공건축물·주차장 현황 추가 확인 필요; 면적 184㎡","priority_score":40,"source":"경기부동산포털 국공유지조회·연속지적도","source_date":"2026-08-11","installed_solar_match":false}},{"type":"Feature","id":"4155038024101650007","geometry":{"type":"Point","coordinates":[127.1278088,37.081801]},"properties":{"pnu":"4155038024101650007","municipality_code":"41550","municipality":"안성시","district":"안성시","locality":"원곡면 산하리","address":"안성시 원곡면 산하리 165-7","owner_type":"국유지","owner_label":"국(건설부)","manager":"","property_class":"","land_category":"대","area_sqm":184.0,"area_band":"100~500㎡","interest_category":"대","solar_candidate":"검토필요","candidate_reason":"청사·공공건축물·주차장 현황 추가 확인 필요; 면적 184㎡","priority_score":40,"source":"경기부동산포털 국공유지조회·연속지적도","source_date":"2026-08-11","installed_solar_match":false}},{"type":"Feature","id":"4155010300104170001","geometry":{"type":"Point","coordinates":[127.2744033,37.006553]},"properties":{"pnu":"4155010300104170001","municipality_code":"41550","municipality":"안성시","district":"안성시","locality":"영동","address":"안성시 영동 417-1","owner_type":"국유지","owner_label":"국(건설부)","manager":"","property_class":"","land_category":"대","area_sqm":180.0,"area_band":"100~500㎡","interest_category":"대","solar_candidate":"검토필요","candidate_reason":"청사·공공건축물·주차장 현황 추가 확인 필요; 면적 180㎡","priority_score":40,"source":"경기부동산포털 국공유지조회·연속지적도","source_date":"2026-08-11","installed_solar_match":false}},{"type":"Feature","id":"4155025030105420013","geometry":{"type":"Point","coordinates":[127.1899869,37.007878]},"properties":{"pnu":"4155025030105420013","municipality_code":"41550","municipality":"안성시","district":"안성시","locality":"공도읍 마정리","address":"안성시 공도읍 마정리 542-13","owner_type":"국유지","owner_label":"국(재정경제원)","manager":"","property_class":"","land_category":"대","area_sqm":179.0,"area_band":"100~500㎡","interest_category":"대","solar_candidate":"검토필요","candidate_reason":"청사·공공건축물·주차장 현황 추가 확인 필요; 면적 179㎡","priority_score":40,"source":"경기부동산포털 국공유지조회·연속지적도","source_date":"2026-08-11","installed_solar_match":false}},{"type":"Feature","id":"4155031034100580006","geometry":{"type":"Point","coordinates":[127.3038321,37.0131543]},"properties":{"pnu":"4155031034100580006","municipality_code":"41550","municipality":"안성시","district":"안성시","locality":"보개면 구사리","address":"안성시 보개면 구사리 58-6","owner_type":"국유지","owner_label":"국(건설부)","manager":"","property_class":"","land_category":"대","area_sqm":179.0,"area_band":"100~500㎡","interest_category":"대","solar_candidate":"검토필요","candidate_reason":"청사·공공건축물·주차장 현황 추가 확인 필요; 면적 179㎡","priority_score":40,"source":"경기부동산포털 국공유지조회·연속지적도","source_date":"2026-08-11","installed_solar_match":false}},{"type":"Feature","id":"4155038026103430007","geometry":{"type":"Point","coordinates":[127.1287152,37.0383162]},"properties":{"pnu":"4155038026103430007","municipality_code":"41550","municipality":"안성시","district":"안성시","locality":"원곡면 외가천리","address":"안성시 원곡면 외가천리 343-7","owner_type":"국유지","owner_label":"국(건설부)","manager":"","property_class":"","land_category":"대","area_sqm":176.0,"area_band":"100~500㎡","interest_category":"대","solar_candidate":"검토필요","candidate_reason":"청사·공공건축물·주차장 현황 추가 확인 필요; 면적 176㎡","priority_score":40,"source":"경기부동산포털 국공유지조회·연속지적도","source_date":"2026-08-11","installed_solar_match":false}},{"type":"Feature","id":"4155040021104800017","geometry":{"type":"Point","coordinates":[127.4251744,37.076684]},"properties":{"pnu":"4155040021104800017","municipality_code":"41550","municipality":"안성시","district":"안성시","locality":"죽산면 죽산리","address":"안성시 죽산면 죽산리 480-17","owner_type":"국유지","owner_label":"국(재정경제원)","manager":"","property_class":"","land_category":"대","area_sqm":176.0,"area_band":"100~500㎡","interest_category":"대","solar_candidate":"검토필요","candidate_reason":"청사·공공건축물·주차장 현황 추가 확인 필요; 면적 176㎡","priority_score":40,"source":"경기부동산포털 국공유지조회·연속지적도","source_date":"2026-08-11","installed_solar_match":false}},{"type":"Feature","id":"4155034031103650002","geometry":{"type":"Point","coordinates":[127.2373368,36.9847058]},"properties":{"pnu":"4155034031103650002","municipality_code":"41550","municipality":"안성시","district":"안성시","locality":"미양면 갈전리","address":"안성시 미양면 갈전리 365-2","owner_type":"국유지","owner_label":"국(기획재정부)","manager":"","property_class":"","land_category":"대","area_sqm":175.0,"area_band":"100~500㎡","interest_category":"대","solar_candidate":"검토필요","candidate_reason":"청사·공공건축물·주차장 현황 추가 확인 필요; 면적 175㎡","priority_score":40,"source":"경기부동산포털 국공유지조회·연속지적도","source_date":"2026-08-11","installed_solar_match":false}},{"type":"Feature","id":"4155035026103020000","geometry":{"type":"Point","coordinates":[127.2643254,37.049717]},"properties":{"pnu":"4155035026103020000","municipality_code":"41550","municipality":"안성시","district":"안성시","locality":"대덕면 진현리","address":"안성시 대덕면 진현리 302","owner_type":"국유지","owner_label":"국(재정경제원)","manager":"","property_class":"","land_category":"대","area_sqm":175.0,"area_band":"100~500㎡","interest_category":"대","solar_candidate":"검토필요","candidate_reason":"청사·공공건축물·주차장 현황 추가 확인 필요; 면적 175㎡","priority_score":40,"source":"경기부동산포털 국공유지조회·연속지적도","source_date":"2026-08-11","installed_solar_match":true,"installed_solar_count":1,"installed_solar_area_sqm":83.7,"installed_solar_analysis_years":["2024"],"installed_solar_types":["개인주택"],"installed_solar_permit_status_counts":{"N":1}}},{"type":"Feature","id":"4155040024100900005","geometry":{"type":"Point","coordinates":[127.4133332,37.0706015]},"properties":{"pnu":"4155040024100900005","municipality_code":"41550","municipality":"안성시","district":"안성시","locality":"죽산면 두현리","address":"안성시 죽산면 두현리 90-5","owner_type":"국유지","owner_label":"국(건설교통부)","manager":"","property_class":"","land_category":"대","area_sqm":169.0,"area_band":"100~500㎡","interest_category":"대","solar_candidate":"검토필요","candidate_reason":"청사·공공건축물·주차장 현황 추가 확인 필요; 면적 169㎡","priority_score":40,"source":"경기부동산포털 국공유지조회·연속지적도","source_date":"2026-08-11","installed_solar_match":false}},{"type":"Feature","id":"4155040030101590003","geometry":{"type":"Point","coordinates":[127.4373529,37.0149418]},"properties":{"pnu":"4155040030101590003","municipality_code":"41550","municipality":"안성시","district":"안성시","locality":"죽산면 두교리","address":"안성시 죽산면 두교리 159-3","owner_type":"국유지","owner_label":"국(건설교통부)","manager":"","property_class":"","land_category":"대","area_sqm":169.0,"area_band":"100~500㎡","interest_category":"대","solar_candidate":"검토필요","candidate_reason":"청사·공공건축물·주차장 현황 추가 확인 필요; 면적 169㎡","priority_score":40,"source":"경기부동산포털 국공유지조회·연속지적도","source_date":"2026-08-11","installed_solar_match":false}},{"type":"Feature","id":"4155033034102210000","geometry":{"type":"Point","coordinates":[127.2658943,36.9250129]},"properties":{"pnu":"4155033034102210000","municipality_code":"41550","municipality":"안성시","district":"안성시","locality":"서운면 북산리","address":"안성시 서운면 북산리 221","owner_type":"국유지","owner_label":"국(국토교통부)","manager":"","property_class":"","land_category":"대","area_sqm":168.0,"area_band":"100~500㎡","interest_category":"대","solar_candidate":"검토필요","candidate_reason":"청사·공공건축물·주차장 현황 추가 확인 필요; 면적 168㎡","priority_score":40,"source":"경기부동산포털 국공유지조회·연속지적도","source_date":"2026-08-11","installed_solar_match":false}},{"type":"Feature","id":"4155036022102120000","geometry":{"type":"Point","coordinates":[127.2010944,37.0551601]},"properties":{"pnu":"4155036022102120000","municipality_code":"41550","municipality":"안성시","district":"안성시","locality":"양성면 구장리","address":"안성시 양성면 구장리 212","owner_type":"국유지","owner_label":"국(기획재정부)","manager":"","property_class":"","land_category":"대","area_sqm":168.0,"area_band":"100~500㎡","interest_category":"대","solar_candidate":"검토필요","candidate_reason":"청사·공공건축물·주차장 현황 추가 확인 필요; 면적 168㎡","priority_score":40,"source":"경기부동산포털 국공유지조회·연속지적도","source_date":"2026-08-11","installed_solar_match":false}},{"type":"Feature","id":"4155036033104690000","geometry":{"type":"Point","coordinates":[127.2356397,37.0673148]},"properties":{"pnu":"4155036033104690000","municipality_code":"41550","municipality":"안성시","district":"안성시","locality":"양성면 방축리","address":"안성시 양성면 방축리 469","owner_type":"국유지","owner_label":"국(기획재정부)","manager":"","property_class":"","land_category":"대","area_sqm":168.0,"area_band":"100~500㎡","interest_category":"대","solar_candidate":"검토필요","candidate_reason":"청사·공공건축물·주차장 현황 추가 확인 필요; 면적 168㎡","priority_score":40,"source":"경기부동산포털 국공유지조회·연속지적도","source_date":"2026-08-11","installed_solar_match":false}},{"type":"Feature","id":"4155039028105670012","geometry":{"type":"Point","coordinates":[127.4780899,37.0940331]},"properties":{"pnu":"4155039028105670012","municipality_code":"41550","municipality":"안성시","district":"안성시","locality":"일죽면 송천리","address":"안성시 일죽면 송천리 567-12","owner_type":"국유지","owner_label":"국(기획재정부)","manager":"","property_class":"","land_category":"대","area_sqm":168.0,"area_band":"100~500㎡","interest_category":"대","solar_candidate":"검토필요","candidate_reason":"청사·공공건축물·주차장 현황 추가 확인 필요; 면적 168㎡","priority_score":40,"source":"경기부동산포털 국공유지조회·연속지적도","source_date":"2026-08-11","installed_solar_match":false}},{"type":"Feature","id":"4155040024105680011","geometry":{"type":"Point","coordinates":[127.411947,37.0735775]},"properties":{"pnu":"4155040024105680011","municipality_code":"41550","municipality":"안성시","district":"안성시","locality":"죽산면 두현리","address":"안성시 죽산면 두현리 568-11","owner_type":"국유지","owner_label":"국(기획재정부)","manager":"","property_class":"","land_category":"대","area_sqm":167.0,"area_band":"100~500㎡","interest_category":"대","solar_candidate":"검토필요","candidate_reason":"청사·공공건축물·주차장 현황 추가 확인 필요; 면적 167㎡","priority_score":40,"source":"경기부동산포털 국공유지조회·연속지적도","source_date":"2026-08-11","installed_solar_match":false}},{"type":"Feature","id":"4155025026105980065","geometry":{"type":"Point","coordinates":[127.15247,36.9976883]},"properties":{"pnu":"4155025026105980065","municipality_code":"41550","municipality":"안성시","district":"안성시","locality":"공도읍 승두리","address":"안성시 공도읍 승두리 598-65","owner_type":"국유지","owner_label":"국(국토교통부)","manager":"","property_class":"","land_category":"대","area_sqm":166.0,"area_band":"100~500㎡","interest_category":"대","solar_candidate":"검토필요","candidate_reason":"청사·공공건축물·주차장 현황 추가 확인 필요; 면적 166㎡","priority_score":40,"source":"경기부동산포털 국공유지조회·연속지적도","source_date":"2026-08-11","installed_solar_match":false}},{"type":"Feature","id":"4155040023109730012","geometry":{"type":"Point","coordinates":[127.4122336,37.0635523]},"properties":{"pnu":"4155040023109730012","municipality_code":"41550","municipality":"안성시","district":"안성시","locality":"죽산면 장원리","address":"안성시 죽산면 장원리 973-12","owner_type":"국유지","owner_label":"국(건설교통부)","manager":"","property_class":"","land_category":"대","area_sqm":166.0,"area_band":"100~500㎡","interest_category":"대","solar_candidate":"검토필요","candidate_reason":"청사·공공건축물·주차장 현황 추가 확인 필요; 면적 166㎡","priority_score":40,"source":"경기부동산포털 국공유지조회·연속지적도","source_date":"2026-08-11","installed_solar_match":false}},{"type":"Feature","id":"4155032034102140002","geometry":{"type":"Point","coordinates":[127.3211378,37.0075106]},"properties":{"pnu":"4155032034102140002","municipality_code":"41550","municipality":"안성시","district":"안성시","locality":"금광면 신양복리","address":"안성시 금광면 신양복리 214-2","owner_type":"국유지","owner_label":"국(기획재정부)","manager":"","property_class":"","land_category":"대","area_sqm":165.0,"area_band":"100~500㎡","interest_category":"대","solar_candidate":"검토필요","candidate_reason":"청사·공공건축물·주차장 현황 추가 확인 필요; 면적 165㎡","priority_score":40,"source":"경기부동산포털 국공유지조회·연속지적도","source_date":"2026-08-11","installed_solar_match":false}},{"type":"Feature","id":"4155035030104070003","geometry":{"type":"Point","coordinates":[127.2101161,36.9938771]},"properties":{"pnu":"4155035030104070003","municipality_code":"41550","municipality":"안성시","district":"안성시","locality":"대덕면 죽리","address":"안성시 대덕면 죽리 407-3","owner_type":"국유지","owner_label":"국(건설교통부)","manager":"","property_class":"","land_category":"대","area_sqm":164.0,"area_band":"100~500㎡","interest_category":"대","solar_candidate":"검토필요","candidate_reason":"청사·공공건축물·주차장 현황 추가 확인 필요; 면적 164㎡","priority_score":40,"source":"경기부동산포털 국공유지조회·연속지적도","source_date":"2026-08-11","installed_solar_match":false}},{"type":"Feature","id":"4155025029103060013","geometry":{"type":"Point","coordinates":[127.1842312,37.0057322]},"properties":{"pnu":"4155025029103060013","municipality_code":"41550","municipality":"안성시","district":"안성시","locality":"공도읍 만정리","address":"안성시 공도읍 만정리 306-13","owner_type":"국유지","owner_label":"국(건설교통부)","manager":"","property_class":"","land_category":"대","area_sqm":163.6,"area_band":"100~500㎡","interest_category":"대","solar_candidate":"검토필요","candidate_reason":"청사·공공건축물·주차장 현황 추가 확인 필요; 면적 164㎡","priority_score":40,"source":"경기부동산포털 국공유지조회·연속지적도","source_date":"2026-08-11","installed_solar_match":false}},{"type":"Feature","id":"4155010300105270000","geometry":{"type":"Point","coordinates":[127.2730509,37.0068293]},"properties":{"pnu":"4155010300105270000","municipality_code":"41550","municipality":"안성시","district":"안성시","locality":"영동","address":"안성시 영동 527","owner_type":"국유지","owner_label":"국(건설부)","manager":"","property_class":"","land_category":"대","area_sqm":162.0,"area_band":"100~500㎡","interest_category":"대","solar_candidate":"검토필요","candidate_reason":"청사·공공건축물·주차장 현황 추가 확인 필요; 면적 162㎡","priority_score":40,"source":"경기부동산포털 국공유지조회·연속지적도","source_date":"2026-08-11","installed_solar_match":false}},{"type":"Feature","id":"4155010900100600001","geometry":{"type":"Point","coordinates":[127.2754656,37.0037596]},"properties":{"pnu":"4155010900100600001","municipality_code":"41550","municipality":"안성시","district":"안성시","locality":"낙원동","address":"안성시 낙원동 60-1","owner_type":"국유지","owner_label":"국(기획재정부)","manager":"","property_class":"","land_category":"대","area_sqm":162.0,"area_band":"100~500㎡","interest_category":"대","solar_candidate":"검토필요","candidate_reason":"청사·공공건축물·주차장 현황 추가 확인 필요; 면적 162㎡","priority_score":40,"source":"경기부동산포털 국공유지조회·연속지적도","source_date":"2026-08-11","installed_solar_match":false}},{"type":"Feature","id":"4155041027103710022","geometry":{"type":"Point","coordinates":[127.3678147,37.0589912]},"properties":{"pnu":"4155041027103710022","municipality_code":"41550","municipality":"안성시","district":"안성시","locality":"삼죽면 진촌리","address":"안성시 삼죽면 진촌리 371-22","owner_type":"국유지","owner_label":"국(건설교통부)","manager":"","property_class":"","land_category":"대","area_sqm":161.0,"area_band":"100~500㎡","interest_category":"대","solar_candidate":"검토필요","candidate_reason":"청사·공공건축물·주차장 현황 추가 확인 필요; 면적 161㎡","priority_score":40,"source":"경기부동산포털 국공유지조회·연속지적도","source_date":"2026-08-11","installed_solar_match":false}},{"type":"Feature","id":"4155025023101650003","geometry":{"type":"Point","coordinates":[127.1990525,36.9926986]},"properties":{"pnu":"4155025023101650003","municipality_code":"41550","municipality":"안성시","district":"안성시","locality":"공도읍 신두리","address":"안성시 공도읍 신두리 165-3","owner_type":"국유지","owner_label":"국(기획재정부)","manager":"","property_class":"","land_category":"대","area_sqm":159.0,"area_band":"100~500㎡","interest_category":"대","solar_candidate":"검토필요","candidate_reason":"청사·공공건축물·주차장 현황 추가 확인 필요; 면적 159㎡","priority_score":40,"source":"경기부동산포털 국공유지조회·연속지적도","source_date":"2026-08-11","installed_solar_match":false}},{"type":"Feature","id":"4155025031101400002","geometry":{"type":"Point","coordinates":[127.1414832,36.9847996]},"properties":{"pnu":"4155025031101400002","municipality_code":"41550","municipality":"안성시","district":"안성시","locality":"공도읍 진사리","address":"안성시 공도읍 진사리 140-2","owner_type":"국유지","owner_label":"국(기획재정부)","manager":"","property_class":"","land_category":"대","area_sqm":159.0,"area_band":"100~500㎡","interest_category":"대","solar_candidate":"검토필요","candidate_reason":"청사·공공건축물·주차장 현황 추가 확인 필요; 면적 159㎡","priority_score":40,"source":"경기부동산포털 국공유지조회·연속지적도","source_date":"2026-08-11","installed_solar_match":false}},{"type":"Feature","id":"4155039030107200001","geometry":{"type":"Point","coordinates":[127.4594329,37.1068221]},"properties":{"pnu":"4155039030107200001","municipality_code":"41550","municipality":"안성시","district":"안성시","locality":"일죽면 화곡리","address":"안성시 일죽면 화곡리 720-1","owner_type":"국유지","owner_label":"국(기획재정부)","manager":"","property_class":"","land_category":"대","area_sqm":159.0,"area_band":"100~500㎡","interest_category":"대","solar_candidate":"검토필요","candidate_reason":"청사·공공건축물·주차장 현황 추가 확인 필요; 면적 159㎡","priority_score":40,"source":"경기부동산포털 국공유지조회·연속지적도","source_date":"2026-08-11","installed_solar_match":false}},{"type":"Feature","id":"4155040026102600006","geometry":{"type":"Point","coordinates":[127.4104965,37.0538508]},"properties":{"pnu":"4155040026102600006","municipality_code":"41550","municipality":"안성시","district":"안성시","locality":"죽산면 장계리","address":"안성시 죽산면 장계리 260-6","owner_type":"국유지","owner_label":"국(건설교통부)","manager":"","property_class":"","land_category":"대","area_sqm":159.0,"area_band":"100~500㎡","interest_category":"대","solar_candidate":"검토필요","candidate_reason":"청사·공공건축물·주차장 현황 추가 확인 필요; 면적 159㎡","priority_score":40,"source":"경기부동산포털 국공유지조회·연속지적도","source_date":"2026-08-11","installed_solar_match":false}},{"type":"Feature","id":"4155032034104050015","geometry":{"type":"Point","coordinates":[127.3185381,37.0020938]},"properties":{"pnu":"4155032034104050015","municipality_code":"41550","municipality":"안성시","district":"안성시","locality":"금광면 신양복리","address":"안성시 금광면 신양복리 405-15","owner_type":"국유지","owner_label":"국(국토교통부)","manager":"","property_class":"","land_category":"대","area_sqm":158.0,"area_band":"100~500㎡","interest_category":"대","solar_candidate":"검토필요","candidate_reason":"청사·공공건축물·주차장 현황 추가 확인 필요; 면적 158㎡","priority_score":40,"source":"경기부동산포털 국공유지조회·연속지적도","source_date":"2026-08-11","installed_solar_match":false}},{"type":"Feature","id":"4155040021107520009","geometry":{"type":"Point","coordinates":[127.4257458,37.0748718]},"properties":{"pnu":"4155040021107520009","municipality_code":"41550","municipality":"안성시","district":"안성시","locality":"죽산면 죽산리","address":"안성시 죽산면 죽산리 752-9","owner_type":"국유지","owner_label":"국(기획재정부)","manager":"","property_class":"","land_category":"대","area_sqm":158.0,"area_band":"100~500㎡","interest_category":"대","solar_candidate":"검토필요","candidate_reason":"청사·공공건축물·주차장 현황 추가 확인 필요; 면적 158㎡","priority_score":40,"source":"경기부동산포털 국공유지조회·연속지적도","source_date":"2026-08-11","installed_solar_match":false}},{"type":"Feature","id":"4155032022105570001","geometry":{"type":"Point","coordinates":[127.302709,36.984623]},"properties":{"pnu":"4155032022105570001","municipality_code":"41550","municipality":"안성시","district":"안성시","locality":"금광면 개산리","address":"안성시 금광면 개산리 557-1","owner_type":"국유지","owner_label":"국(기획재정부)","manager":"","property_class":"","land_category":"대","area_sqm":157.0,"area_band":"100~500㎡","interest_category":"대","solar_candidate":"검토필요","candidate_reason":"청사·공공건축물·주차장 현황 추가 확인 필요; 면적 157㎡","priority_score":40,"source":"경기부동산포털 국공유지조회·연속지적도","source_date":"2026-08-11","installed_solar_match":false}},{"type":"Feature","id":"4155031034100550026","geometry":{"type":"Point","coordinates":[127.3049652,37.0133935]},"properties":{"pnu":"4155031034100550026","municipality_code":"41550","municipality":"안성시","district":"안성시","locality":"보개면 구사리","address":"안성시 보개면 구사리 55-26","owner_type":"국유지","owner_label":"국(건설부)","manager":"","property_class":"","land_category":"대","area_sqm":153.0,"area_band":"100~500㎡","interest_category":"대","solar_candidate":"검토필요","candidate_reason":"청사·공공건축물·주차장 현황 추가 확인 필요; 면적 153㎡","priority_score":40,"source":"경기부동산포털 국공유지조회·연속지적도","source_date":"2026-08-11","installed_solar_match":false}},{"type":"Feature","id":"4155040025108810009","geometry":{"type":"Point","coordinates":[127.3916365,37.0669603]},"properties":{"pnu":"4155040025108810009","municipality_code":"41550","municipality":"안성시","district":"안성시","locality":"죽산면 장능리","address":"안성시 죽산면 장능리 881-9","owner_type":"국유지","owner_label":"국(기획재정부)","manager":"","property_class":"","land_category":"대","area_sqm":153.0,"area_band":"100~500㎡","interest_category":"대","solar_candidate":"검토필요","candidate_reason":"청사·공공건축물·주차장 현황 추가 확인 필요; 면적 153㎡","priority_score":40,"source":"경기부동산포털 국공유지조회·연속지적도","source_date":"2026-08-11","installed_solar_match":false}},{"type":"Feature","id":"4155032026105680000","geometry":{"type":"Point","coordinates":[127.3609035,36.9585736]},"properties":{"pnu":"4155032026105680000","municipality_code":"41550","municipality":"안성시","district":"안성시","locality":"금광면 현곡리","address":"안성시 금광면 현곡리 568","owner_type":"국유지","owner_label":"국(기획재정부)","manager":"","property_class":"","land_category":"대","area_sqm":152.0,"area_band":"100~500㎡","interest_category":"대","solar_candidate":"검토필요","candidate_reason":"청사·공공건축물·주차장 현황 추가 확인 필요; 면적 152㎡","priority_score":40,"source":"경기부동산포털 국공유지조회·연속지적도","source_date":"2026-08-11","installed_solar_match":false}},{"type":"Feature","id":"4155038022100880000","geometry":{"type":"Point","coordinates":[127.1644884,37.0529381]},"properties":{"pnu":"4155038022100880000","municipality_code":"41550","municipality":"안성시","district":"안성시","locality":"원곡면 칠곡리","address":"안성시 원곡면 칠곡리 88","owner_type":"국유지","owner_label":"국(건설교통부)","manager":"","property_class":"","land_category":"대","area_sqm":152.0,"area_band":"100~500㎡","interest_category":"대","solar_candidate":"검토필요","candidate_reason":"청사·공공건축물·주차장 현황 추가 확인 필요; 면적 152㎡","priority_score":40,"source":"경기부동산포털 국공유지조회·연속지적도","source_date":"2026-08-11","installed_solar_match":false}},{"type":"Feature","id":"4155041028104300002","geometry":{"type":"Point","coordinates":[127.3539833,37.0354532]},"properties":{"pnu":"4155041028104300002","municipality_code":"41550","municipality":"안성시","district":"안성시","locality":"삼죽면 미장리","address":"안성시 삼죽면 미장리 430-2","owner_type":"국유지","owner_label":"국(건설부)","manager":"","property_class":"","land_category":"대","area_sqm":150.0,"area_band":"100~500㎡","interest_category":"대","solar_candidate":"검토필요","candidate_reason":"청사·공공건축물·주차장 현황 추가 확인 필요; 면적 150㎡","priority_score":40,"source":"경기부동산포털 국공유지조회·연속지적도","source_date":"2026-08-11","installed_solar_match":false}},{"type":"Feature","id":"4155031034100570005","geometry":{"type":"Point","coordinates":[127.304054,37.0132762]},"properties":{"pnu":"4155031034100570005","municipality_code":"41550","municipality":"안성시","district":"안성시","locality":"보개면 구사리","address":"안성시 보개면 구사리 57-5","owner_type":"국유지","owner_label":"국(건설부)","manager":"","property_class":"","land_category":"대","area_sqm":149.0,"area_band":"100~500㎡","interest_category":"대","solar_candidate":"검토필요","candidate_reason":"청사·공공건축물·주차장 현황 추가 확인 필요; 면적 149㎡","priority_score":40,"source":"경기부동산포털 국공유지조회·연속지적도","source_date":"2026-08-11","installed_solar_match":false}},{"type":"Feature","id":"4155040021104800013","geometry":{"type":"Point","coordinates":[127.425177,37.0768904]},"properties":{"pnu":"4155040021104800013","municipality_code":"41550","municipality":"안성시","district":"안성시","locality":"죽산면 죽산리","address":"안성시 죽산면 죽산리 480-13","owner_type":"국유지","owner_label":"국(재무부)","manager":"","property_class":"","land_category":"대","area_sqm":148.0,"area_band":"100~500㎡","interest_category":"대","solar_candidate":"검토필요","candidate_reason":"청사·공공건축물·주차장 현황 추가 확인 필요; 면적 148㎡","priority_score":40,"source":"경기부동산포털 국공유지조회·연속지적도","source_date":"2026-08-11","installed_solar_match":false}},{"type":"Feature","id":"4155010300104380003","geometry":{"type":"Point","coordinates":[127.2733451,37.0068483]},"properties":{"pnu":"4155010300104380003","municipality_code":"41550","municipality":"안성시","district":"안성시","locality":"영동","address":"안성시 영동 438-3","owner_type":"국유지","owner_label":"국(건설부)","manager":"","property_class":"","land_category":"대","area_sqm":147.0,"area_band":"100~500㎡","interest_category":"대","solar_candidate":"검토필요","candidate_reason":"청사·공공건축물·주차장 현황 추가 확인 필요; 면적 147㎡","priority_score":40,"source":"경기부동산포털 국공유지조회·연속지적도","source_date":"2026-08-11","installed_solar_match":false}},{"type":"Feature","id":"4155040029109670006","geometry":{"type":"Point","coordinates":[127.4202776,37.0399307]},"properties":{"pnu":"4155040029109670006","municipality_code":"41550","municipality":"안성시","district":"안성시","locality":"죽산면 당목리","address":"안성시 죽산면 당목리 967-6","owner_type":"국유지","owner_label":"국(건설교통부)","manager":"","property_class":"","land_category":"대","area_sqm":147.0,"area_band":"100~500㎡","interest_category":"대","solar_candidate":"검토필요","candidate_reason":"청사·공공건축물·주차장 현황 추가 확인 필요; 면적 147㎡","priority_score":40,"source":"경기부동산포털 국공유지조회·연속지적도","source_date":"2026-08-11","installed_solar_match":false}},{"type":"Feature","id":"4155011800103050022","geometry":{"type":"Point","coordinates":[127.2609577,37.0112708]},"properties":{"pnu":"4155011800103050022","municipality_code":"41550","municipality":"안성시","district":"안성시","locality":"석정동","address":"안성시 석정동 305-22","owner_type":"국유지","owner_label":"국(건설부)","manager":"","property_class":"","land_category":"대","area_sqm":146.0,"area_band":"100~500㎡","interest_category":"대","solar_candidate":"검토필요","candidate_reason":"청사·공공건축물·주차장 현황 추가 확인 필요; 면적 146㎡","priority_score":40,"source":"경기부동산포털 국공유지조회·연속지적도","source_date":"2026-08-11","installed_solar_match":false}},{"type":"Feature","id":"4155025029103040029","geometry":{"type":"Point","coordinates":[127.1844485,37.0054198]},"properties":{"pnu":"4155025029103040029","municipality_code":"41550","municipality":"안성시","district":"안성시","locality":"공도읍 만정리","address":"안성시 공도읍 만정리 304-29","owner_type":"국유지","owner_label":"국(국토교통부)","manager":"","property_class":"","land_category":"대","area_sqm":145.0,"area_band":"100~500㎡","interest_category":"대","solar_candidate":"검토필요","candidate_reason":"청사·공공건축물·주차장 현황 추가 확인 필요; 면적 145㎡","priority_score":40,"source":"경기부동산포털 국공유지조회·연속지적도","source_date":"2026-08-11","installed_solar_match":false}},{"type":"Feature","id":"4155012500105100007","geometry":{"type":"Point","coordinates":[127.2670768,37.0212694]},"properties":{"pnu":"4155012500105100007","municipality_code":"41550","municipality":"안성시","district":"안성시","locality":"당왕동","address":"안성시 당왕동 510-7","owner_type":"국유지","owner_label":"국","manager":"","property_class":"","land_category":"대","area_sqm":143.0,"area_band":"100~500㎡","interest_category":"대","solar_candidate":"검토필요","candidate_reason":"청사·공공건축물·주차장 현황 추가 확인 필요; 면적 143㎡","priority_score":40,"source":"경기부동산포털 국공유지조회·연속지적도","source_date":"2026-08-11","installed_solar_match":false}},{"type":"Feature","id":"4155032024105350001","geometry":{"type":"Point","coordinates":[127.3154876,36.94822]},"properties":{"pnu":"4155032024105350001","municipality_code":"41550","municipality":"안성시","district":"안성시","locality":"금광면 상중리","address":"안성시 금광면 상중리 535-1","owner_type":"국유지","owner_label":"국(기획재정부)","manager":"","property_class":"","land_category":"대","area_sqm":143.0,"area_band":"100~500㎡","interest_category":"대","solar_candidate":"검토필요","candidate_reason":"청사·공공건축물·주차장 현황 추가 확인 필요; 면적 143㎡","priority_score":40,"source":"경기부동산포털 국공유지조회·연속지적도","source_date":"2026-08-11","installed_solar_match":false}},{"type":"Feature","id":"4155031037102770002","geometry":{"type":"Point","coordinates":[127.3215693,37.0933441]},"properties":{"pnu":"4155031037102770002","municipality_code":"41550","municipality":"안성시","district":"안성시","locality":"보개면 동평리","address":"안성시 보개면 동평리 277-2","owner_type":"국유지","owner_label":"국(기획재정부)","manager":"","property_class":"","land_category":"대","area_sqm":142.0,"area_band":"100~500㎡","interest_category":"대","solar_candidate":"검토필요","candidate_reason":"청사·공공건축물·주차장 현황 추가 확인 필요; 면적 142㎡","priority_score":40,"source":"경기부동산포털 국공유지조회·연속지적도","source_date":"2026-08-11","installed_solar_match":false}},{"type":"Feature","id":"4155035027103630002","geometry":{"type":"Point","coordinates":[127.2322635,37.0153413]},"properties":{"pnu":"4155035027103630002","municipality_code":"41550","municipality":"안성시","district":"안성시","locality":"대덕면 건지리","address":"안성시 대덕면 건지리 363-2","owner_type":"국유지","owner_label":"국(건설교통부)","manager":"","property_class":"","land_category":"대","area_sqm":142.0,"area_band":"100~500㎡","interest_category":"대","solar_candidate":"검토필요","candidate_reason":"청사·공공건축물·주차장 현황 추가 확인 필요; 면적 142㎡","priority_score":40,"source":"경기부동산포털 국공유지조회·연속지적도","source_date":"2026-08-11","installed_solar_match":false}},{"type":"Feature","id":"4155039029106820005","geometry":{"type":"Point","coordinates":[127.4434514,37.1140848]},"properties":{"pnu":"4155039029106820005","municipality_code":"41550","municipality":"안성시","district":"안성시","locality":"일죽면 고은리","address":"안성시 일죽면 고은리 682-5","owner_type":"국유지","owner_label":"국(기획재정부)","manager":"","property_class":"","land_category":"대","area_sqm":142.0,"area_band":"100~500㎡","interest_category":"대","solar_candidate":"검토필요","candidate_reason":"청사·공공건축물·주차장 현황 추가 확인 필요; 면적 142㎡","priority_score":40,"source":"경기부동산포털 국공유지조회·연속지적도","source_date":"2026-08-11","installed_solar_match":false}},{"type":"Feature","id":"4155040024105660003","geometry":{"type":"Point","coordinates":[127.4113097,37.0738851]},"properties":{"pnu":"4155040024105660003","municipality_code":"41550","municipality":"안성시","district":"안성시","locality":"죽산면 두현리","address":"안성시 죽산면 두현리 566-3","owner_type":"국유지","owner_label":"국(기획재정부)","manager":"","property_class":"","land_category":"대","area_sqm":142.0,"area_band":"100~500㎡","interest_category":"대","solar_candidate":"검토필요","candidate_reason":"청사·공공건축물·주차장 현황 추가 확인 필요; 면적 142㎡","priority_score":40,"source":"경기부동산포털 국공유지조회·연속지적도","source_date":"2026-08-11","installed_solar_match":false}},{"type":"Feature","id":"4155040029104540005","geometry":{"type":"Point","coordinates":[127.4389627,37.0264333]},"properties":{"pnu":"4155040029104540005","municipality_code":"41550","municipality":"안성시","district":"안성시","locality":"죽산면 당목리","address":"안성시 죽산면 당목리 454-5","owner_type":"국유지","owner_label":"국(건설교통부)","manager":"","property_class":"","land_category":"대","area_sqm":142.0,"area_band":"100~500㎡","interest_category":"대","solar_candidate":"검토필요","candidate_reason":"청사·공공건축물·주차장 현황 추가 확인 필요; 면적 142㎡","priority_score":40,"source":"경기부동산포털 국공유지조회·연속지적도","source_date":"2026-08-11","installed_solar_match":false}},{"type":"Feature","id":"4155041027103700003","geometry":{"type":"Point","coordinates":[127.367136,37.0583476]},"properties":{"pnu":"4155041027103700003","municipality_code":"41550","municipality":"안성시","district":"안성시","locality":"삼죽면 진촌리","address":"안성시 삼죽면 진촌리 370-3","owner_type":"국유지","owner_label":"국(건설교통부)","manager":"","property_class":"","land_category":"대","area_sqm":142.0,"area_band":"100~500㎡","interest_category":"대","solar_candidate":"검토필요","candidate_reason":"청사·공공건축물·주차장 현황 추가 확인 필요; 면적 142㎡","priority_score":40,"source":"경기부동산포털 국공유지조회·연속지적도","source_date":"2026-08-11","installed_solar_match":false}},{"type":"Feature","id":"4155011300104030005","geometry":{"type":"Point","coordinates":[127.2691293,37.0036168]},"properties":{"pnu":"4155011300104030005","municipality_code":"41550","municipality":"안성시","district":"안성시","locality":"인지동","address":"안성시 인지동 403-5","owner_type":"국유지","owner_label":"국","manager":"","property_class":"","land_category":"대","area_sqm":141.0,"area_band":"100~500㎡","interest_category":"대","solar_candidate":"검토필요","candidate_reason":"청사·공공건축물·주차장 현황 추가 확인 필요; 면적 141㎡","priority_score":40,"source":"경기부동산포털 국공유지조회·연속지적도","source_date":"2026-08-11","installed_solar_match":false}},{"type":"Feature","id":"4155025021101580006","geometry":{"type":"Point","coordinates":[127.2096871,37.0093633]},"properties":{"pnu":"4155025021101580006","municipality_code":"41550","municipality":"안성시","district":"안성시","locality":"공도읍 양기리","address":"안성시 공도읍 양기리 158-6","owner_type":"국유지","owner_label":"국(건설부)","manager":"","property_class":"","land_category":"대","area_sqm":139.0,"area_band":"100~500㎡","interest_category":"대","solar_candidate":"검토필요","candidate_reason":"청사·공공건축물·주차장 현황 추가 확인 필요; 면적 139㎡","priority_score":40,"source":"경기부동산포털 국공유지조회·연속지적도","source_date":"2026-08-11","installed_solar_match":false}},{"type":"Feature","id":"4155042023104320002","geometry":{"type":"Point","coordinates":[127.2489801,37.0638295]},"properties":{"pnu":"4155042023104320002","municipality_code":"41550","municipality":"안성시","district":"안성시","locality":"고삼면 대갈리","address":"안성시 고삼면 대갈리 432-2","owner_type":"국유지","owner_label":"국(기획재정부)","manager":"","property_class":"","land_category":"대","area_sqm":139.0,"area_band":"100~500㎡","interest_category":"대","solar_candidate":"검토필요","candidate_reason":"청사·공공건축물·주차장 현황 추가 확인 필요; 면적 139㎡","priority_score":40,"source":"경기부동산포털 국공유지조회·연속지적도","source_date":"2026-08-11","installed_solar_match":false}},{"type":"Feature","id":"4155025026107870009","geometry":{"type":"Point","coordinates":[127.1514895,36.9976829]},"properties":{"pnu":"4155025026107870009","municipality_code":"41550","municipality":"안성시","district":"안성시","locality":"공도읍 승두리","address":"안성시 공도읍 승두리 787-9","owner_type":"국유지","owner_label":"국(국토해양부)","manager":"","property_class":"","land_category":"대","area_sqm":138.0,"area_band":"100~500㎡","interest_category":"대","solar_candidate":"검토필요","candidate_reason":"청사·공공건축물·주차장 현황 추가 확인 필요; 면적 138㎡","priority_score":40,"source":"경기부동산포털 국공유지조회·연속지적도","source_date":"2026-08-11","installed_solar_match":false}},{"type":"Feature","id":"4155025031100220075","geometry":{"type":"Point","coordinates":[127.139089,36.9941031]},"properties":{"pnu":"4155025031100220075","municipality_code":"41550","municipality":"안성시","district":"안성시","locality":"공도읍 진사리","address":"안성시 공도읍 진사리 22-75","owner_type":"국유지","owner_label":"국(국토해양부)","manager":"","property_class":"","land_category":"대","area_sqm":136.0,"area_band":"100~500㎡","interest_category":"대","solar_candidate":"검토필요","candidate_reason":"청사·공공건축물·주차장 현황 추가 확인 필요; 면적 136㎡","priority_score":40,"source":"경기부동산포털 국공유지조회·연속지적도","source_date":"2026-08-11","installed_solar_match":false}},{"type":"Feature","id":"4155012600100950003","geometry":{"type":"Point","coordinates":[127.284806,37.0130435]},"properties":{"pnu":"4155012600100950003","municipality_code":"41550","municipality":"안성시","district":"안성시","locality":"가사동","address":"안성시 가사동 95-3","owner_type":"국유지","owner_label":"국(기획재정부)","manager":"","property_class":"","land_category":"대","area_sqm":135.0,"area_band":"100~500㎡","interest_category":"대","solar_candidate":"검토필요","candidate_reason":"청사·공공건축물·주차장 현황 추가 확인 필요; 면적 135㎡","priority_score":40,"source":"경기부동산포털 국공유지조회·연속지적도","source_date":"2026-08-11","installed_solar_match":false}},{"type":"Feature","id":"4155025030101470015","geometry":{"type":"Point","coordinates":[127.2014365,37.009546]},"properties":{"pnu":"4155025030101470015","municipality_code":"41550","municipality":"안성시","district":"안성시","locality":"공도읍 마정리","address":"안성시 공도읍 마정리 147-15","owner_type":"국유지","owner_label":"국(국토교통부)","manager":"","property_class":"","land_category":"대","area_sqm":134.0,"area_band":"100~500㎡","interest_category":"대","solar_candidate":"검토필요","candidate_reason":"청사·공공건축물·주차장 현황 추가 확인 필요; 면적 134㎡","priority_score":40,"source":"경기부동산포털 국공유지조회·연속지적도","source_date":"2026-08-11","installed_solar_match":false}},{"type":"Feature","id":"4155031031102270038","geometry":{"type":"Point","coordinates":[127.3078532,37.0137986]},"properties":{"pnu":"4155031031102270038","municipality_code":"41550","municipality":"안성시","district":"안성시","locality":"보개면 동신리","address":"안성시 보개면 동신리 227-38","owner_type":"국유지","owner_label":"국(건설부)","manager":"","property_class":"","land_category":"대","area_sqm":133.0,"area_band":"100~500㎡","interest_category":"대","solar_candidate":"검토필요","candidate_reason":"청사·공공건축물·주차장 현황 추가 확인 필요; 면적 133㎡","priority_score":40,"source":"경기부동산포털 국공유지조회·연속지적도","source_date":"2026-08-11","installed_solar_match":false}},{"type":"Feature","id":"4155025029103020043","geometry":{"type":"Point","coordinates":[127.1830233,37.0054647]},"properties":{"pnu":"4155025029103020043","municipality_code":"41550","municipality":"안성시","district":"안성시","locality":"공도읍 만정리","address":"안성시 공도읍 만정리 302-43","owner_type":"국유지","owner_label":"국(건설교통부)","manager":"","property_class":"","land_category":"대","area_sqm":132.3,"area_band":"100~500㎡","interest_category":"대","solar_candidate":"검토필요","candidate_reason":"청사·공공건축물·주차장 현황 추가 확인 필요; 면적 132㎡","priority_score":40,"source":"경기부동산포털 국공유지조회·연속지적도","source_date":"2026-08-11","installed_solar_match":false}},{"type":"Feature","id":"4155025031101400005","geometry":{"type":"Point","coordinates":[127.1415648,36.984767]},"properties":{"pnu":"4155025031101400005","municipality_code":"41550","municipality":"안성시","district":"안성시","locality":"공도읍 진사리","address":"안성시 공도읍 진사리 140-5","owner_type":"국유지","owner_label":"국(기획재정부)","manager":"","property_class":"","land_category":"대","area_sqm":132.0,"area_band":"100~500㎡","interest_category":"대","solar_candidate":"검토필요","candidate_reason":"청사·공공건축물·주차장 현황 추가 확인 필요; 면적 132㎡","priority_score":40,"source":"경기부동산포털 국공유지조회·연속지적도","source_date":"2026-08-11","installed_solar_match":false}},{"type":"Feature","id":"4155038023104590028","geometry":{"type":"Point","coordinates":[127.1364987,37.053063]},"properties":{"pnu":"4155038023104590028","municipality_code":"41550","municipality":"안성시","district":"안성시","locality":"원곡면 지문리","address":"안성시 원곡면 지문리 459-28","owner_type":"국유지","owner_label":"국(건설부)","manager":"","property_class":"","land_category":"대","area_sqm":132.0,"area_band":"100~500㎡","interest_category":"대","solar_candidate":"검토필요","candidate_reason":"청사·공공건축물·주차장 현황 추가 확인 필요; 면적 132㎡","priority_score":40,"source":"경기부동산포털 국공유지조회·연속지적도","source_date":"2026-08-11","installed_solar_match":false}},{"type":"Feature","id":"4155038026103510015","geometry":{"type":"Point","coordinates":[127.1300973,37.0376926]},"properties":{"pnu":"4155038026103510015","municipality_code":"41550","municipality":"안성시","district":"안성시","locality":"원곡면 외가천리","address":"안성시 원곡면 외가천리 351-15","owner_type":"국유지","owner_label":"국(기획재정부)","manager":"","property_class":"","land_category":"대","area_sqm":129.0,"area_band":"100~500㎡","interest_category":"대","solar_candidate":"검토필요","candidate_reason":"청사·공공건축물·주차장 현황 추가 확인 필요; 면적 129㎡","priority_score":40,"source":"경기부동산포털 국공유지조회·연속지적도","source_date":"2026-08-11","installed_solar_match":false}},{"type":"Feature","id":"4155039021109920013","geometry":{"type":"Point","coordinates":[127.4390461,37.0807433]},"properties":{"pnu":"4155039021109920013","municipality_code":"41550","municipality":"안성시","district":"안성시","locality":"일죽면 월정리","address":"안성시 일죽면 월정리 992-13","owner_type":"국유지","owner_label":"국(국토교통부)","manager":"","property_class":"","land_category":"대","area_sqm":129.0,"area_band":"100~500㎡","interest_category":"대","solar_candidate":"검토필요","candidate_reason":"청사·공공건축물·주차장 현황 추가 확인 필요; 면적 129㎡","priority_score":40,"source":"경기부동산포털 국공유지조회·연속지적도","source_date":"2026-08-11","installed_solar_match":false}},{"type":"Feature","id":"4155040022107640002","geometry":{"type":"Point","coordinates":[127.4344601,37.096345]},"properties":{"pnu":"4155040022107640002","municipality_code":"41550","municipality":"안성시","district":"안성시","locality":"죽산면 매산리","address":"안성시 죽산면 매산리 764-2","owner_type":"국유지","owner_label":"국(건설부)","manager":"","property_class":"","land_category":"대","area_sqm":129.0,"area_band":"100~500㎡","interest_category":"대","solar_candidate":"검토필요","candidate_reason":"청사·공공건축물·주차장 현황 추가 확인 필요; 면적 129㎡","priority_score":40,"source":"경기부동산포털 국공유지조회·연속지적도","source_date":"2026-08-11","installed_solar_match":false}},{"type":"Feature","id":"4155038022100860001","geometry":{"type":"Point","coordinates":[127.1645422,37.0530444]},"properties":{"pnu":"4155038022100860001","municipality_code":"41550","municipality":"안성시","district":"안성시","locality":"원곡면 칠곡리","address":"안성시 원곡면 칠곡리 86-1","owner_type":"국유지","owner_label":"국(건설교통부)","manager":"","property_class":"","land_category":"대","area_sqm":127.0,"area_band":"100~500㎡","interest_category":"대","solar_candidate":"검토필요","candidate_reason":"청사·공공건축물·주차장 현황 추가 확인 필요; 면적 127㎡","priority_score":40,"source":"경기부동산포털 국공유지조회·연속지적도","source_date":"2026-08-11","installed_solar_match":false}},{"type":"Feature","id":"4155025031100220069","geometry":{"type":"Point","coordinates":[127.1397572,36.9943059]},"properties":{"pnu":"4155025031100220069","municipality_code":"41550","municipality":"안성시","district":"안성시","locality":"공도읍 진사리","address":"안성시 공도읍 진사리 22-69","owner_type":"국유지","owner_label":"국(국토해양부)","manager":"","property_class":"","land_category":"대","area_sqm":126.0,"area_band":"100~500㎡","interest_category":"대","solar_candidate":"검토필요","candidate_reason":"청사·공공건축물·주차장 현황 추가 확인 필요; 면적 126㎡","priority_score":40,"source":"경기부동산포털 국공유지조회·연속지적도","source_date":"2026-08-11","installed_solar_match":false}},{"type":"Feature","id":"4155031034100580005","geometry":{"type":"Point","coordinates":[127.3038107,37.0132257]},"properties":{"pnu":"4155031034100580005","municipality_code":"41550","municipality":"안성시","district":"안성시","locality":"보개면 구사리","address":"안성시 보개면 구사리 58-5","owner_type":"국유지","owner_label":"국(건설부)","manager":"","property_class":"","land_category":"대","area_sqm":125.0,"area_band":"100~500㎡","interest_category":"대","solar_candidate":"검토필요","candidate_reason":"청사·공공건축물·주차장 현황 추가 확인 필요; 면적 125㎡","priority_score":40,"source":"경기부동산포털 국공유지조회·연속지적도","source_date":"2026-08-11","installed_solar_match":false}},{"type":"Feature","id":"4155038022100870000","geometry":{"type":"Point","coordinates":[127.1644914,37.0529916]},"properties":{"pnu":"4155038022100870000","municipality_code":"41550","municipality":"안성시","district":"안성시","locality":"원곡면 칠곡리","address":"안성시 원곡면 칠곡리 87","owner_type":"국유지","owner_label":"국(건설교통부)","manager":"","property_class":"","land_category":"대","area_sqm":124.0,"area_band":"100~500㎡","interest_category":"대","solar_candidate":"검토필요","candidate_reason":"청사·공공건축물·주차장 현황 추가 확인 필요; 면적 124㎡","priority_score":40,"source":"경기부동산포털 국공유지조회·연속지적도","source_date":"2026-08-11","installed_solar_match":false}},{"type":"Feature","id":"4155041027103710005","geometry":{"type":"Point","coordinates":[127.3678924,37.0592537]},"properties":{"pnu":"4155041027103710005","municipality_code":"41550","municipality":"안성시","district":"안성시","locality":"삼죽면 진촌리","address":"안성시 삼죽면 진촌리 371-5","owner_type":"국유지","owner_label":"국(건설부)","manager":"","property_class":"","land_category":"대","area_sqm":124.0,"area_band":"100~500㎡","interest_category":"대","solar_candidate":"검토필요","candidate_reason":"청사·공공건축물·주차장 현황 추가 확인 필요; 면적 124㎡","priority_score":40,"source":"경기부동산포털 국공유지조회·연속지적도","source_date":"2026-08-11","installed_solar_match":false}},{"type":"Feature","id":"4155042025101200002","geometry":{"type":"Point","coordinates":[127.3000941,37.0825813]},"properties":{"pnu":"4155042025101200002","municipality_code":"41550","municipality":"안성시","district":"안성시","locality":"고삼면 삼은리","address":"안성시 고삼면 삼은리 120-2","owner_type":"국유지","owner_label":"국(국토교통부)","manager":"","property_class":"","land_category":"대","area_sqm":124.0,"area_band":"100~500㎡","interest_category":"대","solar_candidate":"검토필요","candidate_reason":"청사·공공건축물·주차장 현황 추가 확인 필요; 면적 124㎡","priority_score":40,"source":"경기부동산포털 국공유지조회·연속지적도","source_date":"2026-08-11","installed_solar_match":false}},{"type":"Feature","id":"4155038023104530001","geometry":{"type":"Point","coordinates":[127.1365404,37.0542674]},"properties":{"pnu":"4155038023104530001","municipality_code":"41550","municipality":"안성시","district":"안성시","locality":"원곡면 지문리","address":"안성시 원곡면 지문리 453-1","owner_type":"국유지","owner_label":"국(건설부)","manager":"","property_class":"","land_category":"대","area_sqm":123.0,"area_band":"100~500㎡","interest_category":"대","solar_candidate":"검토필요","candidate_reason":"청사·공공건축물·주차장 현황 추가 확인 필요; 면적 123㎡","priority_score":40,"source":"경기부동산포털 국공유지조회·연속지적도","source_date":"2026-08-11","installed_solar_match":false}},{"type":"Feature","id":"4155040027109630002","geometry":{"type":"Point","coordinates":[127.4384249,37.0518022]},"properties":{"pnu":"4155040027109630002","municipality_code":"41550","municipality":"안성시","district":"안성시","locality":"죽산면 용설리","address":"안성시 죽산면 용설리 963-2","owner_type":"국유지","owner_label":"국(국토해양부)","manager":"","property_class":"","land_category":"대","area_sqm":123.0,"area_band":"100~500㎡","interest_category":"대","solar_candidate":"검토필요","candidate_reason":"청사·공공건축물·주차장 현황 추가 확인 필요; 면적 123㎡","priority_score":40,"source":"경기부동산포털 국공유지조회·연속지적도","source_date":"2026-08-11","installed_solar_match":false}},{"type":"Feature","id":"4155032024105350002","geometry":{"type":"Point","coordinates":[127.3155759,36.9482988]},"properties":{"pnu":"4155032024105350002","municipality_code":"41550","municipality":"안성시","district":"안성시","locality":"금광면 상중리","address":"안성시 금광면 상중리 535-2","owner_type":"국유지","owner_label":"국(기획재정부)","manager":"","property_class":"","land_category":"대","area_sqm":122.0,"area_band":"100~500㎡","interest_category":"대","solar_candidate":"검토필요","candidate_reason":"청사·공공건축물·주차장 현황 추가 확인 필요; 면적 122㎡","priority_score":40,"source":"경기부동산포털 국공유지조회·연속지적도","source_date":"2026-08-11","installed_solar_match":false}},{"type":"Feature","id":"4155041027106700025","geometry":{"type":"Point","coordinates":[127.3632129,37.05633]},"properties":{"pnu":"4155041027106700025","municipality_code":"41550","municipality":"안성시","district":"안성시","locality":"삼죽면 진촌리","address":"안성시 삼죽면 진촌리 670-25","owner_type":"국유지","owner_label":"국(기획재정부)","manager":"","property_class":"","land_category":"대","area_sqm":122.0,"area_band":"100~500㎡","interest_category":"대","solar_candidate":"검토필요","candidate_reason":"청사·공공건축물·주차장 현황 추가 확인 필요; 면적 122㎡","priority_score":40,"source":"경기부동산포털 국공유지조회·연속지적도","source_date":"2026-08-11","installed_solar_match":false}},{"type":"Feature","id":"4155032033102880007","geometry":{"type":"Point","coordinates":[127.3129873,36.9625767]},"properties":{"pnu":"4155032033102880007","municipality_code":"41550","municipality":"안성시","district":"안성시","locality":"금광면 석하리","address":"안성시 금광면 석하리 288-7","owner_type":"국유지","owner_label":"국(국토교통부)","manager":"","property_class":"","land_category":"대","area_sqm":121.0,"area_band":"100~500㎡","interest_category":"대","solar_candidate":"검토필요","candidate_reason":"청사·공공건축물·주차장 현황 추가 확인 필요; 면적 121㎡","priority_score":40,"source":"경기부동산포털 국공유지조회·연속지적도","source_date":"2026-08-11","installed_solar_match":false}},{"type":"Feature","id":"4155032033102880008","geometry":{"type":"Point","coordinates":[127.3127927,36.9624084]},"properties":{"pnu":"4155032033102880008","municipality_code":"41550","municipality":"안성시","district":"안성시","locality":"금광면 석하리","address":"안성시 금광면 석하리 288-8","owner_type":"국유지","owner_label":"국(국토교통부)","manager":"","property_class":"","land_category":"대","area_sqm":121.0,"area_band":"100~500㎡","interest_category":"대","solar_candidate":"검토필요","candidate_reason":"청사·공공건축물·주차장 현황 추가 확인 필요; 면적 121㎡","priority_score":40,"source":"경기부동산포털 국공유지조회·연속지적도","source_date":"2026-08-11","installed_solar_match":false}},{"type":"Feature","id":"4155040027109630003","geometry":{"type":"Point","coordinates":[127.4384124,37.0516809]},"properties":{"pnu":"4155040027109630003","municipality_code":"41550","municipality":"안성시","district":"안성시","locality":"죽산면 용설리","address":"안성시 죽산면 용설리 963-3","owner_type":"국유지","owner_label":"국(건설교통부)","manager":"","property_class":"","land_category":"대","area_sqm":121.0,"area_band":"100~500㎡","interest_category":"대","solar_candidate":"검토필요","candidate_reason":"청사·공공건축물·주차장 현황 추가 확인 필요; 면적 121㎡","priority_score":40,"source":"경기부동산포털 국공유지조회·연속지적도","source_date":"2026-08-11","installed_solar_match":false}},{"type":"Feature","id":"4155034033101480000","geometry":{"type":"Point","coordinates":[127.2484687,36.9744553]},"properties":{"pnu":"4155034033101480000","municipality_code":"41550","municipality":"안성시","district":"안성시","locality":"미양면 보체리","address":"안성시 미양면 보체리 148","owner_type":"국유지","owner_label":"국(건설교통부)","manager":"","property_class":"","land_category":"대","area_sqm":119.0,"area_band":"100~500㎡","interest_category":"대","solar_candidate":"검토필요","candidate_reason":"청사·공공건축물·주차장 현황 추가 확인 필요; 면적 119㎡","priority_score":40,"source":"경기부동산포털 국공유지조회·연속지적도","source_date":"2026-08-11","installed_solar_match":false}},{"type":"Feature","id":"4155039021109920009","geometry":{"type":"Point","coordinates":[127.4390447,37.08052]},"properties":{"pnu":"4155039021109920009","municipality_code":"41550","municipality":"안성시","district":"안성시","locality":"일죽면 월정리","address":"안성시 일죽면 월정리 992-9","owner_type":"국유지","owner_label":"국(국토교통부)","manager":"","property_class":"","land_category":"대","area_sqm":119.0,"area_band":"100~500㎡","interest_category":"대","solar_candidate":"검토필요","candidate_reason":"청사·공공건축물·주차장 현황 추가 확인 필요; 면적 119㎡","priority_score":40,"source":"경기부동산포털 국공유지조회·연속지적도","source_date":"2026-08-11","installed_solar_match":false}},{"type":"Feature","id":"4155010100104170010","geometry":{"type":"Point","coordinates":[127.2781167,37.0041039]},"properties":{"pnu":"4155010100104170010","municipality_code":"41550","municipality":"안성시","district":"안성시","locality":"봉산동","address":"안성시 봉산동 417-10","owner_type":"국유지","owner_label":"국","manager":"","property_class":"","land_category":"대","area_sqm":118.0,"area_band":"100~500㎡","interest_category":"대","solar_candidate":"검토필요","candidate_reason":"청사·공공건축물·주차장 현황 추가 확인 필요; 면적 118㎡","priority_score":40,"source":"경기부동산포털 국공유지조회·연속지적도","source_date":"2026-08-11","installed_solar_match":false}},{"type":"Feature","id":"4155031026102270001","geometry":{"type":"Point","coordinates":[127.3214858,37.0172845]},"properties":{"pnu":"4155031026102270001","municipality_code":"41550","municipality":"안성시","district":"안성시","locality":"보개면 양복리","address":"안성시 보개면 양복리 227-1","owner_type":"국유지","owner_label":"국(건설교통부)","manager":"","property_class":"","land_category":"대","area_sqm":118.0,"area_band":"100~500㎡","interest_category":"대","solar_candidate":"검토필요","candidate_reason":"청사·공공건축물·주차장 현황 추가 확인 필요; 면적 118㎡","priority_score":40,"source":"경기부동산포털 국공유지조회·연속지적도","source_date":"2026-08-11","installed_solar_match":false}},{"type":"Feature","id":"4155012500105490000","geometry":{"type":"Point","coordinates":[127.2648644,37.0135302]},"properties":{"pnu":"4155012500105490000","municipality_code":"41550","municipality":"안성시","district":"안성시","locality":"당왕동","address":"안성시 당왕동 549","owner_type":"국유지","owner_label":"국(교육부)","manager":"","property_class":"","land_category":"대","area_sqm":117.6,"area_band":"100~500㎡","interest_category":"대","solar_candidate":"검토필요","candidate_reason":"청사·공공건축물·주차장 현황 추가 확인 필요; 면적 118㎡","priority_score":40,"source":"경기부동산포털 국공유지조회·연속지적도","source_date":"2026-08-11","installed_solar_match":false}},{"type":"Feature","id":"4155025024102710004","geometry":{"type":"Point","coordinates":[127.1312723,36.9691324]},"properties":{"pnu":"4155025024102710004","municipality_code":"41550","municipality":"안성시","district":"안성시","locality":"공도읍 중복리","address":"안성시 공도읍 중복리 271-4","owner_type":"국유지","owner_label":"국(국토교통부)","manager":"","property_class":"","land_category":"대","area_sqm":117.0,"area_band":"100~500㎡","interest_category":"대","solar_candidate":"검토필요","candidate_reason":"청사·공공건축물·주차장 현황 추가 확인 필요; 면적 117㎡","priority_score":40,"source":"경기부동산포털 국공유지조회·연속지적도","source_date":"2026-08-11","installed_solar_match":false}},{"type":"Feature","id":"4155025029103020042","geometry":{"type":"Point","coordinates":[127.1815043,37.0047912]},"properties":{"pnu":"4155025029103020042","municipality_code":"41550","municipality":"안성시","district":"안성시","locality":"공도읍 만정리","address":"안성시 공도읍 만정리 302-42","owner_type":"국유지","owner_label":"국(국토교통부)","manager":"","property_class":"","land_category":"대","area_sqm":116.0,"area_band":"100~500㎡","interest_category":"대","solar_candidate":"검토필요","candidate_reason":"청사·공공건축물·주차장 현황 추가 확인 필요; 면적 116㎡","priority_score":40,"source":"경기부동산포털 국공유지조회·연속지적도","source_date":"2026-08-11","installed_solar_match":false}},{"type":"Feature","id":"4155039027102710001","geometry":{"type":"Point","coordinates":[127.431168,37.1234613]},"properties":{"pnu":"4155039027102710001","municipality_code":"41550","municipality":"안성시","district":"안성시","locality":"일죽면 방초리","address":"안성시 일죽면 방초리 271-1","owner_type":"국유지","owner_label":"국(기획재정부)","manager":"","property_class":"","land_category":"대","area_sqm":116.0,"area_band":"100~500㎡","interest_category":"대","solar_candidate":"검토필요","candidate_reason":"청사·공공건축물·주차장 현황 추가 확인 필요; 면적 116㎡","priority_score":40,"source":"경기부동산포털 국공유지조회·연속지적도","source_date":"2026-08-11","installed_solar_match":false}},{"type":"Feature","id":"4155038023104620007","geometry":{"type":"Point","coordinates":[127.1365496,37.0523024]},"properties":{"pnu":"4155038023104620007","municipality_code":"41550","municipality":"안성시","district":"안성시","locality":"원곡면 지문리","address":"안성시 원곡면 지문리 462-7","owner_type":"국유지","owner_label":"국(건설부)","manager":"","property_class":"","land_category":"대","area_sqm":115.0,"area_band":"100~500㎡","interest_category":"대","solar_candidate":"검토필요","candidate_reason":"청사·공공건축물·주차장 현황 추가 확인 필요; 면적 115㎡","priority_score":40,"source":"경기부동산포털 국공유지조회·연속지적도","source_date":"2026-08-11","installed_solar_match":false}},{"type":"Feature","id":"4155039028105690002","geometry":{"type":"Point","coordinates":[127.4744429,37.0949149]},"properties":{"pnu":"4155039028105690002","municipality_code":"41550","municipality":"안성시","district":"안성시","locality":"일죽면 송천리","address":"안성시 일죽면 송천리 569-2","owner_type":"국유지","owner_label":"국","manager":"","property_class":"","land_category":"대","area_sqm":115.0,"area_band":"100~500㎡","interest_category":"대","solar_candidate":"검토필요","candidate_reason":"청사·공공건축물·주차장 현황 추가 확인 필요; 면적 115㎡","priority_score":40,"source":"경기부동산포털 국공유지조회·연속지적도","source_date":"2026-08-11","installed_solar_match":false}},{"type":"Feature","id":"4155032023100480008","geometry":{"type":"Point","coordinates":[127.317887,36.9750176]},"properties":{"pnu":"4155032023100480008","municipality_code":"41550","municipality":"안성시","district":"안성시","locality":"금광면 장죽리","address":"안성시 금광면 장죽리 48-8","owner_type":"국유지","owner_label":"국(국토교통부)","manager":"","property_class":"","land_category":"대","area_sqm":113.0,"area_band":"100~500㎡","interest_category":"대","solar_candidate":"검토필요","candidate_reason":"청사·공공건축물·주차장 현황 추가 확인 필요; 면적 113㎡","priority_score":40,"source":"경기부동산포털 국공유지조회·연속지적도","source_date":"2026-08-11","installed_solar_match":false}},{"type":"Feature","id":"4155040024105650011","geometry":{"type":"Point","coordinates":[127.4119735,37.0731769]},"properties":{"pnu":"4155040024105650011","municipality_code":"41550","municipality":"안성시","district":"안성시","locality":"죽산면 두현리","address":"안성시 죽산면 두현리 565-11","owner_type":"국유지","owner_label":"국(기획재정부)","manager":"","property_class":"","land_category":"대","area_sqm":113.0,"area_band":"100~500㎡","interest_category":"대","solar_candidate":"검토필요","candidate_reason":"청사·공공건축물·주차장 현황 추가 확인 필요; 면적 113㎡","priority_score":40,"source":"경기부동산포털 국공유지조회·연속지적도","source_date":"2026-08-11","installed_solar_match":false}},{"type":"Feature","id":"4155031033101790029","geometry":{"type":"Point","coordinates":[127.3017631,37.0391536]},"properties":{"pnu":"4155031033101790029","municipality_code":"41550","municipality":"안성시","district":"안성시","locality":"보개면 복평리","address":"안성시 보개면 복평리 179-29","owner_type":"국유지","owner_label":"국(국토교통부)","manager":"","property_class":"","land_category":"대","area_sqm":112.0,"area_band":"100~500㎡","interest_category":"대","solar_candidate":"검토필요","candidate_reason":"청사·공공건축물·주차장 현황 추가 확인 필요; 면적 112㎡","priority_score":40,"source":"경기부동산포털 국공유지조회·연속지적도","source_date":"2026-08-11","installed_solar_match":false}},{"type":"Feature","id":"4155040029108460000","geometry":{"type":"Point","coordinates":[127.4296117,37.027196]},"properties":{"pnu":"4155040029108460000","municipality_code":"41550","municipality":"안성시","district":"안성시","locality":"죽산면 당목리","address":"안성시 죽산면 당목리 846","owner_type":"국유지","owner_label":"국(기획재정부)","manager":"","property_class":"","land_category":"대","area_sqm":112.0,"area_band":"100~500㎡","interest_category":"대","solar_candidate":"검토필요","candidate_reason":"청사·공공건축물·주차장 현황 추가 확인 필요; 면적 112㎡","priority_score":40,"source":"경기부동산포털 국공유지조회·연속지적도","source_date":"2026-08-11","installed_solar_match":false}},{"type":"Feature","id":"4155025021102900004","geometry":{"type":"Point","coordinates":[127.2028718,37.0097046]},"properties":{"pnu":"4155025021102900004","municipality_code":"41550","municipality":"안성시","district":"안성시","locality":"공도읍 양기리","address":"안성시 공도읍 양기리 290-4","owner_type":"국유지","owner_label":"국(건설부)","manager":"","property_class":"","land_category":"대","area_sqm":111.0,"area_band":"100~500㎡","interest_category":"대","solar_candidate":"검토필요","candidate_reason":"청사·공공건축물·주차장 현황 추가 확인 필요; 면적 111㎡","priority_score":40,"source":"경기부동산포털 국공유지조회·연속지적도","source_date":"2026-08-11","installed_solar_match":false}},{"type":"Feature","id":"4155011300104030006","geometry":{"type":"Point","coordinates":[127.2691943,37.0035785]},"properties":{"pnu":"4155011300104030006","municipality_code":"41550","municipality":"안성시","district":"안성시","locality":"인지동","address":"안성시 인지동 403-6","owner_type":"국유지","owner_label":"국","manager":"","property_class":"","land_category":"대","area_sqm":109.0,"area_band":"100~500㎡","interest_category":"대","solar_candidate":"검토필요","candidate_reason":"청사·공공건축물·주차장 현황 추가 확인 필요; 면적 109㎡","priority_score":40,"source":"경기부동산포털 국공유지조회·연속지적도","source_date":"2026-08-11","installed_solar_match":false}},{"type":"Feature","id":"4155032022105570007","geometry":{"type":"Point","coordinates":[127.3040441,36.983643]},"properties":{"pnu":"4155032022105570007","municipality_code":"41550","municipality":"안성시","district":"안성시","locality":"금광면 개산리","address":"안성시 금광면 개산리 557-7","owner_type":"국유지","owner_label":"국(기획재정부)","manager":"","property_class":"","land_category":"대","area_sqm":109.0,"area_band":"100~500㎡","interest_category":"대","solar_candidate":"검토필요","candidate_reason":"청사·공공건축물·주차장 현황 추가 확인 필요; 면적 109㎡","priority_score":40,"source":"경기부동산포털 국공유지조회·연속지적도","source_date":"2026-08-11","installed_solar_match":false}},{"type":"Feature","id":"4155033025101860000","geometry":{"type":"Point","coordinates":[127.2635406,36.9192637]},"properties":{"pnu":"4155033025101860000","municipality_code":"41550","municipality":"안성시","district":"안성시","locality":"서운면 산평리","address":"안성시 서운면 산평리 186","owner_type":"국유지","owner_label":"국(국토교통부)","manager":"","property_class":"","land_category":"대","area_sqm":109.0,"area_band":"100~500㎡","interest_category":"대","solar_candidate":"검토필요","candidate_reason":"청사·공공건축물·주차장 현황 추가 확인 필요; 면적 109㎡","priority_score":40,"source":"경기부동산포털 국공유지조회·연속지적도","source_date":"2026-08-11","installed_solar_match":false}},{"type":"Feature","id":"4155010300104280001","geometry":{"type":"Point","coordinates":[127.273734,37.0066667]},"properties":{"pnu":"4155010300104280001","municipality_code":"41550","municipality":"안성시","district":"안성시","locality":"영동","address":"안성시 영동 428-1","owner_type":"국유지","owner_label":"국(건설부)","manager":"","property_class":"","land_category":"대","area_sqm":107.0,"area_band":"100~500㎡","interest_category":"대","solar_candidate":"검토필요","candidate_reason":"청사·공공건축물·주차장 현황 추가 확인 필요; 면적 107㎡","priority_score":40,"source":"경기부동산포털 국공유지조회·연속지적도","source_date":"2026-08-11","installed_solar_match":false}},{"type":"Feature","id":"4155011000100850000","geometry":{"type":"Point","coordinates":[127.2718757,37.0043499]},"properties":{"pnu":"4155011000100850000","municipality_code":"41550","municipality":"안성시","district":"안성시","locality":"창전동","address":"안성시 창전동 85","owner_type":"국유지","owner_label":"국(기획재정부)","manager":"","property_class":"","land_category":"대","area_sqm":107.0,"area_band":"100~500㎡","interest_category":"대","solar_candidate":"검토필요","candidate_reason":"청사·공공건축물·주차장 현황 추가 확인 필요; 면적 107㎡","priority_score":40,"source":"경기부동산포털 국공유지조회·연속지적도","source_date":"2026-08-11","installed_solar_match":false}},{"type":"Feature","id":"4155010800100460002","geometry":{"type":"Point","coordinates":[127.2764604,37.0035951]},"properties":{"pnu":"4155010800100460002","municipality_code":"41550","municipality":"안성시","district":"안성시","locality":"옥천동","address":"안성시 옥천동 46-2","owner_type":"국유지","owner_label":"국(기획재정부)","manager":"","property_class":"","land_category":"대","area_sqm":106.0,"area_band":"100~500㎡","interest_category":"대","solar_candidate":"검토필요","candidate_reason":"청사·공공건축물·주차장 현황 추가 확인 필요; 면적 106㎡","priority_score":40,"source":"경기부동산포털 국공유지조회·연속지적도","source_date":"2026-08-11","installed_solar_match":false}},{"type":"Feature","id":"4155011200102070279","geometry":{"type":"Point","coordinates":[127.2681506,37.0026332]},"properties":{"pnu":"4155011200102070279","municipality_code":"41550","municipality":"안성시","district":"안성시","locality":"신흥동","address":"안성시 신흥동 207-279","owner_type":"국유지","owner_label":"국(기획재정부)","manager":"","property_class":"","land_category":"대","area_sqm":106.0,"area_band":"100~500㎡","interest_category":"대","solar_candidate":"검토필요","candidate_reason":"청사·공공건축물·주차장 현황 추가 확인 필요; 면적 106㎡","priority_score":40,"source":"경기부동산포털 국공유지조회·연속지적도","source_date":"2026-08-11","installed_solar_match":false}},{"type":"Feature","id":"4155032028113570009","geometry":{"type":"Point","coordinates":[127.3526608,37.0019501]},"properties":{"pnu":"4155032028113570009","municipality_code":"41550","municipality":"안성시","district":"안성시","locality":"금광면 사흥리","address":"안성시 금광면 사흥리 1357-9","owner_type":"국유지","owner_label":"국(기획재정부)","manager":"","property_class":"","land_category":"대","area_sqm":106.0,"area_band":"100~500㎡","interest_category":"대","solar_candidate":"검토필요","candidate_reason":"청사·공공건축물·주차장 현황 추가 확인 필요; 면적 106㎡","priority_score":40,"source":"경기부동산포털 국공유지조회·연속지적도","source_date":"2026-08-11","installed_solar_match":false}},{"type":"Feature","id":"4155038022100020019","geometry":{"type":"Point","coordinates":[127.1747327,37.0611365]},"properties":{"pnu":"4155038022100020019","municipality_code":"41550","municipality":"안성시","district":"안성시","locality":"원곡면 칠곡리","address":"안성시 원곡면 칠곡리 2-19","owner_type":"국유지","owner_label":"국(건설부)","manager":"","property_class":"","land_category":"대","area_sqm":106.0,"area_band":"100~500㎡","interest_category":"대","solar_candidate":"검토필요","candidate_reason":"청사·공공건축물·주차장 현황 추가 확인 필요; 면적 106㎡","priority_score":40,"source":"경기부동산포털 국공유지조회·연속지적도","source_date":"2026-08-11","installed_solar_match":false}},{"type":"Feature","id":"4155040022105290013","geometry":{"type":"Point","coordinates":[127.4347234,37.1002468]},"properties":{"pnu":"4155040022105290013","municipality_code":"41550","municipality":"안성시","district":"안성시","locality":"죽산면 매산리","address":"안성시 죽산면 매산리 529-13","owner_type":"국유지","owner_label":"국(국가보훈처)","manager":"","property_class":"","land_category":"대","area_sqm":106.0,"area_band":"100~500㎡","interest_category":"대","solar_candidate":"검토필요","candidate_reason":"청사·공공건축물·주차장 현황 추가 확인 필요; 면적 106㎡","priority_score":40,"source":"경기부동산포털 국공유지조회·연속지적도","source_date":"2026-08-11","installed_solar_match":false}},{"type":"Feature","id":"4155034029102800002","geometry":{"type":"Point","coordinates":[127.2613818,36.9598035]},"properties":{"pnu":"4155034029102800002","municipality_code":"41550","municipality":"안성시","district":"안성시","locality":"미양면 구수리","address":"안성시 미양면 구수리 280-2","owner_type":"국유지","owner_label":"국(건설부)","manager":"","property_class":"","land_category":"대","area_sqm":105.0,"area_band":"100~500㎡","interest_category":"대","solar_candidate":"검토필요","candidate_reason":"청사·공공건축물·주차장 현황 추가 확인 필요; 면적 105㎡","priority_score":40,"source":"경기부동산포털 국공유지조회·연속지적도","source_date":"2026-08-11","installed_solar_match":false}},{"type":"Feature","id":"4155039021109890004","geometry":{"type":"Point","coordinates":[127.4391006,37.0804749]},"properties":{"pnu":"4155039021109890004","municipality_code":"41550","municipality":"안성시","district":"안성시","locality":"일죽면 월정리","address":"안성시 일죽면 월정리 989-4","owner_type":"국유지","owner_label":"국(국토교통부)","manager":"","property_class":"","land_category":"대","area_sqm":105.0,"area_band":"100~500㎡","interest_category":"대","solar_candidate":"검토필요","candidate_reason":"청사·공공건축물·주차장 현황 추가 확인 필요; 면적 105㎡","priority_score":40,"source":"경기부동산포털 국공유지조회·연속지적도","source_date":"2026-08-11","installed_solar_match":false}},{"type":"Feature","id":"4155038021104630003","geometry":{"type":"Point","coordinates":[127.1586791,37.0731482]},"properties":{"pnu":"4155038021104630003","municipality_code":"41550","municipality":"안성시","district":"안성시","locality":"원곡면 성은리","address":"안성시 원곡면 성은리 463-3","owner_type":"국유지","owner_label":"국(기획재정부)","manager":"","property_class":"","land_category":"대","area_sqm":104.0,"area_band":"100~500㎡","interest_category":"대","solar_candidate":"검토필요","candidate_reason":"청사·공공건축물·주차장 현황 추가 확인 필요; 면적 104㎡","priority_score":40,"source":"경기부동산포털 국공유지조회·연속지적도","source_date":"2026-08-11","installed_solar_match":false}},{"type":"Feature","id":"4155025030105030024","geometry":{"type":"Point","coordinates":[127.1929886,37.0077555]},"properties":{"pnu":"4155025030105030024","municipality_code":"41550","municipality":"안성시","district":"안성시","locality":"공도읍 마정리","address":"안성시 공도읍 마정리 503-24","owner_type":"국유지","owner_label":"국(국토교통부)","manager":"","property_class":"","land_category":"대","area_sqm":103.0,"area_band":"100~500㎡","interest_category":"대","solar_candidate":"검토필요","candidate_reason":"청사·공공건축물·주차장 현황 추가 확인 필요; 면적 103㎡","priority_score":40,"source":"경기부동산포털 국공유지조회·연속지적도","source_date":"2026-08-11","installed_solar_match":false}},{"type":"Feature","id":"4155031030103060018","geometry":{"type":"Point","coordinates":[127.3055983,37.0136081]},"properties":{"pnu":"4155031030103060018","municipality_code":"41550","municipality":"안성시","district":"안성시","locality":"보개면 내방리","address":"안성시 보개면 내방리 306-18","owner_type":"국유지","owner_label":"국(국토교통부)","manager":"","property_class":"","land_category":"대","area_sqm":103.0,"area_band":"100~500㎡","interest_category":"대","solar_candidate":"검토필요","candidate_reason":"청사·공공건축물·주차장 현황 추가 확인 필요; 면적 103㎡","priority_score":40,"source":"경기부동산포털 국공유지조회·연속지적도","source_date":"2026-08-11","installed_solar_match":false}},{"type":"Feature","id":"4155035031107160014","geometry":{"type":"Point","coordinates":[127.2182581,37.0102263]},"properties":{"pnu":"4155035031107160014","municipality_code":"41550","municipality":"안성시","district":"안성시","locality":"대덕면 신령리","address":"안성시 대덕면 신령리 716-14","owner_type":"국유지","owner_label":"국(국토교통부)","manager":"","property_class":"","land_category":"대","area_sqm":103.0,"area_band":"100~500㎡","interest_category":"대","solar_candidate":"검토필요","candidate_reason":"청사·공공건축물·주차장 현황 추가 확인 필요; 면적 103㎡","priority_score":40,"source":"경기부동산포털 국공유지조회·연속지적도","source_date":"2026-08-11","installed_solar_match":false}},{"type":"Feature","id":"4155025030100880011","geometry":{"type":"Point","coordinates":[127.2055045,37.0101106]},"properties":{"pnu":"4155025030100880011","municipality_code":"41550","municipality":"안성시","district":"안성시","locality":"공도읍 마정리","address":"안성시 공도읍 마정리 88-11","owner_type":"국유지","owner_label":"국(건설부)","manager":"","property_class":"","land_category":"대","area_sqm":102.0,"area_band":"100~500㎡","interest_category":"대","solar_candidate":"검토필요","candidate_reason":"청사·공공건축물·주차장 현황 추가 확인 필요; 면적 102㎡","priority_score":40,"source":"경기부동산포털 국공유지조회·연속지적도","source_date":"2026-08-11","installed_solar_match":false}},{"type":"Feature","id":"4155040022101590000","geometry":{"type":"Point","coordinates":[127.4375221,37.0963314]},"properties":{"pnu":"4155040022101590000","municipality_code":"41550","municipality":"안성시","district":"안성시","locality":"죽산면 매산리","address":"안성시 죽산면 매산리 159","owner_type":"국유지","owner_label":"국(기획재정부)","manager":"","property_class":"","land_category":"대","area_sqm":102.0,"area_band":"100~500㎡","interest_category":"대","solar_candidate":"검토필요","candidate_reason":"청사·공공건축물·주차장 현황 추가 확인 필요; 면적 102㎡","priority_score":40,"source":"경기부동산포털 국공유지조회·연속지적도","source_date":"2026-08-11","installed_solar_match":false}},{"type":"Feature","id":"4155011300103900048","geometry":{"type":"Point","coordinates":[127.2694189,37.0054782]},"properties":{"pnu":"4155011300103900048","municipality_code":"41550","municipality":"안성시","district":"안성시","locality":"인지동","address":"안성시 인지동 390-48","owner_type":"국유지","owner_label":"국(기획재정부)","manager":"","property_class":"","land_category":"대","area_sqm":101.0,"area_band":"100~500㎡","interest_category":"대","solar_candidate":"검토필요","candidate_reason":"청사·공공건축물·주차장 현황 추가 확인 필요; 면적 101㎡","priority_score":40,"source":"경기부동산포털 국공유지조회·연속지적도","source_date":"2026-08-11","installed_solar_match":false}},{"type":"Feature","id":"4155042025101610003","geometry":{"type":"Point","coordinates":[127.2984529,37.0812926]},"properties":{"pnu":"4155042025101610003","municipality_code":"41550","municipality":"안성시","district":"안성시","locality":"고삼면 삼은리","address":"안성시 고삼면 삼은리 161-3","owner_type":"국유지","owner_label":"국(국토교통부)","manager":"","property_class":"","land_category":"대","area_sqm":101.0,"area_band":"100~500㎡","interest_category":"대","solar_candidate":"검토필요","candidate_reason":"청사·공공건축물·주차장 현황 추가 확인 필요; 면적 101㎡","priority_score":40,"source":"경기부동산포털 국공유지조회·연속지적도","source_date":"2026-08-11","installed_solar_match":false}},{"type":"Feature","id":"4155038024107280009","geometry":{"type":"Point","coordinates":[127.1380312,37.0707517]},"properties":{"pnu":"4155038024107280009","municipality_code":"41550","municipality":"안성시","district":"안성시","locality":"원곡면 산하리","address":"안성시 원곡면 산하리 728-9","owner_type":"국유지","owner_label":"국(기획재정부)","manager":"","property_class":"","land_category":"공장용지","area_sqm":494.0,"area_band":"100~500㎡","interest_category":"공장용지","solar_candidate":"검토필요","candidate_reason":"지목·면적 기준 1차 검토 대상; 면적 494㎡","priority_score":37,"source":"경기부동산포털 국공유지조회·연속지적도","source_date":"2026-08-11","installed_solar_match":false}},{"type":"Feature","id":"4155025021104250037","geometry":{"type":"Point","coordinates":[127.1937374,37.0033802]},"properties":{"pnu":"4155025021104250037","municipality_code":"41550","municipality":"안성시","district":"안성시","locality":"공도읍 양기리","address":"안성시 공도읍 양기리 425-37","owner_type":"국유지","owner_label":"국(기획재정부)","manager":"","property_class":"","land_category":"공장용지","area_sqm":474.0,"area_band":"100~500㎡","interest_category":"공장용지","solar_candidate":"검토필요","candidate_reason":"지목·면적 기준 1차 검토 대상; 면적 474㎡","priority_score":37,"source":"경기부동산포털 국공유지조회·연속지적도","source_date":"2026-08-11","installed_solar_match":false}},{"type":"Feature","id":"4155031026105740000","geometry":{"type":"Point","coordinates":[127.3132505,37.0146593]},"properties":{"pnu":"4155031026105740000","municipality_code":"41550","municipality":"안성시","district":"안성시","locality":"보개면 양복리","address":"안성시 보개면 양복리 574","owner_type":"국유지","owner_label":"국(국토교통부)","manager":"","property_class":"","land_category":"공장용지","area_sqm":361.0,"area_band":"100~500㎡","interest_category":"공장용지","solar_candidate":"검토필요","candidate_reason":"지목·면적 기준 1차 검토 대상; 면적 361㎡","priority_score":37,"source":"경기부동산포털 국공유지조회·연속지적도","source_date":"2026-08-11","installed_solar_match":false}},{"type":"Feature","id":"4155042023106050001","geometry":{"type":"Point","coordinates":[127.2566549,37.0652727]},"properties":{"pnu":"4155042023106050001","municipality_code":"41550","municipality":"안성시","district":"안성시","locality":"고삼면 대갈리","address":"안성시 고삼면 대갈리 605-1","owner_type":"국유지","owner_label":"국(기획재정부)","manager":"","property_class":"","land_category":"공장용지","area_sqm":322.0,"area_band":"100~500㎡","interest_category":"공장용지","solar_candidate":"검토필요","candidate_reason":"지목·면적 기준 1차 검토 대상; 면적 322㎡","priority_score":37,"source":"경기부동산포털 국공유지조회·연속지적도","source_date":"2026-08-11","installed_solar_match":false}},{"type":"Feature","id":"4155031035104330010","geometry":{"type":"Point","coordinates":[127.2978179,37.0617744]},"properties":{"pnu":"4155031035104330010","municipality_code":"41550","municipality":"안성시","district":"안성시","locality":"보개면 가율리","address":"안성시 보개면 가율리 433-10","owner_type":"국유지","owner_label":"국(국토교통부)","manager":"","property_class":"","land_category":"공장용지","area_sqm":309.0,"area_band":"100~500㎡","interest_category":"공장용지","solar_candidate":"검토필요","candidate_reason":"지목·면적 기준 1차 검토 대상; 면적 309㎡","priority_score":37,"source":"경기부동산포털 국공유지조회·연속지적도","source_date":"2026-08-11","installed_solar_match":false}},{"type":"Feature","id":"4155036023100580002","geometry":{"type":"Point","coordinates":[127.2023364,37.0713268]},"properties":{"pnu":"4155036023100580002","municipality_code":"41550","municipality":"안성시","district":"안성시","locality":"양성면 석화리","address":"안성시 양성면 석화리 58-2","owner_type":"국유지","owner_label":"국(건설교통부)","manager":"","property_class":"","land_category":"공장용지","area_sqm":294.0,"area_band":"100~500㎡","interest_category":"공장용지","solar_candidate":"검토필요","candidate_reason":"지목·면적 기준 1차 검토 대상; 면적 294㎡","priority_score":37,"source":"경기부동산포털 국공유지조회·연속지적도","source_date":"2026-08-11","installed_solar_match":false}},{"type":"Feature","id":"4155036023100130000","geometry":{"type":"Point","coordinates":[127.2068528,37.0697745]},"properties":{"pnu":"4155036023100130000","municipality_code":"41550","municipality":"안성시","district":"안성시","locality":"양성면 석화리","address":"안성시 양성면 석화리 13","owner_type":"국유지","owner_label":"국(기획재정부)","manager":"","property_class":"","land_category":"공장용지","area_sqm":276.0,"area_band":"100~500㎡","interest_category":"공장용지","solar_candidate":"검토필요","candidate_reason":"지목·면적 기준 1차 검토 대상; 면적 276㎡","priority_score":37,"source":"경기부동산포털 국공유지조회·연속지적도","source_date":"2026-08-11","installed_solar_match":false}},{"type":"Feature","id":"4155025029103020041","geometry":{"type":"Point","coordinates":[127.1830389,37.0051625]},"properties":{"pnu":"4155025029103020041","municipality_code":"41550","municipality":"안성시","district":"안성시","locality":"공도읍 만정리","address":"안성시 공도읍 만정리 302-41","owner_type":"국유지","owner_label":"국(국토교통부)","manager":"","property_class":"","land_category":"공장용지","area_sqm":270.0,"area_band":"100~500㎡","interest_category":"공장용지","solar_candidate":"검토필요","candidate_reason":"지목·면적 기준 1차 검토 대상; 면적 270㎡","priority_score":37,"source":"경기부동산포털 국공유지조회·연속지적도","source_date":"2026-08-11","installed_solar_match":false}},{"type":"Feature","id":"4155035026105250002","geometry":{"type":"Point","coordinates":[127.2594173,37.0511306]},"properties":{"pnu":"4155035026105250002","municipality_code":"41550","municipality":"안성시","district":"안성시","locality":"대덕면 진현리","address":"안성시 대덕면 진현리 525-2","owner_type":"국유지","owner_label":"국(기획재정부)","manager":"","property_class":"","land_category":"공장용지","area_sqm":247.0,"area_band":"100~500㎡","interest_category":"공장용지","solar_candidate":"검토필요","candidate_reason":"지목·면적 기준 1차 검토 대상; 면적 247㎡","priority_score":37,"source":"경기부동산포털 국공유지조회·연속지적도","source_date":"2026-08-11","installed_solar_match":false}},{"type":"Feature","id":"4155025030105420005","geometry":{"type":"Point","coordinates":[127.1903462,37.0090361]},"properties":{"pnu":"4155025030105420005","municipality_code":"41550","municipality":"안성시","district":"안성시","locality":"공도읍 마정리","address":"안성시 공도읍 마정리 542-5","owner_type":"국유지","owner_label":"국(기획재정부)","manager":"","property_class":"","land_category":"공장용지","area_sqm":234.0,"area_band":"100~500㎡","interest_category":"공장용지","solar_candidate":"검토필요","candidate_reason":"지목·면적 기준 1차 검토 대상; 면적 234㎡","priority_score":37,"source":"경기부동산포털 국공유지조회·연속지적도","source_date":"2026-08-11","installed_solar_match":false}},{"type":"Feature","id":"4155038024107530007","geometry":{"type":"Point","coordinates":[127.1282814,37.0777813]},"properties":{"pnu":"4155038024107530007","municipality_code":"41550","municipality":"안성시","district":"안성시","locality":"원곡면 산하리","address":"안성시 원곡면 산하리 753-7","owner_type":"국유지","owner_label":"국(기획재정부)","manager":"","property_class":"","land_category":"공장용지","area_sqm":231.0,"area_band":"100~500㎡","interest_category":"공장용지","solar_candidate":"검토필요","candidate_reason":"지목·면적 기준 1차 검토 대상; 면적 231㎡","priority_score":37,"source":"경기부동산포털 국공유지조회·연속지적도","source_date":"2026-08-11","installed_solar_match":false}},{"type":"Feature","id":"4155025031100220087","geometry":{"type":"Point","coordinates":[127.1404059,36.9944943]},"properties":{"pnu":"4155025031100220087","municipality_code":"41550","municipality":"안성시","district":"안성시","locality":"공도읍 진사리","address":"안성시 공도읍 진사리 22-87","owner_type":"국유지","owner_label":"국(국토해양부)","manager":"","property_class":"","land_category":"공장용지","area_sqm":211.0,"area_band":"100~500㎡","interest_category":"공장용지","solar_candidate":"검토필요","candidate_reason":"지목·면적 기준 1차 검토 대상; 면적 211㎡","priority_score":37,"source":"경기부동산포털 국공유지조회·연속지적도","source_date":"2026-08-11","installed_solar_match":false}},{"type":"Feature","id":"4155025021104500103","geometry":{"type":"Point","coordinates":[127.1899698,37.0063661]},"properties":{"pnu":"4155025021104500103","municipality_code":"41550","municipality":"안성시","district":"안성시","locality":"공도읍 양기리","address":"안성시 공도읍 양기리 450-103","owner_type":"국유지","owner_label":"국(국토교통부)","manager":"","property_class":"","land_category":"공장용지","area_sqm":204.0,"area_band":"100~500㎡","interest_category":"공장용지","solar_candidate":"검토필요","candidate_reason":"지목·면적 기준 1차 검토 대상; 면적 204㎡","priority_score":37,"source":"경기부동산포털 국공유지조회·연속지적도","source_date":"2026-08-11","installed_solar_match":false}},{"type":"Feature","id":"4155034030103960002","geometry":{"type":"Point","coordinates":[127.2045298,36.9679646]},"properties":{"pnu":"4155034030103960002","municipality_code":"41550","municipality":"안성시","district":"안성시","locality":"미양면 진촌리","address":"안성시 미양면 진촌리 396-2","owner_type":"국유지","owner_label":"국(기획재정부)","manager":"","property_class":"","land_category":"공장용지","area_sqm":194.0,"area_band":"100~500㎡","interest_category":"공장용지","solar_candidate":"검토필요","candidate_reason":"지목·면적 기준 1차 검토 대상; 면적 194㎡","priority_score":37,"source":"경기부동산포털 국공유지조회·연속지적도","source_date":"2026-08-11","installed_solar_match":false}},{"type":"Feature","id":"4155034031103650001","geometry":{"type":"Point","coordinates":[127.2380108,36.9840937]},"properties":{"pnu":"4155034031103650001","municipality_code":"41550","municipality":"안성시","district":"안성시","locality":"미양면 갈전리","address":"안성시 미양면 갈전리 365-1","owner_type":"국유지","owner_label":"국(기획재정부)","manager":"","property_class":"","land_category":"공장용지","area_sqm":191.0,"area_band":"100~500㎡","interest_category":"공장용지","solar_candidate":"검토필요","candidate_reason":"지목·면적 기준 1차 검토 대상; 면적 191㎡","priority_score":37,"source":"경기부동산포털 국공유지조회·연속지적도","source_date":"2026-08-11","installed_solar_match":false}},{"type":"Feature","id":"4155031030102860001","geometry":{"type":"Point","coordinates":[127.3117195,37.0149484]},"properties":{"pnu":"4155031030102860001","municipality_code":"41550","municipality":"안성시","district":"안성시","locality":"보개면 내방리","address":"안성시 보개면 내방리 286-1","owner_type":"국유지","owner_label":"국(국토교통부)","manager":"","property_class":"","land_category":"공장용지","area_sqm":184.0,"area_band":"100~500㎡","interest_category":"공장용지","solar_candidate":"검토필요","candidate_reason":"지목·면적 기준 1차 검토 대상; 면적 184㎡","priority_score":37,"source":"경기부동산포털 국공유지조회·연속지적도","source_date":"2026-08-11","installed_solar_match":false}},{"type":"Feature","id":"4155033026102320007","geometry":{"type":"Point","coordinates":[127.2244542,36.9283211]},"properties":{"pnu":"4155033026102320007","municipality_code":"41550","municipality":"안성시","district":"안성시","locality":"서운면 현매리","address":"안성시 서운면 현매리 232-7","owner_type":"국유지","owner_label":"국(농수산부)","manager":"","property_class":"","land_category":"공장용지","area_sqm":165.0,"area_band":"100~500㎡","interest_category":"공장용지","solar_candidate":"검토필요","candidate_reason":"지목·면적 기준 1차 검토 대상; 면적 165㎡","priority_score":37,"source":"경기부동산포털 국공유지조회·연속지적도","source_date":"2026-08-11","installed_solar_match":false}},{"type":"Feature","id":"4155034030103960001","geometry":{"type":"Point","coordinates":[127.2038598,36.9681856]},"properties":{"pnu":"4155034030103960001","municipality_code":"41550","municipality":"안성시","district":"안성시","locality":"미양면 진촌리","address":"안성시 미양면 진촌리 396-1","owner_type":"국유지","owner_label":"국(기획재정부)","manager":"","property_class":"","land_category":"공장용지","area_sqm":165.0,"area_band":"100~500㎡","interest_category":"공장용지","solar_candidate":"검토필요","candidate_reason":"지목·면적 기준 1차 검토 대상; 면적 165㎡","priority_score":37,"source":"경기부동산포털 국공유지조회·연속지적도","source_date":"2026-08-11","installed_solar_match":false}},{"type":"Feature","id":"4155038026103370004","geometry":{"type":"Point","coordinates":[127.1479374,37.0343127]},"properties":{"pnu":"4155038026103370004","municipality_code":"41550","municipality":"안성시","district":"안성시","locality":"원곡면 외가천리","address":"안성시 원곡면 외가천리 337-4","owner_type":"국유지","owner_label":"국(기획재정부)","manager":"","property_class":"","land_category":"공장용지","area_sqm":143.0,"area_band":"100~500㎡","interest_category":"공장용지","solar_candidate":"검토필요","candidate_reason":"지목·면적 기준 1차 검토 대상; 면적 143㎡","priority_score":37,"source":"경기부동산포털 국공유지조회·연속지적도","source_date":"2026-08-11","installed_solar_match":false}},{"type":"Feature","id":"4155031030103260003","geometry":{"type":"Point","coordinates":[127.311973,37.0148213]},"properties":{"pnu":"4155031030103260003","municipality_code":"41550","municipality":"안성시","district":"안성시","locality":"보개면 내방리","address":"안성시 보개면 내방리 326-3","owner_type":"국유지","owner_label":"국(국토교통부)","manager":"","property_class":"","land_category":"공장용지","area_sqm":132.0,"area_band":"100~500㎡","interest_category":"공장용지","solar_candidate":"검토필요","candidate_reason":"지목·면적 기준 1차 검토 대상; 면적 132㎡","priority_score":37,"source":"경기부동산포털 국공유지조회·연속지적도","source_date":"2026-08-11","installed_solar_match":false}},{"type":"Feature","id":"4155031030102830009","geometry":{"type":"Point","coordinates":[127.3120831,37.0149693]},"properties":{"pnu":"4155031030102830009","municipality_code":"41550","municipality":"안성시","district":"안성시","locality":"보개면 내방리","address":"안성시 보개면 내방리 283-9","owner_type":"국유지","owner_label":"국(국토교통부)","manager":"","property_class":"","land_category":"공장용지","area_sqm":131.0,"area_band":"100~500㎡","interest_category":"공장용지","solar_candidate":"검토필요","candidate_reason":"지목·면적 기준 1차 검토 대상; 면적 131㎡","priority_score":37,"source":"경기부동산포털 국공유지조회·연속지적도","source_date":"2026-08-11","installed_solar_match":false}},{"type":"Feature","id":"4155039027110590008","geometry":{"type":"Point","coordinates":[127.4166138,37.1179908]},"properties":{"pnu":"4155039027110590008","municipality_code":"41550","municipality":"안성시","district":"안성시","locality":"일죽면 방초리","address":"안성시 일죽면 방초리 1059-8","owner_type":"국유지","owner_label":"국(기획재정부)","manager":"","property_class":"","land_category":"공장용지","area_sqm":130.0,"area_band":"100~500㎡","interest_category":"공장용지","solar_candidate":"검토필요","candidate_reason":"지목·면적 기준 1차 검토 대상; 면적 130㎡","priority_score":37,"source":"경기부동산포털 국공유지조회·연속지적도","source_date":"2026-08-11","installed_solar_match":false}},{"type":"Feature","id":"4155041029102810001","geometry":{"type":"Point","coordinates":[127.344638,37.034835]},"properties":{"pnu":"4155041029102810001","municipality_code":"41550","municipality":"안성시","district":"안성시","locality":"삼죽면 마전리","address":"안성시 삼죽면 마전리 281-1","owner_type":"국유지","owner_label":"국(기획재정부)","manager":"","property_class":"","land_category":"공장용지","area_sqm":130.0,"area_band":"100~500㎡","interest_category":"공장용지","solar_candidate":"검토필요","candidate_reason":"지목·면적 기준 1차 검토 대상; 면적 130㎡","priority_score":37,"source":"경기부동산포털 국공유지조회·연속지적도","source_date":"2026-08-11","installed_solar_match":false}},{"type":"Feature","id":"4155025025100200009","geometry":{"type":"Point","coordinates":[127.1720664,37.0143772]},"properties":{"pnu":"4155025025100200009","municipality_code":"41550","municipality":"안성시","district":"안성시","locality":"공도읍 용두리","address":"안성시 공도읍 용두리 20-9","owner_type":"국유지","owner_label":"국(건설교통부)","manager":"","property_class":"","land_category":"공장용지","area_sqm":124.0,"area_band":"100~500㎡","interest_category":"공장용지","solar_candidate":"검토필요","candidate_reason":"지목·면적 기준 1차 검토 대상; 면적 124㎡","priority_score":37,"source":"경기부동산포털 국공유지조회·연속지적도","source_date":"2026-08-11","installed_solar_match":false}},{"type":"Feature","id":"4155036026102930005","geometry":{"type":"Point","coordinates":[127.2124793,37.0786185]},"properties":{"pnu":"4155036026102930005","municipality_code":"41550","municipality":"안성시","district":"안성시","locality":"양성면 도곡리","address":"안성시 양성면 도곡리 293-5","owner_type":"국유지","owner_label":"국(기획재정부)","manager":"","property_class":"","land_category":"공장용지","area_sqm":119.0,"area_band":"100~500㎡","interest_category":"공장용지","solar_candidate":"검토필요","candidate_reason":"지목·면적 기준 1차 검토 대상; 면적 119㎡","priority_score":37,"source":"경기부동산포털 국공유지조회·연속지적도","source_date":"2026-08-11","installed_solar_match":false}},{"type":"Feature","id":"4155025022106100005","geometry":{"type":"Point","coordinates":[127.1808667,36.9854946]},"properties":{"pnu":"4155025022106100005","municipality_code":"41550","municipality":"안성시","district":"안성시","locality":"공도읍 웅교리","address":"안성시 공도읍 웅교리 610-5","owner_type":"국유지","owner_label":"국(건설부)","manager":"","property_class":"","land_category":"공장용지","area_sqm":110.0,"area_band":"100~500㎡","interest_category":"공장용지","solar_candidate":"검토필요","candidate_reason":"지목·면적 기준 1차 검토 대상; 면적 110㎡","priority_score":37,"source":"경기부동산포털 국공유지조회·연속지적도","source_date":"2026-08-11","installed_solar_match":false}},{"type":"Feature","id":"4155036023102300007","geometry":{"type":"Point","coordinates":[127.2047014,37.0701526]},"properties":{"pnu":"4155036023102300007","municipality_code":"41550","municipality":"안성시","district":"안성시","locality":"양성면 석화리","address":"안성시 양성면 석화리 230-7","owner_type":"국유지","owner_label":"국(기획재정부)","manager":"","property_class":"","land_category":"공장용지","area_sqm":109.0,"area_band":"100~500㎡","interest_category":"공장용지","solar_candidate":"검토필요","candidate_reason":"지목·면적 기준 1차 검토 대상; 면적 109㎡","priority_score":37,"source":"경기부동산포털 국공유지조회·연속지적도","source_date":"2026-08-11","installed_solar_match":false}},{"type":"Feature","id":"4155025025100010020","geometry":{"type":"Point","coordinates":[127.1727062,37.0176246]},"properties":{"pnu":"4155025025100010020","municipality_code":"41550","municipality":"안성시","district":"안성시","locality":"공도읍 용두리","address":"안성시 공도읍 용두리 1-20","owner_type":"국유지","owner_label":"국(건설교통부)","manager":"","property_class":"","land_category":"공장용지","area_sqm":108.0,"area_band":"100~500㎡","interest_category":"공장용지","solar_candidate":"검토필요","candidate_reason":"지목·면적 기준 1차 검토 대상; 면적 108㎡","priority_score":37,"source":"경기부동산포털 국공유지조회·연속지적도","source_date":"2026-08-11","installed_solar_match":false}},{"type":"Feature","id":"4155025021105900000","geometry":{"type":"Point","coordinates":[127.180541,36.9954103]},"properties":{"pnu":"4155025021105900000","municipality_code":"41550","municipality":"안성시","district":"안성시","locality":"공도읍 양기리","address":"안성시 공도읍 양기리 590","owner_type":"국유지","owner_label":"국(농림축산식품부)","manager":"","property_class":"","land_category":"도로","area_sqm":4999.3,"area_band":"3,000~5,000㎡","interest_category":"도로","solar_candidate":"검토필요","candidate_reason":"도로점용 및 실제 이용형태 추가 검토 필요; 면적 4,999㎡","priority_score":35,"source":"경기부동산포털 국공유지조회·연속지적도","source_date":"2026-08-11","installed_solar_match":false}},{"type":"Feature","id":"4155039030109470000","geometry":{"type":"Point","coordinates":[127.4566567,37.1041091]},"properties":{"pnu":"4155039030109470000","municipality_code":"41550","municipality":"안성시","district":"안성시","locality":"일죽면 화곡리","address":"안성시 일죽면 화곡리 947","owner_type":"국유지","owner_label":"국(농림수산식품부)","manager":"","property_class":"","land_category":"도로","area_sqm":4963.3,"area_band":"3,000~5,000㎡","interest_category":"도로","solar_candidate":"검토필요","candidate_reason":"도로점용 및 실제 이용형태 추가 검토 필요; 면적 4,963㎡","priority_score":35,"source":"경기부동산포털 국공유지조회·연속지적도","source_date":"2026-08-11","installed_solar_match":false}},{"type":"Feature","id":"4155033031100490001","geometry":{"type":"Point","coordinates":[127.2398447,36.9399627]},"properties":{"pnu":"4155033031100490001","municipality_code":"41550","municipality":"안성시","district":"안성시","locality":"서운면 송산리","address":"안성시 서운면 송산리 49-1","owner_type":"국유지","owner_label":"국(농림축산식품부)","manager":"","property_class":"","land_category":"도로","area_sqm":4963.0,"area_band":"3,000~5,000㎡","interest_category":"도로","solar_candidate":"검토필요","candidate_reason":"도로점용 및 실제 이용형태 추가 검토 필요; 면적 4,963㎡","priority_score":35,"source":"경기부동산포털 국공유지조회·연속지적도","source_date":"2026-08-11","installed_solar_match":false}},{"type":"Feature","id":"4155039029201230005","geometry":{"type":"Point","coordinates":[127.4451331,37.1151876]},"properties":{"pnu":"4155039029201230005","municipality_code":"41550","municipality":"안성시","district":"안성시","locality":"일죽면 고은리","address":"안성시 일죽면 고은리 산123-5","owner_type":"국유지","owner_label":"국(건설부)","manager":"","property_class":"","land_category":"도로","area_sqm":4962.0,"area_band":"3,000~5,000㎡","interest_category":"도로","solar_candidate":"검토필요","candidate_reason":"도로점용 및 실제 이용형태 추가 검토 필요; 면적 4,962㎡","priority_score":35,"source":"경기부동산포털 국공유지조회·연속지적도","source_date":"2026-08-11","installed_solar_match":false}},{"type":"Feature","id":"4155038023106160000","geometry":{"type":"Point","coordinates":[127.1356632,37.0495195]},"properties":{"pnu":"4155038023106160000","municipality_code":"41550","municipality":"안성시","district":"안성시","locality":"원곡면 지문리","address":"안성시 원곡면 지문리 616","owner_type":"국유지","owner_label":"국(건설교통부)","manager":"","property_class":"","land_category":"도로","area_sqm":4955.0,"area_band":"3,000~5,000㎡","interest_category":"도로","solar_candidate":"검토필요","candidate_reason":"도로점용 및 실제 이용형태 추가 검토 필요; 면적 4,955㎡","priority_score":35,"source":"경기부동산포털 국공유지조회·연속지적도","source_date":"2026-08-11","installed_solar_match":false}},{"type":"Feature","id":"4155033021105170000","geometry":{"type":"Point","coordinates":[127.2651005,36.9420686]},"properties":{"pnu":"4155033021105170000","municipality_code":"41550","municipality":"안성시","district":"안성시","locality":"서운면 인리","address":"안성시 서운면 인리 517","owner_type":"국유지","owner_label":"국(농림축산식품부)","manager":"","property_class":"","land_category":"도로","area_sqm":4952.2,"area_band":"3,000~5,000㎡","interest_category":"도로","solar_candidate":"검토필요","candidate_reason":"도로점용 및 실제 이용형태 추가 검토 필요; 면적 4,952㎡","priority_score":35,"source":"경기부동산포털 국공유지조회·연속지적도","source_date":"2026-08-11","installed_solar_match":false}},{"type":"Feature","id":"4155038021104630006","geometry":{"type":"Point","coordinates":[127.1571881,37.0734355]},"properties":{"pnu":"4155038021104630006","municipality_code":"41550","municipality":"안성시","district":"안성시","locality":"원곡면 성은리","address":"안성시 원곡면 성은리 463-6","owner_type":"국유지","owner_label":"국(건설교통부)","manager":"","property_class":"","land_category":"도로","area_sqm":4951.0,"area_band":"3,000~5,000㎡","interest_category":"도로","solar_candidate":"검토필요","candidate_reason":"도로점용 및 실제 이용형태 추가 검토 필요; 면적 4,951㎡","priority_score":35,"source":"경기부동산포털 국공유지조회·연속지적도","source_date":"2026-08-11","installed_solar_match":false}},{"type":"Feature","id":"4155039035106550001","geometry":{"type":"Point","coordinates":[127.4718837,37.0661513]},"properties":{"pnu":"4155039035106550001","municipality_code":"41550","municipality":"안성시","district":"안성시","locality":"일죽면 화봉리","address":"안성시 일죽면 화봉리 655-1","owner_type":"국유지","owner_label":"국(건설부)","manager":"","property_class":"","land_category":"도로","area_sqm":4950.0,"area_band":"3,000~5,000㎡","interest_category":"도로","solar_candidate":"검토필요","candidate_reason":"도로점용 및 실제 이용형태 추가 검토 필요; 면적 4,950㎡","priority_score":35,"source":"경기부동산포털 국공유지조회·연속지적도","source_date":"2026-08-11","installed_solar_match":false}},{"type":"Feature","id":"4155010200100770000","geometry":{"type":"Point","coordinates":[127.2741232,37.0093973]},"properties":{"pnu":"4155010200100770000","municipality_code":"41550","municipality":"안성시","district":"안성시","locality":"숭인동","address":"안성시 숭인동 77","owner_type":"국유지","owner_label":"국(건설부)","manager":"","property_class":"","land_category":"도로","area_sqm":4949.0,"area_band":"3,000~5,000㎡","interest_category":"도로","solar_candidate":"검토필요","candidate_reason":"도로점용 및 실제 이용형태 추가 검토 필요; 면적 4,949㎡","priority_score":35,"source":"경기부동산포털 국공유지조회·연속지적도","source_date":"2026-08-11","installed_solar_match":false}},{"type":"Feature","id":"4155034037105030001","geometry":{"type":"Point","coordinates":[127.2300361,36.9753462]},"properties":{"pnu":"4155034037105030001","municipality_code":"41550","municipality":"안성시","district":"안성시","locality":"미양면 마산리","address":"안성시 미양면 마산리 503-1","owner_type":"국유지","owner_label":"국(건설부)","manager":"","property_class":"","land_category":"도로","area_sqm":4936.0,"area_band":"3,000~5,000㎡","interest_category":"도로","solar_candidate":"검토필요","candidate_reason":"도로점용 및 실제 이용형태 추가 검토 필요; 면적 4,936㎡","priority_score":35,"source":"경기부동산포털 국공유지조회·연속지적도","source_date":"2026-08-11","installed_solar_match":false}},{"type":"Feature","id":"4155040029200270002","geometry":{"type":"Point","coordinates":[127.438523,37.0390387]},"properties":{"pnu":"4155040029200270002","municipality_code":"41550","municipality":"안성시","district":"안성시","locality":"죽산면 당목리","address":"안성시 죽산면 당목리 산27-2","owner_type":"국유지","owner_label":"국(국토해양부)","manager":"","property_class":"","land_category":"도로","area_sqm":4932.0,"area_band":"3,000~5,000㎡","interest_category":"도로","solar_candidate":"검토필요","candidate_reason":"도로점용 및 실제 이용형태 추가 검토 필요; 면적 4,932㎡","priority_score":35,"source":"경기부동산포털 국공유지조회·연속지적도","source_date":"2026-08-11","installed_solar_match":false}},{"type":"Feature","id":"4155039023110300000","geometry":{"type":"Point","coordinates":[127.4509347,37.0700158]},"properties":{"pnu":"4155039023110300000","municipality_code":"41550","municipality":"안성시","district":"안성시","locality":"일죽면 죽림리","address":"안성시 일죽면 죽림리 1030","owner_type":"국유지","owner_label":"국(농림수산부)","manager":"","property_class":"","land_category":"도로","area_sqm":4907.0,"area_band":"3,000~5,000㎡","interest_category":"도로","solar_candidate":"검토필요","candidate_reason":"도로점용 및 실제 이용형태 추가 검토 필요; 면적 4,907㎡","priority_score":35,"source":"경기부동산포털 국공유지조회·연속지적도","source_date":"2026-08-11","installed_solar_match":false}},{"type":"Feature","id":"4155040027103890000","geometry":{"type":"Point","coordinates":[127.4379256,37.0471355]},"properties":{"pnu":"4155040027103890000","municipality_code":"41550","municipality":"안성시","district":"안성시","locality":"죽산면 용설리","address":"안성시 죽산면 용설리 389","owner_type":"국유지","owner_label":"국(건설교통부)","manager":"","property_class":"","land_category":"도로","area_sqm":4906.0,"area_band":"3,000~5,000㎡","interest_category":"도로","solar_candidate":"검토필요","candidate_reason":"도로점용 및 실제 이용형태 추가 검토 필요; 면적 4,906㎡","priority_score":35,"source":"경기부동산포털 국공유지조회·연속지적도","source_date":"2026-08-11","installed_solar_match":false}},{"type":"Feature","id":"4155039029201280005","geometry":{"type":"Point","coordinates":[127.4450718,37.114197]},"properties":{"pnu":"4155039029201280005","municipality_code":"41550","municipality":"안성시","district":"안성시","locality":"일죽면 고은리","address":"안성시 일죽면 고은리 산128-5","owner_type":"국유지","owner_label":"국(건설부)","manager":"","property_class":"","land_category":"도로","area_sqm":4899.0,"area_band":"3,000~5,000㎡","interest_category":"도로","solar_candidate":"검토필요","candidate_reason":"도로점용 및 실제 이용형태 추가 검토 필요; 면적 4,899㎡","priority_score":35,"source":"경기부동산포털 국공유지조회·연속지적도","source_date":"2026-08-11","installed_solar_match":false}},{"type":"Feature","id":"4155040027112480000","geometry":{"type":"Point","coordinates":[127.4391701,37.0583743]},"properties":{"pnu":"4155040027112480000","municipality_code":"41550","municipality":"안성시","district":"안성시","locality":"죽산면 용설리","address":"안성시 죽산면 용설리 1248","owner_type":"국유지","owner_label":"국(건설교통부)","manager":"","property_class":"","land_category":"도로","area_sqm":4889.0,"area_band":"3,000~5,000㎡","interest_category":"도로","solar_candidate":"검토필요","candidate_reason":"도로점용 및 실제 이용형태 추가 검토 필요; 면적 4,889㎡","priority_score":35,"source":"경기부동산포털 국공유지조회·연속지적도","source_date":"2026-08-11","installed_solar_match":false}},{"type":"Feature","id":"4155039029108530001","geometry":{"type":"Point","coordinates":[127.4454277,37.108242]},"properties":{"pnu":"4155039029108530001","municipality_code":"41550","municipality":"안성시","district":"안성시","locality":"일죽면 고은리","address":"안성시 일죽면 고은리 853-1","owner_type":"국유지","owner_label":"국(건설부)","manager":"","property_class":"","land_category":"도로","area_sqm":4881.0,"area_band":"3,000~5,000㎡","interest_category":"도로","solar_candidate":"검토필요","candidate_reason":"도로점용 및 실제 이용형태 추가 검토 필요; 면적 4,881㎡","priority_score":35,"source":"경기부동산포털 국공유지조회·연속지적도","source_date":"2026-08-11","installed_solar_match":false}},{"type":"Feature","id":"4155039021102180005","geometry":{"type":"Point","coordinates":[127.4489366,37.0931014]},"properties":{"pnu":"4155039021102180005","municipality_code":"41550","municipality":"안성시","district":"안성시","locality":"일죽면 월정리","address":"안성시 일죽면 월정리 218-5","owner_type":"국유지","owner_label":"국(건설부)","manager":"","property_class":"","land_category":"도로","area_sqm":4880.0,"area_band":"3,000~5,000㎡","interest_category":"도로","solar_candidate":"검토필요","candidate_reason":"도로점용 및 실제 이용형태 추가 검토 필요; 면적 4,880㎡","priority_score":35,"source":"경기부동산포털 국공유지조회·연속지적도","source_date":"2026-08-11","installed_solar_match":false}},{"type":"Feature","id":"4155040023110400001","geometry":{"type":"Point","coordinates":[127.4124068,37.0633427]},"properties":{"pnu":"4155040023110400001","municipality_code":"41550","municipality":"안성시","district":"안성시","locality":"죽산면 장원리","address":"안성시 죽산면 장원리 1040-1","owner_type":"국유지","owner_label":"국(건설교통부)","manager":"","property_class":"","land_category":"도로","area_sqm":4879.0,"area_band":"3,000~5,000㎡","interest_category":"도로","solar_candidate":"검토필요","candidate_reason":"도로점용 및 실제 이용형태 추가 검토 필요; 면적 4,879㎡","priority_score":35,"source":"경기부동산포털 국공유지조회·연속지적도","source_date":"2026-08-11","installed_solar_match":false}},{"type":"Feature","id":"4155034029100490000","geometry":{"type":"Point","coordinates":[127.2589135,36.9755426]},"properties":{"pnu":"4155034029100490000","municipality_code":"41550","municipality":"안성시","district":"안성시","locality":"미양면 구수리","address":"안성시 미양면 구수리 49","owner_type":"국유지","owner_label":"국(농림축산식품부)","manager":"","property_class":"","land_category":"도로","area_sqm":4877.0,"area_band":"3,000~5,000㎡","interest_category":"도로","solar_candidate":"검토필요","candidate_reason":"도로점용 및 실제 이용형태 추가 검토 필요; 면적 4,877㎡","priority_score":35,"source":"경기부동산포털 국공유지조회·연속지적도","source_date":"2026-08-11","installed_solar_match":false}},{"type":"Feature","id":"4155040030101800002","geometry":{"type":"Point","coordinates":[127.4371182,37.0105421]},"properties":{"pnu":"4155040030101800002","municipality_code":"41550","municipality":"안성시","district":"안성시","locality":"죽산면 두교리","address":"안성시 죽산면 두교리 180-2","owner_type":"국유지","owner_label":"국(국토해양부)","manager":"","property_class":"","land_category":"도로","area_sqm":4850.0,"area_band":"3,000~5,000㎡","interest_category":"도로","solar_candidate":"검토필요","candidate_reason":"도로점용 및 실제 이용형태 추가 검토 필요; 면적 4,850㎡","priority_score":35,"source":"경기부동산포털 국공유지조회·연속지적도","source_date":"2026-08-11","installed_solar_match":false}},{"type":"Feature","id":"4155040023110040000","geometry":{"type":"Point","coordinates":[127.4384628,37.0714703]},"properties":{"pnu":"4155040023110040000","municipality_code":"41550","municipality":"안성시","district":"안성시","locality":"죽산면 장원리","address":"안성시 죽산면 장원리 1004","owner_type":"국유지","owner_label":"국(건설교통부)","manager":"","property_class":"","land_category":"도로","area_sqm":4830.0,"area_band":"3,000~5,000㎡","interest_category":"도로","solar_candidate":"검토필요","candidate_reason":"도로점용 및 실제 이용형태 추가 검토 필요; 면적 4,830㎡","priority_score":35,"source":"경기부동산포털 국공유지조회·연속지적도","source_date":"2026-08-11","installed_solar_match":false}},{"type":"Feature","id":"4155036038106000000","geometry":{"type":"Point","coordinates":[127.1789413,37.0331364]},"properties":{"pnu":"4155036038106000000","municipality_code":"41550","municipality":"안성시","district":"안성시","locality":"양성면 방신리","address":"안성시 양성면 방신리 600","owner_type":"국유지","owner_label":"국(건설교통부)","manager":"","property_class":"","land_category":"도로","area_sqm":4822.0,"area_band":"3,000~5,000㎡","interest_category":"도로","solar_candidate":"검토필요","candidate_reason":"도로점용 및 실제 이용형태 추가 검토 필요; 면적 4,822㎡","priority_score":35,"source":"경기부동산포털 국공유지조회·연속지적도","source_date":"2026-08-11","installed_solar_match":false}},{"type":"Feature","id":"4155025031106330000","geometry":{"type":"Point","coordinates":[127.1465431,36.9902642]},"properties":{"pnu":"4155025031106330000","municipality_code":"41550","municipality":"안성시","district":"안성시","locality":"공도읍 진사리","address":"안성시 공도읍 진사리 633","owner_type":"국유지","owner_label":"국(건설부)","manager":"","property_class":"","land_category":"도로","area_sqm":4816.0,"area_band":"3,000~5,000㎡","interest_category":"도로","solar_candidate":"검토필요","candidate_reason":"도로점용 및 실제 이용형태 추가 검토 필요; 면적 4,816㎡","priority_score":35,"source":"경기부동산포털 국공유지조회·연속지적도","source_date":"2026-08-11","installed_solar_match":true,"installed_solar_count":1,"installed_solar_area_sqm":16.9,"installed_solar_analysis_years":["2024"],"installed_solar_types":["개인주택"],"installed_solar_permit_status_counts":{"N":1}}},{"type":"Feature","id":"4155038024107460000","geometry":{"type":"Point","coordinates":[127.1291248,37.087144]},"properties":{"pnu":"4155038024107460000","municipality_code":"41550","municipality":"안성시","district":"안성시","locality":"원곡면 산하리","address":"안성시 원곡면 산하리 746","owner_type":"국유지","owner_label":"국(건설교통부)","manager":"","property_class":"","land_category":"도로","area_sqm":4800.0,"area_band":"3,000~5,000㎡","interest_category":"도로","solar_candidate":"검토필요","candidate_reason":"도로점용 및 실제 이용형태 추가 검토 필요; 면적 4,800㎡","priority_score":35,"source":"경기부동산포털 국공유지조회·연속지적도","source_date":"2026-08-11","installed_solar_match":false}},{"type":"Feature","id":"4155031026107130001","geometry":{"type":"Point","coordinates":[127.3163909,37.011547]},"properties":{"pnu":"4155031026107130001","municipality_code":"41550","municipality":"안성시","district":"안성시","locality":"보개면 양복리","address":"안성시 보개면 양복리 713-1","owner_type":"국유지","owner_label":"국(농림축산식품부)","manager":"","property_class":"","land_category":"도로","area_sqm":4789.0,"area_band":"3,000~5,000㎡","interest_category":"도로","solar_candidate":"검토필요","candidate_reason":"도로점용 및 실제 이용형태 추가 검토 필요; 면적 4,789㎡","priority_score":35,"source":"경기부동산포털 국공유지조회·연속지적도","source_date":"2026-08-11","installed_solar_match":false}},{"type":"Feature","id":"4155038027106320001","geometry":{"type":"Point","coordinates":[127.1468148,37.011887]},"properties":{"pnu":"4155038027106320001","municipality_code":"41550","municipality":"안성시","district":"안성시","locality":"원곡면 반제리","address":"안성시 원곡면 반제리 632-1","owner_type":"국유지","owner_label":"국(건설부)","manager":"","property_class":"","land_category":"도로","area_sqm":4789.0,"area_band":"3,000~5,000㎡","interest_category":"도로","solar_candidate":"검토필요","candidate_reason":"도로점용 및 실제 이용형태 추가 검토 필요; 면적 4,789㎡","priority_score":35,"source":"경기부동산포털 국공유지조회·연속지적도","source_date":"2026-08-11","installed_solar_match":false}},{"type":"Feature","id":"4155038027200200002","geometry":{"type":"Point","coordinates":[127.1596108,37.0328696]},"properties":{"pnu":"4155038027200200002","municipality_code":"41550","municipality":"안성시","district":"안성시","locality":"원곡면 반제리","address":"안성시 원곡면 반제리 산20-2","owner_type":"국유지","owner_label":"국(건설교통부)","manager":"","property_class":"","land_category":"도로","area_sqm":4760.0,"area_band":"3,000~5,000㎡","interest_category":"도로","solar_candidate":"검토필요","candidate_reason":"도로점용 및 실제 이용형태 추가 검토 필요; 면적 4,760㎡","priority_score":35,"source":"경기부동산포털 국공유지조회·연속지적도","source_date":"2026-08-11","installed_solar_match":false}},{"type":"Feature","id":"4155038027201330003","geometry":{"type":"Point","coordinates":[127.1473199,37.011162]},"properties":{"pnu":"4155038027201330003","municipality_code":"41550","municipality":"안성시","district":"안성시","locality":"원곡면 반제리","address":"안성시 원곡면 반제리 산133-3","owner_type":"국유지","owner_label":"국(건설교통부)","manager":"","property_class":"","land_category":"도로","area_sqm":4760.0,"area_band":"3,000~5,000㎡","interest_category":"도로","solar_candidate":"검토필요","candidate_reason":"도로점용 및 실제 이용형태 추가 검토 필요; 면적 4,760㎡","priority_score":35,"source":"경기부동산포털 국공유지조회·연속지적도","source_date":"2026-08-11","installed_solar_match":false}},{"type":"Feature","id":"4155040028108830000","geometry":{"type":"Point","coordinates":[127.4040984,37.0223128]},"properties":{"pnu":"4155040028108830000","municipality_code":"41550","municipality":"안성시","district":"안성시","locality":"죽산면 칠장리","address":"안성시 죽산면 칠장리 883","owner_type":"국유지","owner_label":"국(건설교통부)","manager":"","property_class":"","land_category":"도로","area_sqm":4760.0,"area_band":"3,000~5,000㎡","interest_category":"도로","solar_candidate":"검토필요","candidate_reason":"도로점용 및 실제 이용형태 추가 검토 필요; 면적 4,760㎡","priority_score":35,"source":"경기부동산포털 국공유지조회·연속지적도","source_date":"2026-08-11","installed_solar_match":false}},{"type":"Feature","id":"4155035033104460000","geometry":{"type":"Point","coordinates":[127.2214158,37.0362805]},"properties":{"pnu":"4155035033104460000","municipality_code":"41550","municipality":"안성시","district":"안성시","locality":"대덕면 소내리","address":"안성시 대덕면 소내리 446","owner_type":"국유지","owner_label":"국(건설교통부)","manager":"","property_class":"","land_category":"도로","area_sqm":4751.0,"area_band":"3,000~5,000㎡","interest_category":"도로","solar_candidate":"검토필요","candidate_reason":"도로점용 및 실제 이용형태 추가 검토 필요; 면적 4,751㎡","priority_score":35,"source":"경기부동산포털 국공유지조회·연속지적도","source_date":"2026-08-11","installed_solar_match":false}},{"type":"Feature","id":"4155035030106980009","geometry":{"type":"Point","coordinates":[127.2132214,36.9912736]},"properties":{"pnu":"4155035030106980009","municipality_code":"41550","municipality":"안성시","district":"안성시","locality":"대덕면 죽리","address":"안성시 대덕면 죽리 698-9","owner_type":"국유지","owner_label":"국(농림축산식품부)","manager":"","property_class":"","land_category":"도로","area_sqm":4749.0,"area_band":"3,000~5,000㎡","interest_category":"도로","solar_candidate":"검토필요","candidate_reason":"도로점용 및 실제 이용형태 추가 검토 필요; 면적 4,749㎡","priority_score":35,"source":"경기부동산포털 국공유지조회·연속지적도","source_date":"2026-08-11","installed_solar_match":false}},{"type":"Feature","id":"4155040022107670000","geometry":{"type":"Point","coordinates":[127.4405002,37.0893956]},"properties":{"pnu":"4155040022107670000","municipality_code":"41550","municipality":"안성시","district":"안성시","locality":"죽산면 매산리","address":"안성시 죽산면 매산리 767","owner_type":"국유지","owner_label":"국(건설부)","manager":"","property_class":"","land_category":"도로","area_sqm":4733.0,"area_band":"3,000~5,000㎡","interest_category":"도로","solar_candidate":"검토필요","candidate_reason":"도로점용 및 실제 이용형태 추가 검토 필요; 면적 4,733㎡","priority_score":35,"source":"경기부동산포털 국공유지조회·연속지적도","source_date":"2026-08-11","installed_solar_match":false}},{"type":"Feature","id":"4155039034104330000","geometry":{"type":"Point","coordinates":[127.4626382,37.0673982]},"properties":{"pnu":"4155039034104330000","municipality_code":"41550","municipality":"안성시","district":"안성시","locality":"일죽면 장암리","address":"안성시 일죽면 장암리 433","owner_type":"국유지","owner_label":"국(농림수산부)","manager":"","property_class":"","land_category":"도로","area_sqm":4732.0,"area_band":"3,000~5,000㎡","interest_category":"도로","solar_candidate":"검토필요","candidate_reason":"도로점용 및 실제 이용형태 추가 검토 필요; 면적 4,732㎡","priority_score":35,"source":"경기부동산포털 국공유지조회·연속지적도","source_date":"2026-08-11","installed_solar_match":false}},{"type":"Feature","id":"4155039032109410012","geometry":{"type":"Point","coordinates":[127.4772511,37.1198106]},"properties":{"pnu":"4155039032109410012","municipality_code":"41550","municipality":"안성시","district":"안성시","locality":"일죽면 신흥리","address":"안성시 일죽면 신흥리 941-12","owner_type":"국유지","owner_label":"국(농림부)","manager":"","property_class":"","land_category":"도로","area_sqm":4726.3,"area_band":"3,000~5,000㎡","interest_category":"도로","solar_candidate":"검토필요","candidate_reason":"도로점용 및 실제 이용형태 추가 검토 필요; 면적 4,726㎡","priority_score":35,"source":"경기부동산포털 국공유지조회·연속지적도","source_date":"2026-08-11","installed_solar_match":false}},{"type":"Feature","id":"4155035031107890000","geometry":{"type":"Point","coordinates":[127.2157711,37.01175]},"properties":{"pnu":"4155035031107890000","municipality_code":"41550","municipality":"안성시","district":"안성시","locality":"대덕면 신령리","address":"안성시 대덕면 신령리 789","owner_type":"국유지","owner_label":"국(농수산부)","manager":"","property_class":"","land_category":"도로","area_sqm":4723.7,"area_band":"3,000~5,000㎡","interest_category":"도로","solar_candidate":"검토필요","candidate_reason":"도로점용 및 실제 이용형태 추가 검토 필요; 면적 4,724㎡","priority_score":35,"source":"경기부동산포털 국공유지조회·연속지적도","source_date":"2026-08-11","installed_solar_match":false}},{"type":"Feature","id":"4155034025102900000","geometry":{"type":"Point","coordinates":[127.2115132,36.9429755]},"properties":{"pnu":"4155034025102900000","municipality_code":"41550","municipality":"안성시","district":"안성시","locality":"미양면 법전리","address":"안성시 미양면 법전리 290","owner_type":"국유지","owner_label":"국(건설부)","manager":"","property_class":"","land_category":"도로","area_sqm":4722.0,"area_band":"3,000~5,000㎡","interest_category":"도로","solar_candidate":"검토필요","candidate_reason":"도로점용 및 실제 이용형태 추가 검토 필요; 면적 4,722㎡","priority_score":35,"source":"경기부동산포털 국공유지조회·연속지적도","source_date":"2026-08-11","installed_solar_match":false}},{"type":"Feature","id":"4155032022106440000","geometry":{"type":"Point","coordinates":[127.2913871,36.9825638]},"properties":{"pnu":"4155032022106440000","municipality_code":"41550","municipality":"안성시","district":"안성시","locality":"금광면 개산리","address":"안성시 금광면 개산리 644","owner_type":"국유지","owner_label":"국(농림축산식품부)","manager":"","property_class":"","land_category":"도로","area_sqm":4715.6,"area_band":"3,000~5,000㎡","interest_category":"도로","solar_candidate":"검토필요","candidate_reason":"도로점용 및 실제 이용형태 추가 검토 필요; 면적 4,716㎡","priority_score":35,"source":"경기부동산포털 국공유지조회·연속지적도","source_date":"2026-08-11","installed_solar_match":false}},{"type":"Feature","id":"4155038027102030000","geometry":{"type":"Point","coordinates":[127.1608986,37.0324654]},"properties":{"pnu":"4155038027102030000","municipality_code":"41550","municipality":"안성시","district":"안성시","locality":"원곡면 반제리","address":"안성시 원곡면 반제리 203","owner_type":"국유지","owner_label":"국(건설교통부)","manager":"","property_class":"","land_category":"도로","area_sqm":4711.0,"area_band":"3,000~5,000㎡","interest_category":"도로","solar_candidate":"검토필요","candidate_reason":"도로점용 및 실제 이용형태 추가 검토 필요; 면적 4,711㎡","priority_score":35,"source":"경기부동산포털 국공유지조회·연속지적도","source_date":"2026-08-11","installed_solar_match":false}},{"type":"Feature","id":"4155041022110000009","geometry":{"type":"Point","coordinates":[127.3848673,37.1042154]},"properties":{"pnu":"4155041022110000009","municipality_code":"41550","municipality":"안성시","district":"안성시","locality":"삼죽면 율곡리","address":"안성시 삼죽면 율곡리 1000-9","owner_type":"국유지","owner_label":"국(농림부)","manager":"","property_class":"","land_category":"도로","area_sqm":4689.6,"area_band":"3,000~5,000㎡","interest_category":"도로","solar_candidate":"검토필요","candidate_reason":"도로점용 및 실제 이용형태 추가 검토 필요; 면적 4,690㎡","priority_score":35,"source":"경기부동산포털 국공유지조회·연속지적도","source_date":"2026-08-11","installed_solar_match":false}},{"type":"Feature","id":"4155040024105860004","geometry":{"type":"Point","coordinates":[127.4115031,37.0672791]},"properties":{"pnu":"4155040024105860004","municipality_code":"41550","municipality":"안성시","district":"안성시","locality":"죽산면 두현리","address":"안성시 죽산면 두현리 586-4","owner_type":"국유지","owner_label":"국(농림수산부)","manager":"","property_class":"","land_category":"도로","area_sqm":4689.0,"area_band":"3,000~5,000㎡","interest_category":"도로","solar_candidate":"검토필요","candidate_reason":"도로점용 및 실제 이용형태 추가 검토 필요; 면적 4,689㎡","priority_score":35,"source":"경기부동산포털 국공유지조회·연속지적도","source_date":"2026-08-11","installed_solar_match":false}},{"type":"Feature","id":"4155025029101450011","geometry":{"type":"Point","coordinates":[127.1852855,37.010469]},"properties":{"pnu":"4155025029101450011","municipality_code":"41550","municipality":"안성시","district":"안성시","locality":"공도읍 만정리","address":"안성시 공도읍 만정리 145-11","owner_type":"국유지","owner_label":"국(건설교통부)","manager":"","property_class":"","land_category":"도로","area_sqm":4688.0,"area_band":"3,000~5,000㎡","interest_category":"도로","solar_candidate":"검토필요","candidate_reason":"도로점용 및 실제 이용형태 추가 검토 필요; 면적 4,688㎡","priority_score":35,"source":"경기부동산포털 국공유지조회·연속지적도","source_date":"2026-08-11","installed_solar_match":false}},{"type":"Feature","id":"4155033029100630011","geometry":{"type":"Point","coordinates":[127.2641689,36.9706295]},"properties":{"pnu":"4155033029100630011","municipality_code":"41550","municipality":"안성시","district":"안성시","locality":"서운면 신능리","address":"안성시 서운면 신능리 63-11","owner_type":"국유지","owner_label":"국(건설교통부)","manager":"","property_class":"","land_category":"도로","area_sqm":4686.0,"area_band":"3,000~5,000㎡","interest_category":"도로","solar_candidate":"검토필요","candidate_reason":"도로점용 및 실제 이용형태 추가 검토 필요; 면적 4,686㎡","priority_score":35,"source":"경기부동산포털 국공유지조회·연속지적도","source_date":"2026-08-11","installed_solar_match":false}},{"type":"Feature","id":"4155025027107650000","geometry":{"type":"Point","coordinates":[127.1567962,36.97688]},"properties":{"pnu":"4155025027107650000","municipality_code":"41550","municipality":"안성시","district":"안성시","locality":"공도읍 건천리","address":"안성시 공도읍 건천리 765","owner_type":"국유지","owner_label":"국(국토해양부)","manager":"","property_class":"","land_category":"도로","area_sqm":4685.2,"area_band":"3,000~5,000㎡","interest_category":"도로","solar_candidate":"검토필요","candidate_reason":"도로점용 및 실제 이용형태 추가 검토 필요; 면적 4,685㎡","priority_score":35,"source":"경기부동산포털 국공유지조회·연속지적도","source_date":"2026-08-11","installed_solar_match":false}},{"type":"Feature","id":"4155025026108070000","geometry":{"type":"Point","coordinates":[127.1555076,36.9907327]},"properties":{"pnu":"4155025026108070000","municipality_code":"41550","municipality":"안성시","district":"안성시","locality":"공도읍 승두리","address":"안성시 공도읍 승두리 807","owner_type":"국유지","owner_label":"국(건설부)","manager":"","property_class":"","land_category":"도로","area_sqm":4674.0,"area_band":"3,000~5,000㎡","interest_category":"도로","solar_candidate":"검토필요","candidate_reason":"도로점용 및 실제 이용형태 추가 검토 필요; 면적 4,674㎡","priority_score":35,"source":"경기부동산포털 국공유지조회·연속지적도","source_date":"2026-08-11","installed_solar_match":false}},{"type":"Feature","id":"4155025029106940000","geometry":{"type":"Point","coordinates":[127.178256,37.0258905]},"properties":{"pnu":"4155025029106940000","municipality_code":"41550","municipality":"안성시","district":"안성시","locality":"공도읍 만정리","address":"안성시 공도읍 만정리 694","owner_type":"국유지","owner_label":"국(건설부)","manager":"","property_class":"","land_category":"도로","area_sqm":4666.0,"area_band":"3,000~5,000㎡","interest_category":"도로","solar_candidate":"검토필요","candidate_reason":"도로점용 및 실제 이용형태 추가 검토 필요; 면적 4,666㎡","priority_score":35,"source":"경기부동산포털 국공유지조회·연속지적도","source_date":"2026-08-11","installed_solar_match":false}},{"type":"Feature","id":"4155036038105950003","geometry":{"type":"Point","coordinates":[127.1884362,37.0234051]},"properties":{"pnu":"4155036038105950003","municipality_code":"41550","municipality":"안성시","district":"안성시","locality":"양성면 방신리","address":"안성시 양성면 방신리 595-3","owner_type":"국유지","owner_label":"국(농수산부)","manager":"","property_class":"","land_category":"도로","area_sqm":4665.0,"area_band":"3,000~5,000㎡","interest_category":"도로","solar_candidate":"검토필요","candidate_reason":"도로점용 및 실제 이용형태 추가 검토 필요; 면적 4,665㎡","priority_score":35,"source":"경기부동산포털 국공유지조회·연속지적도","source_date":"2026-08-11","installed_solar_match":false}},{"type":"Feature","id":"4155034038104410000","geometry":{"type":"Point","coordinates":[127.2387625,36.9550843]},"properties":{"pnu":"4155034038104410000","municipality_code":"41550","municipality":"안성시","district":"안성시","locality":"미양면 양변리","address":"안성시 미양면 양변리 441","owner_type":"국유지","owner_label":"국(건설부)","manager":"","property_class":"","land_category":"도로","area_sqm":4664.0,"area_band":"3,000~5,000㎡","interest_category":"도로","solar_candidate":"검토필요","candidate_reason":"도로점용 및 실제 이용형태 추가 검토 필요; 면적 4,664㎡","priority_score":35,"source":"경기부동산포털 국공유지조회·연속지적도","source_date":"2026-08-11","installed_solar_match":false}},{"type":"Feature","id":"4155025026105980018","geometry":{"type":"Point","coordinates":[127.1547085,36.9947769]},"properties":{"pnu":"4155025026105980018","municipality_code":"41550","municipality":"안성시","district":"안성시","locality":"공도읍 승두리","address":"안성시 공도읍 승두리 598-18","owner_type":"국유지","owner_label":"국(국토교통부)","manager":"","property_class":"","land_category":"도로","area_sqm":4661.0,"area_band":"3,000~5,000㎡","interest_category":"도로","solar_candidate":"검토필요","candidate_reason":"도로점용 및 실제 이용형태 추가 검토 필요; 면적 4,661㎡","priority_score":35,"source":"경기부동산포털 국공유지조회·연속지적도","source_date":"2026-08-11","installed_solar_match":false}},{"type":"Feature","id":"4155038024201190002","geometry":{"type":"Point","coordinates":[127.1350153,37.0678058]},"properties":{"pnu":"4155038024201190002","municipality_code":"41550","municipality":"안성시","district":"안성시","locality":"원곡면 산하리","address":"안성시 원곡면 산하리 산119-2","owner_type":"국유지","owner_label":"국(건설부)","manager":"","property_class":"","land_category":"도로","area_sqm":4661.0,"area_band":"3,000~5,000㎡","interest_category":"도로","solar_candidate":"검토필요","candidate_reason":"도로점용 및 실제 이용형태 추가 검토 필요; 면적 4,661㎡","priority_score":35,"source":"경기부동산포털 국공유지조회·연속지적도","source_date":"2026-08-11","installed_solar_match":false}},{"type":"Feature","id":"4155039024104260002","geometry":{"type":"Point","coordinates":[127.4862114,37.0775483]},"properties":{"pnu":"4155039024104260002","municipality_code":"41550","municipality":"안성시","district":"안성시","locality":"일죽면 가리","address":"안성시 일죽면 가리 426-2","owner_type":"국유지","owner_label":"국(농수산부)","manager":"","property_class":"","land_category":"도로","area_sqm":4656.0,"area_band":"3,000~5,000㎡","interest_category":"도로","solar_candidate":"검토필요","candidate_reason":"도로점용 및 실제 이용형태 추가 검토 필요; 면적 4,656㎡","priority_score":35,"source":"경기부동산포털 국공유지조회·연속지적도","source_date":"2026-08-11","installed_solar_match":false}},{"type":"Feature","id":"4155031034103940000","geometry":{"type":"Point","coordinates":[127.3031473,37.020516]},"properties":{"pnu":"4155031034103940000","municipality_code":"41550","municipality":"안성시","district":"안성시","locality":"보개면 구사리","address":"안성시 보개면 구사리 394","owner_type":"국유지","owner_label":"국(건설부)","manager":"","property_class":"","land_category":"도로","area_sqm":4654.0,"area_band":"3,000~5,000㎡","interest_category":"도로","solar_candidate":"검토필요","candidate_reason":"도로점용 및 실제 이용형태 추가 검토 필요; 면적 4,654㎡","priority_score":35,"source":"경기부동산포털 국공유지조회·연속지적도","source_date":"2026-08-11","installed_solar_match":true,"installed_solar_count":1,"installed_solar_area_sqm":19.6,"installed_solar_analysis_years":["2024"],"installed_solar_types":["개인주택"],"installed_solar_permit_status_counts":{"N":1}}},{"type":"Feature","id":"4155040027201600001","geometry":{"type":"Point","coordinates":[127.4376231,37.0415945]},"properties":{"pnu":"4155040027201600001","municipality_code":"41550","municipality":"안성시","district":"안성시","locality":"죽산면 용설리","address":"안성시 죽산면 용설리 산160-1","owner_type":"국유지","owner_label":"국(국토해양부)","manager":"","property_class":"","land_category":"도로","area_sqm":4643.0,"area_band":"3,000~5,000㎡","interest_category":"도로","solar_candidate":"검토필요","candidate_reason":"도로점용 및 실제 이용형태 추가 검토 필요; 면적 4,643㎡","priority_score":35,"source":"경기부동산포털 국공유지조회·연속지적도","source_date":"2026-08-11","installed_solar_match":false}},{"type":"Feature","id":"4155039029108910020","geometry":{"type":"Point","coordinates":[127.4455483,37.1044408]},"properties":{"pnu":"4155039029108910020","municipality_code":"41550","municipality":"안성시","district":"안성시","locality":"일죽면 고은리","address":"안성시 일죽면 고은리 891-20","owner_type":"국유지","owner_label":"국(건설부)","manager":"","property_class":"","land_category":"도로","area_sqm":4637.0,"area_band":"3,000~5,000㎡","interest_category":"도로","solar_candidate":"검토필요","candidate_reason":"도로점용 및 실제 이용형태 추가 검토 필요; 면적 4,637㎡","priority_score":35,"source":"경기부동산포털 국공유지조회·연속지적도","source_date":"2026-08-11","installed_solar_match":false}},{"type":"Feature","id":"4155034024100710028","geometry":{"type":"Point","coordinates":[127.1803628,36.9574659]},"properties":{"pnu":"4155034024100710028","municipality_code":"41550","municipality":"안성시","district":"안성시","locality":"미양면 신계리","address":"안성시 미양면 신계리 71-28","owner_type":"국유지","owner_label":"국(건설부)","manager":"","property_class":"","land_category":"도로","area_sqm":4627.0,"area_band":"3,000~5,000㎡","interest_category":"도로","solar_candidate":"검토필요","candidate_reason":"도로점용 및 실제 이용형태 추가 검토 필요; 면적 4,627㎡","priority_score":35,"source":"경기부동산포털 국공유지조회·연속지적도","source_date":"2026-08-11","installed_solar_match":false}},{"type":"Feature","id":"4155036029200580015","geometry":{"type":"Point","coordinates":[127.2114424,37.0973269]},"properties":{"pnu":"4155036029200580015","municipality_code":"41550","municipality":"안성시","district":"안성시","locality":"양성면 장서리","address":"안성시 양성면 장서리 산58-15","owner_type":"국유지","owner_label":"국(건설부)","manager":"","property_class":"","land_category":"도로","area_sqm":4608.0,"area_band":"3,000~5,000㎡","interest_category":"도로","solar_candidate":"검토필요","candidate_reason":"도로점용 및 실제 이용형태 추가 검토 필요; 면적 4,608㎡","priority_score":35,"source":"경기부동산포털 국공유지조회·연속지적도","source_date":"2026-08-11","installed_solar_match":false}},{"type":"Feature","id":"4155038023100460001","geometry":{"type":"Point","coordinates":[127.1371267,37.0440787]},"properties":{"pnu":"4155038023100460001","municipality_code":"41550","municipality":"안성시","district":"안성시","locality":"원곡면 지문리","address":"안성시 원곡면 지문리 46-1","owner_type":"국유지","owner_label":"국(건설부)","manager":"","property_class":"","land_category":"도로","area_sqm":4598.0,"area_band":"3,000~5,000㎡","interest_category":"도로","solar_candidate":"검토필요","candidate_reason":"도로점용 및 실제 이용형태 추가 검토 필요; 면적 4,598㎡","priority_score":35,"source":"경기부동산포털 국공유지조회·연속지적도","source_date":"2026-08-11","installed_solar_match":false}},{"type":"Feature","id":"4155036024101820000","geometry":{"type":"Point","coordinates":[127.2098666,37.0664958]},"properties":{"pnu":"4155036024101820000","municipality_code":"41550","municipality":"안성시","district":"안성시","locality":"양성면 추곡리","address":"안성시 양성면 추곡리 182","owner_type":"국유지","owner_label":"국(농림수산부)","manager":"","property_class":"","land_category":"도로","area_sqm":4596.0,"area_band":"3,000~5,000㎡","interest_category":"도로","solar_candidate":"검토필요","candidate_reason":"도로점용 및 실제 이용형태 추가 검토 필요; 면적 4,596㎡","priority_score":35,"source":"경기부동산포털 국공유지조회·연속지적도","source_date":"2026-08-11","installed_solar_match":false}},{"type":"Feature","id":"4155041022109200003","geometry":{"type":"Point","coordinates":[127.3769022,37.0959305]},"properties":{"pnu":"4155041022109200003","municipality_code":"41550","municipality":"안성시","district":"안성시","locality":"삼죽면 율곡리","address":"안성시 삼죽면 율곡리 920-3","owner_type":"국유지","owner_label":"국(건설교통부)","manager":"","property_class":"","land_category":"도로","area_sqm":4596.0,"area_band":"3,000~5,000㎡","interest_category":"도로","solar_candidate":"검토필요","candidate_reason":"도로점용 및 실제 이용형태 추가 검토 필요; 면적 4,596㎡","priority_score":35,"source":"경기부동산포털 국공유지조회·연속지적도","source_date":"2026-08-11","installed_solar_match":false}},{"type":"Feature","id":"4155035033104370000","geometry":{"type":"Point","coordinates":[127.2305057,37.0395094]},"properties":{"pnu":"4155035033104370000","municipality_code":"41550","municipality":"안성시","district":"안성시","locality":"대덕면 소내리","address":"안성시 대덕면 소내리 437","owner_type":"국유지","owner_label":"국(건설부)","manager":"","property_class":"","land_category":"도로","area_sqm":4575.0,"area_band":"3,000~5,000㎡","interest_category":"도로","solar_candidate":"검토필요","candidate_reason":"도로점용 및 실제 이용형태 추가 검토 필요; 면적 4,575㎡","priority_score":35,"source":"경기부동산포털 국공유지조회·연속지적도","source_date":"2026-08-11","installed_solar_match":false}},{"type":"Feature","id":"4155039021117730000","geometry":{"type":"Point","coordinates":[127.4475797,37.0928493]},"properties":{"pnu":"4155039021117730000","municipality_code":"41550","municipality":"안성시","district":"안성시","locality":"일죽면 월정리","address":"안성시 일죽면 월정리 1773","owner_type":"국유지","owner_label":"국(농림수산부)","manager":"","property_class":"","land_category":"도로","area_sqm":4570.0,"area_band":"3,000~5,000㎡","interest_category":"도로","solar_candidate":"검토필요","candidate_reason":"도로점용 및 실제 이용형태 추가 검토 필요; 면적 4,570㎡","priority_score":35,"source":"경기부동산포털 국공유지조회·연속지적도","source_date":"2026-08-11","installed_solar_match":false}},{"type":"Feature","id":"4155012600101590000","geometry":{"type":"Point","coordinates":[127.2873937,37.0147141]},"properties":{"pnu":"4155012600101590000","municipality_code":"41550","municipality":"안성시","district":"안성시","locality":"가사동","address":"안성시 가사동 159","owner_type":"국유지","owner_label":"국(건설부)","manager":"","property_class":"","land_category":"도로","area_sqm":4563.0,"area_band":"3,000~5,000㎡","interest_category":"도로","solar_candidate":"검토필요","candidate_reason":"도로점용 및 실제 이용형태 추가 검토 필요; 면적 4,563㎡","priority_score":35,"source":"경기부동산포털 국공유지조회·연속지적도","source_date":"2026-08-11","installed_solar_match":false}},{"type":"Feature","id":"4155034037105030000","geometry":{"type":"Point","coordinates":[127.2253938,36.9741875]},"properties":{"pnu":"4155034037105030000","municipality_code":"41550","municipality":"안성시","district":"안성시","locality":"미양면 마산리","address":"안성시 미양면 마산리 503","owner_type":"국유지","owner_label":"국(건설부)","manager":"","property_class":"","land_category":"도로","area_sqm":4562.0,"area_band":"3,000~5,000㎡","interest_category":"도로","solar_candidate":"검토필요","candidate_reason":"도로점용 및 실제 이용형태 추가 검토 필요; 면적 4,562㎡","priority_score":35,"source":"경기부동산포털 국공유지조회·연속지적도","source_date":"2026-08-11","installed_solar_match":false}},{"type":"Feature","id":"4155042021113260000","geometry":{"type":"Point","coordinates":[127.2875455,37.1104623]},"properties":{"pnu":"4155042021113260000","municipality_code":"41550","municipality":"안성시","district":"안성시","locality":"고삼면 쌍지리","address":"안성시 고삼면 쌍지리 1326","owner_type":"국유지","owner_label":"국(농림수산부)","manager":"","property_class":"","land_category":"도로","area_sqm":4562.0,"area_band":"3,000~5,000㎡","interest_category":"도로","solar_candidate":"검토필요","candidate_reason":"도로점용 및 실제 이용형태 추가 검토 필요; 면적 4,562㎡","priority_score":35,"source":"경기부동산포털 국공유지조회·연속지적도","source_date":"2026-08-11","installed_solar_match":false}},{"type":"Feature","id":"4155033029102020000","geometry":{"type":"Point","coordinates":[127.2766496,36.9636199]},"properties":{"pnu":"4155033029102020000","municipality_code":"41550","municipality":"안성시","district":"안성시","locality":"서운면 신능리","address":"안성시 서운면 신능리 202","owner_type":"국유지","owner_label":"국(건설부)","manager":"","property_class":"","land_category":"도로","area_sqm":4559.0,"area_band":"3,000~5,000㎡","interest_category":"도로","solar_candidate":"검토필요","candidate_reason":"도로점용 및 실제 이용형태 추가 검토 필요; 면적 4,559㎡","priority_score":35,"source":"경기부동산포털 국공유지조회·연속지적도","source_date":"2026-08-11","installed_solar_match":false}},{"type":"Feature","id":"4155038028103660000","geometry":{"type":"Point","coordinates":[127.1734947,37.0858918]},"properties":{"pnu":"4155038028103660000","municipality_code":"41550","municipality":"안성시","district":"안성시","locality":"원곡면 성주리","address":"안성시 원곡면 성주리 366","owner_type":"국유지","owner_label":"국(건설교통부)","manager":"","property_class":"","land_category":"도로","area_sqm":4559.0,"area_band":"3,000~5,000㎡","interest_category":"도로","solar_candidate":"검토필요","candidate_reason":"도로점용 및 실제 이용형태 추가 검토 필요; 면적 4,559㎡","priority_score":35,"source":"경기부동산포털 국공유지조회·연속지적도","source_date":"2026-08-11","installed_solar_match":false}},{"type":"Feature","id":"4155033031105580001","geometry":{"type":"Point","coordinates":[127.244976,36.9366375]},"properties":{"pnu":"4155033031105580001","municipality_code":"41550","municipality":"안성시","district":"안성시","locality":"서운면 송산리","address":"안성시 서운면 송산리 558-1","owner_type":"국유지","owner_label":"국(농수산부)","manager":"","property_class":"","land_category":"도로","area_sqm":4558.0,"area_band":"3,000~5,000㎡","interest_category":"도로","solar_candidate":"검토필요","candidate_reason":"도로점용 및 실제 이용형태 추가 검토 필요; 면적 4,558㎡","priority_score":35,"source":"경기부동산포털 국공유지조회·연속지적도","source_date":"2026-08-11","installed_solar_match":false}},{"type":"Feature","id":"4155041027106560001","geometry":{"type":"Point","coordinates":[127.3732351,37.0582682]},"properties":{"pnu":"4155041027106560001","municipality_code":"41550","municipality":"안성시","district":"안성시","locality":"삼죽면 진촌리","address":"안성시 삼죽면 진촌리 656-1","owner_type":"국유지","owner_label":"국(건설부)","manager":"","property_class":"","land_category":"도로","area_sqm":4557.0,"area_band":"3,000~5,000㎡","interest_category":"도로","solar_candidate":"검토필요","candidate_reason":"도로점용 및 실제 이용형태 추가 검토 필요; 면적 4,557㎡","priority_score":35,"source":"경기부동산포털 국공유지조회·연속지적도","source_date":"2026-08-11","installed_solar_match":false}},{"type":"Feature","id":"4155036032107940000","geometry":{"type":"Point","coordinates":[127.2584802,37.1160218]},"properties":{"pnu":"4155036032107940000","municipality_code":"41550","municipality":"안성시","district":"안성시","locality":"양성면 미산리","address":"안성시 양성면 미산리 794","owner_type":"국유지","owner_label":"국(농수산부)","manager":"","property_class":"","land_category":"도로","area_sqm":4554.0,"area_band":"3,000~5,000㎡","interest_category":"도로","solar_candidate":"검토필요","candidate_reason":"도로점용 및 실제 이용형태 추가 검토 필요; 면적 4,554㎡","priority_score":35,"source":"경기부동산포털 국공유지조회·연속지적도","source_date":"2026-08-11","installed_solar_match":false}},{"type":"Feature","id":"4155036025101960000","geometry":{"type":"Point","coordinates":[127.2060692,37.0716176]},"properties":{"pnu":"4155036025101960000","municipality_code":"41550","municipality":"안성시","district":"안성시","locality":"양성면 조일리","address":"안성시 양성면 조일리 196","owner_type":"국유지","owner_label":"국(건설교통부)","manager":"","property_class":"","land_category":"도로","area_sqm":4551.0,"area_band":"3,000~5,000㎡","interest_category":"도로","solar_candidate":"검토필요","candidate_reason":"도로점용 및 실제 이용형태 추가 검토 필요; 면적 4,551㎡","priority_score":35,"source":"경기부동산포털 국공유지조회·연속지적도","source_date":"2026-08-11","installed_solar_match":false}},{"type":"Feature","id":"4155036037104760002","geometry":{"type":"Point","coordinates":[127.206085,37.0250722]},"properties":{"pnu":"4155036037104760002","municipality_code":"41550","municipality":"안성시","district":"안성시","locality":"양성면 삼암리","address":"안성시 양성면 삼암리 476-2","owner_type":"국유지","owner_label":"국(농림부)","manager":"","property_class":"","land_category":"도로","area_sqm":4547.5,"area_band":"3,000~5,000㎡","interest_category":"도로","solar_candidate":"검토필요","candidate_reason":"도로점용 및 실제 이용형태 추가 검토 필요; 면적 4,548㎡","priority_score":35,"source":"경기부동산포털 국공유지조회·연속지적도","source_date":"2026-08-11","installed_solar_match":false}},{"type":"Feature","id":"4155036029104370000","geometry":{"type":"Point","coordinates":[127.2116309,37.1020003]},"properties":{"pnu":"4155036029104370000","municipality_code":"41550","municipality":"안성시","district":"안성시","locality":"양성면 장서리","address":"안성시 양성면 장서리 437","owner_type":"국유지","owner_label":"국(건설교통부)","manager":"","property_class":"","land_category":"도로","area_sqm":4546.0,"area_band":"3,000~5,000㎡","interest_category":"도로","solar_candidate":"검토필요","candidate_reason":"도로점용 및 실제 이용형태 추가 검토 필요; 면적 4,546㎡","priority_score":35,"source":"경기부동산포털 국공유지조회·연속지적도","source_date":"2026-08-11","installed_solar_match":false}},{"type":"Feature","id":"4155039035105320000","geometry":{"type":"Point","coordinates":[127.4711135,37.0754848]},"properties":{"pnu":"4155039035105320000","municipality_code":"41550","municipality":"안성시","district":"안성시","locality":"일죽면 화봉리","address":"안성시 일죽면 화봉리 532","owner_type":"국유지","owner_label":"국(농림수산부)","manager":"","property_class":"","land_category":"도로","area_sqm":4526.0,"area_band":"3,000~5,000㎡","interest_category":"도로","solar_candidate":"검토필요","candidate_reason":"도로점용 및 실제 이용형태 추가 검토 필요; 면적 4,526㎡","priority_score":35,"source":"경기부동산포털 국공유지조회·연속지적도","source_date":"2026-08-11","installed_solar_match":false}},{"type":"Feature","id":"4155039029111760013","geometry":{"type":"Point","coordinates":[127.4440901,37.1078011]},"properties":{"pnu":"4155039029111760013","municipality_code":"41550","municipality":"안성시","district":"안성시","locality":"일죽면 고은리","address":"안성시 일죽면 고은리 1176-13","owner_type":"국유지","owner_label":"국(농림부)","manager":"","property_class":"","land_category":"도로","area_sqm":4496.1,"area_band":"3,000~5,000㎡","interest_category":"도로","solar_candidate":"검토필요","candidate_reason":"도로점용 및 실제 이용형태 추가 검토 필요; 면적 4,496㎡","priority_score":35,"source":"경기부동산포털 국공유지조회·연속지적도","source_date":"2026-08-11","installed_solar_match":false}},{"type":"Feature","id":"4155035024107480000","geometry":{"type":"Point","coordinates":[127.2477601,37.0526702]},"properties":{"pnu":"4155035024107480000","municipality_code":"41550","municipality":"안성시","district":"안성시","locality":"대덕면 보동리","address":"안성시 대덕면 보동리 748","owner_type":"국유지","owner_label":"국(농림수산부)","manager":"","property_class":"","land_category":"도로","area_sqm":4495.0,"area_band":"3,000~5,000㎡","interest_category":"도로","solar_candidate":"검토필요","candidate_reason":"도로점용 및 실제 이용형태 추가 검토 필요; 면적 4,495㎡","priority_score":35,"source":"경기부동산포털 국공유지조회·연속지적도","source_date":"2026-08-11","installed_solar_match":false}},{"type":"Feature","id":"4155033026106660007","geometry":{"type":"Point","coordinates":[127.2301557,36.9378653]},"properties":{"pnu":"4155033026106660007","municipality_code":"41550","municipality":"안성시","district":"안성시","locality":"서운면 현매리","address":"안성시 서운면 현매리 666-7","owner_type":"국유지","owner_label":"국(건설교통부)","manager":"","property_class":"","land_category":"도로","area_sqm":4492.0,"area_band":"3,000~5,000㎡","interest_category":"도로","solar_candidate":"검토필요","candidate_reason":"도로점용 및 실제 이용형태 추가 검토 필요; 면적 4,492㎡","priority_score":35,"source":"경기부동산포털 국공유지조회·연속지적도","source_date":"2026-08-11","installed_solar_match":false}},{"type":"Feature","id":"4155039031108560012","geometry":{"type":"Point","coordinates":[127.48987,37.1041207]},"properties":{"pnu":"4155039031108560012","municipality_code":"41550","municipality":"안성시","district":"안성시","locality":"일죽면 능국리","address":"안성시 일죽면 능국리 856-12","owner_type":"국유지","owner_label":"국(건설교통부)","manager":"","property_class":"","land_category":"도로","area_sqm":4487.0,"area_band":"3,000~5,000㎡","interest_category":"도로","solar_candidate":"검토필요","candidate_reason":"도로점용 및 실제 이용형태 추가 검토 필요; 면적 4,487㎡","priority_score":35,"source":"경기부동산포털 국공유지조회·연속지적도","source_date":"2026-08-11","installed_solar_match":false}},{"type":"Feature","id":"4155034025102960000","geometry":{"type":"Point","coordinates":[127.2099559,36.9421398]},"properties":{"pnu":"4155034025102960000","municipality_code":"41550","municipality":"안성시","district":"안성시","locality":"미양면 법전리","address":"안성시 미양면 법전리 296","owner_type":"국유지","owner_label":"국(건설부)","manager":"","property_class":"","land_category":"도로","area_sqm":4483.0,"area_band":"3,000~5,000㎡","interest_category":"도로","solar_candidate":"검토필요","candidate_reason":"도로점용 및 실제 이용형태 추가 검토 필요; 면적 4,483㎡","priority_score":35,"source":"경기부동산포털 국공유지조회·연속지적도","source_date":"2026-08-11","installed_solar_match":false}},{"type":"Feature","id":"4155031021105320000","geometry":{"type":"Point","coordinates":[127.2841674,37.0548025]},"properties":{"pnu":"4155031021105320000","municipality_code":"41550","municipality":"안성시","district":"안성시","locality":"보개면 적가리","address":"안성시 보개면 적가리 532","owner_type":"국유지","owner_label":"국(농림축산식품부)","manager":"","property_class":"","land_category":"도로","area_sqm":4473.9,"area_band":"3,000~5,000㎡","interest_category":"도로","solar_candidate":"검토필요","candidate_reason":"도로점용 및 실제 이용형태 추가 검토 필요; 면적 4,474㎡","priority_score":35,"source":"경기부동산포털 국공유지조회·연속지적도","source_date":"2026-08-11","installed_solar_match":false}},{"type":"Feature","id":"4155025027101770005","geometry":{"type":"Point","coordinates":[127.1689568,36.9714739]},"properties":{"pnu":"4155025027101770005","municipality_code":"41550","municipality":"안성시","district":"안성시","locality":"공도읍 건천리","address":"안성시 공도읍 건천리 177-5","owner_type":"국유지","owner_label":"국(건설교통부)","manager":"","property_class":"","land_category":"도로","area_sqm":4472.0,"area_band":"3,000~5,000㎡","interest_category":"도로","solar_candidate":"검토필요","candidate_reason":"도로점용 및 실제 이용형태 추가 검토 필요; 면적 4,472㎡","priority_score":35,"source":"경기부동산포털 국공유지조회·연속지적도","source_date":"2026-08-11","installed_solar_match":false}},{"type":"Feature","id":"4155042022105330000","geometry":{"type":"Point","coordinates":[127.2450841,37.0806015]},"properties":{"pnu":"4155042022105330000","municipality_code":"41550","municipality":"안성시","district":"안성시","locality":"고삼면 신창리","address":"안성시 고삼면 신창리 533","owner_type":"국유지","owner_label":"국(건설부)","manager":"","property_class":"","land_category":"도로","area_sqm":4471.0,"area_band":"3,000~5,000㎡","interest_category":"도로","solar_candidate":"검토필요","candidate_reason":"도로점용 및 실제 이용형태 추가 검토 필요; 면적 4,471㎡","priority_score":35,"source":"경기부동산포털 국공유지조회·연속지적도","source_date":"2026-08-11","installed_solar_match":false}},{"type":"Feature","id":"4155038025102130002","geometry":{"type":"Point","coordinates":[127.1084283,37.0376885]},"properties":{"pnu":"4155038025102130002","municipality_code":"41550","municipality":"안성시","district":"안성시","locality":"원곡면 내가천리","address":"안성시 원곡면 내가천리 213-2","owner_type":"국유지","owner_label":"국(건설교통부)","manager":"","property_class":"","land_category":"도로","area_sqm":4469.0,"area_band":"3,000~5,000㎡","interest_category":"도로","solar_candidate":"검토필요","candidate_reason":"도로점용 및 실제 이용형태 추가 검토 필요; 면적 4,469㎡","priority_score":35,"source":"경기부동산포털 국공유지조회·연속지적도","source_date":"2026-08-11","installed_solar_match":false}},{"type":"Feature","id":"4155031035104670010","geometry":{"type":"Point","coordinates":[127.2981952,37.0620035]},"properties":{"pnu":"4155031035104670010","municipality_code":"41550","municipality":"안성시","district":"안성시","locality":"보개면 가율리","address":"안성시 보개면 가율리 467-10","owner_type":"국유지","owner_label":"국(건설부)","manager":"","property_class":"","land_category":"도로","area_sqm":4464.0,"area_band":"3,000~5,000㎡","interest_category":"도로","solar_candidate":"검토필요","candidate_reason":"도로점용 및 실제 이용형태 추가 검토 필요; 면적 4,464㎡","priority_score":35,"source":"경기부동산포털 국공유지조회·연속지적도","source_date":"2026-08-11","installed_solar_match":false}},{"type":"Feature","id":"4155012200104350003","geometry":{"type":"Point","coordinates":[127.2496844,37.0019756]},"properties":{"pnu":"4155012200104350003","municipality_code":"41550","municipality":"안성시","district":"안성시","locality":"옥산동","address":"안성시 옥산동 435-3","owner_type":"국유지","owner_label":"국(건설부)","manager":"","property_class":"","land_category":"도로","area_sqm":4461.0,"area_band":"3,000~5,000㎡","interest_category":"도로","solar_candidate":"검토필요","candidate_reason":"도로점용 및 실제 이용형태 추가 검토 필요; 면적 4,461㎡","priority_score":35,"source":"경기부동산포털 국공유지조회·연속지적도","source_date":"2026-08-11","installed_solar_match":false}},{"type":"Feature","id":"4155039028200280004","geometry":{"type":"Point","coordinates":[127.4676902,37.0892324]},"properties":{"pnu":"4155039028200280004","municipality_code":"41550","municipality":"안성시","district":"안성시","locality":"일죽면 송천리","address":"안성시 일죽면 송천리 산28-4","owner_type":"국유지","owner_label":"국(건설부)","manager":"","property_class":"","land_category":"도로","area_sqm":4455.0,"area_band":"3,000~5,000㎡","interest_category":"도로","solar_candidate":"검토필요","candidate_reason":"도로점용 및 실제 이용형태 추가 검토 필요; 면적 4,455㎡","priority_score":35,"source":"경기부동산포털 국공유지조회·연속지적도","source_date":"2026-08-11","installed_solar_match":false}},{"type":"Feature","id":"4155040026109330000","geometry":{"type":"Point","coordinates":[127.4099004,37.0583295]},"properties":{"pnu":"4155040026109330000","municipality_code":"41550","municipality":"안성시","district":"안성시","locality":"죽산면 장계리","address":"안성시 죽산면 장계리 933","owner_type":"국유지","owner_label":"국(건설교통부)","manager":"","property_class":"","land_category":"도로","area_sqm":4455.0,"area_band":"3,000~5,000㎡","interest_category":"도로","solar_candidate":"검토필요","candidate_reason":"도로점용 및 실제 이용형태 추가 검토 필요; 면적 4,455㎡","priority_score":35,"source":"경기부동산포털 국공유지조회·연속지적도","source_date":"2026-08-11","installed_solar_match":false}},{"type":"Feature","id":"4155038025102080017","geometry":{"type":"Point","coordinates":[127.111097,37.0340659]},"properties":{"pnu":"4155038025102080017","municipality_code":"41550","municipality":"안성시","district":"안성시","locality":"원곡면 내가천리","address":"안성시 원곡면 내가천리 208-17","owner_type":"국유지","owner_label":"국(건설교통부)","manager":"","property_class":"","land_category":"도로","area_sqm":4445.0,"area_band":"3,000~5,000㎡","interest_category":"도로","solar_candidate":"검토필요","candidate_reason":"도로점용 및 실제 이용형태 추가 검토 필요; 면적 4,445㎡","priority_score":35,"source":"경기부동산포털 국공유지조회·연속지적도","source_date":"2026-08-11","installed_solar_match":false}},{"type":"Feature","id":"4155041022110100005","geometry":{"type":"Point","coordinates":[127.3862976,37.1013617]},"properties":{"pnu":"4155041022110100005","municipality_code":"41550","municipality":"안성시","district":"안성시","locality":"삼죽면 율곡리","address":"안성시 삼죽면 율곡리 1010-5","owner_type":"국유지","owner_label":"국(농림부)","manager":"","property_class":"","land_category":"도로","area_sqm":4443.6,"area_band":"3,000~5,000㎡","interest_category":"도로","solar_candidate":"검토필요","candidate_reason":"도로점용 및 실제 이용형태 추가 검토 필요; 면적 4,444㎡","priority_score":35,"source":"경기부동산포털 국공유지조회·연속지적도","source_date":"2026-08-11","installed_solar_match":false}},{"type":"Feature","id":"4155036038106000013","geometry":{"type":"Point","coordinates":[127.1810722,37.0316195]},"properties":{"pnu":"4155036038106000013","municipality_code":"41550","municipality":"안성시","district":"안성시","locality":"양성면 방신리","address":"안성시 양성면 방신리 600-13","owner_type":"국유지","owner_label":"국(건설교통부)","manager":"","property_class":"","land_category":"도로","area_sqm":4429.0,"area_band":"3,000~5,000㎡","interest_category":"도로","solar_candidate":"검토필요","candidate_reason":"도로점용 및 실제 이용형태 추가 검토 필요; 면적 4,429㎡","priority_score":35,"source":"경기부동산포털 국공유지조회·연속지적도","source_date":"2026-08-11","installed_solar_match":false}},{"type":"Feature","id":"4155012200104350027","geometry":{"type":"Point","coordinates":[127.248635,37.0021256]},"properties":{"pnu":"4155012200104350027","municipality_code":"41550","municipality":"안성시","district":"안성시","locality":"옥산동","address":"안성시 옥산동 435-27","owner_type":"국유지","owner_label":"국(건설부)","manager":"","property_class":"","land_category":"도로","area_sqm":4427.0,"area_band":"3,000~5,000㎡","interest_category":"도로","solar_candidate":"검토필요","candidate_reason":"도로점용 및 실제 이용형태 추가 검토 필요; 면적 4,427㎡","priority_score":35,"source":"경기부동산포털 국공유지조회·연속지적도","source_date":"2026-08-11","installed_solar_match":false}},{"type":"Feature","id":"4155034033101890001","geometry":{"type":"Point","coordinates":[127.2500204,36.9732383]},"properties":{"pnu":"4155034033101890001","municipality_code":"41550","municipality":"안성시","district":"안성시","locality":"미양면 보체리","address":"안성시 미양면 보체리 189-1","owner_type":"국유지","owner_label":"국(건설교통부)","manager":"","property_class":"","land_category":"도로","area_sqm":4426.0,"area_band":"3,000~5,000㎡","interest_category":"도로","solar_candidate":"검토필요","candidate_reason":"도로점용 및 실제 이용형태 추가 검토 필요; 면적 4,426㎡","priority_score":35,"source":"경기부동산포털 국공유지조회·연속지적도","source_date":"2026-08-11","installed_solar_match":true,"installed_solar_count":5,"installed_solar_area_sqm":2159.3,"installed_solar_analysis_years":["2024"],"installed_solar_types":["도로유휴부지"],"installed_solar_permit_status_counts":{"N":5}}},{"type":"Feature","id":"4155031024109190000","geometry":{"type":"Point","coordinates":[127.3288449,37.0278092]},"properties":{"pnu":"4155031024109190000","municipality_code":"41550","municipality":"안성시","district":"안성시","locality":"보개면 상삼리","address":"안성시 보개면 상삼리 919","owner_type":"국유지","owner_label":"국(건설교통부)","manager":"","property_class":"","land_category":"도로","area_sqm":4422.0,"area_band":"3,000~5,000㎡","interest_category":"도로","solar_candidate":"검토필요","candidate_reason":"도로점용 및 실제 이용형태 추가 검토 필요; 면적 4,422㎡","priority_score":35,"source":"경기부동산포털 국공유지조회·연속지적도","source_date":"2026-08-11","installed_solar_match":false}},{"type":"Feature","id":"4155040027202130002","geometry":{"type":"Point","coordinates":[127.4384593,37.0496375]},"properties":{"pnu":"4155040027202130002","municipality_code":"41550","municipality":"안성시","district":"안성시","locality":"죽산면 용설리","address":"안성시 죽산면 용설리 산213-2","owner_type":"국유지","owner_label":"국(건설교통부)","manager":"","property_class":"","land_category":"도로","area_sqm":4418.0,"area_band":"3,000~5,000㎡","interest_category":"도로","solar_candidate":"검토필요","candidate_reason":"도로점용 및 실제 이용형태 추가 검토 필요; 면적 4,418㎡","priority_score":35,"source":"경기부동산포털 국공유지조회·연속지적도","source_date":"2026-08-11","installed_solar_match":false}},{"type":"Feature","id":"4155012700100500000","geometry":{"type":"Point","coordinates":[127.2880818,37.0072785]},"properties":{"pnu":"4155012700100500000","municipality_code":"41550","municipality":"안성시","district":"안성시","locality":"가현동","address":"안성시 가현동 50","owner_type":"국유지","owner_label":"국(농림축산식품부)","manager":"","property_class":"","land_category":"도로","area_sqm":4417.0,"area_band":"3,000~5,000㎡","interest_category":"도로","solar_candidate":"검토필요","candidate_reason":"도로점용 및 실제 이용형태 추가 검토 필요; 면적 4,417㎡","priority_score":35,"source":"경기부동산포털 국공유지조회·연속지적도","source_date":"2026-08-11","installed_solar_match":false}},{"type":"Feature","id":"4155036023102340000","geometry":{"type":"Point","coordinates":[127.2072401,37.0645549]},"properties":{"pnu":"4155036023102340000","municipality_code":"41550","municipality":"안성시","district":"안성시","locality":"양성면 석화리","address":"안성시 양성면 석화리 234","owner_type":"국유지","owner_label":"국(농수산부)","manager":"","property_class":"","land_category":"도로","area_sqm":4400.0,"area_band":"3,000~5,000㎡","interest_category":"도로","solar_candidate":"검토필요","candidate_reason":"도로점용 및 실제 이용형태 추가 검토 필요; 면적 4,400㎡","priority_score":35,"source":"경기부동산포털 국공유지조회·연속지적도","source_date":"2026-08-11","installed_solar_match":false}},{"type":"Feature","id":"4155025021105420006","geometry":{"type":"Point","coordinates":[127.2063203,37.0022743]},"properties":{"pnu":"4155025021105420006","municipality_code":"41550","municipality":"안성시","district":"안성시","locality":"공도읍 양기리","address":"안성시 공도읍 양기리 542-6","owner_type":"국유지","owner_label":"국(농림수산부)","manager":"","property_class":"","land_category":"도로","area_sqm":4397.0,"area_band":"3,000~5,000㎡","interest_category":"도로","solar_candidate":"검토필요","candidate_reason":"도로점용 및 실제 이용형태 추가 검토 필요; 면적 4,397㎡","priority_score":35,"source":"경기부동산포털 국공유지조회·연속지적도","source_date":"2026-08-11","installed_solar_match":false}},{"type":"Feature","id":"4155032034106310006","geometry":{"type":"Point","coordinates":[127.3158348,37.0012835]},"properties":{"pnu":"4155032034106310006","municipality_code":"41550","municipality":"안성시","district":"안성시","locality":"금광면 신양복리","address":"안성시 금광면 신양복리 631-6","owner_type":"국유지","owner_label":"국(건설교통부)","manager":"","property_class":"","land_category":"도로","area_sqm":4397.0,"area_band":"3,000~5,000㎡","interest_category":"도로","solar_candidate":"검토필요","candidate_reason":"도로점용 및 실제 이용형태 추가 검토 필요; 면적 4,397㎡","priority_score":35,"source":"경기부동산포털 국공유지조회·연속지적도","source_date":"2026-08-11","installed_solar_match":false}},{"type":"Feature","id":"4155040029104290005","geometry":{"type":"Point","coordinates":[127.4406832,37.0211482]},"properties":{"pnu":"4155040029104290005","municipality_code":"41550","municipality":"안성시","district":"안성시","locality":"죽산면 당목리","address":"안성시 죽산면 당목리 429-5","owner_type":"국유지","owner_label":"국(건설교통부)","manager":"","property_class":"","land_category":"도로","area_sqm":4387.0,"area_band":"3,000~5,000㎡","interest_category":"도로","solar_candidate":"검토필요","candidate_reason":"도로점용 및 실제 이용형태 추가 검토 필요; 면적 4,387㎡","priority_score":35,"source":"경기부동산포털 국공유지조회·연속지적도","source_date":"2026-08-11","installed_solar_match":false}},{"type":"Feature","id":"4155034028105190028","geometry":{"type":"Point","coordinates":[127.2094967,36.9748452]},"properties":{"pnu":"4155034028105190028","municipality_code":"41550","municipality":"안성시","district":"안성시","locality":"미양면 정동리","address":"안성시 미양면 정동리 519-28","owner_type":"국유지","owner_label":"국(농림부)","manager":"","property_class":"","land_category":"도로","area_sqm":4381.9,"area_band":"3,000~5,000㎡","interest_category":"도로","solar_candidate":"검토필요","candidate_reason":"도로점용 및 실제 이용형태 추가 검토 필요; 면적 4,382㎡","priority_score":35,"source":"경기부동산포털 국공유지조회·연속지적도","source_date":"2026-08-11","installed_solar_match":false}},{"type":"Feature","id":"4155039021105100008","geometry":{"type":"Point","coordinates":[127.4579755,37.0870161]},"properties":{"pnu":"4155039021105100008","municipality_code":"41550","municipality":"안성시","district":"안성시","locality":"일죽면 월정리","address":"안성시 일죽면 월정리 510-8","owner_type":"국유지","owner_label":"국(건설부)","manager":"","property_class":"","land_category":"도로","area_sqm":4368.0,"area_band":"3,000~5,000㎡","interest_category":"도로","solar_candidate":"검토필요","candidate_reason":"도로점용 및 실제 이용형태 추가 검토 필요; 면적 4,368㎡","priority_score":35,"source":"경기부동산포털 국공유지조회·연속지적도","source_date":"2026-08-11","installed_solar_match":false}},{"type":"Feature","id":"4155034033200100000","geometry":{"type":"Point","coordinates":[127.2443057,36.9761237]},"properties":{"pnu":"4155034033200100000","municipality_code":"41550","municipality":"안성시","district":"안성시","locality":"미양면 보체리","address":"안성시 미양면 보체리 산10","owner_type":"국유지","owner_label":"국(건설교통부)","manager":"","property_class":"","land_category":"도로","area_sqm":4364.0,"area_band":"3,000~5,000㎡","interest_category":"도로","solar_candidate":"검토필요","candidate_reason":"도로점용 및 실제 이용형태 추가 검토 필요; 면적 4,364㎡","priority_score":35,"source":"경기부동산포털 국공유지조회·연속지적도","source_date":"2026-08-11","installed_solar_match":false}},{"type":"Feature","id":"4155038022201760008","geometry":{"type":"Point","coordinates":[127.1669931,37.0555837]},"properties":{"pnu":"4155038022201760008","municipality_code":"41550","municipality":"안성시","district":"안성시","locality":"원곡면 칠곡리","address":"안성시 원곡면 칠곡리 산176-8","owner_type":"국유지","owner_label":"국(건설교통부)","manager":"","property_class":"","land_category":"도로","area_sqm":4362.0,"area_band":"3,000~5,000㎡","interest_category":"도로","solar_candidate":"검토필요","candidate_reason":"도로점용 및 실제 이용형태 추가 검토 필요; 면적 4,362㎡","priority_score":35,"source":"경기부동산포털 국공유지조회·연속지적도","source_date":"2026-08-11","installed_solar_match":false}},{"type":"Feature","id":"4155038023106000000","geometry":{"type":"Point","coordinates":[127.149424,37.0673228]},"properties":{"pnu":"4155038023106000000","municipality_code":"41550","municipality":"안성시","district":"안성시","locality":"원곡면 지문리","address":"안성시 원곡면 지문리 600","owner_type":"국유지","owner_label":"국(건설교통부)","manager":"","property_class":"","land_category":"도로","area_sqm":4355.0,"area_band":"3,000~5,000㎡","interest_category":"도로","solar_candidate":"검토필요","candidate_reason":"도로점용 및 실제 이용형태 추가 검토 필요; 면적 4,355㎡","priority_score":35,"source":"경기부동산포털 국공유지조회·연속지적도","source_date":"2026-08-11","installed_solar_match":false}},{"type":"Feature","id":"4155010400100430000","geometry":{"type":"Point","coordinates":[127.276096,37.007149]},"properties":{"pnu":"4155010400100430000","municipality_code":"41550","municipality":"안성시","district":"안성시","locality":"봉남동","address":"안성시 봉남동 43","owner_type":"국유지","owner_label":"국(건설부)","manager":"","property_class":"","land_category":"도로","area_sqm":4339.2,"area_band":"3,000~5,000㎡","interest_category":"도로","solar_candidate":"검토필요","candidate_reason":"도로점용 및 실제 이용형태 추가 검토 필요; 면적 4,339㎡","priority_score":35,"source":"경기부동산포털 국공유지조회·연속지적도","source_date":"2026-08-11","installed_solar_match":false}},{"type":"Feature","id":"4155040025109650000","geometry":{"type":"Point","coordinates":[127.3877533,37.0712341]},"properties":{"pnu":"4155040025109650000","municipality_code":"41550","municipality":"안성시","district":"안성시","locality":"죽산면 장능리","address":"안성시 죽산면 장능리 965","owner_type":"국유지","owner_label":"국(건설교통부)","manager":"","property_class":"","land_category":"도로","area_sqm":4337.0,"area_band":"3,000~5,000㎡","interest_category":"도로","solar_candidate":"검토필요","candidate_reason":"도로점용 및 실제 이용형태 추가 검토 필요; 면적 4,337㎡","priority_score":35,"source":"경기부동산포털 국공유지조회·연속지적도","source_date":"2026-08-11","installed_solar_match":false}},{"type":"Feature","id":"4155032034106310005","geometry":{"type":"Point","coordinates":[127.3142196,37.0024773]},"properties":{"pnu":"4155032034106310005","municipality_code":"41550","municipality":"안성시","district":"안성시","locality":"금광면 신양복리","address":"안성시 금광면 신양복리 631-5","owner_type":"국유지","owner_label":"국(건설교통부)","manager":"","property_class":"","land_category":"도로","area_sqm":4333.0,"area_band":"3,000~5,000㎡","interest_category":"도로","solar_candidate":"검토필요","candidate_reason":"도로점용 및 실제 이용형태 추가 검토 필요; 면적 4,333㎡","priority_score":35,"source":"경기부동산포털 국공유지조회·연속지적도","source_date":"2026-08-11","installed_solar_match":false}},{"type":"Feature","id":"4155035023105420006","geometry":{"type":"Point","coordinates":[127.239933,37.0237191]},"properties":{"pnu":"4155035023105420006","municipality_code":"41550","municipality":"안성시","district":"안성시","locality":"대덕면 모산리","address":"안성시 대덕면 모산리 542-6","owner_type":"국유지","owner_label":"국(건설교통부)","manager":"","property_class":"","land_category":"도로","area_sqm":4331.0,"area_band":"3,000~5,000㎡","interest_category":"도로","solar_candidate":"검토필요","candidate_reason":"도로점용 및 실제 이용형태 추가 검토 필요; 면적 4,331㎡","priority_score":35,"source":"경기부동산포털 국공유지조회·연속지적도","source_date":"2026-08-11","installed_solar_match":false}},{"type":"Feature","id":"4155033028100520009","geometry":{"type":"Point","coordinates":[127.2446999,36.9287485]},"properties":{"pnu":"4155033028100520009","municipality_code":"41550","municipality":"안성시","district":"안성시","locality":"서운면 신흥리","address":"안성시 서운면 신흥리 52-9","owner_type":"국유지","owner_label":"국(농수산부)","manager":"","property_class":"","land_category":"도로","area_sqm":4329.0,"area_band":"3,000~5,000㎡","interest_category":"도로","solar_candidate":"검토필요","candidate_reason":"도로점용 및 실제 이용형태 추가 검토 필요; 면적 4,329㎡","priority_score":35,"source":"경기부동산포털 국공유지조회·연속지적도","source_date":"2026-08-11","installed_solar_match":false}},{"type":"Feature","id":"4155038023107650002","geometry":{"type":"Point","coordinates":[127.1452243,37.0546708]},"properties":{"pnu":"4155038023107650002","municipality_code":"41550","municipality":"안성시","district":"안성시","locality":"원곡면 지문리","address":"안성시 원곡면 지문리 765-2","owner_type":"국유지","owner_label":"국(농림수산부)","manager":"","property_class":"","land_category":"도로","area_sqm":4327.0,"area_band":"3,000~5,000㎡","interest_category":"도로","solar_candidate":"검토필요","candidate_reason":"도로점용 및 실제 이용형태 추가 검토 필요; 면적 4,327㎡","priority_score":35,"source":"경기부동산포털 국공유지조회·연속지적도","source_date":"2026-08-11","installed_solar_match":false}},{"type":"Feature","id":"4155035031107840000","geometry":{"type":"Point","coordinates":[127.2153956,37.013639]},"properties":{"pnu":"4155035031107840000","municipality_code":"41550","municipality":"안성시","district":"안성시","locality":"대덕면 신령리","address":"안성시 대덕면 신령리 784","owner_type":"국유지","owner_label":"국(농수산부)","manager":"","property_class":"","land_category":"도로","area_sqm":4326.0,"area_band":"3,000~5,000㎡","interest_category":"도로","solar_candidate":"검토필요","candidate_reason":"도로점용 및 실제 이용형태 추가 검토 필요; 면적 4,326㎡","priority_score":35,"source":"경기부동산포털 국공유지조회·연속지적도","source_date":"2026-08-11","installed_solar_match":false}},{"type":"Feature","id":"4155038026100640002","geometry":{"type":"Point","coordinates":[127.140498,37.036777]},"properties":{"pnu":"4155038026100640002","municipality_code":"41550","municipality":"안성시","district":"안성시","locality":"원곡면 외가천리","address":"안성시 원곡면 외가천리 64-2","owner_type":"국유지","owner_label":"국(건설교통부)","manager":"","property_class":"","land_category":"도로","area_sqm":4321.0,"area_band":"3,000~5,000㎡","interest_category":"도로","solar_candidate":"검토필요","candidate_reason":"도로점용 및 실제 이용형태 추가 검토 필요; 면적 4,321㎡","priority_score":35,"source":"경기부동산포털 국공유지조회·연속지적도","source_date":"2026-08-11","installed_solar_match":false}},{"type":"Feature","id":"4155033021104650000","geometry":{"type":"Point","coordinates":[127.2685244,36.9448969]},"properties":{"pnu":"4155033021104650000","municipality_code":"41550","municipality":"안성시","district":"안성시","locality":"서운면 인리","address":"안성시 서운면 인리 465","owner_type":"국유지","owner_label":"국(건설부)","manager":"","property_class":"","land_category":"도로","area_sqm":4318.0,"area_band":"3,000~5,000㎡","interest_category":"도로","solar_candidate":"검토필요","candidate_reason":"도로점용 및 실제 이용형태 추가 검토 필요; 면적 4,318㎡","priority_score":35,"source":"경기부동산포털 국공유지조회·연속지적도","source_date":"2026-08-11","installed_solar_match":false}},{"type":"Feature","id":"4155039027111390017","geometry":{"type":"Point","coordinates":[127.4298053,37.1155846]},"properties":{"pnu":"4155039027111390017","municipality_code":"41550","municipality":"안성시","district":"안성시","locality":"일죽면 방초리","address":"안성시 일죽면 방초리 1139-17","owner_type":"국유지","owner_label":"국(농림부)","manager":"","property_class":"","land_category":"도로","area_sqm":4302.8,"area_band":"3,000~5,000㎡","interest_category":"도로","solar_candidate":"검토필요","candidate_reason":"도로점용 및 실제 이용형태 추가 검토 필요; 면적 4,303㎡","priority_score":35,"source":"경기부동산포털 국공유지조회·연속지적도","source_date":"2026-08-11","installed_solar_match":false}},{"type":"Feature","id":"4155038027101310003","geometry":{"type":"Point","coordinates":[127.1659261,37.0276839]},"properties":{"pnu":"4155038027101310003","municipality_code":"41550","municipality":"안성시","district":"안성시","locality":"원곡면 반제리","address":"안성시 원곡면 반제리 131-3","owner_type":"국유지","owner_label":"국(건설교통부)","manager":"","property_class":"","land_category":"도로","area_sqm":4301.0,"area_band":"3,000~5,000㎡","interest_category":"도로","solar_candidate":"검토필요","candidate_reason":"도로점용 및 실제 이용형태 추가 검토 필요; 면적 4,301㎡","priority_score":35,"source":"경기부동산포털 국공유지조회·연속지적도","source_date":"2026-08-11","installed_solar_match":false}},{"type":"Feature","id":"4155039029200750006","geometry":{"type":"Point","coordinates":[127.44386,37.1256181]},"properties":{"pnu":"4155039029200750006","municipality_code":"41550","municipality":"안성시","district":"안성시","locality":"일죽면 고은리","address":"안성시 일죽면 고은리 산75-6","owner_type":"국유지","owner_label":"국(건설부)","manager":"","property_class":"","land_category":"도로","area_sqm":4301.0,"area_band":"3,000~5,000㎡","interest_category":"도로","solar_candidate":"검토필요","candidate_reason":"도로점용 및 실제 이용형태 추가 검토 필요; 면적 4,301㎡","priority_score":35,"source":"경기부동산포털 국공유지조회·연속지적도","source_date":"2026-08-11","installed_solar_match":false}},{"type":"Feature","id":"4155032021106190000","geometry":{"type":"Point","coordinates":[127.2976071,36.9966484]},"properties":{"pnu":"4155032021106190000","municipality_code":"41550","municipality":"안성시","district":"안성시","locality":"금광면 내우리","address":"안성시 금광면 내우리 619","owner_type":"국유지","owner_label":"국(농림축산식품부)","manager":"","property_class":"","land_category":"도로","area_sqm":4297.1,"area_band":"3,000~5,000㎡","interest_category":"도로","solar_candidate":"검토필요","candidate_reason":"도로점용 및 실제 이용형태 추가 검토 필요; 면적 4,297㎡","priority_score":35,"source":"경기부동산포털 국공유지조회·연속지적도","source_date":"2026-08-11","installed_solar_match":false}},{"type":"Feature","id":"4155039029200710003","geometry":{"type":"Point","coordinates":[127.4436027,37.1264953]},"properties":{"pnu":"4155039029200710003","municipality_code":"41550","municipality":"안성시","district":"안성시","locality":"일죽면 고은리","address":"안성시 일죽면 고은리 산71-3","owner_type":"국유지","owner_label":"국(건설부)","manager":"","property_class":"","land_category":"도로","area_sqm":4295.0,"area_band":"3,000~5,000㎡","interest_category":"도로","solar_candidate":"검토필요","candidate_reason":"도로점용 및 실제 이용형태 추가 검토 필요; 면적 4,295㎡","priority_score":35,"source":"경기부동산포털 국공유지조회·연속지적도","source_date":"2026-08-11","installed_solar_match":false}},{"type":"Feature","id":"4155040027103840001","geometry":{"type":"Point","coordinates":[127.4382113,37.0463072]},"properties":{"pnu":"4155040027103840001","municipality_code":"41550","municipality":"안성시","district":"안성시","locality":"죽산면 용설리","address":"안성시 죽산면 용설리 384-1","owner_type":"국유지","owner_label":"국(건설교통부)","manager":"","property_class":"","land_category":"도로","area_sqm":4291.0,"area_band":"3,000~5,000㎡","interest_category":"도로","solar_candidate":"검토필요","candidate_reason":"도로점용 및 실제 이용형태 추가 검토 필요; 면적 4,291㎡","priority_score":35,"source":"경기부동산포털 국공유지조회·연속지적도","source_date":"2026-08-11","installed_solar_match":false}},{"type":"Feature","id":"4155033034104740006","geometry":{"type":"Point","coordinates":[127.2589026,36.9271721]},"properties":{"pnu":"4155033034104740006","municipality_code":"41550","municipality":"안성시","district":"안성시","locality":"서운면 북산리","address":"안성시 서운면 북산리 474-6","owner_type":"국유지","owner_label":"국(농수산부)","manager":"","property_class":"","land_category":"도로","area_sqm":4287.0,"area_band":"3,000~5,000㎡","interest_category":"도로","solar_candidate":"검토필요","candidate_reason":"도로점용 및 실제 이용형태 추가 검토 필요; 면적 4,287㎡","priority_score":35,"source":"경기부동산포털 국공유지조회·연속지적도","source_date":"2026-08-11","installed_solar_match":false}},{"type":"Feature","id":"4155034022201030001","geometry":{"type":"Point","coordinates":[127.2495397,36.9774018]},"properties":{"pnu":"4155034022201030001","municipality_code":"41550","municipality":"안성시","district":"안성시","locality":"미양면 계륵리","address":"안성시 미양면 계륵리 산103-1","owner_type":"국유지","owner_label":"국(건설교통부)","manager":"","property_class":"","land_category":"도로","area_sqm":4272.0,"area_band":"3,000~5,000㎡","interest_category":"도로","solar_candidate":"검토필요","candidate_reason":"도로점용 및 실제 이용형태 추가 검토 필요; 면적 4,272㎡","priority_score":35,"source":"경기부동산포털 국공유지조회·연속지적도","source_date":"2026-08-11","installed_solar_match":false}},{"type":"Feature","id":"4155033034104740004","geometry":{"type":"Point","coordinates":[127.2598504,36.9295022]},"properties":{"pnu":"4155033034104740004","municipality_code":"41550","municipality":"안성시","district":"안성시","locality":"서운면 북산리","address":"안성시 서운면 북산리 474-4","owner_type":"국유지","owner_label":"국(농수산부)","manager":"","property_class":"","land_category":"도로","area_sqm":4266.0,"area_band":"3,000~5,000㎡","interest_category":"도로","solar_candidate":"검토필요","candidate_reason":"도로점용 및 실제 이용형태 추가 검토 필요; 면적 4,266㎡","priority_score":35,"source":"경기부동산포털 국공유지조회·연속지적도","source_date":"2026-08-11","installed_solar_match":false}},{"type":"Feature","id":"4155041023200820001","geometry":{"type":"Point","coordinates":[127.3906286,37.0740649]},"properties":{"pnu":"4155041023200820001","municipality_code":"41550","municipality":"안성시","district":"안성시","locality":"삼죽면 용월리","address":"안성시 삼죽면 용월리 산82-1","owner_type":"국유지","owner_label":"국(건설부)","manager":"","property_class":"","land_category":"도로","area_sqm":4258.0,"area_band":"3,000~5,000㎡","interest_category":"도로","solar_candidate":"검토필요","candidate_reason":"도로점용 및 실제 이용형태 추가 검토 필요; 면적 4,258㎡","priority_score":35,"source":"경기부동산포털 국공유지조회·연속지적도","source_date":"2026-08-11","installed_solar_match":false}},{"type":"Feature","id":"4155041022109850013","geometry":{"type":"Point","coordinates":[127.3728629,37.0950776]},"properties":{"pnu":"4155041022109850013","municipality_code":"41550","municipality":"안성시","district":"안성시","locality":"삼죽면 율곡리","address":"안성시 삼죽면 율곡리 985-13","owner_type":"국유지","owner_label":"국(농림부)","manager":"","property_class":"","land_category":"도로","area_sqm":4254.0,"area_band":"3,000~5,000㎡","interest_category":"도로","solar_candidate":"검토필요","candidate_reason":"도로점용 및 실제 이용형태 추가 검토 필요; 면적 4,254㎡","priority_score":35,"source":"경기부동산포털 국공유지조회·연속지적도","source_date":"2026-08-11","installed_solar_match":false}},{"type":"Feature","id":"4155033023200090019","geometry":{"type":"Point","coordinates":[127.2281427,36.9259571]},"properties":{"pnu":"4155033023200090019","municipality_code":"41550","municipality":"안성시","district":"안성시","locality":"서운면 송정리","address":"안성시 서운면 송정리 산9-19","owner_type":"국유지","owner_label":"국(국토해양부)","manager":"","property_class":"","land_category":"도로","area_sqm":4251.0,"area_band":"3,000~5,000㎡","interest_category":"도로","solar_candidate":"검토필요","candidate_reason":"도로점용 및 실제 이용형태 추가 검토 필요; 면적 4,251㎡","priority_score":35,"source":"경기부동산포털 국공유지조회·연속지적도","source_date":"2026-08-11","installed_solar_match":false}},{"type":"Feature","id":"4155038026103510000","geometry":{"type":"Point","coordinates":[127.1286797,37.0362791]},"properties":{"pnu":"4155038026103510000","municipality_code":"41550","municipality":"안성시","district":"안성시","locality":"원곡면 외가천리","address":"안성시 원곡면 외가천리 351","owner_type":"국유지","owner_label":"국(건설교통부)","manager":"","property_class":"","land_category":"도로","area_sqm":4239.0,"area_band":"3,000~5,000㎡","interest_category":"도로","solar_candidate":"검토필요","candidate_reason":"도로점용 및 실제 이용형태 추가 검토 필요; 면적 4,239㎡","priority_score":35,"source":"경기부동산포털 국공유지조회·연속지적도","source_date":"2026-08-11","installed_solar_match":false}},{"type":"Feature","id":"4155040024105690000","geometry":{"type":"Point","coordinates":[127.4146153,37.0721958]},"properties":{"pnu":"4155040024105690000","municipality_code":"41550","municipality":"안성시","district":"안성시","locality":"죽산면 두현리","address":"안성시 죽산면 두현리 569","owner_type":"국유지","owner_label":"국(건설교통부)","manager":"","property_class":"","land_category":"도로","area_sqm":4234.0,"area_band":"3,000~5,000㎡","interest_category":"도로","solar_candidate":"검토필요","candidate_reason":"도로점용 및 실제 이용형태 추가 검토 필요; 면적 4,234㎡","priority_score":35,"source":"경기부동산포털 국공유지조회·연속지적도","source_date":"2026-08-11","installed_solar_match":false}},{"type":"Feature","id":"4155035022102280001","geometry":{"type":"Point","coordinates":[127.2455371,37.0569434]},"properties":{"pnu":"4155035022102280001","municipality_code":"41550","municipality":"안성시","district":"안성시","locality":"대덕면 토현리","address":"안성시 대덕면 토현리 228-1","owner_type":"국유지","owner_label":"국(건설교통부)","manager":"","property_class":"","land_category":"도로","area_sqm":4222.0,"area_band":"3,000~5,000㎡","interest_category":"도로","solar_candidate":"검토필요","candidate_reason":"도로점용 및 실제 이용형태 추가 검토 필요; 면적 4,222㎡","priority_score":35,"source":"경기부동산포털 국공유지조회·연속지적도","source_date":"2026-08-11","installed_solar_match":false}},{"type":"Feature","id":"4155025031107060000","geometry":{"type":"Point","coordinates":[127.149029,36.9769527]},"properties":{"pnu":"4155025031107060000","municipality_code":"41550","municipality":"안성시","district":"안성시","locality":"공도읍 진사리","address":"안성시 공도읍 진사리 706","owner_type":"국유지","owner_label":"국(농림축산식품부)","manager":"","property_class":"","land_category":"도로","area_sqm":4214.1,"area_band":"3,000~5,000㎡","interest_category":"도로","solar_candidate":"검토필요","candidate_reason":"도로점용 및 실제 이용형태 추가 검토 필요; 면적 4,214㎡","priority_score":35,"source":"경기부동산포털 국공유지조회·연속지적도","source_date":"2026-08-11","installed_solar_match":false}},{"type":"Feature","id":"4155039025106260000","geometry":{"type":"Point","coordinates":[127.4999786,37.0812196]},"properties":{"pnu":"4155039025106260000","municipality_code":"41550","municipality":"안성시","district":"안성시","locality":"일죽면 산북리","address":"안성시 일죽면 산북리 626","owner_type":"국유지","owner_label":"국(건설교통부)","manager":"","property_class":"","land_category":"도로","area_sqm":4204.0,"area_band":"3,000~5,000㎡","interest_category":"도로","solar_candidate":"검토필요","candidate_reason":"도로점용 및 실제 이용형태 추가 검토 필요; 면적 4,204㎡","priority_score":35,"source":"경기부동산포털 국공유지조회·연속지적도","source_date":"2026-08-11","installed_solar_match":false}},{"type":"Feature","id":"4155038027106410002","geometry":{"type":"Point","coordinates":[127.1457081,37.0141092]},"properties":{"pnu":"4155038027106410002","municipality_code":"41550","municipality":"안성시","district":"안성시","locality":"원곡면 반제리","address":"안성시 원곡면 반제리 641-2","owner_type":"국유지","owner_label":"국(건설부)","manager":"","property_class":"","land_category":"도로","area_sqm":4188.0,"area_band":"3,000~5,000㎡","interest_category":"도로","solar_candidate":"검토필요","candidate_reason":"도로점용 및 실제 이용형태 추가 검토 필요; 면적 4,188㎡","priority_score":35,"source":"경기부동산포털 국공유지조회·연속지적도","source_date":"2026-08-11","installed_solar_match":false}},{"type":"Feature","id":"4155025021105390000","geometry":{"type":"Point","coordinates":[127.2029156,37.008117]},"properties":{"pnu":"4155025021105390000","municipality_code":"41550","municipality":"안성시","district":"안성시","locality":"공도읍 양기리","address":"안성시 공도읍 양기리 539","owner_type":"국유지","owner_label":"국(건설교통부)","manager":"","property_class":"","land_category":"도로","area_sqm":4187.0,"area_band":"3,000~5,000㎡","interest_category":"도로","solar_candidate":"검토필요","candidate_reason":"도로점용 및 실제 이용형태 추가 검토 필요; 면적 4,187㎡","priority_score":35,"source":"경기부동산포털 국공유지조회·연속지적도","source_date":"2026-08-11","installed_solar_match":false}},{"type":"Feature","id":"4155036030103180001","geometry":{"type":"Point","coordinates":[127.2210759,37.110848]},"properties":{"pnu":"4155036030103180001","municipality_code":"41550","municipality":"안성시","district":"안성시","locality":"양성면 난실리","address":"안성시 양성면 난실리 318-1","owner_type":"국유지","owner_label":"국(건설부)","manager":"","property_class":"","land_category":"도로","area_sqm":4183.0,"area_band":"3,000~5,000㎡","interest_category":"도로","solar_candidate":"검토필요","candidate_reason":"도로점용 및 실제 이용형태 추가 검토 필요; 면적 4,183㎡","priority_score":35,"source":"경기부동산포털 국공유지조회·연속지적도","source_date":"2026-08-11","installed_solar_match":false}},{"type":"Feature","id":"4155032024200890000","geometry":{"type":"Point","coordinates":[127.3198146,36.9360216]},"properties":{"pnu":"4155032024200890000","municipality_code":"41550","municipality":"안성시","district":"안성시","locality":"금광면 상중리","address":"안성시 금광면 상중리 산89","owner_type":"국유지","owner_label":"국(건설교통부)","manager":"","property_class":"","land_category":"도로","area_sqm":4182.0,"area_band":"3,000~5,000㎡","interest_category":"도로","solar_candidate":"검토필요","candidate_reason":"도로점용 및 실제 이용형태 추가 검토 필요; 면적 4,182㎡","priority_score":35,"source":"경기부동산포털 국공유지조회·연속지적도","source_date":"2026-08-11","installed_solar_match":false}},{"type":"Feature","id":"4155039033105730000","geometry":{"type":"Point","coordinates":[127.4980281,37.0726145]},"properties":{"pnu":"4155039033105730000","municipality_code":"41550","municipality":"안성시","district":"안성시","locality":"일죽면 금산리","address":"안성시 일죽면 금산리 573","owner_type":"국유지","owner_label":"국(건설교통부)","manager":"","property_class":"","land_category":"도로","area_sqm":4181.0,"area_band":"3,000~5,000㎡","interest_category":"도로","solar_candidate":"검토필요","candidate_reason":"도로점용 및 실제 이용형태 추가 검토 필요; 면적 4,181㎡","priority_score":35,"source":"경기부동산포털 국공유지조회·연속지적도","source_date":"2026-08-11","installed_solar_match":false}},{"type":"Feature","id":"4155036030101370000","geometry":{"type":"Point","coordinates":[127.2249392,37.1103707]},"properties":{"pnu":"4155036030101370000","municipality_code":"41550","municipality":"안성시","district":"안성시","locality":"양성면 난실리","address":"안성시 양성면 난실리 137","owner_type":"국유지","owner_label":"국(농수산부)","manager":"","property_class":"","land_category":"도로","area_sqm":4179.0,"area_band":"3,000~5,000㎡","interest_category":"도로","solar_candidate":"검토필요","candidate_reason":"도로점용 및 실제 이용형태 추가 검토 필요; 면적 4,179㎡","priority_score":35,"source":"경기부동산포털 국공유지조회·연속지적도","source_date":"2026-08-11","installed_solar_match":false}},{"type":"Feature","id":"4155033026107710000","geometry":{"type":"Point","coordinates":[127.2162368,36.9361404]},"properties":{"pnu":"4155033026107710000","municipality_code":"41550","municipality":"안성시","district":"안성시","locality":"서운면 현매리","address":"안성시 서운면 현매리 771","owner_type":"국유지","owner_label":"국(농림수산부)","manager":"","property_class":"","land_category":"도로","area_sqm":4166.0,"area_band":"3,000~5,000㎡","interest_category":"도로","solar_candidate":"검토필요","candidate_reason":"도로점용 및 실제 이용형태 추가 검토 필요; 면적 4,166㎡","priority_score":35,"source":"경기부동산포털 국공유지조회·연속지적도","source_date":"2026-08-11","installed_solar_match":false}},{"type":"Feature","id":"4155038025200630006","geometry":{"type":"Point","coordinates":[127.1060761,37.0349432]},"properties":{"pnu":"4155038025200630006","municipality_code":"41550","municipality":"안성시","district":"안성시","locality":"원곡면 내가천리","address":"안성시 원곡면 내가천리 산63-6","owner_type":"국유지","owner_label":"국(건설교통부)","manager":"","property_class":"","land_category":"도로","area_sqm":4164.0,"area_band":"3,000~5,000㎡","interest_category":"도로","solar_candidate":"검토필요","candidate_reason":"도로점용 및 실제 이용형태 추가 검토 필요; 면적 4,164㎡","priority_score":35,"source":"경기부동산포털 국공유지조회·연속지적도","source_date":"2026-08-11","installed_solar_match":false}},{"type":"Feature","id":"4155012200104350002","geometry":{"type":"Point","coordinates":[127.2523842,37.0021011]},"properties":{"pnu":"4155012200104350002","municipality_code":"41550","municipality":"안성시","district":"안성시","locality":"옥산동","address":"안성시 옥산동 435-2","owner_type":"국유지","owner_label":"국(건설부)","manager":"","property_class":"","land_category":"도로","area_sqm":4158.0,"area_band":"3,000~5,000㎡","interest_category":"도로","solar_candidate":"검토필요","candidate_reason":"도로점용 및 실제 이용형태 추가 검토 필요; 면적 4,158㎡","priority_score":35,"source":"경기부동산포털 국공유지조회·연속지적도","source_date":"2026-08-11","installed_solar_match":false}},{"type":"Feature","id":"4155025021103310012","geometry":{"type":"Point","coordinates":[127.1943914,37.0049889]},"properties":{"pnu":"4155025021103310012","municipality_code":"41550","municipality":"안성시","district":"안성시","locality":"공도읍 양기리","address":"안성시 공도읍 양기리 331-12","owner_type":"국유지","owner_label":"국(건설교통부)","manager":"","property_class":"","land_category":"도로","area_sqm":4154.0,"area_band":"3,000~5,000㎡","interest_category":"도로","solar_candidate":"검토필요","candidate_reason":"도로점용 및 실제 이용형태 추가 검토 필요; 면적 4,154㎡","priority_score":35,"source":"경기부동산포털 국공유지조회·연속지적도","source_date":"2026-08-11","installed_solar_match":false}},{"type":"Feature","id":"4155031035104670006","geometry":{"type":"Point","coordinates":[127.2974655,37.071597]},"properties":{"pnu":"4155031035104670006","municipality_code":"41550","municipality":"안성시","district":"안성시","locality":"보개면 가율리","address":"안성시 보개면 가율리 467-6","owner_type":"국유지","owner_label":"국(건설부)","manager":"","property_class":"","land_category":"도로","area_sqm":4152.0,"area_band":"3,000~5,000㎡","interest_category":"도로","solar_candidate":"검토필요","candidate_reason":"도로점용 및 실제 이용형태 추가 검토 필요; 면적 4,152㎡","priority_score":35,"source":"경기부동산포털 국공유지조회·연속지적도","source_date":"2026-08-11","installed_solar_match":false}},{"type":"Feature","id":"4155040023109940000","geometry":{"type":"Point","coordinates":[127.4153919,37.0649647]},"properties":{"pnu":"4155040023109940000","municipality_code":"41550","municipality":"안성시","district":"안성시","locality":"죽산면 장원리","address":"안성시 죽산면 장원리 994","owner_type":"국유지","owner_label":"국(농림수산부)","manager":"","property_class":"","land_category":"도로","area_sqm":4139.0,"area_band":"3,000~5,000㎡","interest_category":"도로","solar_candidate":"검토필요","candidate_reason":"도로점용 및 실제 이용형태 추가 검토 필요; 면적 4,139㎡","priority_score":35,"source":"경기부동산포털 국공유지조회·연속지적도","source_date":"2026-08-11","installed_solar_match":false}},{"type":"Feature","id":"4155035025105250000","geometry":{"type":"Point","coordinates":[127.2118258,37.0405456]},"properties":{"pnu":"4155035025105250000","municipality_code":"41550","municipality":"안성시","district":"안성시","locality":"대덕면 명당리","address":"안성시 대덕면 명당리 525","owner_type":"국유지","owner_label":"국(농림축산식품부)","manager":"","property_class":"","land_category":"도로","area_sqm":4133.5,"area_band":"3,000~5,000㎡","interest_category":"도로","solar_candidate":"검토필요","candidate_reason":"도로점용 및 실제 이용형태 추가 검토 필요; 면적 4,134㎡","priority_score":35,"source":"경기부동산포털 국공유지조회·연속지적도","source_date":"2026-08-11","installed_solar_match":false}},{"type":"Feature","id":"4155036030102670000","geometry":{"type":"Point","coordinates":[127.2299638,37.1054539]},"properties":{"pnu":"4155036030102670000","municipality_code":"41550","municipality":"안성시","district":"안성시","locality":"양성면 난실리","address":"안성시 양성면 난실리 267","owner_type":"국유지","owner_label":"국(농수산부)","manager":"","property_class":"","land_category":"도로","area_sqm":4124.0,"area_band":"3,000~5,000㎡","interest_category":"도로","solar_candidate":"검토필요","candidate_reason":"도로점용 및 실제 이용형태 추가 검토 필요; 면적 4,124㎡","priority_score":35,"source":"경기부동산포털 국공유지조회·연속지적도","source_date":"2026-08-11","installed_solar_match":false}},{"type":"Feature","id":"4155035025105430000","geometry":{"type":"Point","coordinates":[127.2135249,37.0391541]},"properties":{"pnu":"4155035025105430000","municipality_code":"41550","municipality":"안성시","district":"안성시","locality":"대덕면 명당리","address":"안성시 대덕면 명당리 543","owner_type":"국유지","owner_label":"국(농림축산식품부)","manager":"","property_class":"","land_category":"도로","area_sqm":4116.8,"area_band":"3,000~5,000㎡","interest_category":"도로","solar_candidate":"검토필요","candidate_reason":"도로점용 및 실제 이용형태 추가 검토 필요; 면적 4,117㎡","priority_score":35,"source":"경기부동산포털 국공유지조회·연속지적도","source_date":"2026-08-11","installed_solar_match":false}},{"type":"Feature","id":"4155039027110370000","geometry":{"type":"Point","coordinates":[127.4291667,37.1144638]},"properties":{"pnu":"4155039027110370000","municipality_code":"41550","municipality":"안성시","district":"안성시","locality":"일죽면 방초리","address":"안성시 일죽면 방초리 1037","owner_type":"국유지","owner_label":"국(건설교통부)","manager":"","property_class":"","land_category":"도로","area_sqm":4116.0,"area_band":"3,000~5,000㎡","interest_category":"도로","solar_candidate":"검토필요","candidate_reason":"도로점용 및 실제 이용형태 추가 검토 필요; 면적 4,116㎡","priority_score":35,"source":"경기부동산포털 국공유지조회·연속지적도","source_date":"2026-08-11","installed_solar_match":false}},{"type":"Feature","id":"4155039033105610000","geometry":{"type":"Point","coordinates":[127.5142759,37.0770374]},"properties":{"pnu":"4155039033105610000","municipality_code":"41550","municipality":"안성시","district":"안성시","locality":"일죽면 금산리","address":"안성시 일죽면 금산리 561","owner_type":"국유지","owner_label":"국(건설교통부)","manager":"","property_class":"","land_category":"도로","area_sqm":4112.0,"area_band":"3,000~5,000㎡","interest_category":"도로","solar_candidate":"검토필요","candidate_reason":"도로점용 및 실제 이용형태 추가 검토 필요; 면적 4,112㎡","priority_score":35,"source":"경기부동산포털 국공유지조회·연속지적도","source_date":"2026-08-11","installed_solar_match":false}},{"type":"Feature","id":"4155038026100970001","geometry":{"type":"Point","coordinates":[127.1349583,37.0358713]},"properties":{"pnu":"4155038026100970001","municipality_code":"41550","municipality":"안성시","district":"안성시","locality":"원곡면 외가천리","address":"안성시 원곡면 외가천리 97-1","owner_type":"국유지","owner_label":"국(건설교통부)","manager":"","property_class":"","land_category":"도로","area_sqm":4110.0,"area_band":"3,000~5,000㎡","interest_category":"도로","solar_candidate":"검토필요","candidate_reason":"도로점용 및 실제 이용형태 추가 검토 필요; 면적 4,110㎡","priority_score":35,"source":"경기부동산포털 국공유지조회·연속지적도","source_date":"2026-08-11","installed_solar_match":false}},{"type":"Feature","id":"4155038023103770002","geometry":{"type":"Point","coordinates":[127.1358873,37.0563059]},"properties":{"pnu":"4155038023103770002","municipality_code":"41550","municipality":"안성시","district":"안성시","locality":"원곡면 지문리","address":"안성시 원곡면 지문리 377-2","owner_type":"국유지","owner_label":"국(건설부)","manager":"","property_class":"","land_category":"도로","area_sqm":4109.0,"area_band":"3,000~5,000㎡","interest_category":"도로","solar_candidate":"검토필요","candidate_reason":"도로점용 및 실제 이용형태 추가 검토 필요; 면적 4,109㎡","priority_score":35,"source":"경기부동산포털 국공유지조회·연속지적도","source_date":"2026-08-11","installed_solar_match":false}},{"type":"Feature","id":"4155035028106680000","geometry":{"type":"Point","coordinates":[127.2187151,37.0093091]},"properties":{"pnu":"4155035028106680000","municipality_code":"41550","municipality":"안성시","district":"안성시","locality":"대덕면 내리","address":"안성시 대덕면 내리 668","owner_type":"국유지","owner_label":"국(농림수산부)","manager":"","property_class":"","land_category":"도로","area_sqm":4105.0,"area_band":"3,000~5,000㎡","interest_category":"도로","solar_candidate":"검토필요","candidate_reason":"도로점용 및 실제 이용형태 추가 검토 필요; 면적 4,105㎡","priority_score":35,"source":"경기부동산포털 국공유지조회·연속지적도","source_date":"2026-08-11","installed_solar_match":false}},{"type":"Feature","id":"4155013100103920000","geometry":{"type":"Point","coordinates":[127.2945896,36.9939592]},"properties":{"pnu":"4155013100103920000","municipality_code":"41550","municipality":"안성시","district":"안성시","locality":"현수동","address":"안성시 현수동 392","owner_type":"국유지","owner_label":"국(농림축산식품부)","manager":"","property_class":"","land_category":"도로","area_sqm":4099.0,"area_band":"3,000~5,000㎡","interest_category":"도로","solar_candidate":"검토필요","candidate_reason":"도로점용 및 실제 이용형태 추가 검토 필요; 면적 4,099㎡","priority_score":35,"source":"경기부동산포털 국공유지조회·연속지적도","source_date":"2026-08-11","installed_solar_match":false}},{"type":"Feature","id":"4155013100106330000","geometry":{"type":"Point","coordinates":[127.2864809,36.9925332]},"properties":{"pnu":"4155013100106330000","municipality_code":"41550","municipality":"안성시","district":"안성시","locality":"현수동","address":"안성시 현수동 633","owner_type":"국유지","owner_label":"국(농림축산식품부)","manager":"","property_class":"","land_category":"도로","area_sqm":4098.7,"area_band":"3,000~5,000㎡","interest_category":"도로","solar_candidate":"검토필요","candidate_reason":"도로점용 및 실제 이용형태 추가 검토 필요; 면적 4,099㎡","priority_score":35,"source":"경기부동산포털 국공유지조회·연속지적도","source_date":"2026-08-11","installed_solar_match":false}},{"type":"Feature","id":"4155039027201090001","geometry":{"type":"Point","coordinates":[127.4180666,37.1236353]},"properties":{"pnu":"4155039027201090001","municipality_code":"41550","municipality":"안성시","district":"안성시","locality":"일죽면 방초리","address":"안성시 일죽면 방초리 산109-1","owner_type":"국유지","owner_label":"국(건설부)","manager":"","property_class":"","land_category":"도로","area_sqm":4091.0,"area_band":"3,000~5,000㎡","interest_category":"도로","solar_candidate":"검토필요","candidate_reason":"도로점용 및 실제 이용형태 추가 검토 필요; 면적 4,091㎡","priority_score":35,"source":"경기부동산포털 국공유지조회·연속지적도","source_date":"2026-08-11","installed_solar_match":false}},{"type":"Feature","id":"4155039034102300006","geometry":{"type":"Point","coordinates":[127.4667863,37.0725527]},"properties":{"pnu":"4155039034102300006","municipality_code":"41550","municipality":"안성시","district":"안성시","locality":"일죽면 장암리","address":"안성시 일죽면 장암리 230-6","owner_type":"국유지","owner_label":"국(건설부)","manager":"","property_class":"","land_category":"도로","area_sqm":4091.0,"area_band":"3,000~5,000㎡","interest_category":"도로","solar_candidate":"검토필요","candidate_reason":"도로점용 및 실제 이용형태 추가 검토 필요; 면적 4,091㎡","priority_score":35,"source":"경기부동산포털 국공유지조회·연속지적도","source_date":"2026-08-11","installed_solar_match":false}},{"type":"Feature","id":"4155040022105580008","geometry":{"type":"Point","coordinates":[127.4336088,37.1052718]},"properties":{"pnu":"4155040022105580008","municipality_code":"41550","municipality":"안성시","district":"안성시","locality":"죽산면 매산리","address":"안성시 죽산면 매산리 558-8","owner_type":"국유지","owner_label":"국(건설부)","manager":"","property_class":"","land_category":"도로","area_sqm":4085.0,"area_band":"3,000~5,000㎡","interest_category":"도로","solar_candidate":"검토필요","candidate_reason":"도로점용 및 실제 이용형태 추가 검토 필요; 면적 4,085㎡","priority_score":35,"source":"경기부동산포털 국공유지조회·연속지적도","source_date":"2026-08-11","installed_solar_match":false}},{"type":"Feature","id":"4155025024105890001","geometry":{"type":"Point","coordinates":[127.1320728,36.9672846]},"properties":{"pnu":"4155025024105890001","municipality_code":"41550","municipality":"안성시","district":"안성시","locality":"공도읍 중복리","address":"안성시 공도읍 중복리 589-1","owner_type":"국유지","owner_label":"국(건설교통부)","manager":"","property_class":"","land_category":"도로","area_sqm":4079.0,"area_band":"3,000~5,000㎡","interest_category":"도로","solar_candidate":"검토필요","candidate_reason":"도로점용 및 실제 이용형태 추가 검토 필요; 면적 4,079㎡","priority_score":35,"source":"경기부동산포털 국공유지조회·연속지적도","source_date":"2026-08-11","installed_solar_match":false}},{"type":"Feature","id":"4155038026100700007","geometry":{"type":"Point","coordinates":[127.1410563,37.0344037]},"properties":{"pnu":"4155038026100700007","municipality_code":"41550","municipality":"안성시","district":"안성시","locality":"원곡면 외가천리","address":"안성시 원곡면 외가천리 70-7","owner_type":"국유지","owner_label":"국(건설교통부)","manager":"","property_class":"","land_category":"도로","area_sqm":4079.0,"area_band":"3,000~5,000㎡","interest_category":"도로","solar_candidate":"검토필요","candidate_reason":"도로점용 및 실제 이용형태 추가 검토 필요; 면적 4,079㎡","priority_score":35,"source":"경기부동산포털 국공유지조회·연속지적도","source_date":"2026-08-11","installed_solar_match":false}},{"type":"Feature","id":"4155040025108590000","geometry":{"type":"Point","coordinates":[127.3989757,37.0690075]},"properties":{"pnu":"4155040025108590000","municipality_code":"41550","municipality":"안성시","district":"안성시","locality":"죽산면 장능리","address":"안성시 죽산면 장능리 859","owner_type":"국유지","owner_label":"국(건설교통부)","manager":"","property_class":"","land_category":"도로","area_sqm":4073.0,"area_band":"3,000~5,000㎡","interest_category":"도로","solar_candidate":"검토필요","candidate_reason":"도로점용 및 실제 이용형태 추가 검토 필요; 면적 4,073㎡","priority_score":35,"source":"경기부동산포털 국공유지조회·연속지적도","source_date":"2026-08-11","installed_solar_match":false}},{"type":"Feature","id":"4155042021113350000","geometry":{"type":"Point","coordinates":[127.2884787,37.1036617]},"properties":{"pnu":"4155042021113350000","municipality_code":"41550","municipality":"안성시","district":"안성시","locality":"고삼면 쌍지리","address":"안성시 고삼면 쌍지리 1335","owner_type":"국유지","owner_label":"국(농림수산부)","manager":"","property_class":"","land_category":"도로","area_sqm":4066.0,"area_band":"3,000~5,000㎡","interest_category":"도로","solar_candidate":"검토필요","candidate_reason":"도로점용 및 실제 이용형태 추가 검토 필요; 면적 4,066㎡","priority_score":35,"source":"경기부동산포털 국공유지조회·연속지적도","source_date":"2026-08-11","installed_solar_match":false}},{"type":"Feature","id":"4155025023104400004","geometry":{"type":"Point","coordinates":[127.1992306,36.9982356]},"properties":{"pnu":"4155025023104400004","municipality_code":"41550","municipality":"안성시","district":"안성시","locality":"공도읍 신두리","address":"안성시 공도읍 신두리 440-4","owner_type":"국유지","owner_label":"국(건설교통부)","manager":"","property_class":"","land_category":"도로","area_sqm":4062.0,"area_band":"3,000~5,000㎡","interest_category":"도로","solar_candidate":"검토필요","candidate_reason":"도로점용 및 실제 이용형태 추가 검토 필요; 면적 4,062㎡","priority_score":35,"source":"경기부동산포털 국공유지조회·연속지적도","source_date":"2026-08-11","installed_solar_match":false}},{"type":"Feature","id":"4155036032109400000","geometry":{"type":"Point","coordinates":[127.2597008,37.1273336]},"properties":{"pnu":"4155036032109400000","municipality_code":"41550","municipality":"안성시","district":"안성시","locality":"양성면 미산리","address":"안성시 양성면 미산리 940","owner_type":"국유지","owner_label":"국(건설교통부)","manager":"","property_class":"","land_category":"도로","area_sqm":4059.0,"area_band":"3,000~5,000㎡","interest_category":"도로","solar_candidate":"검토필요","candidate_reason":"도로점용 및 실제 이용형태 추가 검토 필요; 면적 4,059㎡","priority_score":35,"source":"경기부동산포털 국공유지조회·연속지적도","source_date":"2026-08-11","installed_solar_match":false}},{"type":"Feature","id":"4155032025105460000","geometry":{"type":"Point","coordinates":[127.3159851,37.0012572]},"properties":{"pnu":"4155032025105460000","municipality_code":"41550","municipality":"안성시","district":"안성시","locality":"금광면 금광리","address":"안성시 금광면 금광리 546","owner_type":"국유지","owner_label":"국(건설부)","manager":"","property_class":"","land_category":"도로","area_sqm":4051.0,"area_band":"3,000~5,000㎡","interest_category":"도로","solar_candidate":"검토필요","candidate_reason":"도로점용 및 실제 이용형태 추가 검토 필요; 면적 4,051㎡","priority_score":35,"source":"경기부동산포털 국공유지조회·연속지적도","source_date":"2026-08-11","installed_solar_match":false}},{"type":"Feature","id":"4155039029110970000","geometry":{"type":"Point","coordinates":[127.4403059,37.1137315]},"properties":{"pnu":"4155039029110970000","municipality_code":"41550","municipality":"안성시","district":"안성시","locality":"일죽면 고은리","address":"안성시 일죽면 고은리 1097","owner_type":"국유지","owner_label":"국(건설교통부)","manager":"","property_class":"","land_category":"도로","area_sqm":4051.0,"area_band":"3,000~5,000㎡","interest_category":"도로","solar_candidate":"검토필요","candidate_reason":"도로점용 및 실제 이용형태 추가 검토 필요; 면적 4,051㎡","priority_score":35,"source":"경기부동산포털 국공유지조회·연속지적도","source_date":"2026-08-11","installed_solar_match":false}},{"type":"Feature","id":"4155041021105460000","geometry":{"type":"Point","coordinates":[127.3987706,37.0781096]},"properties":{"pnu":"4155041021105460000","municipality_code":"41550","municipality":"안성시","district":"안성시","locality":"삼죽면 내장리","address":"안성시 삼죽면 내장리 546","owner_type":"국유지","owner_label":"국(건설교통부)","manager":"","property_class":"","land_category":"도로","area_sqm":4047.0,"area_band":"3,000~5,000㎡","interest_category":"도로","solar_candidate":"검토필요","candidate_reason":"도로점용 및 실제 이용형태 추가 검토 필요; 면적 4,047㎡","priority_score":35,"source":"경기부동산포털 국공유지조회·연속지적도","source_date":"2026-08-11","installed_solar_match":false}},{"type":"Feature","id":"4155039025107060000","geometry":{"type":"Point","coordinates":[127.5038299,37.0965572]},"properties":{"pnu":"4155039025107060000","municipality_code":"41550","municipality":"안성시","district":"안성시","locality":"일죽면 산북리","address":"안성시 일죽면 산북리 706","owner_type":"국유지","owner_label":"국(농림수산부)","manager":"","property_class":"","land_category":"도로","area_sqm":4042.7,"area_band":"3,000~5,000㎡","interest_category":"도로","solar_candidate":"검토필요","candidate_reason":"도로점용 및 실제 이용형태 추가 검토 필요; 면적 4,043㎡","priority_score":35,"source":"경기부동산포털 국공유지조회·연속지적도","source_date":"2026-08-11","installed_solar_match":false}},{"type":"Feature","id":"4155039021110340004","geometry":{"type":"Point","coordinates":[127.4413109,37.0814973]},"properties":{"pnu":"4155039021110340004","municipality_code":"41550","municipality":"안성시","district":"안성시","locality":"일죽면 월정리","address":"안성시 일죽면 월정리 1034-4","owner_type":"국유지","owner_label":"국(건설교통부)","manager":"","property_class":"","land_category":"도로","area_sqm":4032.0,"area_band":"3,000~5,000㎡","interest_category":"도로","solar_candidate":"검토필요","candidate_reason":"도로점용 및 실제 이용형태 추가 검토 필요; 면적 4,032㎡","priority_score":35,"source":"경기부동산포털 국공유지조회·연속지적도","source_date":"2026-08-11","installed_solar_match":false}},{"type":"Feature","id":"4155025024106080000","geometry":{"type":"Point","coordinates":[127.1467671,36.9722357]},"properties":{"pnu":"4155025024106080000","municipality_code":"41550","municipality":"안성시","district":"안성시","locality":"공도읍 중복리","address":"안성시 공도읍 중복리 608","owner_type":"국유지","owner_label":"국(농림축산식품부)","manager":"","property_class":"","land_category":"도로","area_sqm":4028.5,"area_band":"3,000~5,000㎡","interest_category":"도로","solar_candidate":"검토필요","candidate_reason":"도로점용 및 실제 이용형태 추가 검토 필요; 면적 4,028㎡","priority_score":35,"source":"경기부동산포털 국공유지조회·연속지적도","source_date":"2026-08-11","installed_solar_match":false}},{"type":"Feature","id":"4155032021105930000","geometry":{"type":"Point","coordinates":[127.3007497,36.9952854]},"properties":{"pnu":"4155032021105930000","municipality_code":"41550","municipality":"안성시","district":"안성시","locality":"금광면 내우리","address":"안성시 금광면 내우리 593","owner_type":"국유지","owner_label":"국(농림축산식품부)","manager":"","property_class":"","land_category":"도로","area_sqm":4021.0,"area_band":"3,000~5,000㎡","interest_category":"도로","solar_candidate":"검토필요","candidate_reason":"도로점용 및 실제 이용형태 추가 검토 필요; 면적 4,021㎡","priority_score":35,"source":"경기부동산포털 국공유지조회·연속지적도","source_date":"2026-08-11","installed_solar_match":false}},{"type":"Feature","id":"4155025030105850000","geometry":{"type":"Point","coordinates":[127.1897733,37.0099983]},"properties":{"pnu":"4155025030105850000","municipality_code":"41550","municipality":"안성시","district":"안성시","locality":"공도읍 마정리","address":"안성시 공도읍 마정리 585","owner_type":"국유지","owner_label":"국(농림축산식품부)","manager":"","property_class":"","land_category":"도로","area_sqm":4020.9,"area_band":"3,000~5,000㎡","interest_category":"도로","solar_candidate":"검토필요","candidate_reason":"도로점용 및 실제 이용형태 추가 검토 필요; 면적 4,021㎡","priority_score":35,"source":"경기부동산포털 국공유지조회·연속지적도","source_date":"2026-08-11","installed_solar_match":false}},{"type":"Feature","id":"4155041027106500004","geometry":{"type":"Point","coordinates":[127.373181,37.0623302]},"properties":{"pnu":"4155041027106500004","municipality_code":"41550","municipality":"안성시","district":"안성시","locality":"삼죽면 진촌리","address":"안성시 삼죽면 진촌리 650-4","owner_type":"국유지","owner_label":"국(건설부)","manager":"","property_class":"","land_category":"도로","area_sqm":4017.0,"area_band":"3,000~5,000㎡","interest_category":"도로","solar_candidate":"검토필요","candidate_reason":"도로점용 및 실제 이용형태 추가 검토 필요; 면적 4,017㎡","priority_score":35,"source":"경기부동산포털 국공유지조회·연속지적도","source_date":"2026-08-11","installed_solar_match":false}},{"type":"Feature","id":"4155039029111670008","geometry":{"type":"Point","coordinates":[127.4371049,37.1234479]},"properties":{"pnu":"4155039029111670008","municipality_code":"41550","municipality":"안성시","district":"안성시","locality":"일죽면 고은리","address":"안성시 일죽면 고은리 1167-8","owner_type":"국유지","owner_label":"국(농림부)","manager":"","property_class":"","land_category":"도로","area_sqm":4014.0,"area_band":"3,000~5,000㎡","interest_category":"도로","solar_candidate":"검토필요","candidate_reason":"도로점용 및 실제 이용형태 추가 검토 필요; 면적 4,014㎡","priority_score":35,"source":"경기부동산포털 국공유지조회·연속지적도","source_date":"2026-08-11","installed_solar_match":false}},{"type":"Feature","id":"4155025026108800000","geometry":{"type":"Point","coordinates":[127.1580806,36.9804704]},"properties":{"pnu":"4155025026108800000","municipality_code":"41550","municipality":"안성시","district":"안성시","locality":"공도읍 승두리","address":"안성시 공도읍 승두리 880","owner_type":"국유지","owner_label":"국(농림축산식품부)","manager":"","property_class":"","land_category":"도로","area_sqm":4012.8,"area_band":"3,000~5,000㎡","interest_category":"도로","solar_candidate":"검토필요","candidate_reason":"도로점용 및 실제 이용형태 추가 검토 필요; 면적 4,013㎡","priority_score":35,"source":"경기부동산포털 국공유지조회·연속지적도","source_date":"2026-08-11","installed_solar_match":false}},{"type":"Feature","id":"4155040024105820005","geometry":{"type":"Point","coordinates":[127.40758,37.0650375]},"properties":{"pnu":"4155040024105820005","municipality_code":"41550","municipality":"안성시","district":"안성시","locality":"죽산면 두현리","address":"안성시 죽산면 두현리 582-5","owner_type":"국유지","owner_label":"국(농림수산부)","manager":"","property_class":"","land_category":"도로","area_sqm":4010.0,"area_band":"3,000~5,000㎡","interest_category":"도로","solar_candidate":"검토필요","candidate_reason":"도로점용 및 실제 이용형태 추가 검토 필요; 면적 4,010㎡","priority_score":35,"source":"경기부동산포털 국공유지조회·연속지적도","source_date":"2026-08-11","installed_solar_match":false}},{"type":"Feature","id":"4155025023200160002","geometry":{"type":"Point","coordinates":[127.2057163,36.9969648]},"properties":{"pnu":"4155025023200160002","municipality_code":"41550","municipality":"안성시","district":"안성시","locality":"공도읍 신두리","address":"안성시 공도읍 신두리 산16-2","owner_type":"국유지","owner_label":"국(건설교통부)","manager":"","property_class":"","land_category":"도로","area_sqm":4008.0,"area_band":"3,000~5,000㎡","interest_category":"도로","solar_candidate":"검토필요","candidate_reason":"도로점용 및 실제 이용형태 추가 검토 필요; 면적 4,008㎡","priority_score":35,"source":"경기부동산포털 국공유지조회·연속지적도","source_date":"2026-08-11","installed_solar_match":false}},{"type":"Feature","id":"4155034031103250002","geometry":{"type":"Point","coordinates":[127.2236,36.9841969]},"properties":{"pnu":"4155034031103250002","municipality_code":"41550","municipality":"안성시","district":"안성시","locality":"미양면 갈전리","address":"안성시 미양면 갈전리 325-2","owner_type":"국유지","owner_label":"국(농림수산부)","manager":"","property_class":"","land_category":"도로","area_sqm":4008.0,"area_band":"3,000~5,000㎡","interest_category":"도로","solar_candidate":"검토필요","candidate_reason":"도로점용 및 실제 이용형태 추가 검토 필요; 면적 4,008㎡","priority_score":35,"source":"경기부동산포털 국공유지조회·연속지적도","source_date":"2026-08-11","installed_solar_match":false}},{"type":"Feature","id":"4155036036104200002","geometry":{"type":"Point","coordinates":[127.2036909,37.0339685]},"properties":{"pnu":"4155036036104200002","municipality_code":"41550","municipality":"안성시","district":"안성시","locality":"양성면 명목리","address":"안성시 양성면 명목리 420-2","owner_type":"국유지","owner_label":"국(농림부)","manager":"","property_class":"","land_category":"도로","area_sqm":4008.0,"area_band":"3,000~5,000㎡","interest_category":"도로","solar_candidate":"검토필요","candidate_reason":"도로점용 및 실제 이용형태 추가 검토 필요; 면적 4,008㎡","priority_score":35,"source":"경기부동산포털 국공유지조회·연속지적도","source_date":"2026-08-11","installed_solar_match":false}},{"type":"Feature","id":"4155031027103470000","geometry":{"type":"Point","coordinates":[127.3070344,37.0465466]},"properties":{"pnu":"4155031027103470000","municipality_code":"41550","municipality":"안성시","district":"안성시","locality":"보개면 오두리","address":"안성시 보개면 오두리 347","owner_type":"국유지","owner_label":"국(건설부)","manager":"","property_class":"","land_category":"도로","area_sqm":4002.0,"area_band":"3,000~5,000㎡","interest_category":"도로","solar_candidate":"검토필요","candidate_reason":"도로점용 및 실제 이용형태 추가 검토 필요; 면적 4,002㎡","priority_score":35,"source":"경기부동산포털 국공유지조회·연속지적도","source_date":"2026-08-11","installed_solar_match":false}},{"type":"Feature","id":"4155033034104740007","geometry":{"type":"Point","coordinates":[127.2531938,36.9295806]},"properties":{"pnu":"4155033034104740007","municipality_code":"41550","municipality":"안성시","district":"안성시","locality":"서운면 북산리","address":"안성시 서운면 북산리 474-7","owner_type":"국유지","owner_label":"국(농수산부)","manager":"","property_class":"","land_category":"도로","area_sqm":3999.0,"area_band":"3,000~5,000㎡","interest_category":"도로","solar_candidate":"검토필요","candidate_reason":"도로점용 및 실제 이용형태 추가 검토 필요; 면적 3,999㎡","priority_score":35,"source":"경기부동산포털 국공유지조회·연속지적도","source_date":"2026-08-11","installed_solar_match":false}},{"type":"Feature","id":"4155038024107510000","geometry":{"type":"Point","coordinates":[127.1305377,37.0765225]},"properties":{"pnu":"4155038024107510000","municipality_code":"41550","municipality":"안성시","district":"안성시","locality":"원곡면 산하리","address":"안성시 원곡면 산하리 751","owner_type":"국유지","owner_label":"국(건설교통부)","manager":"","property_class":"","land_category":"도로","area_sqm":3996.0,"area_band":"3,000~5,000㎡","interest_category":"도로","solar_candidate":"검토필요","candidate_reason":"도로점용 및 실제 이용형태 추가 검토 필요; 면적 3,996㎡","priority_score":35,"source":"경기부동산포털 국공유지조회·연속지적도","source_date":"2026-08-11","installed_solar_match":false}},{"type":"Feature","id":"4155025029103600006","geometry":{"type":"Point","coordinates":[127.1791771,37.0122641]},"properties":{"pnu":"4155025029103600006","municipality_code":"41550","municipality":"안성시","district":"안성시","locality":"공도읍 만정리","address":"안성시 공도읍 만정리 360-6","owner_type":"국유지","owner_label":"국(건설교통부)","manager":"","property_class":"","land_category":"도로","area_sqm":3995.0,"area_band":"3,000~5,000㎡","interest_category":"도로","solar_candidate":"검토필요","candidate_reason":"도로점용 및 실제 이용형태 추가 검토 필요; 면적 3,995㎡","priority_score":35,"source":"경기부동산포털 국공유지조회·연속지적도","source_date":"2026-08-11","installed_solar_match":false}},{"type":"Feature","id":"4155039029200740001","geometry":{"type":"Point","coordinates":[127.4440781,37.1249795]},"properties":{"pnu":"4155039029200740001","municipality_code":"41550","municipality":"안성시","district":"안성시","locality":"일죽면 고은리","address":"안성시 일죽면 고은리 산74-1","owner_type":"국유지","owner_label":"국(건설부)","manager":"","property_class":"","land_category":"도로","area_sqm":3994.0,"area_band":"3,000~5,000㎡","interest_category":"도로","solar_candidate":"검토필요","candidate_reason":"도로점용 및 실제 이용형태 추가 검토 필요; 면적 3,994㎡","priority_score":35,"source":"경기부동산포털 국공유지조회·연속지적도","source_date":"2026-08-11","installed_solar_match":false}},{"type":"Feature","id":"4155033026107620000","geometry":{"type":"Point","coordinates":[127.2184939,36.940432]},"properties":{"pnu":"4155033026107620000","municipality_code":"41550","municipality":"안성시","district":"안성시","locality":"서운면 현매리","address":"안성시 서운면 현매리 762","owner_type":"국유지","owner_label":"국(농림수산부)","manager":"","property_class":"","land_category":"도로","area_sqm":3993.0,"area_band":"3,000~5,000㎡","interest_category":"도로","solar_candidate":"검토필요","candidate_reason":"도로점용 및 실제 이용형태 추가 검토 필요; 면적 3,993㎡","priority_score":35,"source":"경기부동산포털 국공유지조회·연속지적도","source_date":"2026-08-11","installed_solar_match":false}},{"type":"Feature","id":"4155039030201040000","geometry":{"type":"Point","coordinates":[127.4629642,37.1175075]},"properties":{"pnu":"4155039030201040000","municipality_code":"41550","municipality":"안성시","district":"안성시","locality":"일죽면 화곡리","address":"안성시 일죽면 화곡리 산104","owner_type":"국유지","owner_label":"국(기획재정부)","manager":"","property_class":"","land_category":"도로","area_sqm":3993.0,"area_band":"3,000~5,000㎡","interest_category":"도로","solar_candidate":"검토필요","candidate_reason":"도로점용 및 실제 이용형태 추가 검토 필요; 면적 3,993㎡","priority_score":35,"source":"경기부동산포털 국공유지조회·연속지적도","source_date":"2026-08-11","installed_solar_match":false}},{"type":"Feature","id":"4155038025102150001","geometry":{"type":"Point","coordinates":[127.1083302,37.0360952]},"properties":{"pnu":"4155038025102150001","municipality_code":"41550","municipality":"안성시","district":"안성시","locality":"원곡면 내가천리","address":"안성시 원곡면 내가천리 215-1","owner_type":"국유지","owner_label":"국(건설교통부)","manager":"","property_class":"","land_category":"도로","area_sqm":3984.0,"area_band":"3,000~5,000㎡","interest_category":"도로","solar_candidate":"검토필요","candidate_reason":"도로점용 및 실제 이용형태 추가 검토 필요; 면적 3,984㎡","priority_score":35,"source":"경기부동산포털 국공유지조회·연속지적도","source_date":"2026-08-11","installed_solar_match":false}},{"type":"Feature","id":"4155038025102610000","geometry":{"type":"Point","coordinates":[127.1253072,37.0423013]},"properties":{"pnu":"4155038025102610000","municipality_code":"41550","municipality":"안성시","district":"안성시","locality":"원곡면 내가천리","address":"안성시 원곡면 내가천리 261","owner_type":"국유지","owner_label":"국(건설교통부)","manager":"","property_class":"","land_category":"도로","area_sqm":3980.0,"area_band":"3,000~5,000㎡","interest_category":"도로","solar_candidate":"검토필요","candidate_reason":"도로점용 및 실제 이용형태 추가 검토 필요; 면적 3,980㎡","priority_score":35,"source":"경기부동산포털 국공유지조회·연속지적도","source_date":"2026-08-11","installed_solar_match":false}},{"type":"Feature","id":"4155039021105530005","geometry":{"type":"Point","coordinates":[127.4538842,37.0872465]},"properties":{"pnu":"4155039021105530005","municipality_code":"41550","municipality":"안성시","district":"안성시","locality":"일죽면 월정리","address":"안성시 일죽면 월정리 553-5","owner_type":"국유지","owner_label":"국(건설부)","manager":"","property_class":"","land_category":"도로","area_sqm":3971.0,"area_band":"3,000~5,000㎡","interest_category":"도로","solar_candidate":"검토필요","candidate_reason":"도로점용 및 실제 이용형태 추가 검토 필요; 면적 3,971㎡","priority_score":35,"source":"경기부동산포털 국공유지조회·연속지적도","source_date":"2026-08-11","installed_solar_match":false}},{"type":"Feature","id":"4155031038114070000","geometry":{"type":"Point","coordinates":[127.3100806,37.0664959]},"properties":{"pnu":"4155031038114070000","municipality_code":"41550","municipality":"안성시","district":"안성시","locality":"보개면 남풍리","address":"안성시 보개면 남풍리 1407","owner_type":"국유지","owner_label":"국(농림수산부)","manager":"","property_class":"","land_category":"도로","area_sqm":3968.9,"area_band":"3,000~5,000㎡","interest_category":"도로","solar_candidate":"검토필요","candidate_reason":"도로점용 및 실제 이용형태 추가 검토 필요; 면적 3,969㎡","priority_score":35,"source":"경기부동산포털 국공유지조회·연속지적도","source_date":"2026-08-11","installed_solar_match":false}},{"type":"Feature","id":"4155038024201210003","geometry":{"type":"Point","coordinates":[127.1349256,37.0666703]},"properties":{"pnu":"4155038024201210003","municipality_code":"41550","municipality":"안성시","district":"안성시","locality":"원곡면 산하리","address":"안성시 원곡면 산하리 산121-3","owner_type":"국유지","owner_label":"국(건설교통부)","manager":"","property_class":"","land_category":"도로","area_sqm":3967.0,"area_band":"3,000~5,000㎡","interest_category":"도로","solar_candidate":"검토필요","candidate_reason":"도로점용 및 실제 이용형태 추가 검토 필요; 면적 3,967㎡","priority_score":35,"source":"경기부동산포털 국공유지조회·연속지적도","source_date":"2026-08-11","installed_solar_match":false}},{"type":"Feature","id":"4155040023200040006","geometry":{"type":"Point","coordinates":[127.4366571,37.0743545]},"properties":{"pnu":"4155040023200040006","municipality_code":"41550","municipality":"안성시","district":"안성시","locality":"죽산면 장원리","address":"안성시 죽산면 장원리 산4-6","owner_type":"국유지","owner_label":"국(건설교통부)","manager":"","property_class":"","land_category":"도로","area_sqm":3965.0,"area_band":"3,000~5,000㎡","interest_category":"도로","solar_candidate":"검토필요","candidate_reason":"도로점용 및 실제 이용형태 추가 검토 필요; 면적 3,965㎡","priority_score":35,"source":"경기부동산포털 국공유지조회·연속지적도","source_date":"2026-08-11","installed_solar_match":false}},{"type":"Feature","id":"4155040022108350001","geometry":{"type":"Point","coordinates":[127.4331129,37.1063061]},"properties":{"pnu":"4155040022108350001","municipality_code":"41550","municipality":"안성시","district":"안성시","locality":"죽산면 매산리","address":"안성시 죽산면 매산리 835-1","owner_type":"국유지","owner_label":"국(건설부)","manager":"","property_class":"","land_category":"도로","area_sqm":3963.0,"area_band":"3,000~5,000㎡","interest_category":"도로","solar_candidate":"검토필요","candidate_reason":"도로점용 및 실제 이용형태 추가 검토 필요; 면적 3,963㎡","priority_score":35,"source":"경기부동산포털 국공유지조회·연속지적도","source_date":"2026-08-11","installed_solar_match":false}},{"type":"Feature","id":"4155036034200210000","geometry":{"type":"Point","coordinates":[127.223508,37.0570869]},"properties":{"pnu":"4155036034200210000","municipality_code":"41550","municipality":"안성시","district":"안성시","locality":"양성면 필산리","address":"안성시 양성면 필산리 산21","owner_type":"국유지","owner_label":"국(건설교통부)","manager":"","property_class":"","land_category":"도로","area_sqm":3961.0,"area_band":"3,000~5,000㎡","interest_category":"도로","solar_candidate":"검토필요","candidate_reason":"도로점용 및 실제 이용형태 추가 검토 필요; 면적 3,961㎡","priority_score":35,"source":"경기부동산포털 국공유지조회·연속지적도","source_date":"2026-08-11","installed_solar_match":false}},{"type":"Feature","id":"4155036022102390001","geometry":{"type":"Point","coordinates":[127.2046911,37.0574467]},"properties":{"pnu":"4155036022102390001","municipality_code":"41550","municipality":"안성시","district":"안성시","locality":"양성면 구장리","address":"안성시 양성면 구장리 239-1","owner_type":"국유지","owner_label":"국(농림수산부)","manager":"","property_class":"","land_category":"도로","area_sqm":3958.0,"area_band":"3,000~5,000㎡","interest_category":"도로","solar_candidate":"검토필요","candidate_reason":"도로점용 및 실제 이용형태 추가 검토 필요; 면적 3,958㎡","priority_score":35,"source":"경기부동산포털 국공유지조회·연속지적도","source_date":"2026-08-11","installed_solar_match":false}},{"type":"Feature","id":"4155034037105110000","geometry":{"type":"Point","coordinates":[127.2269083,36.9659649]},"properties":{"pnu":"4155034037105110000","municipality_code":"41550","municipality":"안성시","district":"안성시","locality":"미양면 마산리","address":"안성시 미양면 마산리 511","owner_type":"국유지","owner_label":"국(건설부)","manager":"","property_class":"","land_category":"도로","area_sqm":3954.2,"area_band":"3,000~5,000㎡","interest_category":"도로","solar_candidate":"검토필요","candidate_reason":"도로점용 및 실제 이용형태 추가 검토 필요; 면적 3,954㎡","priority_score":35,"source":"경기부동산포털 국공유지조회·연속지적도","source_date":"2026-08-11","installed_solar_match":false}},{"type":"Feature","id":"4155035027105100004","geometry":{"type":"Point","coordinates":[127.2315453,37.0136152]},"properties":{"pnu":"4155035027105100004","municipality_code":"41550","municipality":"안성시","district":"안성시","locality":"대덕면 건지리","address":"안성시 대덕면 건지리 510-4","owner_type":"국유지","owner_label":"국(건설부)","manager":"","property_class":"","land_category":"도로","area_sqm":3941.0,"area_band":"3,000~5,000㎡","interest_category":"도로","solar_candidate":"검토필요","candidate_reason":"도로점용 및 실제 이용형태 추가 검토 필요; 면적 3,941㎡","priority_score":35,"source":"경기부동산포털 국공유지조회·연속지적도","source_date":"2026-08-11","installed_solar_match":false}},{"type":"Feature","id":"4155039029200700001","geometry":{"type":"Point","coordinates":[127.4434326,37.1271859]},"properties":{"pnu":"4155039029200700001","municipality_code":"41550","municipality":"안성시","district":"안성시","locality":"일죽면 고은리","address":"안성시 일죽면 고은리 산70-1","owner_type":"국유지","owner_label":"국(건설부)","manager":"","property_class":"","land_category":"도로","area_sqm":3941.0,"area_band":"3,000~5,000㎡","interest_category":"도로","solar_candidate":"검토필요","candidate_reason":"도로점용 및 실제 이용형태 추가 검토 필요; 면적 3,941㎡","priority_score":35,"source":"경기부동산포털 국공유지조회·연속지적도","source_date":"2026-08-11","installed_solar_match":false}},{"type":"Feature","id":"4155041021106390000","geometry":{"type":"Point","coordinates":[127.3931629,37.0898252]},"properties":{"pnu":"4155041021106390000","municipality_code":"41550","municipality":"안성시","district":"안성시","locality":"삼죽면 내장리","address":"안성시 삼죽면 내장리 639","owner_type":"국유지","owner_label":"국(농림부)","manager":"","property_class":"","land_category":"도로","area_sqm":3939.2,"area_band":"3,000~5,000㎡","interest_category":"도로","solar_candidate":"검토필요","candidate_reason":"도로점용 및 실제 이용형태 추가 검토 필요; 면적 3,939㎡","priority_score":35,"source":"경기부동산포털 국공유지조회·연속지적도","source_date":"2026-08-11","installed_solar_match":false}},{"type":"Feature","id":"4155039028105780012","geometry":{"type":"Point","coordinates":[127.4708045,37.0918849]},"properties":{"pnu":"4155039028105780012","municipality_code":"41550","municipality":"안성시","district":"안성시","locality":"일죽면 송천리","address":"안성시 일죽면 송천리 578-12","owner_type":"국유지","owner_label":"국(건설부)","manager":"","property_class":"","land_category":"도로","area_sqm":3934.0,"area_band":"3,000~5,000㎡","interest_category":"도로","solar_candidate":"검토필요","candidate_reason":"도로점용 및 실제 이용형태 추가 검토 필요; 면적 3,934㎡","priority_score":35,"source":"경기부동산포털 국공유지조회·연속지적도","source_date":"2026-08-11","installed_solar_match":false}},{"type":"Feature","id":"4155025029200580007","geometry":{"type":"Point","coordinates":[127.1767957,37.0131269]},"properties":{"pnu":"4155025029200580007","municipality_code":"41550","municipality":"안성시","district":"안성시","locality":"공도읍 만정리","address":"안성시 공도읍 만정리 산58-7","owner_type":"국유지","owner_label":"국(건설교통부)","manager":"","property_class":"","land_category":"도로","area_sqm":3929.0,"area_band":"3,000~5,000㎡","interest_category":"도로","solar_candidate":"검토필요","candidate_reason":"도로점용 및 실제 이용형태 추가 검토 필요; 면적 3,929㎡","priority_score":35,"source":"경기부동산포털 국공유지조회·연속지적도","source_date":"2026-08-11","installed_solar_match":false}},{"type":"Feature","id":"4155025025107320000","geometry":{"type":"Point","coordinates":[127.1616255,37.002983]},"properties":{"pnu":"4155025025107320000","municipality_code":"41550","municipality":"안성시","district":"안성시","locality":"공도읍 용두리","address":"안성시 공도읍 용두리 732","owner_type":"국유지","owner_label":"국(건설부)","manager":"","property_class":"","land_category":"도로","area_sqm":3918.7,"area_band":"3,000~5,000㎡","interest_category":"도로","solar_candidate":"검토필요","candidate_reason":"도로점용 및 실제 이용형태 추가 검토 필요; 면적 3,919㎡","priority_score":35,"source":"경기부동산포털 국공유지조회·연속지적도","source_date":"2026-08-11","installed_solar_match":false}},{"type":"Feature","id":"4155041022109380000","geometry":{"type":"Point","coordinates":[127.3724247,37.1050316]},"properties":{"pnu":"4155041022109380000","municipality_code":"41550","municipality":"안성시","district":"안성시","locality":"삼죽면 율곡리","address":"안성시 삼죽면 율곡리 938","owner_type":"국유지","owner_label":"국(건설교통부)","manager":"","property_class":"","land_category":"도로","area_sqm":3915.0,"area_band":"3,000~5,000㎡","interest_category":"도로","solar_candidate":"검토필요","candidate_reason":"도로점용 및 실제 이용형태 추가 검토 필요; 면적 3,915㎡","priority_score":35,"source":"경기부동산포털 국공유지조회·연속지적도","source_date":"2026-08-11","installed_solar_match":false}},{"type":"Feature","id":"4155010100100970000","geometry":{"type":"Point","coordinates":[127.2780194,37.0054368]},"properties":{"pnu":"4155010100100970000","municipality_code":"41550","municipality":"안성시","district":"안성시","locality":"봉산동","address":"안성시 봉산동 97","owner_type":"국유지","owner_label":"국(건설부)","manager":"","property_class":"","land_category":"도로","area_sqm":3912.4,"area_band":"3,000~5,000㎡","interest_category":"도로","solar_candidate":"검토필요","candidate_reason":"도로점용 및 실제 이용형태 추가 검토 필요; 면적 3,912㎡","priority_score":35,"source":"경기부동산포털 국공유지조회·연속지적도","source_date":"2026-08-11","installed_solar_match":false}},{"type":"Feature","id":"4155040023110010000","geometry":{"type":"Point","coordinates":[127.4379027,37.0776926]},"properties":{"pnu":"4155040023110010000","municipality_code":"41550","municipality":"안성시","district":"안성시","locality":"죽산면 장원리","address":"안성시 죽산면 장원리 1001","owner_type":"국유지","owner_label":"국(건설교통부)","manager":"","property_class":"","land_category":"도로","area_sqm":3911.0,"area_band":"3,000~5,000㎡","interest_category":"도로","solar_candidate":"검토필요","candidate_reason":"도로점용 및 실제 이용형태 추가 검토 필요; 면적 3,911㎡","priority_score":35,"source":"경기부동산포털 국공유지조회·연속지적도","source_date":"2026-08-11","installed_solar_match":false}},{"type":"Feature","id":"4155031031103810000","geometry":{"type":"Point","coordinates":[127.2995329,37.0064507]},"properties":{"pnu":"4155031031103810000","municipality_code":"41550","municipality":"안성시","district":"안성시","locality":"보개면 동신리","address":"안성시 보개면 동신리 381","owner_type":"국유지","owner_label":"국(농림축산식품부)","manager":"","property_class":"","land_category":"도로","area_sqm":3907.0,"area_band":"3,000~5,000㎡","interest_category":"도로","solar_candidate":"검토필요","candidate_reason":"도로점용 및 실제 이용형태 추가 검토 필요; 면적 3,907㎡","priority_score":35,"source":"경기부동산포털 국공유지조회·연속지적도","source_date":"2026-08-11","installed_solar_match":false}},{"type":"Feature","id":"4155033024104380006","geometry":{"type":"Point","coordinates":[127.2539168,36.9382747]},"properties":{"pnu":"4155033024104380006","municipality_code":"41550","municipality":"안성시","district":"안성시","locality":"서운면 신촌리","address":"안성시 서운면 신촌리 438-6","owner_type":"국유지","owner_label":"국(농수산부)","manager":"","property_class":"","land_category":"도로","area_sqm":3903.0,"area_band":"3,000~5,000㎡","interest_category":"도로","solar_candidate":"검토필요","candidate_reason":"도로점용 및 실제 이용형태 추가 검토 필요; 면적 3,903㎡","priority_score":35,"source":"경기부동산포털 국공유지조회·연속지적도","source_date":"2026-08-11","installed_solar_match":false}},{"type":"Feature","id":"4155036021107920002","geometry":{"type":"Point","coordinates":[127.1919575,37.0652256]},"properties":{"pnu":"4155036021107920002","municipality_code":"41550","municipality":"안성시","district":"안성시","locality":"양성면 동항리","address":"안성시 양성면 동항리 792-2","owner_type":"국유지","owner_label":"국(건설부)","manager":"","property_class":"","land_category":"도로","area_sqm":3900.0,"area_band":"3,000~5,000㎡","interest_category":"도로","solar_candidate":"검토필요","candidate_reason":"도로점용 및 실제 이용형태 추가 검토 필요; 면적 3,900㎡","priority_score":35,"source":"경기부동산포털 국공유지조회·연속지적도","source_date":"2026-08-11","installed_solar_match":false}},{"type":"Feature","id":"4155036021108010000","geometry":{"type":"Point","coordinates":[127.1896104,37.0606429]},"properties":{"pnu":"4155036021108010000","municipality_code":"41550","municipality":"안성시","district":"안성시","locality":"양성면 동항리","address":"안성시 양성면 동항리 801","owner_type":"국유지","owner_label":"국(건설부)","manager":"","property_class":"","land_category":"도로","area_sqm":3899.0,"area_band":"3,000~5,000㎡","interest_category":"도로","solar_candidate":"검토필요","candidate_reason":"도로점용 및 실제 이용형태 추가 검토 필요; 면적 3,899㎡","priority_score":35,"source":"경기부동산포털 국공유지조회·연속지적도","source_date":"2026-08-11","installed_solar_match":false}},{"type":"Feature","id":"4155039024105640000","geometry":{"type":"Point","coordinates":[127.4796435,37.076392]},"properties":{"pnu":"4155039024105640000","municipality_code":"41550","municipality":"안성시","district":"안성시","locality":"일죽면 가리","address":"안성시 일죽면 가리 564","owner_type":"국유지","owner_label":"국(건설교통부)","manager":"","property_class":"","land_category":"도로","area_sqm":3899.0,"area_band":"3,000~5,000㎡","interest_category":"도로","solar_candidate":"검토필요","candidate_reason":"도로점용 및 실제 이용형태 추가 검토 필요; 면적 3,899㎡","priority_score":35,"source":"경기부동산포털 국공유지조회·연속지적도","source_date":"2026-08-11","installed_solar_match":false}},{"type":"Feature","id":"4155011400101750000","geometry":{"type":"Point","coordinates":[127.2673502,37.0088013]},"properties":{"pnu":"4155011400101750000","municipality_code":"41550","municipality":"안성시","district":"안성시","locality":"금산동","address":"안성시 금산동 175","owner_type":"국유지","owner_label":"국(건설부)","manager":"","property_class":"","land_category":"도로","area_sqm":3898.1,"area_band":"3,000~5,000㎡","interest_category":"도로","solar_candidate":"검토필요","candidate_reason":"도로점용 및 실제 이용형태 추가 검토 필요; 면적 3,898㎡","priority_score":35,"source":"경기부동산포털 국공유지조회·연속지적도","source_date":"2026-08-11","installed_solar_match":false}},{"type":"Feature","id":"4155039031109340000","geometry":{"type":"Point","coordinates":[127.4915377,37.1009178]},"properties":{"pnu":"4155039031109340000","municipality_code":"41550","municipality":"안성시","district":"안성시","locality":"일죽면 능국리","address":"안성시 일죽면 능국리 934","owner_type":"국유지","owner_label":"국(농림축산식품부)","manager":"","property_class":"","land_category":"도로","area_sqm":3894.5,"area_band":"3,000~5,000㎡","interest_category":"도로","solar_candidate":"검토필요","candidate_reason":"도로점용 및 실제 이용형태 추가 검토 필요; 면적 3,894㎡","priority_score":35,"source":"경기부동산포털 국공유지조회·연속지적도","source_date":"2026-08-11","installed_solar_match":false}},{"type":"Feature","id":"4155025026104600013","geometry":{"type":"Point","coordinates":[127.165086,36.9852759]},"properties":{"pnu":"4155025026104600013","municipality_code":"41550","municipality":"안성시","district":"안성시","locality":"공도읍 승두리","address":"안성시 공도읍 승두리 460-13","owner_type":"국유지","owner_label":"국","manager":"","property_class":"","land_category":"도로","area_sqm":3894.0,"area_band":"3,000~5,000㎡","interest_category":"도로","solar_candidate":"검토필요","candidate_reason":"도로점용 및 실제 이용형태 추가 검토 필요; 면적 3,894㎡","priority_score":35,"source":"경기부동산포털 국공유지조회·연속지적도","source_date":"2026-08-11","installed_solar_match":false}},{"type":"Feature","id":"4155034028105050007","geometry":{"type":"Point","coordinates":[127.1949,36.9784923]},"properties":{"pnu":"4155034028105050007","municipality_code":"41550","municipality":"안성시","district":"안성시","locality":"미양면 정동리","address":"안성시 미양면 정동리 505-7","owner_type":"국유지","owner_label":"국(농림부)","manager":"","property_class":"","land_category":"도로","area_sqm":3892.1,"area_band":"3,000~5,000㎡","interest_category":"도로","solar_candidate":"검토필요","candidate_reason":"도로점용 및 실제 이용형태 추가 검토 필요; 면적 3,892㎡","priority_score":35,"source":"경기부동산포털 국공유지조회·연속지적도","source_date":"2026-08-11","installed_solar_match":false}},{"type":"Feature","id":"4155035034107290000","geometry":{"type":"Point","coordinates":[127.272661,37.0628399]},"properties":{"pnu":"4155035034107290000","municipality_code":"41550","municipality":"안성시","district":"안성시","locality":"대덕면 삼한리","address":"안성시 대덕면 삼한리 729","owner_type":"국유지","owner_label":"국(농림축산식품부)","manager":"","property_class":"","land_category":"도로","area_sqm":3888.5,"area_band":"3,000~5,000㎡","interest_category":"도로","solar_candidate":"검토필요","candidate_reason":"도로점용 및 실제 이용형태 추가 검토 필요; 면적 3,888㎡","priority_score":35,"source":"경기부동산포털 국공유지조회·연속지적도","source_date":"2026-08-11","installed_solar_match":false}},{"type":"Feature","id":"4155033021104780000","geometry":{"type":"Point","coordinates":[127.2626965,36.9472712]},"properties":{"pnu":"4155033021104780000","municipality_code":"41550","municipality":"안성시","district":"안성시","locality":"서운면 인리","address":"안성시 서운면 인리 478","owner_type":"국유지","owner_label":"국(농수산부)","manager":"","property_class":"","land_category":"도로","area_sqm":3887.0,"area_band":"3,000~5,000㎡","interest_category":"도로","solar_candidate":"검토필요","candidate_reason":"도로점용 및 실제 이용형태 추가 검토 필요; 면적 3,887㎡","priority_score":35,"source":"경기부동산포털 국공유지조회·연속지적도","source_date":"2026-08-11","installed_solar_match":false}},{"type":"Feature","id":"4155039021110210000","geometry":{"type":"Point","coordinates":[127.4575089,37.0929233]},"properties":{"pnu":"4155039021110210000","municipality_code":"41550","municipality":"안성시","district":"안성시","locality":"일죽면 월정리","address":"안성시 일죽면 월정리 1021","owner_type":"국유지","owner_label":"국(건설교통부)","manager":"","property_class":"","land_category":"도로","area_sqm":3884.0,"area_band":"3,000~5,000㎡","interest_category":"도로","solar_candidate":"검토필요","candidate_reason":"도로점용 및 실제 이용형태 추가 검토 필요; 면적 3,884㎡","priority_score":35,"source":"경기부동산포털 국공유지조회·연속지적도","source_date":"2026-08-11","installed_solar_match":false}},{"type":"Feature","id":"4155033034104760001","geometry":{"type":"Point","coordinates":[127.256559,36.9248982]},"properties":{"pnu":"4155033034104760001","municipality_code":"41550","municipality":"안성시","district":"안성시","locality":"서운면 북산리","address":"안성시 서운면 북산리 476-1","owner_type":"국유지","owner_label":"국(농수산부)","manager":"","property_class":"","land_category":"도로","area_sqm":3878.0,"area_band":"3,000~5,000㎡","interest_category":"도로","solar_candidate":"검토필요","candidate_reason":"도로점용 및 실제 이용형태 추가 검토 필요; 면적 3,878㎡","priority_score":35,"source":"경기부동산포털 국공유지조회·연속지적도","source_date":"2026-08-11","installed_solar_match":false}},{"type":"Feature","id":"4155039027201260000","geometry":{"type":"Point","coordinates":[127.4368226,37.1436437]},"properties":{"pnu":"4155039027201260000","municipality_code":"41550","municipality":"안성시","district":"안성시","locality":"일죽면 방초리","address":"안성시 일죽면 방초리 산126","owner_type":"국유지","owner_label":"국(건설교통부)","manager":"","property_class":"","land_category":"도로","area_sqm":3877.0,"area_band":"3,000~5,000㎡","interest_category":"도로","solar_candidate":"검토필요","candidate_reason":"도로점용 및 실제 이용형태 추가 검토 필요; 면적 3,877㎡","priority_score":35,"source":"경기부동산포털 국공유지조회·연속지적도","source_date":"2026-08-11","installed_solar_match":false}},{"type":"Feature","id":"4155034022102490000","geometry":{"type":"Point","coordinates":[127.254389,36.9814752]},"properties":{"pnu":"4155034022102490000","municipality_code":"41550","municipality":"안성시","district":"안성시","locality":"미양면 계륵리","address":"안성시 미양면 계륵리 249","owner_type":"국유지","owner_label":"국(건설부)","manager":"","property_class":"","land_category":"도로","area_sqm":3871.0,"area_band":"3,000~5,000㎡","interest_category":"도로","solar_candidate":"검토필요","candidate_reason":"도로점용 및 실제 이용형태 추가 검토 필요; 면적 3,871㎡","priority_score":35,"source":"경기부동산포털 국공유지조회·연속지적도","source_date":"2026-08-11","installed_solar_match":false}},{"type":"Feature","id":"4155036021107920033","geometry":{"type":"Point","coordinates":[127.1983281,37.055482]},"properties":{"pnu":"4155036021107920033","municipality_code":"41550","municipality":"안성시","district":"안성시","locality":"양성면 동항리","address":"안성시 양성면 동항리 792-33","owner_type":"국유지","owner_label":"국(건설부)","manager":"","property_class":"","land_category":"도로","area_sqm":3871.0,"area_band":"3,000~5,000㎡","interest_category":"도로","solar_candidate":"검토필요","candidate_reason":"도로점용 및 실제 이용형태 추가 검토 필요; 면적 3,871㎡","priority_score":35,"source":"경기부동산포털 국공유지조회·연속지적도","source_date":"2026-08-11","installed_solar_match":false}},{"type":"Feature","id":"4155033023101930009","geometry":{"type":"Point","coordinates":[127.2264062,36.9269614]},"properties":{"pnu":"4155033023101930009","municipality_code":"41550","municipality":"안성시","district":"안성시","locality":"서운면 송정리","address":"안성시 서운면 송정리 193-9","owner_type":"국유지","owner_label":"국(건설교통부)","manager":"","property_class":"","land_category":"도로","area_sqm":3865.0,"area_band":"3,000~5,000㎡","interest_category":"도로","solar_candidate":"검토필요","candidate_reason":"도로점용 및 실제 이용형태 추가 검토 필요; 면적 3,865㎡","priority_score":35,"source":"경기부동산포털 국공유지조회·연속지적도","source_date":"2026-08-11","installed_solar_match":false}},{"type":"Feature","id":"4155039023110260000","geometry":{"type":"Point","coordinates":[127.4473962,37.0710538]},"properties":{"pnu":"4155039023110260000","municipality_code":"41550","municipality":"안성시","district":"안성시","locality":"일죽면 죽림리","address":"안성시 일죽면 죽림리 1026","owner_type":"국유지","owner_label":"국(농림수산부)","manager":"","property_class":"","land_category":"도로","area_sqm":3860.0,"area_band":"3,000~5,000㎡","interest_category":"도로","solar_candidate":"검토필요","candidate_reason":"도로점용 및 실제 이용형태 추가 검토 필요; 면적 3,860㎡","priority_score":35,"source":"경기부동산포털 국공유지조회·연속지적도","source_date":"2026-08-11","installed_solar_match":false}},{"type":"Feature","id":"4155032022105580006","geometry":{"type":"Point","coordinates":[127.3029481,36.983703]},"properties":{"pnu":"4155032022105580006","municipality_code":"41550","municipality":"안성시","district":"안성시","locality":"금광면 개산리","address":"안성시 금광면 개산리 558-6","owner_type":"국유지","owner_label":"국(건설부)","manager":"","property_class":"","land_category":"도로","area_sqm":3846.0,"area_band":"3,000~5,000㎡","interest_category":"도로","solar_candidate":"검토필요","candidate_reason":"도로점용 및 실제 이용형태 추가 검토 필요; 면적 3,846㎡","priority_score":35,"source":"경기부동산포털 국공유지조회·연속지적도","source_date":"2026-08-11","installed_solar_match":false}},{"type":"Feature","id":"4155025025100050001","geometry":{"type":"Point","coordinates":[127.1718001,37.0167384]},"properties":{"pnu":"4155025025100050001","municipality_code":"41550","municipality":"안성시","district":"안성시","locality":"공도읍 용두리","address":"안성시 공도읍 용두리 5-1","owner_type":"국유지","owner_label":"국(건설교통부)","manager":"","property_class":"","land_category":"도로","area_sqm":3845.0,"area_band":"3,000~5,000㎡","interest_category":"도로","solar_candidate":"검토필요","candidate_reason":"도로점용 및 실제 이용형태 추가 검토 필요; 면적 3,845㎡","priority_score":35,"source":"경기부동산포털 국공유지조회·연속지적도","source_date":"2026-08-11","installed_solar_match":false}},{"type":"Feature","id":"4155038022108570000","geometry":{"type":"Point","coordinates":[127.1626697,37.052059]},"properties":{"pnu":"4155038022108570000","municipality_code":"41550","municipality":"안성시","district":"안성시","locality":"원곡면 칠곡리","address":"안성시 원곡면 칠곡리 857","owner_type":"국유지","owner_label":"국(건설부)","manager":"","property_class":"","land_category":"도로","area_sqm":3842.0,"area_band":"3,000~5,000㎡","interest_category":"도로","solar_candidate":"검토필요","candidate_reason":"도로점용 및 실제 이용형태 추가 검토 필요; 면적 3,842㎡","priority_score":35,"source":"경기부동산포털 국공유지조회·연속지적도","source_date":"2026-08-11","installed_solar_match":false}},{"type":"Feature","id":"4155034028105200007","geometry":{"type":"Point","coordinates":[127.2075362,36.9720726]},"properties":{"pnu":"4155034028105200007","municipality_code":"41550","municipality":"안성시","district":"안성시","locality":"미양면 정동리","address":"안성시 미양면 정동리 520-7","owner_type":"국유지","owner_label":"국(농림부)","manager":"","property_class":"","land_category":"도로","area_sqm":3839.8,"area_band":"3,000~5,000㎡","interest_category":"도로","solar_candidate":"검토필요","candidate_reason":"도로점용 및 실제 이용형태 추가 검토 필요; 면적 3,840㎡","priority_score":35,"source":"경기부동산포털 국공유지조회·연속지적도","source_date":"2026-08-11","installed_solar_match":false}},{"type":"Feature","id":"4155031038113250000","geometry":{"type":"Point","coordinates":[127.3291953,37.0648437]},"properties":{"pnu":"4155031038113250000","municipality_code":"41550","municipality":"안성시","district":"안성시","locality":"보개면 남풍리","address":"안성시 보개면 남풍리 1325","owner_type":"국유지","owner_label":"국(건설교통부)","manager":"","property_class":"","land_category":"도로","area_sqm":3832.0,"area_band":"3,000~5,000㎡","interest_category":"도로","solar_candidate":"검토필요","candidate_reason":"도로점용 및 실제 이용형태 추가 검토 필요; 면적 3,832㎡","priority_score":35,"source":"경기부동산포털 국공유지조회·연속지적도","source_date":"2026-08-11","installed_solar_match":false}},{"type":"Feature","id":"4155033028200160001","geometry":{"type":"Point","coordinates":[127.2386309,36.9213653]},"properties":{"pnu":"4155033028200160001","municipality_code":"41550","municipality":"안성시","district":"안성시","locality":"서운면 신흥리","address":"안성시 서운면 신흥리 산16-1","owner_type":"국유지","owner_label":"국(건설교통부)","manager":"","property_class":"","land_category":"도로","area_sqm":3832.0,"area_band":"3,000~5,000㎡","interest_category":"도로","solar_candidate":"검토필요","candidate_reason":"도로점용 및 실제 이용형태 추가 검토 필요; 면적 3,832㎡","priority_score":35,"source":"경기부동산포털 국공유지조회·연속지적도","source_date":"2026-08-11","installed_solar_match":false}},{"type":"Feature","id":"4155040029110480000","geometry":{"type":"Point","coordinates":[127.4396323,37.0253519]},"properties":{"pnu":"4155040029110480000","municipality_code":"41550","municipality":"안성시","district":"안성시","locality":"죽산면 당목리","address":"안성시 죽산면 당목리 1048","owner_type":"국유지","owner_label":"국(건설교통부)","manager":"","property_class":"","land_category":"도로","area_sqm":3829.0,"area_band":"3,000~5,000㎡","interest_category":"도로","solar_candidate":"검토필요","candidate_reason":"도로점용 및 실제 이용형태 추가 검토 필요; 면적 3,829㎡","priority_score":35,"source":"경기부동산포털 국공유지조회·연속지적도","source_date":"2026-08-11","installed_solar_match":false}},{"type":"Feature","id":"4155034027106150000","geometry":{"type":"Point","coordinates":[127.217648,36.952562]},"properties":{"pnu":"4155034027106150000","municipality_code":"41550","municipality":"안성시","district":"안성시","locality":"미양면 고지리","address":"안성시 미양면 고지리 615","owner_type":"국유지","owner_label":"국(건설부)","manager":"","property_class":"","land_category":"도로","area_sqm":3815.0,"area_band":"3,000~5,000㎡","interest_category":"도로","solar_candidate":"검토필요","candidate_reason":"도로점용 및 실제 이용형태 추가 검토 필요; 면적 3,815㎡","priority_score":35,"source":"경기부동산포털 국공유지조회·연속지적도","source_date":"2026-08-11","installed_solar_match":false}},{"type":"Feature","id":"4155031035104670007","geometry":{"type":"Point","coordinates":[127.2991069,37.0639833]},"properties":{"pnu":"4155031035104670007","municipality_code":"41550","municipality":"안성시","district":"안성시","locality":"보개면 가율리","address":"안성시 보개면 가율리 467-7","owner_type":"국유지","owner_label":"국(건설부)","manager":"","property_class":"","land_category":"도로","area_sqm":3811.0,"area_band":"3,000~5,000㎡","interest_category":"도로","solar_candidate":"검토필요","candidate_reason":"도로점용 및 실제 이용형태 추가 검토 필요; 면적 3,811㎡","priority_score":35,"source":"경기부동산포털 국공유지조회·연속지적도","source_date":"2026-08-11","installed_solar_match":false}},{"type":"Feature","id":"4155041028201040000","geometry":{"type":"Point","coordinates":[127.3693689,37.0336831]},"properties":{"pnu":"4155041028201040000","municipality_code":"41550","municipality":"안성시","district":"안성시","locality":"삼죽면 미장리","address":"안성시 삼죽면 미장리 산104","owner_type":"국유지","owner_label":"국(건설교통부)","manager":"","property_class":"","land_category":"도로","area_sqm":3810.0,"area_band":"3,000~5,000㎡","interest_category":"도로","solar_candidate":"검토필요","candidate_reason":"도로점용 및 실제 이용형태 추가 검토 필요; 면적 3,810㎡","priority_score":35,"source":"경기부동산포털 국공유지조회·연속지적도","source_date":"2026-08-11","installed_solar_match":false}},{"type":"Feature","id":"4155039025107130000","geometry":{"type":"Point","coordinates":[127.5045767,37.0899368]},"properties":{"pnu":"4155039025107130000","municipality_code":"41550","municipality":"안성시","district":"안성시","locality":"일죽면 산북리","address":"안성시 일죽면 산북리 713","owner_type":"국유지","owner_label":"국(농림수산부)","manager":"","property_class":"","land_category":"도로","area_sqm":3808.2,"area_band":"3,000~5,000㎡","interest_category":"도로","solar_candidate":"검토필요","candidate_reason":"도로점용 및 실제 이용형태 추가 검토 필요; 면적 3,808㎡","priority_score":35,"source":"경기부동산포털 국공유지조회·연속지적도","source_date":"2026-08-11","installed_solar_match":false}},{"type":"Feature","id":"4155025021103360002","geometry":{"type":"Point","coordinates":[127.1957854,37.0037941]},"properties":{"pnu":"4155025021103360002","municipality_code":"41550","municipality":"안성시","district":"안성시","locality":"공도읍 양기리","address":"안성시 공도읍 양기리 336-2","owner_type":"국유지","owner_label":"국(건설교통부)","manager":"","property_class":"","land_category":"도로","area_sqm":3805.0,"area_band":"3,000~5,000㎡","interest_category":"도로","solar_candidate":"검토필요","candidate_reason":"도로점용 및 실제 이용형태 추가 검토 필요; 면적 3,805㎡","priority_score":35,"source":"경기부동산포털 국공유지조회·연속지적도","source_date":"2026-08-11","installed_solar_match":false}},{"type":"Feature","id":"4155012100102160000","geometry":{"type":"Point","coordinates":[127.2718524,36.9965468]},"properties":{"pnu":"4155012100102160000","municipality_code":"41550","municipality":"안성시","district":"안성시","locality":"계동","address":"안성시 계동 216","owner_type":"국유지","owner_label":"국(농림축산식품부)","manager":"","property_class":"","land_category":"도로","area_sqm":3804.0,"area_band":"3,000~5,000㎡","interest_category":"도로","solar_candidate":"검토필요","candidate_reason":"도로점용 및 실제 이용형태 추가 검토 필요; 면적 3,804㎡","priority_score":35,"source":"경기부동산포털 국공유지조회·연속지적도","source_date":"2026-08-11","installed_solar_match":false}},{"type":"Feature","id":"4155031024109030000","geometry":{"type":"Point","coordinates":[127.33377,37.0306448]},"properties":{"pnu":"4155031024109030000","municipality_code":"41550","municipality":"안성시","district":"안성시","locality":"보개면 상삼리","address":"안성시 보개면 상삼리 903","owner_type":"국유지","owner_label":"국(건설교통부)","manager":"","property_class":"","land_category":"도로","area_sqm":3800.5,"area_band":"3,000~5,000㎡","interest_category":"도로","solar_candidate":"검토필요","candidate_reason":"도로점용 및 실제 이용형태 추가 검토 필요; 면적 3,800㎡","priority_score":35,"source":"경기부동산포털 국공유지조회·연속지적도","source_date":"2026-08-11","installed_solar_match":false}},{"type":"Feature","id":"4155031031105580003","geometry":{"type":"Point","coordinates":[127.3066796,37.0023767]},"properties":{"pnu":"4155031031105580003","municipality_code":"41550","municipality":"안성시","district":"안성시","locality":"보개면 동신리","address":"안성시 보개면 동신리 558-3","owner_type":"국유지","owner_label":"국(건설부)","manager":"","property_class":"","land_category":"도로","area_sqm":3799.0,"area_band":"3,000~5,000㎡","interest_category":"도로","solar_candidate":"검토필요","candidate_reason":"도로점용 및 실제 이용형태 추가 검토 필요; 면적 3,799㎡","priority_score":35,"source":"경기부동산포털 국공유지조회·연속지적도","source_date":"2026-08-11","installed_solar_match":false}},{"type":"Feature","id":"4155040027201610001","geometry":{"type":"Point","coordinates":[127.437491,37.0422823]},"properties":{"pnu":"4155040027201610001","municipality_code":"41550","municipality":"안성시","district":"안성시","locality":"죽산면 용설리","address":"안성시 죽산면 용설리 산161-1","owner_type":"국유지","owner_label":"국(건설교통부)","manager":"","property_class":"","land_category":"도로","area_sqm":3793.0,"area_band":"3,000~5,000㎡","interest_category":"도로","solar_candidate":"검토필요","candidate_reason":"도로점용 및 실제 이용형태 추가 검토 필요; 면적 3,793㎡","priority_score":35,"source":"경기부동산포털 국공유지조회·연속지적도","source_date":"2026-08-11","installed_solar_match":false}},{"type":"Feature","id":"4155042021111360000","geometry":{"type":"Point","coordinates":[127.289046,37.0981964]},"properties":{"pnu":"4155042021111360000","municipality_code":"41550","municipality":"안성시","district":"안성시","locality":"고삼면 쌍지리","address":"안성시 고삼면 쌍지리 1136","owner_type":"국유지","owner_label":"국(건설부)","manager":"","property_class":"","land_category":"도로","area_sqm":3792.0,"area_band":"3,000~5,000㎡","interest_category":"도로","solar_candidate":"검토필요","candidate_reason":"도로점용 및 실제 이용형태 추가 검토 필요; 면적 3,792㎡","priority_score":35,"source":"경기부동산포털 국공유지조회·연속지적도","source_date":"2026-08-11","installed_solar_match":false}},{"type":"Feature","id":"4155034033200040006","geometry":{"type":"Point","coordinates":[127.2456418,36.9765189]},"properties":{"pnu":"4155034033200040006","municipality_code":"41550","municipality":"안성시","district":"안성시","locality":"미양면 보체리","address":"안성시 미양면 보체리 산4-6","owner_type":"국유지","owner_label":"국(건설교통부)","manager":"","property_class":"","land_category":"도로","area_sqm":3787.0,"area_band":"3,000~5,000㎡","interest_category":"도로","solar_candidate":"검토필요","candidate_reason":"도로점용 및 실제 이용형태 추가 검토 필요; 면적 3,787㎡","priority_score":35,"source":"경기부동산포털 국공유지조회·연속지적도","source_date":"2026-08-11","installed_solar_match":false}},{"type":"Feature","id":"4155035031106910000","geometry":{"type":"Point","coordinates":[127.2128963,37.008924]},"properties":{"pnu":"4155035031106910000","municipality_code":"41550","municipality":"안성시","district":"안성시","locality":"대덕면 신령리","address":"안성시 대덕면 신령리 691","owner_type":"국유지","owner_label":"국(건설교통부)","manager":"","property_class":"","land_category":"도로","area_sqm":3784.0,"area_band":"3,000~5,000㎡","interest_category":"도로","solar_candidate":"검토필요","candidate_reason":"도로점용 및 실제 이용형태 추가 검토 필요; 면적 3,784㎡","priority_score":35,"source":"경기부동산포털 국공유지조회·연속지적도","source_date":"2026-08-11","installed_solar_match":false}},{"type":"Feature","id":"4155031034101380000","geometry":{"type":"Point","coordinates":[127.3038843,37.0199063]},"properties":{"pnu":"4155031034101380000","municipality_code":"41550","municipality":"안성시","district":"안성시","locality":"보개면 구사리","address":"안성시 보개면 구사리 138","owner_type":"국유지","owner_label":"국(농림축산식품부)","manager":"","property_class":"","land_category":"도로","area_sqm":3775.0,"area_band":"3,000~5,000㎡","interest_category":"도로","solar_candidate":"검토필요","candidate_reason":"도로점용 및 실제 이용형태 추가 검토 필요; 면적 3,775㎡","priority_score":35,"source":"경기부동산포털 국공유지조회·연속지적도","source_date":"2026-08-11","installed_solar_match":false}},{"type":"Feature","id":"4155036028102760000","geometry":{"type":"Point","coordinates":[127.2081739,37.0876887]},"properties":{"pnu":"4155036028102760000","municipality_code":"41550","municipality":"안성시","district":"안성시","locality":"양성면 이현리","address":"안성시 양성면 이현리 276","owner_type":"국유지","owner_label":"국(건설교통부)","manager":"","property_class":"","land_category":"도로","area_sqm":3772.0,"area_band":"3,000~5,000㎡","interest_category":"도로","solar_candidate":"검토필요","candidate_reason":"도로점용 및 실제 이용형태 추가 검토 필요; 면적 3,772㎡","priority_score":35,"source":"경기부동산포털 국공유지조회·연속지적도","source_date":"2026-08-11","installed_solar_match":false}},{"type":"Feature","id":"4155038026100700002","geometry":{"type":"Point","coordinates":[127.1401235,37.0355613]},"properties":{"pnu":"4155038026100700002","municipality_code":"41550","municipality":"안성시","district":"안성시","locality":"원곡면 외가천리","address":"안성시 원곡면 외가천리 70-2","owner_type":"국유지","owner_label":"국(건설교통부)","manager":"","property_class":"","land_category":"도로","area_sqm":3772.0,"area_band":"3,000~5,000㎡","interest_category":"도로","solar_candidate":"검토필요","candidate_reason":"도로점용 및 실제 이용형태 추가 검토 필요; 면적 3,772㎡","priority_score":35,"source":"경기부동산포털 국공유지조회·연속지적도","source_date":"2026-08-11","installed_solar_match":false}},{"type":"Feature","id":"4155038025102160022","geometry":{"type":"Point","coordinates":[127.1074664,37.0358407]},"properties":{"pnu":"4155038025102160022","municipality_code":"41550","municipality":"안성시","district":"안성시","locality":"원곡면 내가천리","address":"안성시 원곡면 내가천리 216-22","owner_type":"국유지","owner_label":"국(건설부)","manager":"","property_class":"","land_category":"도로","area_sqm":3765.0,"area_band":"3,000~5,000㎡","interest_category":"도로","solar_candidate":"검토필요","candidate_reason":"도로점용 및 실제 이용형태 추가 검토 필요; 면적 3,765㎡","priority_score":35,"source":"경기부동산포털 국공유지조회·연속지적도","source_date":"2026-08-11","installed_solar_match":false}},{"type":"Feature","id":"4155033031105520001","geometry":{"type":"Point","coordinates":[127.2433581,36.9352119]},"properties":{"pnu":"4155033031105520001","municipality_code":"41550","municipality":"안성시","district":"안성시","locality":"서운면 송산리","address":"안성시 서운면 송산리 552-1","owner_type":"국유지","owner_label":"국(농수산부)","manager":"","property_class":"","land_category":"도로","area_sqm":3756.0,"area_band":"3,000~5,000㎡","interest_category":"도로","solar_candidate":"검토필요","candidate_reason":"도로점용 및 실제 이용형태 추가 검토 필요; 면적 3,756㎡","priority_score":35,"source":"경기부동산포털 국공유지조회·연속지적도","source_date":"2026-08-11","installed_solar_match":false}},{"type":"Feature","id":"4155038022200420003","geometry":{"type":"Point","coordinates":[127.1536552,37.0447989]},"properties":{"pnu":"4155038022200420003","municipality_code":"41550","municipality":"안성시","district":"안성시","locality":"원곡면 칠곡리","address":"안성시 원곡면 칠곡리 산42-3","owner_type":"국유지","owner_label":"국(건설부)","manager":"","property_class":"","land_category":"도로","area_sqm":3754.0,"area_band":"3,000~5,000㎡","interest_category":"도로","solar_candidate":"검토필요","candidate_reason":"도로점용 및 실제 이용형태 추가 검토 필요; 면적 3,754㎡","priority_score":35,"source":"경기부동산포털 국공유지조회·연속지적도","source_date":"2026-08-11","installed_solar_match":false}},{"type":"Feature","id":"4155039021110150004","geometry":{"type":"Point","coordinates":[127.451769,37.086528]},"properties":{"pnu":"4155039021110150004","municipality_code":"41550","municipality":"안성시","district":"안성시","locality":"일죽면 월정리","address":"안성시 일죽면 월정리 1015-4","owner_type":"국유지","owner_label":"국(건설교통부)","manager":"","property_class":"","land_category":"도로","area_sqm":3752.0,"area_band":"3,000~5,000㎡","interest_category":"도로","solar_candidate":"검토필요","candidate_reason":"도로점용 및 실제 이용형태 추가 검토 필요; 면적 3,752㎡","priority_score":35,"source":"경기부동산포털 국공유지조회·연속지적도","source_date":"2026-08-11","installed_solar_match":false}},{"type":"Feature","id":"4155033030102960000","geometry":{"type":"Point","coordinates":[127.270585,36.9627142]},"properties":{"pnu":"4155033030102960000","municipality_code":"41550","municipality":"안성시","district":"안성시","locality":"서운면 신기리","address":"안성시 서운면 신기리 296","owner_type":"국유지","owner_label":"국(건설부)","manager":"","property_class":"","land_category":"도로","area_sqm":3749.0,"area_band":"3,000~5,000㎡","interest_category":"도로","solar_candidate":"검토필요","candidate_reason":"도로점용 및 실제 이용형태 추가 검토 필요; 면적 3,749㎡","priority_score":35,"source":"경기부동산포털 국공유지조회·연속지적도","source_date":"2026-08-11","installed_solar_match":false}},{"type":"Feature","id":"4155040028200870000","geometry":{"type":"Point","coordinates":[127.3927507,37.0278587]},"properties":{"pnu":"4155040028200870000","municipality_code":"41550","municipality":"안성시","district":"안성시","locality":"죽산면 칠장리","address":"안성시 죽산면 칠장리 산87","owner_type":"국유지","owner_label":"국(건설교통부)","manager":"","property_class":"","land_category":"도로","area_sqm":3748.0,"area_band":"3,000~5,000㎡","interest_category":"도로","solar_candidate":"검토필요","candidate_reason":"도로점용 및 실제 이용형태 추가 검토 필요; 면적 3,748㎡","priority_score":35,"source":"경기부동산포털 국공유지조회·연속지적도","source_date":"2026-08-11","installed_solar_match":false}},{"type":"Feature","id":"4155041021106310000","geometry":{"type":"Point","coordinates":[127.4001459,37.0853919]},"properties":{"pnu":"4155041021106310000","municipality_code":"41550","municipality":"안성시","district":"안성시","locality":"삼죽면 내장리","address":"안성시 삼죽면 내장리 631","owner_type":"국유지","owner_label":"국(농림부)","manager":"","property_class":"","land_category":"도로","area_sqm":3747.2,"area_band":"3,000~5,000㎡","interest_category":"도로","solar_candidate":"검토필요","candidate_reason":"도로점용 및 실제 이용형태 추가 검토 필요; 면적 3,747㎡","priority_score":35,"source":"경기부동산포털 국공유지조회·연속지적도","source_date":"2026-08-11","installed_solar_match":false}},{"type":"Feature","id":"4155033029100340000","geometry":{"type":"Point","coordinates":[127.2712038,36.9765812]},"properties":{"pnu":"4155033029100340000","municipality_code":"41550","municipality":"안성시","district":"안성시","locality":"서운면 신능리","address":"안성시 서운면 신능리 34","owner_type":"국유지","owner_label":"국(농림수산부)","manager":"","property_class":"","land_category":"도로","area_sqm":3745.0,"area_band":"3,000~5,000㎡","interest_category":"도로","solar_candidate":"검토필요","candidate_reason":"도로점용 및 실제 이용형태 추가 검토 필요; 면적 3,745㎡","priority_score":35,"source":"경기부동산포털 국공유지조회·연속지적도","source_date":"2026-08-11","installed_solar_match":false}},{"type":"Feature","id":"4155038026102370001","geometry":{"type":"Point","coordinates":[127.1314305,37.034225]},"properties":{"pnu":"4155038026102370001","municipality_code":"41550","municipality":"안성시","district":"안성시","locality":"원곡면 외가천리","address":"안성시 원곡면 외가천리 237-1","owner_type":"국유지","owner_label":"국(건설교통부)","manager":"","property_class":"","land_category":"도로","area_sqm":3742.0,"area_band":"3,000~5,000㎡","interest_category":"도로","solar_candidate":"검토필요","candidate_reason":"도로점용 및 실제 이용형태 추가 검토 필요; 면적 3,742㎡","priority_score":35,"source":"경기부동산포털 국공유지조회·연속지적도","source_date":"2026-08-11","installed_solar_match":false}},{"type":"Feature","id":"4155034035103010000","geometry":{"type":"Point","coordinates":[127.2264015,36.9548467]},"properties":{"pnu":"4155034035103010000","municipality_code":"41550","municipality":"안성시","district":"안성시","locality":"미양면 강덕리","address":"안성시 미양면 강덕리 301","owner_type":"국유지","owner_label":"국(건설교통부)","manager":"","property_class":"","land_category":"도로","area_sqm":3739.0,"area_band":"3,000~5,000㎡","interest_category":"도로","solar_candidate":"검토필요","candidate_reason":"도로점용 및 실제 이용형태 추가 검토 필요; 면적 3,739㎡","priority_score":35,"source":"경기부동산포털 국공유지조회·연속지적도","source_date":"2026-08-11","installed_solar_match":false}},{"type":"Feature","id":"4155025026108830000","geometry":{"type":"Point","coordinates":[127.1549252,36.9826972]},"properties":{"pnu":"4155025026108830000","municipality_code":"41550","municipality":"안성시","district":"안성시","locality":"공도읍 승두리","address":"안성시 공도읍 승두리 883","owner_type":"국유지","owner_label":"국(농림축산식품부)","manager":"","property_class":"","land_category":"도로","area_sqm":3733.3,"area_band":"3,000~5,000㎡","interest_category":"도로","solar_candidate":"검토필요","candidate_reason":"도로점용 및 실제 이용형태 추가 검토 필요; 면적 3,733㎡","priority_score":35,"source":"경기부동산포털 국공유지조회·연속지적도","source_date":"2026-08-11","installed_solar_match":false}},{"type":"Feature","id":"4155032027108890000","geometry":{"type":"Point","coordinates":[127.3634002,37.0122615]},"properties":{"pnu":"4155032027108890000","municipality_code":"41550","municipality":"안성시","district":"안성시","locality":"금광면 삼흥리","address":"안성시 금광면 삼흥리 889","owner_type":"국유지","owner_label":"국(건설부)","manager":"","property_class":"","land_category":"도로","area_sqm":3732.0,"area_band":"3,000~5,000㎡","interest_category":"도로","solar_candidate":"검토필요","candidate_reason":"도로점용 및 실제 이용형태 추가 검토 필요; 면적 3,732㎡","priority_score":35,"source":"경기부동산포털 국공유지조회·연속지적도","source_date":"2026-08-11","installed_solar_match":false}},{"type":"Feature","id":"4155010400100440002","geometry":{"type":"Point","coordinates":[127.2743831,37.0080206]},"properties":{"pnu":"4155010400100440002","municipality_code":"41550","municipality":"안성시","district":"안성시","locality":"봉남동","address":"안성시 봉남동 44-2","owner_type":"국유지","owner_label":"국(건설교통부)","manager":"","property_class":"","land_category":"도로","area_sqm":3726.3,"area_band":"3,000~5,000㎡","interest_category":"도로","solar_candidate":"검토필요","candidate_reason":"도로점용 및 실제 이용형태 추가 검토 필요; 면적 3,726㎡","priority_score":35,"source":"경기부동산포털 국공유지조회·연속지적도","source_date":"2026-08-11","installed_solar_match":false}},{"type":"Feature","id":"4155025027107300000","geometry":{"type":"Point","coordinates":[127.1789961,36.9747663]},"properties":{"pnu":"4155025027107300000","municipality_code":"41550","municipality":"안성시","district":"안성시","locality":"공도읍 건천리","address":"안성시 공도읍 건천리 730","owner_type":"국유지","owner_label":"국(환경부)","manager":"","property_class":"","land_category":"도로","area_sqm":3719.0,"area_band":"3,000~5,000㎡","interest_category":"도로","solar_candidate":"검토필요","candidate_reason":"도로점용 및 실제 이용형태 추가 검토 필요; 면적 3,719㎡","priority_score":35,"source":"경기부동산포털 국공유지조회·연속지적도","source_date":"2026-08-11","installed_solar_match":false}},{"type":"Feature","id":"4155036029104380000","geometry":{"type":"Point","coordinates":[127.2117038,37.0969069]},"properties":{"pnu":"4155036029104380000","municipality_code":"41550","municipality":"안성시","district":"안성시","locality":"양성면 장서리","address":"안성시 양성면 장서리 438","owner_type":"국유지","owner_label":"국(건설교통부)","manager":"","property_class":"","land_category":"도로","area_sqm":3712.0,"area_band":"3,000~5,000㎡","interest_category":"도로","solar_candidate":"검토필요","candidate_reason":"도로점용 및 실제 이용형태 추가 검토 필요; 면적 3,712㎡","priority_score":35,"source":"경기부동산포털 국공유지조회·연속지적도","source_date":"2026-08-11","installed_solar_match":false}},{"type":"Feature","id":"4155031030103470000","geometry":{"type":"Point","coordinates":[127.3119473,37.0186335]},"properties":{"pnu":"4155031030103470000","municipality_code":"41550","municipality":"안성시","district":"안성시","locality":"보개면 내방리","address":"안성시 보개면 내방리 347","owner_type":"국유지","owner_label":"국(건설부)","manager":"","property_class":"","land_category":"도로","area_sqm":3709.0,"area_band":"3,000~5,000㎡","interest_category":"도로","solar_candidate":"검토필요","candidate_reason":"도로점용 및 실제 이용형태 추가 검토 필요; 면적 3,709㎡","priority_score":35,"source":"경기부동산포털 국공유지조회·연속지적도","source_date":"2026-08-11","installed_solar_match":false}},{"type":"Feature","id":"4155025026108380000","geometry":{"type":"Point","coordinates":[127.1738121,36.9933291]},"properties":{"pnu":"4155025026108380000","municipality_code":"41550","municipality":"안성시","district":"안성시","locality":"공도읍 승두리","address":"안성시 공도읍 승두리 838","owner_type":"국유지","owner_label":"국(농림축산식품부)","manager":"","property_class":"","land_category":"도로","area_sqm":3705.4,"area_band":"3,000~5,000㎡","interest_category":"도로","solar_candidate":"검토필요","candidate_reason":"도로점용 및 실제 이용형태 추가 검토 필요; 면적 3,705㎡","priority_score":35,"source":"경기부동산포털 국공유지조회·연속지적도","source_date":"2026-08-11","installed_solar_match":false}},{"type":"Feature","id":"4155033026107770000","geometry":{"type":"Point","coordinates":[127.2213217,36.9359732]},"properties":{"pnu":"4155033026107770000","municipality_code":"41550","municipality":"안성시","district":"안성시","locality":"서운면 현매리","address":"안성시 서운면 현매리 777","owner_type":"국유지","owner_label":"국(농림수산부)","manager":"","property_class":"","land_category":"도로","area_sqm":3705.0,"area_band":"3,000~5,000㎡","interest_category":"도로","solar_candidate":"검토필요","candidate_reason":"도로점용 및 실제 이용형태 추가 검토 필요; 면적 3,705㎡","priority_score":35,"source":"경기부동산포털 국공유지조회·연속지적도","source_date":"2026-08-11","installed_solar_match":false}},{"type":"Feature","id":"4155039028105780017","geometry":{"type":"Point","coordinates":[127.4677057,37.091833]},"properties":{"pnu":"4155039028105780017","municipality_code":"41550","municipality":"안성시","district":"안성시","locality":"일죽면 송천리","address":"안성시 일죽면 송천리 578-17","owner_type":"국유지","owner_label":"국(건설부)","manager":"","property_class":"","land_category":"도로","area_sqm":3704.0,"area_band":"3,000~5,000㎡","interest_category":"도로","solar_candidate":"검토필요","candidate_reason":"도로점용 및 실제 이용형태 추가 검토 필요; 면적 3,704㎡","priority_score":35,"source":"경기부동산포털 국공유지조회·연속지적도","source_date":"2026-08-11","installed_solar_match":false}},{"type":"Feature","id":"4155038026200500001","geometry":{"type":"Point","coordinates":[127.1284721,37.0337983]},"properties":{"pnu":"4155038026200500001","municipality_code":"41550","municipality":"안성시","district":"안성시","locality":"원곡면 외가천리","address":"안성시 원곡면 외가천리 산50-1","owner_type":"국유지","owner_label":"국(건설교통부)","manager":"","property_class":"","land_category":"도로","area_sqm":3687.0,"area_band":"3,000~5,000㎡","interest_category":"도로","solar_candidate":"검토필요","candidate_reason":"도로점용 및 실제 이용형태 추가 검토 필요; 면적 3,687㎡","priority_score":35,"source":"경기부동산포털 국공유지조회·연속지적도","source_date":"2026-08-11","installed_solar_match":false}},{"type":"Feature","id":"4155040022107510002","geometry":{"type":"Point","coordinates":[127.4417393,37.0994399]},"properties":{"pnu":"4155040022107510002","municipality_code":"41550","municipality":"안성시","district":"안성시","locality":"죽산면 매산리","address":"안성시 죽산면 매산리 751-2","owner_type":"국유지","owner_label":"국(건설부)","manager":"","property_class":"","land_category":"도로","area_sqm":3679.0,"area_band":"3,000~5,000㎡","interest_category":"도로","solar_candidate":"검토필요","candidate_reason":"도로점용 및 실제 이용형태 추가 검토 필요; 면적 3,679㎡","priority_score":35,"source":"경기부동산포털 국공유지조회·연속지적도","source_date":"2026-08-11","installed_solar_match":false}},{"type":"Feature","id":"4155025031106770000","geometry":{"type":"Point","coordinates":[127.1532186,36.9805103]},"properties":{"pnu":"4155025031106770000","municipality_code":"41550","municipality":"안성시","district":"안성시","locality":"공도읍 진사리","address":"안성시 공도읍 진사리 677","owner_type":"국유지","owner_label":"국(농림축산식품부)","manager":"","property_class":"","land_category":"도로","area_sqm":3677.5,"area_band":"3,000~5,000㎡","interest_category":"도로","solar_candidate":"검토필요","candidate_reason":"도로점용 및 실제 이용형태 추가 검토 필요; 면적 3,678㎡","priority_score":35,"source":"경기부동산포털 국공유지조회·연속지적도","source_date":"2026-08-11","installed_solar_match":false}},{"type":"Feature","id":"4155040022110280000","geometry":{"type":"Point","coordinates":[127.4343473,37.1031389]},"properties":{"pnu":"4155040022110280000","municipality_code":"41550","municipality":"안성시","district":"안성시","locality":"죽산면 매산리","address":"안성시 죽산면 매산리 1028","owner_type":"국유지","owner_label":"국(건설교통부)","manager":"","property_class":"","land_category":"도로","area_sqm":3677.0,"area_band":"3,000~5,000㎡","interest_category":"도로","solar_candidate":"검토필요","candidate_reason":"도로점용 및 실제 이용형태 추가 검토 필요; 면적 3,677㎡","priority_score":35,"source":"경기부동산포털 국공유지조회·연속지적도","source_date":"2026-08-11","installed_solar_match":false}},{"type":"Feature","id":"4155042024108020000","geometry":{"type":"Point","coordinates":[127.2606245,37.0909684]},"properties":{"pnu":"4155042024108020000","municipality_code":"41550","municipality":"안성시","district":"안성시","locality":"고삼면 가유리","address":"안성시 고삼면 가유리 802","owner_type":"국유지","owner_label":"국(건설부)","manager":"","property_class":"","land_category":"도로","area_sqm":3670.0,"area_band":"3,000~5,000㎡","interest_category":"도로","solar_candidate":"검토필요","candidate_reason":"도로점용 및 실제 이용형태 추가 검토 필요; 면적 3,670㎡","priority_score":35,"source":"경기부동산포털 국공유지조회·연속지적도","source_date":"2026-08-11","installed_solar_match":false}},{"type":"Feature","id":"4155033025103270009","geometry":{"type":"Point","coordinates":[127.2527995,36.9248666]},"properties":{"pnu":"4155033025103270009","municipality_code":"41550","municipality":"안성시","district":"안성시","locality":"서운면 산평리","address":"안성시 서운면 산평리 327-9","owner_type":"국유지","owner_label":"국(농수산부)","manager":"","property_class":"","land_category":"도로","area_sqm":3669.0,"area_band":"3,000~5,000㎡","interest_category":"도로","solar_candidate":"검토필요","candidate_reason":"도로점용 및 실제 이용형태 추가 검토 필요; 면적 3,669㎡","priority_score":35,"source":"경기부동산포털 국공유지조회·연속지적도","source_date":"2026-08-11","installed_solar_match":false}},{"type":"Feature","id":"4155034030103950000","geometry":{"type":"Point","coordinates":[127.2010992,36.9707764]},"properties":{"pnu":"4155034030103950000","municipality_code":"41550","municipality":"안성시","district":"안성시","locality":"미양면 진촌리","address":"안성시 미양면 진촌리 395","owner_type":"국유지","owner_label":"국(건설부)","manager":"","property_class":"","land_category":"도로","area_sqm":3667.0,"area_band":"3,000~5,000㎡","interest_category":"도로","solar_candidate":"검토필요","candidate_reason":"도로점용 및 실제 이용형태 추가 검토 필요; 면적 3,667㎡","priority_score":35,"source":"경기부동산포털 국공유지조회·연속지적도","source_date":"2026-08-11","installed_solar_match":false}},{"type":"Feature","id":"4155041029102850000","geometry":{"type":"Point","coordinates":[127.3410087,37.0345962]},"properties":{"pnu":"4155041029102850000","municipality_code":"41550","municipality":"안성시","district":"안성시","locality":"삼죽면 마전리","address":"안성시 삼죽면 마전리 285","owner_type":"국유지","owner_label":"국(건설교통부)","manager":"","property_class":"","land_category":"도로","area_sqm":3666.0,"area_band":"3,000~5,000㎡","interest_category":"도로","solar_candidate":"검토필요","candidate_reason":"도로점용 및 실제 이용형태 추가 검토 필요; 면적 3,666㎡","priority_score":35,"source":"경기부동산포털 국공유지조회·연속지적도","source_date":"2026-08-11","installed_solar_match":false}},{"type":"Feature","id":"4155012400105580007","geometry":{"type":"Point","coordinates":[127.2658202,36.9927833]},"properties":{"pnu":"4155012400105580007","municipality_code":"41550","municipality":"안성시","district":"안성시","locality":"도기동","address":"안성시 도기동 558-7","owner_type":"국유지","owner_label":"국(건설부)","manager":"","property_class":"","land_category":"도로","area_sqm":3664.0,"area_band":"3,000~5,000㎡","interest_category":"도로","solar_candidate":"검토필요","candidate_reason":"도로점용 및 실제 이용형태 추가 검토 필요; 면적 3,664㎡","priority_score":35,"source":"경기부동산포털 국공유지조회·연속지적도","source_date":"2026-08-11","installed_solar_match":false}},{"type":"Feature","id":"4155033028103220003","geometry":{"type":"Point","coordinates":[127.2401323,36.920869]},"properties":{"pnu":"4155033028103220003","municipality_code":"41550","municipality":"안성시","district":"안성시","locality":"서운면 신흥리","address":"안성시 서운면 신흥리 322-3","owner_type":"국유지","owner_label":"국(건설교통부)","manager":"","property_class":"","land_category":"도로","area_sqm":3658.0,"area_band":"3,000~5,000㎡","interest_category":"도로","solar_candidate":"검토필요","candidate_reason":"도로점용 및 실제 이용형태 추가 검토 필요; 면적 3,658㎡","priority_score":35,"source":"경기부동산포털 국공유지조회·연속지적도","source_date":"2026-08-11","installed_solar_match":false}},{"type":"Feature","id":"4155032021106130000","geometry":{"type":"Point","coordinates":[127.2957758,36.9952961]},"properties":{"pnu":"4155032021106130000","municipality_code":"41550","municipality":"안성시","district":"안성시","locality":"금광면 내우리","address":"안성시 금광면 내우리 613","owner_type":"국유지","owner_label":"국(농림축산식품부)","manager":"","property_class":"","land_category":"도로","area_sqm":3651.7,"area_band":"3,000~5,000㎡","interest_category":"도로","solar_candidate":"검토필요","candidate_reason":"도로점용 및 실제 이용형태 추가 검토 필요; 면적 3,652㎡","priority_score":35,"source":"경기부동산포털 국공유지조회·연속지적도","source_date":"2026-08-11","installed_solar_match":false}},{"type":"Feature","id":"4155039021107190004","geometry":{"type":"Point","coordinates":[127.4459257,37.0822125]},"properties":{"pnu":"4155039021107190004","municipality_code":"41550","municipality":"안성시","district":"안성시","locality":"일죽면 월정리","address":"안성시 일죽면 월정리 719-4","owner_type":"국유지","owner_label":"국(건설부)","manager":"","property_class":"","land_category":"도로","area_sqm":3651.0,"area_band":"3,000~5,000㎡","interest_category":"도로","solar_candidate":"검토필요","candidate_reason":"도로점용 및 실제 이용형태 추가 검토 필요; 면적 3,651㎡","priority_score":35,"source":"경기부동산포털 국공유지조회·연속지적도","source_date":"2026-08-11","installed_solar_match":false}},{"type":"Feature","id":"4155038025200460014","geometry":{"type":"Point","coordinates":[127.1172771,37.0328047]},"properties":{"pnu":"4155038025200460014","municipality_code":"41550","municipality":"안성시","district":"안성시","locality":"원곡면 내가천리","address":"안성시 원곡면 내가천리 산46-14","owner_type":"국유지","owner_label":"국(건설교통부)","manager":"","property_class":"","land_category":"도로","area_sqm":3634.0,"area_band":"3,000~5,000㎡","interest_category":"도로","solar_candidate":"검토필요","candidate_reason":"도로점용 및 실제 이용형태 추가 검토 필요; 면적 3,634㎡","priority_score":35,"source":"경기부동산포털 국공유지조회·연속지적도","source_date":"2026-08-11","installed_solar_match":false}},{"type":"Feature","id":"4155040030109280000","geometry":{"type":"Point","coordinates":[127.4150922,37.0061026]},"properties":{"pnu":"4155040030109280000","municipality_code":"41550","municipality":"안성시","district":"안성시","locality":"죽산면 두교리","address":"안성시 죽산면 두교리 928","owner_type":"국유지","owner_label":"국(건설교통부)","manager":"","property_class":"","land_category":"도로","area_sqm":3633.0,"area_band":"3,000~5,000㎡","interest_category":"도로","solar_candidate":"검토필요","candidate_reason":"도로점용 및 실제 이용형태 추가 검토 필요; 면적 3,633㎡","priority_score":35,"source":"경기부동산포털 국공유지조회·연속지적도","source_date":"2026-08-11","installed_solar_match":false}},{"type":"Feature","id":"4155038024103340004","geometry":{"type":"Point","coordinates":[127.1328896,37.0730726]},"properties":{"pnu":"4155038024103340004","municipality_code":"41550","municipality":"안성시","district":"안성시","locality":"원곡면 산하리","address":"안성시 원곡면 산하리 334-4","owner_type":"국유지","owner_label":"국(건설부)","manager":"","property_class":"","land_category":"도로","area_sqm":3632.0,"area_band":"3,000~5,000㎡","interest_category":"도로","solar_candidate":"검토필요","candidate_reason":"도로점용 및 실제 이용형태 추가 검토 필요; 면적 3,632㎡","priority_score":35,"source":"경기부동산포털 국공유지조회·연속지적도","source_date":"2026-08-11","installed_solar_match":false}},{"type":"Feature","id":"4155025029103290002","geometry":{"type":"Point","coordinates":[127.1827226,37.0113484]},"properties":{"pnu":"4155025029103290002","municipality_code":"41550","municipality":"안성시","district":"안성시","locality":"공도읍 만정리","address":"안성시 공도읍 만정리 329-2","owner_type":"국유지","owner_label":"국(건설교통부)","manager":"","property_class":"","land_category":"도로","area_sqm":3624.0,"area_band":"3,000~5,000㎡","interest_category":"도로","solar_candidate":"검토필요","candidate_reason":"도로점용 및 실제 이용형태 추가 검토 필요; 면적 3,624㎡","priority_score":35,"source":"경기부동산포털 국공유지조회·연속지적도","source_date":"2026-08-11","installed_solar_match":false}},{"type":"Feature","id":"4155040030108750000","geometry":{"type":"Point","coordinates":[127.437754,37.0125051]},"properties":{"pnu":"4155040030108750000","municipality_code":"41550","municipality":"안성시","district":"안성시","locality":"죽산면 두교리","address":"안성시 죽산면 두교리 875","owner_type":"국유지","owner_label":"국(건설교통부)","manager":"","property_class":"","land_category":"도로","area_sqm":3618.0,"area_band":"3,000~5,000㎡","interest_category":"도로","solar_candidate":"검토필요","candidate_reason":"도로점용 및 실제 이용형태 추가 검토 필요; 면적 3,618㎡","priority_score":35,"source":"경기부동산포털 국공유지조회·연속지적도","source_date":"2026-08-11","installed_solar_match":false}},{"type":"Feature","id":"4155039025106940000","geometry":{"type":"Point","coordinates":[127.5026936,37.0944598]},"properties":{"pnu":"4155039025106940000","municipality_code":"41550","municipality":"안성시","district":"안성시","locality":"일죽면 산북리","address":"안성시 일죽면 산북리 694","owner_type":"국유지","owner_label":"국(농림수산부)","manager":"","property_class":"","land_category":"도로","area_sqm":3611.9,"area_band":"3,000~5,000㎡","interest_category":"도로","solar_candidate":"검토필요","candidate_reason":"도로점용 및 실제 이용형태 추가 검토 필요; 면적 3,612㎡","priority_score":35,"source":"경기부동산포털 국공유지조회·연속지적도","source_date":"2026-08-11","installed_solar_match":false}},{"type":"Feature","id":"4155025021104510018","geometry":{"type":"Point","coordinates":[127.1919586,37.0065145]},"properties":{"pnu":"4155025021104510018","municipality_code":"41550","municipality":"안성시","district":"안성시","locality":"공도읍 양기리","address":"안성시 공도읍 양기리 451-18","owner_type":"국유지","owner_label":"국(건설교통부)","manager":"","property_class":"","land_category":"도로","area_sqm":3605.0,"area_band":"3,000~5,000㎡","interest_category":"도로","solar_candidate":"검토필요","candidate_reason":"도로점용 및 실제 이용형태 추가 검토 필요; 면적 3,605㎡","priority_score":35,"source":"경기부동산포털 국공유지조회·연속지적도","source_date":"2026-08-11","installed_solar_match":false}},{"type":"Feature","id":"4155041025201230000","geometry":{"type":"Point","coordinates":[127.3614455,37.0844029]},"properties":{"pnu":"4155041025201230000","municipality_code":"41550","municipality":"안성시","district":"안성시","locality":"삼죽면 배태리","address":"안성시 삼죽면 배태리 산123","owner_type":"국유지","owner_label":"국(건설교통부)","manager":"","property_class":"","land_category":"도로","area_sqm":3604.0,"area_band":"3,000~5,000㎡","interest_category":"도로","solar_candidate":"검토필요","candidate_reason":"도로점용 및 실제 이용형태 추가 검토 필요; 면적 3,604㎡","priority_score":35,"source":"경기부동산포털 국공유지조회·연속지적도","source_date":"2026-08-11","installed_solar_match":false}},{"type":"Feature","id":"4155038025102180001","geometry":{"type":"Point","coordinates":[127.1116651,37.0337093]},"properties":{"pnu":"4155038025102180001","municipality_code":"41550","municipality":"안성시","district":"안성시","locality":"원곡면 내가천리","address":"안성시 원곡면 내가천리 218-1","owner_type":"국유지","owner_label":"국(건설교통부)","manager":"","property_class":"","land_category":"도로","area_sqm":3602.0,"area_band":"3,000~5,000㎡","interest_category":"도로","solar_candidate":"검토필요","candidate_reason":"도로점용 및 실제 이용형태 추가 검토 필요; 면적 3,602㎡","priority_score":35,"source":"경기부동산포털 국공유지조회·연속지적도","source_date":"2026-08-11","installed_solar_match":false}},{"type":"Feature","id":"4155031031104430000","geometry":{"type":"Point","coordinates":[127.2988669,37.0045638]},"properties":{"pnu":"4155031031104430000","municipality_code":"41550","municipality":"안성시","district":"안성시","locality":"보개면 동신리","address":"안성시 보개면 동신리 443","owner_type":"국유지","owner_label":"국(농림축산식품부)","manager":"","property_class":"","land_category":"도로","area_sqm":3590.0,"area_band":"3,000~5,000㎡","interest_category":"도로","solar_candidate":"검토필요","candidate_reason":"도로점용 및 실제 이용형태 추가 검토 필요; 면적 3,590㎡","priority_score":35,"source":"경기부동산포털 국공유지조회·연속지적도","source_date":"2026-08-11","installed_solar_match":false}},{"type":"Feature","id":"4155025027102400002","geometry":{"type":"Point","coordinates":[127.1681312,36.9724673]},"properties":{"pnu":"4155025027102400002","municipality_code":"41550","municipality":"안성시","district":"안성시","locality":"공도읍 건천리","address":"안성시 공도읍 건천리 240-2","owner_type":"국유지","owner_label":"국(건설부)","manager":"","property_class":"","land_category":"도로","area_sqm":3586.0,"area_band":"3,000~5,000㎡","interest_category":"도로","solar_candidate":"검토필요","candidate_reason":"도로점용 및 실제 이용형태 추가 검토 필요; 면적 3,586㎡","priority_score":35,"source":"경기부동산포털 국공유지조회·연속지적도","source_date":"2026-08-11","installed_solar_match":false}},{"type":"Feature","id":"4155012500105130000","geometry":{"type":"Point","coordinates":[127.2666576,37.0234494]},"properties":{"pnu":"4155012500105130000","municipality_code":"41550","municipality":"안성시","district":"안성시","locality":"당왕동","address":"안성시 당왕동 513","owner_type":"국유지","owner_label":"국(건설부)","manager":"","property_class":"","land_category":"도로","area_sqm":3577.0,"area_band":"3,000~5,000㎡","interest_category":"도로","solar_candidate":"검토필요","candidate_reason":"도로점용 및 실제 이용형태 추가 검토 필요; 면적 3,577㎡","priority_score":35,"source":"경기부동산포털 국공유지조회·연속지적도","source_date":"2026-08-11","installed_solar_match":false}},{"type":"Feature","id":"4155032032101800007","geometry":{"type":"Point","coordinates":[127.3680195,36.9744092]},"properties":{"pnu":"4155032032101800007","municipality_code":"41550","municipality":"안성시","district":"안성시","locality":"금광면 옥정리","address":"안성시 금광면 옥정리 180-7","owner_type":"국유지","owner_label":"국(건설교통부)","manager":"","property_class":"","land_category":"도로","area_sqm":3568.0,"area_band":"3,000~5,000㎡","interest_category":"도로","solar_candidate":"검토필요","candidate_reason":"도로점용 및 실제 이용형태 추가 검토 필요; 면적 3,568㎡","priority_score":35,"source":"경기부동산포털 국공유지조회·연속지적도","source_date":"2026-08-11","installed_solar_match":false}},{"type":"Feature","id":"4155041027106750001","geometry":{"type":"Point","coordinates":[127.3641191,37.0469824]},"properties":{"pnu":"4155041027106750001","municipality_code":"41550","municipality":"안성시","district":"안성시","locality":"삼죽면 진촌리","address":"안성시 삼죽면 진촌리 675-1","owner_type":"국유지","owner_label":"국(건설부)","manager":"","property_class":"","land_category":"도로","area_sqm":3567.0,"area_band":"3,000~5,000㎡","interest_category":"도로","solar_candidate":"검토필요","candidate_reason":"도로점용 및 실제 이용형태 추가 검토 필요; 면적 3,567㎡","priority_score":35,"source":"경기부동산포털 국공유지조회·연속지적도","source_date":"2026-08-11","installed_solar_match":false}},{"type":"Feature","id":"4155013300104950006","geometry":{"type":"Point","coordinates":[127.2737361,36.9831132]},"properties":{"pnu":"4155013300104950006","municipality_code":"41550","municipality":"안성시","district":"안성시","locality":"중리동","address":"안성시 중리동 495-6","owner_type":"국유지","owner_label":"국(농림수산부)","manager":"","property_class":"","land_category":"도로","area_sqm":3563.0,"area_band":"3,000~5,000㎡","interest_category":"도로","solar_candidate":"검토필요","candidate_reason":"도로점용 및 실제 이용형태 추가 검토 필요; 면적 3,563㎡","priority_score":35,"source":"경기부동산포털 국공유지조회·연속지적도","source_date":"2026-08-11","installed_solar_match":false}},{"type":"Feature","id":"4155038024103280002","geometry":{"type":"Point","coordinates":[127.1332128,37.0719902]},"properties":{"pnu":"4155038024103280002","municipality_code":"41550","municipality":"안성시","district":"안성시","locality":"원곡면 산하리","address":"안성시 원곡면 산하리 328-2","owner_type":"국유지","owner_label":"국(건설부)","manager":"","property_class":"","land_category":"도로","area_sqm":3562.0,"area_band":"3,000~5,000㎡","interest_category":"도로","solar_candidate":"검토필요","candidate_reason":"도로점용 및 실제 이용형태 추가 검토 필요; 면적 3,562㎡","priority_score":35,"source":"경기부동산포털 국공유지조회·연속지적도","source_date":"2026-08-11","installed_solar_match":false}},{"type":"Feature","id":"4155042024109370000","geometry":{"type":"Point","coordinates":[127.2585683,37.0918933]},"properties":{"pnu":"4155042024109370000","municipality_code":"41550","municipality":"안성시","district":"안성시","locality":"고삼면 가유리","address":"안성시 고삼면 가유리 937","owner_type":"국유지","owner_label":"국(농림수산부)","manager":"","property_class":"","land_category":"도로","area_sqm":3561.0,"area_band":"3,000~5,000㎡","interest_category":"도로","solar_candidate":"검토필요","candidate_reason":"도로점용 및 실제 이용형태 추가 검토 필요; 면적 3,561㎡","priority_score":35,"source":"경기부동산포털 국공유지조회·연속지적도","source_date":"2026-08-11","installed_solar_match":false}},{"type":"Feature","id":"4155040029111050000","geometry":{"type":"Point","coordinates":[127.4214696,37.0386063]},"properties":{"pnu":"4155040029111050000","municipality_code":"41550","municipality":"안성시","district":"안성시","locality":"죽산면 당목리","address":"안성시 죽산면 당목리 1105","owner_type":"국유지","owner_label":"국(건설교통부)","manager":"","property_class":"","land_category":"도로","area_sqm":3558.0,"area_band":"3,000~5,000㎡","interest_category":"도로","solar_candidate":"검토필요","candidate_reason":"도로점용 및 실제 이용형태 추가 검토 필요; 면적 3,558㎡","priority_score":35,"source":"경기부동산포털 국공유지조회·연속지적도","source_date":"2026-08-11","installed_solar_match":false}},{"type":"Feature","id":"4155012200104490000","geometry":{"type":"Point","coordinates":[127.242286,37.0049859]},"properties":{"pnu":"4155012200104490000","municipality_code":"41550","municipality":"안성시","district":"안성시","locality":"옥산동","address":"안성시 옥산동 449","owner_type":"국유지","owner_label":"국(건설부)","manager":"","property_class":"","land_category":"도로","area_sqm":3557.0,"area_band":"3,000~5,000㎡","interest_category":"도로","solar_candidate":"검토필요","candidate_reason":"도로점용 및 실제 이용형태 추가 검토 필요; 면적 3,557㎡","priority_score":35,"source":"경기부동산포털 국공유지조회·연속지적도","source_date":"2026-08-11","installed_solar_match":false}},{"type":"Feature","id":"4155039026100460004","geometry":{"type":"Point","coordinates":[127.5111104,37.1029219]},"properties":{"pnu":"4155039026100460004","municipality_code":"41550","municipality":"안성시","district":"안성시","locality":"일죽면 당촌리","address":"안성시 일죽면 당촌리 46-4","owner_type":"국유지","owner_label":"국(건설교통부)","manager":"","property_class":"","land_category":"도로","area_sqm":3557.0,"area_band":"3,000~5,000㎡","interest_category":"도로","solar_candidate":"검토필요","candidate_reason":"도로점용 및 실제 이용형태 추가 검토 필요; 면적 3,557㎡","priority_score":35,"source":"경기부동산포털 국공유지조회·연속지적도","source_date":"2026-08-11","installed_solar_match":false}},{"type":"Feature","id":"4155036038106120015","geometry":{"type":"Point","coordinates":[127.1853845,37.0304601]},"properties":{"pnu":"4155036038106120015","municipality_code":"41550","municipality":"안성시","district":"안성시","locality":"양성면 방신리","address":"안성시 양성면 방신리 612-15","owner_type":"국유지","owner_label":"국(농림부)","manager":"","property_class":"","land_category":"도로","area_sqm":3553.3,"area_band":"3,000~5,000㎡","interest_category":"도로","solar_candidate":"검토필요","candidate_reason":"도로점용 및 실제 이용형태 추가 검토 필요; 면적 3,553㎡","priority_score":35,"source":"경기부동산포털 국공유지조회·연속지적도","source_date":"2026-08-11","installed_solar_match":false}},{"type":"Feature","id":"4155036030102090000","geometry":{"type":"Point","coordinates":[127.2216744,37.1076051]},"properties":{"pnu":"4155036030102090000","municipality_code":"41550","municipality":"안성시","district":"안성시","locality":"양성면 난실리","address":"안성시 양성면 난실리 209","owner_type":"국유지","owner_label":"국(농수산부)","manager":"","property_class":"","land_category":"도로","area_sqm":3553.0,"area_band":"3,000~5,000㎡","interest_category":"도로","solar_candidate":"검토필요","candidate_reason":"도로점용 및 실제 이용형태 추가 검토 필요; 면적 3,553㎡","priority_score":35,"source":"경기부동산포털 국공유지조회·연속지적도","source_date":"2026-08-11","installed_solar_match":false}},{"type":"Feature","id":"4155038023103820004","geometry":{"type":"Point","coordinates":[127.1355687,37.0605634]},"properties":{"pnu":"4155038023103820004","municipality_code":"41550","municipality":"안성시","district":"안성시","locality":"원곡면 지문리","address":"안성시 원곡면 지문리 382-4","owner_type":"국유지","owner_label":"국(건설교통부)","manager":"","property_class":"","land_category":"도로","area_sqm":3550.0,"area_band":"3,000~5,000㎡","interest_category":"도로","solar_candidate":"검토필요","candidate_reason":"도로점용 및 실제 이용형태 추가 검토 필요; 면적 3,550㎡","priority_score":35,"source":"경기부동산포털 국공유지조회·연속지적도","source_date":"2026-08-11","installed_solar_match":false}},{"type":"Feature","id":"4155025024107390000","geometry":{"type":"Point","coordinates":[127.1269311,36.9728087]},"properties":{"pnu":"4155025024107390000","municipality_code":"41550","municipality":"안성시","district":"안성시","locality":"공도읍 중복리","address":"안성시 공도읍 중복리 739","owner_type":"국유지","owner_label":"국(농림수산식품부)","manager":"","property_class":"","land_category":"도로","area_sqm":3547.1,"area_band":"3,000~5,000㎡","interest_category":"도로","solar_candidate":"검토필요","candidate_reason":"도로점용 및 실제 이용형태 추가 검토 필요; 면적 3,547㎡","priority_score":35,"source":"경기부동산포털 국공유지조회·연속지적도","source_date":"2026-08-11","installed_solar_match":false}},{"type":"Feature","id":"4155036031103960000","geometry":{"type":"Point","coordinates":[127.2402794,37.1050612]},"properties":{"pnu":"4155036031103960000","municipality_code":"41550","municipality":"안성시","district":"안성시","locality":"양성면 노곡리","address":"안성시 양성면 노곡리 396","owner_type":"국유지","owner_label":"국(농수산부)","manager":"","property_class":"","land_category":"도로","area_sqm":3545.0,"area_band":"3,000~5,000㎡","interest_category":"도로","solar_candidate":"검토필요","candidate_reason":"도로점용 및 실제 이용형태 추가 검토 필요; 면적 3,545㎡","priority_score":35,"source":"경기부동산포털 국공유지조회·연속지적도","source_date":"2026-08-11","installed_solar_match":false}},{"type":"Feature","id":"4155033021105110000","geometry":{"type":"Point","coordinates":[127.265865,36.9425299]},"properties":{"pnu":"4155033021105110000","municipality_code":"41550","municipality":"안성시","district":"안성시","locality":"서운면 인리","address":"안성시 서운면 인리 511","owner_type":"국유지","owner_label":"국(농림축산식품부)","manager":"","property_class":"","land_category":"도로","area_sqm":3543.2,"area_band":"3,000~5,000㎡","interest_category":"도로","solar_candidate":"검토필요","candidate_reason":"도로점용 및 실제 이용형태 추가 검토 필요; 면적 3,543㎡","priority_score":35,"source":"경기부동산포털 국공유지조회·연속지적도","source_date":"2026-08-11","installed_solar_match":false}},{"type":"Feature","id":"4155039021103000002","geometry":{"type":"Point","coordinates":[127.4461445,37.0975901]},"properties":{"pnu":"4155039021103000002","municipality_code":"41550","municipality":"안성시","district":"안성시","locality":"일죽면 월정리","address":"안성시 일죽면 월정리 300-2","owner_type":"국유지","owner_label":"국(건설부)","manager":"","property_class":"","land_category":"도로","area_sqm":3539.0,"area_band":"3,000~5,000㎡","interest_category":"도로","solar_candidate":"검토필요","candidate_reason":"도로점용 및 실제 이용형태 추가 검토 필요; 면적 3,539㎡","priority_score":35,"source":"경기부동산포털 국공유지조회·연속지적도","source_date":"2026-08-11","installed_solar_match":false}},{"type":"Feature","id":"4155032030101460001","geometry":{"type":"Point","coordinates":[127.3262263,36.9787683]},"properties":{"pnu":"4155032030101460001","municipality_code":"41550","municipality":"안성시","district":"안성시","locality":"금광면 한운리","address":"안성시 금광면 한운리 146-1","owner_type":"국유지","owner_label":"국(건설교통부)","manager":"","property_class":"","land_category":"도로","area_sqm":3535.0,"area_band":"3,000~5,000㎡","interest_category":"도로","solar_candidate":"검토필요","candidate_reason":"도로점용 및 실제 이용형태 추가 검토 필요; 면적 3,535㎡","priority_score":35,"source":"경기부동산포털 국공유지조회·연속지적도","source_date":"2026-08-11","installed_solar_match":false}},{"type":"Feature","id":"4155038023107650004","geometry":{"type":"Point","coordinates":[127.1399411,37.0518847]},"properties":{"pnu":"4155038023107650004","municipality_code":"41550","municipality":"안성시","district":"안성시","locality":"원곡면 지문리","address":"안성시 원곡면 지문리 765-4","owner_type":"국유지","owner_label":"국(농림수산부)","manager":"","property_class":"","land_category":"도로","area_sqm":3535.0,"area_band":"3,000~5,000㎡","interest_category":"도로","solar_candidate":"검토필요","candidate_reason":"도로점용 및 실제 이용형태 추가 검토 필요; 면적 3,535㎡","priority_score":35,"source":"경기부동산포털 국공유지조회·연속지적도","source_date":"2026-08-11","installed_solar_match":false}},{"type":"Feature","id":"4155013100105960000","geometry":{"type":"Point","coordinates":[127.2878401,36.9988265]},"properties":{"pnu":"4155013100105960000","municipality_code":"41550","municipality":"안성시","district":"안성시","locality":"현수동","address":"안성시 현수동 596","owner_type":"국유지","owner_label":"국(농림축산식품부)","manager":"","property_class":"","land_category":"도로","area_sqm":3531.0,"area_band":"3,000~5,000㎡","interest_category":"도로","solar_candidate":"검토필요","candidate_reason":"도로점용 및 실제 이용형태 추가 검토 필요; 면적 3,531㎡","priority_score":35,"source":"경기부동산포털 국공유지조회·연속지적도","source_date":"2026-08-11","installed_solar_match":false}},{"type":"Feature","id":"4155036035106720002","geometry":{"type":"Point","coordinates":[127.1972484,37.0417602]},"properties":{"pnu":"4155036035106720002","municipality_code":"41550","municipality":"안성시","district":"안성시","locality":"양성면 덕봉리","address":"안성시 양성면 덕봉리 672-2","owner_type":"국유지","owner_label":"국(농림부)","manager":"","property_class":"","land_category":"도로","area_sqm":3529.9,"area_band":"3,000~5,000㎡","interest_category":"도로","solar_candidate":"검토필요","candidate_reason":"도로점용 및 실제 이용형태 추가 검토 필요; 면적 3,530㎡","priority_score":35,"source":"경기부동산포털 국공유지조회·연속지적도","source_date":"2026-08-11","installed_solar_match":false}},{"type":"Feature","id":"4155041022110080010","geometry":{"type":"Point","coordinates":[127.3901215,37.1011427]},"properties":{"pnu":"4155041022110080010","municipality_code":"41550","municipality":"안성시","district":"안성시","locality":"삼죽면 율곡리","address":"안성시 삼죽면 율곡리 1008-10","owner_type":"국유지","owner_label":"국(농림부)","manager":"","property_class":"","land_category":"도로","area_sqm":3528.9,"area_band":"3,000~5,000㎡","interest_category":"도로","solar_candidate":"검토필요","candidate_reason":"도로점용 및 실제 이용형태 추가 검토 필요; 면적 3,529㎡","priority_score":35,"source":"경기부동산포털 국공유지조회·연속지적도","source_date":"2026-08-11","installed_solar_match":false}},{"type":"Feature","id":"4155036028200490001","geometry":{"type":"Point","coordinates":[127.2083887,37.088169]},"properties":{"pnu":"4155036028200490001","municipality_code":"41550","municipality":"안성시","district":"안성시","locality":"양성면 이현리","address":"안성시 양성면 이현리 산49-1","owner_type":"국유지","owner_label":"국(건설부)","manager":"","property_class":"","land_category":"도로","area_sqm":3528.0,"area_band":"3,000~5,000㎡","interest_category":"도로","solar_candidate":"검토필요","candidate_reason":"도로점용 및 실제 이용형태 추가 검토 필요; 면적 3,528㎡","priority_score":35,"source":"경기부동산포털 국공유지조회·연속지적도","source_date":"2026-08-11","installed_solar_match":false}},{"type":"Feature","id":"4155040029110320000","geometry":{"type":"Point","coordinates":[127.4453007,37.037573]},"properties":{"pnu":"4155040029110320000","municipality_code":"41550","municipality":"안성시","district":"안성시","locality":"죽산면 당목리","address":"안성시 죽산면 당목리 1032","owner_type":"국유지","owner_label":"국(건설교통부)","manager":"","property_class":"","land_category":"도로","area_sqm":3527.0,"area_band":"3,000~5,000㎡","interest_category":"도로","solar_candidate":"검토필요","candidate_reason":"도로점용 및 실제 이용형태 추가 검토 필요; 면적 3,527㎡","priority_score":35,"source":"경기부동산포털 국공유지조회·연속지적도","source_date":"2026-08-11","installed_solar_match":false}},{"type":"Feature","id":"4155041024107400012","geometry":{"type":"Point","coordinates":[127.3738241,37.088101]},"properties":{"pnu":"4155041024107400012","municipality_code":"41550","municipality":"안성시","district":"안성시","locality":"삼죽면 덕산리","address":"안성시 삼죽면 덕산리 740-12","owner_type":"국유지","owner_label":"국(건설교통부)","manager":"","property_class":"","land_category":"도로","area_sqm":3526.0,"area_band":"3,000~5,000㎡","interest_category":"도로","solar_candidate":"검토필요","candidate_reason":"도로점용 및 실제 이용형태 추가 검토 필요; 면적 3,526㎡","priority_score":35,"source":"경기부동산포털 국공유지조회·연속지적도","source_date":"2026-08-11","installed_solar_match":false}},{"type":"Feature","id":"4155032028114380002","geometry":{"type":"Point","coordinates":[127.3606226,36.9993133]},"properties":{"pnu":"4155032028114380002","municipality_code":"41550","municipality":"안성시","district":"안성시","locality":"금광면 사흥리","address":"안성시 금광면 사흥리 1438-2","owner_type":"국유지","owner_label":"국(건설부)","manager":"","property_class":"","land_category":"도로","area_sqm":3521.0,"area_band":"3,000~5,000㎡","interest_category":"도로","solar_candidate":"검토필요","candidate_reason":"도로점용 및 실제 이용형태 추가 검토 필요; 면적 3,521㎡","priority_score":35,"source":"경기부동산포털 국공유지조회·연속지적도","source_date":"2026-08-11","installed_solar_match":true,"installed_solar_count":1,"installed_solar_area_sqm":23.2,"installed_solar_analysis_years":["2024"],"installed_solar_types":["개인주택"],"installed_solar_permit_status_counts":{"N":1}}},{"type":"Feature","id":"4155036037200520000","geometry":{"type":"Point","coordinates":[127.1978385,37.0282785]},"properties":{"pnu":"4155036037200520000","municipality_code":"41550","municipality":"안성시","district":"안성시","locality":"양성면 삼암리","address":"안성시 양성면 삼암리 산52","owner_type":"국유지","owner_label":"국(건설교통부)","manager":"","property_class":"","land_category":"도로","area_sqm":3520.0,"area_band":"3,000~5,000㎡","interest_category":"도로","solar_candidate":"검토필요","candidate_reason":"도로점용 및 실제 이용형태 추가 검토 필요; 면적 3,520㎡","priority_score":35,"source":"경기부동산포털 국공유지조회·연속지적도","source_date":"2026-08-11","installed_solar_match":false}},{"type":"Feature","id":"4155039021110130014","geometry":{"type":"Point","coordinates":[127.4561869,37.0869926]},"properties":{"pnu":"4155039021110130014","municipality_code":"41550","municipality":"안성시","district":"안성시","locality":"일죽면 월정리","address":"안성시 일죽면 월정리 1013-14","owner_type":"국유지","owner_label":"국(건설교통부)","manager":"","property_class":"","land_category":"도로","area_sqm":3517.0,"area_band":"3,000~5,000㎡","interest_category":"도로","solar_candidate":"검토필요","candidate_reason":"도로점용 및 실제 이용형태 추가 검토 필요; 면적 3,517㎡","priority_score":35,"source":"경기부동산포털 국공유지조회·연속지적도","source_date":"2026-08-11","installed_solar_match":false}},{"type":"Feature","id":"4155025029107610000","geometry":{"type":"Point","coordinates":[127.1859979,37.0091967]},"properties":{"pnu":"4155025029107610000","municipality_code":"41550","municipality":"안성시","district":"안성시","locality":"공도읍 만정리","address":"안성시 공도읍 만정리 761","owner_type":"국유지","owner_label":"국(농림축산식품부)","manager":"","property_class":"","land_category":"도로","area_sqm":3516.2,"area_band":"3,000~5,000㎡","interest_category":"도로","solar_candidate":"검토필요","candidate_reason":"도로점용 및 실제 이용형태 추가 검토 필요; 면적 3,516㎡","priority_score":35,"source":"경기부동산포털 국공유지조회·연속지적도","source_date":"2026-08-11","installed_solar_match":false}},{"type":"Feature","id":"4155031036103650000","geometry":{"type":"Point","coordinates":[127.3155715,37.0553291]},"properties":{"pnu":"4155031036103650000","municipality_code":"41550","municipality":"안성시","district":"안성시","locality":"보개면 신안리","address":"안성시 보개면 신안리 365","owner_type":"국유지","owner_label":"국(건설교통부)","manager":"","property_class":"","land_category":"도로","area_sqm":3516.0,"area_band":"3,000~5,000㎡","interest_category":"도로","solar_candidate":"검토필요","candidate_reason":"도로점용 및 실제 이용형태 추가 검토 필요; 면적 3,516㎡","priority_score":35,"source":"경기부동산포털 국공유지조회·연속지적도","source_date":"2026-08-11","installed_solar_match":false}},{"type":"Feature","id":"4155039034105350000","geometry":{"type":"Point","coordinates":[127.461517,37.0756141]},"properties":{"pnu":"4155039034105350000","municipality_code":"41550","municipality":"안성시","district":"안성시","locality":"일죽면 장암리","address":"안성시 일죽면 장암리 535","owner_type":"국유지","owner_label":"국(농림수산부)","manager":"","property_class":"","land_category":"도로","area_sqm":3516.0,"area_band":"3,000~5,000㎡","interest_category":"도로","solar_candidate":"검토필요","candidate_reason":"도로점용 및 실제 이용형태 추가 검토 필요; 면적 3,516㎡","priority_score":35,"source":"경기부동산포털 국공유지조회·연속지적도","source_date":"2026-08-11","installed_solar_match":false}},{"type":"Feature","id":"4155034032103880010","geometry":{"type":"Point","coordinates":[127.2128045,36.9810705]},"properties":{"pnu":"4155034032103880010","municipality_code":"41550","municipality":"안성시","district":"안성시","locality":"미양면 양지리","address":"안성시 미양면 양지리 388-10","owner_type":"국유지","owner_label":"국(농림부)","manager":"","property_class":"","land_category":"도로","area_sqm":3508.7,"area_band":"3,000~5,000㎡","interest_category":"도로","solar_candidate":"검토필요","candidate_reason":"도로점용 및 실제 이용형태 추가 검토 필요; 면적 3,509㎡","priority_score":35,"source":"경기부동산포털 국공유지조회·연속지적도","source_date":"2026-08-11","installed_solar_match":false}},{"type":"Feature","id":"4155013200103610000","geometry":{"type":"Point","coordinates":[127.2895719,36.987081]},"properties":{"pnu":"4155013200103610000","municipality_code":"41550","municipality":"안성시","district":"안성시","locality":"발화동","address":"안성시 발화동 361","owner_type":"국유지","owner_label":"국(농림축산식품부)","manager":"","property_class":"","land_category":"도로","area_sqm":3506.1,"area_band":"3,000~5,000㎡","interest_category":"도로","solar_candidate":"검토필요","candidate_reason":"도로점용 및 실제 이용형태 추가 검토 필요; 면적 3,506㎡","priority_score":35,"source":"경기부동산포털 국공유지조회·연속지적도","source_date":"2026-08-11","installed_solar_match":false}},{"type":"Feature","id":"4155025029106720002","geometry":{"type":"Point","coordinates":[127.185743,37.0057309]},"properties":{"pnu":"4155025029106720002","municipality_code":"41550","municipality":"안성시","district":"안성시","locality":"공도읍 만정리","address":"안성시 공도읍 만정리 672-2","owner_type":"국유지","owner_label":"국(건설교통부)","manager":"","property_class":"","land_category":"도로","area_sqm":3503.0,"area_band":"3,000~5,000㎡","interest_category":"도로","solar_candidate":"검토필요","candidate_reason":"도로점용 및 실제 이용형태 추가 검토 필요; 면적 3,503㎡","priority_score":35,"source":"경기부동산포털 국공유지조회·연속지적도","source_date":"2026-08-11","installed_solar_match":false}},{"type":"Feature","id":"4155033031102020000","geometry":{"type":"Point","coordinates":[127.2343925,36.944246]},"properties":{"pnu":"4155033031102020000","municipality_code":"41550","municipality":"안성시","district":"안성시","locality":"서운면 송산리","address":"안성시 서운면 송산리 202","owner_type":"국유지","owner_label":"국(농수산부)","manager":"","property_class":"","land_category":"도로","area_sqm":3501.0,"area_band":"3,000~5,000㎡","interest_category":"도로","solar_candidate":"검토필요","candidate_reason":"도로점용 및 실제 이용형태 추가 검토 필요; 면적 3,501㎡","priority_score":35,"source":"경기부동산포털 국공유지조회·연속지적도","source_date":"2026-08-11","installed_solar_match":false}},{"type":"Feature","id":"4155036031102780000","geometry":{"type":"Point","coordinates":[127.2505461,37.109944]},"properties":{"pnu":"4155036031102780000","municipality_code":"41550","municipality":"안성시","district":"안성시","locality":"양성면 노곡리","address":"안성시 양성면 노곡리 278","owner_type":"국유지","owner_label":"국(농수산부)","manager":"","property_class":"","land_category":"도로","area_sqm":3500.0,"area_band":"3,000~5,000㎡","interest_category":"도로","solar_candidate":"검토필요","candidate_reason":"도로점용 및 실제 이용형태 추가 검토 필요; 면적 3,500㎡","priority_score":35,"source":"경기부동산포털 국공유지조회·연속지적도","source_date":"2026-08-11","installed_solar_match":false}},{"type":"Feature","id":"4155040027202150004","geometry":{"type":"Point","coordinates":[127.4386328,37.0505855]},"properties":{"pnu":"4155040027202150004","municipality_code":"41550","municipality":"안성시","district":"안성시","locality":"죽산면 용설리","address":"안성시 죽산면 용설리 산215-4","owner_type":"국유지","owner_label":"국(건설교통부)","manager":"","property_class":"","land_category":"도로","area_sqm":3495.0,"area_band":"3,000~5,000㎡","interest_category":"도로","solar_candidate":"검토필요","candidate_reason":"도로점용 및 실제 이용형태 추가 검토 필요; 면적 3,495㎡","priority_score":35,"source":"경기부동산포털 국공유지조회·연속지적도","source_date":"2026-08-11","installed_solar_match":false}},{"type":"Feature","id":"4155039027110330005","geometry":{"type":"Point","coordinates":[127.4321017,37.1160923]},"properties":{"pnu":"4155039027110330005","municipality_code":"41550","municipality":"안성시","district":"안성시","locality":"일죽면 방초리","address":"안성시 일죽면 방초리 1033-5","owner_type":"국유지","owner_label":"국(건설교통부)","manager":"","property_class":"","land_category":"도로","area_sqm":3487.0,"area_band":"3,000~5,000㎡","interest_category":"도로","solar_candidate":"검토필요","candidate_reason":"도로점용 및 실제 이용형태 추가 검토 필요; 면적 3,487㎡","priority_score":35,"source":"경기부동산포털 국공유지조회·연속지적도","source_date":"2026-08-11","installed_solar_match":false}},{"type":"Feature","id":"4155025029107540000","geometry":{"type":"Point","coordinates":[127.1864243,37.0123585]},"properties":{"pnu":"4155025029107540000","municipality_code":"41550","municipality":"안성시","district":"안성시","locality":"공도읍 만정리","address":"안성시 공도읍 만정리 754","owner_type":"국유지","owner_label":"국(농림축산식품부)","manager":"","property_class":"","land_category":"도로","area_sqm":3483.8,"area_band":"3,000~5,000㎡","interest_category":"도로","solar_candidate":"검토필요","candidate_reason":"도로점용 및 실제 이용형태 추가 검토 필요; 면적 3,484㎡","priority_score":35,"source":"경기부동산포털 국공유지조회·연속지적도","source_date":"2026-08-11","installed_solar_match":false}},{"type":"Feature","id":"4155039034103980000","geometry":{"type":"Point","coordinates":[127.4666773,37.0795353]},"properties":{"pnu":"4155039034103980000","municipality_code":"41550","municipality":"안성시","district":"안성시","locality":"일죽면 장암리","address":"안성시 일죽면 장암리 398","owner_type":"국유지","owner_label":"국(건설교통부)","manager":"","property_class":"","land_category":"도로","area_sqm":3478.0,"area_band":"3,000~5,000㎡","interest_category":"도로","solar_candidate":"검토필요","candidate_reason":"도로점용 및 실제 이용형태 추가 검토 필요; 면적 3,478㎡","priority_score":35,"source":"경기부동산포털 국공유지조회·연속지적도","source_date":"2026-08-11","installed_solar_match":false}},{"type":"Feature","id":"4155038023107580000","geometry":{"type":"Point","coordinates":[127.1464866,37.0578563]},"properties":{"pnu":"4155038023107580000","municipality_code":"41550","municipality":"안성시","district":"안성시","locality":"원곡면 지문리","address":"안성시 원곡면 지문리 758","owner_type":"국유지","owner_label":"국(농림수산부)","manager":"","property_class":"","land_category":"도로","area_sqm":3477.0,"area_band":"3,000~5,000㎡","interest_category":"도로","solar_candidate":"검토필요","candidate_reason":"도로점용 및 실제 이용형태 추가 검토 필요; 면적 3,477㎡","priority_score":35,"source":"경기부동산포털 국공유지조회·연속지적도","source_date":"2026-08-11","installed_solar_match":false}},{"type":"Feature","id":"4155039035106240001","geometry":{"type":"Point","coordinates":[127.4847493,37.0752203]},"properties":{"pnu":"4155039035106240001","municipality_code":"41550","municipality":"안성시","district":"안성시","locality":"일죽면 화봉리","address":"안성시 일죽면 화봉리 624-1","owner_type":"국유지","owner_label":"국(농림수산부)","manager":"","property_class":"","land_category":"도로","area_sqm":3476.0,"area_band":"3,000~5,000㎡","interest_category":"도로","solar_candidate":"검토필요","candidate_reason":"도로점용 및 실제 이용형태 추가 검토 필요; 면적 3,476㎡","priority_score":35,"source":"경기부동산포털 국공유지조회·연속지적도","source_date":"2026-08-11","installed_solar_match":false}},{"type":"Feature","id":"4155036038106010000","geometry":{"type":"Point","coordinates":[127.1767046,37.0347884]},"properties":{"pnu":"4155036038106010000","municipality_code":"41550","municipality":"안성시","district":"안성시","locality":"양성면 방신리","address":"안성시 양성면 방신리 601","owner_type":"국유지","owner_label":"국(건설교통부)","manager":"","property_class":"","land_category":"도로","area_sqm":3473.0,"area_band":"3,000~5,000㎡","interest_category":"도로","solar_candidate":"검토필요","candidate_reason":"도로점용 및 실제 이용형태 추가 검토 필요; 면적 3,473㎡","priority_score":35,"source":"경기부동산포털 국공유지조회·연속지적도","source_date":"2026-08-11","installed_solar_match":false}},{"type":"Feature","id":"4155033033200670000","geometry":{"type":"Point","coordinates":[127.2762866,36.9445495]},"properties":{"pnu":"4155033033200670000","municipality_code":"41550","municipality":"안성시","district":"안성시","locality":"서운면 양촌리","address":"안성시 서운면 양촌리 산67","owner_type":"국유지","owner_label":"국(건설교통부)","manager":"","property_class":"","land_category":"도로","area_sqm":3472.0,"area_band":"3,000~5,000㎡","interest_category":"도로","solar_candidate":"검토필요","candidate_reason":"도로점용 및 실제 이용형태 추가 검토 필요; 면적 3,472㎡","priority_score":35,"source":"경기부동산포털 국공유지조회·연속지적도","source_date":"2026-08-11","installed_solar_match":false}},{"type":"Feature","id":"4155038022107670000","geometry":{"type":"Point","coordinates":[127.1565664,37.0398869]},"properties":{"pnu":"4155038022107670000","municipality_code":"41550","municipality":"안성시","district":"안성시","locality":"원곡면 칠곡리","address":"안성시 원곡면 칠곡리 767","owner_type":"국유지","owner_label":"국(건설교통부)","manager":"","property_class":"","land_category":"도로","area_sqm":3471.0,"area_band":"3,000~5,000㎡","interest_category":"도로","solar_candidate":"검토필요","candidate_reason":"도로점용 및 실제 이용형태 추가 검토 필요; 면적 3,471㎡","priority_score":35,"source":"경기부동산포털 국공유지조회·연속지적도","source_date":"2026-08-11","installed_solar_match":false}},{"type":"Feature","id":"4155038026200340011","geometry":{"type":"Point","coordinates":[127.1401743,37.0343664]},"properties":{"pnu":"4155038026200340011","municipality_code":"41550","municipality":"안성시","district":"안성시","locality":"원곡면 외가천리","address":"안성시 원곡면 외가천리 산34-11","owner_type":"국유지","owner_label":"국(건설교통부)","manager":"","property_class":"","land_category":"도로","area_sqm":3462.0,"area_band":"3,000~5,000㎡","interest_category":"도로","solar_candidate":"검토필요","candidate_reason":"도로점용 및 실제 이용형태 추가 검토 필요; 면적 3,462㎡","priority_score":35,"source":"경기부동산포털 국공유지조회·연속지적도","source_date":"2026-08-11","installed_solar_match":false}},{"type":"Feature","id":"4155038022108720000","geometry":{"type":"Point","coordinates":[127.1581532,37.0505672]},"properties":{"pnu":"4155038022108720000","municipality_code":"41550","municipality":"안성시","district":"안성시","locality":"원곡면 칠곡리","address":"안성시 원곡면 칠곡리 872","owner_type":"국유지","owner_label":"국(건설부)","manager":"","property_class":"","land_category":"도로","area_sqm":3459.0,"area_band":"3,000~5,000㎡","interest_category":"도로","solar_candidate":"검토필요","candidate_reason":"도로점용 및 실제 이용형태 추가 검토 필요; 면적 3,459㎡","priority_score":35,"source":"경기부동산포털 국공유지조회·연속지적도","source_date":"2026-08-11","installed_solar_match":false}},{"type":"Feature","id":"4155025023104430000","geometry":{"type":"Point","coordinates":[127.2021991,36.9940442]},"properties":{"pnu":"4155025023104430000","municipality_code":"41550","municipality":"안성시","district":"안성시","locality":"공도읍 신두리","address":"안성시 공도읍 신두리 443","owner_type":"국유지","owner_label":"국(건설부)","manager":"","property_class":"","land_category":"도로","area_sqm":3456.0,"area_band":"3,000~5,000㎡","interest_category":"도로","solar_candidate":"검토필요","candidate_reason":"도로점용 및 실제 이용형태 추가 검토 필요; 면적 3,456㎡","priority_score":35,"source":"경기부동산포털 국공유지조회·연속지적도","source_date":"2026-08-11","installed_solar_match":false}},{"type":"Feature","id":"4155032030107000000","geometry":{"type":"Point","coordinates":[127.3331905,36.9731482]},"properties":{"pnu":"4155032030107000000","municipality_code":"41550","municipality":"안성시","district":"안성시","locality":"금광면 한운리","address":"안성시 금광면 한운리 700","owner_type":"국유지","owner_label":"국(건설교통부)","manager":"","property_class":"","land_category":"도로","area_sqm":3455.0,"area_band":"3,000~5,000㎡","interest_category":"도로","solar_candidate":"검토필요","candidate_reason":"도로점용 및 실제 이용형태 추가 검토 필요; 면적 3,455㎡","priority_score":35,"source":"경기부동산포털 국공유지조회·연속지적도","source_date":"2026-08-11","installed_solar_match":false}},{"type":"Feature","id":"4155036028200370005","geometry":{"type":"Point","coordinates":[127.212248,37.093852]},"properties":{"pnu":"4155036028200370005","municipality_code":"41550","municipality":"안성시","district":"안성시","locality":"양성면 이현리","address":"안성시 양성면 이현리 산37-5","owner_type":"국유지","owner_label":"국(건설부)","manager":"","property_class":"","land_category":"도로","area_sqm":3455.0,"area_band":"3,000~5,000㎡","interest_category":"도로","solar_candidate":"검토필요","candidate_reason":"도로점용 및 실제 이용형태 추가 검토 필요; 면적 3,455㎡","priority_score":35,"source":"경기부동산포털 국공유지조회·연속지적도","source_date":"2026-08-11","installed_solar_match":false}},{"type":"Feature","id":"4155038026100920003","geometry":{"type":"Point","coordinates":[127.1377884,37.0351461]},"properties":{"pnu":"4155038026100920003","municipality_code":"41550","municipality":"안성시","district":"안성시","locality":"원곡면 외가천리","address":"안성시 원곡면 외가천리 92-3","owner_type":"국유지","owner_label":"국(건설교통부)","manager":"","property_class":"","land_category":"도로","area_sqm":3451.0,"area_band":"3,000~5,000㎡","interest_category":"도로","solar_candidate":"검토필요","candidate_reason":"도로점용 및 실제 이용형태 추가 검토 필요; 면적 3,451㎡","priority_score":35,"source":"경기부동산포털 국공유지조회·연속지적도","source_date":"2026-08-11","installed_solar_match":false}},{"type":"Feature","id":"4155011600101610000","geometry":{"type":"Point","coordinates":[127.2697464,37.007582]},"properties":{"pnu":"4155011600101610000","municipality_code":"41550","municipality":"안성시","district":"안성시","locality":"대천동","address":"안성시 대천동 161","owner_type":"국유지","owner_label":"국(건설부)","manager":"","property_class":"","land_category":"도로","area_sqm":3448.6,"area_band":"3,000~5,000㎡","interest_category":"도로","solar_candidate":"검토필요","candidate_reason":"도로점용 및 실제 이용형태 추가 검토 필요; 면적 3,449㎡","priority_score":35,"source":"경기부동산포털 국공유지조회·연속지적도","source_date":"2026-08-11","installed_solar_match":false}},{"type":"Feature","id":"4155038027106530000","geometry":{"type":"Point","coordinates":[127.148869,37.0082904]},"properties":{"pnu":"4155038027106530000","municipality_code":"41550","municipality":"안성시","district":"안성시","locality":"원곡면 반제리","address":"안성시 원곡면 반제리 653","owner_type":"국유지","owner_label":"국(건설부)","manager":"","property_class":"","land_category":"도로","area_sqm":3444.0,"area_band":"3,000~5,000㎡","interest_category":"도로","solar_candidate":"검토필요","candidate_reason":"도로점용 및 실제 이용형태 추가 검토 필요; 면적 3,444㎡","priority_score":35,"source":"경기부동산포털 국공유지조회·연속지적도","source_date":"2026-08-11","installed_solar_match":false}},{"type":"Feature","id":"4155025023102550007","geometry":{"type":"Point","coordinates":[127.2033324,36.9985976]},"properties":{"pnu":"4155025023102550007","municipality_code":"41550","municipality":"안성시","district":"안성시","locality":"공도읍 신두리","address":"안성시 공도읍 신두리 255-7","owner_type":"국유지","owner_label":"국(건설교통부)","manager":"","property_class":"","land_category":"도로","area_sqm":3442.0,"area_band":"3,000~5,000㎡","interest_category":"도로","solar_candidate":"검토필요","candidate_reason":"도로점용 및 실제 이용형태 추가 검토 필요; 면적 3,442㎡","priority_score":35,"source":"경기부동산포털 국공유지조회·연속지적도","source_date":"2026-08-11","installed_solar_match":false}},{"type":"Feature","id":"4155034028105090003","geometry":{"type":"Point","coordinates":[127.1988164,36.9806654]},"properties":{"pnu":"4155034028105090003","municipality_code":"41550","municipality":"안성시","district":"안성시","locality":"미양면 정동리","address":"안성시 미양면 정동리 509-3","owner_type":"국유지","owner_label":"국(농림부)","manager":"","property_class":"","land_category":"도로","area_sqm":3440.2,"area_band":"3,000~5,000㎡","interest_category":"도로","solar_candidate":"검토필요","candidate_reason":"도로점용 및 실제 이용형태 추가 검토 필요; 면적 3,440㎡","priority_score":35,"source":"경기부동산포털 국공유지조회·연속지적도","source_date":"2026-08-11","installed_solar_match":false}},{"type":"Feature","id":"4155039021117500000","geometry":{"type":"Point","coordinates":[127.452305,37.0969061]},"properties":{"pnu":"4155039021117500000","municipality_code":"41550","municipality":"안성시","district":"안성시","locality":"일죽면 월정리","address":"안성시 일죽면 월정리 1750","owner_type":"국유지","owner_label":"국(농림수산부)","manager":"","property_class":"","land_category":"도로","area_sqm":3435.0,"area_band":"3,000~5,000㎡","interest_category":"도로","solar_candidate":"검토필요","candidate_reason":"도로점용 및 실제 이용형태 추가 검토 필요; 면적 3,435㎡","priority_score":35,"source":"경기부동산포털 국공유지조회·연속지적도","source_date":"2026-08-11","installed_solar_match":false}},{"type":"Feature","id":"4155025029200800010","geometry":{"type":"Point","coordinates":[127.1812119,37.011765]},"properties":{"pnu":"4155025029200800010","municipality_code":"41550","municipality":"안성시","district":"안성시","locality":"공도읍 만정리","address":"안성시 공도읍 만정리 산80-10","owner_type":"국유지","owner_label":"국(건설교통부)","manager":"","property_class":"","land_category":"도로","area_sqm":3433.0,"area_band":"3,000~5,000㎡","interest_category":"도로","solar_candidate":"검토필요","candidate_reason":"도로점용 및 실제 이용형태 추가 검토 필요; 면적 3,433㎡","priority_score":35,"source":"경기부동산포털 국공유지조회·연속지적도","source_date":"2026-08-11","installed_solar_match":false}},{"type":"Feature","id":"4155034036102650006","geometry":{"type":"Point","coordinates":[127.2027452,36.9828531]},"properties":{"pnu":"4155034036102650006","municipality_code":"41550","municipality":"안성시","district":"안성시","locality":"미양면 후평리","address":"안성시 미양면 후평리 265-6","owner_type":"국유지","owner_label":"국(농림부)","manager":"","property_class":"","land_category":"도로","area_sqm":3433.0,"area_band":"3,000~5,000㎡","interest_category":"도로","solar_candidate":"검토필요","candidate_reason":"도로점용 및 실제 이용형태 추가 검토 필요; 면적 3,433㎡","priority_score":35,"source":"경기부동산포털 국공유지조회·연속지적도","source_date":"2026-08-11","installed_solar_match":false}},{"type":"Feature","id":"4155040022200540004","geometry":{"type":"Point","coordinates":[127.4333397,37.0977453]},"properties":{"pnu":"4155040022200540004","municipality_code":"41550","municipality":"안성시","district":"안성시","locality":"죽산면 매산리","address":"안성시 죽산면 매산리 산54-4","owner_type":"국유지","owner_label":"국(건설부)","manager":"","property_class":"","land_category":"도로","area_sqm":3433.0,"area_band":"3,000~5,000㎡","interest_category":"도로","solar_candidate":"검토필요","candidate_reason":"도로점용 및 실제 이용형태 추가 검토 필요; 면적 3,433㎡","priority_score":35,"source":"경기부동산포털 국공유지조회·연속지적도","source_date":"2026-08-11","installed_solar_match":false}},{"type":"Feature","id":"4155039026104150002","geometry":{"type":"Point","coordinates":[127.5119145,37.1028387]},"properties":{"pnu":"4155039026104150002","municipality_code":"41550","municipality":"안성시","district":"안성시","locality":"일죽면 당촌리","address":"안성시 일죽면 당촌리 415-2","owner_type":"국유지","owner_label":"국(건설교통부)","manager":"","property_class":"","land_category":"도로","area_sqm":3427.0,"area_band":"3,000~5,000㎡","interest_category":"도로","solar_candidate":"검토필요","candidate_reason":"도로점용 및 실제 이용형태 추가 검토 필요; 면적 3,427㎡","priority_score":35,"source":"경기부동산포털 국공유지조회·연속지적도","source_date":"2026-08-11","installed_solar_match":true,"installed_solar_count":1,"installed_solar_area_sqm":21.1,"installed_solar_analysis_years":["2024"],"installed_solar_types":["개인주택"],"installed_solar_permit_status_counts":{"N":1}}},{"type":"Feature","id":"4155031039111230000","geometry":{"type":"Point","coordinates":[127.303359,37.1012972]},"properties":{"pnu":"4155031039111230000","municipality_code":"41550","municipality":"안성시","district":"안성시","locality":"보개면 북가현리","address":"안성시 보개면 북가현리 1123","owner_type":"국유지","owner_label":"국(건설교통부)","manager":"","property_class":"","land_category":"도로","area_sqm":3425.0,"area_band":"3,000~5,000㎡","interest_category":"도로","solar_candidate":"검토필요","candidate_reason":"도로점용 및 실제 이용형태 추가 검토 필요; 면적 3,425㎡","priority_score":35,"source":"경기부동산포털 국공유지조회·연속지적도","source_date":"2026-08-11","installed_solar_match":false}},{"type":"Feature","id":"4155040029111040000","geometry":{"type":"Point","coordinates":[127.4207997,37.0398665]},"properties":{"pnu":"4155040029111040000","municipality_code":"41550","municipality":"안성시","district":"안성시","locality":"죽산면 당목리","address":"안성시 죽산면 당목리 1104","owner_type":"국유지","owner_label":"국(건설부)","manager":"","property_class":"","land_category":"도로","area_sqm":3425.0,"area_band":"3,000~5,000㎡","interest_category":"도로","solar_candidate":"검토필요","candidate_reason":"도로점용 및 실제 이용형태 추가 검토 필요; 면적 3,425㎡","priority_score":35,"source":"경기부동산포털 국공유지조회·연속지적도","source_date":"2026-08-11","installed_solar_match":false}},{"type":"Feature","id":"4155040030200410001","geometry":{"type":"Point","coordinates":[127.4381261,37.0179697]},"properties":{"pnu":"4155040030200410001","municipality_code":"41550","municipality":"안성시","district":"안성시","locality":"죽산면 두교리","address":"안성시 죽산면 두교리 산41-1","owner_type":"국유지","owner_label":"국(건설교통부)","manager":"","property_class":"","land_category":"도로","area_sqm":3423.0,"area_band":"3,000~5,000㎡","interest_category":"도로","solar_candidate":"검토필요","candidate_reason":"도로점용 및 실제 이용형태 추가 검토 필요; 면적 3,423㎡","priority_score":35,"source":"경기부동산포털 국공유지조회·연속지적도","source_date":"2026-08-11","installed_solar_match":false}},{"type":"Feature","id":"4155031031100170000","geometry":{"type":"Point","coordinates":[127.3029153,37.011931]},"properties":{"pnu":"4155031031100170000","municipality_code":"41550","municipality":"안성시","district":"안성시","locality":"보개면 동신리","address":"안성시 보개면 동신리 17","owner_type":"국유지","owner_label":"국(농림축산식품부)","manager":"","property_class":"","land_category":"도로","area_sqm":3421.0,"area_band":"3,000~5,000㎡","interest_category":"도로","solar_candidate":"검토필요","candidate_reason":"도로점용 및 실제 이용형태 추가 검토 필요; 면적 3,421㎡","priority_score":35,"source":"경기부동산포털 국공유지조회·연속지적도","source_date":"2026-08-11","installed_solar_match":false}},{"type":"Feature","id":"4155041022111500000","geometry":{"type":"Point","coordinates":[127.3930483,37.0963549]},"properties":{"pnu":"4155041022111500000","municipality_code":"41550","municipality":"안성시","district":"안성시","locality":"삼죽면 율곡리","address":"안성시 삼죽면 율곡리 1150","owner_type":"국유지","owner_label":"국(농림부)","manager":"","property_class":"","land_category":"도로","area_sqm":3419.5,"area_band":"3,000~5,000㎡","interest_category":"도로","solar_candidate":"검토필요","candidate_reason":"도로점용 및 실제 이용형태 추가 검토 필요; 면적 3,420㎡","priority_score":35,"source":"경기부동산포털 국공유지조회·연속지적도","source_date":"2026-08-11","installed_solar_match":false}},{"type":"Feature","id":"4155041030105130000","geometry":{"type":"Point","coordinates":[127.3421722,37.0511718]},"properties":{"pnu":"4155041030105130000","municipality_code":"41550","municipality":"안성시","district":"안성시","locality":"삼죽면 기솔리","address":"안성시 삼죽면 기솔리 513","owner_type":"국유지","owner_label":"국(건설부)","manager":"","property_class":"","land_category":"도로","area_sqm":3418.0,"area_band":"3,000~5,000㎡","interest_category":"도로","solar_candidate":"검토필요","candidate_reason":"도로점용 및 실제 이용형태 추가 검토 필요; 면적 3,418㎡","priority_score":35,"source":"경기부동산포털 국공유지조회·연속지적도","source_date":"2026-08-11","installed_solar_match":false}},{"type":"Feature","id":"4155040021200520000","geometry":{"type":"Point","coordinates":[127.4244309,37.089191]},"properties":{"pnu":"4155040021200520000","municipality_code":"41550","municipality":"안성시","district":"안성시","locality":"죽산면 죽산리","address":"안성시 죽산면 죽산리 산52","owner_type":"국유지","owner_label":"국(건설교통부)","manager":"","property_class":"","land_category":"도로","area_sqm":3413.0,"area_band":"3,000~5,000㎡","interest_category":"도로","solar_candidate":"검토필요","candidate_reason":"도로점용 및 실제 이용형태 추가 검토 필요; 면적 3,413㎡","priority_score":35,"source":"경기부동산포털 국공유지조회·연속지적도","source_date":"2026-08-11","installed_solar_match":false}},{"type":"Feature","id":"4155033024104380011","geometry":{"type":"Point","coordinates":[127.2529979,36.941944]},"properties":{"pnu":"4155033024104380011","municipality_code":"41550","municipality":"안성시","district":"안성시","locality":"서운면 신촌리","address":"안성시 서운면 신촌리 438-11","owner_type":"국유지","owner_label":"국(농수산부)","manager":"","property_class":"","land_category":"도로","area_sqm":3411.0,"area_band":"3,000~5,000㎡","interest_category":"도로","solar_candidate":"검토필요","candidate_reason":"도로점용 및 실제 이용형태 추가 검토 필요; 면적 3,411㎡","priority_score":35,"source":"경기부동산포털 국공유지조회·연속지적도","source_date":"2026-08-11","installed_solar_match":false}},{"type":"Feature","id":"4155034027103920000","geometry":{"type":"Point","coordinates":[127.2193926,36.9637533]},"properties":{"pnu":"4155034027103920000","municipality_code":"41550","municipality":"안성시","district":"안성시","locality":"미양면 고지리","address":"안성시 미양면 고지리 392","owner_type":"국유지","owner_label":"국(농림수산부)","manager":"","property_class":"","land_category":"도로","area_sqm":3411.0,"area_band":"3,000~5,000㎡","interest_category":"도로","solar_candidate":"검토필요","candidate_reason":"도로점용 및 실제 이용형태 추가 검토 필요; 면적 3,411㎡","priority_score":35,"source":"경기부동산포털 국공유지조회·연속지적도","source_date":"2026-08-11","installed_solar_match":false}},{"type":"Feature","id":"4155032022106760000","geometry":{"type":"Point","coordinates":[127.2957466,36.9903489]},"properties":{"pnu":"4155032022106760000","municipality_code":"41550","municipality":"안성시","district":"안성시","locality":"금광면 개산리","address":"안성시 금광면 개산리 676","owner_type":"국유지","owner_label":"국(농림축산식품부)","manager":"","property_class":"","land_category":"도로","area_sqm":3402.9,"area_band":"3,000~5,000㎡","interest_category":"도로","solar_candidate":"검토필요","candidate_reason":"도로점용 및 실제 이용형태 추가 검토 필요; 면적 3,403㎡","priority_score":35,"source":"경기부동산포털 국공유지조회·연속지적도","source_date":"2026-08-11","installed_solar_match":false}},{"type":"Feature","id":"4155038026100730003","geometry":{"type":"Point","coordinates":[127.1390239,37.0354135]},"properties":{"pnu":"4155038026100730003","municipality_code":"41550","municipality":"안성시","district":"안성시","locality":"원곡면 외가천리","address":"안성시 원곡면 외가천리 73-3","owner_type":"국유지","owner_label":"국(건설부)","manager":"","property_class":"","land_category":"도로","area_sqm":3398.0,"area_band":"3,000~5,000㎡","interest_category":"도로","solar_candidate":"검토필요","candidate_reason":"도로점용 및 실제 이용형태 추가 검토 필요; 면적 3,398㎡","priority_score":35,"source":"경기부동산포털 국공유지조회·연속지적도","source_date":"2026-08-11","installed_solar_match":false}},{"type":"Feature","id":"4155039027110110000","geometry":{"type":"Point","coordinates":[127.4369011,37.1430714]},"properties":{"pnu":"4155039027110110000","municipality_code":"41550","municipality":"안성시","district":"안성시","locality":"일죽면 방초리","address":"안성시 일죽면 방초리 1011","owner_type":"국유지","owner_label":"국(건설교통부)","manager":"","property_class":"","land_category":"도로","area_sqm":3398.0,"area_band":"3,000~5,000㎡","interest_category":"도로","solar_candidate":"검토필요","candidate_reason":"도로점용 및 실제 이용형태 추가 검토 필요; 면적 3,398㎡","priority_score":35,"source":"경기부동산포털 국공유지조회·연속지적도","source_date":"2026-08-11","installed_solar_match":false}},{"type":"Feature","id":"4155025028102810001","geometry":{"type":"Point","coordinates":[127.1652452,36.9806832]},"properties":{"pnu":"4155025028102810001","municipality_code":"41550","municipality":"안성시","district":"안성시","locality":"공도읍 불당리","address":"안성시 공도읍 불당리 281-1","owner_type":"국유지","owner_label":"국(농림축산식품부)","manager":"","property_class":"","land_category":"도로","area_sqm":3396.0,"area_band":"3,000~5,000㎡","interest_category":"도로","solar_candidate":"검토필요","candidate_reason":"도로점용 및 실제 이용형태 추가 검토 필요; 면적 3,396㎡","priority_score":35,"source":"경기부동산포털 국공유지조회·연속지적도","source_date":"2026-08-11","installed_solar_match":false}},{"type":"Feature","id":"4155038027107040000","geometry":{"type":"Point","coordinates":[127.1625203,37.0291421]},"properties":{"pnu":"4155038027107040000","municipality_code":"41550","municipality":"안성시","district":"안성시","locality":"원곡면 반제리","address":"안성시 원곡면 반제리 704","owner_type":"국유지","owner_label":"국(건설교통부)","manager":"","property_class":"","land_category":"도로","area_sqm":3396.0,"area_band":"3,000~5,000㎡","interest_category":"도로","solar_candidate":"검토필요","candidate_reason":"도로점용 및 실제 이용형태 추가 검토 필요; 면적 3,396㎡","priority_score":35,"source":"경기부동산포털 국공유지조회·연속지적도","source_date":"2026-08-11","installed_solar_match":false}},{"type":"Feature","id":"4155034033103800000","geometry":{"type":"Point","coordinates":[127.2425976,36.9686309]},"properties":{"pnu":"4155034033103800000","municipality_code":"41550","municipality":"안성시","district":"안성시","locality":"미양면 보체리","address":"안성시 미양면 보체리 380","owner_type":"국유지","owner_label":"국(건설교통부)","manager":"","property_class":"","land_category":"도로","area_sqm":3395.0,"area_band":"3,000~5,000㎡","interest_category":"도로","solar_candidate":"검토필요","candidate_reason":"도로점용 및 실제 이용형태 추가 검토 필요; 면적 3,395㎡","priority_score":35,"source":"경기부동산포털 국공유지조회·연속지적도","source_date":"2026-08-11","installed_solar_match":false}},{"type":"Feature","id":"4155039021117590000","geometry":{"type":"Point","coordinates":[127.4496309,37.0967276]},"properties":{"pnu":"4155039021117590000","municipality_code":"41550","municipality":"안성시","district":"안성시","locality":"일죽면 월정리","address":"안성시 일죽면 월정리 1759","owner_type":"국유지","owner_label":"국(농림수산부)","manager":"","property_class":"","land_category":"도로","area_sqm":3395.0,"area_band":"3,000~5,000㎡","interest_category":"도로","solar_candidate":"검토필요","candidate_reason":"도로점용 및 실제 이용형태 추가 검토 필요; 면적 3,395㎡","priority_score":35,"source":"경기부동산포털 국공유지조회·연속지적도","source_date":"2026-08-11","installed_solar_match":false}},{"type":"Feature","id":"4155025023100570006","geometry":{"type":"Point","coordinates":[127.2085339,36.9950284]},"properties":{"pnu":"4155025023100570006","municipality_code":"41550","municipality":"안성시","district":"안성시","locality":"공도읍 신두리","address":"안성시 공도읍 신두리 57-6","owner_type":"국유지","owner_label":"국(건설교통부)","manager":"","property_class":"","land_category":"도로","area_sqm":3386.0,"area_band":"3,000~5,000㎡","interest_category":"도로","solar_candidate":"검토필요","candidate_reason":"도로점용 및 실제 이용형태 추가 검토 필요; 면적 3,386㎡","priority_score":35,"source":"경기부동산포털 국공유지조회·연속지적도","source_date":"2026-08-11","installed_solar_match":false}},{"type":"Feature","id":"4155013300106540000","geometry":{"type":"Point","coordinates":[127.2879939,36.9794171]},"properties":{"pnu":"4155013300106540000","municipality_code":"41550","municipality":"안성시","district":"안성시","locality":"중리동","address":"안성시 중리동 654","owner_type":"국유지","owner_label":"국(농림축산식품부)","manager":"","property_class":"","land_category":"도로","area_sqm":3383.9,"area_band":"3,000~5,000㎡","interest_category":"도로","solar_candidate":"검토필요","candidate_reason":"도로점용 및 실제 이용형태 추가 검토 필요; 면적 3,384㎡","priority_score":35,"source":"경기부동산포털 국공유지조회·연속지적도","source_date":"2026-08-11","installed_solar_match":false}},{"type":"Feature","id":"4155041027106560000","geometry":{"type":"Point","coordinates":[127.3679301,37.0595148]},"properties":{"pnu":"4155041027106560000","municipality_code":"41550","municipality":"안성시","district":"안성시","locality":"삼죽면 진촌리","address":"안성시 삼죽면 진촌리 656","owner_type":"국유지","owner_label":"국(건설부)","manager":"","property_class":"","land_category":"도로","area_sqm":3383.0,"area_band":"3,000~5,000㎡","interest_category":"도로","solar_candidate":"검토필요","candidate_reason":"도로점용 및 실제 이용형태 추가 검토 필요; 면적 3,383㎡","priority_score":35,"source":"경기부동산포털 국공유지조회·연속지적도","source_date":"2026-08-11","installed_solar_match":false}},{"type":"Feature","id":"4155040027112910000","geometry":{"type":"Point","coordinates":[127.4383856,37.046899]},"properties":{"pnu":"4155040027112910000","municipality_code":"41550","municipality":"안성시","district":"안성시","locality":"죽산면 용설리","address":"안성시 죽산면 용설리 1291","owner_type":"국유지","owner_label":"국(건설교통부)","manager":"","property_class":"","land_category":"도로","area_sqm":3382.0,"area_band":"3,000~5,000㎡","interest_category":"도로","solar_candidate":"검토필요","candidate_reason":"도로점용 및 실제 이용형태 추가 검토 필요; 면적 3,382㎡","priority_score":35,"source":"경기부동산포털 국공유지조회·연속지적도","source_date":"2026-08-11","installed_solar_match":false}},{"type":"Feature","id":"4155039033106330012","geometry":{"type":"Point","coordinates":[127.502975,37.0612542]},"properties":{"pnu":"4155039033106330012","municipality_code":"41550","municipality":"안성시","district":"안성시","locality":"일죽면 금산리","address":"안성시 일죽면 금산리 633-12","owner_type":"국유지","owner_label":"국(농림부)","manager":"","property_class":"","land_category":"도로","area_sqm":3378.2,"area_band":"3,000~5,000㎡","interest_category":"도로","solar_candidate":"검토필요","candidate_reason":"도로점용 및 실제 이용형태 추가 검토 필요; 면적 3,378㎡","priority_score":35,"source":"경기부동산포털 국공유지조회·연속지적도","source_date":"2026-08-11","installed_solar_match":false}},{"type":"Feature","id":"4155039029200440001","geometry":{"type":"Point","coordinates":[127.4418963,37.1335428]},"properties":{"pnu":"4155039029200440001","municipality_code":"41550","municipality":"안성시","district":"안성시","locality":"일죽면 고은리","address":"안성시 일죽면 고은리 산44-1","owner_type":"국유지","owner_label":"국(건설부)","manager":"","property_class":"","land_category":"도로","area_sqm":3374.0,"area_band":"3,000~5,000㎡","interest_category":"도로","solar_candidate":"검토필요","candidate_reason":"도로점용 및 실제 이용형태 추가 검토 필요; 면적 3,374㎡","priority_score":35,"source":"경기부동산포털 국공유지조회·연속지적도","source_date":"2026-08-11","installed_solar_match":false}},{"type":"Feature","id":"4155031036200600000","geometry":{"type":"Point","coordinates":[127.318811,37.05219]},"properties":{"pnu":"4155031036200600000","municipality_code":"41550","municipality":"안성시","district":"안성시","locality":"보개면 신안리","address":"안성시 보개면 신안리 산60","owner_type":"국유지","owner_label":"국(건설교통부)","manager":"","property_class":"","land_category":"도로","area_sqm":3373.0,"area_band":"3,000~5,000㎡","interest_category":"도로","solar_candidate":"검토필요","candidate_reason":"도로점용 및 실제 이용형태 추가 검토 필요; 면적 3,373㎡","priority_score":35,"source":"경기부동산포털 국공유지조회·연속지적도","source_date":"2026-08-11","installed_solar_match":false}},{"type":"Feature","id":"4155031023104050000","geometry":{"type":"Point","coordinates":[127.3324871,37.0467317]},"properties":{"pnu":"4155031023104050000","municipality_code":"41550","municipality":"안성시","district":"안성시","locality":"보개면 북좌리","address":"안성시 보개면 북좌리 405","owner_type":"국유지","owner_label":"국(건설부)","manager":"","property_class":"","land_category":"도로","area_sqm":3367.0,"area_band":"3,000~5,000㎡","interest_category":"도로","solar_candidate":"검토필요","candidate_reason":"도로점용 및 실제 이용형태 추가 검토 필요; 면적 3,367㎡","priority_score":35,"source":"경기부동산포털 국공유지조회·연속지적도","source_date":"2026-08-11","installed_solar_match":false}},{"type":"Feature","id":"4155034037106430029","geometry":{"type":"Point","coordinates":[127.2102978,36.9672759]},"properties":{"pnu":"4155034037106430029","municipality_code":"41550","municipality":"안성시","district":"안성시","locality":"미양면 마산리","address":"안성시 미양면 마산리 643-29","owner_type":"국유지","owner_label":"국(농림부)","manager":"","property_class":"","land_category":"도로","area_sqm":3365.9,"area_band":"3,000~5,000㎡","interest_category":"도로","solar_candidate":"검토필요","candidate_reason":"도로점용 및 실제 이용형태 추가 검토 필요; 면적 3,366㎡","priority_score":35,"source":"경기부동산포털 국공유지조회·연속지적도","source_date":"2026-08-11","installed_solar_match":false}},{"type":"Feature","id":"4155038027106540012","geometry":{"type":"Point","coordinates":[127.1483154,37.0091662]},"properties":{"pnu":"4155038027106540012","municipality_code":"41550","municipality":"안성시","district":"안성시","locality":"원곡면 반제리","address":"안성시 원곡면 반제리 654-12","owner_type":"국유지","owner_label":"국(건설부)","manager":"","property_class":"","land_category":"도로","area_sqm":3365.0,"area_band":"3,000~5,000㎡","interest_category":"도로","solar_candidate":"검토필요","candidate_reason":"도로점용 및 실제 이용형태 추가 검토 필요; 면적 3,365㎡","priority_score":35,"source":"경기부동산포털 국공유지조회·연속지적도","source_date":"2026-08-11","installed_solar_match":false}},{"type":"Feature","id":"4155041022111410000","geometry":{"type":"Point","coordinates":[127.3866986,37.0939782]},"properties":{"pnu":"4155041022111410000","municipality_code":"41550","municipality":"안성시","district":"안성시","locality":"삼죽면 율곡리","address":"안성시 삼죽면 율곡리 1141","owner_type":"국유지","owner_label":"국(농림부)","manager":"","property_class":"","land_category":"도로","area_sqm":3364.5,"area_band":"3,000~5,000㎡","interest_category":"도로","solar_candidate":"검토필요","candidate_reason":"도로점용 및 실제 이용형태 추가 검토 필요; 면적 3,364㎡","priority_score":35,"source":"경기부동산포털 국공유지조회·연속지적도","source_date":"2026-08-11","installed_solar_match":false}},{"type":"Feature","id":"4155038021104700000","geometry":{"type":"Point","coordinates":[127.1534723,37.0806335]},"properties":{"pnu":"4155038021104700000","municipality_code":"41550","municipality":"안성시","district":"안성시","locality":"원곡면 성은리","address":"안성시 원곡면 성은리 470","owner_type":"국유지","owner_label":"국(건설교통부)","manager":"","property_class":"","land_category":"도로","area_sqm":3361.0,"area_band":"3,000~5,000㎡","interest_category":"도로","solar_candidate":"검토필요","candidate_reason":"도로점용 및 실제 이용형태 추가 검토 필요; 면적 3,361㎡","priority_score":35,"source":"경기부동산포털 국공유지조회·연속지적도","source_date":"2026-08-11","installed_solar_match":false}},{"type":"Feature","id":"4155031022106830039","geometry":{"type":"Point","coordinates":[127.2875748,37.034272]},"properties":{"pnu":"4155031022106830039","municipality_code":"41550","municipality":"안성시","district":"안성시","locality":"보개면 기좌리","address":"안성시 보개면 기좌리 683-39","owner_type":"국유지","owner_label":"국(건설부)","manager":"","property_class":"","land_category":"도로","area_sqm":3357.0,"area_band":"3,000~5,000㎡","interest_category":"도로","solar_candidate":"검토필요","candidate_reason":"도로점용 및 실제 이용형태 추가 검토 필요; 면적 3,357㎡","priority_score":35,"source":"경기부동산포털 국공유지조회·연속지적도","source_date":"2026-08-11","installed_solar_match":false}},{"type":"Feature","id":"4155042023106590010","geometry":{"type":"Point","coordinates":[127.2526473,37.0684805]},"properties":{"pnu":"4155042023106590010","municipality_code":"41550","municipality":"안성시","district":"안성시","locality":"고삼면 대갈리","address":"안성시 고삼면 대갈리 659-10","owner_type":"국유지","owner_label":"국(농림수산식품부)","manager":"","property_class":"","land_category":"도로","area_sqm":3352.4,"area_band":"3,000~5,000㎡","interest_category":"도로","solar_candidate":"검토필요","candidate_reason":"도로점용 및 실제 이용형태 추가 검토 필요; 면적 3,352㎡","priority_score":35,"source":"경기부동산포털 국공유지조회·연속지적도","source_date":"2026-08-11","installed_solar_match":false}},{"type":"Feature","id":"4155032032107410006","geometry":{"type":"Point","coordinates":[127.3674318,36.9759484]},"properties":{"pnu":"4155032032107410006","municipality_code":"41550","municipality":"안성시","district":"안성시","locality":"금광면 옥정리","address":"안성시 금광면 옥정리 741-6","owner_type":"국유지","owner_label":"국(건설부)","manager":"","property_class":"","land_category":"도로","area_sqm":3352.0,"area_band":"3,000~5,000㎡","interest_category":"도로","solar_candidate":"검토필요","candidate_reason":"도로점용 및 실제 이용형태 추가 검토 필요; 면적 3,352㎡","priority_score":35,"source":"경기부동산포털 국공유지조회·연속지적도","source_date":"2026-08-11","installed_solar_match":false}},{"type":"Feature","id":"4155033033103900000","geometry":{"type":"Point","coordinates":[127.2771041,36.9464558]},"properties":{"pnu":"4155033033103900000","municipality_code":"41550","municipality":"안성시","district":"안성시","locality":"서운면 양촌리","address":"안성시 서운면 양촌리 390","owner_type":"국유지","owner_label":"국(건설부)","manager":"","property_class":"","land_category":"도로","area_sqm":3352.0,"area_band":"3,000~5,000㎡","interest_category":"도로","solar_candidate":"검토필요","candidate_reason":"도로점용 및 실제 이용형태 추가 검토 필요; 면적 3,352㎡","priority_score":35,"source":"경기부동산포털 국공유지조회·연속지적도","source_date":"2026-08-11","installed_solar_match":false}},{"type":"Feature","id":"4155013300106450000","geometry":{"type":"Point","coordinates":[127.2839618,36.9784461]},"properties":{"pnu":"4155013300106450000","municipality_code":"41550","municipality":"안성시","district":"안성시","locality":"중리동","address":"안성시 중리동 645","owner_type":"국유지","owner_label":"국(농림축산식품부)","manager":"","property_class":"","land_category":"도로","area_sqm":3346.0,"area_band":"3,000~5,000㎡","interest_category":"도로","solar_candidate":"검토필요","candidate_reason":"도로점용 및 실제 이용형태 추가 검토 필요; 면적 3,346㎡","priority_score":35,"source":"경기부동산포털 국공유지조회·연속지적도","source_date":"2026-08-11","installed_solar_match":false}},{"type":"Feature","id":"4155036038106150013","geometry":{"type":"Point","coordinates":[127.1832345,37.0285172]},"properties":{"pnu":"4155036038106150013","municipality_code":"41550","municipality":"안성시","district":"안성시","locality":"양성면 방신리","address":"안성시 양성면 방신리 615-13","owner_type":"국유지","owner_label":"국(농림부)","manager":"","property_class":"","land_category":"도로","area_sqm":3343.4,"area_band":"3,000~5,000㎡","interest_category":"도로","solar_candidate":"검토필요","candidate_reason":"도로점용 및 실제 이용형태 추가 검토 필요; 면적 3,343㎡","priority_score":35,"source":"경기부동산포털 국공유지조회·연속지적도","source_date":"2026-08-11","installed_solar_match":false}},{"type":"Feature","id":"4155031024108990000","geometry":{"type":"Point","coordinates":[127.3347218,37.0319065]},"properties":{"pnu":"4155031024108990000","municipality_code":"41550","municipality":"안성시","district":"안성시","locality":"보개면 상삼리","address":"안성시 보개면 상삼리 899","owner_type":"국유지","owner_label":"국(농림축산식품부)","manager":"","property_class":"","land_category":"도로","area_sqm":3342.9,"area_band":"3,000~5,000㎡","interest_category":"도로","solar_candidate":"검토필요","candidate_reason":"도로점용 및 실제 이용형태 추가 검토 필요; 면적 3,343㎡","priority_score":35,"source":"경기부동산포털 국공유지조회·연속지적도","source_date":"2026-08-11","installed_solar_match":false}},{"type":"Feature","id":"4155025026107800002","geometry":{"type":"Point","coordinates":[127.1519095,36.9953898]},"properties":{"pnu":"4155025026107800002","municipality_code":"41550","municipality":"안성시","district":"안성시","locality":"공도읍 승두리","address":"안성시 공도읍 승두리 780-2","owner_type":"국유지","owner_label":"국(건설부)","manager":"","property_class":"","land_category":"도로","area_sqm":3342.0,"area_band":"3,000~5,000㎡","interest_category":"도로","solar_candidate":"검토필요","candidate_reason":"도로점용 및 실제 이용형태 추가 검토 필요; 면적 3,342㎡","priority_score":35,"source":"경기부동산포털 국공유지조회·연속지적도","source_date":"2026-08-11","installed_solar_match":false}},{"type":"Feature","id":"4155011600101590000","geometry":{"type":"Point","coordinates":[127.2693355,37.0085192]},"properties":{"pnu":"4155011600101590000","municipality_code":"41550","municipality":"안성시","district":"안성시","locality":"대천동","address":"안성시 대천동 159","owner_type":"국유지","owner_label":"국(건설부)","manager":"","property_class":"","land_category":"도로","area_sqm":3339.2,"area_band":"3,000~5,000㎡","interest_category":"도로","solar_candidate":"검토필요","candidate_reason":"도로점용 및 실제 이용형태 추가 검토 필요; 면적 3,339㎡","priority_score":35,"source":"경기부동산포털 국공유지조회·연속지적도","source_date":"2026-08-11","installed_solar_match":false}},{"type":"Feature","id":"4155034023107110000","geometry":{"type":"Point","coordinates":[127.1847351,36.9629376]},"properties":{"pnu":"4155034023107110000","municipality_code":"41550","municipality":"안성시","district":"안성시","locality":"미양면 개정리","address":"안성시 미양면 개정리 711","owner_type":"국유지","owner_label":"국(농림축산식품부)","manager":"","property_class":"","land_category":"도로","area_sqm":3337.6,"area_band":"3,000~5,000㎡","interest_category":"도로","solar_candidate":"검토필요","candidate_reason":"도로점용 및 실제 이용형태 추가 검토 필요; 면적 3,338㎡","priority_score":35,"source":"경기부동산포털 국공유지조회·연속지적도","source_date":"2026-08-11","installed_solar_match":false}},{"type":"Feature","id":"4155038022201010006","geometry":{"type":"Point","coordinates":[127.1580141,37.0384096]},"properties":{"pnu":"4155038022201010006","municipality_code":"41550","municipality":"안성시","district":"안성시","locality":"원곡면 칠곡리","address":"안성시 원곡면 칠곡리 산101-6","owner_type":"국유지","owner_label":"국(건설교통부)","manager":"","property_class":"","land_category":"도로","area_sqm":3337.0,"area_band":"3,000~5,000㎡","interest_category":"도로","solar_candidate":"검토필요","candidate_reason":"도로점용 및 실제 이용형태 추가 검토 필요; 면적 3,337㎡","priority_score":35,"source":"경기부동산포털 국공유지조회·연속지적도","source_date":"2026-08-11","installed_solar_match":false}},{"type":"Feature","id":"4155034026103300000","geometry":{"type":"Point","coordinates":[127.2347516,36.9958533]},"properties":{"pnu":"4155034026103300000","municipality_code":"41550","municipality":"안성시","district":"안성시","locality":"미양면 용두리","address":"안성시 미양면 용두리 330","owner_type":"국유지","owner_label":"국(농림수산부)","manager":"","property_class":"","land_category":"도로","area_sqm":3336.0,"area_band":"3,000~5,000㎡","interest_category":"도로","solar_candidate":"검토필요","candidate_reason":"도로점용 및 실제 이용형태 추가 검토 필요; 면적 3,336㎡","priority_score":35,"source":"경기부동산포털 국공유지조회·연속지적도","source_date":"2026-08-11","installed_solar_match":false}},{"type":"Feature","id":"4155039028200430007","geometry":{"type":"Point","coordinates":[127.4656532,37.0882147]},"properties":{"pnu":"4155039028200430007","municipality_code":"41550","municipality":"안성시","district":"안성시","locality":"일죽면 송천리","address":"안성시 일죽면 송천리 산43-7","owner_type":"국유지","owner_label":"국(건설부)","manager":"","property_class":"","land_category":"도로","area_sqm":3332.0,"area_band":"3,000~5,000㎡","interest_category":"도로","solar_candidate":"검토필요","candidate_reason":"도로점용 및 실제 이용형태 추가 검토 필요; 면적 3,332㎡","priority_score":35,"source":"경기부동산포털 국공유지조회·연속지적도","source_date":"2026-08-11","installed_solar_match":false}},{"type":"Feature","id":"4155038024102940000","geometry":{"type":"Point","coordinates":[127.1345537,37.0693031]},"properties":{"pnu":"4155038024102940000","municipality_code":"41550","municipality":"안성시","district":"안성시","locality":"원곡면 산하리","address":"안성시 원곡면 산하리 294","owner_type":"국유지","owner_label":"국(건설부)","manager":"","property_class":"","land_category":"도로","area_sqm":3319.0,"area_band":"3,000~5,000㎡","interest_category":"도로","solar_candidate":"검토필요","candidate_reason":"도로점용 및 실제 이용형태 추가 검토 필요; 면적 3,319㎡","priority_score":35,"source":"경기부동산포털 국공유지조회·연속지적도","source_date":"2026-08-11","installed_solar_match":false}},{"type":"Feature","id":"4155040023113260000","geometry":{"type":"Point","coordinates":[127.438078,37.0737477]},"properties":{"pnu":"4155040023113260000","municipality_code":"41550","municipality":"안성시","district":"안성시","locality":"죽산면 장원리","address":"안성시 죽산면 장원리 1326","owner_type":"국유지","owner_label":"국(농림수산부)","manager":"","property_class":"","land_category":"도로","area_sqm":3319.0,"area_band":"3,000~5,000㎡","interest_category":"도로","solar_candidate":"검토필요","candidate_reason":"도로점용 및 실제 이용형태 추가 검토 필요; 면적 3,319㎡","priority_score":35,"source":"경기부동산포털 국공유지조회·연속지적도","source_date":"2026-08-11","installed_solar_match":false}},{"type":"Feature","id":"4155038024103360001","geometry":{"type":"Point","coordinates":[127.1318737,37.0737787]},"properties":{"pnu":"4155038024103360001","municipality_code":"41550","municipality":"안성시","district":"안성시","locality":"원곡면 산하리","address":"안성시 원곡면 산하리 336-1","owner_type":"국유지","owner_label":"국(건설부)","manager":"","property_class":"","land_category":"도로","area_sqm":3315.0,"area_band":"3,000~5,000㎡","interest_category":"도로","solar_candidate":"검토필요","candidate_reason":"도로점용 및 실제 이용형태 추가 검토 필요; 면적 3,315㎡","priority_score":35,"source":"경기부동산포털 국공유지조회·연속지적도","source_date":"2026-08-11","installed_solar_match":false}},{"type":"Feature","id":"4155025025107230000","geometry":{"type":"Point","coordinates":[127.1675728,37.0140324]},"properties":{"pnu":"4155025025107230000","municipality_code":"41550","municipality":"안성시","district":"안성시","locality":"공도읍 용두리","address":"안성시 공도읍 용두리 723","owner_type":"국유지","owner_label":"국(건설부)","manager":"","property_class":"","land_category":"도로","area_sqm":3314.0,"area_band":"3,000~5,000㎡","interest_category":"도로","solar_candidate":"검토필요","candidate_reason":"도로점용 및 실제 이용형태 추가 검토 필요; 면적 3,314㎡","priority_score":35,"source":"경기부동산포털 국공유지조회·연속지적도","source_date":"2026-08-11","installed_solar_match":false}},{"type":"Feature","id":"4155038025102010020","geometry":{"type":"Point","coordinates":[127.1157033,37.0330966]},"properties":{"pnu":"4155038025102010020","municipality_code":"41550","municipality":"안성시","district":"안성시","locality":"원곡면 내가천리","address":"안성시 원곡면 내가천리 201-20","owner_type":"국유지","owner_label":"국(건설교통부)","manager":"","property_class":"","land_category":"도로","area_sqm":3310.0,"area_band":"3,000~5,000㎡","interest_category":"도로","solar_candidate":"검토필요","candidate_reason":"도로점용 및 실제 이용형태 추가 검토 필요; 면적 3,310㎡","priority_score":35,"source":"경기부동산포털 국공유지조회·연속지적도","source_date":"2026-08-11","installed_solar_match":false}},{"type":"Feature","id":"4155038026102410001","geometry":{"type":"Point","coordinates":[127.1302509,37.034206]},"properties":{"pnu":"4155038026102410001","municipality_code":"41550","municipality":"안성시","district":"안성시","locality":"원곡면 외가천리","address":"안성시 원곡면 외가천리 241-1","owner_type":"국유지","owner_label":"국(건설교통부)","manager":"","property_class":"","land_category":"도로","area_sqm":3306.0,"area_band":"3,000~5,000㎡","interest_category":"도로","solar_candidate":"검토필요","candidate_reason":"도로점용 및 실제 이용형태 추가 검토 필요; 면적 3,306㎡","priority_score":35,"source":"경기부동산포털 국공유지조회·연속지적도","source_date":"2026-08-11","installed_solar_match":false}},{"type":"Feature","id":"4155040027103810000","geometry":{"type":"Point","coordinates":[127.4378929,37.0452527]},"properties":{"pnu":"4155040027103810000","municipality_code":"41550","municipality":"안성시","district":"안성시","locality":"죽산면 용설리","address":"안성시 죽산면 용설리 381","owner_type":"국유지","owner_label":"국(건설교통부)","manager":"","property_class":"","land_category":"도로","area_sqm":3296.0,"area_band":"3,000~5,000㎡","interest_category":"도로","solar_candidate":"검토필요","candidate_reason":"도로점용 및 실제 이용형태 추가 검토 필요; 면적 3,296㎡","priority_score":35,"source":"경기부동산포털 국공유지조회·연속지적도","source_date":"2026-08-11","installed_solar_match":false}},{"type":"Feature","id":"4155025030201200000","geometry":{"type":"Point","coordinates":[127.1935462,37.0195968]},"properties":{"pnu":"4155025030201200000","municipality_code":"41550","municipality":"안성시","district":"안성시","locality":"공도읍 마정리","address":"안성시 공도읍 마정리 산120","owner_type":"국유지","owner_label":"국(건설교통부)","manager":"","property_class":"","land_category":"도로","area_sqm":3292.0,"area_band":"3,000~5,000㎡","interest_category":"도로","solar_candidate":"검토필요","candidate_reason":"도로점용 및 실제 이용형태 추가 검토 필요; 면적 3,292㎡","priority_score":35,"source":"경기부동산포털 국공유지조회·연속지적도","source_date":"2026-08-11","installed_solar_match":false}},{"type":"Feature","id":"4155031034103900000","geometry":{"type":"Point","coordinates":[127.3062974,37.0207339]},"properties":{"pnu":"4155031034103900000","municipality_code":"41550","municipality":"안성시","district":"안성시","locality":"보개면 구사리","address":"안성시 보개면 구사리 390","owner_type":"국유지","owner_label":"국(건설부)","manager":"","property_class":"","land_category":"도로","area_sqm":3288.0,"area_band":"3,000~5,000㎡","interest_category":"도로","solar_candidate":"검토필요","candidate_reason":"도로점용 및 실제 이용형태 추가 검토 필요; 면적 3,288㎡","priority_score":35,"source":"경기부동산포털 국공유지조회·연속지적도","source_date":"2026-08-11","installed_solar_match":false}},{"type":"Feature","id":"4155036027103010004","geometry":{"type":"Point","coordinates":[127.2082322,37.0826271]},"properties":{"pnu":"4155036027103010004","municipality_code":"41550","municipality":"안성시","district":"안성시","locality":"양성면 산정리","address":"안성시 양성면 산정리 301-4","owner_type":"국유지","owner_label":"국(농림부)","manager":"","property_class":"","land_category":"도로","area_sqm":3283.7,"area_band":"3,000~5,000㎡","interest_category":"도로","solar_candidate":"검토필요","candidate_reason":"도로점용 및 실제 이용형태 추가 검토 필요; 면적 3,284㎡","priority_score":35,"source":"경기부동산포털 국공유지조회·연속지적도","source_date":"2026-08-11","installed_solar_match":false}},{"type":"Feature","id":"4155031026110690000","geometry":{"type":"Point","coordinates":[127.3157506,37.0151879]},"properties":{"pnu":"4155031026110690000","municipality_code":"41550","municipality":"안성시","district":"안성시","locality":"보개면 양복리","address":"안성시 보개면 양복리 1069","owner_type":"국유지","owner_label":"국(건설부)","manager":"","property_class":"","land_category":"도로","area_sqm":3276.0,"area_band":"3,000~5,000㎡","interest_category":"도로","solar_candidate":"검토필요","candidate_reason":"도로점용 및 실제 이용형태 추가 검토 필요; 면적 3,276㎡","priority_score":35,"source":"경기부동산포털 국공유지조회·연속지적도","source_date":"2026-08-11","installed_solar_match":false}},{"type":"Feature","id":"4155036036104010000","geometry":{"type":"Point","coordinates":[127.1985288,37.0313235]},"properties":{"pnu":"4155036036104010000","municipality_code":"41550","municipality":"안성시","district":"안성시","locality":"양성면 명목리","address":"안성시 양성면 명목리 401","owner_type":"국유지","owner_label":"국(건설부)","manager":"","property_class":"","land_category":"도로","area_sqm":3272.0,"area_band":"3,000~5,000㎡","interest_category":"도로","solar_candidate":"검토필요","candidate_reason":"도로점용 및 실제 이용형태 추가 검토 필요; 면적 3,272㎡","priority_score":35,"source":"경기부동산포털 국공유지조회·연속지적도","source_date":"2026-08-11","installed_solar_match":false}},{"type":"Feature","id":"4155034024104030000","geometry":{"type":"Point","coordinates":[127.1811741,36.9602981]},"properties":{"pnu":"4155034024104030000","municipality_code":"41550","municipality":"안성시","district":"안성시","locality":"미양면 신계리","address":"안성시 미양면 신계리 403","owner_type":"국유지","owner_label":"국(농림축산식품부)","manager":"","property_class":"","land_category":"도로","area_sqm":3271.8,"area_band":"3,000~5,000㎡","interest_category":"도로","solar_candidate":"검토필요","candidate_reason":"도로점용 및 실제 이용형태 추가 검토 필요; 면적 3,272㎡","priority_score":35,"source":"경기부동산포털 국공유지조회·연속지적도","source_date":"2026-08-11","installed_solar_match":false}},{"type":"Feature","id":"4155036037104810012","geometry":{"type":"Point","coordinates":[127.2129179,37.0250026]},"properties":{"pnu":"4155036037104810012","municipality_code":"41550","municipality":"안성시","district":"안성시","locality":"양성면 삼암리","address":"안성시 양성면 삼암리 481-12","owner_type":"국유지","owner_label":"국(농림부)","manager":"","property_class":"","land_category":"도로","area_sqm":3271.2,"area_band":"3,000~5,000㎡","interest_category":"도로","solar_candidate":"검토필요","candidate_reason":"도로점용 및 실제 이용형태 추가 검토 필요; 면적 3,271㎡","priority_score":35,"source":"경기부동산포털 국공유지조회·연속지적도","source_date":"2026-08-11","installed_solar_match":false}},{"type":"Feature","id":"4155031022106830008","geometry":{"type":"Point","coordinates":[127.29045,37.0414583]},"properties":{"pnu":"4155031022106830008","municipality_code":"41550","municipality":"안성시","district":"안성시","locality":"보개면 기좌리","address":"안성시 보개면 기좌리 683-8","owner_type":"국유지","owner_label":"국(건설부)","manager":"","property_class":"","land_category":"도로","area_sqm":3269.0,"area_band":"3,000~5,000㎡","interest_category":"도로","solar_candidate":"검토필요","candidate_reason":"도로점용 및 실제 이용형태 추가 검토 필요; 면적 3,269㎡","priority_score":35,"source":"경기부동산포털 국공유지조회·연속지적도","source_date":"2026-08-11","installed_solar_match":false}},{"type":"Feature","id":"4155035030104980001","geometry":{"type":"Point","coordinates":[127.2200554,36.9906196]},"properties":{"pnu":"4155035030104980001","municipality_code":"41550","municipality":"안성시","district":"안성시","locality":"대덕면 죽리","address":"안성시 대덕면 죽리 498-1","owner_type":"국유지","owner_label":"국(건설교통부)","manager":"","property_class":"","land_category":"도로","area_sqm":3268.0,"area_band":"3,000~5,000㎡","interest_category":"도로","solar_candidate":"검토필요","candidate_reason":"도로점용 및 실제 이용형태 추가 검토 필요; 면적 3,268㎡","priority_score":35,"source":"경기부동산포털 국공유지조회·연속지적도","source_date":"2026-08-11","installed_solar_match":false}},{"type":"Feature","id":"4155038025102160031","geometry":{"type":"Point","coordinates":[127.1061253,37.0352057]},"properties":{"pnu":"4155038025102160031","municipality_code":"41550","municipality":"안성시","district":"안성시","locality":"원곡면 내가천리","address":"안성시 원곡면 내가천리 216-31","owner_type":"국유지","owner_label":"국(건설교통부)","manager":"","property_class":"","land_category":"도로","area_sqm":3266.0,"area_band":"3,000~5,000㎡","interest_category":"도로","solar_candidate":"검토필요","candidate_reason":"도로점용 및 실제 이용형태 추가 검토 필요; 면적 3,266㎡","priority_score":35,"source":"경기부동산포털 국공유지조회·연속지적도","source_date":"2026-08-11","installed_solar_match":false}},{"type":"Feature","id":"4155032028113800000","geometry":{"type":"Point","coordinates":[127.3668266,37.0004744]},"properties":{"pnu":"4155032028113800000","municipality_code":"41550","municipality":"안성시","district":"안성시","locality":"금광면 사흥리","address":"안성시 금광면 사흥리 1380","owner_type":"국유지","owner_label":"국(건설부)","manager":"","property_class":"","land_category":"도로","area_sqm":3260.0,"area_band":"3,000~5,000㎡","interest_category":"도로","solar_candidate":"검토필요","candidate_reason":"도로점용 및 실제 이용형태 추가 검토 필요; 면적 3,260㎡","priority_score":35,"source":"경기부동산포털 국공유지조회·연속지적도","source_date":"2026-08-11","installed_solar_match":false}},{"type":"Feature","id":"4155039021103820003","geometry":{"type":"Point","coordinates":[127.4501051,37.0912202]},"properties":{"pnu":"4155039021103820003","municipality_code":"41550","municipality":"안성시","district":"안성시","locality":"일죽면 월정리","address":"안성시 일죽면 월정리 382-3","owner_type":"국유지","owner_label":"국(건설부)","manager":"","property_class":"","land_category":"도로","area_sqm":3260.0,"area_band":"3,000~5,000㎡","interest_category":"도로","solar_candidate":"검토필요","candidate_reason":"도로점용 및 실제 이용형태 추가 검토 필요; 면적 3,260㎡","priority_score":35,"source":"경기부동산포털 국공유지조회·연속지적도","source_date":"2026-08-11","installed_solar_match":false}},{"type":"Feature","id":"4155040027113040000","geometry":{"type":"Point","coordinates":[127.4314849,37.0480146]},"properties":{"pnu":"4155040027113040000","municipality_code":"41550","municipality":"안성시","district":"안성시","locality":"죽산면 용설리","address":"안성시 죽산면 용설리 1304","owner_type":"국유지","owner_label":"국(건설교통부)","manager":"","property_class":"","land_category":"도로","area_sqm":3260.0,"area_band":"3,000~5,000㎡","interest_category":"도로","solar_candidate":"검토필요","candidate_reason":"도로점용 및 실제 이용형태 추가 검토 필요; 면적 3,260㎡","priority_score":35,"source":"경기부동산포털 국공유지조회·연속지적도","source_date":"2026-08-11","installed_solar_match":false}},{"type":"Feature","id":"4155036025102080013","geometry":{"type":"Point","coordinates":[127.208254,37.0705739]},"properties":{"pnu":"4155036025102080013","municipality_code":"41550","municipality":"안성시","district":"안성시","locality":"양성면 조일리","address":"안성시 양성면 조일리 208-13","owner_type":"국유지","owner_label":"국(농림축산식품부)","manager":"","property_class":"","land_category":"도로","area_sqm":3259.9,"area_band":"3,000~5,000㎡","interest_category":"도로","solar_candidate":"검토필요","candidate_reason":"도로점용 및 실제 이용형태 추가 검토 필요; 면적 3,260㎡","priority_score":35,"source":"경기부동산포털 국공유지조회·연속지적도","source_date":"2026-08-11","installed_solar_match":false}},{"type":"Feature","id":"4155039029111610012","geometry":{"type":"Point","coordinates":[127.4394032,37.1315055]},"properties":{"pnu":"4155039029111610012","municipality_code":"41550","municipality":"안성시","district":"안성시","locality":"일죽면 고은리","address":"안성시 일죽면 고은리 1161-12","owner_type":"국유지","owner_label":"국(농림부)","manager":"","property_class":"","land_category":"도로","area_sqm":3253.6,"area_band":"3,000~5,000㎡","interest_category":"도로","solar_candidate":"검토필요","candidate_reason":"도로점용 및 실제 이용형태 추가 검토 필요; 면적 3,254㎡","priority_score":35,"source":"경기부동산포털 국공유지조회·연속지적도","source_date":"2026-08-11","installed_solar_match":false}},{"type":"Feature","id":"4155025021103620002","geometry":{"type":"Point","coordinates":[127.2003967,37.0006528]},"properties":{"pnu":"4155025021103620002","municipality_code":"41550","municipality":"안성시","district":"안성시","locality":"공도읍 양기리","address":"안성시 공도읍 양기리 362-2","owner_type":"국유지","owner_label":"국(건설교통부)","manager":"","property_class":"","land_category":"도로","area_sqm":3253.0,"area_band":"3,000~5,000㎡","interest_category":"도로","solar_candidate":"검토필요","candidate_reason":"도로점용 및 실제 이용형태 추가 검토 필요; 면적 3,253㎡","priority_score":35,"source":"경기부동산포털 국공유지조회·연속지적도","source_date":"2026-08-11","installed_solar_match":false}},{"type":"Feature","id":"4155039027110190000","geometry":{"type":"Point","coordinates":[127.435971,37.1308311]},"properties":{"pnu":"4155039027110190000","municipality_code":"41550","municipality":"안성시","district":"안성시","locality":"일죽면 방초리","address":"안성시 일죽면 방초리 1019","owner_type":"국유지","owner_label":"국(건설부)","manager":"","property_class":"","land_category":"도로","area_sqm":3251.0,"area_band":"3,000~5,000㎡","interest_category":"도로","solar_candidate":"검토필요","candidate_reason":"도로점용 및 실제 이용형태 추가 검토 필요; 면적 3,251㎡","priority_score":35,"source":"경기부동산포털 국공유지조회·연속지적도","source_date":"2026-08-11","installed_solar_match":false}},{"type":"Feature","id":"4155033028101790001","geometry":{"type":"Point","coordinates":[127.2434035,36.9198466]},"properties":{"pnu":"4155033028101790001","municipality_code":"41550","municipality":"안성시","district":"안성시","locality":"서운면 신흥리","address":"안성시 서운면 신흥리 179-1","owner_type":"국유지","owner_label":"국(건설교통부)","manager":"","property_class":"","land_category":"도로","area_sqm":3248.0,"area_band":"3,000~5,000㎡","interest_category":"도로","solar_candidate":"검토필요","candidate_reason":"도로점용 및 실제 이용형태 추가 검토 필요; 면적 3,248㎡","priority_score":35,"source":"경기부동산포털 국공유지조회·연속지적도","source_date":"2026-08-11","installed_solar_match":false}},{"type":"Feature","id":"4155036036200520000","geometry":{"type":"Point","coordinates":[127.1959742,37.0345586]},"properties":{"pnu":"4155036036200520000","municipality_code":"41550","municipality":"안성시","district":"안성시","locality":"양성면 명목리","address":"안성시 양성면 명목리 산52","owner_type":"국유지","owner_label":"국(건설부)","manager":"","property_class":"","land_category":"도로","area_sqm":3242.0,"area_band":"3,000~5,000㎡","interest_category":"도로","solar_candidate":"검토필요","candidate_reason":"도로점용 및 실제 이용형태 추가 검토 필요; 면적 3,242㎡","priority_score":35,"source":"경기부동산포털 국공유지조회·연속지적도","source_date":"2026-08-11","installed_solar_match":false}},{"type":"Feature","id":"4155040023109930005","geometry":{"type":"Point","coordinates":[127.4144986,37.0666417]},"properties":{"pnu":"4155040023109930005","municipality_code":"41550","municipality":"안성시","district":"안성시","locality":"죽산면 장원리","address":"안성시 죽산면 장원리 993-5","owner_type":"국유지","owner_label":"국(농림수산부)","manager":"","property_class":"","land_category":"도로","area_sqm":3239.0,"area_band":"3,000~5,000㎡","interest_category":"도로","solar_candidate":"검토필요","candidate_reason":"도로점용 및 실제 이용형태 추가 검토 필요; 면적 3,239㎡","priority_score":35,"source":"경기부동산포털 국공유지조회·연속지적도","source_date":"2026-08-11","installed_solar_match":false}},{"type":"Feature","id":"4155041021105820003","geometry":{"type":"Point","coordinates":[127.3909304,37.0888612]},"properties":{"pnu":"4155041021105820003","municipality_code":"41550","municipality":"안성시","district":"안성시","locality":"삼죽면 내장리","address":"안성시 삼죽면 내장리 582-3","owner_type":"국유지","owner_label":"국(건설교통부)","manager":"","property_class":"","land_category":"도로","area_sqm":3236.0,"area_band":"3,000~5,000㎡","interest_category":"도로","solar_candidate":"검토필요","candidate_reason":"도로점용 및 실제 이용형태 추가 검토 필요; 면적 3,236㎡","priority_score":35,"source":"경기부동산포털 국공유지조회·연속지적도","source_date":"2026-08-11","installed_solar_match":false}},{"type":"Feature","id":"4155033021104720000","geometry":{"type":"Point","coordinates":[127.2621873,36.9389536]},"properties":{"pnu":"4155033021104720000","municipality_code":"41550","municipality":"안성시","district":"안성시","locality":"서운면 인리","address":"안성시 서운면 인리 472","owner_type":"국유지","owner_label":"국(건설교통부)","manager":"","property_class":"","land_category":"도로","area_sqm":3234.5,"area_band":"3,000~5,000㎡","interest_category":"도로","solar_candidate":"검토필요","candidate_reason":"도로점용 및 실제 이용형태 추가 검토 필요; 면적 3,234㎡","priority_score":35,"source":"경기부동산포털 국공유지조회·연속지적도","source_date":"2026-08-11","installed_solar_match":false}},{"type":"Feature","id":"4155042026200950000","geometry":{"type":"Point","coordinates":[127.2791133,37.0699218]},"properties":{"pnu":"4155042026200950000","municipality_code":"41550","municipality":"안성시","district":"안성시","locality":"고삼면 봉산리","address":"안성시 고삼면 봉산리 산95","owner_type":"국유지","owner_label":"국(건설교통부)","manager":"","property_class":"","land_category":"도로","area_sqm":3234.0,"area_band":"3,000~5,000㎡","interest_category":"도로","solar_candidate":"검토필요","candidate_reason":"도로점용 및 실제 이용형태 추가 검토 필요; 면적 3,234㎡","priority_score":35,"source":"경기부동산포털 국공유지조회·연속지적도","source_date":"2026-08-11","installed_solar_match":false}},{"type":"Feature","id":"4155038025102160033","geometry":{"type":"Point","coordinates":[127.1090855,37.034905]},"properties":{"pnu":"4155038025102160033","municipality_code":"41550","municipality":"안성시","district":"안성시","locality":"원곡면 내가천리","address":"안성시 원곡면 내가천리 216-33","owner_type":"국유지","owner_label":"국(건설교통부)","manager":"","property_class":"","land_category":"도로","area_sqm":3230.0,"area_band":"3,000~5,000㎡","interest_category":"도로","solar_candidate":"검토필요","candidate_reason":"도로점용 및 실제 이용형태 추가 검토 필요; 면적 3,230㎡","priority_score":35,"source":"경기부동산포털 국공유지조회·연속지적도","source_date":"2026-08-11","installed_solar_match":false}},{"type":"Feature","id":"4155012700102230002","geometry":{"type":"Point","coordinates":[127.2856455,37.0041636]},"properties":{"pnu":"4155012700102230002","municipality_code":"41550","municipality":"안성시","district":"안성시","locality":"가현동","address":"안성시 가현동 223-2","owner_type":"국유지","owner_label":"국(건설부)","manager":"","property_class":"","land_category":"도로","area_sqm":3229.0,"area_band":"3,000~5,000㎡","interest_category":"도로","solar_candidate":"검토필요","candidate_reason":"도로점용 및 실제 이용형태 추가 검토 필요; 면적 3,229㎡","priority_score":35,"source":"경기부동산포털 국공유지조회·연속지적도","source_date":"2026-08-11","installed_solar_match":false}},{"type":"Feature","id":"4155038027107230000","geometry":{"type":"Point","coordinates":[127.1565713,37.032499]},"properties":{"pnu":"4155038027107230000","municipality_code":"41550","municipality":"안성시","district":"안성시","locality":"원곡면 반제리","address":"안성시 원곡면 반제리 723","owner_type":"국유지","owner_label":"국(건설교통부)","manager":"","property_class":"","land_category":"도로","area_sqm":3229.0,"area_band":"3,000~5,000㎡","interest_category":"도로","solar_candidate":"검토필요","candidate_reason":"도로점용 및 실제 이용형태 추가 검토 필요; 면적 3,229㎡","priority_score":35,"source":"경기부동산포털 국공유지조회·연속지적도","source_date":"2026-08-11","installed_solar_match":false}},{"type":"Feature","id":"4155039029201310005","geometry":{"type":"Point","coordinates":[127.4452075,37.1116455]},"properties":{"pnu":"4155039029201310005","municipality_code":"41550","municipality":"안성시","district":"안성시","locality":"일죽면 고은리","address":"안성시 일죽면 고은리 산131-5","owner_type":"국유지","owner_label":"국(건설부)","manager":"","property_class":"","land_category":"도로","area_sqm":3229.0,"area_band":"3,000~5,000㎡","interest_category":"도로","solar_candidate":"검토필요","candidate_reason":"도로점용 및 실제 이용형태 추가 검토 필요; 면적 3,229㎡","priority_score":35,"source":"경기부동산포털 국공유지조회·연속지적도","source_date":"2026-08-11","installed_solar_match":false}},{"type":"Feature","id":"4155041023105340000","geometry":{"type":"Point","coordinates":[127.3948523,37.0738712]},"properties":{"pnu":"4155041023105340000","municipality_code":"41550","municipality":"안성시","district":"안성시","locality":"삼죽면 용월리","address":"안성시 삼죽면 용월리 534","owner_type":"국유지","owner_label":"국(건설교통부)","manager":"","property_class":"","land_category":"도로","area_sqm":3227.0,"area_band":"3,000~5,000㎡","interest_category":"도로","solar_candidate":"검토필요","candidate_reason":"도로점용 및 실제 이용형태 추가 검토 필요; 면적 3,227㎡","priority_score":35,"source":"경기부동산포털 국공유지조회·연속지적도","source_date":"2026-08-11","installed_solar_match":false}},{"type":"Feature","id":"4155039033106300009","geometry":{"type":"Point","coordinates":[127.5034965,37.0661907]},"properties":{"pnu":"4155039033106300009","municipality_code":"41550","municipality":"안성시","district":"안성시","locality":"일죽면 금산리","address":"안성시 일죽면 금산리 630-9","owner_type":"국유지","owner_label":"국(농림부)","manager":"","property_class":"","land_category":"도로","area_sqm":3225.3,"area_band":"3,000~5,000㎡","interest_category":"도로","solar_candidate":"검토필요","candidate_reason":"도로점용 및 실제 이용형태 추가 검토 필요; 면적 3,225㎡","priority_score":35,"source":"경기부동산포털 국공유지조회·연속지적도","source_date":"2026-08-11","installed_solar_match":false}},{"type":"Feature","id":"4155032032200940000","geometry":{"type":"Point","coordinates":[127.3913448,36.9752512]},"properties":{"pnu":"4155032032200940000","municipality_code":"41550","municipality":"안성시","district":"안성시","locality":"금광면 옥정리","address":"안성시 금광면 옥정리 산94","owner_type":"국유지","owner_label":"국(건설교통부)","manager":"","property_class":"","land_category":"도로","area_sqm":3225.0,"area_band":"3,000~5,000㎡","interest_category":"도로","solar_candidate":"검토필요","candidate_reason":"도로점용 및 실제 이용형태 추가 검토 필요; 면적 3,225㎡","priority_score":35,"source":"경기부동산포털 국공유지조회·연속지적도","source_date":"2026-08-11","installed_solar_match":false}},{"type":"Feature","id":"4155035021104500005","geometry":{"type":"Point","coordinates":[127.2571872,37.0324207]},"properties":{"pnu":"4155035021104500005","municipality_code":"41550","municipality":"안성시","district":"안성시","locality":"대덕면 소현리","address":"안성시 대덕면 소현리 450-5","owner_type":"국유지","owner_label":"국(건설교통부)","manager":"","property_class":"","land_category":"도로","area_sqm":3225.0,"area_band":"3,000~5,000㎡","interest_category":"도로","solar_candidate":"검토필요","candidate_reason":"도로점용 및 실제 이용형태 추가 검토 필요; 면적 3,225㎡","priority_score":35,"source":"경기부동산포털 국공유지조회·연속지적도","source_date":"2026-08-11","installed_solar_match":false}},{"type":"Feature","id":"4155034033101560005","geometry":{"type":"Point","coordinates":[127.2484699,36.9767046]},"properties":{"pnu":"4155034033101560005","municipality_code":"41550","municipality":"안성시","district":"안성시","locality":"미양면 보체리","address":"안성시 미양면 보체리 156-5","owner_type":"국유지","owner_label":"국(건설교통부)","manager":"","property_class":"","land_category":"도로","area_sqm":3217.0,"area_band":"3,000~5,000㎡","interest_category":"도로","solar_candidate":"검토필요","candidate_reason":"도로점용 및 실제 이용형태 추가 검토 필요; 면적 3,217㎡","priority_score":35,"source":"경기부동산포털 국공유지조회·연속지적도","source_date":"2026-08-11","installed_solar_match":false}},{"type":"Feature","id":"4155036033109170000","geometry":{"type":"Point","coordinates":[127.2300545,37.0674699]},"properties":{"pnu":"4155036033109170000","municipality_code":"41550","municipality":"안성시","district":"안성시","locality":"양성면 방축리","address":"안성시 양성면 방축리 917","owner_type":"국유지","owner_label":"국(농림수산부)","manager":"","property_class":"","land_category":"도로","area_sqm":3216.0,"area_band":"3,000~5,000㎡","interest_category":"도로","solar_candidate":"검토필요","candidate_reason":"도로점용 및 실제 이용형태 추가 검토 필요; 면적 3,216㎡","priority_score":35,"source":"경기부동산포털 국공유지조회·연속지적도","source_date":"2026-08-11","installed_solar_match":false}},{"type":"Feature","id":"4155032022106870000","geometry":{"type":"Point","coordinates":[127.2923281,36.9900721]},"properties":{"pnu":"4155032022106870000","municipality_code":"41550","municipality":"안성시","district":"안성시","locality":"금광면 개산리","address":"안성시 금광면 개산리 687","owner_type":"국유지","owner_label":"국(농림축산식품부)","manager":"","property_class":"","land_category":"도로","area_sqm":3213.6,"area_band":"3,000~5,000㎡","interest_category":"도로","solar_candidate":"검토필요","candidate_reason":"도로점용 및 실제 이용형태 추가 검토 필요; 면적 3,214㎡","priority_score":35,"source":"경기부동산포털 국공유지조회·연속지적도","source_date":"2026-08-11","installed_solar_match":false}},{"type":"Feature","id":"4155041026105980000","geometry":{"type":"Point","coordinates":[127.3688516,37.072675]},"properties":{"pnu":"4155041026105980000","municipality_code":"41550","municipality":"안성시","district":"안성시","locality":"삼죽면 내강리","address":"안성시 삼죽면 내강리 598","owner_type":"국유지","owner_label":"국(건설부)","manager":"","property_class":"","land_category":"도로","area_sqm":3213.0,"area_band":"3,000~5,000㎡","interest_category":"도로","solar_candidate":"검토필요","candidate_reason":"도로점용 및 실제 이용형태 추가 검토 필요; 면적 3,213㎡","priority_score":35,"source":"경기부동산포털 국공유지조회·연속지적도","source_date":"2026-08-11","installed_solar_match":false}},{"type":"Feature","id":"4155038025102160030","geometry":{"type":"Point","coordinates":[127.1061247,37.0356261]},"properties":{"pnu":"4155038025102160030","municipality_code":"41550","municipality":"안성시","district":"안성시","locality":"원곡면 내가천리","address":"안성시 원곡면 내가천리 216-30","owner_type":"국유지","owner_label":"국(건설교통부)","manager":"","property_class":"","land_category":"도로","area_sqm":3212.0,"area_band":"3,000~5,000㎡","interest_category":"도로","solar_candidate":"검토필요","candidate_reason":"도로점용 및 실제 이용형태 추가 검토 필요; 면적 3,212㎡","priority_score":35,"source":"경기부동산포털 국공유지조회·연속지적도","source_date":"2026-08-11","installed_solar_match":false}},{"type":"Feature","id":"4155038024107840000","geometry":{"type":"Point","coordinates":[127.1348187,37.072216]},"properties":{"pnu":"4155038024107840000","municipality_code":"41550","municipality":"안성시","district":"안성시","locality":"원곡면 산하리","address":"안성시 원곡면 산하리 784","owner_type":"국유지","owner_label":"국(기획재정부)","manager":"","property_class":"","land_category":"도로","area_sqm":3211.0,"area_band":"3,000~5,000㎡","interest_category":"도로","solar_candidate":"검토필요","candidate_reason":"도로점용 및 실제 이용형태 추가 검토 필요; 면적 3,211㎡","priority_score":35,"source":"경기부동산포털 국공유지조회·연속지적도","source_date":"2026-08-11","installed_solar_match":false}},{"type":"Feature","id":"4155035028106680008","geometry":{"type":"Point","coordinates":[127.2203775,37.0027299]},"properties":{"pnu":"4155035028106680008","municipality_code":"41550","municipality":"안성시","district":"안성시","locality":"대덕면 내리","address":"안성시 대덕면 내리 668-8","owner_type":"국유지","owner_label":"국(농림축산식품부)","manager":"","property_class":"","land_category":"도로","area_sqm":3205.0,"area_band":"3,000~5,000㎡","interest_category":"도로","solar_candidate":"검토필요","candidate_reason":"도로점용 및 실제 이용형태 추가 검토 필요; 면적 3,205㎡","priority_score":35,"source":"경기부동산포털 국공유지조회·연속지적도","source_date":"2026-08-11","installed_solar_match":false}},{"type":"Feature","id":"4155034033200020001","geometry":{"type":"Point","coordinates":[127.2488712,36.9772491]},"properties":{"pnu":"4155034033200020001","municipality_code":"41550","municipality":"안성시","district":"안성시","locality":"미양면 보체리","address":"안성시 미양면 보체리 산2-1","owner_type":"국유지","owner_label":"국(건설교통부)","manager":"","property_class":"","land_category":"도로","area_sqm":3204.0,"area_band":"3,000~5,000㎡","interest_category":"도로","solar_candidate":"검토필요","candidate_reason":"도로점용 및 실제 이용형태 추가 검토 필요; 면적 3,204㎡","priority_score":35,"source":"경기부동산포털 국공유지조회·연속지적도","source_date":"2026-08-11","installed_solar_match":false}},{"type":"Feature","id":"4155025027108110000","geometry":{"type":"Point","coordinates":[127.1493503,36.9767308]},"properties":{"pnu":"4155025027108110000","municipality_code":"41550","municipality":"안성시","district":"안성시","locality":"공도읍 건천리","address":"안성시 공도읍 건천리 811","owner_type":"국유지","owner_label":"국(농림축산식품부)","manager":"","property_class":"","land_category":"도로","area_sqm":3200.5,"area_band":"3,000~5,000㎡","interest_category":"도로","solar_candidate":"검토필요","candidate_reason":"도로점용 및 실제 이용형태 추가 검토 필요; 면적 3,200㎡","priority_score":35,"source":"경기부동산포털 국공유지조회·연속지적도","source_date":"2026-08-11","installed_solar_match":false}},{"type":"Feature","id":"4155039034100320000","geometry":{"type":"Point","coordinates":[127.4717408,37.0807773]},"properties":{"pnu":"4155039034100320000","municipality_code":"41550","municipality":"안성시","district":"안성시","locality":"일죽면 장암리","address":"안성시 일죽면 장암리 32","owner_type":"국유지","owner_label":"국(농림수산부)","manager":"","property_class":"","land_category":"도로","area_sqm":3199.0,"area_band":"3,000~5,000㎡","interest_category":"도로","solar_candidate":"검토필요","candidate_reason":"도로점용 및 실제 이용형태 추가 검토 필요; 면적 3,199㎡","priority_score":35,"source":"경기부동산포털 국공유지조회·연속지적도","source_date":"2026-08-11","installed_solar_match":false}},{"type":"Feature","id":"4155036025102040008","geometry":{"type":"Point","coordinates":[127.2157251,37.0716805]},"properties":{"pnu":"4155036025102040008","municipality_code":"41550","municipality":"안성시","district":"안성시","locality":"양성면 조일리","address":"안성시 양성면 조일리 204-8","owner_type":"국유지","owner_label":"국(농림축산식품부)","manager":"","property_class":"","land_category":"도로","area_sqm":3192.6,"area_band":"3,000~5,000㎡","interest_category":"도로","solar_candidate":"검토필요","candidate_reason":"도로점용 및 실제 이용형태 추가 검토 필요; 면적 3,193㎡","priority_score":35,"source":"경기부동산포털 국공유지조회·연속지적도","source_date":"2026-08-11","installed_solar_match":false}},{"type":"Feature","id":"4155034027106280000","geometry":{"type":"Point","coordinates":[127.2170093,36.9496079]},"properties":{"pnu":"4155034027106280000","municipality_code":"41550","municipality":"안성시","district":"안성시","locality":"미양면 고지리","address":"안성시 미양면 고지리 628","owner_type":"국유지","owner_label":"국(농림수산부)","manager":"","property_class":"","land_category":"도로","area_sqm":3191.0,"area_band":"3,000~5,000㎡","interest_category":"도로","solar_candidate":"검토필요","candidate_reason":"도로점용 및 실제 이용형태 추가 검토 필요; 면적 3,191㎡","priority_score":35,"source":"경기부동산포털 국공유지조회·연속지적도","source_date":"2026-08-11","installed_solar_match":false}},{"type":"Feature","id":"4155041022109910009","geometry":{"type":"Point","coordinates":[127.3705154,37.092572]},"properties":{"pnu":"4155041022109910009","municipality_code":"41550","municipality":"안성시","district":"안성시","locality":"삼죽면 율곡리","address":"안성시 삼죽면 율곡리 991-9","owner_type":"국유지","owner_label":"국(농림부)","manager":"","property_class":"","land_category":"도로","area_sqm":3187.3,"area_band":"3,000~5,000㎡","interest_category":"도로","solar_candidate":"검토필요","candidate_reason":"도로점용 및 실제 이용형태 추가 검토 필요; 면적 3,187㎡","priority_score":35,"source":"경기부동산포털 국공유지조회·연속지적도","source_date":"2026-08-11","installed_solar_match":false}},{"type":"Feature","id":"4155039031108670000","geometry":{"type":"Point","coordinates":[127.485539,37.1143525]},"properties":{"pnu":"4155039031108670000","municipality_code":"41550","municipality":"안성시","district":"안성시","locality":"일죽면 능국리","address":"안성시 일죽면 능국리 867","owner_type":"국유지","owner_label":"국(건설교통부)","manager":"","property_class":"","land_category":"도로","area_sqm":3184.0,"area_band":"3,000~5,000㎡","interest_category":"도로","solar_candidate":"검토필요","candidate_reason":"도로점용 및 실제 이용형태 추가 검토 필요; 면적 3,184㎡","priority_score":35,"source":"경기부동산포털 국공유지조회·연속지적도","source_date":"2026-08-11","installed_solar_match":false}},{"type":"Feature","id":"4155032032102650001","geometry":{"type":"Point","coordinates":[127.3798059,36.9750299]},"properties":{"pnu":"4155032032102650001","municipality_code":"41550","municipality":"안성시","district":"안성시","locality":"금광면 옥정리","address":"안성시 금광면 옥정리 265-1","owner_type":"국유지","owner_label":"국(건설교통부)","manager":"","property_class":"","land_category":"도로","area_sqm":3183.0,"area_band":"3,000~5,000㎡","interest_category":"도로","solar_candidate":"검토필요","candidate_reason":"도로점용 및 실제 이용형태 추가 검토 필요; 면적 3,183㎡","priority_score":35,"source":"경기부동산포털 국공유지조회·연속지적도","source_date":"2026-08-11","installed_solar_match":false}},{"type":"Feature","id":"4155039028100430004","geometry":{"type":"Point","coordinates":[127.474262,37.0941558]},"properties":{"pnu":"4155039028100430004","municipality_code":"41550","municipality":"안성시","district":"안성시","locality":"일죽면 송천리","address":"안성시 일죽면 송천리 43-4","owner_type":"국유지","owner_label":"국(건설부)","manager":"","property_class":"","land_category":"도로","area_sqm":3183.0,"area_band":"3,000~5,000㎡","interest_category":"도로","solar_candidate":"검토필요","candidate_reason":"도로점용 및 실제 이용형태 추가 검토 필요; 면적 3,183㎡","priority_score":35,"source":"경기부동산포털 국공유지조회·연속지적도","source_date":"2026-08-11","installed_solar_match":false}},{"type":"Feature","id":"4155012600101660000","geometry":{"type":"Point","coordinates":[127.2849154,37.0110107]},"properties":{"pnu":"4155012600101660000","municipality_code":"41550","municipality":"안성시","district":"안성시","locality":"가사동","address":"안성시 가사동 166","owner_type":"국유지","owner_label":"국(건설부)","manager":"","property_class":"","land_category":"도로","area_sqm":3181.0,"area_band":"3,000~5,000㎡","interest_category":"도로","solar_candidate":"검토필요","candidate_reason":"도로점용 및 실제 이용형태 추가 검토 필요; 면적 3,181㎡","priority_score":35,"source":"경기부동산포털 국공유지조회·연속지적도","source_date":"2026-08-11","installed_solar_match":false}},{"type":"Feature","id":"4155038026101530007","geometry":{"type":"Point","coordinates":[127.1373468,37.0418181]},"properties":{"pnu":"4155038026101530007","municipality_code":"41550","municipality":"안성시","district":"안성시","locality":"원곡면 외가천리","address":"안성시 원곡면 외가천리 153-7","owner_type":"국유지","owner_label":"국(건설부)","manager":"","property_class":"","land_category":"도로","area_sqm":3178.0,"area_band":"3,000~5,000㎡","interest_category":"도로","solar_candidate":"검토필요","candidate_reason":"도로점용 및 실제 이용형태 추가 검토 필요; 면적 3,178㎡","priority_score":35,"source":"경기부동산포털 국공유지조회·연속지적도","source_date":"2026-08-11","installed_solar_match":false}},{"type":"Feature","id":"4155039032101400005","geometry":{"type":"Point","coordinates":[127.4785995,37.0970438]},"properties":{"pnu":"4155039032101400005","municipality_code":"41550","municipality":"안성시","district":"안성시","locality":"일죽면 신흥리","address":"안성시 일죽면 신흥리 140-5","owner_type":"국유지","owner_label":"국(건설부)","manager":"","property_class":"","land_category":"도로","area_sqm":3174.0,"area_band":"3,000~5,000㎡","interest_category":"도로","solar_candidate":"검토필요","candidate_reason":"도로점용 및 실제 이용형태 추가 검토 필요; 면적 3,174㎡","priority_score":35,"source":"경기부동산포털 국공유지조회·연속지적도","source_date":"2026-08-11","installed_solar_match":false}},{"type":"Feature","id":"4155040027103580000","geometry":{"type":"Point","coordinates":[127.4379086,37.0412432]},"properties":{"pnu":"4155040027103580000","municipality_code":"41550","municipality":"안성시","district":"안성시","locality":"죽산면 용설리","address":"안성시 죽산면 용설리 358","owner_type":"국유지","owner_label":"국(건설교통부)","manager":"","property_class":"","land_category":"도로","area_sqm":3174.0,"area_band":"3,000~5,000㎡","interest_category":"도로","solar_candidate":"검토필요","candidate_reason":"도로점용 및 실제 이용형태 추가 검토 필요; 면적 3,174㎡","priority_score":35,"source":"경기부동산포털 국공유지조회·연속지적도","source_date":"2026-08-11","installed_solar_match":false}},{"type":"Feature","id":"4155040029110430000","geometry":{"type":"Point","coordinates":[127.4437615,37.0223327]},"properties":{"pnu":"4155040029110430000","municipality_code":"41550","municipality":"안성시","district":"안성시","locality":"죽산면 당목리","address":"안성시 죽산면 당목리 1043","owner_type":"국유지","owner_label":"국(건설교통부)","manager":"","property_class":"","land_category":"도로","area_sqm":3174.0,"area_band":"3,000~5,000㎡","interest_category":"도로","solar_candidate":"검토필요","candidate_reason":"도로점용 및 실제 이용형태 추가 검토 필요; 면적 3,174㎡","priority_score":35,"source":"경기부동산포털 국공유지조회·연속지적도","source_date":"2026-08-11","installed_solar_match":false}},{"type":"Feature","id":"4155035028106680010","geometry":{"type":"Point","coordinates":[127.2173327,37.0005495]},"properties":{"pnu":"4155035028106680010","municipality_code":"41550","municipality":"안성시","district":"안성시","locality":"대덕면 내리","address":"안성시 대덕면 내리 668-10","owner_type":"국유지","owner_label":"국(농림축산식품부)","manager":"","property_class":"","land_category":"도로","area_sqm":3172.0,"area_band":"3,000~5,000㎡","interest_category":"도로","solar_candidate":"검토필요","candidate_reason":"도로점용 및 실제 이용형태 추가 검토 필요; 면적 3,172㎡","priority_score":35,"source":"경기부동산포털 국공유지조회·연속지적도","source_date":"2026-08-11","installed_solar_match":false}},{"type":"Feature","id":"4155011800100410000","geometry":{"type":"Point","coordinates":[127.266823,37.0076486]},"properties":{"pnu":"4155011800100410000","municipality_code":"41550","municipality":"안성시","district":"안성시","locality":"석정동","address":"안성시 석정동 41","owner_type":"국유지","owner_label":"국(건설부)","manager":"","property_class":"","land_category":"도로","area_sqm":3170.0,"area_band":"3,000~5,000㎡","interest_category":"도로","solar_candidate":"검토필요","candidate_reason":"도로점용 및 실제 이용형태 추가 검토 필요; 면적 3,170㎡","priority_score":35,"source":"경기부동산포털 국공유지조회·연속지적도","source_date":"2026-08-11","installed_solar_match":false}},{"type":"Feature","id":"4155031037108940000","geometry":{"type":"Point","coordinates":[127.3143577,37.0904432]},"properties":{"pnu":"4155031037108940000","municipality_code":"41550","municipality":"안성시","district":"안성시","locality":"보개면 동평리","address":"안성시 보개면 동평리 894","owner_type":"국유지","owner_label":"국(건설부)","manager":"","property_class":"","land_category":"도로","area_sqm":3167.0,"area_band":"3,000~5,000㎡","interest_category":"도로","solar_candidate":"검토필요","candidate_reason":"도로점용 및 실제 이용형태 추가 검토 필요; 면적 3,167㎡","priority_score":35,"source":"경기부동산포털 국공유지조회·연속지적도","source_date":"2026-08-11","installed_solar_match":false}},{"type":"Feature","id":"4155039021102930001","geometry":{"type":"Point","coordinates":[127.4465456,37.0965183]},"properties":{"pnu":"4155039021102930001","municipality_code":"41550","municipality":"안성시","district":"안성시","locality":"일죽면 월정리","address":"안성시 일죽면 월정리 293-1","owner_type":"국유지","owner_label":"국(건설부)","manager":"","property_class":"","land_category":"도로","area_sqm":3164.0,"area_band":"3,000~5,000㎡","interest_category":"도로","solar_candidate":"검토필요","candidate_reason":"도로점용 및 실제 이용형태 추가 검토 필요; 면적 3,164㎡","priority_score":35,"source":"경기부동산포털 국공유지조회·연속지적도","source_date":"2026-08-11","installed_solar_match":false}},{"type":"Feature","id":"4155039028200460004","geometry":{"type":"Point","coordinates":[127.4633317,37.0878461]},"properties":{"pnu":"4155039028200460004","municipality_code":"41550","municipality":"안성시","district":"안성시","locality":"일죽면 송천리","address":"안성시 일죽면 송천리 산46-4","owner_type":"국유지","owner_label":"국(건설교통부)","manager":"","property_class":"","land_category":"도로","area_sqm":3163.0,"area_band":"3,000~5,000㎡","interest_category":"도로","solar_candidate":"검토필요","candidate_reason":"도로점용 및 실제 이용형태 추가 검토 필요; 면적 3,163㎡","priority_score":35,"source":"경기부동산포털 국공유지조회·연속지적도","source_date":"2026-08-11","installed_solar_match":false}},{"type":"Feature","id":"4155036037104650000","geometry":{"type":"Point","coordinates":[127.2054352,37.0235271]},"properties":{"pnu":"4155036037104650000","municipality_code":"41550","municipality":"안성시","district":"안성시","locality":"양성면 삼암리","address":"안성시 양성면 삼암리 465","owner_type":"국유지","owner_label":"국(건설교통부)","manager":"","property_class":"","land_category":"도로","area_sqm":3160.0,"area_band":"3,000~5,000㎡","interest_category":"도로","solar_candidate":"검토필요","candidate_reason":"도로점용 및 실제 이용형태 추가 검토 필요; 면적 3,160㎡","priority_score":35,"source":"경기부동산포털 국공유지조회·연속지적도","source_date":"2026-08-11","installed_solar_match":false}},{"type":"Feature","id":"4155025027101580002","geometry":{"type":"Point","coordinates":[127.1709764,36.968988]},"properties":{"pnu":"4155025027101580002","municipality_code":"41550","municipality":"안성시","district":"안성시","locality":"공도읍 건천리","address":"안성시 공도읍 건천리 158-2","owner_type":"국유지","owner_label":"국(건설교통부)","manager":"","property_class":"","land_category":"도로","area_sqm":3157.0,"area_band":"3,000~5,000㎡","interest_category":"도로","solar_candidate":"검토필요","candidate_reason":"도로점용 및 실제 이용형태 추가 검토 필요; 면적 3,157㎡","priority_score":35,"source":"경기부동산포털 국공유지조회·연속지적도","source_date":"2026-08-11","installed_solar_match":false}},{"type":"Feature","id":"4155039035109070000","geometry":{"type":"Point","coordinates":[127.4836648,37.0725132]},"properties":{"pnu":"4155039035109070000","municipality_code":"41550","municipality":"안성시","district":"안성시","locality":"일죽면 화봉리","address":"안성시 일죽면 화봉리 907","owner_type":"국유지","owner_label":"국(농림수산부)","manager":"","property_class":"","land_category":"도로","area_sqm":3154.0,"area_band":"3,000~5,000㎡","interest_category":"도로","solar_candidate":"검토필요","candidate_reason":"도로점용 및 실제 이용형태 추가 검토 필요; 면적 3,154㎡","priority_score":35,"source":"경기부동산포털 국공유지조회·연속지적도","source_date":"2026-08-11","installed_solar_match":false}},{"type":"Feature","id":"4155038022201850004","geometry":{"type":"Point","coordinates":[127.1719146,37.0601897]},"properties":{"pnu":"4155038022201850004","municipality_code":"41550","municipality":"안성시","district":"안성시","locality":"원곡면 칠곡리","address":"안성시 원곡면 칠곡리 산185-4","owner_type":"국유지","owner_label":"국(건설교통부)","manager":"","property_class":"","land_category":"도로","area_sqm":3153.0,"area_band":"3,000~5,000㎡","interest_category":"도로","solar_candidate":"검토필요","candidate_reason":"도로점용 및 실제 이용형태 추가 검토 필요; 면적 3,153㎡","priority_score":35,"source":"경기부동산포털 국공유지조회·연속지적도","source_date":"2026-08-11","installed_solar_match":false}},{"type":"Feature","id":"4155035028106580004","geometry":{"type":"Point","coordinates":[127.2177317,36.9983551]},"properties":{"pnu":"4155035028106580004","municipality_code":"41550","municipality":"안성시","district":"안성시","locality":"대덕면 내리","address":"안성시 대덕면 내리 658-4","owner_type":"국유지","owner_label":"국(건설교통부)","manager":"","property_class":"","land_category":"도로","area_sqm":3149.0,"area_band":"3,000~5,000㎡","interest_category":"도로","solar_candidate":"검토필요","candidate_reason":"도로점용 및 실제 이용형태 추가 검토 필요; 면적 3,149㎡","priority_score":35,"source":"경기부동산포털 국공유지조회·연속지적도","source_date":"2026-08-11","installed_solar_match":false}},{"type":"Feature","id":"4155036021200580020","geometry":{"type":"Point","coordinates":[127.1785062,37.0609107]},"properties":{"pnu":"4155036021200580020","municipality_code":"41550","municipality":"안성시","district":"안성시","locality":"양성면 동항리","address":"안성시 양성면 동항리 산58-20","owner_type":"국유지","owner_label":"국(건설부)","manager":"","property_class":"","land_category":"도로","area_sqm":3149.0,"area_band":"3,000~5,000㎡","interest_category":"도로","solar_candidate":"검토필요","candidate_reason":"도로점용 및 실제 이용형태 추가 검토 필요; 면적 3,149㎡","priority_score":35,"source":"경기부동산포털 국공유지조회·연속지적도","source_date":"2026-08-11","installed_solar_match":false}},{"type":"Feature","id":"4155039029200170001","geometry":{"type":"Point","coordinates":[127.4405514,37.1390075]},"properties":{"pnu":"4155039029200170001","municipality_code":"41550","municipality":"안성시","district":"안성시","locality":"일죽면 고은리","address":"안성시 일죽면 고은리 산17-1","owner_type":"국유지","owner_label":"국(건설부)","manager":"","property_class":"","land_category":"도로","area_sqm":3145.0,"area_band":"3,000~5,000㎡","interest_category":"도로","solar_candidate":"검토필요","candidate_reason":"도로점용 및 실제 이용형태 추가 검토 필요; 면적 3,145㎡","priority_score":35,"source":"경기부동산포털 국공유지조회·연속지적도","source_date":"2026-08-11","installed_solar_match":false}},{"type":"Feature","id":"4155038026100870008","geometry":{"type":"Point","coordinates":[127.1343663,37.0375971]},"properties":{"pnu":"4155038026100870008","municipality_code":"41550","municipality":"안성시","district":"안성시","locality":"원곡면 외가천리","address":"안성시 원곡면 외가천리 87-8","owner_type":"국유지","owner_label":"국(농수산부)","manager":"","property_class":"","land_category":"도로","area_sqm":3142.0,"area_band":"3,000~5,000㎡","interest_category":"도로","solar_candidate":"검토필요","candidate_reason":"도로점용 및 실제 이용형태 추가 검토 필요; 면적 3,142㎡","priority_score":35,"source":"경기부동산포털 국공유지조회·연속지적도","source_date":"2026-08-11","installed_solar_match":false}},{"type":"Feature","id":"4155033025103190000","geometry":{"type":"Point","coordinates":[127.2581752,36.9175287]},"properties":{"pnu":"4155033025103190000","municipality_code":"41550","municipality":"안성시","district":"안성시","locality":"서운면 산평리","address":"안성시 서운면 산평리 319","owner_type":"국유지","owner_label":"국(건설부)","manager":"","property_class":"","land_category":"도로","area_sqm":3141.0,"area_band":"3,000~5,000㎡","interest_category":"도로","solar_candidate":"검토필요","candidate_reason":"도로점용 및 실제 이용형태 추가 검토 필요; 면적 3,141㎡","priority_score":35,"source":"경기부동산포털 국공유지조회·연속지적도","source_date":"2026-08-11","installed_solar_match":false}},{"type":"Feature","id":"4155035031107210000","geometry":{"type":"Point","coordinates":[127.2193439,37.0116156]},"properties":{"pnu":"4155035031107210000","municipality_code":"41550","municipality":"안성시","district":"안성시","locality":"대덕면 신령리","address":"안성시 대덕면 신령리 721","owner_type":"국유지","owner_label":"국(농수산부)","manager":"","property_class":"","land_category":"도로","area_sqm":3140.0,"area_band":"3,000~5,000㎡","interest_category":"도로","solar_candidate":"검토필요","candidate_reason":"도로점용 및 실제 이용형태 추가 검토 필요; 면적 3,140㎡","priority_score":35,"source":"경기부동산포털 국공유지조회·연속지적도","source_date":"2026-08-11","installed_solar_match":false}},{"type":"Feature","id":"4155032022106850000","geometry":{"type":"Point","coordinates":[127.29209,36.9903126]},"properties":{"pnu":"4155032022106850000","municipality_code":"41550","municipality":"안성시","district":"안성시","locality":"금광면 개산리","address":"안성시 금광면 개산리 685","owner_type":"국유지","owner_label":"국(농림축산식품부)","manager":"","property_class":"","land_category":"도로","area_sqm":3138.6,"area_band":"3,000~5,000㎡","interest_category":"도로","solar_candidate":"검토필요","candidate_reason":"도로점용 및 실제 이용형태 추가 검토 필요; 면적 3,139㎡","priority_score":35,"source":"경기부동산포털 국공유지조회·연속지적도","source_date":"2026-08-11","installed_solar_match":false}},{"type":"Feature","id":"4155040025109670000","geometry":{"type":"Point","coordinates":[127.3980874,37.0634872]},"properties":{"pnu":"4155040025109670000","municipality_code":"41550","municipality":"안성시","district":"안성시","locality":"죽산면 장능리","address":"안성시 죽산면 장능리 967","owner_type":"국유지","owner_label":"국(기획재정부)","manager":"","property_class":"","land_category":"도로","area_sqm":3137.0,"area_band":"3,000~5,000㎡","interest_category":"도로","solar_candidate":"검토필요","candidate_reason":"도로점용 및 실제 이용형태 추가 검토 필요; 면적 3,137㎡","priority_score":35,"source":"경기부동산포털 국공유지조회·연속지적도","source_date":"2026-08-11","installed_solar_match":false}},{"type":"Feature","id":"4155038025102490004","geometry":{"type":"Point","coordinates":[127.1189845,37.0326454]},"properties":{"pnu":"4155038025102490004","municipality_code":"41550","municipality":"안성시","district":"안성시","locality":"원곡면 내가천리","address":"안성시 원곡면 내가천리 249-4","owner_type":"국유지","owner_label":"국(건설교통부)","manager":"","property_class":"","land_category":"도로","area_sqm":3133.0,"area_band":"3,000~5,000㎡","interest_category":"도로","solar_candidate":"검토필요","candidate_reason":"도로점용 및 실제 이용형태 추가 검토 필요; 면적 3,133㎡","priority_score":35,"source":"경기부동산포털 국공유지조회·연속지적도","source_date":"2026-08-11","installed_solar_match":false}},{"type":"Feature","id":"4155034025102870000","geometry":{"type":"Point","coordinates":[127.2105048,36.9432673]},"properties":{"pnu":"4155034025102870000","municipality_code":"41550","municipality":"안성시","district":"안성시","locality":"미양면 법전리","address":"안성시 미양면 법전리 287","owner_type":"국유지","owner_label":"국(건설부)","manager":"","property_class":"","land_category":"도로","area_sqm":3130.0,"area_band":"3,000~5,000㎡","interest_category":"도로","solar_candidate":"검토필요","candidate_reason":"도로점용 및 실제 이용형태 추가 검토 필요; 면적 3,130㎡","priority_score":35,"source":"경기부동산포털 국공유지조회·연속지적도","source_date":"2026-08-11","installed_solar_match":false}},{"type":"Feature","id":"4155038026100460003","geometry":{"type":"Point","coordinates":[127.1425499,37.0368677]},"properties":{"pnu":"4155038026100460003","municipality_code":"41550","municipality":"안성시","district":"안성시","locality":"원곡면 외가천리","address":"안성시 원곡면 외가천리 46-3","owner_type":"국유지","owner_label":"국(건설교통부)","manager":"","property_class":"","land_category":"도로","area_sqm":3127.0,"area_band":"3,000~5,000㎡","interest_category":"도로","solar_candidate":"검토필요","candidate_reason":"도로점용 및 실제 이용형태 추가 검토 필요; 면적 3,127㎡","priority_score":35,"source":"경기부동산포털 국공유지조회·연속지적도","source_date":"2026-08-11","installed_solar_match":false}},{"type":"Feature","id":"4155033024104380008","geometry":{"type":"Point","coordinates":[127.2551806,36.9380741]},"properties":{"pnu":"4155033024104380008","municipality_code":"41550","municipality":"안성시","district":"안성시","locality":"서운면 신촌리","address":"안성시 서운면 신촌리 438-8","owner_type":"국유지","owner_label":"국(농수산부)","manager":"","property_class":"","land_category":"도로","area_sqm":3126.0,"area_band":"3,000~5,000㎡","interest_category":"도로","solar_candidate":"검토필요","candidate_reason":"도로점용 및 실제 이용형태 추가 검토 필요; 면적 3,126㎡","priority_score":35,"source":"경기부동산포털 국공유지조회·연속지적도","source_date":"2026-08-11","installed_solar_match":false}},{"type":"Feature","id":"4155036021107810000","geometry":{"type":"Point","coordinates":[127.2001072,37.0652733]},"properties":{"pnu":"4155036021107810000","municipality_code":"41550","municipality":"안성시","district":"안성시","locality":"양성면 동항리","address":"안성시 양성면 동항리 781","owner_type":"국유지","owner_label":"국(건설부)","manager":"","property_class":"","land_category":"도로","area_sqm":3125.0,"area_band":"3,000~5,000㎡","interest_category":"도로","solar_candidate":"검토필요","candidate_reason":"도로점용 및 실제 이용형태 추가 검토 필요; 면적 3,125㎡","priority_score":35,"source":"경기부동산포털 국공유지조회·연속지적도","source_date":"2026-08-11","installed_solar_match":false}},{"type":"Feature","id":"4155036037104840019","geometry":{"type":"Point","coordinates":[127.1934938,37.0280509]},"properties":{"pnu":"4155036037104840019","municipality_code":"41550","municipality":"안성시","district":"안성시","locality":"양성면 삼암리","address":"안성시 양성면 삼암리 484-19","owner_type":"국유지","owner_label":"국(농림부)","manager":"","property_class":"","land_category":"도로","area_sqm":3114.0,"area_band":"3,000~5,000㎡","interest_category":"도로","solar_candidate":"검토필요","candidate_reason":"도로점용 및 실제 이용형태 추가 검토 필요; 면적 3,114㎡","priority_score":35,"source":"경기부동산포털 국공유지조회·연속지적도","source_date":"2026-08-11","installed_solar_match":false}},{"type":"Feature","id":"4155039029111390001","geometry":{"type":"Point","coordinates":[127.4343447,37.1163852]},"properties":{"pnu":"4155039029111390001","municipality_code":"41550","municipality":"안성시","district":"안성시","locality":"일죽면 고은리","address":"안성시 일죽면 고은리 1139-1","owner_type":"국유지","owner_label":"국(농림부)","manager":"","property_class":"","land_category":"도로","area_sqm":3110.0,"area_band":"3,000~5,000㎡","interest_category":"도로","solar_candidate":"검토필요","candidate_reason":"도로점용 및 실제 이용형태 추가 검토 필요; 면적 3,110㎡","priority_score":35,"source":"경기부동산포털 국공유지조회·연속지적도","source_date":"2026-08-11","installed_solar_match":false}},{"type":"Feature","id":"4155036038106120013","geometry":{"type":"Point","coordinates":[127.1855505,37.0305973]},"properties":{"pnu":"4155036038106120013","municipality_code":"41550","municipality":"안성시","district":"안성시","locality":"양성면 방신리","address":"안성시 양성면 방신리 612-13","owner_type":"국유지","owner_label":"국(농림부)","manager":"","property_class":"","land_category":"도로","area_sqm":3105.3,"area_band":"3,000~5,000㎡","interest_category":"도로","solar_candidate":"검토필요","candidate_reason":"도로점용 및 실제 이용형태 추가 검토 필요; 면적 3,105㎡","priority_score":35,"source":"경기부동산포털 국공유지조회·연속지적도","source_date":"2026-08-11","installed_solar_match":false}},{"type":"Feature","id":"4155039029111490007","geometry":{"type":"Point","coordinates":[127.432787,37.1113442]},"properties":{"pnu":"4155039029111490007","municipality_code":"41550","municipality":"안성시","district":"안성시","locality":"일죽면 고은리","address":"안성시 일죽면 고은리 1149-7","owner_type":"국유지","owner_label":"국(농림부)","manager":"","property_class":"","land_category":"도로","area_sqm":3103.9,"area_band":"3,000~5,000㎡","interest_category":"도로","solar_candidate":"검토필요","candidate_reason":"도로점용 및 실제 이용형태 추가 검토 필요; 면적 3,104㎡","priority_score":35,"source":"경기부동산포털 국공유지조회·연속지적도","source_date":"2026-08-11","installed_solar_match":false}},{"type":"Feature","id":"4155032031105660000","geometry":{"type":"Point","coordinates":[127.3073781,36.9868771]},"properties":{"pnu":"4155032031105660000","municipality_code":"41550","municipality":"안성시","district":"안성시","locality":"금광면 오산리","address":"안성시 금광면 오산리 566","owner_type":"국유지","owner_label":"국(건설교통부)","manager":"","property_class":"","land_category":"도로","area_sqm":3101.0,"area_band":"3,000~5,000㎡","interest_category":"도로","solar_candidate":"검토필요","candidate_reason":"도로점용 및 실제 이용형태 추가 검토 필요; 면적 3,101㎡","priority_score":35,"source":"경기부동산포털 국공유지조회·연속지적도","source_date":"2026-08-11","installed_solar_match":false}},{"type":"Feature","id":"4155039027111190007","geometry":{"type":"Point","coordinates":[127.42189,37.1160309]},"properties":{"pnu":"4155039027111190007","municipality_code":"41550","municipality":"안성시","district":"안성시","locality":"일죽면 방초리","address":"안성시 일죽면 방초리 1119-7","owner_type":"국유지","owner_label":"국(농림부)","manager":"","property_class":"","land_category":"도로","area_sqm":3098.6,"area_band":"3,000~5,000㎡","interest_category":"도로","solar_candidate":"검토필요","candidate_reason":"도로점용 및 실제 이용형태 추가 검토 필요; 면적 3,099㎡","priority_score":35,"source":"경기부동산포털 국공유지조회·연속지적도","source_date":"2026-08-11","installed_solar_match":false}},{"type":"Feature","id":"4155040027112290000","geometry":{"type":"Point","coordinates":[127.4486551,37.0447711]},"properties":{"pnu":"4155040027112290000","municipality_code":"41550","municipality":"안성시","district":"안성시","locality":"죽산면 용설리","address":"안성시 죽산면 용설리 1229","owner_type":"국유지","owner_label":"국(건설교통부)","manager":"","property_class":"","land_category":"도로","area_sqm":3096.0,"area_band":"3,000~5,000㎡","interest_category":"도로","solar_candidate":"검토필요","candidate_reason":"도로점용 및 실제 이용형태 추가 검토 필요; 면적 3,096㎡","priority_score":35,"source":"경기부동산포털 국공유지조회·연속지적도","source_date":"2026-08-11","installed_solar_match":false}},{"type":"Feature","id":"4155032029109360000","geometry":{"type":"Point","coordinates":[127.3522677,37.0128046]},"properties":{"pnu":"4155032029109360000","municipality_code":"41550","municipality":"안성시","district":"안성시","locality":"금광면 오흥리","address":"안성시 금광면 오흥리 936","owner_type":"국유지","owner_label":"국(건설부)","manager":"","property_class":"","land_category":"도로","area_sqm":3094.0,"area_band":"3,000~5,000㎡","interest_category":"도로","solar_candidate":"검토필요","candidate_reason":"도로점용 및 실제 이용형태 추가 검토 필요; 면적 3,094㎡","priority_score":35,"source":"경기부동산포털 국공유지조회·연속지적도","source_date":"2026-08-11","installed_solar_match":false}},{"type":"Feature","id":"4155038026100700004","geometry":{"type":"Point","coordinates":[127.1403068,37.035093]},"properties":{"pnu":"4155038026100700004","municipality_code":"41550","municipality":"안성시","district":"안성시","locality":"원곡면 외가천리","address":"안성시 원곡면 외가천리 70-4","owner_type":"국유지","owner_label":"국(건설교통부)","manager":"","property_class":"","land_category":"도로","area_sqm":3091.0,"area_band":"3,000~5,000㎡","interest_category":"도로","solar_candidate":"검토필요","candidate_reason":"도로점용 및 실제 이용형태 추가 검토 필요; 면적 3,091㎡","priority_score":35,"source":"경기부동산포털 국공유지조회·연속지적도","source_date":"2026-08-11","installed_solar_match":false}},{"type":"Feature","id":"4155038025101950012","geometry":{"type":"Point","coordinates":[127.1165547,37.0328694]},"properties":{"pnu":"4155038025101950012","municipality_code":"41550","municipality":"안성시","district":"안성시","locality":"원곡면 내가천리","address":"안성시 원곡면 내가천리 195-12","owner_type":"국유지","owner_label":"국(건설교통부)","manager":"","property_class":"","land_category":"도로","area_sqm":3086.0,"area_band":"3,000~5,000㎡","interest_category":"도로","solar_candidate":"검토필요","candidate_reason":"도로점용 및 실제 이용형태 추가 검토 필요; 면적 3,086㎡","priority_score":35,"source":"경기부동산포털 국공유지조회·연속지적도","source_date":"2026-08-11","installed_solar_match":false}},{"type":"Feature","id":"4155034027106330001","geometry":{"type":"Point","coordinates":[127.2109818,36.9532883]},"properties":{"pnu":"4155034027106330001","municipality_code":"41550","municipality":"안성시","district":"안성시","locality":"미양면 고지리","address":"안성시 미양면 고지리 633-1","owner_type":"국유지","owner_label":"국(농림수산부)","manager":"","property_class":"","land_category":"도로","area_sqm":3082.0,"area_band":"3,000~5,000㎡","interest_category":"도로","solar_candidate":"검토필요","candidate_reason":"도로점용 및 실제 이용형태 추가 검토 필요; 면적 3,082㎡","priority_score":35,"source":"경기부동산포털 국공유지조회·연속지적도","source_date":"2026-08-11","installed_solar_match":false}},{"type":"Feature","id":"4155035030104470001","geometry":{"type":"Point","coordinates":[127.2136285,36.9928021]},"properties":{"pnu":"4155035030104470001","municipality_code":"41550","municipality":"안성시","district":"안성시","locality":"대덕면 죽리","address":"안성시 대덕면 죽리 447-1","owner_type":"국유지","owner_label":"국(건설교통부)","manager":"","property_class":"","land_category":"도로","area_sqm":3081.0,"area_band":"3,000~5,000㎡","interest_category":"도로","solar_candidate":"검토필요","candidate_reason":"도로점용 및 실제 이용형태 추가 검토 필요; 면적 3,081㎡","priority_score":35,"source":"경기부동산포털 국공유지조회·연속지적도","source_date":"2026-08-11","installed_solar_match":false}},{"type":"Feature","id":"4155025027101840003","geometry":{"type":"Point","coordinates":[127.1699521,36.970198]},"properties":{"pnu":"4155025027101840003","municipality_code":"41550","municipality":"안성시","district":"안성시","locality":"공도읍 건천리","address":"안성시 공도읍 건천리 184-3","owner_type":"국유지","owner_label":"국(건설교통부)","manager":"","property_class":"","land_category":"도로","area_sqm":3077.0,"area_band":"3,000~5,000㎡","interest_category":"도로","solar_candidate":"검토필요","candidate_reason":"도로점용 및 실제 이용형태 추가 검토 필요; 면적 3,077㎡","priority_score":35,"source":"경기부동산포털 국공유지조회·연속지적도","source_date":"2026-08-11","installed_solar_match":false}},{"type":"Feature","id":"4155010400100420001","geometry":{"type":"Point","coordinates":[127.2760471,37.0062527]},"properties":{"pnu":"4155010400100420001","municipality_code":"41550","municipality":"안성시","district":"안성시","locality":"봉남동","address":"안성시 봉남동 42-1","owner_type":"국유지","owner_label":"국(건설부)","manager":"","property_class":"","land_category":"도로","area_sqm":3074.0,"area_band":"3,000~5,000㎡","interest_category":"도로","solar_candidate":"검토필요","candidate_reason":"도로점용 및 실제 이용형태 추가 검토 필요; 면적 3,074㎡","priority_score":35,"source":"경기부동산포털 국공유지조회·연속지적도","source_date":"2026-08-11","installed_solar_match":false}},{"type":"Feature","id":"4155039029200510002","geometry":{"type":"Point","coordinates":[127.4416515,37.1341731]},"properties":{"pnu":"4155039029200510002","municipality_code":"41550","municipality":"안성시","district":"안성시","locality":"일죽면 고은리","address":"안성시 일죽면 고은리 산51-2","owner_type":"국유지","owner_label":"국(건설부)","manager":"","property_class":"","land_category":"도로","area_sqm":3074.0,"area_band":"3,000~5,000㎡","interest_category":"도로","solar_candidate":"검토필요","candidate_reason":"도로점용 및 실제 이용형태 추가 검토 필요; 면적 3,074㎡","priority_score":35,"source":"경기부동산포털 국공유지조회·연속지적도","source_date":"2026-08-11","installed_solar_match":false}},{"type":"Feature","id":"4155011800100360000","geometry":{"type":"Point","coordinates":[127.2673653,37.008776]},"properties":{"pnu":"4155011800100360000","municipality_code":"41550","municipality":"안성시","district":"안성시","locality":"석정동","address":"안성시 석정동 36","owner_type":"국유지","owner_label":"국(건설교통부)","manager":"","property_class":"","land_category":"도로","area_sqm":3067.0,"area_band":"3,000~5,000㎡","interest_category":"도로","solar_candidate":"검토필요","candidate_reason":"도로점용 및 실제 이용형태 추가 검토 필요; 면적 3,067㎡","priority_score":35,"source":"경기부동산포털 국공유지조회·연속지적도","source_date":"2026-08-11","installed_solar_match":false}},{"type":"Feature","id":"4155038026100870009","geometry":{"type":"Point","coordinates":[127.1368686,37.0375639]},"properties":{"pnu":"4155038026100870009","municipality_code":"41550","municipality":"안성시","district":"안성시","locality":"원곡면 외가천리","address":"안성시 원곡면 외가천리 87-9","owner_type":"국유지","owner_label":"국(농수산부)","manager":"","property_class":"","land_category":"도로","area_sqm":3064.0,"area_band":"3,000~5,000㎡","interest_category":"도로","solar_candidate":"검토필요","candidate_reason":"도로점용 및 실제 이용형태 추가 검토 필요; 면적 3,064㎡","priority_score":35,"source":"경기부동산포털 국공유지조회·연속지적도","source_date":"2026-08-11","installed_solar_match":false}},{"type":"Feature","id":"4155025021105390021","geometry":{"type":"Point","coordinates":[127.2019906,37.0039682]},"properties":{"pnu":"4155025021105390021","municipality_code":"41550","municipality":"안성시","district":"안성시","locality":"공도읍 양기리","address":"안성시 공도읍 양기리 539-21","owner_type":"국유지","owner_label":"국(건설교통부)","manager":"","property_class":"","land_category":"도로","area_sqm":3063.0,"area_band":"3,000~5,000㎡","interest_category":"도로","solar_candidate":"검토필요","candidate_reason":"도로점용 및 실제 이용형태 추가 검토 필요; 면적 3,063㎡","priority_score":35,"source":"경기부동산포털 국공유지조회·연속지적도","source_date":"2026-08-11","installed_solar_match":false}},{"type":"Feature","id":"4155011100103680000","geometry":{"type":"Point","coordinates":[127.2720166,37.0035866]},"properties":{"pnu":"4155011100103680000","municipality_code":"41550","municipality":"안성시","district":"안성시","locality":"성남동","address":"안성시 성남동 368","owner_type":"국유지","owner_label":"국","manager":"","property_class":"","land_category":"도로","area_sqm":3062.0,"area_band":"3,000~5,000㎡","interest_category":"도로","solar_candidate":"검토필요","candidate_reason":"도로점용 및 실제 이용형태 추가 검토 필요; 면적 3,062㎡","priority_score":35,"source":"경기부동산포털 국공유지조회·연속지적도","source_date":"2026-08-11","installed_solar_match":false}},{"type":"Feature","id":"4155041022111360000","geometry":{"type":"Point","coordinates":[127.3865565,37.0949144]},"properties":{"pnu":"4155041022111360000","municipality_code":"41550","municipality":"안성시","district":"안성시","locality":"삼죽면 율곡리","address":"안성시 삼죽면 율곡리 1136","owner_type":"국유지","owner_label":"국(농림부)","manager":"","property_class":"","land_category":"도로","area_sqm":3052.0,"area_band":"3,000~5,000㎡","interest_category":"도로","solar_candidate":"검토필요","candidate_reason":"도로점용 및 실제 이용형태 추가 검토 필요; 면적 3,052㎡","priority_score":35,"source":"경기부동산포털 국공유지조회·연속지적도","source_date":"2026-08-11","installed_solar_match":false}},{"type":"Feature","id":"4155042026107340000","geometry":{"type":"Point","coordinates":[127.2679397,37.0805102]},"properties":{"pnu":"4155042026107340000","municipality_code":"41550","municipality":"안성시","district":"안성시","locality":"고삼면 봉산리","address":"안성시 고삼면 봉산리 734","owner_type":"국유지","owner_label":"국(건설교통부)","manager":"","property_class":"","land_category":"도로","area_sqm":3052.0,"area_band":"3,000~5,000㎡","interest_category":"도로","solar_candidate":"검토필요","candidate_reason":"도로점용 및 실제 이용형태 추가 검토 필요; 면적 3,052㎡","priority_score":35,"source":"경기부동산포털 국공유지조회·연속지적도","source_date":"2026-08-11","installed_solar_match":false}},{"type":"Feature","id":"4155040021100970002","geometry":{"type":"Point","coordinates":[127.4295012,37.0756098]},"properties":{"pnu":"4155040021100970002","municipality_code":"41550","municipality":"안성시","district":"안성시","locality":"죽산면 죽산리","address":"안성시 죽산면 죽산리 97-2","owner_type":"국유지","owner_label":"국(건설부)","manager":"","property_class":"","land_category":"도로","area_sqm":3051.0,"area_band":"3,000~5,000㎡","interest_category":"도로","solar_candidate":"검토필요","candidate_reason":"도로점용 및 실제 이용형태 추가 검토 필요; 면적 3,051㎡","priority_score":35,"source":"경기부동산포털 국공유지조회·연속지적도","source_date":"2026-08-11","installed_solar_match":false}},{"type":"Feature","id":"4155012400105810000","geometry":{"type":"Point","coordinates":[127.2646047,37.0015641]},"properties":{"pnu":"4155012400105810000","municipality_code":"41550","municipality":"안성시","district":"안성시","locality":"도기동","address":"안성시 도기동 581","owner_type":"국유지","owner_label":"국(기획재정부)","manager":"","property_class":"","land_category":"도로","area_sqm":3049.0,"area_band":"3,000~5,000㎡","interest_category":"도로","solar_candidate":"검토필요","candidate_reason":"도로점용 및 실제 이용형태 추가 검토 필요; 면적 3,049㎡","priority_score":35,"source":"경기부동산포털 국공유지조회·연속지적도","source_date":"2026-08-11","installed_solar_match":false}},{"type":"Feature","id":"4155035024107210000","geometry":{"type":"Point","coordinates":[127.2381334,37.0597939]},"properties":{"pnu":"4155035024107210000","municipality_code":"41550","municipality":"안성시","district":"안성시","locality":"대덕면 보동리","address":"안성시 대덕면 보동리 721","owner_type":"국유지","owner_label":"국(농림수산부)","manager":"","property_class":"","land_category":"도로","area_sqm":3047.0,"area_band":"3,000~5,000㎡","interest_category":"도로","solar_candidate":"검토필요","candidate_reason":"도로점용 및 실제 이용형태 추가 검토 필요; 면적 3,047㎡","priority_score":35,"source":"경기부동산포털 국공유지조회·연속지적도","source_date":"2026-08-11","installed_solar_match":false}},{"type":"Feature","id":"4155038025200610015","geometry":{"type":"Point","coordinates":[127.1082608,37.0372428]},"properties":{"pnu":"4155038025200610015","municipality_code":"41550","municipality":"안성시","district":"안성시","locality":"원곡면 내가천리","address":"안성시 원곡면 내가천리 산61-15","owner_type":"국유지","owner_label":"국(건설교통부)","manager":"","property_class":"","land_category":"도로","area_sqm":3042.0,"area_band":"3,000~5,000㎡","interest_category":"도로","solar_candidate":"검토필요","candidate_reason":"도로점용 및 실제 이용형태 추가 검토 필요; 면적 3,042㎡","priority_score":35,"source":"경기부동산포털 국공유지조회·연속지적도","source_date":"2026-08-11","installed_solar_match":false}},{"type":"Feature","id":"4155041028105850000","geometry":{"type":"Point","coordinates":[127.3539317,37.0335905]},"properties":{"pnu":"4155041028105850000","municipality_code":"41550","municipality":"안성시","district":"안성시","locality":"삼죽면 미장리","address":"안성시 삼죽면 미장리 585","owner_type":"국유지","owner_label":"국(건설교통부)","manager":"","property_class":"","land_category":"도로","area_sqm":3041.0,"area_band":"3,000~5,000㎡","interest_category":"도로","solar_candidate":"검토필요","candidate_reason":"도로점용 및 실제 이용형태 추가 검토 필요; 면적 3,041㎡","priority_score":35,"source":"경기부동산포털 국공유지조회·연속지적도","source_date":"2026-08-11","installed_solar_match":false}},{"type":"Feature","id":"4155041021106140000","geometry":{"type":"Point","coordinates":[127.4028748,37.0885226]},"properties":{"pnu":"4155041021106140000","municipality_code":"41550","municipality":"안성시","district":"안성시","locality":"삼죽면 내장리","address":"안성시 삼죽면 내장리 614","owner_type":"국유지","owner_label":"국(농림부)","manager":"","property_class":"","land_category":"도로","area_sqm":3039.2,"area_band":"3,000~5,000㎡","interest_category":"도로","solar_candidate":"검토필요","candidate_reason":"도로점용 및 실제 이용형태 추가 검토 필요; 면적 3,039㎡","priority_score":35,"source":"경기부동산포털 국공유지조회·연속지적도","source_date":"2026-08-11","installed_solar_match":false}},{"type":"Feature","id":"4155041029102770000","geometry":{"type":"Point","coordinates":[127.3441458,37.0304027]},"properties":{"pnu":"4155041029102770000","municipality_code":"41550","municipality":"안성시","district":"안성시","locality":"삼죽면 마전리","address":"안성시 삼죽면 마전리 277","owner_type":"국유지","owner_label":"국(건설교통부)","manager":"","property_class":"","land_category":"도로","area_sqm":3039.0,"area_band":"3,000~5,000㎡","interest_category":"도로","solar_candidate":"검토필요","candidate_reason":"도로점용 및 실제 이용형태 추가 검토 필요; 면적 3,039㎡","priority_score":35,"source":"경기부동산포털 국공유지조회·연속지적도","source_date":"2026-08-11","installed_solar_match":false}},{"type":"Feature","id":"4155025027104030003","geometry":{"type":"Point","coordinates":[127.1620742,36.9800554]},"properties":{"pnu":"4155025027104030003","municipality_code":"41550","municipality":"안성시","district":"안성시","locality":"공도읍 건천리","address":"안성시 공도읍 건천리 403-3","owner_type":"국유지","owner_label":"국(건설교통부)","manager":"","property_class":"","land_category":"도로","area_sqm":3035.0,"area_band":"3,000~5,000㎡","interest_category":"도로","solar_candidate":"검토필요","candidate_reason":"도로점용 및 실제 이용형태 추가 검토 필요; 면적 3,035㎡","priority_score":35,"source":"경기부동산포털 국공유지조회·연속지적도","source_date":"2026-08-11","installed_solar_match":false}},{"type":"Feature","id":"4155035025104610000","geometry":{"type":"Point","coordinates":[127.2170711,37.0329841]},"properties":{"pnu":"4155035025104610000","municipality_code":"41550","municipality":"안성시","district":"안성시","locality":"대덕면 명당리","address":"안성시 대덕면 명당리 461","owner_type":"국유지","owner_label":"국(농림수산식품부)","manager":"","property_class":"","land_category":"도로","area_sqm":3032.0,"area_band":"3,000~5,000㎡","interest_category":"도로","solar_candidate":"검토필요","candidate_reason":"도로점용 및 실제 이용형태 추가 검토 필요; 면적 3,032㎡","priority_score":35,"source":"경기부동산포털 국공유지조회·연속지적도","source_date":"2026-08-11","installed_solar_match":false}},{"type":"Feature","id":"4155039033106240012","geometry":{"type":"Point","coordinates":[127.4995876,37.0670624]},"properties":{"pnu":"4155039033106240012","municipality_code":"41550","municipality":"안성시","district":"안성시","locality":"일죽면 금산리","address":"안성시 일죽면 금산리 624-12","owner_type":"국유지","owner_label":"국(농림부)","manager":"","property_class":"","land_category":"도로","area_sqm":3031.3,"area_band":"3,000~5,000㎡","interest_category":"도로","solar_candidate":"검토필요","candidate_reason":"도로점용 및 실제 이용형태 추가 검토 필요; 면적 3,031㎡","priority_score":35,"source":"경기부동산포털 국공유지조회·연속지적도","source_date":"2026-08-11","installed_solar_match":false}},{"type":"Feature","id":"4155025026107270008","geometry":{"type":"Point","coordinates":[127.1564989,36.9882063]},"properties":{"pnu":"4155025026107270008","municipality_code":"41550","municipality":"안성시","district":"안성시","locality":"공도읍 승두리","address":"안성시 공도읍 승두리 727-8","owner_type":"국유지","owner_label":"국(건설교통부)","manager":"","property_class":"","land_category":"도로","area_sqm":3031.0,"area_band":"3,000~5,000㎡","interest_category":"도로","solar_candidate":"검토필요","candidate_reason":"도로점용 및 실제 이용형태 추가 검토 필요; 면적 3,031㎡","priority_score":35,"source":"경기부동산포털 국공유지조회·연속지적도","source_date":"2026-08-11","installed_solar_match":false}},{"type":"Feature","id":"4155039029201210005","geometry":{"type":"Point","coordinates":[127.4447184,37.1174215]},"properties":{"pnu":"4155039029201210005","municipality_code":"41550","municipality":"안성시","district":"안성시","locality":"일죽면 고은리","address":"안성시 일죽면 고은리 산121-5","owner_type":"국유지","owner_label":"국(건설부)","manager":"","property_class":"","land_category":"도로","area_sqm":3029.0,"area_band":"3,000~5,000㎡","interest_category":"도로","solar_candidate":"검토필요","candidate_reason":"도로점용 및 실제 이용형태 추가 검토 필요; 면적 3,029㎡","priority_score":35,"source":"경기부동산포털 국공유지조회·연속지적도","source_date":"2026-08-11","installed_solar_match":false}},{"type":"Feature","id":"4155033022103100000","geometry":{"type":"Point","coordinates":[127.2752508,36.9093699]},"properties":{"pnu":"4155033022103100000","municipality_code":"41550","municipality":"안성시","district":"안성시","locality":"서운면 청용리","address":"안성시 서운면 청용리 310","owner_type":"국유지","owner_label":"국(건설부)","manager":"","property_class":"","land_category":"도로","area_sqm":3028.0,"area_band":"3,000~5,000㎡","interest_category":"도로","solar_candidate":"검토필요","candidate_reason":"도로점용 및 실제 이용형태 추가 검토 필요; 면적 3,028㎡","priority_score":35,"source":"경기부동산포털 국공유지조회·연속지적도","source_date":"2026-08-11","installed_solar_match":false}},{"type":"Feature","id":"4155031024107900000","geometry":{"type":"Point","coordinates":[127.3382208,37.028602]},"properties":{"pnu":"4155031024107900000","municipality_code":"41550","municipality":"안성시","district":"안성시","locality":"보개면 상삼리","address":"안성시 보개면 상삼리 790","owner_type":"국유지","owner_label":"국(건설부)","manager":"","property_class":"","land_category":"도로","area_sqm":3026.0,"area_band":"3,000~5,000㎡","interest_category":"도로","solar_candidate":"검토필요","candidate_reason":"도로점용 및 실제 이용형태 추가 검토 필요; 면적 3,026㎡","priority_score":35,"source":"경기부동산포털 국공유지조회·연속지적도","source_date":"2026-08-11","installed_solar_match":false}},{"type":"Feature","id":"4155039029111630013","geometry":{"type":"Point","coordinates":[127.4418838,37.1300531]},"properties":{"pnu":"4155039029111630013","municipality_code":"41550","municipality":"안성시","district":"안성시","locality":"일죽면 고은리","address":"안성시 일죽면 고은리 1163-13","owner_type":"국유지","owner_label":"국(농림부)","manager":"","property_class":"","land_category":"도로","area_sqm":3025.6,"area_band":"3,000~5,000㎡","interest_category":"도로","solar_candidate":"검토필요","candidate_reason":"도로점용 및 실제 이용형태 추가 검토 필요; 면적 3,026㎡","priority_score":35,"source":"경기부동산포털 국공유지조회·연속지적도","source_date":"2026-08-11","installed_solar_match":false}},{"type":"Feature","id":"4155031036103630000","geometry":{"type":"Point","coordinates":[127.3142922,37.0541607]},"properties":{"pnu":"4155031036103630000","municipality_code":"41550","municipality":"안성시","district":"안성시","locality":"보개면 신안리","address":"안성시 보개면 신안리 363","owner_type":"국유지","owner_label":"국(건설교통부)","manager":"","property_class":"","land_category":"도로","area_sqm":3019.0,"area_band":"3,000~5,000㎡","interest_category":"도로","solar_candidate":"검토필요","candidate_reason":"도로점용 및 실제 이용형태 추가 검토 필요; 면적 3,019㎡","priority_score":35,"source":"경기부동산포털 국공유지조회·연속지적도","source_date":"2026-08-11","installed_solar_match":false}},{"type":"Feature","id":"4155025024106570000","geometry":{"type":"Point","coordinates":[127.1370565,36.9728276]},"properties":{"pnu":"4155025024106570000","municipality_code":"41550","municipality":"안성시","district":"안성시","locality":"공도읍 중복리","address":"안성시 공도읍 중복리 657","owner_type":"국유지","owner_label":"국(농림수산식품부)","manager":"","property_class":"","land_category":"도로","area_sqm":3018.2,"area_band":"3,000~5,000㎡","interest_category":"도로","solar_candidate":"검토필요","candidate_reason":"도로점용 및 실제 이용형태 추가 검토 필요; 면적 3,018㎡","priority_score":35,"source":"경기부동산포털 국공유지조회·연속지적도","source_date":"2026-08-11","installed_solar_match":false}},{"type":"Feature","id":"4155036035106640001","geometry":{"type":"Point","coordinates":[127.1940283,37.0431829]},"properties":{"pnu":"4155036035106640001","municipality_code":"41550","municipality":"안성시","district":"안성시","locality":"양성면 덕봉리","address":"안성시 양성면 덕봉리 664-1","owner_type":"국유지","owner_label":"국(농림부)","manager":"","property_class":"","land_category":"도로","area_sqm":3018.2,"area_band":"3,000~5,000㎡","interest_category":"도로","solar_candidate":"검토필요","candidate_reason":"도로점용 및 실제 이용형태 추가 검토 필요; 면적 3,018㎡","priority_score":35,"source":"경기부동산포털 국공유지조회·연속지적도","source_date":"2026-08-11","installed_solar_match":false}},{"type":"Feature","id":"4155033031100210001","geometry":{"type":"Point","coordinates":[127.246889,36.9449127]},"properties":{"pnu":"4155033031100210001","municipality_code":"41550","municipality":"안성시","district":"안성시","locality":"서운면 송산리","address":"안성시 서운면 송산리 21-1","owner_type":"국유지","owner_label":"국(농수산부)","manager":"","property_class":"","land_category":"도로","area_sqm":3018.0,"area_band":"3,000~5,000㎡","interest_category":"도로","solar_candidate":"검토필요","candidate_reason":"도로점용 및 실제 이용형태 추가 검토 필요; 면적 3,018㎡","priority_score":35,"source":"경기부동산포털 국공유지조회·연속지적도","source_date":"2026-08-11","installed_solar_match":false}},{"type":"Feature","id":"4155039022106320000","geometry":{"type":"Point","coordinates":[127.4875283,37.0903747]},"properties":{"pnu":"4155039022106320000","municipality_code":"41550","municipality":"안성시","district":"안성시","locality":"일죽면 주천리","address":"안성시 일죽면 주천리 632","owner_type":"국유지","owner_label":"국(농림수산부)","manager":"","property_class":"","land_category":"도로","area_sqm":3015.7,"area_band":"3,000~5,000㎡","interest_category":"도로","solar_candidate":"검토필요","candidate_reason":"도로점용 및 실제 이용형태 추가 검토 필요; 면적 3,016㎡","priority_score":35,"source":"경기부동산포털 국공유지조회·연속지적도","source_date":"2026-08-11","installed_solar_match":false}},{"type":"Feature","id":"4155039032109270000","geometry":{"type":"Point","coordinates":[127.4725336,37.109524]},"properties":{"pnu":"4155039032109270000","municipality_code":"41550","municipality":"안성시","district":"안성시","locality":"일죽면 신흥리","address":"안성시 일죽면 신흥리 927","owner_type":"국유지","owner_label":"국(건설교통부)","manager":"","property_class":"","land_category":"도로","area_sqm":3015.0,"area_band":"3,000~5,000㎡","interest_category":"도로","solar_candidate":"검토필요","candidate_reason":"도로점용 및 실제 이용형태 추가 검토 필요; 면적 3,015㎡","priority_score":35,"source":"경기부동산포털 국공유지조회·연속지적도","source_date":"2026-08-11","installed_solar_match":false}},{"type":"Feature","id":"4155040029105590001","geometry":{"type":"Point","coordinates":[127.4419361,37.0335835]},"properties":{"pnu":"4155040029105590001","municipality_code":"41550","municipality":"안성시","district":"안성시","locality":"죽산면 당목리","address":"안성시 죽산면 당목리 559-1","owner_type":"국유지","owner_label":"국(건설교통부)","manager":"","property_class":"","land_category":"도로","area_sqm":3015.0,"area_band":"3,000~5,000㎡","interest_category":"도로","solar_candidate":"검토필요","candidate_reason":"도로점용 및 실제 이용형태 추가 검토 필요; 면적 3,015㎡","priority_score":35,"source":"경기부동산포털 국공유지조회·연속지적도","source_date":"2026-08-11","installed_solar_match":false}},{"type":"Feature","id":"4155039025107090001","geometry":{"type":"Point","coordinates":[127.5072432,37.0881543]},"properties":{"pnu":"4155039025107090001","municipality_code":"41550","municipality":"안성시","district":"안성시","locality":"일죽면 산북리","address":"안성시 일죽면 산북리 709-1","owner_type":"국유지","owner_label":"국(농림수산부)","manager":"","property_class":"","land_category":"도로","area_sqm":3012.7,"area_band":"3,000~5,000㎡","interest_category":"도로","solar_candidate":"검토필요","candidate_reason":"도로점용 및 실제 이용형태 추가 검토 필요; 면적 3,013㎡","priority_score":35,"source":"경기부동산포털 국공유지조회·연속지적도","source_date":"2026-08-11","installed_solar_match":false}},{"type":"Feature","id":"4155042022105300000","geometry":{"type":"Point","coordinates":[127.250866,37.0827836]},"properties":{"pnu":"4155042022105300000","municipality_code":"41550","municipality":"안성시","district":"안성시","locality":"고삼면 신창리","address":"안성시 고삼면 신창리 530","owner_type":"국유지","owner_label":"국(건설교통부)","manager":"","property_class":"","land_category":"도로","area_sqm":3012.0,"area_band":"3,000~5,000㎡","interest_category":"도로","solar_candidate":"검토필요","candidate_reason":"도로점용 및 실제 이용형태 추가 검토 필요; 면적 3,012㎡","priority_score":35,"source":"경기부동산포털 국공유지조회·연속지적도","source_date":"2026-08-11","installed_solar_match":false}},{"type":"Feature","id":"4155034024100660001","geometry":{"type":"Point","coordinates":[127.1793828,36.9586195]},"properties":{"pnu":"4155034024100660001","municipality_code":"41550","municipality":"안성시","district":"안성시","locality":"미양면 신계리","address":"안성시 미양면 신계리 66-1","owner_type":"국유지","owner_label":"국(건설교통부)","manager":"","property_class":"","land_category":"도로","area_sqm":3008.0,"area_band":"3,000~5,000㎡","interest_category":"도로","solar_candidate":"검토필요","candidate_reason":"도로점용 및 실제 이용형태 추가 검토 필요; 면적 3,008㎡","priority_score":35,"source":"경기부동산포털 국공유지조회·연속지적도","source_date":"2026-08-11","installed_solar_match":false}},{"type":"Feature","id":"4155039027111360020","geometry":{"type":"Point","coordinates":[127.4272244,37.1165229]},"properties":{"pnu":"4155039027111360020","municipality_code":"41550","municipality":"안성시","district":"안성시","locality":"일죽면 방초리","address":"안성시 일죽면 방초리 1136-20","owner_type":"국유지","owner_label":"국(농림부)","manager":"","property_class":"","land_category":"도로","area_sqm":3006.7,"area_band":"3,000~5,000㎡","interest_category":"도로","solar_candidate":"검토필요","candidate_reason":"도로점용 및 실제 이용형태 추가 검토 필요; 면적 3,007㎡","priority_score":35,"source":"경기부동산포털 국공유지조회·연속지적도","source_date":"2026-08-11","installed_solar_match":false}},{"type":"Feature","id":"4155025021103340003","geometry":{"type":"Point","coordinates":[127.1952485,37.0042637]},"properties":{"pnu":"4155025021103340003","municipality_code":"41550","municipality":"안성시","district":"안성시","locality":"공도읍 양기리","address":"안성시 공도읍 양기리 334-3","owner_type":"국유지","owner_label":"국(건설교통부)","manager":"","property_class":"","land_category":"도로","area_sqm":3006.0,"area_band":"3,000~5,000㎡","interest_category":"도로","solar_candidate":"검토필요","candidate_reason":"도로점용 및 실제 이용형태 추가 검토 필요; 면적 3,006㎡","priority_score":35,"source":"경기부동산포털 국공유지조회·연속지적도","source_date":"2026-08-11","installed_solar_match":false}},{"type":"Feature","id":"4155038024107390000","geometry":{"type":"Point","coordinates":[127.1326141,37.0792611]},"properties":{"pnu":"4155038024107390000","municipality_code":"41550","municipality":"안성시","district":"안성시","locality":"원곡면 산하리","address":"안성시 원곡면 산하리 739","owner_type":"국유지","owner_label":"국(건설교통부)","manager":"","property_class":"","land_category":"도로","area_sqm":3002.0,"area_band":"3,000~5,000㎡","interest_category":"도로","solar_candidate":"검토필요","candidate_reason":"도로점용 및 실제 이용형태 추가 검토 필요; 면적 3,002㎡","priority_score":35,"source":"경기부동산포털 국공유지조회·연속지적도","source_date":"2026-08-11","installed_solar_match":false}},{"type":"Feature","id":"4155025023102410000","geometry":{"type":"Point","coordinates":[127.2091208,36.9958674]},"properties":{"pnu":"4155025023102410000","municipality_code":"41550","municipality":"안성시","district":"안성시","locality":"공도읍 신두리","address":"안성시 공도읍 신두리 241","owner_type":"국유지","owner_label":"국(농림수산부)","manager":"","property_class":"","land_category":"도로","area_sqm":3001.0,"area_band":"3,000~5,000㎡","interest_category":"도로","solar_candidate":"검토필요","candidate_reason":"도로점용 및 실제 이용형태 추가 검토 필요; 면적 3,001㎡","priority_score":35,"source":"경기부동산포털 국공유지조회·연속지적도","source_date":"2026-08-11","installed_solar_match":false}},{"type":"Feature","id":"4155035028106680011","geometry":{"type":"Point","coordinates":[127.2183213,36.9989332]},"properties":{"pnu":"4155035028106680011","municipality_code":"41550","municipality":"안성시","district":"안성시","locality":"대덕면 내리","address":"안성시 대덕면 내리 668-11","owner_type":"국유지","owner_label":"국(농림축산식품부)","manager":"","property_class":"","land_category":"도로","area_sqm":3000.0,"area_band":"3,000~5,000㎡","interest_category":"도로","solar_candidate":"검토필요","candidate_reason":"도로점용 및 실제 이용형태 추가 검토 필요; 면적 3,000㎡","priority_score":35,"source":"경기부동산포털 국공유지조회·연속지적도","source_date":"2026-08-11","installed_solar_match":false}},{"type":"Feature","id":"4155032027100030001","geometry":{"type":"Point","coordinates":[127.3839457,37.0252316]},"properties":{"pnu":"4155032027100030001","municipality_code":"41550","municipality":"안성시","district":"안성시","locality":"금광면 삼흥리","address":"안성시 금광면 삼흥리 3-1","owner_type":"국유지","owner_label":"국(기획재정부)","manager":"","property_class":"","land_category":"체육용지","area_sqm":485.0,"area_band":"100~500㎡","interest_category":"체육용지","solar_candidate":"검토필요","candidate_reason":"체육시설·주차장 상부 활용 가능성 추가 검토; 면적 485㎡","priority_score":35,"source":"경기부동산포털 국공유지조회·연속지적도","source_date":"2026-08-11","installed_solar_match":false}},{"type":"Feature","id":"4155032027108580001","geometry":{"type":"Point","coordinates":[127.3797531,37.0191731]},"properties":{"pnu":"4155032027108580001","municipality_code":"41550","municipality":"안성시","district":"안성시","locality":"금광면 삼흥리","address":"안성시 금광면 삼흥리 858-1","owner_type":"국유지","owner_label":"국(기획재정부)","manager":"","property_class":"","land_category":"체육용지","area_sqm":470.0,"area_band":"100~500㎡","interest_category":"체육용지","solar_candidate":"검토필요","candidate_reason":"체육시설·주차장 상부 활용 가능성 추가 검토; 면적 470㎡","priority_score":35,"source":"경기부동산포털 국공유지조회·연속지적도","source_date":"2026-08-11","installed_solar_match":false}},{"type":"Feature","id":"4155040026109130000","geometry":{"type":"Point","coordinates":[127.4099622,37.0394481]},"properties":{"pnu":"4155040026109130000","municipality_code":"41550","municipality":"안성시","district":"안성시","locality":"죽산면 장계리","address":"안성시 죽산면 장계리 913","owner_type":"국유지","owner_label":"국(기획재정부)","manager":"","property_class":"","land_category":"체육용지","area_sqm":420.0,"area_band":"100~500㎡","interest_category":"체육용지","solar_candidate":"검토필요","candidate_reason":"체육시설·주차장 상부 활용 가능성 추가 검토; 면적 420㎡","priority_score":35,"source":"경기부동산포털 국공유지조회·연속지적도","source_date":"2026-08-11","installed_solar_match":false}},{"type":"Feature","id":"4155033032102690002","geometry":{"type":"Point","coordinates":[127.282162,36.9602907]},"properties":{"pnu":"4155033032102690002","municipality_code":"41550","municipality":"안성시","district":"안성시","locality":"서운면 오촌리","address":"안성시 서운면 오촌리 269-2","owner_type":"국유지","owner_label":"국(기획재정부)","manager":"","property_class":"","land_category":"체육용지","area_sqm":405.0,"area_band":"100~500㎡","interest_category":"체육용지","solar_candidate":"검토필요","candidate_reason":"체육시설·주차장 상부 활용 가능성 추가 검토; 면적 405㎡","priority_score":35,"source":"경기부동산포털 국공유지조회·연속지적도","source_date":"2026-08-11","installed_solar_match":false}},{"type":"Feature","id":"4155011300104230000","geometry":{"type":"Point","coordinates":[127.2676192,37.0046163]},"properties":{"pnu":"4155011300104230000","municipality_code":"41550","municipality":"안성시","district":"안성시","locality":"인지동","address":"안성시 인지동 423","owner_type":"국유지","owner_label":"국(기획재정부)","manager":"","property_class":"","land_category":"창고용지","area_sqm":395.0,"area_band":"100~500㎡","interest_category":"창고용지","solar_candidate":"검토필요","candidate_reason":"지목·면적 기준 1차 검토 대상; 면적 395㎡","priority_score":35,"source":"경기부동산포털 국공유지조회·연속지적도","source_date":"2026-08-11","installed_solar_match":false}},{"type":"Feature","id":"4155025030100850009","geometry":{"type":"Point","coordinates":[127.2066091,37.0100921]},"properties":{"pnu":"4155025030100850009","municipality_code":"41550","municipality":"안성시","district":"안성시","locality":"공도읍 마정리","address":"안성시 공도읍 마정리 85-9","owner_type":"국유지","owner_label":"국(국토교통부)","manager":"","property_class":"","land_category":"체육용지","area_sqm":395.0,"area_band":"100~500㎡","interest_category":"체육용지","solar_candidate":"검토필요","candidate_reason":"체육시설·주차장 상부 활용 가능성 추가 검토; 면적 395㎡","priority_score":35,"source":"경기부동산포털 국공유지조회·연속지적도","source_date":"2026-08-11","installed_solar_match":false}},{"type":"Feature","id":"4155025021104510036","geometry":{"type":"Point","coordinates":[127.1911139,37.0066944]},"properties":{"pnu":"4155025021104510036","municipality_code":"41550","municipality":"안성시","district":"안성시","locality":"공도읍 양기리","address":"안성시 공도읍 양기리 451-36","owner_type":"국유지","owner_label":"국(국토교통부)","manager":"","property_class":"","land_category":"창고용지","area_sqm":377.0,"area_band":"100~500㎡","interest_category":"창고용지","solar_candidate":"검토필요","candidate_reason":"지목·면적 기준 1차 검토 대상; 면적 377㎡","priority_score":35,"source":"경기부동산포털 국공유지조회·연속지적도","source_date":"2026-08-11","installed_solar_match":false}},{"type":"Feature","id":"4155033025100090000","geometry":{"type":"Point","coordinates":[127.2597782,36.9225778]},"properties":{"pnu":"4155033025100090000","municipality_code":"41550","municipality":"안성시","district":"안성시","locality":"서운면 산평리","address":"안성시 서운면 산평리 9","owner_type":"국유지","owner_label":"국(국토교통부)","manager":"","property_class":"","land_category":"창고용지","area_sqm":330.0,"area_band":"100~500㎡","interest_category":"창고용지","solar_candidate":"검토필요","candidate_reason":"지목·면적 기준 1차 검토 대상; 면적 330㎡","priority_score":35,"source":"경기부동산포털 국공유지조회·연속지적도","source_date":"2026-08-11","installed_solar_match":false}},{"type":"Feature","id":"4155040030108970003","geometry":{"type":"Point","coordinates":[127.4297501,37.0145539]},"properties":{"pnu":"4155040030108970003","municipality_code":"41550","municipality":"안성시","district":"안성시","locality":"죽산면 두교리","address":"안성시 죽산면 두교리 897-3","owner_type":"국유지","owner_label":"국(기획재정부)","manager":"","property_class":"","land_category":"창고용지","area_sqm":316.0,"area_band":"100~500㎡","interest_category":"창고용지","solar_candidate":"검토필요","candidate_reason":"지목·면적 기준 1차 검토 대상; 면적 316㎡","priority_score":35,"source":"경기부동산포털 국공유지조회·연속지적도","source_date":"2026-08-11","installed_solar_match":false}},{"type":"Feature","id":"4155040030109170000","geometry":{"type":"Point","coordinates":[127.4285337,37.0150486]},"properties":{"pnu":"4155040030109170000","municipality_code":"41550","municipality":"안성시","district":"안성시","locality":"죽산면 두교리","address":"안성시 죽산면 두교리 917","owner_type":"국유지","owner_label":"국(기획재정부)","manager":"","property_class":"","land_category":"창고용지","area_sqm":298.0,"area_band":"100~500㎡","interest_category":"창고용지","solar_candidate":"검토필요","candidate_reason":"지목·면적 기준 1차 검토 대상; 면적 298㎡","priority_score":35,"source":"경기부동산포털 국공유지조회·연속지적도","source_date":"2026-08-11","installed_solar_match":false}},{"type":"Feature","id":"4155040025102030000","geometry":{"type":"Point","coordinates":[127.3908874,37.0517479]},"properties":{"pnu":"4155040025102030000","municipality_code":"41550","municipality":"안성시","district":"안성시","locality":"죽산면 장능리","address":"안성시 죽산면 장능리 203","owner_type":"국유지","owner_label":"국(기획재정부)","manager":"","property_class":"","land_category":"체육용지","area_sqm":291.0,"area_band":"100~500㎡","interest_category":"체육용지","solar_candidate":"검토필요","candidate_reason":"체육시설·주차장 상부 활용 가능성 추가 검토; 면적 291㎡","priority_score":35,"source":"경기부동산포털 국공유지조회·연속지적도","source_date":"2026-08-11","installed_solar_match":false}},{"type":"Feature","id":"4155011300104140007","geometry":{"type":"Point","coordinates":[127.2671543,37.0051838]},"properties":{"pnu":"4155011300104140007","municipality_code":"41550","municipality":"안성시","district":"안성시","locality":"인지동","address":"안성시 인지동 414-7","owner_type":"국유지","owner_label":"국(기획재정부)","manager":"","property_class":"","land_category":"창고용지","area_sqm":285.0,"area_band":"100~500㎡","interest_category":"창고용지","solar_candidate":"검토필요","candidate_reason":"지목·면적 기준 1차 검토 대상; 면적 285㎡","priority_score":35,"source":"경기부동산포털 국공유지조회·연속지적도","source_date":"2026-08-11","installed_solar_match":false}},{"type":"Feature","id":"4155033032102680000","geometry":{"type":"Point","coordinates":[127.2855989,36.9613655]},"properties":{"pnu":"4155033032102680000","municipality_code":"41550","municipality":"안성시","district":"안성시","locality":"서운면 오촌리","address":"안성시 서운면 오촌리 268","owner_type":"국유지","owner_label":"국(기획재정부)","manager":"","property_class":"","land_category":"체육용지","area_sqm":284.0,"area_band":"100~500㎡","interest_category":"체육용지","solar_candidate":"검토필요","candidate_reason":"체육시설·주차장 상부 활용 가능성 추가 검토; 면적 284㎡","priority_score":35,"source":"경기부동산포털 국공유지조회·연속지적도","source_date":"2026-08-11","installed_solar_match":false}},{"type":"Feature","id":"4155040026109150001","geometry":{"type":"Point","coordinates":[127.4095919,37.0399459]},"properties":{"pnu":"4155040026109150001","municipality_code":"41550","municipality":"안성시","district":"안성시","locality":"죽산면 장계리","address":"안성시 죽산면 장계리 915-1","owner_type":"국유지","owner_label":"국(기획재정부)","manager":"","property_class":"","land_category":"체육용지","area_sqm":280.0,"area_band":"100~500㎡","interest_category":"체육용지","solar_candidate":"검토필요","candidate_reason":"체육시설·주차장 상부 활용 가능성 추가 검토; 면적 280㎡","priority_score":35,"source":"경기부동산포털 국공유지조회·연속지적도","source_date":"2026-08-11","installed_solar_match":false}},{"type":"Feature","id":"4155040030109180000","geometry":{"type":"Point","coordinates":[127.4275709,37.0163113]},"properties":{"pnu":"4155040030109180000","municipality_code":"41550","municipality":"안성시","district":"안성시","locality":"죽산면 두교리","address":"안성시 죽산면 두교리 918","owner_type":"국유지","owner_label":"국(기획재정부)","manager":"","property_class":"","land_category":"창고용지","area_sqm":268.0,"area_band":"100~500㎡","interest_category":"창고용지","solar_candidate":"검토필요","candidate_reason":"지목·면적 기준 1차 검토 대상; 면적 268㎡","priority_score":35,"source":"경기부동산포털 국공유지조회·연속지적도","source_date":"2026-08-11","installed_solar_match":false}},{"type":"Feature","id":"4155025021104510029","geometry":{"type":"Point","coordinates":[127.1910704,37.0066672]},"properties":{"pnu":"4155025021104510029","municipality_code":"41550","municipality":"안성시","district":"안성시","locality":"공도읍 양기리","address":"안성시 공도읍 양기리 451-29","owner_type":"국유지","owner_label":"국(국토교통부)","manager":"","property_class":"","land_category":"창고용지","area_sqm":258.0,"area_band":"100~500㎡","interest_category":"창고용지","solar_candidate":"검토필요","candidate_reason":"지목·면적 기준 1차 검토 대상; 면적 258㎡","priority_score":35,"source":"경기부동산포털 국공유지조회·연속지적도","source_date":"2026-08-11","installed_solar_match":false}},{"type":"Feature","id":"4155033026104710011","geometry":{"type":"Point","coordinates":[127.2219018,36.9321826]},"properties":{"pnu":"4155033026104710011","municipality_code":"41550","municipality":"안성시","district":"안성시","locality":"서운면 현매리","address":"안성시 서운면 현매리 471-11","owner_type":"국유지","owner_label":"국(기획재정부)","manager":"","property_class":"","land_category":"창고용지","area_sqm":258.0,"area_band":"100~500㎡","interest_category":"창고용지","solar_candidate":"검토필요","candidate_reason":"지목·면적 기준 1차 검토 대상; 면적 258㎡","priority_score":35,"source":"경기부동산포털 국공유지조회·연속지적도","source_date":"2026-08-11","installed_solar_match":false}},{"type":"Feature","id":"4155040026109140002","geometry":{"type":"Point","coordinates":[127.4095329,37.0398981]},"properties":{"pnu":"4155040026109140002","municipality_code":"41550","municipality":"안성시","district":"안성시","locality":"죽산면 장계리","address":"안성시 죽산면 장계리 914-2","owner_type":"국유지","owner_label":"국(기획재정부)","manager":"","property_class":"","land_category":"체육용지","area_sqm":236.0,"area_band":"100~500㎡","interest_category":"체육용지","solar_candidate":"검토필요","candidate_reason":"체육시설·주차장 상부 활용 가능성 추가 검토; 면적 236㎡","priority_score":35,"source":"경기부동산포털 국공유지조회·연속지적도","source_date":"2026-08-11","installed_solar_match":false}},{"type":"Feature","id":"4155035031107050006","geometry":{"type":"Point","coordinates":[127.2138533,37.0092483]},"properties":{"pnu":"4155035031107050006","municipality_code":"41550","municipality":"안성시","district":"안성시","locality":"대덕면 신령리","address":"안성시 대덕면 신령리 705-6","owner_type":"국유지","owner_label":"국(국토교통부)","manager":"","property_class":"","land_category":"창고용지","area_sqm":195.0,"area_band":"100~500㎡","interest_category":"창고용지","solar_candidate":"검토필요","candidate_reason":"지목·면적 기준 1차 검토 대상; 면적 195㎡","priority_score":35,"source":"경기부동산포털 국공유지조회·연속지적도","source_date":"2026-08-11","installed_solar_match":false}},{"type":"Feature","id":"4155040030109160001","geometry":{"type":"Point","coordinates":[127.4294187,37.0142798]},"properties":{"pnu":"4155040030109160001","municipality_code":"41550","municipality":"안성시","district":"안성시","locality":"죽산면 두교리","address":"안성시 죽산면 두교리 916-1","owner_type":"국유지","owner_label":"국(기획재정부)","manager":"","property_class":"","land_category":"창고용지","area_sqm":190.0,"area_band":"100~500㎡","interest_category":"창고용지","solar_candidate":"검토필요","candidate_reason":"지목·면적 기준 1차 검토 대상; 면적 190㎡","priority_score":35,"source":"경기부동산포털 국공유지조회·연속지적도","source_date":"2026-08-11","installed_solar_match":false}},{"type":"Feature","id":"4155025029101650008","geometry":{"type":"Point","coordinates":[127.1856922,37.0059247]},"properties":{"pnu":"4155025029101650008","municipality_code":"41550","municipality":"안성시","district":"안성시","locality":"공도읍 만정리","address":"안성시 공도읍 만정리 165-8","owner_type":"국유지","owner_label":"국(국토교통부)","manager":"","property_class":"","land_category":"창고용지","area_sqm":174.0,"area_band":"100~500㎡","interest_category":"창고용지","solar_candidate":"검토필요","candidate_reason":"지목·면적 기준 1차 검토 대상; 면적 174㎡","priority_score":35,"source":"경기부동산포털 국공유지조회·연속지적도","source_date":"2026-08-11","installed_solar_match":false}},{"type":"Feature","id":"4155032027101070005","geometry":{"type":"Point","coordinates":[127.3823582,37.0184213]},"properties":{"pnu":"4155032027101070005","municipality_code":"41550","municipality":"안성시","district":"안성시","locality":"금광면 삼흥리","address":"안성시 금광면 삼흥리 107-5","owner_type":"국유지","owner_label":"국(기획재정부)","manager":"","property_class":"","land_category":"체육용지","area_sqm":174.0,"area_band":"100~500㎡","interest_category":"체육용지","solar_candidate":"검토필요","candidate_reason":"체육시설·주차장 상부 활용 가능성 추가 검토; 면적 174㎡","priority_score":35,"source":"경기부동산포털 국공유지조회·연속지적도","source_date":"2026-08-11","installed_solar_match":false}},{"type":"Feature","id":"4155025029107460010","geometry":{"type":"Point","coordinates":[127.186561,37.0060813]},"properties":{"pnu":"4155025029107460010","municipality_code":"41550","municipality":"안성시","district":"안성시","locality":"공도읍 만정리","address":"안성시 공도읍 만정리 746-10","owner_type":"국유지","owner_label":"국(국토교통부)","manager":"","property_class":"","land_category":"창고용지","area_sqm":153.4,"area_band":"100~500㎡","interest_category":"창고용지","solar_candidate":"검토필요","candidate_reason":"지목·면적 기준 1차 검토 대상; 면적 153㎡","priority_score":35,"source":"경기부동산포털 국공유지조회·연속지적도","source_date":"2026-08-11","installed_solar_match":false}},{"type":"Feature","id":"4155025030100820016","geometry":{"type":"Point","coordinates":[127.2069692,37.0100529]},"properties":{"pnu":"4155025030100820016","municipality_code":"41550","municipality":"안성시","district":"안성시","locality":"공도읍 마정리","address":"안성시 공도읍 마정리 82-16","owner_type":"국유지","owner_label":"국(국토교통부)","manager":"","property_class":"","land_category":"체육용지","area_sqm":140.0,"area_band":"100~500㎡","interest_category":"체육용지","solar_candidate":"검토필요","candidate_reason":"체육시설·주차장 상부 활용 가능성 추가 검토; 면적 140㎡","priority_score":35,"source":"경기부동산포털 국공유지조회·연속지적도","source_date":"2026-08-11","installed_solar_match":false}},{"type":"Feature","id":"4155031034100630037","geometry":{"type":"Point","coordinates":[127.3022283,37.0128626]},"properties":{"pnu":"4155031034100630037","municipality_code":"41550","municipality":"안성시","district":"안성시","locality":"보개면 구사리","address":"안성시 보개면 구사리 63-37","owner_type":"국유지","owner_label":"국","manager":"","property_class":"","land_category":"창고용지","area_sqm":120.0,"area_band":"100~500㎡","interest_category":"창고용지","solar_candidate":"검토필요","candidate_reason":"지목·면적 기준 1차 검토 대상; 면적 120㎡","priority_score":35,"source":"경기부동산포털 국공유지조회·연속지적도","source_date":"2026-08-11","installed_solar_match":false}},{"type":"Feature","id":"4155032034104930006","geometry":{"type":"Point","coordinates":[127.318638,37.0043312]},"properties":{"pnu":"4155032034104930006","municipality_code":"41550","municipality":"안성시","district":"안성시","locality":"금광면 신양복리","address":"안성시 금광면 신양복리 493-6","owner_type":"국유지","owner_label":"국(국토교통부)","manager":"","property_class":"","land_category":"창고용지","area_sqm":110.0,"area_band":"100~500㎡","interest_category":"창고용지","solar_candidate":"검토필요","candidate_reason":"지목·면적 기준 1차 검토 대상; 면적 110㎡","priority_score":35,"source":"경기부동산포털 국공유지조회·연속지적도","source_date":"2026-08-11","installed_solar_match":false}},{"type":"Feature","id":"4155032027108720013","geometry":{"type":"Point","coordinates":[127.3642791,37.0279296]},"properties":{"pnu":"4155032027108720013","municipality_code":"41550","municipality":"안성시","district":"안성시","locality":"금광면 삼흥리","address":"안성시 금광면 삼흥리 872-13","owner_type":"국유지","owner_label":"국(건설부)","manager":"","property_class":"","land_category":"창고용지","area_sqm":106.0,"area_band":"100~500㎡","interest_category":"창고용지","solar_candidate":"검토필요","candidate_reason":"지목·면적 기준 1차 검토 대상; 면적 106㎡","priority_score":35,"source":"경기부동산포털 국공유지조회·연속지적도","source_date":"2026-08-11","installed_solar_match":false}},{"type":"Feature","id":"4155039029105360059","geometry":{"type":"Point","coordinates":[127.4393555,37.1190277]},"properties":{"pnu":"4155039029105360059","municipality_code":"41550","municipality":"안성시","district":"안성시","locality":"일죽면 고은리","address":"안성시 일죽면 고은리 536-59","owner_type":"국유지","owner_label":"국(기획재정부)","manager":"","property_class":"","land_category":"창고용지","area_sqm":104.0,"area_band":"100~500㎡","interest_category":"창고용지","solar_candidate":"검토필요","candidate_reason":"지목·면적 기준 1차 검토 대상; 면적 104㎡","priority_score":35,"source":"경기부동산포털 국공유지조회·연속지적도","source_date":"2026-08-11","installed_solar_match":false}},{"type":"Feature","id":"4155032027101090004","geometry":{"type":"Point","coordinates":[127.3818142,37.0185925]},"properties":{"pnu":"4155032027101090004","municipality_code":"41550","municipality":"안성시","district":"안성시","locality":"금광면 삼흥리","address":"안성시 금광면 삼흥리 109-4","owner_type":"국유지","owner_label":"국(기획재정부)","manager":"","property_class":"","land_category":"체육용지","area_sqm":101.0,"area_band":"100~500㎡","interest_category":"체육용지","solar_candidate":"검토필요","candidate_reason":"체육시설·주차장 상부 활용 가능성 추가 검토; 면적 101㎡","priority_score":35,"source":"경기부동산포털 국공유지조회·연속지적도","source_date":"2026-08-11","installed_solar_match":false}}]}