{"type":"FeatureCollection","name":"gyeonggi_41630_municipal_solar_candidates","metadata":{"generated_on":"2026-08-11","source":"경기부동산포털 국공유지조회·연속지적도","source_agency":"경기도","ownership_source":"경기부동산포털 국공유지조회","coverage":"양주시","owner_code":"5","owner_type":"시·군유지","minimum_area_sqm":100.0,"feature_count":1470,"coordinate_reference":"GRIS native values interpreted as EPSG:5174 and projected to EPSG:4326","coordinate_precision":"7 decimals, increased only when needed to keep narrow-parcel points inside","disclaimer":"설치 가능 확정이 아닌 현장조사 우선순위"},"features":[{"type":"Feature","id":"4163031025104250015","geometry":{"type":"Point","coordinates":[127.0442298,37.8915557]},"properties":{"pnu":"4163031025104250015","municipality_code":"41630","municipality":"양주시","district":"양주시","locality":"은현면 하패리","address":"양주시 은현면 하패리 425-15","owner_type":"시·군유지","owner_label":"양주시","manager":"","property_class":"","land_category":"잡종지","area_sqm":62193.0,"area_band":"5,000㎡ 이상","interest_category":"잡종지","solar_candidate":"Y","candidate_reason":"실제 이용·점유 여부 확인 후 검토할 잡종지; 면적 62,193㎡","priority_score":75,"source":"경기부동산포털 국공유지조회·연속지적도","source_date":"2026-08-11","installed_solar_match":true,"installed_solar_count":11,"installed_solar_area_sqm":1413.8,"installed_solar_analysis_years":["2024"],"installed_solar_types":["공공시설물"],"installed_solar_permit_status_counts":{"N":11}}},{"type":"Feature","id":"4163031024100390000","geometry":{"type":"Point","coordinates":[127.0102321,37.8924186]},"properties":{"pnu":"4163031024100390000","municipality_code":"41630","municipality":"양주시","district":"양주시","locality":"은현면 봉암리","address":"양주시 은현면 봉암리 39","owner_type":"시·군유지","owner_label":"양주시","manager":"","property_class":"","land_category":"잡종지","area_sqm":45633.0,"area_band":"5,000㎡ 이상","interest_category":"잡종지","solar_candidate":"Y","candidate_reason":"실제 이용·점유 여부 확인 후 검토할 잡종지; 면적 45,633㎡","priority_score":75,"source":"경기부동산포털 국공유지조회·연속지적도","source_date":"2026-08-11","installed_solar_match":false}},{"type":"Feature","id":"4163033027107290000","geometry":{"type":"Point","coordinates":[126.9907392,37.8386501]},"properties":{"pnu":"4163033027107290000","municipality_code":"41630","municipality":"양주시","district":"양주시","locality":"광적면 석우리","address":"양주시 광적면 석우리 729","owner_type":"시·군유지","owner_label":"양주시","manager":"","property_class":"","land_category":"잡종지","area_sqm":29494.0,"area_band":"5,000㎡ 이상","interest_category":"잡종지","solar_candidate":"Y","candidate_reason":"실제 이용·점유 여부 확인 후 검토할 잡종지; 면적 29,494㎡","priority_score":75,"source":"경기부동산포털 국공유지조회·연속지적도","source_date":"2026-08-11","installed_solar_match":false}},{"type":"Feature","id":"4163032027106620001","geometry":{"type":"Point","coordinates":[126.9968624,37.8672209]},"properties":{"pnu":"4163032027106620001","municipality_code":"41630","municipality":"양주시","district":"양주시","locality":"남면 상수리","address":"양주시 남면 상수리 662-1","owner_type":"시·군유지","owner_label":"양주시","manager":"","property_class":"","land_category":"잡종지","area_sqm":20000.2,"area_band":"5,000㎡ 이상","interest_category":"잡종지","solar_candidate":"Y","candidate_reason":"실제 이용·점유 여부 확인 후 검토할 잡종지; 면적 20,000㎡","priority_score":75,"source":"경기부동산포털 국공유지조회·연속지적도","source_date":"2026-08-11","installed_solar_match":false}},{"type":"Feature","id":"4163011300102990035","geometry":{"type":"Point","coordinates":[127.1041219,37.8418775]},"properties":{"pnu":"4163011300102990035","municipality_code":"41630","municipality":"양주시","district":"양주시","locality":"율정동","address":"양주시 율정동 299-35","owner_type":"시·군유지","owner_label":"양주시","manager":"","property_class":"","land_category":"잡종지","area_sqm":17072.0,"area_band":"5,000㎡ 이상","interest_category":"잡종지","solar_candidate":"Y","candidate_reason":"실제 이용·점유 여부 확인 후 검토할 잡종지; 면적 17,072㎡","priority_score":75,"source":"경기부동산포털 국공유지조회·연속지적도","source_date":"2026-08-11","installed_solar_match":false}},{"type":"Feature","id":"4163034023106460054","geometry":{"type":"Point","coordinates":[126.9578924,37.7133263]},"properties":{"pnu":"4163034023106460054","municipality_code":"41630","municipality":"양주시","district":"양주시","locality":"장흥면 부곡리","address":"양주시 장흥면 부곡리 646-54","owner_type":"시·군유지","owner_label":"양주시","manager":"","property_class":"","land_category":"잡종지","area_sqm":10542.0,"area_band":"5,000㎡ 이상","interest_category":"잡종지","solar_candidate":"Y","candidate_reason":"실제 이용·점유 여부 확인 후 검토할 잡종지; 면적 10,542㎡","priority_score":75,"source":"경기부동산포털 국공유지조회·연속지적도","source_date":"2026-08-11","installed_solar_match":false}},{"type":"Feature","id":"4163032028102120000","geometry":{"type":"Point","coordinates":[126.9914105,37.8937707]},"properties":{"pnu":"4163032028102120000","municipality_code":"41630","municipality":"양주시","district":"양주시","locality":"남면 입암리","address":"양주시 남면 입암리 212","owner_type":"시·군유지","owner_label":"양주시","manager":"","property_class":"","land_category":"잡종지","area_sqm":9758.0,"area_band":"5,000㎡ 이상","interest_category":"잡종지","solar_candidate":"Y","candidate_reason":"실제 이용·점유 여부 확인 후 검토할 잡종지; 면적 9,758㎡","priority_score":75,"source":"경기부동산포털 국공유지조회·연속지적도","source_date":"2026-08-11","installed_solar_match":false}},{"type":"Feature","id":"4163025025109390000","geometry":{"type":"Point","coordinates":[126.9640034,37.8035287]},"properties":{"pnu":"4163025025109390000","municipality_code":"41630","municipality":"양주시","district":"양주시","locality":"백석읍 홍죽리","address":"양주시 백석읍 홍죽리 939","owner_type":"시·군유지","owner_label":"양주시","manager":"","property_class":"","land_category":"잡종지","area_sqm":8845.8,"area_band":"5,000㎡ 이상","interest_category":"잡종지","solar_candidate":"Y","candidate_reason":"실제 이용·점유 여부 확인 후 검토할 잡종지; 면적 8,846㎡","priority_score":75,"source":"경기부동산포털 국공유지조회·연속지적도","source_date":"2026-08-11","installed_solar_match":false}},{"type":"Feature","id":"4163032028102080000","geometry":{"type":"Point","coordinates":[126.9924235,37.8937288]},"properties":{"pnu":"4163032028102080000","municipality_code":"41630","municipality":"양주시","district":"양주시","locality":"남면 입암리","address":"양주시 남면 입암리 208","owner_type":"시·군유지","owner_label":"양주시","manager":"","property_class":"","land_category":"잡종지","area_sqm":7337.0,"area_band":"5,000㎡ 이상","interest_category":"잡종지","solar_candidate":"Y","candidate_reason":"실제 이용·점유 여부 확인 후 검토할 잡종지; 면적 7,337㎡","priority_score":75,"source":"경기부동산포털 국공유지조회·연속지적도","source_date":"2026-08-11","installed_solar_match":false}},{"type":"Feature","id":"4163031021100120006","geometry":{"type":"Point","coordinates":[127.0576914,37.8641189]},"properties":{"pnu":"4163031021100120006","municipality_code":"41630","municipality":"양주시","district":"양주시","locality":"은현면 용암리","address":"양주시 은현면 용암리 12-6","owner_type":"시·군유지","owner_label":"양주시","manager":"","property_class":"","land_category":"잡종지","area_sqm":6781.0,"area_band":"5,000㎡ 이상","interest_category":"잡종지","solar_candidate":"Y","candidate_reason":"실제 이용·점유 여부 확인 후 검토할 잡종지; 면적 6,781㎡","priority_score":75,"source":"경기부동산포털 국공유지조회·연속지적도","source_date":"2026-08-11","installed_solar_match":false}},{"type":"Feature","id":"4163025021102400012","geometry":{"type":"Point","coordinates":[127.0006841,37.7993907]},"properties":{"pnu":"4163025021102400012","municipality_code":"41630","municipality":"양주시","district":"양주시","locality":"백석읍 방성리","address":"양주시 백석읍 방성리 240-12","owner_type":"시·군유지","owner_label":"양주시","manager":"","property_class":"","land_category":"잡종지","area_sqm":6053.0,"area_band":"5,000㎡ 이상","interest_category":"잡종지","solar_candidate":"Y","candidate_reason":"실제 이용·점유 여부 확인 후 검토할 잡종지; 면적 6,053㎡","priority_score":75,"source":"경기부동산포털 국공유지조회·연속지적도","source_date":"2026-08-11","installed_solar_match":false}},{"type":"Feature","id":"4163034023106460069","geometry":{"type":"Point","coordinates":[126.9593886,37.7131084]},"properties":{"pnu":"4163034023106460069","municipality_code":"41630","municipality":"양주시","district":"양주시","locality":"장흥면 부곡리","address":"양주시 장흥면 부곡리 646-69","owner_type":"시·군유지","owner_label":"양주시","manager":"","property_class":"","land_category":"잡종지","area_sqm":5127.0,"area_band":"5,000㎡ 이상","interest_category":"잡종지","solar_candidate":"Y","candidate_reason":"실제 이용·점유 여부 확인 후 검토할 잡종지; 면적 5,127㎡","priority_score":75,"source":"경기부동산포털 국공유지조회·연속지적도","source_date":"2026-08-11","installed_solar_match":false}},{"type":"Feature","id":"4163033021107090038","geometry":{"type":"Point","coordinates":[126.9876205,37.8205242]},"properties":{"pnu":"4163033021107090038","municipality_code":"41630","municipality":"양주시","district":"양주시","locality":"광적면 가납리","address":"양주시 광적면 가납리 709-38","owner_type":"시·군유지","owner_label":"양주시","manager":"","property_class":"","land_category":"주차장","area_sqm":4786.0,"area_band":"3,000~5,000㎡","interest_category":"주차장","solar_candidate":"Y","candidate_reason":"주차면 상부 태양광을 우선 검토할 지목; 면적 4,786㎡","priority_score":75,"source":"경기부동산포털 국공유지조회·연속지적도","source_date":"2026-08-11","installed_solar_match":false}},{"type":"Feature","id":"4163011400109750001","geometry":{"type":"Point","coordinates":[127.0899337,37.8375924]},"properties":{"pnu":"4163011400109750001","municipality_code":"41630","municipality":"양주시","district":"양주시","locality":"옥정동","address":"양주시 옥정동 975-1","owner_type":"시·군유지","owner_label":"양주시","manager":"","property_class":"","land_category":"주차장","area_sqm":3802.7,"area_band":"3,000~5,000㎡","interest_category":"주차장","solar_candidate":"Y","candidate_reason":"주차면 상부 태양광을 우선 검토할 지목; 면적 3,803㎡","priority_score":75,"source":"경기부동산포털 국공유지조회·연속지적도","source_date":"2026-08-11","installed_solar_match":true,"installed_solar_count":2,"installed_solar_area_sqm":45.3,"installed_solar_analysis_years":["2024"],"installed_solar_types":["기타"],"installed_solar_permit_status_counts":{"N":2}}},{"type":"Feature","id":"4163032022101300013","geometry":{"type":"Point","coordinates":[126.9650567,37.9103428]},"properties":{"pnu":"4163032022101300013","municipality_code":"41630","municipality":"양주시","district":"양주시","locality":"남면 신암리","address":"양주시 남면 신암리 130-13","owner_type":"시·군유지","owner_label":"양주시","manager":"","property_class":"","land_category":"주차장","area_sqm":3604.0,"area_band":"3,000~5,000㎡","interest_category":"주차장","solar_candidate":"Y","candidate_reason":"주차면 상부 태양광을 우선 검토할 지목; 면적 3,604㎡","priority_score":75,"source":"경기부동산포털 국공유지조회·연속지적도","source_date":"2026-08-11","installed_solar_match":false}},{"type":"Feature","id":"4163025027103900009","geometry":{"type":"Point","coordinates":[126.935109,37.7772369]},"properties":{"pnu":"4163025027103900009","municipality_code":"41630","municipality":"양주시","district":"양주시","locality":"백석읍 기산리","address":"양주시 백석읍 기산리 390-9","owner_type":"시·군유지","owner_label":"양주시","manager":"","property_class":"","land_category":"주차장","area_sqm":3076.0,"area_band":"3,000~5,000㎡","interest_category":"주차장","solar_candidate":"Y","candidate_reason":"주차면 상부 태양광을 우선 검토할 지목; 면적 3,076㎡","priority_score":75,"source":"경기부동산포털 국공유지조회·연속지적도","source_date":"2026-08-11","installed_solar_match":false}},{"type":"Feature","id":"4163011300103000000","geometry":{"type":"Point","coordinates":[127.1031975,37.8419913]},"properties":{"pnu":"4163011300103000000","municipality_code":"41630","municipality":"양주시","district":"양주시","locality":"율정동","address":"양주시 율정동 300","owner_type":"시·군유지","owner_label":"양주시","manager":"","property_class":"","land_category":"잡종지","area_sqm":3792.0,"area_band":"3,000~5,000㎡","interest_category":"잡종지","solar_candidate":"Y","candidate_reason":"실제 이용·점유 여부 확인 후 검토할 잡종지; 면적 3,792㎡","priority_score":70,"source":"경기부동산포털 국공유지조회·연속지적도","source_date":"2026-08-11","installed_solar_match":false}},{"type":"Feature","id":"4163034026104720004","geometry":{"type":"Point","coordinates":[126.9219631,37.6883928]},"properties":{"pnu":"4163034026104720004","municipality_code":"41630","municipality":"양주시","district":"양주시","locality":"장흥면 삼상리","address":"양주시 장흥면 삼상리 472-4","owner_type":"시·군유지","owner_label":"양주시","manager":"","property_class":"","land_category":"잡종지","area_sqm":3606.0,"area_band":"3,000~5,000㎡","interest_category":"잡종지","solar_candidate":"Y","candidate_reason":"실제 이용·점유 여부 확인 후 검토할 잡종지; 면적 3,606㎡","priority_score":70,"source":"경기부동산포털 국공유지조회·연속지적도","source_date":"2026-08-11","installed_solar_match":false}},{"type":"Feature","id":"4163011100108910003","geometry":{"type":"Point","coordinates":[127.0612535,37.8591667]},"properties":{"pnu":"4163011100108910003","municipality_code":"41630","municipality":"양주시","district":"양주시","locality":"봉양동","address":"양주시 봉양동 891-3","owner_type":"시·군유지","owner_label":"양주시","manager":"","property_class":"","land_category":"잡종지","area_sqm":3574.0,"area_band":"3,000~5,000㎡","interest_category":"잡종지","solar_candidate":"Y","candidate_reason":"실제 이용·점유 여부 확인 후 검토할 잡종지; 면적 3,574㎡","priority_score":70,"source":"경기부동산포털 국공유지조회·연속지적도","source_date":"2026-08-11","installed_solar_match":false}},{"type":"Feature","id":"4163032021103640007","geometry":{"type":"Point","coordinates":[126.9635752,37.9013865]},"properties":{"pnu":"4163032021103640007","municipality_code":"41630","municipality":"양주시","district":"양주시","locality":"남면 신산리","address":"양주시 남면 신산리 364-7","owner_type":"시·군유지","owner_label":"양주시","manager":"","property_class":"","land_category":"잡종지","area_sqm":3158.0,"area_band":"3,000~5,000㎡","interest_category":"잡종지","solar_candidate":"Y","candidate_reason":"실제 이용·점유 여부 확인 후 검토할 잡종지; 면적 3,158㎡","priority_score":70,"source":"경기부동산포털 국공유지조회·연속지적도","source_date":"2026-08-11","installed_solar_match":false}},{"type":"Feature","id":"4163010700105910009","geometry":{"type":"Point","coordinates":[127.0832165,37.7827262]},"properties":{"pnu":"4163010700105910009","municipality_code":"41630","municipality":"양주시","district":"양주시","locality":"만송동","address":"양주시 만송동 591-9","owner_type":"시·군유지","owner_label":"양주시","manager":"","property_class":"","land_category":"잡종지","area_sqm":3077.0,"area_band":"3,000~5,000㎡","interest_category":"잡종지","solar_candidate":"Y","candidate_reason":"실제 이용·점유 여부 확인 후 검토할 잡종지; 면적 3,077㎡","priority_score":70,"source":"경기부동산포털 국공유지조회·연속지적도","source_date":"2026-08-11","installed_solar_match":false}},{"type":"Feature","id":"4163011600109420000","geometry":{"type":"Point","coordinates":[127.057723,37.8192871]},"properties":{"pnu":"4163011600109420000","municipality_code":"41630","municipality":"양주시","district":"양주시","locality":"덕계동","address":"양주시 덕계동 942","owner_type":"시·군유지","owner_label":"양주시","manager":"","property_class":"","land_category":"주차장","area_sqm":2391.6,"area_band":"1,000~3,000㎡","interest_category":"주차장","solar_candidate":"Y","candidate_reason":"주차면 상부 태양광을 우선 검토할 지목; 면적 2,392㎡","priority_score":68,"source":"경기부동산포털 국공유지조회·연속지적도","source_date":"2026-08-11","installed_solar_match":false}},{"type":"Feature","id":"4163011600100250001","geometry":{"type":"Point","coordinates":[127.0628468,37.805052]},"properties":{"pnu":"4163011600100250001","municipality_code":"41630","municipality":"양주시","district":"양주시","locality":"덕계동","address":"양주시 덕계동 25-1","owner_type":"시·군유지","owner_label":"양주시","manager":"","property_class":"","land_category":"주차장","area_sqm":2200.0,"area_band":"1,000~3,000㎡","interest_category":"주차장","solar_candidate":"Y","candidate_reason":"주차면 상부 태양광을 우선 검토할 지목; 면적 2,200㎡","priority_score":68,"source":"경기부동산포털 국공유지조회·연속지적도","source_date":"2026-08-11","installed_solar_match":false}},{"type":"Feature","id":"4163011600109300002","geometry":{"type":"Point","coordinates":[127.0548283,37.8184079]},"properties":{"pnu":"4163011600109300002","municipality_code":"41630","municipality":"양주시","district":"양주시","locality":"덕계동","address":"양주시 덕계동 930-2","owner_type":"시·군유지","owner_label":"양주시","manager":"","property_class":"","land_category":"주차장","area_sqm":2108.6,"area_band":"1,000~3,000㎡","interest_category":"주차장","solar_candidate":"Y","candidate_reason":"주차면 상부 태양광을 우선 검토할 지목; 면적 2,109㎡","priority_score":68,"source":"경기부동산포털 국공유지조회·연속지적도","source_date":"2026-08-11","installed_solar_match":false}},{"type":"Feature","id":"4163011000102060001","geometry":{"type":"Point","coordinates":[127.0686062,37.8379692]},"properties":{"pnu":"4163011000102060001","municipality_code":"41630","municipality":"양주시","district":"양주시","locality":"덕정동","address":"양주시 덕정동 206-1","owner_type":"시·군유지","owner_label":"양주시","manager":"","property_class":"","land_category":"주차장","area_sqm":1853.0,"area_band":"1,000~3,000㎡","interest_category":"주차장","solar_candidate":"Y","candidate_reason":"주차면 상부 태양광을 우선 검토할 지목; 면적 1,853㎡","priority_score":68,"source":"경기부동산포털 국공유지조회·연속지적도","source_date":"2026-08-11","installed_solar_match":false}},{"type":"Feature","id":"4163032027106670010","geometry":{"type":"Point","coordinates":[126.9959237,37.8647729]},"properties":{"pnu":"4163032027106670010","municipality_code":"41630","municipality":"양주시","district":"양주시","locality":"남면 상수리","address":"양주시 남면 상수리 667-10","owner_type":"시·군유지","owner_label":"양주시","manager":"","property_class":"","land_category":"주차장","area_sqm":1541.4,"area_band":"1,000~3,000㎡","interest_category":"주차장","solar_candidate":"Y","candidate_reason":"주차면 상부 태양광을 우선 검토할 지목; 면적 1,541㎡","priority_score":68,"source":"경기부동산포털 국공유지조회·연속지적도","source_date":"2026-08-11","installed_solar_match":false}},{"type":"Feature","id":"4163011600109320000","geometry":{"type":"Point","coordinates":[127.0566,37.8195883]},"properties":{"pnu":"4163011600109320000","municipality_code":"41630","municipality":"양주시","district":"양주시","locality":"덕계동","address":"양주시 덕계동 932","owner_type":"시·군유지","owner_label":"양주시","manager":"","property_class":"","land_category":"주차장","area_sqm":1504.2,"area_band":"1,000~3,000㎡","interest_category":"주차장","solar_candidate":"Y","candidate_reason":"주차면 상부 태양광을 우선 검토할 지목; 면적 1,504㎡","priority_score":68,"source":"경기부동산포털 국공유지조회·연속지적도","source_date":"2026-08-11","installed_solar_match":false}},{"type":"Feature","id":"4163011600109700000","geometry":{"type":"Point","coordinates":[127.0556734,37.8142478]},"properties":{"pnu":"4163011600109700000","municipality_code":"41630","municipality":"양주시","district":"양주시","locality":"덕계동","address":"양주시 덕계동 970","owner_type":"시·군유지","owner_label":"양주시","manager":"","property_class":"","land_category":"주차장","area_sqm":1437.3,"area_band":"1,000~3,000㎡","interest_category":"주차장","solar_candidate":"Y","candidate_reason":"주차면 상부 태양광을 우선 검토할 지목; 면적 1,437㎡","priority_score":68,"source":"경기부동산포털 국공유지조회·연속지적도","source_date":"2026-08-11","installed_solar_match":false}},{"type":"Feature","id":"4163025027103920010","geometry":{"type":"Point","coordinates":[126.9359554,37.776882]},"properties":{"pnu":"4163025027103920010","municipality_code":"41630","municipality":"양주시","district":"양주시","locality":"백석읍 기산리","address":"양주시 백석읍 기산리 392-10","owner_type":"시·군유지","owner_label":"양주시","manager":"","property_class":"","land_category":"주차장","area_sqm":1269.0,"area_band":"1,000~3,000㎡","interest_category":"주차장","solar_candidate":"Y","candidate_reason":"주차면 상부 태양광을 우선 검토할 지목; 면적 1,269㎡","priority_score":68,"source":"경기부동산포털 국공유지조회·연속지적도","source_date":"2026-08-11","installed_solar_match":false}},{"type":"Feature","id":"4163033021108440000","geometry":{"type":"Point","coordinates":[126.9827075,37.8238285]},"properties":{"pnu":"4163033021108440000","municipality_code":"41630","municipality":"양주시","district":"양주시","locality":"광적면 가납리","address":"양주시 광적면 가납리 844","owner_type":"시·군유지","owner_label":"양주시","manager":"","property_class":"","land_category":"주차장","area_sqm":1235.2,"area_band":"1,000~3,000㎡","interest_category":"주차장","solar_candidate":"Y","candidate_reason":"주차면 상부 태양광을 우선 검토할 지목; 면적 1,235㎡","priority_score":68,"source":"경기부동산포털 국공유지조회·연속지적도","source_date":"2026-08-11","installed_solar_match":false}},{"type":"Feature","id":"4163032022101300010","geometry":{"type":"Point","coordinates":[126.965274,37.9106274]},"properties":{"pnu":"4163032022101300010","municipality_code":"41630","municipality":"양주시","district":"양주시","locality":"남면 신암리","address":"양주시 남면 신암리 130-10","owner_type":"시·군유지","owner_label":"양주시","manager":"","property_class":"","land_category":"주차장","area_sqm":1131.0,"area_band":"1,000~3,000㎡","interest_category":"주차장","solar_candidate":"Y","candidate_reason":"주차면 상부 태양광을 우선 검토할 지목; 면적 1,131㎡","priority_score":68,"source":"경기부동산포털 국공유지조회·연속지적도","source_date":"2026-08-11","installed_solar_match":false}},{"type":"Feature","id":"4163033022101320000","geometry":{"type":"Point","coordinates":[126.9712384,37.8132293]},"properties":{"pnu":"4163033022101320000","municipality_code":"41630","municipality":"양주시","district":"양주시","locality":"광적면 광석리","address":"양주시 광적면 광석리 132","owner_type":"시·군유지","owner_label":"양주시","manager":"","property_class":"","land_category":"대","area_sqm":58190.0,"area_band":"5,000㎡ 이상","interest_category":"대","solar_candidate":"Y","candidate_reason":"청사·공공건축물·주차장 현황 추가 확인 필요; 면적 58,190㎡","priority_score":65,"source":"경기부동산포털 국공유지조회·연속지적도","source_date":"2026-08-11","installed_solar_match":true,"installed_solar_count":8,"installed_solar_area_sqm":740.0,"installed_solar_analysis_years":["2024"],"installed_solar_types":["공공시설물"],"installed_solar_permit_status_counts":{"N":8}}},{"type":"Feature","id":"4163011600107550002","geometry":{"type":"Point","coordinates":[127.0301918,37.81841]},"properties":{"pnu":"4163011600107550002","municipality_code":"41630","municipality":"양주시","district":"양주시","locality":"덕계동","address":"양주시 덕계동 755-2","owner_type":"시·군유지","owner_label":"양주시","manager":"","property_class":"","land_category":"대","area_sqm":38650.0,"area_band":"5,000㎡ 이상","interest_category":"대","solar_candidate":"Y","candidate_reason":"청사·공공건축물·주차장 현황 추가 확인 필요; 면적 38,650㎡","priority_score":65,"source":"경기부동산포털 국공유지조회·연속지적도","source_date":"2026-08-11","installed_solar_match":false}},{"type":"Feature","id":"4163010400100690001","geometry":{"type":"Point","coordinates":[127.0467125,37.786534]},"properties":{"pnu":"4163010400100690001","municipality_code":"41630","municipality":"양주시","district":"양주시","locality":"마전동","address":"양주시 마전동 69-1","owner_type":"시·군유지","owner_label":"양주시","manager":"","property_class":"","land_category":"대","area_sqm":33008.0,"area_band":"5,000㎡ 이상","interest_category":"대","solar_candidate":"Y","candidate_reason":"청사·공공건축물·주차장 현황 추가 확인 필요; 면적 33,008㎡","priority_score":65,"source":"경기부동산포털 국공유지조회·연속지적도","source_date":"2026-08-11","installed_solar_match":false}},{"type":"Feature","id":"4163033022101290003","geometry":{"type":"Point","coordinates":[126.9715796,37.8147087]},"properties":{"pnu":"4163033022101290003","municipality_code":"41630","municipality":"양주시","district":"양주시","locality":"광적면 광석리","address":"양주시 광적면 광석리 129-3","owner_type":"시·군유지","owner_label":"양주시","manager":"","property_class":"","land_category":"대","area_sqm":17535.0,"area_band":"5,000㎡ 이상","interest_category":"대","solar_candidate":"Y","candidate_reason":"청사·공공건축물·주차장 현황 추가 확인 필요; 면적 17,535㎡","priority_score":65,"source":"경기부동산포털 국공유지조회·연속지적도","source_date":"2026-08-11","installed_solar_match":true,"installed_solar_count":5,"installed_solar_area_sqm":689.8,"installed_solar_analysis_years":["2024"],"installed_solar_types":["공공시설물"],"installed_solar_permit_status_counts":{"N":5}}},{"type":"Feature","id":"4163010500102640004","geometry":{"type":"Point","coordinates":[127.0448078,37.7996876]},"properties":{"pnu":"4163010500102640004","municipality_code":"41630","municipality":"양주시","district":"양주시","locality":"산북동","address":"양주시 산북동 264-4","owner_type":"시·군유지","owner_label":"양주시","manager":"","property_class":"","land_category":"대","area_sqm":17382.0,"area_band":"5,000㎡ 이상","interest_category":"대","solar_candidate":"Y","candidate_reason":"청사·공공건축물·주차장 현황 추가 확인 필요; 면적 17,382㎡","priority_score":65,"source":"경기부동산포털 국공유지조회·연속지적도","source_date":"2026-08-11","installed_solar_match":true,"installed_solar_count":3,"installed_solar_area_sqm":481.1,"installed_solar_analysis_years":["2024"],"installed_solar_types":["공공시설물"],"installed_solar_permit_status_counts":{"N":3}}},{"type":"Feature","id":"4163010800101760005","geometry":{"type":"Point","coordinates":[127.1087307,37.8015236]},"properties":{"pnu":"4163010800101760005","municipality_code":"41630","municipality":"양주시","district":"양주시","locality":"삼숭동","address":"양주시 삼숭동 176-5","owner_type":"시·군유지","owner_label":"양주시","manager":"","property_class":"","land_category":"대","area_sqm":15657.0,"area_band":"5,000㎡ 이상","interest_category":"대","solar_candidate":"Y","candidate_reason":"청사·공공건축물·주차장 현황 추가 확인 필요; 면적 15,657㎡","priority_score":65,"source":"경기부동산포털 국공유지조회·연속지적도","source_date":"2026-08-11","installed_solar_match":false}},{"type":"Feature","id":"4163010600108130000","geometry":{"type":"Point","coordinates":[127.0838698,37.7878791]},"properties":{"pnu":"4163010600108130000","municipality_code":"41630","municipality":"양주시","district":"양주시","locality":"광사동","address":"양주시 광사동 813","owner_type":"시·군유지","owner_label":"양주시","manager":"","property_class":"","land_category":"대","area_sqm":11614.5,"area_band":"5,000㎡ 이상","interest_category":"대","solar_candidate":"Y","candidate_reason":"청사·공공건축물·주차장 현황 추가 확인 필요; 면적 11,614㎡","priority_score":65,"source":"경기부동산포털 국공유지조회·연속지적도","source_date":"2026-08-11","installed_solar_match":true,"installed_solar_count":2,"installed_solar_area_sqm":445.4,"installed_solar_analysis_years":["2024"],"installed_solar_types":["공공시설물"],"installed_solar_permit_status_counts":{"N":2}}},{"type":"Feature","id":"4163010100102620000","geometry":{"type":"Point","coordinates":[127.0313655,37.7861042]},"properties":{"pnu":"4163010100102620000","municipality_code":"41630","municipality":"양주시","district":"양주시","locality":"유양동","address":"양주시 유양동 262","owner_type":"시·군유지","owner_label":"양주시","manager":"","property_class":"","land_category":"대","area_sqm":11285.0,"area_band":"5,000㎡ 이상","interest_category":"대","solar_candidate":"Y","candidate_reason":"청사·공공건축물·주차장 현황 추가 확인 필요; 면적 11,285㎡","priority_score":65,"source":"경기부동산포털 국공유지조회·연속지적도","source_date":"2026-08-11","installed_solar_match":false}},{"type":"Feature","id":"4163011300102990001","geometry":{"type":"Point","coordinates":[127.1027514,37.8411715]},"properties":{"pnu":"4163011300102990001","municipality_code":"41630","municipality":"양주시","district":"양주시","locality":"율정동","address":"양주시 율정동 299-1","owner_type":"시·군유지","owner_label":"양주시","manager":"","property_class":"","land_category":"대","area_sqm":9126.0,"area_band":"5,000㎡ 이상","interest_category":"대","solar_candidate":"Y","candidate_reason":"청사·공공건축물·주차장 현황 추가 확인 필요; 면적 9,126㎡","priority_score":65,"source":"경기부동산포털 국공유지조회·연속지적도","source_date":"2026-08-11","installed_solar_match":true,"installed_solar_count":6,"installed_solar_area_sqm":310.4,"installed_solar_analysis_years":["2024"],"installed_solar_types":["공공시설물"],"installed_solar_permit_status_counts":{"N":6}}},{"type":"Feature","id":"4163025021106180002","geometry":{"type":"Point","coordinates":[127.0003646,37.79161]},"properties":{"pnu":"4163025021106180002","municipality_code":"41630","municipality":"양주시","district":"양주시","locality":"백석읍 방성리","address":"양주시 백석읍 방성리 618-2","owner_type":"시·군유지","owner_label":"양주시","manager":"","property_class":"","land_category":"대","area_sqm":8016.0,"area_band":"5,000㎡ 이상","interest_category":"대","solar_candidate":"Y","candidate_reason":"청사·공공건축물·주차장 현황 추가 확인 필요; 면적 8,016㎡","priority_score":65,"source":"경기부동산포털 국공유지조회·연속지적도","source_date":"2026-08-11","installed_solar_match":false}},{"type":"Feature","id":"4163032021102570002","geometry":{"type":"Point","coordinates":[126.9766401,37.8979497]},"properties":{"pnu":"4163032021102570002","municipality_code":"41630","municipality":"양주시","district":"양주시","locality":"남면 신산리","address":"양주시 남면 신산리 257-2","owner_type":"시·군유지","owner_label":"양주시","manager":"","property_class":"","land_category":"대","area_sqm":7042.0,"area_band":"5,000㎡ 이상","interest_category":"대","solar_candidate":"Y","candidate_reason":"청사·공공건축물·주차장 현황 추가 확인 필요; 면적 7,042㎡","priority_score":65,"source":"경기부동산포털 국공유지조회·연속지적도","source_date":"2026-08-11","installed_solar_match":true,"installed_solar_count":2,"installed_solar_area_sqm":218.1,"installed_solar_analysis_years":["2024"],"installed_solar_types":["공공시설물","기타"],"installed_solar_permit_status_counts":{"N":2}}},{"type":"Feature","id":"4163011400109550006","geometry":{"type":"Point","coordinates":[127.0894796,37.8233399]},"properties":{"pnu":"4163011400109550006","municipality_code":"41630","municipality":"양주시","district":"양주시","locality":"옥정동","address":"양주시 옥정동 955-6","owner_type":"시·군유지","owner_label":"양주시","manager":"","property_class":"","land_category":"대","area_sqm":6480.0,"area_band":"5,000㎡ 이상","interest_category":"대","solar_candidate":"Y","candidate_reason":"청사·공공건축물·주차장 현황 추가 확인 필요; 면적 6,480㎡","priority_score":65,"source":"경기부동산포털 국공유지조회·연속지적도","source_date":"2026-08-11","installed_solar_match":false}},{"type":"Feature","id":"4163025022105480004","geometry":{"type":"Point","coordinates":[126.9869939,37.792447]},"properties":{"pnu":"4163025022105480004","municipality_code":"41630","municipality":"양주시","district":"양주시","locality":"백석읍 오산리","address":"양주시 백석읍 오산리 548-4","owner_type":"시·군유지","owner_label":"양주시","manager":"","property_class":"","land_category":"대","area_sqm":6043.0,"area_band":"5,000㎡ 이상","interest_category":"대","solar_candidate":"Y","candidate_reason":"청사·공공건축물·주차장 현황 추가 확인 필요; 면적 6,043㎡","priority_score":65,"source":"경기부동산포털 국공유지조회·연속지적도","source_date":"2026-08-11","installed_solar_match":false}},{"type":"Feature","id":"4163010100105060000","geometry":{"type":"Point","coordinates":[127.0292956,37.7854907]},"properties":{"pnu":"4163010100105060000","municipality_code":"41630","municipality":"양주시","district":"양주시","locality":"유양동","address":"양주시 유양동 506","owner_type":"시·군유지","owner_label":"양주시","manager":"","property_class":"","land_category":"대","area_sqm":5299.0,"area_band":"5,000㎡ 이상","interest_category":"대","solar_candidate":"Y","candidate_reason":"청사·공공건축물·주차장 현황 추가 확인 필요; 면적 5,299㎡","priority_score":65,"source":"경기부동산포털 국공유지조회·연속지적도","source_date":"2026-08-11","installed_solar_match":false}},{"type":"Feature","id":"4163011200100240001","geometry":{"type":"Point","coordinates":[127.1052056,37.8438216]},"properties":{"pnu":"4163011200100240001","municipality_code":"41630","municipality":"양주시","district":"양주시","locality":"회암동","address":"양주시 회암동 24-1","owner_type":"시·군유지","owner_label":"양주시","manager":"","property_class":"","land_category":"잡종지","area_sqm":2958.0,"area_band":"1,000~3,000㎡","interest_category":"잡종지","solar_candidate":"Y","candidate_reason":"실제 이용·점유 여부 확인 후 검토할 잡종지; 면적 2,958㎡","priority_score":63,"source":"경기부동산포털 국공유지조회·연속지적도","source_date":"2026-08-11","installed_solar_match":false}},{"type":"Feature","id":"4163025027103180011","geometry":{"type":"Point","coordinates":[126.9388767,37.7774465]},"properties":{"pnu":"4163025027103180011","municipality_code":"41630","municipality":"양주시","district":"양주시","locality":"백석읍 기산리","address":"양주시 백석읍 기산리 318-11","owner_type":"시·군유지","owner_label":"양주시","manager":"","property_class":"","land_category":"잡종지","area_sqm":2883.0,"area_band":"1,000~3,000㎡","interest_category":"잡종지","solar_candidate":"Y","candidate_reason":"실제 이용·점유 여부 확인 후 검토할 잡종지; 면적 2,883㎡","priority_score":63,"source":"경기부동산포털 국공유지조회·연속지적도","source_date":"2026-08-11","installed_solar_match":false}},{"type":"Feature","id":"4163033027100850010","geometry":{"type":"Point","coordinates":[126.9859279,37.8282462]},"properties":{"pnu":"4163033027100850010","municipality_code":"41630","municipality":"양주시","district":"양주시","locality":"광적면 석우리","address":"양주시 광적면 석우리 85-10","owner_type":"시·군유지","owner_label":"양주시","manager":"","property_class":"","land_category":"잡종지","area_sqm":2194.0,"area_band":"1,000~3,000㎡","interest_category":"잡종지","solar_candidate":"Y","candidate_reason":"실제 이용·점유 여부 확인 후 검토할 잡종지; 면적 2,194㎡","priority_score":63,"source":"경기부동산포털 국공유지조회·연속지적도","source_date":"2026-08-11","installed_solar_match":false}},{"type":"Feature","id":"4163011200100280010","geometry":{"type":"Point","coordinates":[127.1032296,37.8424195]},"properties":{"pnu":"4163011200100280010","municipality_code":"41630","municipality":"양주시","district":"양주시","locality":"회암동","address":"양주시 회암동 28-10","owner_type":"시·군유지","owner_label":"양주시","manager":"","property_class":"","land_category":"잡종지","area_sqm":2128.0,"area_band":"1,000~3,000㎡","interest_category":"잡종지","solar_candidate":"Y","candidate_reason":"실제 이용·점유 여부 확인 후 검토할 잡종지; 면적 2,128㎡","priority_score":63,"source":"경기부동산포털 국공유지조회·연속지적도","source_date":"2026-08-11","installed_solar_match":false}},{"type":"Feature","id":"4163034023106460084","geometry":{"type":"Point","coordinates":[126.9602577,37.7129117]},"properties":{"pnu":"4163034023106460084","municipality_code":"41630","municipality":"양주시","district":"양주시","locality":"장흥면 부곡리","address":"양주시 장흥면 부곡리 646-84","owner_type":"시·군유지","owner_label":"양주시","manager":"","property_class":"","land_category":"잡종지","area_sqm":2099.0,"area_band":"1,000~3,000㎡","interest_category":"잡종지","solar_candidate":"Y","candidate_reason":"실제 이용·점유 여부 확인 후 검토할 잡종지; 면적 2,099㎡","priority_score":63,"source":"경기부동산포털 국공유지조회·연속지적도","source_date":"2026-08-11","installed_solar_match":false}},{"type":"Feature","id":"4163032021103690002","geometry":{"type":"Point","coordinates":[126.9697674,37.899112]},"properties":{"pnu":"4163032021103690002","municipality_code":"41630","municipality":"양주시","district":"양주시","locality":"남면 신산리","address":"양주시 남면 신산리 369-2","owner_type":"시·군유지","owner_label":"양주시","manager":"","property_class":"","land_category":"잡종지","area_sqm":1886.0,"area_band":"1,000~3,000㎡","interest_category":"잡종지","solar_candidate":"Y","candidate_reason":"실제 이용·점유 여부 확인 후 검토할 잡종지; 면적 1,886㎡","priority_score":63,"source":"경기부동산포털 국공유지조회·연속지적도","source_date":"2026-08-11","installed_solar_match":false}},{"type":"Feature","id":"4163025027103160001","geometry":{"type":"Point","coordinates":[126.9385496,37.7780697]},"properties":{"pnu":"4163025027103160001","municipality_code":"41630","municipality":"양주시","district":"양주시","locality":"백석읍 기산리","address":"양주시 백석읍 기산리 316-1","owner_type":"시·군유지","owner_label":"양주시","manager":"","property_class":"","land_category":"잡종지","area_sqm":1855.0,"area_band":"1,000~3,000㎡","interest_category":"잡종지","solar_candidate":"Y","candidate_reason":"실제 이용·점유 여부 확인 후 검토할 잡종지; 면적 1,855㎡","priority_score":63,"source":"경기부동산포털 국공유지조회·연속지적도","source_date":"2026-08-11","installed_solar_match":false}},{"type":"Feature","id":"4163011200104700013","geometry":{"type":"Point","coordinates":[127.08353,37.8467817]},"properties":{"pnu":"4163011200104700013","municipality_code":"41630","municipality":"양주시","district":"양주시","locality":"회암동","address":"양주시 회암동 470-13","owner_type":"시·군유지","owner_label":"양주시","manager":"","property_class":"","land_category":"잡종지","area_sqm":1703.0,"area_band":"1,000~3,000㎡","interest_category":"잡종지","solar_candidate":"Y","candidate_reason":"실제 이용·점유 여부 확인 후 검토할 잡종지; 면적 1,703㎡","priority_score":63,"source":"경기부동산포털 국공유지조회·연속지적도","source_date":"2026-08-11","installed_solar_match":false}},{"type":"Feature","id":"4163025027103180005","geometry":{"type":"Point","coordinates":[126.9384701,37.7775456]},"properties":{"pnu":"4163025027103180005","municipality_code":"41630","municipality":"양주시","district":"양주시","locality":"백석읍 기산리","address":"양주시 백석읍 기산리 318-5","owner_type":"시·군유지","owner_label":"양주시","manager":"","property_class":"","land_category":"잡종지","area_sqm":1655.0,"area_band":"1,000~3,000㎡","interest_category":"잡종지","solar_candidate":"Y","candidate_reason":"실제 이용·점유 여부 확인 후 검토할 잡종지; 면적 1,655㎡","priority_score":63,"source":"경기부동산포털 국공유지조회·연속지적도","source_date":"2026-08-11","installed_solar_match":false}},{"type":"Feature","id":"4163033027100700004","geometry":{"type":"Point","coordinates":[126.9868312,37.8239959]},"properties":{"pnu":"4163033027100700004","municipality_code":"41630","municipality":"양주시","district":"양주시","locality":"광적면 석우리","address":"양주시 광적면 석우리 70-4","owner_type":"시·군유지","owner_label":"양주시","manager":"","property_class":"","land_category":"잡종지","area_sqm":1616.0,"area_band":"1,000~3,000㎡","interest_category":"잡종지","solar_candidate":"Y","candidate_reason":"실제 이용·점유 여부 확인 후 검토할 잡종지; 면적 1,616㎡","priority_score":63,"source":"경기부동산포털 국공유지조회·연속지적도","source_date":"2026-08-11","installed_solar_match":false}},{"type":"Feature","id":"4163025024100130006","geometry":{"type":"Point","coordinates":[126.9810677,37.7934951]},"properties":{"pnu":"4163025024100130006","municipality_code":"41630","municipality":"양주시","district":"양주시","locality":"백석읍 가업리","address":"양주시 백석읍 가업리 13-6","owner_type":"시·군유지","owner_label":"양주시","manager":"","property_class":"","land_category":"잡종지","area_sqm":1468.0,"area_band":"1,000~3,000㎡","interest_category":"잡종지","solar_candidate":"Y","candidate_reason":"실제 이용·점유 여부 확인 후 검토할 잡종지; 면적 1,468㎡","priority_score":63,"source":"경기부동산포털 국공유지조회·연속지적도","source_date":"2026-08-11","installed_solar_match":false}},{"type":"Feature","id":"4163034024103690003","geometry":{"type":"Point","coordinates":[126.9513293,37.7359496]},"properties":{"pnu":"4163034024103690003","municipality_code":"41630","municipality":"양주시","district":"양주시","locality":"장흥면 석현리","address":"양주시 장흥면 석현리 369-3","owner_type":"시·군유지","owner_label":"양주시","manager":"","property_class":"","land_category":"잡종지","area_sqm":1420.0,"area_band":"1,000~3,000㎡","interest_category":"잡종지","solar_candidate":"Y","candidate_reason":"실제 이용·점유 여부 확인 후 검토할 잡종지; 면적 1,420㎡","priority_score":63,"source":"경기부동산포털 국공유지조회·연속지적도","source_date":"2026-08-11","installed_solar_match":false}},{"type":"Feature","id":"4163025027103160008","geometry":{"type":"Point","coordinates":[126.9389143,37.7778109]},"properties":{"pnu":"4163025027103160008","municipality_code":"41630","municipality":"양주시","district":"양주시","locality":"백석읍 기산리","address":"양주시 백석읍 기산리 316-8","owner_type":"시·군유지","owner_label":"양주시","manager":"","property_class":"","land_category":"잡종지","area_sqm":1419.0,"area_band":"1,000~3,000㎡","interest_category":"잡종지","solar_candidate":"Y","candidate_reason":"실제 이용·점유 여부 확인 후 검토할 잡종지; 면적 1,419㎡","priority_score":63,"source":"경기부동산포털 국공유지조회·연속지적도","source_date":"2026-08-11","installed_solar_match":false}},{"type":"Feature","id":"4163011200100280019","geometry":{"type":"Point","coordinates":[127.1044557,37.8427141]},"properties":{"pnu":"4163011200100280019","municipality_code":"41630","municipality":"양주시","district":"양주시","locality":"회암동","address":"양주시 회암동 28-19","owner_type":"시·군유지","owner_label":"양주시","manager":"","property_class":"","land_category":"잡종지","area_sqm":1405.0,"area_band":"1,000~3,000㎡","interest_category":"잡종지","solar_candidate":"Y","candidate_reason":"실제 이용·점유 여부 확인 후 검토할 잡종지; 면적 1,405㎡","priority_score":63,"source":"경기부동산포털 국공유지조회·연속지적도","source_date":"2026-08-11","installed_solar_match":false}},{"type":"Feature","id":"4163010900102320002","geometry":{"type":"Point","coordinates":[127.0790125,37.8099416]},"properties":{"pnu":"4163010900102320002","municipality_code":"41630","municipality":"양주시","district":"양주시","locality":"고읍동","address":"양주시 고읍동 232-2","owner_type":"시·군유지","owner_label":"양주시","manager":"","property_class":"","land_category":"잡종지","area_sqm":1345.0,"area_band":"1,000~3,000㎡","interest_category":"잡종지","solar_candidate":"Y","candidate_reason":"실제 이용·점유 여부 확인 후 검토할 잡종지; 면적 1,345㎡","priority_score":63,"source":"경기부동산포털 국공유지조회·연속지적도","source_date":"2026-08-11","installed_solar_match":false}},{"type":"Feature","id":"4163034024103860002","geometry":{"type":"Point","coordinates":[126.949642,37.7304765]},"properties":{"pnu":"4163034024103860002","municipality_code":"41630","municipality":"양주시","district":"양주시","locality":"장흥면 석현리","address":"양주시 장흥면 석현리 386-2","owner_type":"시·군유지","owner_label":"양주시","manager":"","property_class":"","land_category":"잡종지","area_sqm":1193.0,"area_band":"1,000~3,000㎡","interest_category":"잡종지","solar_candidate":"Y","candidate_reason":"실제 이용·점유 여부 확인 후 검토할 잡종지; 면적 1,193㎡","priority_score":63,"source":"경기부동산포털 국공유지조회·연속지적도","source_date":"2026-08-11","installed_solar_match":false}},{"type":"Feature","id":"4163011100109520002","geometry":{"type":"Point","coordinates":[127.0588949,37.8579044]},"properties":{"pnu":"4163011100109520002","municipality_code":"41630","municipality":"양주시","district":"양주시","locality":"봉양동","address":"양주시 봉양동 952-2","owner_type":"시·군유지","owner_label":"양주시","manager":"","property_class":"","land_category":"잡종지","area_sqm":1176.0,"area_band":"1,000~3,000㎡","interest_category":"잡종지","solar_candidate":"Y","candidate_reason":"실제 이용·점유 여부 확인 후 검토할 잡종지; 면적 1,176㎡","priority_score":63,"source":"경기부동산포털 국공유지조회·연속지적도","source_date":"2026-08-11","installed_solar_match":false}},{"type":"Feature","id":"4163010700100580035","geometry":{"type":"Point","coordinates":[127.0994307,37.7886245]},"properties":{"pnu":"4163010700100580035","municipality_code":"41630","municipality":"양주시","district":"양주시","locality":"만송동","address":"양주시 만송동 58-35","owner_type":"시·군유지","owner_label":"양주시","manager":"","property_class":"","land_category":"잡종지","area_sqm":1130.0,"area_band":"1,000~3,000㎡","interest_category":"잡종지","solar_candidate":"Y","candidate_reason":"실제 이용·점유 여부 확인 후 검토할 잡종지; 면적 1,130㎡","priority_score":63,"source":"경기부동산포털 국공유지조회·연속지적도","source_date":"2026-08-11","installed_solar_match":false}},{"type":"Feature","id":"4163011300102990025","geometry":{"type":"Point","coordinates":[127.1027717,37.8406747]},"properties":{"pnu":"4163011300102990025","municipality_code":"41630","municipality":"양주시","district":"양주시","locality":"율정동","address":"양주시 율정동 299-25","owner_type":"시·군유지","owner_label":"양주시","manager":"","property_class":"","land_category":"잡종지","area_sqm":1096.0,"area_band":"1,000~3,000㎡","interest_category":"잡종지","solar_candidate":"Y","candidate_reason":"실제 이용·점유 여부 확인 후 검토할 잡종지; 면적 1,096㎡","priority_score":63,"source":"경기부동산포털 국공유지조회·연속지적도","source_date":"2026-08-11","installed_solar_match":false}},{"type":"Feature","id":"4163032021104220005","geometry":{"type":"Point","coordinates":[126.9657089,37.9011578]},"properties":{"pnu":"4163032021104220005","municipality_code":"41630","municipality":"양주시","district":"양주시","locality":"남면 신산리","address":"양주시 남면 신산리 422-5","owner_type":"시·군유지","owner_label":"양주시","manager":"","property_class":"","land_category":"잡종지","area_sqm":1003.0,"area_band":"1,000~3,000㎡","interest_category":"잡종지","solar_candidate":"Y","candidate_reason":"실제 이용·점유 여부 확인 후 검토할 잡종지; 면적 1,003㎡","priority_score":63,"source":"경기부동산포털 국공유지조회·연속지적도","source_date":"2026-08-11","installed_solar_match":false}},{"type":"Feature","id":"4163011200100280008","geometry":{"type":"Point","coordinates":[127.1038347,37.8429496]},"properties":{"pnu":"4163011200100280008","municipality_code":"41630","municipality":"양주시","district":"양주시","locality":"회암동","address":"양주시 회암동 28-8","owner_type":"시·군유지","owner_label":"양주시","manager":"","property_class":"","land_category":"공장용지","area_sqm":15222.0,"area_band":"5,000㎡ 이상","interest_category":"공장용지","solar_candidate":"Y","candidate_reason":"넓은 시·군유지로 실제 이용·규제 현황 추가 검토; 면적 15,222㎡","priority_score":62,"source":"경기부동산포털 국공유지조회·연속지적도","source_date":"2026-08-11","installed_solar_match":false}},{"type":"Feature","id":"4163032027106220002","geometry":{"type":"Point","coordinates":[126.9752802,37.8795772]},"properties":{"pnu":"4163032027106220002","municipality_code":"41630","municipality":"양주시","district":"양주시","locality":"남면 상수리","address":"양주시 남면 상수리 622-2","owner_type":"시·군유지","owner_label":"양주시","manager":"","property_class":"","land_category":"체육용지","area_sqm":20131.0,"area_band":"5,000㎡ 이상","interest_category":"체육용지","solar_candidate":"Y","candidate_reason":"체육시설·주차장 상부 활용 가능성 추가 검토; 면적 20,131㎡","priority_score":60,"source":"경기부동산포털 국공유지조회·연속지적도","source_date":"2026-08-11","installed_solar_match":false}},{"type":"Feature","id":"4163031025110770004","geometry":{"type":"Point","coordinates":[127.0107774,37.8947093]},"properties":{"pnu":"4163031025110770004","municipality_code":"41630","municipality":"양주시","district":"양주시","locality":"은현면 하패리","address":"양주시 은현면 하패리 1077-4","owner_type":"시·군유지","owner_label":"양주시","manager":"","property_class":"","land_category":"체육용지","area_sqm":14070.0,"area_band":"5,000㎡ 이상","interest_category":"체육용지","solar_candidate":"Y","candidate_reason":"체육시설·주차장 상부 활용 가능성 추가 검토; 면적 14,070㎡","priority_score":60,"source":"경기부동산포털 국공유지조회·연속지적도","source_date":"2026-08-11","installed_solar_match":true,"installed_solar_count":2,"installed_solar_area_sqm":417.9,"installed_solar_analysis_years":["2024"],"installed_solar_types":["공공시설물"],"installed_solar_permit_status_counts":{"N":2}}},{"type":"Feature","id":"4163033022101830001","geometry":{"type":"Point","coordinates":[126.9708157,37.8139103]},"properties":{"pnu":"4163033022101830001","municipality_code":"41630","municipality":"양주시","district":"양주시","locality":"광적면 광석리","address":"양주시 광적면 광석리 183-1","owner_type":"시·군유지","owner_label":"양주시","manager":"","property_class":"","land_category":"체육용지","area_sqm":13006.0,"area_band":"5,000㎡ 이상","interest_category":"체육용지","solar_candidate":"Y","candidate_reason":"체육시설·주차장 상부 활용 가능성 추가 검토; 면적 13,006㎡","priority_score":60,"source":"경기부동산포털 국공유지조회·연속지적도","source_date":"2026-08-11","installed_solar_match":false}},{"type":"Feature","id":"4163010100101830000","geometry":{"type":"Point","coordinates":[127.0299467,37.7845262]},"properties":{"pnu":"4163010100101830000","municipality_code":"41630","municipality":"양주시","district":"양주시","locality":"유양동","address":"양주시 유양동 183","owner_type":"시·군유지","owner_label":"양주시","manager":"","property_class":"","land_category":"대","area_sqm":4953.0,"area_band":"3,000~5,000㎡","interest_category":"대","solar_candidate":"Y","candidate_reason":"청사·공공건축물·주차장 현황 추가 확인 필요; 면적 4,953㎡","priority_score":60,"source":"경기부동산포털 국공유지조회·연속지적도","source_date":"2026-08-11","installed_solar_match":false}},{"type":"Feature","id":"4163011400110540002","geometry":{"type":"Point","coordinates":[127.0940783,37.8144331]},"properties":{"pnu":"4163011400110540002","municipality_code":"41630","municipality":"양주시","district":"양주시","locality":"옥정동","address":"양주시 옥정동 1054-2","owner_type":"시·군유지","owner_label":"양주시","manager":"","property_class":"","land_category":"대","area_sqm":4859.0,"area_band":"3,000~5,000㎡","interest_category":"대","solar_candidate":"Y","candidate_reason":"청사·공공건축물·주차장 현황 추가 확인 필요; 면적 4,859㎡","priority_score":60,"source":"경기부동산포털 국공유지조회·연속지적도","source_date":"2026-08-11","installed_solar_match":false}},{"type":"Feature","id":"4163025022105320000","geometry":{"type":"Point","coordinates":[126.9855174,37.7948517]},"properties":{"pnu":"4163025022105320000","municipality_code":"41630","municipality":"양주시","district":"양주시","locality":"백석읍 오산리","address":"양주시 백석읍 오산리 532","owner_type":"시·군유지","owner_label":"양주시","manager":"","property_class":"","land_category":"대","area_sqm":4840.0,"area_band":"3,000~5,000㎡","interest_category":"대","solar_candidate":"Y","candidate_reason":"청사·공공건축물·주차장 현황 추가 확인 필요; 면적 4,840㎡","priority_score":60,"source":"경기부동산포털 국공유지조회·연속지적도","source_date":"2026-08-11","installed_solar_match":true,"installed_solar_count":2,"installed_solar_area_sqm":135.0,"installed_solar_analysis_years":["2024"],"installed_solar_types":["공공시설물"],"installed_solar_permit_status_counts":{"N":2}}},{"type":"Feature","id":"4163034024103790001","geometry":{"type":"Point","coordinates":[126.9522294,37.7347661]},"properties":{"pnu":"4163034024103790001","municipality_code":"41630","municipality":"양주시","district":"양주시","locality":"장흥면 석현리","address":"양주시 장흥면 석현리 379-1","owner_type":"시·군유지","owner_label":"양주시","manager":"","property_class":"","land_category":"대","area_sqm":4280.0,"area_band":"3,000~5,000㎡","interest_category":"대","solar_candidate":"Y","candidate_reason":"청사·공공건축물·주차장 현황 추가 확인 필요; 면적 4,280㎡","priority_score":60,"source":"경기부동산포털 국공유지조회·연속지적도","source_date":"2026-08-11","installed_solar_match":false}},{"type":"Feature","id":"4163011400109750002","geometry":{"type":"Point","coordinates":[127.0901654,37.837178]},"properties":{"pnu":"4163011400109750002","municipality_code":"41630","municipality":"양주시","district":"양주시","locality":"옥정동","address":"양주시 옥정동 975-2","owner_type":"시·군유지","owner_label":"양주시","manager":"","property_class":"","land_category":"대","area_sqm":3452.7,"area_band":"3,000~5,000㎡","interest_category":"대","solar_candidate":"Y","candidate_reason":"청사·공공건축물·주차장 현황 추가 확인 필요; 면적 3,453㎡","priority_score":60,"source":"경기부동산포털 국공유지조회·연속지적도","source_date":"2026-08-11","installed_solar_match":true,"installed_solar_count":1,"installed_solar_area_sqm":89.1,"installed_solar_analysis_years":["2024"],"installed_solar_types":["공공시설물"],"installed_solar_permit_status_counts":{"N":1}}},{"type":"Feature","id":"4163010800102020036","geometry":{"type":"Point","coordinates":[127.1074197,37.7957098]},"properties":{"pnu":"4163010800102020036","municipality_code":"41630","municipality":"양주시","district":"양주시","locality":"삼숭동","address":"양주시 삼숭동 202-36","owner_type":"시·군유지","owner_label":"양주시","manager":"","property_class":"","land_category":"대","area_sqm":3388.0,"area_band":"3,000~5,000㎡","interest_category":"대","solar_candidate":"Y","candidate_reason":"청사·공공건축물·주차장 현황 추가 확인 필요; 면적 3,388㎡","priority_score":60,"source":"경기부동산포털 국공유지조회·연속지적도","source_date":"2026-08-11","installed_solar_match":true,"installed_solar_count":4,"installed_solar_area_sqm":223.9,"installed_solar_analysis_years":["2024"],"installed_solar_types":["공공시설물"],"installed_solar_permit_status_counts":{"N":4}}},{"type":"Feature","id":"4163010300105890002","geometry":{"type":"Point","coordinates":[127.0439503,37.7762304]},"properties":{"pnu":"4163010300105890002","municipality_code":"41630","municipality":"양주시","district":"양주시","locality":"남방동","address":"양주시 남방동 589-2","owner_type":"시·군유지","owner_label":"양주시","manager":"","property_class":"","land_category":"대","area_sqm":3245.5,"area_band":"3,000~5,000㎡","interest_category":"대","solar_candidate":"Y","candidate_reason":"청사·공공건축물·주차장 현황 추가 확인 필요; 면적 3,246㎡","priority_score":60,"source":"경기부동산포털 국공유지조회·연속지적도","source_date":"2026-08-11","installed_solar_match":false}},{"type":"Feature","id":"4163011400110400001","geometry":{"type":"Point","coordinates":[127.0980628,37.8256568]},"properties":{"pnu":"4163011400110400001","municipality_code":"41630","municipality":"양주시","district":"양주시","locality":"옥정동","address":"양주시 옥정동 1040-1","owner_type":"시·군유지","owner_label":"양주시","manager":"","property_class":"","land_category":"주차장","area_sqm":999.0,"area_band":"500~1,000㎡","interest_category":"주차장","solar_candidate":"Y","candidate_reason":"주차면 상부 태양광을 우선 검토할 지목; 면적 999㎡","priority_score":60,"source":"경기부동산포털 국공유지조회·연속지적도","source_date":"2026-08-11","installed_solar_match":false}},{"type":"Feature","id":"4163011500105800007","geometry":{"type":"Point","coordinates":[127.0738727,37.8349297]},"properties":{"pnu":"4163011500105800007","municipality_code":"41630","municipality":"양주시","district":"양주시","locality":"고암동","address":"양주시 고암동 580-7","owner_type":"시·군유지","owner_label":"양주시","manager":"","property_class":"","land_category":"주차장","area_sqm":828.5,"area_band":"500~1,000㎡","interest_category":"주차장","solar_candidate":"Y","candidate_reason":"주차면 상부 태양광을 우선 검토할 지목; 면적 828㎡","priority_score":60,"source":"경기부동산포털 국공유지조회·연속지적도","source_date":"2026-08-11","installed_solar_match":false}},{"type":"Feature","id":"4163011400110410007","geometry":{"type":"Point","coordinates":[127.0990669,37.8222198]},"properties":{"pnu":"4163011400110410007","municipality_code":"41630","municipality":"양주시","district":"양주시","locality":"옥정동","address":"양주시 옥정동 1041-7","owner_type":"시·군유지","owner_label":"양주시","manager":"","property_class":"","land_category":"주차장","area_sqm":803.7,"area_band":"500~1,000㎡","interest_category":"주차장","solar_candidate":"Y","candidate_reason":"주차면 상부 태양광을 우선 검토할 지목; 면적 804㎡","priority_score":60,"source":"경기부동산포털 국공유지조회·연속지적도","source_date":"2026-08-11","installed_solar_match":false}},{"type":"Feature","id":"4163033021108600000","geometry":{"type":"Point","coordinates":[126.9839694,37.8227328]},"properties":{"pnu":"4163033021108600000","municipality_code":"41630","municipality":"양주시","district":"양주시","locality":"광적면 가납리","address":"양주시 광적면 가납리 860","owner_type":"시·군유지","owner_label":"양주시","manager":"","property_class":"","land_category":"주차장","area_sqm":795.2,"area_band":"500~1,000㎡","interest_category":"주차장","solar_candidate":"Y","candidate_reason":"주차면 상부 태양광을 우선 검토할 지목; 면적 795㎡","priority_score":60,"source":"경기부동산포털 국공유지조회·연속지적도","source_date":"2026-08-11","installed_solar_match":false}},{"type":"Feature","id":"4163033021108700005","geometry":{"type":"Point","coordinates":[126.9864576,37.8212226]},"properties":{"pnu":"4163033021108700005","municipality_code":"41630","municipality":"양주시","district":"양주시","locality":"광적면 가납리","address":"양주시 광적면 가납리 870-5","owner_type":"시·군유지","owner_label":"양주시","manager":"","property_class":"","land_category":"주차장","area_sqm":792.7,"area_band":"500~1,000㎡","interest_category":"주차장","solar_candidate":"Y","candidate_reason":"주차면 상부 태양광을 우선 검토할 지목; 면적 793㎡","priority_score":60,"source":"경기부동산포털 국공유지조회·연속지적도","source_date":"2026-08-11","installed_solar_match":false}},{"type":"Feature","id":"4163011500105880003","geometry":{"type":"Point","coordinates":[127.0733579,37.8321581]},"properties":{"pnu":"4163011500105880003","municipality_code":"41630","municipality":"양주시","district":"양주시","locality":"고암동","address":"양주시 고암동 588-3","owner_type":"시·군유지","owner_label":"양주시","manager":"","property_class":"","land_category":"주차장","area_sqm":774.8,"area_band":"500~1,000㎡","interest_category":"주차장","solar_candidate":"Y","candidate_reason":"주차면 상부 태양광을 우선 검토할 지목; 면적 775㎡","priority_score":60,"source":"경기부동산포털 국공유지조회·연속지적도","source_date":"2026-08-11","installed_solar_match":false}},{"type":"Feature","id":"4163010700105910008","geometry":{"type":"Point","coordinates":[127.0841031,37.7828685]},"properties":{"pnu":"4163010700105910008","municipality_code":"41630","municipality":"양주시","district":"양주시","locality":"만송동","address":"양주시 만송동 591-8","owner_type":"시·군유지","owner_label":"양주시","manager":"","property_class":"","land_category":"주차장","area_sqm":770.0,"area_band":"500~1,000㎡","interest_category":"주차장","solar_candidate":"Y","candidate_reason":"주차면 상부 태양광을 우선 검토할 지목; 면적 770㎡","priority_score":60,"source":"경기부동산포털 국공유지조회·연속지적도","source_date":"2026-08-11","installed_solar_match":false}},{"type":"Feature","id":"4163025027103910005","geometry":{"type":"Point","coordinates":[126.9358011,37.7772429]},"properties":{"pnu":"4163025027103910005","municipality_code":"41630","municipality":"양주시","district":"양주시","locality":"백석읍 기산리","address":"양주시 백석읍 기산리 391-5","owner_type":"시·군유지","owner_label":"양주시","manager":"","property_class":"","land_category":"주차장","area_sqm":743.0,"area_band":"500~1,000㎡","interest_category":"주차장","solar_candidate":"Y","candidate_reason":"주차면 상부 태양광을 우선 검토할 지목; 면적 743㎡","priority_score":60,"source":"경기부동산포털 국공유지조회·연속지적도","source_date":"2026-08-11","installed_solar_match":false}},{"type":"Feature","id":"4163032021102850001","geometry":{"type":"Point","coordinates":[126.9739243,37.897217]},"properties":{"pnu":"4163032021102850001","municipality_code":"41630","municipality":"양주시","district":"양주시","locality":"남면 신산리","address":"양주시 남면 신산리 285-1","owner_type":"시·군유지","owner_label":"양주시","manager":"","property_class":"","land_category":"주차장","area_sqm":738.0,"area_band":"500~1,000㎡","interest_category":"주차장","solar_candidate":"Y","candidate_reason":"주차면 상부 태양광을 우선 검토할 지목; 면적 738㎡","priority_score":60,"source":"경기부동산포털 국공유지조회·연속지적도","source_date":"2026-08-11","installed_solar_match":false}},{"type":"Feature","id":"4163010600106790002","geometry":{"type":"Point","coordinates":[127.0804371,37.7913045]},"properties":{"pnu":"4163010600106790002","municipality_code":"41630","municipality":"양주시","district":"양주시","locality":"광사동","address":"양주시 광사동 679-2","owner_type":"시·군유지","owner_label":"양주시","manager":"","property_class":"","land_category":"주차장","area_sqm":722.8,"area_band":"500~1,000㎡","interest_category":"주차장","solar_candidate":"Y","candidate_reason":"주차면 상부 태양광을 우선 검토할 지목; 면적 723㎡","priority_score":60,"source":"경기부동산포털 국공유지조회·연속지적도","source_date":"2026-08-11","installed_solar_match":false}},{"type":"Feature","id":"4163033021109000000","geometry":{"type":"Point","coordinates":[126.9823877,37.8202746]},"properties":{"pnu":"4163033021109000000","municipality_code":"41630","municipality":"양주시","district":"양주시","locality":"광적면 가납리","address":"양주시 광적면 가납리 900","owner_type":"시·군유지","owner_label":"양주시","manager":"","property_class":"","land_category":"주차장","area_sqm":700.8,"area_band":"500~1,000㎡","interest_category":"주차장","solar_candidate":"Y","candidate_reason":"주차면 상부 태양광을 우선 검토할 지목; 면적 701㎡","priority_score":60,"source":"경기부동산포털 국공유지조회·연속지적도","source_date":"2026-08-11","installed_solar_match":false}},{"type":"Feature","id":"4163033021109100008","geometry":{"type":"Point","coordinates":[126.9780753,37.8192605]},"properties":{"pnu":"4163033021109100008","municipality_code":"41630","municipality":"양주시","district":"양주시","locality":"광적면 가납리","address":"양주시 광적면 가납리 910-8","owner_type":"시·군유지","owner_label":"양주시","manager":"","property_class":"","land_category":"주차장","area_sqm":614.1,"area_band":"500~1,000㎡","interest_category":"주차장","solar_candidate":"Y","candidate_reason":"주차면 상부 태양광을 우선 검토할 지목; 면적 614㎡","priority_score":60,"source":"경기부동산포털 국공유지조회·연속지적도","source_date":"2026-08-11","installed_solar_match":false}},{"type":"Feature","id":"4163010700106890004","geometry":{"type":"Point","coordinates":[127.0829358,37.7991566]},"properties":{"pnu":"4163010700106890004","municipality_code":"41630","municipality":"양주시","district":"양주시","locality":"만송동","address":"양주시 만송동 689-4","owner_type":"시·군유지","owner_label":"양주시","manager":"","property_class":"","land_category":"주차장","area_sqm":550.6,"area_band":"500~1,000㎡","interest_category":"주차장","solar_candidate":"Y","candidate_reason":"주차면 상부 태양광을 우선 검토할 지목; 면적 551㎡","priority_score":60,"source":"경기부동산포털 국공유지조회·연속지적도","source_date":"2026-08-11","installed_solar_match":false}},{"type":"Feature","id":"4163010600106880000","geometry":{"type":"Point","coordinates":[127.0814536,37.7889302]},"properties":{"pnu":"4163010600106880000","municipality_code":"41630","municipality":"양주시","district":"양주시","locality":"광사동","address":"양주시 광사동 688","owner_type":"시·군유지","owner_label":"양주시","manager":"","property_class":"","land_category":"주차장","area_sqm":543.0,"area_band":"500~1,000㎡","interest_category":"주차장","solar_candidate":"Y","candidate_reason":"주차면 상부 태양광을 우선 검토할 지목; 면적 543㎡","priority_score":60,"source":"경기부동산포털 국공유지조회·연속지적도","source_date":"2026-08-11","installed_solar_match":false}},{"type":"Feature","id":"4163010700106950001","geometry":{"type":"Point","coordinates":[127.0808904,37.796771]},"properties":{"pnu":"4163010700106950001","municipality_code":"41630","municipality":"양주시","district":"양주시","locality":"만송동","address":"양주시 만송동 695-1","owner_type":"시·군유지","owner_label":"양주시","manager":"","property_class":"","land_category":"주차장","area_sqm":500.1,"area_band":"500~1,000㎡","interest_category":"주차장","solar_candidate":"Y","candidate_reason":"주차면 상부 태양광을 우선 검토할 지목; 면적 500㎡","priority_score":60,"source":"경기부동산포털 국공유지조회·연속지적도","source_date":"2026-08-11","installed_solar_match":false}},{"type":"Feature","id":"4163031024100380000","geometry":{"type":"Point","coordinates":[127.0093306,37.8946194]},"properties":{"pnu":"4163031024100380000","municipality_code":"41630","municipality":"양주시","district":"양주시","locality":"은현면 봉암리","address":"양주시 은현면 봉암리 38","owner_type":"시·군유지","owner_label":"양주시","manager":"","property_class":"","land_category":"공장용지","area_sqm":3240.0,"area_band":"3,000~5,000㎡","interest_category":"공장용지","solar_candidate":"검토필요","candidate_reason":"넓은 시·군유지로 실제 이용·규제 현황 추가 검토; 면적 3,240㎡","priority_score":57,"source":"경기부동산포털 국공유지조회·연속지적도","source_date":"2026-08-11","installed_solar_match":false}},{"type":"Feature","id":"4163010400100230001","geometry":{"type":"Point","coordinates":[127.0668136,37.783078]},"properties":{"pnu":"4163010400100230001","municipality_code":"41630","municipality":"양주시","district":"양주시","locality":"마전동","address":"양주시 마전동 23-1","owner_type":"시·군유지","owner_label":"양주시","manager":"","property_class":"","land_category":"체육용지","area_sqm":3491.0,"area_band":"3,000~5,000㎡","interest_category":"체육용지","solar_candidate":"검토필요","candidate_reason":"체육시설·주차장 상부 활용 가능성 추가 검토; 면적 3,491㎡","priority_score":55,"source":"경기부동산포털 국공유지조회·연속지적도","source_date":"2026-08-11","installed_solar_match":false}},{"type":"Feature","id":"4163033022101900001","geometry":{"type":"Point","coordinates":[126.9694252,37.8144726]},"properties":{"pnu":"4163033022101900001","municipality_code":"41630","municipality":"양주시","district":"양주시","locality":"광적면 광석리","address":"양주시 광적면 광석리 190-1","owner_type":"시·군유지","owner_label":"양주시","manager":"","property_class":"","land_category":"체육용지","area_sqm":3170.0,"area_band":"3,000~5,000㎡","interest_category":"체육용지","solar_candidate":"검토필요","candidate_reason":"체육시설·주차장 상부 활용 가능성 추가 검토; 면적 3,170㎡","priority_score":55,"source":"경기부동산포털 국공유지조회·연속지적도","source_date":"2026-08-11","installed_solar_match":false}},{"type":"Feature","id":"4163034025101550002","geometry":{"type":"Point","coordinates":[126.9406367,37.7156403]},"properties":{"pnu":"4163034025101550002","municipality_code":"41630","municipality":"양주시","district":"양주시","locality":"장흥면 일영리","address":"양주시 장흥면 일영리 155-2","owner_type":"시·군유지","owner_label":"양주시","manager":"","property_class":"","land_category":"체육용지","area_sqm":3142.0,"area_band":"3,000~5,000㎡","interest_category":"체육용지","solar_candidate":"검토필요","candidate_reason":"체육시설·주차장 상부 활용 가능성 추가 검토; 면적 3,142㎡","priority_score":55,"source":"경기부동산포털 국공유지조회·연속지적도","source_date":"2026-08-11","installed_solar_match":false}},{"type":"Feature","id":"4163033022101830000","geometry":{"type":"Point","coordinates":[126.9704538,37.8147382]},"properties":{"pnu":"4163033022101830000","municipality_code":"41630","municipality":"양주시","district":"양주시","locality":"광적면 광석리","address":"양주시 광적면 광석리 183","owner_type":"시·군유지","owner_label":"양주시","manager":"","property_class":"","land_category":"체육용지","area_sqm":3081.0,"area_band":"3,000~5,000㎡","interest_category":"체육용지","solar_candidate":"검토필요","candidate_reason":"체육시설·주차장 상부 활용 가능성 추가 검토; 면적 3,081㎡","priority_score":55,"source":"경기부동산포털 국공유지조회·연속지적도","source_date":"2026-08-11","installed_solar_match":false}},{"type":"Feature","id":"4163011000102060000","geometry":{"type":"Point","coordinates":[127.0680637,37.8381379]},"properties":{"pnu":"4163011000102060000","municipality_code":"41630","municipality":"양주시","district":"양주시","locality":"덕정동","address":"양주시 덕정동 206","owner_type":"시·군유지","owner_label":"양주시","manager":"","property_class":"","land_category":"체육용지","area_sqm":3001.9,"area_band":"3,000~5,000㎡","interest_category":"체육용지","solar_candidate":"검토필요","candidate_reason":"체육시설·주차장 상부 활용 가능성 추가 검토; 면적 3,002㎡","priority_score":55,"source":"경기부동산포털 국공유지조회·연속지적도","source_date":"2026-08-11","installed_solar_match":true,"installed_solar_count":1,"installed_solar_area_sqm":907.8,"installed_solar_analysis_years":["2024"],"installed_solar_types":["공공시설물"],"installed_solar_permit_status_counts":{"N":1}}},{"type":"Feature","id":"4163032021103710022","geometry":{"type":"Point","coordinates":[126.9635023,37.901021]},"properties":{"pnu":"4163032021103710022","municipality_code":"41630","municipality":"양주시","district":"양주시","locality":"남면 신산리","address":"양주시 남면 신산리 371-22","owner_type":"시·군유지","owner_label":"양주시","manager":"","property_class":"","land_category":"잡종지","area_sqm":969.0,"area_band":"500~1,000㎡","interest_category":"잡종지","solar_candidate":"검토필요","candidate_reason":"실제 이용·점유 여부 확인 후 검토할 잡종지; 면적 969㎡","priority_score":55,"source":"경기부동산포털 국공유지조회·연속지적도","source_date":"2026-08-11","installed_solar_match":false}},{"type":"Feature","id":"4163034023106460070","geometry":{"type":"Point","coordinates":[126.959124,37.7133917]},"properties":{"pnu":"4163034023106460070","municipality_code":"41630","municipality":"양주시","district":"양주시","locality":"장흥면 부곡리","address":"양주시 장흥면 부곡리 646-70","owner_type":"시·군유지","owner_label":"양주시","manager":"","property_class":"","land_category":"잡종지","area_sqm":947.0,"area_band":"500~1,000㎡","interest_category":"잡종지","solar_candidate":"검토필요","candidate_reason":"실제 이용·점유 여부 확인 후 검토할 잡종지; 면적 947㎡","priority_score":55,"source":"경기부동산포털 국공유지조회·연속지적도","source_date":"2026-08-11","installed_solar_match":false}},{"type":"Feature","id":"4163011100103660014","geometry":{"type":"Point","coordinates":[127.0769749,37.8531865]},"properties":{"pnu":"4163011100103660014","municipality_code":"41630","municipality":"양주시","district":"양주시","locality":"봉양동","address":"양주시 봉양동 366-14","owner_type":"시·군유지","owner_label":"양주시","manager":"","property_class":"","land_category":"잡종지","area_sqm":913.0,"area_band":"500~1,000㎡","interest_category":"잡종지","solar_candidate":"검토필요","candidate_reason":"실제 이용·점유 여부 확인 후 검토할 잡종지; 면적 913㎡","priority_score":55,"source":"경기부동산포털 국공유지조회·연속지적도","source_date":"2026-08-11","installed_solar_match":false}},{"type":"Feature","id":"4163010300100840009","geometry":{"type":"Point","coordinates":[127.0455478,37.7677527]},"properties":{"pnu":"4163010300100840009","municipality_code":"41630","municipality":"양주시","district":"양주시","locality":"남방동","address":"양주시 남방동 84-9","owner_type":"시·군유지","owner_label":"양주시","manager":"","property_class":"","land_category":"잡종지","area_sqm":903.0,"area_band":"500~1,000㎡","interest_category":"잡종지","solar_candidate":"검토필요","candidate_reason":"실제 이용·점유 여부 확인 후 검토할 잡종지; 면적 903㎡","priority_score":55,"source":"경기부동산포털 국공유지조회·연속지적도","source_date":"2026-08-11","installed_solar_match":false}},{"type":"Feature","id":"4163011700103850004","geometry":{"type":"Point","coordinates":[127.0561355,37.8292244]},"properties":{"pnu":"4163011700103850004","municipality_code":"41630","municipality":"양주시","district":"양주시","locality":"회정동","address":"양주시 회정동 385-4","owner_type":"시·군유지","owner_label":"양주시","manager":"","property_class":"","land_category":"잡종지","area_sqm":863.0,"area_band":"500~1,000㎡","interest_category":"잡종지","solar_candidate":"검토필요","candidate_reason":"실제 이용·점유 여부 확인 후 검토할 잡종지; 면적 863㎡","priority_score":55,"source":"경기부동산포털 국공유지조회·연속지적도","source_date":"2026-08-11","installed_solar_match":false}},{"type":"Feature","id":"4163031024100390012","geometry":{"type":"Point","coordinates":[127.0091153,37.8935427]},"properties":{"pnu":"4163031024100390012","municipality_code":"41630","municipality":"양주시","district":"양주시","locality":"은현면 봉암리","address":"양주시 은현면 봉암리 39-12","owner_type":"시·군유지","owner_label":"양주시","manager":"","property_class":"","land_category":"잡종지","area_sqm":859.0,"area_band":"500~1,000㎡","interest_category":"잡종지","solar_candidate":"검토필요","candidate_reason":"실제 이용·점유 여부 확인 후 검토할 잡종지; 면적 859㎡","priority_score":55,"source":"경기부동산포털 국공유지조회·연속지적도","source_date":"2026-08-11","installed_solar_match":false}},{"type":"Feature","id":"4163011600104240034","geometry":{"type":"Point","coordinates":[127.0488348,37.8183929]},"properties":{"pnu":"4163011600104240034","municipality_code":"41630","municipality":"양주시","district":"양주시","locality":"덕계동","address":"양주시 덕계동 424-34","owner_type":"시·군유지","owner_label":"양주시","manager":"","property_class":"","land_category":"잡종지","area_sqm":847.0,"area_band":"500~1,000㎡","interest_category":"잡종지","solar_candidate":"검토필요","candidate_reason":"실제 이용·점유 여부 확인 후 검토할 잡종지; 면적 847㎡","priority_score":55,"source":"경기부동산포털 국공유지조회·연속지적도","source_date":"2026-08-11","installed_solar_match":false}},{"type":"Feature","id":"4163025027103160002","geometry":{"type":"Point","coordinates":[126.9388708,37.778124]},"properties":{"pnu":"4163025027103160002","municipality_code":"41630","municipality":"양주시","district":"양주시","locality":"백석읍 기산리","address":"양주시 백석읍 기산리 316-2","owner_type":"시·군유지","owner_label":"양주시","manager":"","property_class":"","land_category":"잡종지","area_sqm":843.0,"area_band":"500~1,000㎡","interest_category":"잡종지","solar_candidate":"검토필요","candidate_reason":"실제 이용·점유 여부 확인 후 검토할 잡종지; 면적 843㎡","priority_score":55,"source":"경기부동산포털 국공유지조회·연속지적도","source_date":"2026-08-11","installed_solar_match":false}},{"type":"Feature","id":"4163010100101950000","geometry":{"type":"Point","coordinates":[127.0304292,37.7846235]},"properties":{"pnu":"4163010100101950000","municipality_code":"41630","municipality":"양주시","district":"양주시","locality":"유양동","address":"양주시 유양동 195","owner_type":"시·군유지","owner_label":"양주시","manager":"","property_class":"","land_category":"잡종지","area_sqm":819.5,"area_band":"500~1,000㎡","interest_category":"잡종지","solar_candidate":"검토필요","candidate_reason":"실제 이용·점유 여부 확인 후 검토할 잡종지; 면적 820㎡","priority_score":55,"source":"경기부동산포털 국공유지조회·연속지적도","source_date":"2026-08-11","installed_solar_match":false}},{"type":"Feature","id":"4163011200100090001","geometry":{"type":"Point","coordinates":[127.1047895,37.8452353]},"properties":{"pnu":"4163011200100090001","municipality_code":"41630","municipality":"양주시","district":"양주시","locality":"회암동","address":"양주시 회암동 9-1","owner_type":"시·군유지","owner_label":"양주시","manager":"","property_class":"","land_category":"잡종지","area_sqm":810.0,"area_band":"500~1,000㎡","interest_category":"잡종지","solar_candidate":"검토필요","candidate_reason":"실제 이용·점유 여부 확인 후 검토할 잡종지; 면적 810㎡","priority_score":55,"source":"경기부동산포털 국공유지조회·연속지적도","source_date":"2026-08-11","installed_solar_match":false}},{"type":"Feature","id":"4163031021108550010","geometry":{"type":"Point","coordinates":[127.0288096,37.8496986]},"properties":{"pnu":"4163031021108550010","municipality_code":"41630","municipality":"양주시","district":"양주시","locality":"은현면 용암리","address":"양주시 은현면 용암리 855-10","owner_type":"시·군유지","owner_label":"양주시","manager":"","property_class":"","land_category":"잡종지","area_sqm":755.0,"area_band":"500~1,000㎡","interest_category":"잡종지","solar_candidate":"검토필요","candidate_reason":"실제 이용·점유 여부 확인 후 검토할 잡종지; 면적 755㎡","priority_score":55,"source":"경기부동산포털 국공유지조회·연속지적도","source_date":"2026-08-11","installed_solar_match":false}},{"type":"Feature","id":"4163011600104620007","geometry":{"type":"Point","coordinates":[127.0476765,37.8194845]},"properties":{"pnu":"4163011600104620007","municipality_code":"41630","municipality":"양주시","district":"양주시","locality":"덕계동","address":"양주시 덕계동 462-7","owner_type":"시·군유지","owner_label":"양주시","manager":"","property_class":"","land_category":"잡종지","area_sqm":711.0,"area_band":"500~1,000㎡","interest_category":"잡종지","solar_candidate":"검토필요","candidate_reason":"실제 이용·점유 여부 확인 후 검토할 잡종지; 면적 711㎡","priority_score":55,"source":"경기부동산포털 국공유지조회·연속지적도","source_date":"2026-08-11","installed_solar_match":false}},{"type":"Feature","id":"4163032021104170007","geometry":{"type":"Point","coordinates":[126.9641245,37.9018145]},"properties":{"pnu":"4163032021104170007","municipality_code":"41630","municipality":"양주시","district":"양주시","locality":"남면 신산리","address":"양주시 남면 신산리 417-7","owner_type":"시·군유지","owner_label":"양주시","manager":"","property_class":"","land_category":"잡종지","area_sqm":677.0,"area_band":"500~1,000㎡","interest_category":"잡종지","solar_candidate":"검토필요","candidate_reason":"실제 이용·점유 여부 확인 후 검토할 잡종지; 면적 677㎡","priority_score":55,"source":"경기부동산포털 국공유지조회·연속지적도","source_date":"2026-08-11","installed_solar_match":false}},{"type":"Feature","id":"4163032021102770032","geometry":{"type":"Point","coordinates":[126.9719931,37.8982468]},"properties":{"pnu":"4163032021102770032","municipality_code":"41630","municipality":"양주시","district":"양주시","locality":"남면 신산리","address":"양주시 남면 신산리 277-32","owner_type":"시·군유지","owner_label":"양주시","manager":"","property_class":"","land_category":"잡종지","area_sqm":675.0,"area_band":"500~1,000㎡","interest_category":"잡종지","solar_candidate":"검토필요","candidate_reason":"실제 이용·점유 여부 확인 후 검토할 잡종지; 면적 675㎡","priority_score":55,"source":"경기부동산포털 국공유지조회·연속지적도","source_date":"2026-08-11","installed_solar_match":false}},{"type":"Feature","id":"4163034024100360006","geometry":{"type":"Point","coordinates":[126.9691517,37.7563969]},"properties":{"pnu":"4163034024100360006","municipality_code":"41630","municipality":"양주시","district":"양주시","locality":"장흥면 석현리","address":"양주시 장흥면 석현리 36-6","owner_type":"시·군유지","owner_label":"양주시","manager":"","property_class":"","land_category":"잡종지","area_sqm":663.0,"area_band":"500~1,000㎡","interest_category":"잡종지","solar_candidate":"검토필요","candidate_reason":"실제 이용·점유 여부 확인 후 검토할 잡종지; 면적 663㎡","priority_score":55,"source":"경기부동산포털 국공유지조회·연속지적도","source_date":"2026-08-11","installed_solar_match":false}},{"type":"Feature","id":"4163011600104240030","geometry":{"type":"Point","coordinates":[127.0475936,37.8186421]},"properties":{"pnu":"4163011600104240030","municipality_code":"41630","municipality":"양주시","district":"양주시","locality":"덕계동","address":"양주시 덕계동 424-30","owner_type":"시·군유지","owner_label":"양주시","manager":"","property_class":"","land_category":"잡종지","area_sqm":647.0,"area_band":"500~1,000㎡","interest_category":"잡종지","solar_candidate":"검토필요","candidate_reason":"실제 이용·점유 여부 확인 후 검토할 잡종지; 면적 647㎡","priority_score":55,"source":"경기부동산포털 국공유지조회·연속지적도","source_date":"2026-08-11","installed_solar_match":false}},{"type":"Feature","id":"4163011300102990036","geometry":{"type":"Point","coordinates":[127.1033974,37.8408343]},"properties":{"pnu":"4163011300102990036","municipality_code":"41630","municipality":"양주시","district":"양주시","locality":"율정동","address":"양주시 율정동 299-36","owner_type":"시·군유지","owner_label":"양주시","manager":"","property_class":"","land_category":"잡종지","area_sqm":646.0,"area_band":"500~1,000㎡","interest_category":"잡종지","solar_candidate":"검토필요","candidate_reason":"실제 이용·점유 여부 확인 후 검토할 잡종지; 면적 646㎡","priority_score":55,"source":"경기부동산포털 국공유지조회·연속지적도","source_date":"2026-08-11","installed_solar_match":false}},{"type":"Feature","id":"4163034024103820000","geometry":{"type":"Point","coordinates":[126.951588,37.7346279]},"properties":{"pnu":"4163034024103820000","municipality_code":"41630","municipality":"양주시","district":"양주시","locality":"장흥면 석현리","address":"양주시 장흥면 석현리 382","owner_type":"시·군유지","owner_label":"양주시","manager":"","property_class":"","land_category":"잡종지","area_sqm":646.0,"area_band":"500~1,000㎡","interest_category":"잡종지","solar_candidate":"검토필요","candidate_reason":"실제 이용·점유 여부 확인 후 검토할 잡종지; 면적 646㎡","priority_score":55,"source":"경기부동산포털 국공유지조회·연속지적도","source_date":"2026-08-11","installed_solar_match":false}},{"type":"Feature","id":"4163034024103940015","geometry":{"type":"Point","coordinates":[126.9495045,37.7315505]},"properties":{"pnu":"4163034024103940015","municipality_code":"41630","municipality":"양주시","district":"양주시","locality":"장흥면 석현리","address":"양주시 장흥면 석현리 394-15","owner_type":"시·군유지","owner_label":"양주시","manager":"","property_class":"","land_category":"잡종지","area_sqm":637.0,"area_band":"500~1,000㎡","interest_category":"잡종지","solar_candidate":"검토필요","candidate_reason":"실제 이용·점유 여부 확인 후 검토할 잡종지; 면적 637㎡","priority_score":55,"source":"경기부동산포털 국공유지조회·연속지적도","source_date":"2026-08-11","installed_solar_match":false}},{"type":"Feature","id":"4163011500103470004","geometry":{"type":"Point","coordinates":[127.0708784,37.8191645]},"properties":{"pnu":"4163011500103470004","municipality_code":"41630","municipality":"양주시","district":"양주시","locality":"고암동","address":"양주시 고암동 347-4","owner_type":"시·군유지","owner_label":"양주시","manager":"","property_class":"","land_category":"잡종지","area_sqm":625.0,"area_band":"500~1,000㎡","interest_category":"잡종지","solar_candidate":"검토필요","candidate_reason":"실제 이용·점유 여부 확인 후 검토할 잡종지; 면적 625㎡","priority_score":55,"source":"경기부동산포털 국공유지조회·연속지적도","source_date":"2026-08-11","installed_solar_match":false}},{"type":"Feature","id":"4163011100109520006","geometry":{"type":"Point","coordinates":[127.0570465,37.8587375]},"properties":{"pnu":"4163011100109520006","municipality_code":"41630","municipality":"양주시","district":"양주시","locality":"봉양동","address":"양주시 봉양동 952-6","owner_type":"시·군유지","owner_label":"양주시","manager":"","property_class":"","land_category":"잡종지","area_sqm":617.0,"area_band":"500~1,000㎡","interest_category":"잡종지","solar_candidate":"검토필요","candidate_reason":"실제 이용·점유 여부 확인 후 검토할 잡종지; 면적 617㎡","priority_score":55,"source":"경기부동산포털 국공유지조회·연속지적도","source_date":"2026-08-11","installed_solar_match":false}},{"type":"Feature","id":"4163011100109520007","geometry":{"type":"Point","coordinates":[127.0595577,37.8571301]},"properties":{"pnu":"4163011100109520007","municipality_code":"41630","municipality":"양주시","district":"양주시","locality":"봉양동","address":"양주시 봉양동 952-7","owner_type":"시·군유지","owner_label":"양주시","manager":"","property_class":"","land_category":"잡종지","area_sqm":595.0,"area_band":"500~1,000㎡","interest_category":"잡종지","solar_candidate":"검토필요","candidate_reason":"실제 이용·점유 여부 확인 후 검토할 잡종지; 면적 595㎡","priority_score":55,"source":"경기부동산포털 국공유지조회·연속지적도","source_date":"2026-08-11","installed_solar_match":false}},{"type":"Feature","id":"4163011200100140001","geometry":{"type":"Point","coordinates":[127.1043977,37.8447211]},"properties":{"pnu":"4163011200100140001","municipality_code":"41630","municipality":"양주시","district":"양주시","locality":"회암동","address":"양주시 회암동 14-1","owner_type":"시·군유지","owner_label":"양주시","manager":"","property_class":"","land_category":"잡종지","area_sqm":588.0,"area_band":"500~1,000㎡","interest_category":"잡종지","solar_candidate":"검토필요","candidate_reason":"실제 이용·점유 여부 확인 후 검토할 잡종지; 면적 588㎡","priority_score":55,"source":"경기부동산포털 국공유지조회·연속지적도","source_date":"2026-08-11","installed_solar_match":false}},{"type":"Feature","id":"4163011100109540134","geometry":{"type":"Point","coordinates":[127.0573586,37.8594945]},"properties":{"pnu":"4163011100109540134","municipality_code":"41630","municipality":"양주시","district":"양주시","locality":"봉양동","address":"양주시 봉양동 954-134","owner_type":"시·군유지","owner_label":"양주시","manager":"","property_class":"","land_category":"잡종지","area_sqm":546.0,"area_band":"500~1,000㎡","interest_category":"잡종지","solar_candidate":"검토필요","candidate_reason":"실제 이용·점유 여부 확인 후 검토할 잡종지; 면적 546㎡","priority_score":55,"source":"경기부동산포털 국공유지조회·연속지적도","source_date":"2026-08-11","installed_solar_match":false}},{"type":"Feature","id":"4163033021102710033","geometry":{"type":"Point","coordinates":[126.993094,37.8368068]},"properties":{"pnu":"4163033021102710033","municipality_code":"41630","municipality":"양주시","district":"양주시","locality":"광적면 가납리","address":"양주시 광적면 가납리 271-33","owner_type":"시·군유지","owner_label":"양주시","manager":"","property_class":"","land_category":"잡종지","area_sqm":543.0,"area_band":"500~1,000㎡","interest_category":"잡종지","solar_candidate":"검토필요","candidate_reason":"실제 이용·점유 여부 확인 후 검토할 잡종지; 면적 543㎡","priority_score":55,"source":"경기부동산포털 국공유지조회·연속지적도","source_date":"2026-08-11","installed_solar_match":false}},{"type":"Feature","id":"4163010700103910004","geometry":{"type":"Point","coordinates":[127.0906616,37.7882388]},"properties":{"pnu":"4163010700103910004","municipality_code":"41630","municipality":"양주시","district":"양주시","locality":"만송동","address":"양주시 만송동 391-4","owner_type":"시·군유지","owner_label":"양주시","manager":"","property_class":"","land_category":"잡종지","area_sqm":542.0,"area_band":"500~1,000㎡","interest_category":"잡종지","solar_candidate":"검토필요","candidate_reason":"실제 이용·점유 여부 확인 후 검토할 잡종지; 면적 542㎡","priority_score":55,"source":"경기부동산포털 국공유지조회·연속지적도","source_date":"2026-08-11","installed_solar_match":false}},{"type":"Feature","id":"4163011600104690010","geometry":{"type":"Point","coordinates":[127.0478632,37.8208996]},"properties":{"pnu":"4163011600104690010","municipality_code":"41630","municipality":"양주시","district":"양주시","locality":"덕계동","address":"양주시 덕계동 469-10","owner_type":"시·군유지","owner_label":"양주시","manager":"","property_class":"","land_category":"잡종지","area_sqm":534.0,"area_band":"500~1,000㎡","interest_category":"잡종지","solar_candidate":"검토필요","candidate_reason":"실제 이용·점유 여부 확인 후 검토할 잡종지; 면적 534㎡","priority_score":55,"source":"경기부동산포털 국공유지조회·연속지적도","source_date":"2026-08-11","installed_solar_match":false}},{"type":"Feature","id":"4163011000103680008","geometry":{"type":"Point","coordinates":[127.0613876,37.8478008]},"properties":{"pnu":"4163011000103680008","municipality_code":"41630","municipality":"양주시","district":"양주시","locality":"덕정동","address":"양주시 덕정동 368-8","owner_type":"시·군유지","owner_label":"양주시","manager":"","property_class":"","land_category":"잡종지","area_sqm":529.0,"area_band":"500~1,000㎡","interest_category":"잡종지","solar_candidate":"검토필요","candidate_reason":"실제 이용·점유 여부 확인 후 검토할 잡종지; 면적 529㎡","priority_score":55,"source":"경기부동산포털 국공유지조회·연속지적도","source_date":"2026-08-11","installed_solar_match":false}},{"type":"Feature","id":"4163031025104800002","geometry":{"type":"Point","coordinates":[127.0333838,37.8967373]},"properties":{"pnu":"4163031025104800002","municipality_code":"41630","municipality":"양주시","district":"양주시","locality":"은현면 하패리","address":"양주시 은현면 하패리 480-2","owner_type":"시·군유지","owner_label":"양주시","manager":"","property_class":"","land_category":"잡종지","area_sqm":507.0,"area_band":"500~1,000㎡","interest_category":"잡종지","solar_candidate":"검토필요","candidate_reason":"실제 이용·점유 여부 확인 후 검토할 잡종지; 면적 507㎡","priority_score":55,"source":"경기부동산포털 국공유지조회·연속지적도","source_date":"2026-08-11","installed_solar_match":false}},{"type":"Feature","id":"4163032022101300014","geometry":{"type":"Point","coordinates":[126.9647983,37.9101079]},"properties":{"pnu":"4163032022101300014","municipality_code":"41630","municipality":"양주시","district":"양주시","locality":"남면 신암리","address":"양주시 남면 신암리 130-14","owner_type":"시·군유지","owner_label":"양주시","manager":"","property_class":"","land_category":"주차장","area_sqm":459.0,"area_band":"100~500㎡","interest_category":"주차장","solar_candidate":"검토필요","candidate_reason":"주차면 상부 태양광을 우선 검토할 지목; 면적 459㎡","priority_score":55,"source":"경기부동산포털 국공유지조회·연속지적도","source_date":"2026-08-11","installed_solar_match":false}},{"type":"Feature","id":"4163025027103920003","geometry":{"type":"Point","coordinates":[126.9358938,37.7770271]},"properties":{"pnu":"4163025027103920003","municipality_code":"41630","municipality":"양주시","district":"양주시","locality":"백석읍 기산리","address":"양주시 백석읍 기산리 392-3","owner_type":"시·군유지","owner_label":"양주시","manager":"","property_class":"","land_category":"주차장","area_sqm":420.0,"area_band":"100~500㎡","interest_category":"주차장","solar_candidate":"검토필요","candidate_reason":"주차면 상부 태양광을 우선 검토할 지목; 면적 420㎡","priority_score":55,"source":"경기부동산포털 국공유지조회·연속지적도","source_date":"2026-08-11","installed_solar_match":false}},{"type":"Feature","id":"4163025027103900010","geometry":{"type":"Point","coordinates":[126.9348588,37.7770587]},"properties":{"pnu":"4163025027103900010","municipality_code":"41630","municipality":"양주시","district":"양주시","locality":"백석읍 기산리","address":"양주시 백석읍 기산리 390-10","owner_type":"시·군유지","owner_label":"양주시","manager":"","property_class":"","land_category":"주차장","area_sqm":327.0,"area_band":"100~500㎡","interest_category":"주차장","solar_candidate":"검토필요","candidate_reason":"주차면 상부 태양광을 우선 검토할 지목; 면적 327㎡","priority_score":55,"source":"경기부동산포털 국공유지조회·연속지적도","source_date":"2026-08-11","installed_solar_match":false}},{"type":"Feature","id":"4163025027103930004","geometry":{"type":"Point","coordinates":[126.9353923,37.7770186]},"properties":{"pnu":"4163025027103930004","municipality_code":"41630","municipality":"양주시","district":"양주시","locality":"백석읍 기산리","address":"양주시 백석읍 기산리 393-4","owner_type":"시·군유지","owner_label":"양주시","manager":"","property_class":"","land_category":"주차장","area_sqm":318.0,"area_band":"100~500㎡","interest_category":"주차장","solar_candidate":"검토필요","candidate_reason":"주차면 상부 태양광을 우선 검토할 지목; 면적 318㎡","priority_score":55,"source":"경기부동산포털 국공유지조회·연속지적도","source_date":"2026-08-11","installed_solar_match":false}},{"type":"Feature","id":"4163025027103920001","geometry":{"type":"Point","coordinates":[126.9358953,37.777079]},"properties":{"pnu":"4163025027103920001","municipality_code":"41630","municipality":"양주시","district":"양주시","locality":"백석읍 기산리","address":"양주시 백석읍 기산리 392-1","owner_type":"시·군유지","owner_label":"양주시","manager":"","property_class":"","land_category":"주차장","area_sqm":132.0,"area_band":"100~500㎡","interest_category":"주차장","solar_candidate":"검토필요","candidate_reason":"주차면 상부 태양광을 우선 검토할 지목; 면적 132㎡","priority_score":55,"source":"경기부동산포털 국공유지조회·연속지적도","source_date":"2026-08-11","installed_solar_match":false}},{"type":"Feature","id":"4163032030102850004","geometry":{"type":"Point","coordinates":[126.984474,37.9296651]},"properties":{"pnu":"4163032030102850004","municipality_code":"41630","municipality":"양주시","district":"양주시","locality":"남면 황방리","address":"양주시 남면 황방리 285-4","owner_type":"시·군유지","owner_label":"양주시","manager":"","property_class":"","land_category":"주차장","area_sqm":131.0,"area_band":"100~500㎡","interest_category":"주차장","solar_candidate":"검토필요","candidate_reason":"주차면 상부 태양광을 우선 검토할 지목; 면적 131㎡","priority_score":55,"source":"경기부동산포털 국공유지조회·연속지적도","source_date":"2026-08-11","installed_solar_match":false}},{"type":"Feature","id":"4163032030102850002","geometry":{"type":"Point","coordinates":[126.9845062,37.9296816]},"properties":{"pnu":"4163032030102850002","municipality_code":"41630","municipality":"양주시","district":"양주시","locality":"남면 황방리","address":"양주시 남면 황방리 285-2","owner_type":"시·군유지","owner_label":"양주시","manager":"","property_class":"","land_category":"주차장","area_sqm":110.0,"area_band":"100~500㎡","interest_category":"주차장","solar_candidate":"검토필요","candidate_reason":"주차면 상부 태양광을 우선 검토할 지목; 면적 110㎡","priority_score":55,"source":"경기부동산포털 국공유지조회·연속지적도","source_date":"2026-08-11","installed_solar_match":false}},{"type":"Feature","id":"4163025027103920008","geometry":{"type":"Point","coordinates":[126.9357646,37.7767468]},"properties":{"pnu":"4163025027103920008","municipality_code":"41630","municipality":"양주시","district":"양주시","locality":"백석읍 기산리","address":"양주시 백석읍 기산리 392-8","owner_type":"시·군유지","owner_label":"양주시","manager":"","property_class":"","land_category":"주차장","area_sqm":105.0,"area_band":"100~500㎡","interest_category":"주차장","solar_candidate":"검토필요","candidate_reason":"주차면 상부 태양광을 우선 검토할 지목; 면적 105㎡","priority_score":55,"source":"경기부동산포털 국공유지조회·연속지적도","source_date":"2026-08-11","installed_solar_match":false}},{"type":"Feature","id":"4163025027103930001","geometry":{"type":"Point","coordinates":[126.9353901,37.7770569]},"properties":{"pnu":"4163025027103930001","municipality_code":"41630","municipality":"양주시","district":"양주시","locality":"백석읍 기산리","address":"양주시 백석읍 기산리 393-1","owner_type":"시·군유지","owner_label":"양주시","manager":"","property_class":"","land_category":"주차장","area_sqm":102.0,"area_band":"100~500㎡","interest_category":"주차장","solar_candidate":"검토필요","candidate_reason":"주차면 상부 태양광을 우선 검토할 지목; 면적 102㎡","priority_score":55,"source":"경기부동산포털 국공유지조회·연속지적도","source_date":"2026-08-11","installed_solar_match":false}},{"type":"Feature","id":"4163010300101190004","geometry":{"type":"Point","coordinates":[127.0438725,37.773235]},"properties":{"pnu":"4163010300101190004","municipality_code":"41630","municipality":"양주시","district":"양주시","locality":"남방동","address":"양주시 남방동 119-4","owner_type":"시·군유지","owner_label":"양주시","manager":"","property_class":"","land_category":"대","area_sqm":2871.0,"area_band":"1,000~3,000㎡","interest_category":"대","solar_candidate":"검토필요","candidate_reason":"청사·공공건축물·주차장 현황 추가 확인 필요; 면적 2,871㎡","priority_score":53,"source":"경기부동산포털 국공유지조회·연속지적도","source_date":"2026-08-11","installed_solar_match":false}},{"type":"Feature","id":"4163010700106950000","geometry":{"type":"Point","coordinates":[127.0803707,37.7969246]},"properties":{"pnu":"4163010700106950000","municipality_code":"41630","municipality":"양주시","district":"양주시","locality":"만송동","address":"양주시 만송동 695","owner_type":"시·군유지","owner_label":"양주시","manager":"","property_class":"","land_category":"대","area_sqm":2742.0,"area_band":"1,000~3,000㎡","interest_category":"대","solar_candidate":"검토필요","candidate_reason":"청사·공공건축물·주차장 현황 추가 확인 필요; 면적 2,742㎡","priority_score":53,"source":"경기부동산포털 국공유지조회·연속지적도","source_date":"2026-08-11","installed_solar_match":true,"installed_solar_count":1,"installed_solar_area_sqm":122.9,"installed_solar_analysis_years":["2024"],"installed_solar_types":["공공시설물"],"installed_solar_permit_status_counts":{"N":1}}},{"type":"Feature","id":"4163011000101400001","geometry":{"type":"Point","coordinates":[127.066057,37.84405]},"properties":{"pnu":"4163011000101400001","municipality_code":"41630","municipality":"양주시","district":"양주시","locality":"덕정동","address":"양주시 덕정동 140-1","owner_type":"시·군유지","owner_label":"양주시","manager":"","property_class":"","land_category":"대","area_sqm":2702.5,"area_band":"1,000~3,000㎡","interest_category":"대","solar_candidate":"검토필요","candidate_reason":"청사·공공건축물·주차장 현황 추가 확인 필요; 면적 2,702㎡","priority_score":53,"source":"경기부동산포털 국공유지조회·연속지적도","source_date":"2026-08-11","installed_solar_match":false}},{"type":"Feature","id":"4163031022103410002","geometry":{"type":"Point","coordinates":[127.0245164,37.8748475]},"properties":{"pnu":"4163031022103410002","municipality_code":"41630","municipality":"양주시","district":"양주시","locality":"은현면 선암리","address":"양주시 은현면 선암리 341-2","owner_type":"시·군유지","owner_label":"양주시","manager":"","property_class":"","land_category":"대","area_sqm":2701.0,"area_band":"1,000~3,000㎡","interest_category":"대","solar_candidate":"검토필요","candidate_reason":"청사·공공건축물·주차장 현황 추가 확인 필요; 면적 2,701㎡","priority_score":53,"source":"경기부동산포털 국공유지조회·연속지적도","source_date":"2026-08-11","installed_solar_match":false}},{"type":"Feature","id":"4163034024103850012","geometry":{"type":"Point","coordinates":[126.9490867,37.7326602]},"properties":{"pnu":"4163034024103850012","municipality_code":"41630","municipality":"양주시","district":"양주시","locality":"장흥면 석현리","address":"양주시 장흥면 석현리 385-12","owner_type":"시·군유지","owner_label":"양주시","manager":"","property_class":"","land_category":"대","area_sqm":2654.0,"area_band":"1,000~3,000㎡","interest_category":"대","solar_candidate":"검토필요","candidate_reason":"청사·공공건축물·주차장 현황 추가 확인 필요; 면적 2,654㎡","priority_score":53,"source":"경기부동산포털 국공유지조회·연속지적도","source_date":"2026-08-11","installed_solar_match":false}},{"type":"Feature","id":"4163010400104610000","geometry":{"type":"Point","coordinates":[127.0476101,37.78439]},"properties":{"pnu":"4163010400104610000","municipality_code":"41630","municipality":"양주시","district":"양주시","locality":"마전동","address":"양주시 마전동 461","owner_type":"시·군유지","owner_label":"양주시","manager":"","property_class":"","land_category":"대","area_sqm":2500.4,"area_band":"1,000~3,000㎡","interest_category":"대","solar_candidate":"검토필요","candidate_reason":"청사·공공건축물·주차장 현황 추가 확인 필요; 면적 2,500㎡","priority_score":53,"source":"경기부동산포털 국공유지조회·연속지적도","source_date":"2026-08-11","installed_solar_match":false}},{"type":"Feature","id":"4163032023102820003","geometry":{"type":"Point","coordinates":[126.9569365,37.8944243]},"properties":{"pnu":"4163032023102820003","municipality_code":"41630","municipality":"양주시","district":"양주시","locality":"남면 매곡리","address":"양주시 남면 매곡리 282-3","owner_type":"시·군유지","owner_label":"양주시","manager":"","property_class":"","land_category":"대","area_sqm":2350.0,"area_band":"1,000~3,000㎡","interest_category":"대","solar_candidate":"검토필요","candidate_reason":"청사·공공건축물·주차장 현황 추가 확인 필요; 면적 2,350㎡","priority_score":53,"source":"경기부동산포털 국공유지조회·연속지적도","source_date":"2026-08-11","installed_solar_match":false}},{"type":"Feature","id":"4163032027106240004","geometry":{"type":"Point","coordinates":[126.9750117,37.8770627]},"properties":{"pnu":"4163032027106240004","municipality_code":"41630","municipality":"양주시","district":"양주시","locality":"남면 상수리","address":"양주시 남면 상수리 624-4","owner_type":"시·군유지","owner_label":"양주시","manager":"","property_class":"","land_category":"대","area_sqm":2319.0,"area_band":"1,000~3,000㎡","interest_category":"대","solar_candidate":"검토필요","candidate_reason":"청사·공공건축물·주차장 현황 추가 확인 필요; 면적 2,319㎡","priority_score":53,"source":"경기부동산포털 국공유지조회·연속지적도","source_date":"2026-08-11","installed_solar_match":false}},{"type":"Feature","id":"4163025026102410002","geometry":{"type":"Point","coordinates":[126.9505335,37.8186166]},"properties":{"pnu":"4163025026102410002","municipality_code":"41630","municipality":"양주시","district":"양주시","locality":"백석읍 연곡리","address":"양주시 백석읍 연곡리 241-2","owner_type":"시·군유지","owner_label":"양주시","manager":"","property_class":"","land_category":"대","area_sqm":2295.0,"area_band":"1,000~3,000㎡","interest_category":"대","solar_candidate":"검토필요","candidate_reason":"청사·공공건축물·주차장 현황 추가 확인 필요; 면적 2,295㎡","priority_score":53,"source":"경기부동산포털 국공유지조회·연속지적도","source_date":"2026-08-11","installed_solar_match":false}},{"type":"Feature","id":"4163032021102850303","geometry":{"type":"Point","coordinates":[126.9755045,37.8947554]},"properties":{"pnu":"4163032021102850303","municipality_code":"41630","municipality":"양주시","district":"양주시","locality":"남면 신산리","address":"양주시 남면 신산리 285-303","owner_type":"시·군유지","owner_label":"양주시","manager":"","property_class":"","land_category":"대","area_sqm":2075.0,"area_band":"1,000~3,000㎡","interest_category":"대","solar_candidate":"검토필요","candidate_reason":"청사·공공건축물·주차장 현황 추가 확인 필요; 면적 2,075㎡","priority_score":53,"source":"경기부동산포털 국공유지조회·연속지적도","source_date":"2026-08-11","installed_solar_match":false}},{"type":"Feature","id":"4163032023102500001","geometry":{"type":"Point","coordinates":[126.9581098,37.8917229]},"properties":{"pnu":"4163032023102500001","municipality_code":"41630","municipality":"양주시","district":"양주시","locality":"남면 매곡리","address":"양주시 남면 매곡리 250-1","owner_type":"시·군유지","owner_label":"양주시","manager":"","property_class":"","land_category":"대","area_sqm":2072.0,"area_band":"1,000~3,000㎡","interest_category":"대","solar_candidate":"검토필요","candidate_reason":"청사·공공건축물·주차장 현황 추가 확인 필요; 면적 2,072㎡","priority_score":53,"source":"경기부동산포털 국공유지조회·연속지적도","source_date":"2026-08-11","installed_solar_match":false}},{"type":"Feature","id":"4163034025101370002","geometry":{"type":"Point","coordinates":[126.9412957,37.7178385]},"properties":{"pnu":"4163034025101370002","municipality_code":"41630","municipality":"양주시","district":"양주시","locality":"장흥면 일영리","address":"양주시 장흥면 일영리 137-2","owner_type":"시·군유지","owner_label":"양주시","manager":"","property_class":"","land_category":"대","area_sqm":2062.0,"area_band":"1,000~3,000㎡","interest_category":"대","solar_candidate":"검토필요","candidate_reason":"청사·공공건축물·주차장 현황 추가 확인 필요; 면적 2,062㎡","priority_score":53,"source":"경기부동산포털 국공유지조회·연속지적도","source_date":"2026-08-11","installed_solar_match":false}},{"type":"Feature","id":"4163025022102540000","geometry":{"type":"Point","coordinates":[126.9830286,37.8138513]},"properties":{"pnu":"4163025022102540000","municipality_code":"41630","municipality":"양주시","district":"양주시","locality":"백석읍 오산리","address":"양주시 백석읍 오산리 254","owner_type":"시·군유지","owner_label":"양주시","manager":"","property_class":"","land_category":"대","area_sqm":2023.0,"area_band":"1,000~3,000㎡","interest_category":"대","solar_candidate":"검토필요","candidate_reason":"청사·공공건축물·주차장 현황 추가 확인 필요; 면적 2,023㎡","priority_score":53,"source":"경기부동산포털 국공유지조회·연속지적도","source_date":"2026-08-11","installed_solar_match":false}},{"type":"Feature","id":"4163034024103940000","geometry":{"type":"Point","coordinates":[126.9494154,37.7310689]},"properties":{"pnu":"4163034024103940000","municipality_code":"41630","municipality":"양주시","district":"양주시","locality":"장흥면 석현리","address":"양주시 장흥면 석현리 394","owner_type":"시·군유지","owner_label":"양주시","manager":"","property_class":"","land_category":"대","area_sqm":1980.0,"area_band":"1,000~3,000㎡","interest_category":"대","solar_candidate":"검토필요","candidate_reason":"청사·공공건축물·주차장 현황 추가 확인 필요; 면적 1,980㎡","priority_score":53,"source":"경기부동산포털 국공유지조회·연속지적도","source_date":"2026-08-11","installed_solar_match":true,"installed_solar_count":2,"installed_solar_area_sqm":28.2,"installed_solar_analysis_years":["2024"],"installed_solar_types":["공공시설물"],"installed_solar_permit_status_counts":{"N":2}}},{"type":"Feature","id":"4163011000100690034","geometry":{"type":"Point","coordinates":[127.0660489,37.8526852]},"properties":{"pnu":"4163011000100690034","municipality_code":"41630","municipality":"양주시","district":"양주시","locality":"덕정동","address":"양주시 덕정동 69-34","owner_type":"시·군유지","owner_label":"양주시","manager":"","property_class":"","land_category":"대","area_sqm":1928.0,"area_band":"1,000~3,000㎡","interest_category":"대","solar_candidate":"검토필요","candidate_reason":"청사·공공건축물·주차장 현황 추가 확인 필요; 면적 1,928㎡","priority_score":53,"source":"경기부동산포털 국공유지조회·연속지적도","source_date":"2026-08-11","installed_solar_match":false}},{"type":"Feature","id":"4163033024105830009","geometry":{"type":"Point","coordinates":[126.9246382,37.8104718]},"properties":{"pnu":"4163033024105830009","municipality_code":"41630","municipality":"양주시","district":"양주시","locality":"광적면 비암리","address":"양주시 광적면 비암리 583-9","owner_type":"시·군유지","owner_label":"양주시","manager":"","property_class":"","land_category":"대","area_sqm":1906.0,"area_band":"1,000~3,000㎡","interest_category":"대","solar_candidate":"검토필요","candidate_reason":"청사·공공건축물·주차장 현황 추가 확인 필요; 면적 1,906㎡","priority_score":53,"source":"경기부동산포털 국공유지조회·연속지적도","source_date":"2026-08-11","installed_solar_match":false}},{"type":"Feature","id":"4163032021102850174","geometry":{"type":"Point","coordinates":[126.9742925,37.8958261]},"properties":{"pnu":"4163032021102850174","municipality_code":"41630","municipality":"양주시","district":"양주시","locality":"남면 신산리","address":"양주시 남면 신산리 285-174","owner_type":"시·군유지","owner_label":"양주시","manager":"","property_class":"","land_category":"대","area_sqm":1773.0,"area_band":"1,000~3,000㎡","interest_category":"대","solar_candidate":"검토필요","candidate_reason":"청사·공공건축물·주차장 현황 추가 확인 필요; 면적 1,773㎡","priority_score":53,"source":"경기부동산포털 국공유지조회·연속지적도","source_date":"2026-08-11","installed_solar_match":false}},{"type":"Feature","id":"4163034024103850016","geometry":{"type":"Point","coordinates":[126.9485209,37.7325744]},"properties":{"pnu":"4163034024103850016","municipality_code":"41630","municipality":"양주시","district":"양주시","locality":"장흥면 석현리","address":"양주시 장흥면 석현리 385-16","owner_type":"시·군유지","owner_label":"양주시","manager":"","property_class":"","land_category":"대","area_sqm":1730.0,"area_band":"1,000~3,000㎡","interest_category":"대","solar_candidate":"검토필요","candidate_reason":"청사·공공건축물·주차장 현황 추가 확인 필요; 면적 1,730㎡","priority_score":53,"source":"경기부동산포털 국공유지조회·연속지적도","source_date":"2026-08-11","installed_solar_match":false}},{"type":"Feature","id":"4163033022103660001","geometry":{"type":"Point","coordinates":[126.9755732,37.8290866]},"properties":{"pnu":"4163033022103660001","municipality_code":"41630","municipality":"양주시","district":"양주시","locality":"광적면 광석리","address":"양주시 광적면 광석리 366-1","owner_type":"시·군유지","owner_label":"양주시","manager":"","property_class":"","land_category":"대","area_sqm":1607.0,"area_band":"1,000~3,000㎡","interest_category":"대","solar_candidate":"검토필요","candidate_reason":"청사·공공건축물·주차장 현황 추가 확인 필요; 면적 1,607㎡","priority_score":53,"source":"경기부동산포털 국공유지조회·연속지적도","source_date":"2026-08-11","installed_solar_match":false}},{"type":"Feature","id":"4163031024101840125","geometry":{"type":"Point","coordinates":[127.0082605,37.9072686]},"properties":{"pnu":"4163031024101840125","municipality_code":"41630","municipality":"양주시","district":"양주시","locality":"은현면 봉암리","address":"양주시 은현면 봉암리 184-125","owner_type":"시·군유지","owner_label":"양주시","manager":"","property_class":"","land_category":"대","area_sqm":1509.0,"area_band":"1,000~3,000㎡","interest_category":"대","solar_candidate":"검토필요","candidate_reason":"청사·공공건축물·주차장 현황 추가 확인 필요; 면적 1,509㎡","priority_score":53,"source":"경기부동산포털 국공유지조회·연속지적도","source_date":"2026-08-11","installed_solar_match":false}},{"type":"Feature","id":"4163011600104670008","geometry":{"type":"Point","coordinates":[127.0467602,37.8216809]},"properties":{"pnu":"4163011600104670008","municipality_code":"41630","municipality":"양주시","district":"양주시","locality":"덕계동","address":"양주시 덕계동 467-8","owner_type":"시·군유지","owner_label":"양주시","manager":"","property_class":"","land_category":"대","area_sqm":1479.0,"area_band":"1,000~3,000㎡","interest_category":"대","solar_candidate":"검토필요","candidate_reason":"청사·공공건축물·주차장 현황 추가 확인 필요; 면적 1,479㎡","priority_score":53,"source":"경기부동산포털 국공유지조회·연속지적도","source_date":"2026-08-11","installed_solar_match":true,"installed_solar_count":2,"installed_solar_area_sqm":316.1,"installed_solar_analysis_years":["2024"],"installed_solar_types":["공공시설물"],"installed_solar_permit_status_counts":{"N":2}}},{"type":"Feature","id":"4163010800101760019","geometry":{"type":"Point","coordinates":[127.1095538,37.8008734]},"properties":{"pnu":"4163010800101760019","municipality_code":"41630","municipality":"양주시","district":"양주시","locality":"삼숭동","address":"양주시 삼숭동 176-19","owner_type":"시·군유지","owner_label":"양주시","manager":"","property_class":"","land_category":"대","area_sqm":1478.0,"area_band":"1,000~3,000㎡","interest_category":"대","solar_candidate":"검토필요","candidate_reason":"청사·공공건축물·주차장 현황 추가 확인 필요; 면적 1,478㎡","priority_score":53,"source":"경기부동산포털 국공유지조회·연속지적도","source_date":"2026-08-11","installed_solar_match":false}},{"type":"Feature","id":"4163032027102040011","geometry":{"type":"Point","coordinates":[127.0064368,37.8700497]},"properties":{"pnu":"4163032027102040011","municipality_code":"41630","municipality":"양주시","district":"양주시","locality":"남면 상수리","address":"양주시 남면 상수리 204-11","owner_type":"시·군유지","owner_label":"양주시","manager":"","property_class":"","land_category":"대","area_sqm":1460.0,"area_band":"1,000~3,000㎡","interest_category":"대","solar_candidate":"검토필요","candidate_reason":"청사·공공건축물·주차장 현황 추가 확인 필요; 면적 1,460㎡","priority_score":53,"source":"경기부동산포털 국공유지조회·연속지적도","source_date":"2026-08-11","installed_solar_match":false}},{"type":"Feature","id":"4163011000105450000","geometry":{"type":"Point","coordinates":[127.0660769,37.849432]},"properties":{"pnu":"4163011000105450000","municipality_code":"41630","municipality":"양주시","district":"양주시","locality":"덕정동","address":"양주시 덕정동 545","owner_type":"시·군유지","owner_label":"양주시","manager":"","property_class":"","land_category":"대","area_sqm":1350.0,"area_band":"1,000~3,000㎡","interest_category":"대","solar_candidate":"검토필요","candidate_reason":"청사·공공건축물·주차장 현황 추가 확인 필요; 면적 1,350㎡","priority_score":53,"source":"경기부동산포털 국공유지조회·연속지적도","source_date":"2026-08-11","installed_solar_match":false}},{"type":"Feature","id":"4163025022105160005","geometry":{"type":"Point","coordinates":[126.9882166,37.7968291]},"properties":{"pnu":"4163025022105160005","municipality_code":"41630","municipality":"양주시","district":"양주시","locality":"백석읍 오산리","address":"양주시 백석읍 오산리 516-5","owner_type":"시·군유지","owner_label":"양주시","manager":"","property_class":"","land_category":"대","area_sqm":1322.0,"area_band":"1,000~3,000㎡","interest_category":"대","solar_candidate":"검토필요","candidate_reason":"청사·공공건축물·주차장 현황 추가 확인 필요; 면적 1,322㎡","priority_score":53,"source":"경기부동산포털 국공유지조회·연속지적도","source_date":"2026-08-11","installed_solar_match":false}},{"type":"Feature","id":"4163034025100500000","geometry":{"type":"Point","coordinates":[126.9481552,37.7241803]},"properties":{"pnu":"4163034025100500000","municipality_code":"41630","municipality":"양주시","district":"양주시","locality":"장흥면 일영리","address":"양주시 장흥면 일영리 50","owner_type":"시·군유지","owner_label":"양주시","manager":"","property_class":"","land_category":"대","area_sqm":1285.0,"area_band":"1,000~3,000㎡","interest_category":"대","solar_candidate":"검토필요","candidate_reason":"청사·공공건축물·주차장 현황 추가 확인 필요; 면적 1,285㎡","priority_score":53,"source":"경기부동산포털 국공유지조회·연속지적도","source_date":"2026-08-11","installed_solar_match":false}},{"type":"Feature","id":"4163033024107290007","geometry":{"type":"Point","coordinates":[126.9147958,37.807285]},"properties":{"pnu":"4163033024107290007","municipality_code":"41630","municipality":"양주시","district":"양주시","locality":"광적면 비암리","address":"양주시 광적면 비암리 729-7","owner_type":"시·군유지","owner_label":"양주시","manager":"","property_class":"","land_category":"대","area_sqm":1262.0,"area_band":"1,000~3,000㎡","interest_category":"대","solar_candidate":"검토필요","candidate_reason":"청사·공공건축물·주차장 현황 추가 확인 필요; 면적 1,262㎡","priority_score":53,"source":"경기부동산포털 국공유지조회·연속지적도","source_date":"2026-08-11","installed_solar_match":true,"installed_solar_count":1,"installed_solar_area_sqm":97.4,"installed_solar_analysis_years":["2024"],"installed_solar_types":["기타"],"installed_solar_permit_status_counts":{"N":1}}},{"type":"Feature","id":"4163031024101840005","geometry":{"type":"Point","coordinates":[127.0076373,37.9078803]},"properties":{"pnu":"4163031024101840005","municipality_code":"41630","municipality":"양주시","district":"양주시","locality":"은현면 봉암리","address":"양주시 은현면 봉암리 184-5","owner_type":"시·군유지","owner_label":"양주시","manager":"","property_class":"","land_category":"대","area_sqm":1152.0,"area_band":"1,000~3,000㎡","interest_category":"대","solar_candidate":"검토필요","candidate_reason":"청사·공공건축물·주차장 현황 추가 확인 필요; 면적 1,152㎡","priority_score":53,"source":"경기부동산포털 국공유지조회·연속지적도","source_date":"2026-08-11","installed_solar_match":false}},{"type":"Feature","id":"4163011000102060006","geometry":{"type":"Point","coordinates":[127.0688337,37.8377698]},"properties":{"pnu":"4163011000102060006","municipality_code":"41630","municipality":"양주시","district":"양주시","locality":"덕정동","address":"양주시 덕정동 206-6","owner_type":"시·군유지","owner_label":"양주시","manager":"","property_class":"","land_category":"대","area_sqm":1137.0,"area_band":"1,000~3,000㎡","interest_category":"대","solar_candidate":"검토필요","candidate_reason":"청사·공공건축물·주차장 현황 추가 확인 필요; 면적 1,137㎡","priority_score":53,"source":"경기부동산포털 국공유지조회·연속지적도","source_date":"2026-08-11","installed_solar_match":false}},{"type":"Feature","id":"4163010500102940000","geometry":{"type":"Point","coordinates":[127.0438558,37.8036957]},"properties":{"pnu":"4163010500102940000","municipality_code":"41630","municipality":"양주시","district":"양주시","locality":"산북동","address":"양주시 산북동 294","owner_type":"시·군유지","owner_label":"양주시","manager":"","property_class":"","land_category":"대","area_sqm":1136.0,"area_band":"1,000~3,000㎡","interest_category":"대","solar_candidate":"검토필요","candidate_reason":"청사·공공건축물·주차장 현황 추가 확인 필요; 면적 1,136㎡","priority_score":53,"source":"경기부동산포털 국공유지조회·연속지적도","source_date":"2026-08-11","installed_solar_match":false}},{"type":"Feature","id":"4163031026102260006","geometry":{"type":"Point","coordinates":[127.0088965,37.8458964]},"properties":{"pnu":"4163031026102260006","municipality_code":"41630","municipality":"양주시","district":"양주시","locality":"은현면 도하리","address":"양주시 은현면 도하리 226-6","owner_type":"시·군유지","owner_label":"양주시","manager":"","property_class":"","land_category":"대","area_sqm":1129.0,"area_band":"1,000~3,000㎡","interest_category":"대","solar_candidate":"검토필요","candidate_reason":"청사·공공건축물·주차장 현황 추가 확인 필요; 면적 1,129㎡","priority_score":53,"source":"경기부동산포털 국공유지조회·연속지적도","source_date":"2026-08-11","installed_solar_match":false}},{"type":"Feature","id":"4163033021109050001","geometry":{"type":"Point","coordinates":[126.9799649,37.8206666]},"properties":{"pnu":"4163033021109050001","municipality_code":"41630","municipality":"양주시","district":"양주시","locality":"광적면 가납리","address":"양주시 광적면 가납리 905-1","owner_type":"시·군유지","owner_label":"양주시","manager":"","property_class":"","land_category":"대","area_sqm":1074.4,"area_band":"1,000~3,000㎡","interest_category":"대","solar_candidate":"검토필요","candidate_reason":"청사·공공건축물·주차장 현황 추가 확인 필요; 면적 1,074㎡","priority_score":53,"source":"경기부동산포털 국공유지조회·연속지적도","source_date":"2026-08-11","installed_solar_match":false}},{"type":"Feature","id":"4163032021103330008","geometry":{"type":"Point","coordinates":[126.9739384,37.893157]},"properties":{"pnu":"4163032021103330008","municipality_code":"41630","municipality":"양주시","district":"양주시","locality":"남면 신산리","address":"양주시 남면 신산리 333-8","owner_type":"시·군유지","owner_label":"양주시","manager":"","property_class":"","land_category":"대","area_sqm":1058.0,"area_band":"1,000~3,000㎡","interest_category":"대","solar_candidate":"검토필요","candidate_reason":"청사·공공건축물·주차장 현황 추가 확인 필요; 면적 1,058㎡","priority_score":53,"source":"경기부동산포털 국공유지조회·연속지적도","source_date":"2026-08-11","installed_solar_match":false}},{"type":"Feature","id":"4163033021107380006","geometry":{"type":"Point","coordinates":[126.9842815,37.8236187]},"properties":{"pnu":"4163033021107380006","municipality_code":"41630","municipality":"양주시","district":"양주시","locality":"광적면 가납리","address":"양주시 광적면 가납리 738-6","owner_type":"시·군유지","owner_label":"양주시","manager":"","property_class":"","land_category":"대","area_sqm":1037.0,"area_band":"1,000~3,000㎡","interest_category":"대","solar_candidate":"검토필요","candidate_reason":"청사·공공건축물·주차장 현황 추가 확인 필요; 면적 1,037㎡","priority_score":53,"source":"경기부동산포털 국공유지조회·연속지적도","source_date":"2026-08-11","installed_solar_match":false}},{"type":"Feature","id":"4163033021108570002","geometry":{"type":"Point","coordinates":[126.9829225,37.8231211]},"properties":{"pnu":"4163033021108570002","municipality_code":"41630","municipality":"양주시","district":"양주시","locality":"광적면 가납리","address":"양주시 광적면 가납리 857-2","owner_type":"시·군유지","owner_label":"양주시","manager":"","property_class":"","land_category":"대","area_sqm":1021.9,"area_band":"1,000~3,000㎡","interest_category":"대","solar_candidate":"검토필요","candidate_reason":"청사·공공건축물·주차장 현황 추가 확인 필요; 면적 1,022㎡","priority_score":53,"source":"경기부동산포털 국공유지조회·연속지적도","source_date":"2026-08-11","installed_solar_match":false}},{"type":"Feature","id":"4163011100104330010","geometry":{"type":"Point","coordinates":[127.0774415,37.8606503]},"properties":{"pnu":"4163011100104330010","municipality_code":"41630","municipality":"양주시","district":"양주시","locality":"봉양동","address":"양주시 봉양동 433-10","owner_type":"시·군유지","owner_label":"양주시","manager":"","property_class":"","land_category":"공장용지","area_sqm":2891.0,"area_band":"1,000~3,000㎡","interest_category":"공장용지","solar_candidate":"검토필요","candidate_reason":"지목·면적 기준 1차 검토 대상; 면적 2,891㎡","priority_score":50,"source":"경기부동산포털 국공유지조회·연속지적도","source_date":"2026-08-11","installed_solar_match":false}},{"type":"Feature","id":"4163031024100380006","geometry":{"type":"Point","coordinates":[127.0094098,37.8942742]},"properties":{"pnu":"4163031024100380006","municipality_code":"41630","municipality":"양주시","district":"양주시","locality":"은현면 봉암리","address":"양주시 은현면 봉암리 38-6","owner_type":"시·군유지","owner_label":"양주시","manager":"","property_class":"","land_category":"공장용지","area_sqm":2615.0,"area_band":"1,000~3,000㎡","interest_category":"공장용지","solar_candidate":"검토필요","candidate_reason":"지목·면적 기준 1차 검토 대상; 면적 2,615㎡","priority_score":50,"source":"경기부동산포털 국공유지조회·연속지적도","source_date":"2026-08-11","installed_solar_match":false}},{"type":"Feature","id":"4163031026105350002","geometry":{"type":"Point","coordinates":[126.9968588,37.8569181]},"properties":{"pnu":"4163031026105350002","municipality_code":"41630","municipality":"양주시","district":"양주시","locality":"은현면 도하리","address":"양주시 은현면 도하리 535-2","owner_type":"시·군유지","owner_label":"양주시","manager":"","property_class":"","land_category":"공장용지","area_sqm":2513.0,"area_band":"1,000~3,000㎡","interest_category":"공장용지","solar_candidate":"검토필요","candidate_reason":"지목·면적 기준 1차 검토 대상; 면적 2,513㎡","priority_score":50,"source":"경기부동산포털 국공유지조회·연속지적도","source_date":"2026-08-11","installed_solar_match":false}},{"type":"Feature","id":"4163010700103360004","geometry":{"type":"Point","coordinates":[127.0891558,37.7907741]},"properties":{"pnu":"4163010700103360004","municipality_code":"41630","municipality":"양주시","district":"양주시","locality":"만송동","address":"양주시 만송동 336-4","owner_type":"시·군유지","owner_label":"양주시","manager":"","property_class":"","land_category":"공장용지","area_sqm":2230.0,"area_band":"1,000~3,000㎡","interest_category":"공장용지","solar_candidate":"검토필요","candidate_reason":"지목·면적 기준 1차 검토 대상; 면적 2,230㎡","priority_score":50,"source":"경기부동산포털 국공유지조회·연속지적도","source_date":"2026-08-11","installed_solar_match":false}},{"type":"Feature","id":"4163011200104840016","geometry":{"type":"Point","coordinates":[127.0858233,37.8446857]},"properties":{"pnu":"4163011200104840016","municipality_code":"41630","municipality":"양주시","district":"양주시","locality":"회암동","address":"양주시 회암동 484-16","owner_type":"시·군유지","owner_label":"양주시","manager":"","property_class":"","land_category":"공장용지","area_sqm":2190.0,"area_band":"1,000~3,000㎡","interest_category":"공장용지","solar_candidate":"검토필요","candidate_reason":"지목·면적 기준 1차 검토 대상; 면적 2,190㎡","priority_score":50,"source":"경기부동산포털 국공유지조회·연속지적도","source_date":"2026-08-11","installed_solar_match":false}},{"type":"Feature","id":"4163031026104300010","geometry":{"type":"Point","coordinates":[127.002866,37.8462782]},"properties":{"pnu":"4163031026104300010","municipality_code":"41630","municipality":"양주시","district":"양주시","locality":"은현면 도하리","address":"양주시 은현면 도하리 430-10","owner_type":"시·군유지","owner_label":"양주시","manager":"","property_class":"","land_category":"공장용지","area_sqm":2095.0,"area_band":"1,000~3,000㎡","interest_category":"공장용지","solar_candidate":"검토필요","candidate_reason":"지목·면적 기준 1차 검토 대상; 면적 2,095㎡","priority_score":50,"source":"경기부동산포털 국공유지조회·연속지적도","source_date":"2026-08-11","installed_solar_match":false}},{"type":"Feature","id":"4163011300103010010","geometry":{"type":"Point","coordinates":[127.1017111,37.8404369]},"properties":{"pnu":"4163011300103010010","municipality_code":"41630","municipality":"양주시","district":"양주시","locality":"율정동","address":"양주시 율정동 301-10","owner_type":"시·군유지","owner_label":"양주시","manager":"","property_class":"","land_category":"공장용지","area_sqm":2077.0,"area_band":"1,000~3,000㎡","interest_category":"공장용지","solar_candidate":"검토필요","candidate_reason":"지목·면적 기준 1차 검토 대상; 면적 2,077㎡","priority_score":50,"source":"경기부동산포털 국공유지조회·연속지적도","source_date":"2026-08-11","installed_solar_match":false}},{"type":"Feature","id":"4163011200100280012","geometry":{"type":"Point","coordinates":[127.102192,37.8417374]},"properties":{"pnu":"4163011200100280012","municipality_code":"41630","municipality":"양주시","district":"양주시","locality":"회암동","address":"양주시 회암동 28-12","owner_type":"시·군유지","owner_label":"양주시","manager":"","property_class":"","land_category":"공장용지","area_sqm":1983.0,"area_band":"1,000~3,000㎡","interest_category":"공장용지","solar_candidate":"검토필요","candidate_reason":"지목·면적 기준 1차 검토 대상; 면적 1,983㎡","priority_score":50,"source":"경기부동산포털 국공유지조회·연속지적도","source_date":"2026-08-11","installed_solar_match":false}},{"type":"Feature","id":"4163011200100280011","geometry":{"type":"Point","coordinates":[127.1027465,37.8422226]},"properties":{"pnu":"4163011200100280011","municipality_code":"41630","municipality":"양주시","district":"양주시","locality":"회암동","address":"양주시 회암동 28-11","owner_type":"시·군유지","owner_label":"양주시","manager":"","property_class":"","land_category":"공장용지","area_sqm":1887.0,"area_band":"1,000~3,000㎡","interest_category":"공장용지","solar_candidate":"검토필요","candidate_reason":"지목·면적 기준 1차 검토 대상; 면적 1,887㎡","priority_score":50,"source":"경기부동산포털 국공유지조회·연속지적도","source_date":"2026-08-11","installed_solar_match":false}},{"type":"Feature","id":"4163011300103010001","geometry":{"type":"Point","coordinates":[127.1015492,37.8406847]},"properties":{"pnu":"4163011300103010001","municipality_code":"41630","municipality":"양주시","district":"양주시","locality":"율정동","address":"양주시 율정동 301-1","owner_type":"시·군유지","owner_label":"양주시","manager":"","property_class":"","land_category":"공장용지","area_sqm":1714.0,"area_band":"1,000~3,000㎡","interest_category":"공장용지","solar_candidate":"검토필요","candidate_reason":"지목·면적 기준 1차 검토 대상; 면적 1,714㎡","priority_score":50,"source":"경기부동산포털 국공유지조회·연속지적도","source_date":"2026-08-11","installed_solar_match":false}},{"type":"Feature","id":"4163011100109010015","geometry":{"type":"Point","coordinates":[127.0613351,37.8621174]},"properties":{"pnu":"4163011100109010015","municipality_code":"41630","municipality":"양주시","district":"양주시","locality":"봉양동","address":"양주시 봉양동 901-15","owner_type":"시·군유지","owner_label":"양주시","manager":"","property_class":"","land_category":"공장용지","area_sqm":1664.0,"area_band":"1,000~3,000㎡","interest_category":"공장용지","solar_candidate":"검토필요","candidate_reason":"지목·면적 기준 1차 검토 대상; 면적 1,664㎡","priority_score":50,"source":"경기부동산포털 국공유지조회·연속지적도","source_date":"2026-08-11","installed_solar_match":false}},{"type":"Feature","id":"4163031026104280000","geometry":{"type":"Point","coordinates":[127.0027585,37.8460072]},"properties":{"pnu":"4163031026104280000","municipality_code":"41630","municipality":"양주시","district":"양주시","locality":"은현면 도하리","address":"양주시 은현면 도하리 428","owner_type":"시·군유지","owner_label":"양주시","manager":"","property_class":"","land_category":"공장용지","area_sqm":1645.0,"area_band":"1,000~3,000㎡","interest_category":"공장용지","solar_candidate":"검토필요","candidate_reason":"지목·면적 기준 1차 검토 대상; 면적 1,645㎡","priority_score":50,"source":"경기부동산포털 국공유지조회·연속지적도","source_date":"2026-08-11","installed_solar_match":false}},{"type":"Feature","id":"4163011000104670007","geometry":{"type":"Point","coordinates":[127.0608844,37.8530821]},"properties":{"pnu":"4163011000104670007","municipality_code":"41630","municipality":"양주시","district":"양주시","locality":"덕정동","address":"양주시 덕정동 467-7","owner_type":"시·군유지","owner_label":"양주시","manager":"","property_class":"","land_category":"공장용지","area_sqm":1520.2,"area_band":"1,000~3,000㎡","interest_category":"공장용지","solar_candidate":"검토필요","candidate_reason":"지목·면적 기준 1차 검토 대상; 면적 1,520㎡","priority_score":50,"source":"경기부동산포털 국공유지조회·연속지적도","source_date":"2026-08-11","installed_solar_match":false}},{"type":"Feature","id":"4163011600105710001","geometry":{"type":"Point","coordinates":[127.0427587,37.824431]},"properties":{"pnu":"4163011600105710001","municipality_code":"41630","municipality":"양주시","district":"양주시","locality":"덕계동","address":"양주시 덕계동 571-1","owner_type":"시·군유지","owner_label":"양주시","manager":"","property_class":"","land_category":"공장용지","area_sqm":1467.0,"area_band":"1,000~3,000㎡","interest_category":"공장용지","solar_candidate":"검토필요","candidate_reason":"지목·면적 기준 1차 검토 대상; 면적 1,467㎡","priority_score":50,"source":"경기부동산포털 국공유지조회·연속지적도","source_date":"2026-08-11","installed_solar_match":false}},{"type":"Feature","id":"4163025025109540014","geometry":{"type":"Point","coordinates":[126.9578497,37.7973768]},"properties":{"pnu":"4163025025109540014","municipality_code":"41630","municipality":"양주시","district":"양주시","locality":"백석읍 홍죽리","address":"양주시 백석읍 홍죽리 954-14","owner_type":"시·군유지","owner_label":"양주시","manager":"","property_class":"","land_category":"공장용지","area_sqm":1450.4,"area_band":"1,000~3,000㎡","interest_category":"공장용지","solar_candidate":"검토필요","candidate_reason":"지목·면적 기준 1차 검토 대상; 면적 1,450㎡","priority_score":50,"source":"경기부동산포털 국공유지조회·연속지적도","source_date":"2026-08-11","installed_solar_match":false}},{"type":"Feature","id":"4163011600105240010","geometry":{"type":"Point","coordinates":[127.0476384,37.8236758]},"properties":{"pnu":"4163011600105240010","municipality_code":"41630","municipality":"양주시","district":"양주시","locality":"덕계동","address":"양주시 덕계동 524-10","owner_type":"시·군유지","owner_label":"양주시","manager":"","property_class":"","land_category":"공장용지","area_sqm":1364.0,"area_band":"1,000~3,000㎡","interest_category":"공장용지","solar_candidate":"검토필요","candidate_reason":"지목·면적 기준 1차 검토 대상; 면적 1,364㎡","priority_score":50,"source":"경기부동산포털 국공유지조회·연속지적도","source_date":"2026-08-11","installed_solar_match":false}},{"type":"Feature","id":"4163011200104110012","geometry":{"type":"Point","coordinates":[127.0892746,37.8425874]},"properties":{"pnu":"4163011200104110012","municipality_code":"41630","municipality":"양주시","district":"양주시","locality":"회암동","address":"양주시 회암동 411-12","owner_type":"시·군유지","owner_label":"양주시","manager":"","property_class":"","land_category":"공장용지","area_sqm":1352.0,"area_band":"1,000~3,000㎡","interest_category":"공장용지","solar_candidate":"검토필요","candidate_reason":"지목·면적 기준 1차 검토 대상; 면적 1,352㎡","priority_score":50,"source":"경기부동산포털 국공유지조회·연속지적도","source_date":"2026-08-11","installed_solar_match":false}},{"type":"Feature","id":"4163011600105130009","geometry":{"type":"Point","coordinates":[127.0488575,37.8233622]},"properties":{"pnu":"4163011600105130009","municipality_code":"41630","municipality":"양주시","district":"양주시","locality":"덕계동","address":"양주시 덕계동 513-9","owner_type":"시·군유지","owner_label":"양주시","manager":"","property_class":"","land_category":"공장용지","area_sqm":1247.0,"area_band":"1,000~3,000㎡","interest_category":"공장용지","solar_candidate":"검토필요","candidate_reason":"지목·면적 기준 1차 검토 대상; 면적 1,247㎡","priority_score":50,"source":"경기부동산포털 국공유지조회·연속지적도","source_date":"2026-08-11","installed_solar_match":false}},{"type":"Feature","id":"4163025026100100014","geometry":{"type":"Point","coordinates":[126.965996,37.806478]},"properties":{"pnu":"4163025026100100014","municipality_code":"41630","municipality":"양주시","district":"양주시","locality":"백석읍 연곡리","address":"양주시 백석읍 연곡리 10-14","owner_type":"시·군유지","owner_label":"양주시","manager":"","property_class":"","land_category":"공장용지","area_sqm":1201.0,"area_band":"1,000~3,000㎡","interest_category":"공장용지","solar_candidate":"검토필요","candidate_reason":"지목·면적 기준 1차 검토 대상; 면적 1,201㎡","priority_score":50,"source":"경기부동산포털 국공유지조회·연속지적도","source_date":"2026-08-11","installed_solar_match":false}},{"type":"Feature","id":"4163033026102580006","geometry":{"type":"Point","coordinates":[126.9767485,37.8456547]},"properties":{"pnu":"4163033026102580006","municipality_code":"41630","municipality":"양주시","district":"양주시","locality":"광적면 덕도리","address":"양주시 광적면 덕도리 258-6","owner_type":"시·군유지","owner_label":"양주시","manager":"","property_class":"","land_category":"공장용지","area_sqm":1151.0,"area_band":"1,000~3,000㎡","interest_category":"공장용지","solar_candidate":"검토필요","candidate_reason":"지목·면적 기준 1차 검토 대상; 면적 1,151㎡","priority_score":50,"source":"경기부동산포털 국공유지조회·연속지적도","source_date":"2026-08-11","installed_solar_match":false}},{"type":"Feature","id":"4163032027102380003","geometry":{"type":"Point","coordinates":[126.9966554,37.8612057]},"properties":{"pnu":"4163032027102380003","municipality_code":"41630","municipality":"양주시","district":"양주시","locality":"남면 상수리","address":"양주시 남면 상수리 238-3","owner_type":"시·군유지","owner_label":"양주시","manager":"","property_class":"","land_category":"공장용지","area_sqm":1084.0,"area_band":"1,000~3,000㎡","interest_category":"공장용지","solar_candidate":"검토필요","candidate_reason":"지목·면적 기준 1차 검토 대상; 면적 1,084㎡","priority_score":50,"source":"경기부동산포털 국공유지조회·연속지적도","source_date":"2026-08-11","installed_solar_match":false}},{"type":"Feature","id":"4163033027100850009","geometry":{"type":"Point","coordinates":[126.9869221,37.8285895]},"properties":{"pnu":"4163033027100850009","municipality_code":"41630","municipality":"양주시","district":"양주시","locality":"광적면 석우리","address":"양주시 광적면 석우리 85-9","owner_type":"시·군유지","owner_label":"양주시","manager":"","property_class":"","land_category":"잡종지","area_sqm":490.0,"area_band":"100~500㎡","interest_category":"잡종지","solar_candidate":"검토필요","candidate_reason":"실제 이용·점유 여부 확인 후 검토할 잡종지; 면적 490㎡","priority_score":50,"source":"경기부동산포털 국공유지조회·연속지적도","source_date":"2026-08-11","installed_solar_match":false}},{"type":"Feature","id":"4163011300102990024","geometry":{"type":"Point","coordinates":[127.1019252,37.8410459]},"properties":{"pnu":"4163011300102990024","municipality_code":"41630","municipality":"양주시","district":"양주시","locality":"율정동","address":"양주시 율정동 299-24","owner_type":"시·군유지","owner_label":"양주시","manager":"","property_class":"","land_category":"잡종지","area_sqm":477.0,"area_band":"100~500㎡","interest_category":"잡종지","solar_candidate":"검토필요","candidate_reason":"실제 이용·점유 여부 확인 후 검토할 잡종지; 면적 477㎡","priority_score":50,"source":"경기부동산포털 국공유지조회·연속지적도","source_date":"2026-08-11","installed_solar_match":false}},{"type":"Feature","id":"4163033027100700012","geometry":{"type":"Point","coordinates":[126.9873074,37.8243779]},"properties":{"pnu":"4163033027100700012","municipality_code":"41630","municipality":"양주시","district":"양주시","locality":"광적면 석우리","address":"양주시 광적면 석우리 70-12","owner_type":"시·군유지","owner_label":"양주시","manager":"","property_class":"","land_category":"잡종지","area_sqm":473.0,"area_band":"100~500㎡","interest_category":"잡종지","solar_candidate":"검토필요","candidate_reason":"실제 이용·점유 여부 확인 후 검토할 잡종지; 면적 473㎡","priority_score":50,"source":"경기부동산포털 국공유지조회·연속지적도","source_date":"2026-08-11","installed_solar_match":false}},{"type":"Feature","id":"4163011000103680003","geometry":{"type":"Point","coordinates":[127.0612589,37.8477784]},"properties":{"pnu":"4163011000103680003","municipality_code":"41630","municipality":"양주시","district":"양주시","locality":"덕정동","address":"양주시 덕정동 368-3","owner_type":"시·군유지","owner_label":"양주시","manager":"","property_class":"","land_category":"잡종지","area_sqm":465.0,"area_band":"100~500㎡","interest_category":"잡종지","solar_candidate":"검토필요","candidate_reason":"실제 이용·점유 여부 확인 후 검토할 잡종지; 면적 465㎡","priority_score":50,"source":"경기부동산포털 국공유지조회·연속지적도","source_date":"2026-08-11","installed_solar_match":false}},{"type":"Feature","id":"4163011300102990002","geometry":{"type":"Point","coordinates":[127.1036364,37.8408911]},"properties":{"pnu":"4163011300102990002","municipality_code":"41630","municipality":"양주시","district":"양주시","locality":"율정동","address":"양주시 율정동 299-2","owner_type":"시·군유지","owner_label":"양주시","manager":"","property_class":"","land_category":"잡종지","area_sqm":460.0,"area_band":"100~500㎡","interest_category":"잡종지","solar_candidate":"검토필요","candidate_reason":"실제 이용·점유 여부 확인 후 검토할 잡종지; 면적 460㎡","priority_score":50,"source":"경기부동산포털 국공유지조회·연속지적도","source_date":"2026-08-11","installed_solar_match":false}},{"type":"Feature","id":"4163034021102670001","geometry":{"type":"Point","coordinates":[126.9704532,37.7028128]},"properties":{"pnu":"4163034021102670001","municipality_code":"41630","municipality":"양주시","district":"양주시","locality":"장흥면 교현리","address":"양주시 장흥면 교현리 267-1","owner_type":"시·군유지","owner_label":"양주시","manager":"","property_class":"","land_category":"잡종지","area_sqm":443.0,"area_band":"100~500㎡","interest_category":"잡종지","solar_candidate":"검토필요","candidate_reason":"실제 이용·점유 여부 확인 후 검토할 잡종지; 면적 443㎡","priority_score":50,"source":"경기부동산포털 국공유지조회·연속지적도","source_date":"2026-08-11","installed_solar_match":false}},{"type":"Feature","id":"4163032021103320014","geometry":{"type":"Point","coordinates":[126.9746966,37.8934949]},"properties":{"pnu":"4163032021103320014","municipality_code":"41630","municipality":"양주시","district":"양주시","locality":"남면 신산리","address":"양주시 남면 신산리 332-14","owner_type":"시·군유지","owner_label":"양주시","manager":"","property_class":"","land_category":"잡종지","area_sqm":441.0,"area_band":"100~500㎡","interest_category":"잡종지","solar_candidate":"검토필요","candidate_reason":"실제 이용·점유 여부 확인 후 검토할 잡종지; 면적 441㎡","priority_score":50,"source":"경기부동산포털 국공유지조회·연속지적도","source_date":"2026-08-11","installed_solar_match":false}},{"type":"Feature","id":"4163032021103750004","geometry":{"type":"Point","coordinates":[126.9675567,37.9000466]},"properties":{"pnu":"4163032021103750004","municipality_code":"41630","municipality":"양주시","district":"양주시","locality":"남면 신산리","address":"양주시 남면 신산리 375-4","owner_type":"시·군유지","owner_label":"양주시","manager":"","property_class":"","land_category":"잡종지","area_sqm":438.0,"area_band":"100~500㎡","interest_category":"잡종지","solar_candidate":"검토필요","candidate_reason":"실제 이용·점유 여부 확인 후 검토할 잡종지; 면적 438㎡","priority_score":50,"source":"경기부동산포털 국공유지조회·연속지적도","source_date":"2026-08-11","installed_solar_match":false}},{"type":"Feature","id":"4163025022103200016","geometry":{"type":"Point","coordinates":[126.9799256,37.8122979]},"properties":{"pnu":"4163025022103200016","municipality_code":"41630","municipality":"양주시","district":"양주시","locality":"백석읍 오산리","address":"양주시 백석읍 오산리 320-16","owner_type":"시·군유지","owner_label":"양주시","manager":"","property_class":"","land_category":"잡종지","area_sqm":427.0,"area_band":"100~500㎡","interest_category":"잡종지","solar_candidate":"검토필요","candidate_reason":"실제 이용·점유 여부 확인 후 검토할 잡종지; 면적 427㎡","priority_score":50,"source":"경기부동산포털 국공유지조회·연속지적도","source_date":"2026-08-11","installed_solar_match":false}},{"type":"Feature","id":"4163025027103180012","geometry":{"type":"Point","coordinates":[126.9381228,37.7778776]},"properties":{"pnu":"4163025027103180012","municipality_code":"41630","municipality":"양주시","district":"양주시","locality":"백석읍 기산리","address":"양주시 백석읍 기산리 318-12","owner_type":"시·군유지","owner_label":"양주시","manager":"","property_class":"","land_category":"잡종지","area_sqm":425.0,"area_band":"100~500㎡","interest_category":"잡종지","solar_candidate":"검토필요","candidate_reason":"실제 이용·점유 여부 확인 후 검토할 잡종지; 면적 425㎡","priority_score":50,"source":"경기부동산포털 국공유지조회·연속지적도","source_date":"2026-08-11","installed_solar_match":false}},{"type":"Feature","id":"4163033021102710030","geometry":{"type":"Point","coordinates":[126.9925524,37.8368683]},"properties":{"pnu":"4163033021102710030","municipality_code":"41630","municipality":"양주시","district":"양주시","locality":"광적면 가납리","address":"양주시 광적면 가납리 271-30","owner_type":"시·군유지","owner_label":"양주시","manager":"","property_class":"","land_category":"잡종지","area_sqm":425.0,"area_band":"100~500㎡","interest_category":"잡종지","solar_candidate":"검토필요","candidate_reason":"실제 이용·점유 여부 확인 후 검토할 잡종지; 면적 425㎡","priority_score":50,"source":"경기부동산포털 국공유지조회·연속지적도","source_date":"2026-08-11","installed_solar_match":false}},{"type":"Feature","id":"4163025024101130009","geometry":{"type":"Point","coordinates":[126.9820033,37.7815505]},"properties":{"pnu":"4163025024101130009","municipality_code":"41630","municipality":"양주시","district":"양주시","locality":"백석읍 가업리","address":"양주시 백석읍 가업리 113-9","owner_type":"시·군유지","owner_label":"양주시","manager":"","property_class":"","land_category":"잡종지","area_sqm":423.0,"area_band":"100~500㎡","interest_category":"잡종지","solar_candidate":"검토필요","candidate_reason":"실제 이용·점유 여부 확인 후 검토할 잡종지; 면적 423㎡","priority_score":50,"source":"경기부동산포털 국공유지조회·연속지적도","source_date":"2026-08-11","installed_solar_match":false}},{"type":"Feature","id":"4163025021101690006","geometry":{"type":"Point","coordinates":[127.0005935,37.8009754]},"properties":{"pnu":"4163025021101690006","municipality_code":"41630","municipality":"양주시","district":"양주시","locality":"백석읍 방성리","address":"양주시 백석읍 방성리 169-6","owner_type":"시·군유지","owner_label":"양주시","manager":"","property_class":"","land_category":"잡종지","area_sqm":403.0,"area_band":"100~500㎡","interest_category":"잡종지","solar_candidate":"검토필요","candidate_reason":"실제 이용·점유 여부 확인 후 검토할 잡종지; 면적 403㎡","priority_score":50,"source":"경기부동산포털 국공유지조회·연속지적도","source_date":"2026-08-11","installed_solar_match":false}},{"type":"Feature","id":"4163011600104250008","geometry":{"type":"Point","coordinates":[127.049452,37.8183502]},"properties":{"pnu":"4163011600104250008","municipality_code":"41630","municipality":"양주시","district":"양주시","locality":"덕계동","address":"양주시 덕계동 425-8","owner_type":"시·군유지","owner_label":"양주시","manager":"","property_class":"","land_category":"잡종지","area_sqm":402.0,"area_band":"100~500㎡","interest_category":"잡종지","solar_candidate":"검토필요","candidate_reason":"실제 이용·점유 여부 확인 후 검토할 잡종지; 면적 402㎡","priority_score":50,"source":"경기부동산포털 국공유지조회·연속지적도","source_date":"2026-08-11","installed_solar_match":false}},{"type":"Feature","id":"4163025022100350016","geometry":{"type":"Point","coordinates":[126.9901202,37.7965268]},"properties":{"pnu":"4163025022100350016","municipality_code":"41630","municipality":"양주시","district":"양주시","locality":"백석읍 오산리","address":"양주시 백석읍 오산리 35-16","owner_type":"시·군유지","owner_label":"양주시","manager":"","property_class":"","land_category":"잡종지","area_sqm":397.0,"area_band":"100~500㎡","interest_category":"잡종지","solar_candidate":"검토필요","candidate_reason":"실제 이용·점유 여부 확인 후 검토할 잡종지; 면적 397㎡","priority_score":50,"source":"경기부동산포털 국공유지조회·연속지적도","source_date":"2026-08-11","installed_solar_match":false}},{"type":"Feature","id":"4163025022102850000","geometry":{"type":"Point","coordinates":[126.9797049,37.8123106]},"properties":{"pnu":"4163025022102850000","municipality_code":"41630","municipality":"양주시","district":"양주시","locality":"백석읍 오산리","address":"양주시 백석읍 오산리 285","owner_type":"시·군유지","owner_label":"양주시","manager":"","property_class":"","land_category":"잡종지","area_sqm":383.0,"area_band":"100~500㎡","interest_category":"잡종지","solar_candidate":"검토필요","candidate_reason":"실제 이용·점유 여부 확인 후 검토할 잡종지; 면적 383㎡","priority_score":50,"source":"경기부동산포털 국공유지조회·연속지적도","source_date":"2026-08-11","installed_solar_match":false}},{"type":"Feature","id":"4163011000102230057","geometry":{"type":"Point","coordinates":[127.0626473,37.8380499]},"properties":{"pnu":"4163011000102230057","municipality_code":"41630","municipality":"양주시","district":"양주시","locality":"덕정동","address":"양주시 덕정동 223-57","owner_type":"시·군유지","owner_label":"양주시","manager":"","property_class":"","land_category":"잡종지","area_sqm":382.0,"area_band":"100~500㎡","interest_category":"잡종지","solar_candidate":"검토필요","candidate_reason":"실제 이용·점유 여부 확인 후 검토할 잡종지; 면적 382㎡","priority_score":50,"source":"경기부동산포털 국공유지조회·연속지적도","source_date":"2026-08-11","installed_solar_match":false}},{"type":"Feature","id":"4163032021102770033","geometry":{"type":"Point","coordinates":[126.9718151,37.8982697]},"properties":{"pnu":"4163032021102770033","municipality_code":"41630","municipality":"양주시","district":"양주시","locality":"남면 신산리","address":"양주시 남면 신산리 277-33","owner_type":"시·군유지","owner_label":"양주시","manager":"","property_class":"","land_category":"잡종지","area_sqm":381.0,"area_band":"100~500㎡","interest_category":"잡종지","solar_candidate":"검토필요","candidate_reason":"실제 이용·점유 여부 확인 후 검토할 잡종지; 면적 381㎡","priority_score":50,"source":"경기부동산포털 국공유지조회·연속지적도","source_date":"2026-08-11","installed_solar_match":false}},{"type":"Feature","id":"4163011200104670012","geometry":{"type":"Point","coordinates":[127.0830932,37.8471026]},"properties":{"pnu":"4163011200104670012","municipality_code":"41630","municipality":"양주시","district":"양주시","locality":"회암동","address":"양주시 회암동 467-12","owner_type":"시·군유지","owner_label":"양주시","manager":"","property_class":"","land_category":"잡종지","area_sqm":380.0,"area_band":"100~500㎡","interest_category":"잡종지","solar_candidate":"검토필요","candidate_reason":"실제 이용·점유 여부 확인 후 검토할 잡종지; 면적 380㎡","priority_score":50,"source":"경기부동산포털 국공유지조회·연속지적도","source_date":"2026-08-11","installed_solar_match":false}},{"type":"Feature","id":"4163025026101480008","geometry":{"type":"Point","coordinates":[126.9571224,37.8111643]},"properties":{"pnu":"4163025026101480008","municipality_code":"41630","municipality":"양주시","district":"양주시","locality":"백석읍 연곡리","address":"양주시 백석읍 연곡리 148-8","owner_type":"시·군유지","owner_label":"양주시","manager":"","property_class":"","land_category":"잡종지","area_sqm":376.0,"area_band":"100~500㎡","interest_category":"잡종지","solar_candidate":"검토필요","candidate_reason":"실제 이용·점유 여부 확인 후 검토할 잡종지; 면적 376㎡","priority_score":50,"source":"경기부동산포털 국공유지조회·연속지적도","source_date":"2026-08-11","installed_solar_match":false}},{"type":"Feature","id":"4163033021107040021","geometry":{"type":"Point","coordinates":[126.9863871,37.8196352]},"properties":{"pnu":"4163033021107040021","municipality_code":"41630","municipality":"양주시","district":"양주시","locality":"광적면 가납리","address":"양주시 광적면 가납리 704-21","owner_type":"시·군유지","owner_label":"양주시","manager":"","property_class":"","land_category":"잡종지","area_sqm":370.0,"area_band":"100~500㎡","interest_category":"잡종지","solar_candidate":"검토필요","candidate_reason":"실제 이용·점유 여부 확인 후 검토할 잡종지; 면적 370㎡","priority_score":50,"source":"경기부동산포털 국공유지조회·연속지적도","source_date":"2026-08-11","installed_solar_match":false}},{"type":"Feature","id":"4163032021103330024","geometry":{"type":"Point","coordinates":[126.9752465,37.8929437]},"properties":{"pnu":"4163032021103330024","municipality_code":"41630","municipality":"양주시","district":"양주시","locality":"남면 신산리","address":"양주시 남면 신산리 333-24","owner_type":"시·군유지","owner_label":"양주시","manager":"","property_class":"","land_category":"잡종지","area_sqm":368.0,"area_band":"100~500㎡","interest_category":"잡종지","solar_candidate":"검토필요","candidate_reason":"실제 이용·점유 여부 확인 후 검토할 잡종지; 면적 368㎡","priority_score":50,"source":"경기부동산포털 국공유지조회·연속지적도","source_date":"2026-08-11","installed_solar_match":false}},{"type":"Feature","id":"4163011200100360008","geometry":{"type":"Point","coordinates":[127.101198,37.8411297]},"properties":{"pnu":"4163011200100360008","municipality_code":"41630","municipality":"양주시","district":"양주시","locality":"회암동","address":"양주시 회암동 36-8","owner_type":"시·군유지","owner_label":"양주시","manager":"","property_class":"","land_category":"잡종지","area_sqm":364.0,"area_band":"100~500㎡","interest_category":"잡종지","solar_candidate":"검토필요","candidate_reason":"실제 이용·점유 여부 확인 후 검토할 잡종지; 면적 364㎡","priority_score":50,"source":"경기부동산포털 국공유지조회·연속지적도","source_date":"2026-08-11","installed_solar_match":false}},{"type":"Feature","id":"4163031024101890017","geometry":{"type":"Point","coordinates":[127.0083999,37.9085782]},"properties":{"pnu":"4163031024101890017","municipality_code":"41630","municipality":"양주시","district":"양주시","locality":"은현면 봉암리","address":"양주시 은현면 봉암리 189-17","owner_type":"시·군유지","owner_label":"양주시","manager":"","property_class":"","land_category":"잡종지","area_sqm":362.0,"area_band":"100~500㎡","interest_category":"잡종지","solar_candidate":"검토필요","candidate_reason":"실제 이용·점유 여부 확인 후 검토할 잡종지; 면적 362㎡","priority_score":50,"source":"경기부동산포털 국공유지조회·연속지적도","source_date":"2026-08-11","installed_solar_match":false}},{"type":"Feature","id":"4163032021103710023","geometry":{"type":"Point","coordinates":[126.9632998,37.9011485]},"properties":{"pnu":"4163032021103710023","municipality_code":"41630","municipality":"양주시","district":"양주시","locality":"남면 신산리","address":"양주시 남면 신산리 371-23","owner_type":"시·군유지","owner_label":"양주시","manager":"","property_class":"","land_category":"잡종지","area_sqm":354.0,"area_band":"100~500㎡","interest_category":"잡종지","solar_candidate":"검토필요","candidate_reason":"실제 이용·점유 여부 확인 후 검토할 잡종지; 면적 354㎡","priority_score":50,"source":"경기부동산포털 국공유지조회·연속지적도","source_date":"2026-08-11","installed_solar_match":false}},{"type":"Feature","id":"4163032021103260021","geometry":{"type":"Point","coordinates":[126.9727765,37.8951331]},"properties":{"pnu":"4163032021103260021","municipality_code":"41630","municipality":"양주시","district":"양주시","locality":"남면 신산리","address":"양주시 남면 신산리 326-21","owner_type":"시·군유지","owner_label":"양주시","manager":"","property_class":"","land_category":"잡종지","area_sqm":337.0,"area_band":"100~500㎡","interest_category":"잡종지","solar_candidate":"검토필요","candidate_reason":"실제 이용·점유 여부 확인 후 검토할 잡종지; 면적 337㎡","priority_score":50,"source":"경기부동산포털 국공유지조회·연속지적도","source_date":"2026-08-11","installed_solar_match":false}},{"type":"Feature","id":"4163032021103320013","geometry":{"type":"Point","coordinates":[126.9739429,37.8939248]},"properties":{"pnu":"4163032021103320013","municipality_code":"41630","municipality":"양주시","district":"양주시","locality":"남면 신산리","address":"양주시 남면 신산리 332-13","owner_type":"시·군유지","owner_label":"양주시","manager":"","property_class":"","land_category":"잡종지","area_sqm":337.0,"area_band":"100~500㎡","interest_category":"잡종지","solar_candidate":"검토필요","candidate_reason":"실제 이용·점유 여부 확인 후 검토할 잡종지; 면적 337㎡","priority_score":50,"source":"경기부동산포털 국공유지조회·연속지적도","source_date":"2026-08-11","installed_solar_match":false}},{"type":"Feature","id":"4163025023101840007","geometry":{"type":"Point","coordinates":[126.9924216,37.7916641]},"properties":{"pnu":"4163025023101840007","municipality_code":"41630","municipality":"양주시","district":"양주시","locality":"백석읍 복지리","address":"양주시 백석읍 복지리 184-7","owner_type":"시·군유지","owner_label":"양주시","manager":"","property_class":"","land_category":"잡종지","area_sqm":333.0,"area_band":"100~500㎡","interest_category":"잡종지","solar_candidate":"검토필요","candidate_reason":"실제 이용·점유 여부 확인 후 검토할 잡종지; 면적 333㎡","priority_score":50,"source":"경기부동산포털 국공유지조회·연속지적도","source_date":"2026-08-11","installed_solar_match":false}},{"type":"Feature","id":"4163032021103520002","geometry":{"type":"Point","coordinates":[126.9717754,37.8933667]},"properties":{"pnu":"4163032021103520002","municipality_code":"41630","municipality":"양주시","district":"양주시","locality":"남면 신산리","address":"양주시 남면 신산리 352-2","owner_type":"시·군유지","owner_label":"양주시","manager":"","property_class":"","land_category":"잡종지","area_sqm":326.0,"area_band":"100~500㎡","interest_category":"잡종지","solar_candidate":"검토필요","candidate_reason":"실제 이용·점유 여부 확인 후 검토할 잡종지; 면적 326㎡","priority_score":50,"source":"경기부동산포털 국공유지조회·연속지적도","source_date":"2026-08-11","installed_solar_match":false}},{"type":"Feature","id":"4163011200104660008","geometry":{"type":"Point","coordinates":[127.0832182,37.847232]},"properties":{"pnu":"4163011200104660008","municipality_code":"41630","municipality":"양주시","district":"양주시","locality":"회암동","address":"양주시 회암동 466-8","owner_type":"시·군유지","owner_label":"양주시","manager":"","property_class":"","land_category":"잡종지","area_sqm":325.0,"area_band":"100~500㎡","interest_category":"잡종지","solar_candidate":"검토필요","candidate_reason":"실제 이용·점유 여부 확인 후 검토할 잡종지; 면적 325㎡","priority_score":50,"source":"경기부동산포털 국공유지조회·연속지적도","source_date":"2026-08-11","installed_solar_match":false}},{"type":"Feature","id":"4163025021101640014","geometry":{"type":"Point","coordinates":[127.000452,37.8025689]},"properties":{"pnu":"4163025021101640014","municipality_code":"41630","municipality":"양주시","district":"양주시","locality":"백석읍 방성리","address":"양주시 백석읍 방성리 164-14","owner_type":"시·군유지","owner_label":"양주시","manager":"","property_class":"","land_category":"잡종지","area_sqm":323.0,"area_band":"100~500㎡","interest_category":"잡종지","solar_candidate":"검토필요","candidate_reason":"실제 이용·점유 여부 확인 후 검토할 잡종지; 면적 323㎡","priority_score":50,"source":"경기부동산포털 국공유지조회·연속지적도","source_date":"2026-08-11","installed_solar_match":false}},{"type":"Feature","id":"4163034024102010026","geometry":{"type":"Point","coordinates":[126.9474033,37.7482237]},"properties":{"pnu":"4163034024102010026","municipality_code":"41630","municipality":"양주시","district":"양주시","locality":"장흥면 석현리","address":"양주시 장흥면 석현리 201-26","owner_type":"시·군유지","owner_label":"양주시","manager":"","property_class":"","land_category":"잡종지","area_sqm":321.0,"area_band":"100~500㎡","interest_category":"잡종지","solar_candidate":"검토필요","candidate_reason":"실제 이용·점유 여부 확인 후 검토할 잡종지; 면적 321㎡","priority_score":50,"source":"경기부동산포털 국공유지조회·연속지적도","source_date":"2026-08-11","installed_solar_match":false}},{"type":"Feature","id":"4163032021103330044","geometry":{"type":"Point","coordinates":[126.9754375,37.8928495]},"properties":{"pnu":"4163032021103330044","municipality_code":"41630","municipality":"양주시","district":"양주시","locality":"남면 신산리","address":"양주시 남면 신산리 333-44","owner_type":"시·군유지","owner_label":"양주시","manager":"","property_class":"","land_category":"잡종지","area_sqm":314.0,"area_band":"100~500㎡","interest_category":"잡종지","solar_candidate":"검토필요","candidate_reason":"실제 이용·점유 여부 확인 후 검토할 잡종지; 면적 314㎡","priority_score":50,"source":"경기부동산포털 국공유지조회·연속지적도","source_date":"2026-08-11","installed_solar_match":false}},{"type":"Feature","id":"4163033027100660011","geometry":{"type":"Point","coordinates":[126.9889211,37.8242197]},"properties":{"pnu":"4163033027100660011","municipality_code":"41630","municipality":"양주시","district":"양주시","locality":"광적면 석우리","address":"양주시 광적면 석우리 66-11","owner_type":"시·군유지","owner_label":"양주시","manager":"","property_class":"","land_category":"잡종지","area_sqm":314.0,"area_band":"100~500㎡","interest_category":"잡종지","solar_candidate":"검토필요","candidate_reason":"실제 이용·점유 여부 확인 후 검토할 잡종지; 면적 314㎡","priority_score":50,"source":"경기부동산포털 국공유지조회·연속지적도","source_date":"2026-08-11","installed_solar_match":false}},{"type":"Feature","id":"4163033027100690009","geometry":{"type":"Point","coordinates":[126.9874993,37.82432]},"properties":{"pnu":"4163033027100690009","municipality_code":"41630","municipality":"양주시","district":"양주시","locality":"광적면 석우리","address":"양주시 광적면 석우리 69-9","owner_type":"시·군유지","owner_label":"양주시","manager":"","property_class":"","land_category":"잡종지","area_sqm":309.0,"area_band":"100~500㎡","interest_category":"잡종지","solar_candidate":"검토필요","candidate_reason":"실제 이용·점유 여부 확인 후 검토할 잡종지; 면적 309㎡","priority_score":50,"source":"경기부동산포털 국공유지조회·연속지적도","source_date":"2026-08-11","installed_solar_match":false}},{"type":"Feature","id":"4163025027103180010","geometry":{"type":"Point","coordinates":[126.9393507,37.7776103]},"properties":{"pnu":"4163025027103180010","municipality_code":"41630","municipality":"양주시","district":"양주시","locality":"백석읍 기산리","address":"양주시 백석읍 기산리 318-10","owner_type":"시·군유지","owner_label":"양주시","manager":"","property_class":"","land_category":"잡종지","area_sqm":307.0,"area_band":"100~500㎡","interest_category":"잡종지","solar_candidate":"검토필요","candidate_reason":"실제 이용·점유 여부 확인 후 검토할 잡종지; 면적 307㎡","priority_score":50,"source":"경기부동산포털 국공유지조회·연속지적도","source_date":"2026-08-11","installed_solar_match":false}},{"type":"Feature","id":"4163032022100250001","geometry":{"type":"Point","coordinates":[126.968799,37.9091315]},"properties":{"pnu":"4163032022100250001","municipality_code":"41630","municipality":"양주시","district":"양주시","locality":"남면 신암리","address":"양주시 남면 신암리 25-1","owner_type":"시·군유지","owner_label":"양주시","manager":"","property_class":"","land_category":"잡종지","area_sqm":307.0,"area_band":"100~500㎡","interest_category":"잡종지","solar_candidate":"검토필요","candidate_reason":"실제 이용·점유 여부 확인 후 검토할 잡종지; 면적 307㎡","priority_score":50,"source":"경기부동산포털 국공유지조회·연속지적도","source_date":"2026-08-11","installed_solar_match":false}},{"type":"Feature","id":"4163032021103560003","geometry":{"type":"Point","coordinates":[126.9719482,37.8959968]},"properties":{"pnu":"4163032021103560003","municipality_code":"41630","municipality":"양주시","district":"양주시","locality":"남면 신산리","address":"양주시 남면 신산리 356-3","owner_type":"시·군유지","owner_label":"양주시","manager":"","property_class":"","land_category":"잡종지","area_sqm":297.0,"area_band":"100~500㎡","interest_category":"잡종지","solar_candidate":"검토필요","candidate_reason":"실제 이용·점유 여부 확인 후 검토할 잡종지; 면적 297㎡","priority_score":50,"source":"경기부동산포털 국공유지조회·연속지적도","source_date":"2026-08-11","installed_solar_match":false}},{"type":"Feature","id":"4163011600104240026","geometry":{"type":"Point","coordinates":[127.0481327,37.8185097]},"properties":{"pnu":"4163011600104240026","municipality_code":"41630","municipality":"양주시","district":"양주시","locality":"덕계동","address":"양주시 덕계동 424-26","owner_type":"시·군유지","owner_label":"양주시","manager":"","property_class":"","land_category":"잡종지","area_sqm":287.0,"area_band":"100~500㎡","interest_category":"잡종지","solar_candidate":"검토필요","candidate_reason":"실제 이용·점유 여부 확인 후 검토할 잡종지; 면적 287㎡","priority_score":50,"source":"경기부동산포털 국공유지조회·연속지적도","source_date":"2026-08-11","installed_solar_match":false}},{"type":"Feature","id":"4163031021108320003","geometry":{"type":"Point","coordinates":[127.0307045,37.8518898]},"properties":{"pnu":"4163031021108320003","municipality_code":"41630","municipality":"양주시","district":"양주시","locality":"은현면 용암리","address":"양주시 은현면 용암리 832-3","owner_type":"시·군유지","owner_label":"양주시","manager":"","property_class":"","land_category":"잡종지","area_sqm":284.0,"area_band":"100~500㎡","interest_category":"잡종지","solar_candidate":"검토필요","candidate_reason":"실제 이용·점유 여부 확인 후 검토할 잡종지; 면적 284㎡","priority_score":50,"source":"경기부동산포털 국공유지조회·연속지적도","source_date":"2026-08-11","installed_solar_match":false}},{"type":"Feature","id":"4163011200100240004","geometry":{"type":"Point","coordinates":[127.105491,37.8442572]},"properties":{"pnu":"4163011200100240004","municipality_code":"41630","municipality":"양주시","district":"양주시","locality":"회암동","address":"양주시 회암동 24-4","owner_type":"시·군유지","owner_label":"양주시","manager":"","property_class":"","land_category":"잡종지","area_sqm":278.0,"area_band":"100~500㎡","interest_category":"잡종지","solar_candidate":"검토필요","candidate_reason":"실제 이용·점유 여부 확인 후 검토할 잡종지; 면적 278㎡","priority_score":50,"source":"경기부동산포털 국공유지조회·연속지적도","source_date":"2026-08-11","installed_solar_match":false}},{"type":"Feature","id":"4163010900102940014","geometry":{"type":"Point","coordinates":[127.0720593,37.8060112]},"properties":{"pnu":"4163010900102940014","municipality_code":"41630","municipality":"양주시","district":"양주시","locality":"고읍동","address":"양주시 고읍동 294-14","owner_type":"시·군유지","owner_label":"양주시","manager":"","property_class":"","land_category":"잡종지","area_sqm":275.0,"area_band":"100~500㎡","interest_category":"잡종지","solar_candidate":"검토필요","candidate_reason":"실제 이용·점유 여부 확인 후 검토할 잡종지; 면적 275㎡","priority_score":50,"source":"경기부동산포털 국공유지조회·연속지적도","source_date":"2026-08-11","installed_solar_match":false}},{"type":"Feature","id":"4163011600107140000","geometry":{"type":"Point","coordinates":[127.0455285,37.8135021]},"properties":{"pnu":"4163011600107140000","municipality_code":"41630","municipality":"양주시","district":"양주시","locality":"덕계동","address":"양주시 덕계동 714","owner_type":"시·군유지","owner_label":"양주시","manager":"","property_class":"","land_category":"잡종지","area_sqm":268.0,"area_band":"100~500㎡","interest_category":"잡종지","solar_candidate":"검토필요","candidate_reason":"실제 이용·점유 여부 확인 후 검토할 잡종지; 면적 268㎡","priority_score":50,"source":"경기부동산포털 국공유지조회·연속지적도","source_date":"2026-08-11","installed_solar_match":false}},{"type":"Feature","id":"4163025022100350004","geometry":{"type":"Point","coordinates":[126.9899966,37.7965993]},"properties":{"pnu":"4163025022100350004","municipality_code":"41630","municipality":"양주시","district":"양주시","locality":"백석읍 오산리","address":"양주시 백석읍 오산리 35-4","owner_type":"시·군유지","owner_label":"양주시","manager":"","property_class":"","land_category":"잡종지","area_sqm":268.0,"area_band":"100~500㎡","interest_category":"잡종지","solar_candidate":"검토필요","candidate_reason":"실제 이용·점유 여부 확인 후 검토할 잡종지; 면적 268㎡","priority_score":50,"source":"경기부동산포털 국공유지조회·연속지적도","source_date":"2026-08-11","installed_solar_match":false}},{"type":"Feature","id":"4163011200104680007","geometry":{"type":"Point","coordinates":[127.083263,37.846932]},"properties":{"pnu":"4163011200104680007","municipality_code":"41630","municipality":"양주시","district":"양주시","locality":"회암동","address":"양주시 회암동 468-7","owner_type":"시·군유지","owner_label":"양주시","manager":"","property_class":"","land_category":"잡종지","area_sqm":262.0,"area_band":"100~500㎡","interest_category":"잡종지","solar_candidate":"검토필요","candidate_reason":"실제 이용·점유 여부 확인 후 검토할 잡종지; 면적 262㎡","priority_score":50,"source":"경기부동산포털 국공유지조회·연속지적도","source_date":"2026-08-11","installed_solar_match":false}},{"type":"Feature","id":"4163032021103290001","geometry":{"type":"Point","coordinates":[126.9728111,37.8932944]},"properties":{"pnu":"4163032021103290001","municipality_code":"41630","municipality":"양주시","district":"양주시","locality":"남면 신산리","address":"양주시 남면 신산리 329-1","owner_type":"시·군유지","owner_label":"양주시","manager":"","property_class":"","land_category":"잡종지","area_sqm":256.0,"area_band":"100~500㎡","interest_category":"잡종지","solar_candidate":"검토필요","candidate_reason":"실제 이용·점유 여부 확인 후 검토할 잡종지; 면적 256㎡","priority_score":50,"source":"경기부동산포털 국공유지조회·연속지적도","source_date":"2026-08-11","installed_solar_match":false}},{"type":"Feature","id":"4163011100109400009","geometry":{"type":"Point","coordinates":[127.0561932,37.8590107]},"properties":{"pnu":"4163011100109400009","municipality_code":"41630","municipality":"양주시","district":"양주시","locality":"봉양동","address":"양주시 봉양동 940-9","owner_type":"시·군유지","owner_label":"양주시","manager":"","property_class":"","land_category":"잡종지","area_sqm":253.0,"area_band":"100~500㎡","interest_category":"잡종지","solar_candidate":"검토필요","candidate_reason":"실제 이용·점유 여부 확인 후 검토할 잡종지; 면적 253㎡","priority_score":50,"source":"경기부동산포털 국공유지조회·연속지적도","source_date":"2026-08-11","installed_solar_match":false}},{"type":"Feature","id":"4163011600104560008","geometry":{"type":"Point","coordinates":[127.0482511,37.8200965]},"properties":{"pnu":"4163011600104560008","municipality_code":"41630","municipality":"양주시","district":"양주시","locality":"덕계동","address":"양주시 덕계동 456-8","owner_type":"시·군유지","owner_label":"양주시","manager":"","property_class":"","land_category":"잡종지","area_sqm":252.0,"area_band":"100~500㎡","interest_category":"잡종지","solar_candidate":"검토필요","candidate_reason":"실제 이용·점유 여부 확인 후 검토할 잡종지; 면적 252㎡","priority_score":50,"source":"경기부동산포털 국공유지조회·연속지적도","source_date":"2026-08-11","installed_solar_match":false}},{"type":"Feature","id":"4163032029105360007","geometry":{"type":"Point","coordinates":[126.9898696,37.8999238]},"properties":{"pnu":"4163032029105360007","municipality_code":"41630","municipality":"양주시","district":"양주시","locality":"남면 한산리","address":"양주시 남면 한산리 536-7","owner_type":"시·군유지","owner_label":"양주시","manager":"","property_class":"","land_category":"잡종지","area_sqm":244.0,"area_band":"100~500㎡","interest_category":"잡종지","solar_candidate":"검토필요","candidate_reason":"실제 이용·점유 여부 확인 후 검토할 잡종지; 면적 244㎡","priority_score":50,"source":"경기부동산포털 국공유지조회·연속지적도","source_date":"2026-08-11","installed_solar_match":false}},{"type":"Feature","id":"4163032021102770016","geometry":{"type":"Point","coordinates":[126.9727938,37.8979738]},"properties":{"pnu":"4163032021102770016","municipality_code":"41630","municipality":"양주시","district":"양주시","locality":"남면 신산리","address":"양주시 남면 신산리 277-16","owner_type":"시·군유지","owner_label":"양주시","manager":"","property_class":"","land_category":"잡종지","area_sqm":243.0,"area_band":"100~500㎡","interest_category":"잡종지","solar_candidate":"검토필요","candidate_reason":"실제 이용·점유 여부 확인 후 검토할 잡종지; 면적 243㎡","priority_score":50,"source":"경기부동산포털 국공유지조회·연속지적도","source_date":"2026-08-11","installed_solar_match":false}},{"type":"Feature","id":"4163032021102900014","geometry":{"type":"Point","coordinates":[126.9761998,37.8965514]},"properties":{"pnu":"4163032021102900014","municipality_code":"41630","municipality":"양주시","district":"양주시","locality":"남면 신산리","address":"양주시 남면 신산리 290-14","owner_type":"시·군유지","owner_label":"양주시","manager":"","property_class":"","land_category":"잡종지","area_sqm":243.0,"area_band":"100~500㎡","interest_category":"잡종지","solar_candidate":"검토필요","candidate_reason":"실제 이용·점유 여부 확인 후 검토할 잡종지; 면적 243㎡","priority_score":50,"source":"경기부동산포털 국공유지조회·연속지적도","source_date":"2026-08-11","installed_solar_match":false}},{"type":"Feature","id":"4163011300102990026","geometry":{"type":"Point","coordinates":[127.1037785,37.8409054]},"properties":{"pnu":"4163011300102990026","municipality_code":"41630","municipality":"양주시","district":"양주시","locality":"율정동","address":"양주시 율정동 299-26","owner_type":"시·군유지","owner_label":"양주시","manager":"","property_class":"","land_category":"잡종지","area_sqm":238.0,"area_band":"100~500㎡","interest_category":"잡종지","solar_candidate":"검토필요","candidate_reason":"실제 이용·점유 여부 확인 후 검토할 잡종지; 면적 238㎡","priority_score":50,"source":"경기부동산포털 국공유지조회·연속지적도","source_date":"2026-08-11","installed_solar_match":false}},{"type":"Feature","id":"4163025022102440011","geometry":{"type":"Point","coordinates":[126.9844973,37.8176293]},"properties":{"pnu":"4163025022102440011","municipality_code":"41630","municipality":"양주시","district":"양주시","locality":"백석읍 오산리","address":"양주시 백석읍 오산리 244-11","owner_type":"시·군유지","owner_label":"양주시","manager":"","property_class":"","land_category":"잡종지","area_sqm":232.0,"area_band":"100~500㎡","interest_category":"잡종지","solar_candidate":"검토필요","candidate_reason":"실제 이용·점유 여부 확인 후 검토할 잡종지; 면적 232㎡","priority_score":50,"source":"경기부동산포털 국공유지조회·연속지적도","source_date":"2026-08-11","installed_solar_match":false}},{"type":"Feature","id":"4163032021103710017","geometry":{"type":"Point","coordinates":[126.9633179,37.9012077]},"properties":{"pnu":"4163032021103710017","municipality_code":"41630","municipality":"양주시","district":"양주시","locality":"남면 신산리","address":"양주시 남면 신산리 371-17","owner_type":"시·군유지","owner_label":"양주시","manager":"","property_class":"","land_category":"잡종지","area_sqm":232.0,"area_band":"100~500㎡","interest_category":"잡종지","solar_candidate":"검토필요","candidate_reason":"실제 이용·점유 여부 확인 후 검토할 잡종지; 면적 232㎡","priority_score":50,"source":"경기부동산포털 국공유지조회·연속지적도","source_date":"2026-08-11","installed_solar_match":false}},{"type":"Feature","id":"4163032021103770003","geometry":{"type":"Point","coordinates":[126.9674162,37.9001872]},"properties":{"pnu":"4163032021103770003","municipality_code":"41630","municipality":"양주시","district":"양주시","locality":"남면 신산리","address":"양주시 남면 신산리 377-3","owner_type":"시·군유지","owner_label":"양주시","manager":"","property_class":"","land_category":"잡종지","area_sqm":227.0,"area_band":"100~500㎡","interest_category":"잡종지","solar_candidate":"검토필요","candidate_reason":"실제 이용·점유 여부 확인 후 검토할 잡종지; 면적 227㎡","priority_score":50,"source":"경기부동산포털 국공유지조회·연속지적도","source_date":"2026-08-11","installed_solar_match":false}},{"type":"Feature","id":"4163033027100700006","geometry":{"type":"Point","coordinates":[126.9875178,37.8234869]},"properties":{"pnu":"4163033027100700006","municipality_code":"41630","municipality":"양주시","district":"양주시","locality":"광적면 석우리","address":"양주시 광적면 석우리 70-6","owner_type":"시·군유지","owner_label":"양주시","manager":"","property_class":"","land_category":"잡종지","area_sqm":223.0,"area_band":"100~500㎡","interest_category":"잡종지","solar_candidate":"검토필요","candidate_reason":"실제 이용·점유 여부 확인 후 검토할 잡종지; 면적 223㎡","priority_score":50,"source":"경기부동산포털 국공유지조회·연속지적도","source_date":"2026-08-11","installed_solar_match":false}},{"type":"Feature","id":"4163011500104170056","geometry":{"type":"Point","coordinates":[127.07197,37.8097428]},"properties":{"pnu":"4163011500104170056","municipality_code":"41630","municipality":"양주시","district":"양주시","locality":"고암동","address":"양주시 고암동 417-56","owner_type":"시·군유지","owner_label":"양주시","manager":"","property_class":"","land_category":"잡종지","area_sqm":214.0,"area_band":"100~500㎡","interest_category":"잡종지","solar_candidate":"검토필요","candidate_reason":"실제 이용·점유 여부 확인 후 검토할 잡종지; 면적 214㎡","priority_score":50,"source":"경기부동산포털 국공유지조회·연속지적도","source_date":"2026-08-11","installed_solar_match":false}},{"type":"Feature","id":"4163025025103490000","geometry":{"type":"Point","coordinates":[126.960247,37.7970552]},"properties":{"pnu":"4163025025103490000","municipality_code":"41630","municipality":"양주시","district":"양주시","locality":"백석읍 홍죽리","address":"양주시 백석읍 홍죽리 349","owner_type":"시·군유지","owner_label":"양주시","manager":"","property_class":"","land_category":"잡종지","area_sqm":214.0,"area_band":"100~500㎡","interest_category":"잡종지","solar_candidate":"검토필요","candidate_reason":"실제 이용·점유 여부 확인 후 검토할 잡종지; 면적 214㎡","priority_score":50,"source":"경기부동산포털 국공유지조회·연속지적도","source_date":"2026-08-11","installed_solar_match":false}},{"type":"Feature","id":"4163033027100820032","geometry":{"type":"Point","coordinates":[126.9882595,37.82881]},"properties":{"pnu":"4163033027100820032","municipality_code":"41630","municipality":"양주시","district":"양주시","locality":"광적면 석우리","address":"양주시 광적면 석우리 82-32","owner_type":"시·군유지","owner_label":"양주시","manager":"","property_class":"","land_category":"잡종지","area_sqm":206.0,"area_band":"100~500㎡","interest_category":"잡종지","solar_candidate":"검토필요","candidate_reason":"실제 이용·점유 여부 확인 후 검토할 잡종지; 면적 206㎡","priority_score":50,"source":"경기부동산포털 국공유지조회·연속지적도","source_date":"2026-08-11","installed_solar_match":false}},{"type":"Feature","id":"4163010900102320004","geometry":{"type":"Point","coordinates":[127.0790917,37.8096491]},"properties":{"pnu":"4163010900102320004","municipality_code":"41630","municipality":"양주시","district":"양주시","locality":"고읍동","address":"양주시 고읍동 232-4","owner_type":"시·군유지","owner_label":"양주시","manager":"","property_class":"","land_category":"잡종지","area_sqm":205.0,"area_band":"100~500㎡","interest_category":"잡종지","solar_candidate":"검토필요","candidate_reason":"실제 이용·점유 여부 확인 후 검토할 잡종지; 면적 205㎡","priority_score":50,"source":"경기부동산포털 국공유지조회·연속지적도","source_date":"2026-08-11","installed_solar_match":false}},{"type":"Feature","id":"4163011600107170012","geometry":{"type":"Point","coordinates":[127.0455282,37.812466]},"properties":{"pnu":"4163011600107170012","municipality_code":"41630","municipality":"양주시","district":"양주시","locality":"덕계동","address":"양주시 덕계동 717-12","owner_type":"시·군유지","owner_label":"양주시","manager":"","property_class":"","land_category":"잡종지","area_sqm":205.0,"area_band":"100~500㎡","interest_category":"잡종지","solar_candidate":"검토필요","candidate_reason":"실제 이용·점유 여부 확인 후 검토할 잡종지; 면적 205㎡","priority_score":50,"source":"경기부동산포털 국공유지조회·연속지적도","source_date":"2026-08-11","installed_solar_match":false}},{"type":"Feature","id":"4163011700104540018","geometry":{"type":"Point","coordinates":[127.0523862,37.8321432]},"properties":{"pnu":"4163011700104540018","municipality_code":"41630","municipality":"양주시","district":"양주시","locality":"회정동","address":"양주시 회정동 454-18","owner_type":"시·군유지","owner_label":"양주시","manager":"","property_class":"","land_category":"잡종지","area_sqm":200.0,"area_band":"100~500㎡","interest_category":"잡종지","solar_candidate":"검토필요","candidate_reason":"실제 이용·점유 여부 확인 후 검토할 잡종지; 면적 200㎡","priority_score":50,"source":"경기부동산포털 국공유지조회·연속지적도","source_date":"2026-08-11","installed_solar_match":false}},{"type":"Feature","id":"4163032021103640002","geometry":{"type":"Point","coordinates":[126.963203,37.9015983]},"properties":{"pnu":"4163032021103640002","municipality_code":"41630","municipality":"양주시","district":"양주시","locality":"남면 신산리","address":"양주시 남면 신산리 364-2","owner_type":"시·군유지","owner_label":"양주시","manager":"","property_class":"","land_category":"잡종지","area_sqm":200.0,"area_band":"100~500㎡","interest_category":"잡종지","solar_candidate":"검토필요","candidate_reason":"실제 이용·점유 여부 확인 후 검토할 잡종지; 면적 200㎡","priority_score":50,"source":"경기부동산포털 국공유지조회·연속지적도","source_date":"2026-08-11","installed_solar_match":false}},{"type":"Feature","id":"4163034025102260020","geometry":{"type":"Point","coordinates":[126.9358204,37.7115216]},"properties":{"pnu":"4163034025102260020","municipality_code":"41630","municipality":"양주시","district":"양주시","locality":"장흥면 일영리","address":"양주시 장흥면 일영리 226-20","owner_type":"시·군유지","owner_label":"양주시","manager":"","property_class":"","land_category":"잡종지","area_sqm":199.0,"area_band":"100~500㎡","interest_category":"잡종지","solar_candidate":"검토필요","candidate_reason":"실제 이용·점유 여부 확인 후 검토할 잡종지; 면적 199㎡","priority_score":50,"source":"경기부동산포털 국공유지조회·연속지적도","source_date":"2026-08-11","installed_solar_match":false}},{"type":"Feature","id":"4163011500104170021","geometry":{"type":"Point","coordinates":[127.0718848,37.8097477]},"properties":{"pnu":"4163011500104170021","municipality_code":"41630","municipality":"양주시","district":"양주시","locality":"고암동","address":"양주시 고암동 417-21","owner_type":"시·군유지","owner_label":"양주시","manager":"","property_class":"","land_category":"잡종지","area_sqm":197.0,"area_band":"100~500㎡","interest_category":"잡종지","solar_candidate":"검토필요","candidate_reason":"실제 이용·점유 여부 확인 후 검토할 잡종지; 면적 197㎡","priority_score":50,"source":"경기부동산포털 국공유지조회·연속지적도","source_date":"2026-08-11","installed_solar_match":false}},{"type":"Feature","id":"4163033021102180009","geometry":{"type":"Point","coordinates":[126.9996203,37.8343655]},"properties":{"pnu":"4163033021102180009","municipality_code":"41630","municipality":"양주시","district":"양주시","locality":"광적면 가납리","address":"양주시 광적면 가납리 218-9","owner_type":"시·군유지","owner_label":"양주시","manager":"","property_class":"","land_category":"잡종지","area_sqm":197.0,"area_band":"100~500㎡","interest_category":"잡종지","solar_candidate":"검토필요","candidate_reason":"실제 이용·점유 여부 확인 후 검토할 잡종지; 면적 197㎡","priority_score":50,"source":"경기부동산포털 국공유지조회·연속지적도","source_date":"2026-08-11","installed_solar_match":false}},{"type":"Feature","id":"4163010500103980001","geometry":{"type":"Point","coordinates":[127.0345966,37.8050778]},"properties":{"pnu":"4163010500103980001","municipality_code":"41630","municipality":"양주시","district":"양주시","locality":"산북동","address":"양주시 산북동 398-1","owner_type":"시·군유지","owner_label":"양주시","manager":"","property_class":"","land_category":"잡종지","area_sqm":192.0,"area_band":"100~500㎡","interest_category":"잡종지","solar_candidate":"검토필요","candidate_reason":"실제 이용·점유 여부 확인 후 검토할 잡종지; 면적 192㎡","priority_score":50,"source":"경기부동산포털 국공유지조회·연속지적도","source_date":"2026-08-11","installed_solar_match":false}},{"type":"Feature","id":"4163025022105350014","geometry":{"type":"Point","coordinates":[126.9857335,37.7944675]},"properties":{"pnu":"4163025022105350014","municipality_code":"41630","municipality":"양주시","district":"양주시","locality":"백석읍 오산리","address":"양주시 백석읍 오산리 535-14","owner_type":"시·군유지","owner_label":"양주시","manager":"","property_class":"","land_category":"잡종지","area_sqm":191.0,"area_band":"100~500㎡","interest_category":"잡종지","solar_candidate":"검토필요","candidate_reason":"실제 이용·점유 여부 확인 후 검토할 잡종지; 면적 191㎡","priority_score":50,"source":"경기부동산포털 국공유지조회·연속지적도","source_date":"2026-08-11","installed_solar_match":false}},{"type":"Feature","id":"4163011700101890032","geometry":{"type":"Point","coordinates":[127.0529156,37.8367954]},"properties":{"pnu":"4163011700101890032","municipality_code":"41630","municipality":"양주시","district":"양주시","locality":"회정동","address":"양주시 회정동 189-32","owner_type":"시·군유지","owner_label":"양주시","manager":"","property_class":"","land_category":"잡종지","area_sqm":189.0,"area_band":"100~500㎡","interest_category":"잡종지","solar_candidate":"검토필요","candidate_reason":"실제 이용·점유 여부 확인 후 검토할 잡종지; 면적 189㎡","priority_score":50,"source":"경기부동산포털 국공유지조회·연속지적도","source_date":"2026-08-11","installed_solar_match":false}},{"type":"Feature","id":"4163010100101950005","geometry":{"type":"Point","coordinates":[127.030617,37.7845666]},"properties":{"pnu":"4163010100101950005","municipality_code":"41630","municipality":"양주시","district":"양주시","locality":"유양동","address":"양주시 유양동 195-5","owner_type":"시·군유지","owner_label":"양주시","manager":"","property_class":"","land_category":"잡종지","area_sqm":187.0,"area_band":"100~500㎡","interest_category":"잡종지","solar_candidate":"검토필요","candidate_reason":"실제 이용·점유 여부 확인 후 검토할 잡종지; 면적 187㎡","priority_score":50,"source":"경기부동산포털 국공유지조회·연속지적도","source_date":"2026-08-11","installed_solar_match":false}},{"type":"Feature","id":"4163031021108350018","geometry":{"type":"Point","coordinates":[127.0306183,37.8516879]},"properties":{"pnu":"4163031021108350018","municipality_code":"41630","municipality":"양주시","district":"양주시","locality":"은현면 용암리","address":"양주시 은현면 용암리 835-18","owner_type":"시·군유지","owner_label":"양주시","manager":"","property_class":"","land_category":"잡종지","area_sqm":186.0,"area_band":"100~500㎡","interest_category":"잡종지","solar_candidate":"검토필요","candidate_reason":"실제 이용·점유 여부 확인 후 검토할 잡종지; 면적 186㎡","priority_score":50,"source":"경기부동산포털 국공유지조회·연속지적도","source_date":"2026-08-11","installed_solar_match":false}},{"type":"Feature","id":"4163033027100700010","geometry":{"type":"Point","coordinates":[126.9865341,37.8249977]},"properties":{"pnu":"4163033027100700010","municipality_code":"41630","municipality":"양주시","district":"양주시","locality":"광적면 석우리","address":"양주시 광적면 석우리 70-10","owner_type":"시·군유지","owner_label":"양주시","manager":"","property_class":"","land_category":"잡종지","area_sqm":185.0,"area_band":"100~500㎡","interest_category":"잡종지","solar_candidate":"검토필요","candidate_reason":"실제 이용·점유 여부 확인 후 검토할 잡종지; 면적 185㎡","priority_score":50,"source":"경기부동산포털 국공유지조회·연속지적도","source_date":"2026-08-11","installed_solar_match":false}},{"type":"Feature","id":"4163011000102230053","geometry":{"type":"Point","coordinates":[127.0625842,37.8384208]},"properties":{"pnu":"4163011000102230053","municipality_code":"41630","municipality":"양주시","district":"양주시","locality":"덕정동","address":"양주시 덕정동 223-53","owner_type":"시·군유지","owner_label":"양주시","manager":"","property_class":"","land_category":"잡종지","area_sqm":179.0,"area_band":"100~500㎡","interest_category":"잡종지","solar_candidate":"검토필요","candidate_reason":"실제 이용·점유 여부 확인 후 검토할 잡종지; 면적 179㎡","priority_score":50,"source":"경기부동산포털 국공유지조회·연속지적도","source_date":"2026-08-11","installed_solar_match":false}},{"type":"Feature","id":"4163011000103680005","geometry":{"type":"Point","coordinates":[127.0612942,37.8475236]},"properties":{"pnu":"4163011000103680005","municipality_code":"41630","municipality":"양주시","district":"양주시","locality":"덕정동","address":"양주시 덕정동 368-5","owner_type":"시·군유지","owner_label":"양주시","manager":"","property_class":"","land_category":"잡종지","area_sqm":176.0,"area_band":"100~500㎡","interest_category":"잡종지","solar_candidate":"검토필요","candidate_reason":"실제 이용·점유 여부 확인 후 검토할 잡종지; 면적 176㎡","priority_score":50,"source":"경기부동산포털 국공유지조회·연속지적도","source_date":"2026-08-11","installed_solar_match":false}},{"type":"Feature","id":"4163010800101910012","geometry":{"type":"Point","coordinates":[127.105128,37.8003878]},"properties":{"pnu":"4163010800101910012","municipality_code":"41630","municipality":"양주시","district":"양주시","locality":"삼숭동","address":"양주시 삼숭동 191-12","owner_type":"시·군유지","owner_label":"양주시","manager":"","property_class":"","land_category":"잡종지","area_sqm":172.0,"area_band":"100~500㎡","interest_category":"잡종지","solar_candidate":"검토필요","candidate_reason":"실제 이용·점유 여부 확인 후 검토할 잡종지; 면적 172㎡","priority_score":50,"source":"경기부동산포털 국공유지조회·연속지적도","source_date":"2026-08-11","installed_solar_match":false}},{"type":"Feature","id":"4163025027103180013","geometry":{"type":"Point","coordinates":[126.9381563,37.7777649]},"properties":{"pnu":"4163025027103180013","municipality_code":"41630","municipality":"양주시","district":"양주시","locality":"백석읍 기산리","address":"양주시 백석읍 기산리 318-13","owner_type":"시·군유지","owner_label":"양주시","manager":"","property_class":"","land_category":"잡종지","area_sqm":170.0,"area_band":"100~500㎡","interest_category":"잡종지","solar_candidate":"검토필요","candidate_reason":"실제 이용·점유 여부 확인 후 검토할 잡종지; 면적 170㎡","priority_score":50,"source":"경기부동산포털 국공유지조회·연속지적도","source_date":"2026-08-11","installed_solar_match":false}},{"type":"Feature","id":"4163011200104660009","geometry":{"type":"Point","coordinates":[127.0830089,37.8471911]},"properties":{"pnu":"4163011200104660009","municipality_code":"41630","municipality":"양주시","district":"양주시","locality":"회암동","address":"양주시 회암동 466-9","owner_type":"시·군유지","owner_label":"양주시","manager":"","property_class":"","land_category":"잡종지","area_sqm":168.0,"area_band":"100~500㎡","interest_category":"잡종지","solar_candidate":"검토필요","candidate_reason":"실제 이용·점유 여부 확인 후 검토할 잡종지; 면적 168㎡","priority_score":50,"source":"경기부동산포털 국공유지조회·연속지적도","source_date":"2026-08-11","installed_solar_match":false}},{"type":"Feature","id":"4163032021104150006","geometry":{"type":"Point","coordinates":[126.9630821,37.9018712]},"properties":{"pnu":"4163032021104150006","municipality_code":"41630","municipality":"양주시","district":"양주시","locality":"남면 신산리","address":"양주시 남면 신산리 415-6","owner_type":"시·군유지","owner_label":"양주시","manager":"","property_class":"","land_category":"잡종지","area_sqm":164.0,"area_band":"100~500㎡","interest_category":"잡종지","solar_candidate":"검토필요","candidate_reason":"실제 이용·점유 여부 확인 후 검토할 잡종지; 면적 164㎡","priority_score":50,"source":"경기부동산포털 국공유지조회·연속지적도","source_date":"2026-08-11","installed_solar_match":false}},{"type":"Feature","id":"4163011600104560007","geometry":{"type":"Point","coordinates":[127.0478494,37.8201769]},"properties":{"pnu":"4163011600104560007","municipality_code":"41630","municipality":"양주시","district":"양주시","locality":"덕계동","address":"양주시 덕계동 456-7","owner_type":"시·군유지","owner_label":"양주시","manager":"","property_class":"","land_category":"잡종지","area_sqm":163.0,"area_band":"100~500㎡","interest_category":"잡종지","solar_candidate":"검토필요","candidate_reason":"실제 이용·점유 여부 확인 후 검토할 잡종지; 면적 163㎡","priority_score":50,"source":"경기부동산포털 국공유지조회·연속지적도","source_date":"2026-08-11","installed_solar_match":false}},{"type":"Feature","id":"4163010900102940019","geometry":{"type":"Point","coordinates":[127.0720192,37.8060615]},"properties":{"pnu":"4163010900102940019","municipality_code":"41630","municipality":"양주시","district":"양주시","locality":"고읍동","address":"양주시 고읍동 294-19","owner_type":"시·군유지","owner_label":"양주시","manager":"","property_class":"","land_category":"잡종지","area_sqm":162.0,"area_band":"100~500㎡","interest_category":"잡종지","solar_candidate":"검토필요","candidate_reason":"실제 이용·점유 여부 확인 후 검토할 잡종지; 면적 162㎡","priority_score":50,"source":"경기부동산포털 국공유지조회·연속지적도","source_date":"2026-08-11","installed_solar_match":false}},{"type":"Feature","id":"4163032027101470067","geometry":{"type":"Point","coordinates":[127.0015474,37.8698876]},"properties":{"pnu":"4163032027101470067","municipality_code":"41630","municipality":"양주시","district":"양주시","locality":"남면 상수리","address":"양주시 남면 상수리 147-67","owner_type":"시·군유지","owner_label":"양주시","manager":"","property_class":"","land_category":"잡종지","area_sqm":161.0,"area_band":"100~500㎡","interest_category":"잡종지","solar_candidate":"검토필요","candidate_reason":"실제 이용·점유 여부 확인 후 검토할 잡종지; 면적 161㎡","priority_score":50,"source":"경기부동산포털 국공유지조회·연속지적도","source_date":"2026-08-11","installed_solar_match":false}},{"type":"Feature","id":"4163011000103500191","geometry":{"type":"Point","coordinates":[127.0623787,37.8467278]},"properties":{"pnu":"4163011000103500191","municipality_code":"41630","municipality":"양주시","district":"양주시","locality":"덕정동","address":"양주시 덕정동 350-191","owner_type":"시·군유지","owner_label":"양주시","manager":"","property_class":"","land_category":"잡종지","area_sqm":156.0,"area_band":"100~500㎡","interest_category":"잡종지","solar_candidate":"검토필요","candidate_reason":"실제 이용·점유 여부 확인 후 검토할 잡종지; 면적 156㎡","priority_score":50,"source":"경기부동산포털 국공유지조회·연속지적도","source_date":"2026-08-11","installed_solar_match":false}},{"type":"Feature","id":"4163011600106990015","geometry":{"type":"Point","coordinates":[127.0457308,37.8164146]},"properties":{"pnu":"4163011600106990015","municipality_code":"41630","municipality":"양주시","district":"양주시","locality":"덕계동","address":"양주시 덕계동 699-15","owner_type":"시·군유지","owner_label":"양주시","manager":"","property_class":"","land_category":"잡종지","area_sqm":156.0,"area_band":"100~500㎡","interest_category":"잡종지","solar_candidate":"검토필요","candidate_reason":"실제 이용·점유 여부 확인 후 검토할 잡종지; 면적 156㎡","priority_score":50,"source":"경기부동산포털 국공유지조회·연속지적도","source_date":"2026-08-11","installed_solar_match":false}},{"type":"Feature","id":"4163011500101850013","geometry":{"type":"Point","coordinates":[127.0660615,37.8299173]},"properties":{"pnu":"4163011500101850013","municipality_code":"41630","municipality":"양주시","district":"양주시","locality":"고암동","address":"양주시 고암동 185-13","owner_type":"시·군유지","owner_label":"양주시","manager":"","property_class":"","land_category":"잡종지","area_sqm":155.6,"area_band":"100~500㎡","interest_category":"잡종지","solar_candidate":"검토필요","candidate_reason":"실제 이용·점유 여부 확인 후 검토할 잡종지; 면적 156㎡","priority_score":50,"source":"경기부동산포털 국공유지조회·연속지적도","source_date":"2026-08-11","installed_solar_match":false}},{"type":"Feature","id":"4163011000100590007","geometry":{"type":"Point","coordinates":[127.0673353,37.8524375]},"properties":{"pnu":"4163011000100590007","municipality_code":"41630","municipality":"양주시","district":"양주시","locality":"덕정동","address":"양주시 덕정동 59-7","owner_type":"시·군유지","owner_label":"양주시","manager":"","property_class":"","land_category":"잡종지","area_sqm":153.0,"area_band":"100~500㎡","interest_category":"잡종지","solar_candidate":"검토필요","candidate_reason":"실제 이용·점유 여부 확인 후 검토할 잡종지; 면적 153㎡","priority_score":50,"source":"경기부동산포털 국공유지조회·연속지적도","source_date":"2026-08-11","installed_solar_match":false}},{"type":"Feature","id":"4163025024105030007","geometry":{"type":"Point","coordinates":[126.9694753,37.7923996]},"properties":{"pnu":"4163025024105030007","municipality_code":"41630","municipality":"양주시","district":"양주시","locality":"백석읍 가업리","address":"양주시 백석읍 가업리 503-7","owner_type":"시·군유지","owner_label":"양주시","manager":"","property_class":"","land_category":"잡종지","area_sqm":153.0,"area_band":"100~500㎡","interest_category":"잡종지","solar_candidate":"검토필요","candidate_reason":"실제 이용·점유 여부 확인 후 검토할 잡종지; 면적 153㎡","priority_score":50,"source":"경기부동산포털 국공유지조회·연속지적도","source_date":"2026-08-11","installed_solar_match":false}},{"type":"Feature","id":"4163025023101280012","geometry":{"type":"Point","coordinates":[126.9918726,37.7865804]},"properties":{"pnu":"4163025023101280012","municipality_code":"41630","municipality":"양주시","district":"양주시","locality":"백석읍 복지리","address":"양주시 백석읍 복지리 128-12","owner_type":"시·군유지","owner_label":"양주시","manager":"","property_class":"","land_category":"잡종지","area_sqm":152.0,"area_band":"100~500㎡","interest_category":"잡종지","solar_candidate":"검토필요","candidate_reason":"실제 이용·점유 여부 확인 후 검토할 잡종지; 면적 152㎡","priority_score":50,"source":"경기부동산포털 국공유지조회·연속지적도","source_date":"2026-08-11","installed_solar_match":false}},{"type":"Feature","id":"4163031024104180023","geometry":{"type":"Point","coordinates":[127.0067381,37.9085865]},"properties":{"pnu":"4163031024104180023","municipality_code":"41630","municipality":"양주시","district":"양주시","locality":"은현면 봉암리","address":"양주시 은현면 봉암리 418-23","owner_type":"시·군유지","owner_label":"양주시","manager":"","property_class":"","land_category":"잡종지","area_sqm":151.0,"area_band":"100~500㎡","interest_category":"잡종지","solar_candidate":"검토필요","candidate_reason":"실제 이용·점유 여부 확인 후 검토할 잡종지; 면적 151㎡","priority_score":50,"source":"경기부동산포털 국공유지조회·연속지적도","source_date":"2026-08-11","installed_solar_match":false}},{"type":"Feature","id":"4163032021102770025","geometry":{"type":"Point","coordinates":[126.9726048,37.8978017]},"properties":{"pnu":"4163032021102770025","municipality_code":"41630","municipality":"양주시","district":"양주시","locality":"남면 신산리","address":"양주시 남면 신산리 277-25","owner_type":"시·군유지","owner_label":"양주시","manager":"","property_class":"","land_category":"잡종지","area_sqm":151.0,"area_band":"100~500㎡","interest_category":"잡종지","solar_candidate":"검토필요","candidate_reason":"실제 이용·점유 여부 확인 후 검토할 잡종지; 면적 151㎡","priority_score":50,"source":"경기부동산포털 국공유지조회·연속지적도","source_date":"2026-08-11","installed_solar_match":false}},{"type":"Feature","id":"4163011600104620012","geometry":{"type":"Point","coordinates":[127.0473133,37.8196742]},"properties":{"pnu":"4163011600104620012","municipality_code":"41630","municipality":"양주시","district":"양주시","locality":"덕계동","address":"양주시 덕계동 462-12","owner_type":"시·군유지","owner_label":"양주시","manager":"","property_class":"","land_category":"잡종지","area_sqm":150.0,"area_band":"100~500㎡","interest_category":"잡종지","solar_candidate":"검토필요","candidate_reason":"실제 이용·점유 여부 확인 후 검토할 잡종지; 면적 150㎡","priority_score":50,"source":"경기부동산포털 국공유지조회·연속지적도","source_date":"2026-08-11","installed_solar_match":false}},{"type":"Feature","id":"4163011600106580001","geometry":{"type":"Point","coordinates":[127.0427978,37.8210622]},"properties":{"pnu":"4163011600106580001","municipality_code":"41630","municipality":"양주시","district":"양주시","locality":"덕계동","address":"양주시 덕계동 658-1","owner_type":"시·군유지","owner_label":"양주시","manager":"","property_class":"","land_category":"잡종지","area_sqm":149.0,"area_band":"100~500㎡","interest_category":"잡종지","solar_candidate":"검토필요","candidate_reason":"실제 이용·점유 여부 확인 후 검토할 잡종지; 면적 149㎡","priority_score":50,"source":"경기부동산포털 국공유지조회·연속지적도","source_date":"2026-08-11","installed_solar_match":false}},{"type":"Feature","id":"4163034024102010024","geometry":{"type":"Point","coordinates":[126.9476137,37.7482126]},"properties":{"pnu":"4163034024102010024","municipality_code":"41630","municipality":"양주시","district":"양주시","locality":"장흥면 석현리","address":"양주시 장흥면 석현리 201-24","owner_type":"시·군유지","owner_label":"양주시","manager":"","property_class":"","land_category":"잡종지","area_sqm":141.0,"area_band":"100~500㎡","interest_category":"잡종지","solar_candidate":"검토필요","candidate_reason":"실제 이용·점유 여부 확인 후 검토할 잡종지; 면적 141㎡","priority_score":50,"source":"경기부동산포털 국공유지조회·연속지적도","source_date":"2026-08-11","installed_solar_match":false}},{"type":"Feature","id":"4163034026104660001","geometry":{"type":"Point","coordinates":[126.9215439,37.6883084]},"properties":{"pnu":"4163034026104660001","municipality_code":"41630","municipality":"양주시","district":"양주시","locality":"장흥면 삼상리","address":"양주시 장흥면 삼상리 466-1","owner_type":"시·군유지","owner_label":"양주시","manager":"","property_class":"","land_category":"잡종지","area_sqm":141.0,"area_band":"100~500㎡","interest_category":"잡종지","solar_candidate":"검토필요","candidate_reason":"실제 이용·점유 여부 확인 후 검토할 잡종지; 면적 141㎡","priority_score":50,"source":"경기부동산포털 국공유지조회·연속지적도","source_date":"2026-08-11","installed_solar_match":false}},{"type":"Feature","id":"4163032021104150008","geometry":{"type":"Point","coordinates":[126.9632388,37.9018317]},"properties":{"pnu":"4163032021104150008","municipality_code":"41630","municipality":"양주시","district":"양주시","locality":"남면 신산리","address":"양주시 남면 신산리 415-8","owner_type":"시·군유지","owner_label":"양주시","manager":"","property_class":"","land_category":"잡종지","area_sqm":139.0,"area_band":"100~500㎡","interest_category":"잡종지","solar_candidate":"검토필요","candidate_reason":"실제 이용·점유 여부 확인 후 검토할 잡종지; 면적 139㎡","priority_score":50,"source":"경기부동산포털 국공유지조회·연속지적도","source_date":"2026-08-11","installed_solar_match":false}},{"type":"Feature","id":"4163025021106830013","geometry":{"type":"Point","coordinates":[127.000668,37.7875734]},"properties":{"pnu":"4163025021106830013","municipality_code":"41630","municipality":"양주시","district":"양주시","locality":"백석읍 방성리","address":"양주시 백석읍 방성리 683-13","owner_type":"시·군유지","owner_label":"양주시","manager":"","property_class":"","land_category":"잡종지","area_sqm":138.0,"area_band":"100~500㎡","interest_category":"잡종지","solar_candidate":"검토필요","candidate_reason":"실제 이용·점유 여부 확인 후 검토할 잡종지; 면적 138㎡","priority_score":50,"source":"경기부동산포털 국공유지조회·연속지적도","source_date":"2026-08-11","installed_solar_match":false}},{"type":"Feature","id":"4163011100105610009","geometry":{"type":"Point","coordinates":[127.0725901,37.8602189]},"properties":{"pnu":"4163011100105610009","municipality_code":"41630","municipality":"양주시","district":"양주시","locality":"봉양동","address":"양주시 봉양동 561-9","owner_type":"시·군유지","owner_label":"양주시","manager":"","property_class":"","land_category":"잡종지","area_sqm":137.0,"area_band":"100~500㎡","interest_category":"잡종지","solar_candidate":"검토필요","candidate_reason":"실제 이용·점유 여부 확인 후 검토할 잡종지; 면적 137㎡","priority_score":50,"source":"경기부동산포털 국공유지조회·연속지적도","source_date":"2026-08-11","installed_solar_match":false}},{"type":"Feature","id":"4163011700103530003","geometry":{"type":"Point","coordinates":[127.0524367,37.8267158]},"properties":{"pnu":"4163011700103530003","municipality_code":"41630","municipality":"양주시","district":"양주시","locality":"회정동","address":"양주시 회정동 353-3","owner_type":"시·군유지","owner_label":"양주시","manager":"","property_class":"","land_category":"잡종지","area_sqm":131.0,"area_band":"100~500㎡","interest_category":"잡종지","solar_candidate":"검토필요","candidate_reason":"실제 이용·점유 여부 확인 후 검토할 잡종지; 면적 131㎡","priority_score":50,"source":"경기부동산포털 국공유지조회·연속지적도","source_date":"2026-08-11","installed_solar_match":false}},{"type":"Feature","id":"4163034024103290011","geometry":{"type":"Point","coordinates":[126.9508736,37.7453146]},"properties":{"pnu":"4163034024103290011","municipality_code":"41630","municipality":"양주시","district":"양주시","locality":"장흥면 석현리","address":"양주시 장흥면 석현리 329-11","owner_type":"시·군유지","owner_label":"양주시","manager":"","property_class":"","land_category":"잡종지","area_sqm":130.0,"area_band":"100~500㎡","interest_category":"잡종지","solar_candidate":"검토필요","candidate_reason":"실제 이용·점유 여부 확인 후 검토할 잡종지; 면적 130㎡","priority_score":50,"source":"경기부동산포털 국공유지조회·연속지적도","source_date":"2026-08-11","installed_solar_match":false}},{"type":"Feature","id":"4163032021103750003","geometry":{"type":"Point","coordinates":[126.9648915,37.9015565]},"properties":{"pnu":"4163032021103750003","municipality_code":"41630","municipality":"양주시","district":"양주시","locality":"남면 신산리","address":"양주시 남면 신산리 375-3","owner_type":"시·군유지","owner_label":"양주시","manager":"","property_class":"","land_category":"잡종지","area_sqm":129.0,"area_band":"100~500㎡","interest_category":"잡종지","solar_candidate":"검토필요","candidate_reason":"실제 이용·점유 여부 확인 후 검토할 잡종지; 면적 129㎡","priority_score":50,"source":"경기부동산포털 국공유지조회·연속지적도","source_date":"2026-08-11","installed_solar_match":false}},{"type":"Feature","id":"4163032028102770004","geometry":{"type":"Point","coordinates":[126.9916533,37.8933102]},"properties":{"pnu":"4163032028102770004","municipality_code":"41630","municipality":"양주시","district":"양주시","locality":"남면 입암리","address":"양주시 남면 입암리 277-4","owner_type":"시·군유지","owner_label":"양주시","manager":"","property_class":"","land_category":"잡종지","area_sqm":128.0,"area_band":"100~500㎡","interest_category":"잡종지","solar_candidate":"검토필요","candidate_reason":"실제 이용·점유 여부 확인 후 검토할 잡종지; 면적 128㎡","priority_score":50,"source":"경기부동산포털 국공유지조회·연속지적도","source_date":"2026-08-11","installed_solar_match":false}},{"type":"Feature","id":"4163032021102800020","geometry":{"type":"Point","coordinates":[126.9744834,37.8970364]},"properties":{"pnu":"4163032021102800020","municipality_code":"41630","municipality":"양주시","district":"양주시","locality":"남면 신산리","address":"양주시 남면 신산리 280-20","owner_type":"시·군유지","owner_label":"양주시","manager":"","property_class":"","land_category":"잡종지","area_sqm":123.0,"area_band":"100~500㎡","interest_category":"잡종지","solar_candidate":"검토필요","candidate_reason":"실제 이용·점유 여부 확인 후 검토할 잡종지; 면적 123㎡","priority_score":50,"source":"경기부동산포털 국공유지조회·연속지적도","source_date":"2026-08-11","installed_solar_match":false}},{"type":"Feature","id":"4163034024103870003","geometry":{"type":"Point","coordinates":[126.9497721,37.7294433]},"properties":{"pnu":"4163034024103870003","municipality_code":"41630","municipality":"양주시","district":"양주시","locality":"장흥면 석현리","address":"양주시 장흥면 석현리 387-3","owner_type":"시·군유지","owner_label":"양주시","manager":"","property_class":"","land_category":"잡종지","area_sqm":122.0,"area_band":"100~500㎡","interest_category":"잡종지","solar_candidate":"검토필요","candidate_reason":"실제 이용·점유 여부 확인 후 검토할 잡종지; 면적 122㎡","priority_score":50,"source":"경기부동산포털 국공유지조회·연속지적도","source_date":"2026-08-11","installed_solar_match":false}},{"type":"Feature","id":"4163010100102290004","geometry":{"type":"Point","coordinates":[127.0332499,37.7846396]},"properties":{"pnu":"4163010100102290004","municipality_code":"41630","municipality":"양주시","district":"양주시","locality":"유양동","address":"양주시 유양동 229-4","owner_type":"시·군유지","owner_label":"양주시","manager":"","property_class":"","land_category":"잡종지","area_sqm":121.0,"area_band":"100~500㎡","interest_category":"잡종지","solar_candidate":"검토필요","candidate_reason":"실제 이용·점유 여부 확인 후 검토할 잡종지; 면적 121㎡","priority_score":50,"source":"경기부동산포털 국공유지조회·연속지적도","source_date":"2026-08-11","installed_solar_match":false}},{"type":"Feature","id":"4163034022104230002","geometry":{"type":"Point","coordinates":[126.9786377,37.7166187]},"properties":{"pnu":"4163034022104230002","municipality_code":"41630","municipality":"양주시","district":"양주시","locality":"장흥면 울대리","address":"양주시 장흥면 울대리 423-2","owner_type":"시·군유지","owner_label":"양주시","manager":"","property_class":"","land_category":"잡종지","area_sqm":121.0,"area_band":"100~500㎡","interest_category":"잡종지","solar_candidate":"검토필요","candidate_reason":"실제 이용·점유 여부 확인 후 검토할 잡종지; 면적 121㎡","priority_score":50,"source":"경기부동산포털 국공유지조회·연속지적도","source_date":"2026-08-11","installed_solar_match":false}},{"type":"Feature","id":"4163033027100670008","geometry":{"type":"Point","coordinates":[126.9885939,37.8238144]},"properties":{"pnu":"4163033027100670008","municipality_code":"41630","municipality":"양주시","district":"양주시","locality":"광적면 석우리","address":"양주시 광적면 석우리 67-8","owner_type":"시·군유지","owner_label":"양주시","manager":"","property_class":"","land_category":"잡종지","area_sqm":118.0,"area_band":"100~500㎡","interest_category":"잡종지","solar_candidate":"검토필요","candidate_reason":"실제 이용·점유 여부 확인 후 검토할 잡종지; 면적 118㎡","priority_score":50,"source":"경기부동산포털 국공유지조회·연속지적도","source_date":"2026-08-11","installed_solar_match":false}},{"type":"Feature","id":"4163025021101640008","geometry":{"type":"Point","coordinates":[127.0000728,37.8026447]},"properties":{"pnu":"4163025021101640008","municipality_code":"41630","municipality":"양주시","district":"양주시","locality":"백석읍 방성리","address":"양주시 백석읍 방성리 164-8","owner_type":"시·군유지","owner_label":"양주시","manager":"","property_class":"","land_category":"잡종지","area_sqm":113.0,"area_band":"100~500㎡","interest_category":"잡종지","solar_candidate":"검토필요","candidate_reason":"실제 이용·점유 여부 확인 후 검토할 잡종지; 면적 113㎡","priority_score":50,"source":"경기부동산포털 국공유지조회·연속지적도","source_date":"2026-08-11","installed_solar_match":false}},{"type":"Feature","id":"4163034022104230010","geometry":{"type":"Point","coordinates":[126.9786256,37.7166591]},"properties":{"pnu":"4163034022104230010","municipality_code":"41630","municipality":"양주시","district":"양주시","locality":"장흥면 울대리","address":"양주시 장흥면 울대리 423-10","owner_type":"시·군유지","owner_label":"양주시","manager":"","property_class":"","land_category":"잡종지","area_sqm":111.0,"area_band":"100~500㎡","interest_category":"잡종지","solar_candidate":"검토필요","candidate_reason":"실제 이용·점유 여부 확인 후 검토할 잡종지; 면적 111㎡","priority_score":50,"source":"경기부동산포털 국공유지조회·연속지적도","source_date":"2026-08-11","installed_solar_match":false}},{"type":"Feature","id":"4163011600107170013","geometry":{"type":"Point","coordinates":[127.0455601,37.812776]},"properties":{"pnu":"4163011600107170013","municipality_code":"41630","municipality":"양주시","district":"양주시","locality":"덕계동","address":"양주시 덕계동 717-13","owner_type":"시·군유지","owner_label":"양주시","manager":"","property_class":"","land_category":"잡종지","area_sqm":106.0,"area_band":"100~500㎡","interest_category":"잡종지","solar_candidate":"검토필요","candidate_reason":"실제 이용·점유 여부 확인 후 검토할 잡종지; 면적 106㎡","priority_score":50,"source":"경기부동산포털 국공유지조회·연속지적도","source_date":"2026-08-11","installed_solar_match":false}},{"type":"Feature","id":"4163031023101900060","geometry":{"type":"Point","coordinates":[127.0157985,37.878323]},"properties":{"pnu":"4163031023101900060","municipality_code":"41630","municipality":"양주시","district":"양주시","locality":"은현면 운암리","address":"양주시 은현면 운암리 190-60","owner_type":"시·군유지","owner_label":"양주시","manager":"","property_class":"","land_category":"잡종지","area_sqm":106.0,"area_band":"100~500㎡","interest_category":"잡종지","solar_candidate":"검토필요","candidate_reason":"실제 이용·점유 여부 확인 후 검토할 잡종지; 면적 106㎡","priority_score":50,"source":"경기부동산포털 국공유지조회·연속지적도","source_date":"2026-08-11","installed_solar_match":false}},{"type":"Feature","id":"4163033027100680003","geometry":{"type":"Point","coordinates":[126.9887616,37.8242619]},"properties":{"pnu":"4163033027100680003","municipality_code":"41630","municipality":"양주시","district":"양주시","locality":"광적면 석우리","address":"양주시 광적면 석우리 68-3","owner_type":"시·군유지","owner_label":"양주시","manager":"","property_class":"","land_category":"잡종지","area_sqm":104.0,"area_band":"100~500㎡","interest_category":"잡종지","solar_candidate":"검토필요","candidate_reason":"실제 이용·점유 여부 확인 후 검토할 잡종지; 면적 104㎡","priority_score":50,"source":"경기부동산포털 국공유지조회·연속지적도","source_date":"2026-08-11","installed_solar_match":false}},{"type":"Feature","id":"4163034024102000004","geometry":{"type":"Point","coordinates":[126.9489532,37.746897]},"properties":{"pnu":"4163034024102000004","municipality_code":"41630","municipality":"양주시","district":"양주시","locality":"장흥면 석현리","address":"양주시 장흥면 석현리 200-4","owner_type":"시·군유지","owner_label":"양주시","manager":"","property_class":"","land_category":"잡종지","area_sqm":104.0,"area_band":"100~500㎡","interest_category":"잡종지","solar_candidate":"검토필요","candidate_reason":"실제 이용·점유 여부 확인 후 검토할 잡종지; 면적 104㎡","priority_score":50,"source":"경기부동산포털 국공유지조회·연속지적도","source_date":"2026-08-11","installed_solar_match":false}},{"type":"Feature","id":"4163011000101330038","geometry":{"type":"Point","coordinates":[127.0635545,37.843748]},"properties":{"pnu":"4163011000101330038","municipality_code":"41630","municipality":"양주시","district":"양주시","locality":"덕정동","address":"양주시 덕정동 133-38","owner_type":"시·군유지","owner_label":"양주시","manager":"","property_class":"","land_category":"잡종지","area_sqm":103.8,"area_band":"100~500㎡","interest_category":"잡종지","solar_candidate":"검토필요","candidate_reason":"실제 이용·점유 여부 확인 후 검토할 잡종지; 면적 104㎡","priority_score":50,"source":"경기부동산포털 국공유지조회·연속지적도","source_date":"2026-08-11","installed_solar_match":false}},{"type":"Feature","id":"4163025021101190009","geometry":{"type":"Point","coordinates":[127.0014437,37.8046299]},"properties":{"pnu":"4163025021101190009","municipality_code":"41630","municipality":"양주시","district":"양주시","locality":"백석읍 방성리","address":"양주시 백석읍 방성리 119-9","owner_type":"시·군유지","owner_label":"양주시","manager":"","property_class":"","land_category":"잡종지","area_sqm":102.0,"area_band":"100~500㎡","interest_category":"잡종지","solar_candidate":"검토필요","candidate_reason":"실제 이용·점유 여부 확인 후 검토할 잡종지; 면적 102㎡","priority_score":50,"source":"경기부동산포털 국공유지조회·연속지적도","source_date":"2026-08-11","installed_solar_match":false}},{"type":"Feature","id":"4163031024100450001","geometry":{"type":"Point","coordinates":[127.0073712,37.8934224]},"properties":{"pnu":"4163031024100450001","municipality_code":"41630","municipality":"양주시","district":"양주시","locality":"은현면 봉암리","address":"양주시 은현면 봉암리 45-1","owner_type":"시·군유지","owner_label":"양주시","manager":"","property_class":"","land_category":"잡종지","area_sqm":102.0,"area_band":"100~500㎡","interest_category":"잡종지","solar_candidate":"검토필요","candidate_reason":"실제 이용·점유 여부 확인 후 검토할 잡종지; 면적 102㎡","priority_score":50,"source":"경기부동산포털 국공유지조회·연속지적도","source_date":"2026-08-11","installed_solar_match":false}},{"type":"Feature","id":"4163032022100270001","geometry":{"type":"Point","coordinates":[126.9690637,37.9091299]},"properties":{"pnu":"4163032022100270001","municipality_code":"41630","municipality":"양주시","district":"양주시","locality":"남면 신암리","address":"양주시 남면 신암리 27-1","owner_type":"시·군유지","owner_label":"양주시","manager":"","property_class":"","land_category":"잡종지","area_sqm":102.0,"area_band":"100~500㎡","interest_category":"잡종지","solar_candidate":"검토필요","candidate_reason":"실제 이용·점유 여부 확인 후 검토할 잡종지; 면적 102㎡","priority_score":50,"source":"경기부동산포털 국공유지조회·연속지적도","source_date":"2026-08-11","installed_solar_match":false}},{"type":"Feature","id":"4163010100105930003","geometry":{"type":"Point","coordinates":[127.0193349,37.7889583]},"properties":{"pnu":"4163010100105930003","municipality_code":"41630","municipality":"양주시","district":"양주시","locality":"유양동","address":"양주시 유양동 593-3","owner_type":"시·군유지","owner_label":"양주시","manager":"","property_class":"","land_category":"잡종지","area_sqm":100.0,"area_band":"100~500㎡","interest_category":"잡종지","solar_candidate":"검토필요","candidate_reason":"실제 이용·점유 여부 확인 후 검토할 잡종지; 면적 100㎡","priority_score":50,"source":"경기부동산포털 국공유지조회·연속지적도","source_date":"2026-08-11","installed_solar_match":false}},{"type":"Feature","id":"4163010700105910011","geometry":{"type":"Point","coordinates":[127.0832241,37.7826159]},"properties":{"pnu":"4163010700105910011","municipality_code":"41630","municipality":"양주시","district":"양주시","locality":"만송동","address":"양주시 만송동 591-11","owner_type":"시·군유지","owner_label":"양주시","manager":"","property_class":"","land_category":"잡종지","area_sqm":100.0,"area_band":"100~500㎡","interest_category":"잡종지","solar_candidate":"검토필요","candidate_reason":"실제 이용·점유 여부 확인 후 검토할 잡종지; 면적 100㎡","priority_score":50,"source":"경기부동산포털 국공유지조회·연속지적도","source_date":"2026-08-11","installed_solar_match":false}},{"type":"Feature","id":"4163031023101900061","geometry":{"type":"Point","coordinates":[127.0158361,37.8779697]},"properties":{"pnu":"4163031023101900061","municipality_code":"41630","municipality":"양주시","district":"양주시","locality":"은현면 운암리","address":"양주시 은현면 운암리 190-61","owner_type":"시·군유지","owner_label":"양주시","manager":"","property_class":"","land_category":"잡종지","area_sqm":100.0,"area_band":"100~500㎡","interest_category":"잡종지","solar_candidate":"검토필요","candidate_reason":"실제 이용·점유 여부 확인 후 검토할 잡종지; 면적 100㎡","priority_score":50,"source":"경기부동산포털 국공유지조회·연속지적도","source_date":"2026-08-11","installed_solar_match":false}},{"type":"Feature","id":"4163031022103470000","geometry":{"type":"Point","coordinates":[127.0246164,37.8756617]},"properties":{"pnu":"4163031022103470000","municipality_code":"41630","municipality":"양주시","district":"양주시","locality":"은현면 선암리","address":"양주시 은현면 선암리 347","owner_type":"시·군유지","owner_label":"양주시","manager":"","property_class":"","land_category":"체육용지","area_sqm":2292.0,"area_band":"1,000~3,000㎡","interest_category":"체육용지","solar_candidate":"검토필요","candidate_reason":"체육시설·주차장 상부 활용 가능성 추가 검토; 면적 2,292㎡","priority_score":48,"source":"경기부동산포털 국공유지조회·연속지적도","source_date":"2026-08-11","installed_solar_match":false}},{"type":"Feature","id":"4163033022101810003","geometry":{"type":"Point","coordinates":[126.9708789,37.8142133]},"properties":{"pnu":"4163033022101810003","municipality_code":"41630","municipality":"양주시","district":"양주시","locality":"광적면 광석리","address":"양주시 광적면 광석리 181-3","owner_type":"시·군유지","owner_label":"양주시","manager":"","property_class":"","land_category":"체육용지","area_sqm":2228.0,"area_band":"1,000~3,000㎡","interest_category":"체육용지","solar_candidate":"검토필요","candidate_reason":"체육시설·주차장 상부 활용 가능성 추가 검토; 면적 2,228㎡","priority_score":48,"source":"경기부동산포털 국공유지조회·연속지적도","source_date":"2026-08-11","installed_solar_match":false}},{"type":"Feature","id":"4163010600107000000","geometry":{"type":"Point","coordinates":[127.0838018,37.7885913]},"properties":{"pnu":"4163010600107000000","municipality_code":"41630","municipality":"양주시","district":"양주시","locality":"광사동","address":"양주시 광사동 700","owner_type":"시·군유지","owner_label":"양주시","manager":"","property_class":"","land_category":"체육용지","area_sqm":2163.2,"area_band":"1,000~3,000㎡","interest_category":"체육용지","solar_candidate":"검토필요","candidate_reason":"체육시설·주차장 상부 활용 가능성 추가 검토; 면적 2,163㎡","priority_score":48,"source":"경기부동산포털 국공유지조회·연속지적도","source_date":"2026-08-11","installed_solar_match":false}},{"type":"Feature","id":"4163034025101530005","geometry":{"type":"Point","coordinates":[126.940514,37.7159021]},"properties":{"pnu":"4163034025101530005","municipality_code":"41630","municipality":"양주시","district":"양주시","locality":"장흥면 일영리","address":"양주시 장흥면 일영리 153-5","owner_type":"시·군유지","owner_label":"양주시","manager":"","property_class":"","land_category":"체육용지","area_sqm":1491.0,"area_band":"1,000~3,000㎡","interest_category":"체육용지","solar_candidate":"검토필요","candidate_reason":"체육시설·주차장 상부 활용 가능성 추가 검토; 면적 1,491㎡","priority_score":48,"source":"경기부동산포털 국공유지조회·연속지적도","source_date":"2026-08-11","installed_solar_match":false}},{"type":"Feature","id":"4163033022101830002","geometry":{"type":"Point","coordinates":[126.9705676,37.8156103]},"properties":{"pnu":"4163033022101830002","municipality_code":"41630","municipality":"양주시","district":"양주시","locality":"광적면 광석리","address":"양주시 광적면 광석리 183-2","owner_type":"시·군유지","owner_label":"양주시","manager":"","property_class":"","land_category":"체육용지","area_sqm":1393.0,"area_band":"1,000~3,000㎡","interest_category":"체육용지","solar_candidate":"검토필요","candidate_reason":"체육시설·주차장 상부 활용 가능성 추가 검토; 면적 1,393㎡","priority_score":48,"source":"경기부동산포털 국공유지조회·연속지적도","source_date":"2026-08-11","installed_solar_match":false}},{"type":"Feature","id":"4163033022101290001","geometry":{"type":"Point","coordinates":[126.9727611,37.8139154]},"properties":{"pnu":"4163033022101290001","municipality_code":"41630","municipality":"양주시","district":"양주시","locality":"광적면 광석리","address":"양주시 광적면 광석리 129-1","owner_type":"시·군유지","owner_label":"양주시","manager":"","property_class":"","land_category":"체육용지","area_sqm":1125.0,"area_band":"1,000~3,000㎡","interest_category":"체육용지","solar_candidate":"검토필요","candidate_reason":"체육시설·주차장 상부 활용 가능성 추가 검토; 면적 1,125㎡","priority_score":48,"source":"경기부동산포털 국공유지조회·연속지적도","source_date":"2026-08-11","installed_solar_match":false}},{"type":"Feature","id":"4163011400108830000","geometry":{"type":"Point","coordinates":[127.0813659,37.8308378]},"properties":{"pnu":"4163011400108830000","municipality_code":"41630","municipality":"양주시","district":"양주시","locality":"옥정동","address":"양주시 옥정동 883","owner_type":"시·군유지","owner_label":"양주시","manager":"","property_class":"","land_category":"공원","area_sqm":395187.8,"area_band":"5,000㎡ 이상","interest_category":"공원","solar_candidate":"검토필요","candidate_reason":"도시공원 관련 법령 및 공원시설 기준 검토 필요; 면적 395,188㎡","priority_score":45,"source":"경기부동산포털 국공유지조회·연속지적도","source_date":"2026-08-11","installed_solar_match":false}},{"type":"Feature","id":"4163011400108890000","geometry":{"type":"Point","coordinates":[127.0772374,37.8245342]},"properties":{"pnu":"4163011400108890000","municipality_code":"41630","municipality":"양주시","district":"양주시","locality":"옥정동","address":"양주시 옥정동 889","owner_type":"시·군유지","owner_label":"양주시","manager":"","property_class":"","land_category":"공원","area_sqm":300215.8,"area_band":"5,000㎡ 이상","interest_category":"공원","solar_candidate":"검토필요","candidate_reason":"도시공원 관련 법령 및 공원시설 기준 검토 필요; 면적 300,216㎡","priority_score":45,"source":"경기부동산포털 국공유지조회·연속지적도","source_date":"2026-08-11","installed_solar_match":false}},{"type":"Feature","id":"4163011400109080000","geometry":{"type":"Point","coordinates":[127.0823655,37.8205491]},"properties":{"pnu":"4163011400109080000","municipality_code":"41630","municipality":"양주시","district":"양주시","locality":"옥정동","address":"양주시 옥정동 908","owner_type":"시·군유지","owner_label":"양주시","manager":"","property_class":"","land_category":"공원","area_sqm":153625.9,"area_band":"5,000㎡ 이상","interest_category":"공원","solar_candidate":"검토필요","candidate_reason":"도시공원 관련 법령 및 공원시설 기준 검토 필요; 면적 153,626㎡","priority_score":45,"source":"경기부동산포털 국공유지조회·연속지적도","source_date":"2026-08-11","installed_solar_match":true,"installed_solar_count":1,"installed_solar_area_sqm":5.7,"installed_solar_analysis_years":["2024"],"installed_solar_types":["공동주택"],"installed_solar_permit_status_counts":{"N":1}}},{"type":"Feature","id":"4163010300105990000","geometry":{"type":"Point","coordinates":[127.0433657,37.7819487]},"properties":{"pnu":"4163010300105990000","municipality_code":"41630","municipality":"양주시","district":"양주시","locality":"남방동","address":"양주시 남방동 599","owner_type":"시·군유지","owner_label":"양주시","manager":"","property_class":"","land_category":"공원","area_sqm":147173.0,"area_band":"5,000㎡ 이상","interest_category":"공원","solar_candidate":"검토필요","candidate_reason":"도시공원 관련 법령 및 공원시설 기준 검토 필요; 면적 147,173㎡","priority_score":45,"source":"경기부동산포털 국공유지조회·연속지적도","source_date":"2026-08-11","installed_solar_match":false}},{"type":"Feature","id":"4163011400110350001","geometry":{"type":"Point","coordinates":[127.0960386,37.8229298]},"properties":{"pnu":"4163011400110350001","municipality_code":"41630","municipality":"양주시","district":"양주시","locality":"옥정동","address":"양주시 옥정동 1035-1","owner_type":"시·군유지","owner_label":"양주시","manager":"","property_class":"","land_category":"공원","area_sqm":89474.4,"area_band":"5,000㎡ 이상","interest_category":"공원","solar_candidate":"검토필요","candidate_reason":"도시공원 관련 법령 및 공원시설 기준 검토 필요; 면적 89,474㎡","priority_score":45,"source":"경기부동산포털 국공유지조회·연속지적도","source_date":"2026-08-11","installed_solar_match":true,"installed_solar_count":4,"installed_solar_area_sqm":1068.8,"installed_solar_analysis_years":["2024"],"installed_solar_types":["공공시설물","주차장"],"installed_solar_permit_status_counts":{"N":4}}},{"type":"Feature","id":"4163010600106590000","geometry":{"type":"Point","coordinates":[127.0827979,37.7929616]},"properties":{"pnu":"4163010600106590000","municipality_code":"41630","municipality":"양주시","district":"양주시","locality":"광사동","address":"양주시 광사동 659","owner_type":"시·군유지","owner_label":"양주시","manager":"","property_class":"","land_category":"공원","area_sqm":75051.1,"area_band":"5,000㎡ 이상","interest_category":"공원","solar_candidate":"검토필요","candidate_reason":"도시공원 관련 법령 및 공원시설 기준 검토 필요; 면적 75,051㎡","priority_score":45,"source":"경기부동산포털 국공유지조회·연속지적도","source_date":"2026-08-11","installed_solar_match":false}},{"type":"Feature","id":"4163025022105220003","geometry":{"type":"Point","coordinates":[126.9840464,37.7951803]},"properties":{"pnu":"4163025022105220003","municipality_code":"41630","municipality":"양주시","district":"양주시","locality":"백석읍 오산리","address":"양주시 백석읍 오산리 522-3","owner_type":"시·군유지","owner_label":"양주시","manager":"","property_class":"","land_category":"공원","area_sqm":57973.0,"area_band":"5,000㎡ 이상","interest_category":"공원","solar_candidate":"검토필요","candidate_reason":"도시공원 관련 법령 및 공원시설 기준 검토 필요; 면적 57,973㎡","priority_score":45,"source":"경기부동산포털 국공유지조회·연속지적도","source_date":"2026-08-11","installed_solar_match":false}},{"type":"Feature","id":"4163011400110390000","geometry":{"type":"Point","coordinates":[127.0975083,37.8243849]},"properties":{"pnu":"4163011400110390000","municipality_code":"41630","municipality":"양주시","district":"양주시","locality":"옥정동","address":"양주시 옥정동 1039","owner_type":"시·군유지","owner_label":"양주시","manager":"","property_class":"","land_category":"공원","area_sqm":57870.8,"area_band":"5,000㎡ 이상","interest_category":"공원","solar_candidate":"검토필요","candidate_reason":"도시공원 관련 법령 및 공원시설 기준 검토 필요; 면적 57,871㎡","priority_score":45,"source":"경기부동산포털 국공유지조회·연속지적도","source_date":"2026-08-11","installed_solar_match":false}},{"type":"Feature","id":"4163011400108790001","geometry":{"type":"Point","coordinates":[127.0853188,37.8270595]},"properties":{"pnu":"4163011400108790001","municipality_code":"41630","municipality":"양주시","district":"양주시","locality":"옥정동","address":"양주시 옥정동 879-1","owner_type":"시·군유지","owner_label":"양주시","manager":"","property_class":"","land_category":"공원","area_sqm":57718.8,"area_band":"5,000㎡ 이상","interest_category":"공원","solar_candidate":"검토필요","candidate_reason":"도시공원 관련 법령 및 공원시설 기준 검토 필요; 면적 57,719㎡","priority_score":45,"source":"경기부동산포털 국공유지조회·연속지적도","source_date":"2026-08-11","installed_solar_match":false}},{"type":"Feature","id":"4163011500106190000","geometry":{"type":"Point","coordinates":[127.0721341,37.8273738]},"properties":{"pnu":"4163011500106190000","municipality_code":"41630","municipality":"양주시","district":"양주시","locality":"고암동","address":"양주시 고암동 619","owner_type":"시·군유지","owner_label":"양주시","manager":"","property_class":"","land_category":"공원","area_sqm":52816.2,"area_band":"5,000㎡ 이상","interest_category":"공원","solar_candidate":"검토필요","candidate_reason":"도시공원 관련 법령 및 공원시설 기준 검토 필요; 면적 52,816㎡","priority_score":45,"source":"경기부동산포털 국공유지조회·연속지적도","source_date":"2026-08-11","installed_solar_match":false}},{"type":"Feature","id":"4163011500105940000","geometry":{"type":"Point","coordinates":[127.0776524,37.8347817]},"properties":{"pnu":"4163011500105940000","municipality_code":"41630","municipality":"양주시","district":"양주시","locality":"고암동","address":"양주시 고암동 594","owner_type":"시·군유지","owner_label":"양주시","manager":"","property_class":"","land_category":"공원","area_sqm":48072.7,"area_band":"5,000㎡ 이상","interest_category":"공원","solar_candidate":"검토필요","candidate_reason":"도시공원 관련 법령 및 공원시설 기준 검토 필요; 면적 48,073㎡","priority_score":45,"source":"경기부동산포털 국공유지조회·연속지적도","source_date":"2026-08-11","installed_solar_match":false}},{"type":"Feature","id":"4163010600106830000","geometry":{"type":"Point","coordinates":[127.0821084,37.7904174]},"properties":{"pnu":"4163010600106830000","municipality_code":"41630","municipality":"양주시","district":"양주시","locality":"광사동","address":"양주시 광사동 683","owner_type":"시·군유지","owner_label":"양주시","manager":"","property_class":"","land_category":"공원","area_sqm":46585.7,"area_band":"5,000㎡ 이상","interest_category":"공원","solar_candidate":"검토필요","candidate_reason":"도시공원 관련 법령 및 공원시설 기준 검토 필요; 면적 46,586㎡","priority_score":45,"source":"경기부동산포털 국공유지조회·연속지적도","source_date":"2026-08-11","installed_solar_match":false}},{"type":"Feature","id":"4163011400111020001","geometry":{"type":"Point","coordinates":[127.0897875,37.8102526]},"properties":{"pnu":"4163011400111020001","municipality_code":"41630","municipality":"양주시","district":"양주시","locality":"옥정동","address":"양주시 옥정동 1102-1","owner_type":"시·군유지","owner_label":"양주시","manager":"","property_class":"","land_category":"공원","area_sqm":32845.9,"area_band":"5,000㎡ 이상","interest_category":"공원","solar_candidate":"검토필요","candidate_reason":"도시공원 관련 법령 및 공원시설 기준 검토 필요; 면적 32,846㎡","priority_score":45,"source":"경기부동산포털 국공유지조회·연속지적도","source_date":"2026-08-11","installed_solar_match":false}},{"type":"Feature","id":"4163011400110260002","geometry":{"type":"Point","coordinates":[127.0941716,37.8317657]},"properties":{"pnu":"4163011400110260002","municipality_code":"41630","municipality":"양주시","district":"양주시","locality":"옥정동","address":"양주시 옥정동 1026-2","owner_type":"시·군유지","owner_label":"양주시","manager":"","property_class":"","land_category":"공원","area_sqm":29768.0,"area_band":"5,000㎡ 이상","interest_category":"공원","solar_candidate":"검토필요","candidate_reason":"도시공원 관련 법령 및 공원시설 기준 검토 필요; 면적 29,768㎡","priority_score":45,"source":"경기부동산포털 국공유지조회·연속지적도","source_date":"2026-08-11","installed_solar_match":false}},{"type":"Feature","id":"4163025025109520000","geometry":{"type":"Point","coordinates":[126.9653063,37.8025065]},"properties":{"pnu":"4163025025109520000","municipality_code":"41630","municipality":"양주시","district":"양주시","locality":"백석읍 홍죽리","address":"양주시 백석읍 홍죽리 952","owner_type":"시·군유지","owner_label":"양주시","manager":"","property_class":"","land_category":"공원","area_sqm":28436.2,"area_band":"5,000㎡ 이상","interest_category":"공원","solar_candidate":"검토필요","candidate_reason":"도시공원 관련 법령 및 공원시설 기준 검토 필요; 면적 28,436㎡","priority_score":45,"source":"경기부동산포털 국공유지조회·연속지적도","source_date":"2026-08-11","installed_solar_match":false}},{"type":"Feature","id":"4163011400109410001","geometry":{"type":"Point","coordinates":[127.0828335,37.8140225]},"properties":{"pnu":"4163011400109410001","municipality_code":"41630","municipality":"양주시","district":"양주시","locality":"옥정동","address":"양주시 옥정동 941-1","owner_type":"시·군유지","owner_label":"양주시","manager":"","property_class":"","land_category":"공원","area_sqm":27699.5,"area_band":"5,000㎡ 이상","interest_category":"공원","solar_candidate":"검토필요","candidate_reason":"도시공원 관련 법령 및 공원시설 기준 검토 필요; 면적 27,700㎡","priority_score":45,"source":"경기부동산포털 국공유지조회·연속지적도","source_date":"2026-08-11","installed_solar_match":false}},{"type":"Feature","id":"4163011000102080012","geometry":{"type":"Point","coordinates":[127.0674026,37.8362386]},"properties":{"pnu":"4163011000102080012","municipality_code":"41630","municipality":"양주시","district":"양주시","locality":"덕정동","address":"양주시 덕정동 208-12","owner_type":"시·군유지","owner_label":"양주시","manager":"","property_class":"","land_category":"공원","area_sqm":27109.9,"area_band":"5,000㎡ 이상","interest_category":"공원","solar_candidate":"검토필요","candidate_reason":"도시공원 관련 법령 및 공원시설 기준 검토 필요; 면적 27,110㎡","priority_score":45,"source":"경기부동산포털 국공유지조회·연속지적도","source_date":"2026-08-11","installed_solar_match":false}},{"type":"Feature","id":"4163011600104670000","geometry":{"type":"Point","coordinates":[127.0465433,37.8210175]},"properties":{"pnu":"4163011600104670000","municipality_code":"41630","municipality":"양주시","district":"양주시","locality":"덕계동","address":"양주시 덕계동 467","owner_type":"시·군유지","owner_label":"양주시","manager":"","property_class":"","land_category":"공원","area_sqm":26723.0,"area_band":"5,000㎡ 이상","interest_category":"공원","solar_candidate":"검토필요","candidate_reason":"도시공원 관련 법령 및 공원시설 기준 검토 필요; 면적 26,723㎡","priority_score":45,"source":"경기부동산포털 국공유지조회·연속지적도","source_date":"2026-08-11","installed_solar_match":false}},{"type":"Feature","id":"4163011400109520002","geometry":{"type":"Point","coordinates":[127.0930012,37.8289167]},"properties":{"pnu":"4163011400109520002","municipality_code":"41630","municipality":"양주시","district":"양주시","locality":"옥정동","address":"양주시 옥정동 952-2","owner_type":"시·군유지","owner_label":"양주시","manager":"","property_class":"","land_category":"공원","area_sqm":24701.5,"area_band":"5,000㎡ 이상","interest_category":"공원","solar_candidate":"검토필요","candidate_reason":"도시공원 관련 법령 및 공원시설 기준 검토 필요; 면적 24,702㎡","priority_score":45,"source":"경기부동산포털 국공유지조회·연속지적도","source_date":"2026-08-11","installed_solar_match":false}},{"type":"Feature","id":"4163011500105810004","geometry":{"type":"Point","coordinates":[127.0766661,37.835354]},"properties":{"pnu":"4163011500105810004","municipality_code":"41630","municipality":"양주시","district":"양주시","locality":"고암동","address":"양주시 고암동 581-4","owner_type":"시·군유지","owner_label":"양주시","manager":"","property_class":"","land_category":"공원","area_sqm":23483.6,"area_band":"5,000㎡ 이상","interest_category":"공원","solar_candidate":"검토필요","candidate_reason":"도시공원 관련 법령 및 공원시설 기준 검토 필요; 면적 23,484㎡","priority_score":45,"source":"경기부동산포털 국공유지조회·연속지적도","source_date":"2026-08-11","installed_solar_match":false}},{"type":"Feature","id":"4163011400109550002","geometry":{"type":"Point","coordinates":[127.0891407,37.8263473]},"properties":{"pnu":"4163011400109550002","municipality_code":"41630","municipality":"양주시","district":"양주시","locality":"옥정동","address":"양주시 옥정동 955-2","owner_type":"시·군유지","owner_label":"양주시","manager":"","property_class":"","land_category":"공원","area_sqm":22146.0,"area_band":"5,000㎡ 이상","interest_category":"공원","solar_candidate":"검토필요","candidate_reason":"도시공원 관련 법령 및 공원시설 기준 검토 필요; 면적 22,146㎡","priority_score":45,"source":"경기부동산포털 국공유지조회·연속지적도","source_date":"2026-08-11","installed_solar_match":false}},{"type":"Feature","id":"4163010600107140000","geometry":{"type":"Point","coordinates":[127.0767119,37.7922694]},"properties":{"pnu":"4163010600107140000","municipality_code":"41630","municipality":"양주시","district":"양주시","locality":"광사동","address":"양주시 광사동 714","owner_type":"시·군유지","owner_label":"양주시","manager":"","property_class":"","land_category":"공원","area_sqm":22126.1,"area_band":"5,000㎡ 이상","interest_category":"공원","solar_candidate":"검토필요","candidate_reason":"도시공원 관련 법령 및 공원시설 기준 검토 필요; 면적 22,126㎡","priority_score":45,"source":"경기부동산포털 국공유지조회·연속지적도","source_date":"2026-08-11","installed_solar_match":false}},{"type":"Feature","id":"4163010600107310000","geometry":{"type":"Point","coordinates":[127.0817962,37.7858923]},"properties":{"pnu":"4163010600107310000","municipality_code":"41630","municipality":"양주시","district":"양주시","locality":"광사동","address":"양주시 광사동 731","owner_type":"시·군유지","owner_label":"양주시","manager":"","property_class":"","land_category":"공원","area_sqm":20630.2,"area_band":"5,000㎡ 이상","interest_category":"공원","solar_candidate":"검토필요","candidate_reason":"도시공원 관련 법령 및 공원시설 기준 검토 필요; 면적 20,630㎡","priority_score":45,"source":"경기부동산포털 국공유지조회·연속지적도","source_date":"2026-08-11","installed_solar_match":false}},{"type":"Feature","id":"4163011400110420001","geometry":{"type":"Point","coordinates":[127.1002717,37.8272735]},"properties":{"pnu":"4163011400110420001","municipality_code":"41630","municipality":"양주시","district":"양주시","locality":"옥정동","address":"양주시 옥정동 1042-1","owner_type":"시·군유지","owner_label":"양주시","manager":"","property_class":"","land_category":"공원","area_sqm":17494.1,"area_band":"5,000㎡ 이상","interest_category":"공원","solar_candidate":"검토필요","candidate_reason":"도시공원 관련 법령 및 공원시설 기준 검토 필요; 면적 17,494㎡","priority_score":45,"source":"경기부동산포털 국공유지조회·연속지적도","source_date":"2026-08-11","installed_solar_match":false}},{"type":"Feature","id":"4163032024103770000","geometry":{"type":"Point","coordinates":[126.9722492,37.8805711]},"properties":{"pnu":"4163032024103770000","municipality_code":"41630","municipality":"양주시","district":"양주시","locality":"남면 구암리","address":"양주시 남면 구암리 377","owner_type":"시·군유지","owner_label":"양주시","manager":"","property_class":"","land_category":"공원","area_sqm":16481.8,"area_band":"5,000㎡ 이상","interest_category":"공원","solar_candidate":"검토필요","candidate_reason":"도시공원 관련 법령 및 공원시설 기준 검토 필요; 면적 16,482㎡","priority_score":45,"source":"경기부동산포털 국공유지조회·연속지적도","source_date":"2026-08-11","installed_solar_match":false}},{"type":"Feature","id":"4163011400109620003","geometry":{"type":"Point","coordinates":[127.0934751,37.826291]},"properties":{"pnu":"4163011400109620003","municipality_code":"41630","municipality":"양주시","district":"양주시","locality":"옥정동","address":"양주시 옥정동 962-3","owner_type":"시·군유지","owner_label":"양주시","manager":"","property_class":"","land_category":"공원","area_sqm":16430.4,"area_band":"5,000㎡ 이상","interest_category":"공원","solar_candidate":"검토필요","candidate_reason":"도시공원 관련 법령 및 공원시설 기준 검토 필요; 면적 16,430㎡","priority_score":45,"source":"경기부동산포털 국공유지조회·연속지적도","source_date":"2026-08-11","installed_solar_match":false}},{"type":"Feature","id":"4163011400110370000","geometry":{"type":"Point","coordinates":[127.0968082,37.8267062]},"properties":{"pnu":"4163011400110370000","municipality_code":"41630","municipality":"양주시","district":"양주시","locality":"옥정동","address":"양주시 옥정동 1037","owner_type":"시·군유지","owner_label":"양주시","manager":"","property_class":"","land_category":"공원","area_sqm":16024.2,"area_band":"5,000㎡ 이상","interest_category":"공원","solar_candidate":"검토필요","candidate_reason":"도시공원 관련 법령 및 공원시설 기준 검토 필요; 면적 16,024㎡","priority_score":45,"source":"경기부동산포털 국공유지조회·연속지적도","source_date":"2026-08-11","installed_solar_match":false}},{"type":"Feature","id":"4163011400110820001","geometry":{"type":"Point","coordinates":[127.0961557,37.813958]},"properties":{"pnu":"4163011400110820001","municipality_code":"41630","municipality":"양주시","district":"양주시","locality":"옥정동","address":"양주시 옥정동 1082-1","owner_type":"시·군유지","owner_label":"양주시","manager":"","property_class":"","land_category":"공원","area_sqm":14773.7,"area_band":"5,000㎡ 이상","interest_category":"공원","solar_candidate":"검토필요","candidate_reason":"도시공원 관련 법령 및 공원시설 기준 검토 필요; 면적 14,774㎡","priority_score":45,"source":"경기부동산포털 국공유지조회·연속지적도","source_date":"2026-08-11","installed_solar_match":false}},{"type":"Feature","id":"4163011400109680001","geometry":{"type":"Point","coordinates":[127.0949609,37.8198207]},"properties":{"pnu":"4163011400109680001","municipality_code":"41630","municipality":"양주시","district":"양주시","locality":"옥정동","address":"양주시 옥정동 968-1","owner_type":"시·군유지","owner_label":"양주시","manager":"","property_class":"","land_category":"공원","area_sqm":14574.9,"area_band":"5,000㎡ 이상","interest_category":"공원","solar_candidate":"검토필요","candidate_reason":"도시공원 관련 법령 및 공원시설 기준 검토 필요; 면적 14,575㎡","priority_score":45,"source":"경기부동산포털 국공유지조회·연속지적도","source_date":"2026-08-11","installed_solar_match":false}},{"type":"Feature","id":"4163011400109430001","geometry":{"type":"Point","coordinates":[127.0899411,37.8344311]},"properties":{"pnu":"4163011400109430001","municipality_code":"41630","municipality":"양주시","district":"양주시","locality":"옥정동","address":"양주시 옥정동 943-1","owner_type":"시·군유지","owner_label":"양주시","manager":"","property_class":"","land_category":"공원","area_sqm":14420.8,"area_band":"5,000㎡ 이상","interest_category":"공원","solar_candidate":"검토필요","candidate_reason":"도시공원 관련 법령 및 공원시설 기준 검토 필요; 면적 14,421㎡","priority_score":45,"source":"경기부동산포털 국공유지조회·연속지적도","source_date":"2026-08-11","installed_solar_match":false}},{"type":"Feature","id":"4163011400110560000","geometry":{"type":"Point","coordinates":[127.094936,37.8165394]},"properties":{"pnu":"4163011400110560000","municipality_code":"41630","municipality":"양주시","district":"양주시","locality":"옥정동","address":"양주시 옥정동 1056","owner_type":"시·군유지","owner_label":"양주시","manager":"","property_class":"","land_category":"공원","area_sqm":14368.9,"area_band":"5,000㎡ 이상","interest_category":"공원","solar_candidate":"검토필요","candidate_reason":"도시공원 관련 법령 및 공원시설 기준 검토 필요; 면적 14,369㎡","priority_score":45,"source":"경기부동산포털 국공유지조회·연속지적도","source_date":"2026-08-11","installed_solar_match":false}},{"type":"Feature","id":"4163011600109100000","geometry":{"type":"Point","coordinates":[127.0503643,37.8139482]},"properties":{"pnu":"4163011600109100000","municipality_code":"41630","municipality":"양주시","district":"양주시","locality":"덕계동","address":"양주시 덕계동 910","owner_type":"시·군유지","owner_label":"양주시","manager":"","property_class":"","land_category":"공원","area_sqm":11074.2,"area_band":"5,000㎡ 이상","interest_category":"공원","solar_candidate":"검토필요","candidate_reason":"도시공원 관련 법령 및 공원시설 기준 검토 필요; 면적 11,074㎡","priority_score":45,"source":"경기부동산포털 국공유지조회·연속지적도","source_date":"2026-08-11","installed_solar_match":false}},{"type":"Feature","id":"4163010900104450000","geometry":{"type":"Point","coordinates":[127.0788657,37.7998763]},"properties":{"pnu":"4163010900104450000","municipality_code":"41630","municipality":"양주시","district":"양주시","locality":"고읍동","address":"양주시 고읍동 445","owner_type":"시·군유지","owner_label":"양주시","manager":"","property_class":"","land_category":"공원","area_sqm":11012.5,"area_band":"5,000㎡ 이상","interest_category":"공원","solar_candidate":"검토필요","candidate_reason":"도시공원 관련 법령 및 공원시설 기준 검토 필요; 면적 11,012㎡","priority_score":45,"source":"경기부동산포털 국공유지조회·연속지적도","source_date":"2026-08-11","installed_solar_match":false}},{"type":"Feature","id":"4163033027104070000","geometry":{"type":"Point","coordinates":[126.9796359,37.8270748]},"properties":{"pnu":"4163033027104070000","municipality_code":"41630","municipality":"양주시","district":"양주시","locality":"광적면 석우리","address":"양주시 광적면 석우리 407","owner_type":"시·군유지","owner_label":"양주시","manager":"","property_class":"","land_category":"공원","area_sqm":10759.0,"area_band":"5,000㎡ 이상","interest_category":"공원","solar_candidate":"검토필요","candidate_reason":"도시공원 관련 법령 및 공원시설 기준 검토 필요; 면적 10,759㎡","priority_score":45,"source":"경기부동산포털 국공유지조회·연속지적도","source_date":"2026-08-11","installed_solar_match":false}},{"type":"Feature","id":"4163011000105440000","geometry":{"type":"Point","coordinates":[127.0671941,37.8491724]},"properties":{"pnu":"4163011000105440000","municipality_code":"41630","municipality":"양주시","district":"양주시","locality":"덕정동","address":"양주시 덕정동 544","owner_type":"시·군유지","owner_label":"양주시","manager":"","property_class":"","land_category":"공원","area_sqm":10753.2,"area_band":"5,000㎡ 이상","interest_category":"공원","solar_candidate":"검토필요","candidate_reason":"도시공원 관련 법령 및 공원시설 기준 검토 필요; 면적 10,753㎡","priority_score":45,"source":"경기부동산포털 국공유지조회·연속지적도","source_date":"2026-08-11","installed_solar_match":false}},{"type":"Feature","id":"4163011400110540003","geometry":{"type":"Point","coordinates":[127.0921071,37.8138867]},"properties":{"pnu":"4163011400110540003","municipality_code":"41630","municipality":"양주시","district":"양주시","locality":"옥정동","address":"양주시 옥정동 1054-3","owner_type":"시·군유지","owner_label":"양주시","manager":"","property_class":"","land_category":"공원","area_sqm":10722.5,"area_band":"5,000㎡ 이상","interest_category":"공원","solar_candidate":"검토필요","candidate_reason":"도시공원 관련 법령 및 공원시설 기준 검토 필요; 면적 10,722㎡","priority_score":45,"source":"경기부동산포털 국공유지조회·연속지적도","source_date":"2026-08-11","installed_solar_match":false}},{"type":"Feature","id":"4163011400110970001","geometry":{"type":"Point","coordinates":[127.0949298,37.8124065]},"properties":{"pnu":"4163011400110970001","municipality_code":"41630","municipality":"양주시","district":"양주시","locality":"옥정동","address":"양주시 옥정동 1097-1","owner_type":"시·군유지","owner_label":"양주시","manager":"","property_class":"","land_category":"공원","area_sqm":10495.3,"area_band":"5,000㎡ 이상","interest_category":"공원","solar_candidate":"검토필요","candidate_reason":"도시공원 관련 법령 및 공원시설 기준 검토 필요; 면적 10,495㎡","priority_score":45,"source":"경기부동산포털 국공유지조회·연속지적도","source_date":"2026-08-11","installed_solar_match":false}},{"type":"Feature","id":"4163011000105370000","geometry":{"type":"Point","coordinates":[127.0621706,37.8488541]},"properties":{"pnu":"4163011000105370000","municipality_code":"41630","municipality":"양주시","district":"양주시","locality":"덕정동","address":"양주시 덕정동 537","owner_type":"시·군유지","owner_label":"양주시","manager":"","property_class":"","land_category":"공원","area_sqm":9977.1,"area_band":"5,000㎡ 이상","interest_category":"공원","solar_candidate":"검토필요","candidate_reason":"도시공원 관련 법령 및 공원시설 기준 검토 필요; 면적 9,977㎡","priority_score":45,"source":"경기부동산포털 국공유지조회·연속지적도","source_date":"2026-08-11","installed_solar_match":false}},{"type":"Feature","id":"4163010300100840002","geometry":{"type":"Point","coordinates":[127.0454622,37.7672129]},"properties":{"pnu":"4163010300100840002","municipality_code":"41630","municipality":"양주시","district":"양주시","locality":"남방동","address":"양주시 남방동 84-2","owner_type":"시·군유지","owner_label":"양주시","manager":"","property_class":"","land_category":"공원","area_sqm":9540.0,"area_band":"5,000㎡ 이상","interest_category":"공원","solar_candidate":"검토필요","candidate_reason":"도시공원 관련 법령 및 공원시설 기준 검토 필요; 면적 9,540㎡","priority_score":45,"source":"경기부동산포털 국공유지조회·연속지적도","source_date":"2026-08-11","installed_solar_match":false}},{"type":"Feature","id":"4163025025109490000","geometry":{"type":"Point","coordinates":[126.9672667,37.8029146]},"properties":{"pnu":"4163025025109490000","municipality_code":"41630","municipality":"양주시","district":"양주시","locality":"백석읍 홍죽리","address":"양주시 백석읍 홍죽리 949","owner_type":"시·군유지","owner_label":"양주시","manager":"","property_class":"","land_category":"공원","area_sqm":9010.0,"area_band":"5,000㎡ 이상","interest_category":"공원","solar_candidate":"검토필요","candidate_reason":"도시공원 관련 법령 및 공원시설 기준 검토 필요; 면적 9,010㎡","priority_score":45,"source":"경기부동산포털 국공유지조회·연속지적도","source_date":"2026-08-11","installed_solar_match":false}},{"type":"Feature","id":"4163032027106700001","geometry":{"type":"Point","coordinates":[126.9971665,37.8678534]},"properties":{"pnu":"4163032027106700001","municipality_code":"41630","municipality":"양주시","district":"양주시","locality":"남면 상수리","address":"양주시 남면 상수리 670-1","owner_type":"시·군유지","owner_label":"양주시","manager":"","property_class":"","land_category":"공원","area_sqm":8919.7,"area_band":"5,000㎡ 이상","interest_category":"공원","solar_candidate":"검토필요","candidate_reason":"도시공원 관련 법령 및 공원시설 기준 검토 필요; 면적 8,920㎡","priority_score":45,"source":"경기부동산포털 국공유지조회·연속지적도","source_date":"2026-08-11","installed_solar_match":false}},{"type":"Feature","id":"4163011600109360000","geometry":{"type":"Point","coordinates":[127.0553554,37.8167689]},"properties":{"pnu":"4163011600109360000","municipality_code":"41630","municipality":"양주시","district":"양주시","locality":"덕계동","address":"양주시 덕계동 936","owner_type":"시·군유지","owner_label":"양주시","manager":"","property_class":"","land_category":"공원","area_sqm":8908.4,"area_band":"5,000㎡ 이상","interest_category":"공원","solar_candidate":"검토필요","candidate_reason":"도시공원 관련 법령 및 공원시설 기준 검토 필요; 면적 8,908㎡","priority_score":45,"source":"경기부동산포털 국공유지조회·연속지적도","source_date":"2026-08-11","installed_solar_match":false}},{"type":"Feature","id":"4163011400109940015","geometry":{"type":"Point","coordinates":[127.0939258,37.8353009]},"properties":{"pnu":"4163011400109940015","municipality_code":"41630","municipality":"양주시","district":"양주시","locality":"옥정동","address":"양주시 옥정동 994-15","owner_type":"시·군유지","owner_label":"양주시","manager":"","property_class":"","land_category":"공원","area_sqm":8766.6,"area_band":"5,000㎡ 이상","interest_category":"공원","solar_candidate":"검토필요","candidate_reason":"도시공원 관련 법령 및 공원시설 기준 검토 필요; 면적 8,767㎡","priority_score":45,"source":"경기부동산포털 국공유지조회·연속지적도","source_date":"2026-08-11","installed_solar_match":false}},{"type":"Feature","id":"4163011400109760001","geometry":{"type":"Point","coordinates":[127.0919303,37.8330902]},"properties":{"pnu":"4163011400109760001","municipality_code":"41630","municipality":"양주시","district":"양주시","locality":"옥정동","address":"양주시 옥정동 976-1","owner_type":"시·군유지","owner_label":"양주시","manager":"","property_class":"","land_category":"공원","area_sqm":8635.8,"area_band":"5,000㎡ 이상","interest_category":"공원","solar_candidate":"검토필요","candidate_reason":"도시공원 관련 법령 및 공원시설 기준 검토 필요; 면적 8,636㎡","priority_score":45,"source":"경기부동산포털 국공유지조회·연속지적도","source_date":"2026-08-11","installed_solar_match":false}},{"type":"Feature","id":"4163011400109730001","geometry":{"type":"Point","coordinates":[127.0903312,37.8364241]},"properties":{"pnu":"4163011400109730001","municipality_code":"41630","municipality":"양주시","district":"양주시","locality":"옥정동","address":"양주시 옥정동 973-1","owner_type":"시·군유지","owner_label":"양주시","manager":"","property_class":"","land_category":"공원","area_sqm":8509.0,"area_band":"5,000㎡ 이상","interest_category":"공원","solar_candidate":"검토필요","candidate_reason":"도시공원 관련 법령 및 공원시설 기준 검토 필요; 면적 8,509㎡","priority_score":45,"source":"경기부동산포털 국공유지조회·연속지적도","source_date":"2026-08-11","installed_solar_match":false}},{"type":"Feature","id":"4163011400108680001","geometry":{"type":"Point","coordinates":[127.0848489,37.8380867]},"properties":{"pnu":"4163011400108680001","municipality_code":"41630","municipality":"양주시","district":"양주시","locality":"옥정동","address":"양주시 옥정동 868-1","owner_type":"시·군유지","owner_label":"양주시","manager":"","property_class":"","land_category":"공원","area_sqm":8231.8,"area_band":"5,000㎡ 이상","interest_category":"공원","solar_candidate":"검토필요","candidate_reason":"도시공원 관련 법령 및 공원시설 기준 검토 필요; 면적 8,232㎡","priority_score":45,"source":"경기부동산포털 국공유지조회·연속지적도","source_date":"2026-08-11","installed_solar_match":false}},{"type":"Feature","id":"4163032030102140008","geometry":{"type":"Point","coordinates":[126.9954002,37.9217029]},"properties":{"pnu":"4163032030102140008","municipality_code":"41630","municipality":"양주시","district":"양주시","locality":"남면 황방리","address":"양주시 남면 황방리 214-8","owner_type":"시·군유지","owner_label":"양주시","manager":"","property_class":"","land_category":"공원","area_sqm":8012.0,"area_band":"5,000㎡ 이상","interest_category":"공원","solar_candidate":"검토필요","candidate_reason":"도시공원 관련 법령 및 공원시설 기준 검토 필요; 면적 8,012㎡","priority_score":45,"source":"경기부동산포털 국공유지조회·연속지적도","source_date":"2026-08-11","installed_solar_match":false}},{"type":"Feature","id":"4163011400110220002","geometry":{"type":"Point","coordinates":[127.0972714,37.8318838]},"properties":{"pnu":"4163011400110220002","municipality_code":"41630","municipality":"양주시","district":"양주시","locality":"옥정동","address":"양주시 옥정동 1022-2","owner_type":"시·군유지","owner_label":"양주시","manager":"","property_class":"","land_category":"공원","area_sqm":7398.5,"area_band":"5,000㎡ 이상","interest_category":"공원","solar_candidate":"검토필요","candidate_reason":"도시공원 관련 법령 및 공원시설 기준 검토 필요; 면적 7,398㎡","priority_score":45,"source":"경기부동산포털 국공유지조회·연속지적도","source_date":"2026-08-11","installed_solar_match":false}},{"type":"Feature","id":"4163011400109450004","geometry":{"type":"Point","coordinates":[127.091374,37.8324801]},"properties":{"pnu":"4163011400109450004","municipality_code":"41630","municipality":"양주시","district":"양주시","locality":"옥정동","address":"양주시 옥정동 945-4","owner_type":"시·군유지","owner_label":"양주시","manager":"","property_class":"","land_category":"공원","area_sqm":7294.9,"area_band":"5,000㎡ 이상","interest_category":"공원","solar_candidate":"검토필요","candidate_reason":"도시공원 관련 법령 및 공원시설 기준 검토 필요; 면적 7,295㎡","priority_score":45,"source":"경기부동산포털 국공유지조회·연속지적도","source_date":"2026-08-11","installed_solar_match":false}},{"type":"Feature","id":"4163011400110140001","geometry":{"type":"Point","coordinates":[127.0944871,37.8332141]},"properties":{"pnu":"4163011400110140001","municipality_code":"41630","municipality":"양주시","district":"양주시","locality":"옥정동","address":"양주시 옥정동 1014-1","owner_type":"시·군유지","owner_label":"양주시","manager":"","property_class":"","land_category":"공원","area_sqm":6909.2,"area_band":"5,000㎡ 이상","interest_category":"공원","solar_candidate":"검토필요","candidate_reason":"도시공원 관련 법령 및 공원시설 기준 검토 필요; 면적 6,909㎡","priority_score":45,"source":"경기부동산포털 국공유지조회·연속지적도","source_date":"2026-08-11","installed_solar_match":false}},{"type":"Feature","id":"4163011400110240001","geometry":{"type":"Point","coordinates":[127.0990024,37.8361853]},"properties":{"pnu":"4163011400110240001","municipality_code":"41630","municipality":"양주시","district":"양주시","locality":"옥정동","address":"양주시 옥정동 1024-1","owner_type":"시·군유지","owner_label":"양주시","manager":"","property_class":"","land_category":"공원","area_sqm":6634.3,"area_band":"5,000㎡ 이상","interest_category":"공원","solar_candidate":"검토필요","candidate_reason":"도시공원 관련 법령 및 공원시설 기준 검토 필요; 면적 6,634㎡","priority_score":45,"source":"경기부동산포털 국공유지조회·연속지적도","source_date":"2026-08-11","installed_solar_match":false}},{"type":"Feature","id":"4163011500105940004","geometry":{"type":"Point","coordinates":[127.0764324,37.8320667]},"properties":{"pnu":"4163011500105940004","municipality_code":"41630","municipality":"양주시","district":"양주시","locality":"고암동","address":"양주시 고암동 594-4","owner_type":"시·군유지","owner_label":"양주시","manager":"","property_class":"","land_category":"공원","area_sqm":6465.2,"area_band":"5,000㎡ 이상","interest_category":"공원","solar_candidate":"검토필요","candidate_reason":"도시공원 관련 법령 및 공원시설 기준 검토 필요; 면적 6,465㎡","priority_score":45,"source":"경기부동산포털 국공유지조회·연속지적도","source_date":"2026-08-11","installed_solar_match":false}},{"type":"Feature","id":"4163011400110040004","geometry":{"type":"Point","coordinates":[127.0965643,37.8355659]},"properties":{"pnu":"4163011400110040004","municipality_code":"41630","municipality":"양주시","district":"양주시","locality":"옥정동","address":"양주시 옥정동 1004-4","owner_type":"시·군유지","owner_label":"양주시","manager":"","property_class":"","land_category":"공원","area_sqm":6447.4,"area_band":"5,000㎡ 이상","interest_category":"공원","solar_candidate":"검토필요","candidate_reason":"도시공원 관련 법령 및 공원시설 기준 검토 필요; 면적 6,447㎡","priority_score":45,"source":"경기부동산포털 국공유지조회·연속지적도","source_date":"2026-08-11","installed_solar_match":false}},{"type":"Feature","id":"4163011400110950004","geometry":{"type":"Point","coordinates":[127.0876571,37.8123856]},"properties":{"pnu":"4163011400110950004","municipality_code":"41630","municipality":"양주시","district":"양주시","locality":"옥정동","address":"양주시 옥정동 1095-4","owner_type":"시·군유지","owner_label":"양주시","manager":"","property_class":"","land_category":"공원","area_sqm":6437.9,"area_band":"5,000㎡ 이상","interest_category":"공원","solar_candidate":"검토필요","candidate_reason":"도시공원 관련 법령 및 공원시설 기준 검토 필요; 면적 6,438㎡","priority_score":45,"source":"경기부동산포털 국공유지조회·연속지적도","source_date":"2026-08-11","installed_solar_match":false}},{"type":"Feature","id":"4163010700106990000","geometry":{"type":"Point","coordinates":[127.084729,37.7949156]},"properties":{"pnu":"4163010700106990000","municipality_code":"41630","municipality":"양주시","district":"양주시","locality":"만송동","address":"양주시 만송동 699","owner_type":"시·군유지","owner_label":"양주시","manager":"","property_class":"","land_category":"공원","area_sqm":6415.8,"area_band":"5,000㎡ 이상","interest_category":"공원","solar_candidate":"검토필요","candidate_reason":"도시공원 관련 법령 및 공원시설 기준 검토 필요; 면적 6,416㎡","priority_score":45,"source":"경기부동산포털 국공유지조회·연속지적도","source_date":"2026-08-11","installed_solar_match":false}},{"type":"Feature","id":"4163011400109370002","geometry":{"type":"Point","coordinates":[127.0867168,37.8121685]},"properties":{"pnu":"4163011400109370002","municipality_code":"41630","municipality":"양주시","district":"양주시","locality":"옥정동","address":"양주시 옥정동 937-2","owner_type":"시·군유지","owner_label":"양주시","manager":"","property_class":"","land_category":"공원","area_sqm":6401.8,"area_band":"5,000㎡ 이상","interest_category":"공원","solar_candidate":"검토필요","candidate_reason":"도시공원 관련 법령 및 공원시설 기준 검토 필요; 면적 6,402㎡","priority_score":45,"source":"경기부동산포털 국공유지조회·연속지적도","source_date":"2026-08-11","installed_solar_match":false}},{"type":"Feature","id":"4163011400109230013","geometry":{"type":"Point","coordinates":[127.0863922,37.8187774]},"properties":{"pnu":"4163011400109230013","municipality_code":"41630","municipality":"양주시","district":"양주시","locality":"옥정동","address":"양주시 옥정동 923-13","owner_type":"시·군유지","owner_label":"양주시","manager":"","property_class":"","land_category":"공원","area_sqm":6265.4,"area_band":"5,000㎡ 이상","interest_category":"공원","solar_candidate":"검토필요","candidate_reason":"도시공원 관련 법령 및 공원시설 기준 검토 필요; 면적 6,265㎡","priority_score":45,"source":"경기부동산포털 국공유지조회·연속지적도","source_date":"2026-08-11","installed_solar_match":false}},{"type":"Feature","id":"4163011400109550005","geometry":{"type":"Point","coordinates":[127.0902669,37.8227212]},"properties":{"pnu":"4163011400109550005","municipality_code":"41630","municipality":"양주시","district":"양주시","locality":"옥정동","address":"양주시 옥정동 955-5","owner_type":"시·군유지","owner_label":"양주시","manager":"","property_class":"","land_category":"공원","area_sqm":5914.9,"area_band":"5,000㎡ 이상","interest_category":"공원","solar_candidate":"검토필요","candidate_reason":"도시공원 관련 법령 및 공원시설 기준 검토 필요; 면적 5,915㎡","priority_score":45,"source":"경기부동산포털 국공유지조회·연속지적도","source_date":"2026-08-11","installed_solar_match":false}},{"type":"Feature","id":"4163011400109390002","geometry":{"type":"Point","coordinates":[127.0883169,37.8146935]},"properties":{"pnu":"4163011400109390002","municipality_code":"41630","municipality":"양주시","district":"양주시","locality":"옥정동","address":"양주시 옥정동 939-2","owner_type":"시·군유지","owner_label":"양주시","manager":"","property_class":"","land_category":"공원","area_sqm":5886.5,"area_band":"5,000㎡ 이상","interest_category":"공원","solar_candidate":"검토필요","candidate_reason":"도시공원 관련 법령 및 공원시설 기준 검토 필요; 면적 5,886㎡","priority_score":45,"source":"경기부동산포털 국공유지조회·연속지적도","source_date":"2026-08-11","installed_solar_match":false}},{"type":"Feature","id":"4163011500106170010","geometry":{"type":"Point","coordinates":[127.0755097,37.8295882]},"properties":{"pnu":"4163011500106170010","municipality_code":"41630","municipality":"양주시","district":"양주시","locality":"고암동","address":"양주시 고암동 617-10","owner_type":"시·군유지","owner_label":"양주시","manager":"","property_class":"","land_category":"공원","area_sqm":5857.1,"area_band":"5,000㎡ 이상","interest_category":"공원","solar_candidate":"검토필요","candidate_reason":"도시공원 관련 법령 및 공원시설 기준 검토 필요; 면적 5,857㎡","priority_score":45,"source":"경기부동산포털 국공유지조회·연속지적도","source_date":"2026-08-11","installed_solar_match":false}},{"type":"Feature","id":"4163011400108850001","geometry":{"type":"Point","coordinates":[127.0760896,37.8292536]},"properties":{"pnu":"4163011400108850001","municipality_code":"41630","municipality":"양주시","district":"양주시","locality":"옥정동","address":"양주시 옥정동 885-1","owner_type":"시·군유지","owner_label":"양주시","manager":"","property_class":"","land_category":"공원","area_sqm":5561.1,"area_band":"5,000㎡ 이상","interest_category":"공원","solar_candidate":"검토필요","candidate_reason":"도시공원 관련 법령 및 공원시설 기준 검토 필요; 면적 5,561㎡","priority_score":45,"source":"경기부동산포털 국공유지조회·연속지적도","source_date":"2026-08-11","installed_solar_match":false}},{"type":"Feature","id":"4163011400109360002","geometry":{"type":"Point","coordinates":[127.0869989,37.8164571]},"properties":{"pnu":"4163011400109360002","municipality_code":"41630","municipality":"양주시","district":"양주시","locality":"옥정동","address":"양주시 옥정동 936-2","owner_type":"시·군유지","owner_label":"양주시","manager":"","property_class":"","land_category":"공원","area_sqm":5520.4,"area_band":"5,000㎡ 이상","interest_category":"공원","solar_candidate":"검토필요","candidate_reason":"도시공원 관련 법령 및 공원시설 기준 검토 필요; 면적 5,520㎡","priority_score":45,"source":"경기부동산포털 국공유지조회·연속지적도","source_date":"2026-08-11","installed_solar_match":false}},{"type":"Feature","id":"4163011400109620006","geometry":{"type":"Point","coordinates":[127.0929016,37.8227412]},"properties":{"pnu":"4163011400109620006","municipality_code":"41630","municipality":"양주시","district":"양주시","locality":"옥정동","address":"양주시 옥정동 962-6","owner_type":"시·군유지","owner_label":"양주시","manager":"","property_class":"","land_category":"공원","area_sqm":5504.9,"area_band":"5,000㎡ 이상","interest_category":"공원","solar_candidate":"검토필요","candidate_reason":"도시공원 관련 법령 및 공원시설 기준 검토 필요; 면적 5,505㎡","priority_score":45,"source":"경기부동산포털 국공유지조회·연속지적도","source_date":"2026-08-11","installed_solar_match":false}},{"type":"Feature","id":"4163011400109550004","geometry":{"type":"Point","coordinates":[127.0913917,37.8244694]},"properties":{"pnu":"4163011400109550004","municipality_code":"41630","municipality":"양주시","district":"양주시","locality":"옥정동","address":"양주시 옥정동 955-4","owner_type":"시·군유지","owner_label":"양주시","manager":"","property_class":"","land_category":"공원","area_sqm":5302.0,"area_band":"5,000㎡ 이상","interest_category":"공원","solar_candidate":"검토필요","candidate_reason":"도시공원 관련 법령 및 공원시설 기준 검토 필요; 면적 5,302㎡","priority_score":45,"source":"경기부동산포털 국공유지조회·연속지적도","source_date":"2026-08-11","installed_solar_match":false}},{"type":"Feature","id":"4163011600110210000","geometry":{"type":"Point","coordinates":[127.0575923,37.8097745]},"properties":{"pnu":"4163011600110210000","municipality_code":"41630","municipality":"양주시","district":"양주시","locality":"덕계동","address":"양주시 덕계동 1021","owner_type":"시·군유지","owner_label":"양주시","manager":"","property_class":"","land_category":"공원","area_sqm":5199.7,"area_band":"5,000㎡ 이상","interest_category":"공원","solar_candidate":"검토필요","candidate_reason":"도시공원 관련 법령 및 공원시설 기준 검토 필요; 면적 5,200㎡","priority_score":45,"source":"경기부동산포털 국공유지조회·연속지적도","source_date":"2026-08-11","installed_solar_match":false}},{"type":"Feature","id":"4163025025109300007","geometry":{"type":"Point","coordinates":[126.9650521,37.8062406]},"properties":{"pnu":"4163025025109300007","municipality_code":"41630","municipality":"양주시","district":"양주시","locality":"백석읍 홍죽리","address":"양주시 백석읍 홍죽리 930-7","owner_type":"시·군유지","owner_label":"양주시","manager":"","property_class":"","land_category":"공원","area_sqm":5135.4,"area_band":"5,000㎡ 이상","interest_category":"공원","solar_candidate":"검토필요","candidate_reason":"도시공원 관련 법령 및 공원시설 기준 검토 필요; 면적 5,135㎡","priority_score":45,"source":"경기부동산포털 국공유지조회·연속지적도","source_date":"2026-08-11","installed_solar_match":false}},{"type":"Feature","id":"4163011400109700003","geometry":{"type":"Point","coordinates":[127.1012012,37.8198853]},"properties":{"pnu":"4163011400109700003","municipality_code":"41630","municipality":"양주시","district":"양주시","locality":"옥정동","address":"양주시 옥정동 970-3","owner_type":"시·군유지","owner_label":"양주시","manager":"","property_class":"","land_category":"공원","area_sqm":5071.8,"area_band":"5,000㎡ 이상","interest_category":"공원","solar_candidate":"검토필요","candidate_reason":"도시공원 관련 법령 및 공원시설 기준 검토 필요; 면적 5,072㎡","priority_score":45,"source":"경기부동산포털 국공유지조회·연속지적도","source_date":"2026-08-11","installed_solar_match":false}},{"type":"Feature","id":"4163032030102910070","geometry":{"type":"Point","coordinates":[126.9858863,37.9276158]},"properties":{"pnu":"4163032030102910070","municipality_code":"41630","municipality":"양주시","district":"양주시","locality":"남면 황방리","address":"양주시 남면 황방리 291-70","owner_type":"시·군유지","owner_label":"양주시","manager":"","property_class":"","land_category":"대","area_sqm":998.0,"area_band":"500~1,000㎡","interest_category":"대","solar_candidate":"검토필요","candidate_reason":"청사·공공건축물·주차장 현황 추가 확인 필요; 면적 998㎡","priority_score":45,"source":"경기부동산포털 국공유지조회·연속지적도","source_date":"2026-08-11","installed_solar_match":false}},{"type":"Feature","id":"4163011100105720003","geometry":{"type":"Point","coordinates":[127.0748623,37.8567861]},"properties":{"pnu":"4163011100105720003","municipality_code":"41630","municipality":"양주시","district":"양주시","locality":"봉양동","address":"양주시 봉양동 572-3","owner_type":"시·군유지","owner_label":"양주시","manager":"","property_class":"","land_category":"대","area_sqm":995.0,"area_band":"500~1,000㎡","interest_category":"대","solar_candidate":"검토필요","candidate_reason":"청사·공공건축물·주차장 현황 추가 확인 필요; 면적 995㎡","priority_score":45,"source":"경기부동산포털 국공유지조회·연속지적도","source_date":"2026-08-11","installed_solar_match":false}},{"type":"Feature","id":"4163011500105800006","geometry":{"type":"Point","coordinates":[127.0733506,37.8350028]},"properties":{"pnu":"4163011500105800006","municipality_code":"41630","municipality":"양주시","district":"양주시","locality":"고암동","address":"양주시 고암동 580-6","owner_type":"시·군유지","owner_label":"양주시","manager":"","property_class":"","land_category":"대","area_sqm":967.4,"area_band":"500~1,000㎡","interest_category":"대","solar_candidate":"검토필요","candidate_reason":"청사·공공건축물·주차장 현황 추가 확인 필요; 면적 967㎡","priority_score":45,"source":"경기부동산포털 국공유지조회·연속지적도","source_date":"2026-08-11","installed_solar_match":false}},{"type":"Feature","id":"4163031022102970000","geometry":{"type":"Point","coordinates":[127.0245286,37.8706409]},"properties":{"pnu":"4163031022102970000","municipality_code":"41630","municipality":"양주시","district":"양주시","locality":"은현면 선암리","address":"양주시 은현면 선암리 297","owner_type":"시·군유지","owner_label":"양주시","manager":"","property_class":"","land_category":"대","area_sqm":962.0,"area_band":"500~1,000㎡","interest_category":"대","solar_candidate":"검토필요","candidate_reason":"청사·공공건축물·주차장 현황 추가 확인 필요; 면적 962㎡","priority_score":45,"source":"경기부동산포털 국공유지조회·연속지적도","source_date":"2026-08-11","installed_solar_match":false}},{"type":"Feature","id":"4163011700104210027","geometry":{"type":"Point","coordinates":[127.0532114,37.8294525]},"properties":{"pnu":"4163011700104210027","municipality_code":"41630","municipality":"양주시","district":"양주시","locality":"회정동","address":"양주시 회정동 421-27","owner_type":"시·군유지","owner_label":"양주시","manager":"","property_class":"","land_category":"대","area_sqm":959.0,"area_band":"500~1,000㎡","interest_category":"대","solar_candidate":"검토필요","candidate_reason":"청사·공공건축물·주차장 현황 추가 확인 필요; 면적 959㎡","priority_score":45,"source":"경기부동산포털 국공유지조회·연속지적도","source_date":"2026-08-11","installed_solar_match":false}},{"type":"Feature","id":"4163032021102850246","geometry":{"type":"Point","coordinates":[126.9738888,37.8966697]},"properties":{"pnu":"4163032021102850246","municipality_code":"41630","municipality":"양주시","district":"양주시","locality":"남면 신산리","address":"양주시 남면 신산리 285-246","owner_type":"시·군유지","owner_label":"양주시","manager":"","property_class":"","land_category":"대","area_sqm":959.0,"area_band":"500~1,000㎡","interest_category":"대","solar_candidate":"검토필요","candidate_reason":"청사·공공건축물·주차장 현황 추가 확인 필요; 면적 959㎡","priority_score":45,"source":"경기부동산포털 국공유지조회·연속지적도","source_date":"2026-08-11","installed_solar_match":false}},{"type":"Feature","id":"4163011100104920007","geometry":{"type":"Point","coordinates":[127.0697759,37.8633067]},"properties":{"pnu":"4163011100104920007","municipality_code":"41630","municipality":"양주시","district":"양주시","locality":"봉양동","address":"양주시 봉양동 492-7","owner_type":"시·군유지","owner_label":"양주시","manager":"","property_class":"","land_category":"대","area_sqm":958.0,"area_band":"500~1,000㎡","interest_category":"대","solar_candidate":"검토필요","candidate_reason":"청사·공공건축물·주차장 현황 추가 확인 필요; 면적 958㎡","priority_score":45,"source":"경기부동산포털 국공유지조회·연속지적도","source_date":"2026-08-11","installed_solar_match":false}},{"type":"Feature","id":"4163010500102640010","geometry":{"type":"Point","coordinates":[127.0449369,37.8005642]},"properties":{"pnu":"4163010500102640010","municipality_code":"41630","municipality":"양주시","district":"양주시","locality":"산북동","address":"양주시 산북동 264-10","owner_type":"시·군유지","owner_label":"양주시","manager":"","property_class":"","land_category":"대","area_sqm":957.0,"area_band":"500~1,000㎡","interest_category":"대","solar_candidate":"검토필요","candidate_reason":"청사·공공건축물·주차장 현황 추가 확인 필요; 면적 957㎡","priority_score":45,"source":"경기부동산포털 국공유지조회·연속지적도","source_date":"2026-08-11","installed_solar_match":false}},{"type":"Feature","id":"4163010800103150000","geometry":{"type":"Point","coordinates":[127.1006945,37.7995673]},"properties":{"pnu":"4163010800103150000","municipality_code":"41630","municipality":"양주시","district":"양주시","locality":"삼숭동","address":"양주시 삼숭동 315","owner_type":"시·군유지","owner_label":"양주시","manager":"","property_class":"","land_category":"대","area_sqm":951.0,"area_band":"500~1,000㎡","interest_category":"대","solar_candidate":"검토필요","candidate_reason":"청사·공공건축물·주차장 현황 추가 확인 필요; 면적 951㎡","priority_score":45,"source":"경기부동산포털 국공유지조회·연속지적도","source_date":"2026-08-11","installed_solar_match":false}},{"type":"Feature","id":"4163011000101380042","geometry":{"type":"Point","coordinates":[127.0666322,37.8448552]},"properties":{"pnu":"4163011000101380042","municipality_code":"41630","municipality":"양주시","district":"양주시","locality":"덕정동","address":"양주시 덕정동 138-42","owner_type":"시·군유지","owner_label":"양주시","manager":"","property_class":"","land_category":"대","area_sqm":929.0,"area_band":"500~1,000㎡","interest_category":"대","solar_candidate":"검토필요","candidate_reason":"청사·공공건축물·주차장 현황 추가 확인 필요; 면적 929㎡","priority_score":45,"source":"경기부동산포털 국공유지조회·연속지적도","source_date":"2026-08-11","installed_solar_match":false}},{"type":"Feature","id":"4163032026100320016","geometry":{"type":"Point","coordinates":[126.9907088,37.8559335]},"properties":{"pnu":"4163032026100320016","municipality_code":"41630","municipality":"양주시","district":"양주시","locality":"남면 경신리","address":"양주시 남면 경신리 32-16","owner_type":"시·군유지","owner_label":"양주시","manager":"","property_class":"","land_category":"대","area_sqm":919.0,"area_band":"500~1,000㎡","interest_category":"대","solar_candidate":"검토필요","candidate_reason":"청사·공공건축물·주차장 현황 추가 확인 필요; 면적 919㎡","priority_score":45,"source":"경기부동산포털 국공유지조회·연속지적도","source_date":"2026-08-11","installed_solar_match":false}},{"type":"Feature","id":"4163032021102800011","geometry":{"type":"Point","coordinates":[126.974422,37.8969229]},"properties":{"pnu":"4163032021102800011","municipality_code":"41630","municipality":"양주시","district":"양주시","locality":"남면 신산리","address":"양주시 남면 신산리 280-11","owner_type":"시·군유지","owner_label":"양주시","manager":"","property_class":"","land_category":"대","area_sqm":909.0,"area_band":"500~1,000㎡","interest_category":"대","solar_candidate":"검토필요","candidate_reason":"청사·공공건축물·주차장 현황 추가 확인 필요; 면적 909㎡","priority_score":45,"source":"경기부동산포털 국공유지조회·연속지적도","source_date":"2026-08-11","installed_solar_match":false}},{"type":"Feature","id":"4163025022105500003","geometry":{"type":"Point","coordinates":[126.9870896,37.7928931]},"properties":{"pnu":"4163025022105500003","municipality_code":"41630","municipality":"양주시","district":"양주시","locality":"백석읍 오산리","address":"양주시 백석읍 오산리 550-3","owner_type":"시·군유지","owner_label":"양주시","manager":"","property_class":"","land_category":"대","area_sqm":884.0,"area_band":"500~1,000㎡","interest_category":"대","solar_candidate":"검토필요","candidate_reason":"청사·공공건축물·주차장 현황 추가 확인 필요; 면적 884㎡","priority_score":45,"source":"경기부동산포털 국공유지조회·연속지적도","source_date":"2026-08-11","installed_solar_match":false}},{"type":"Feature","id":"4163010100105930005","geometry":{"type":"Point","coordinates":[127.0198679,37.7889481]},"properties":{"pnu":"4163010100105930005","municipality_code":"41630","municipality":"양주시","district":"양주시","locality":"유양동","address":"양주시 유양동 593-5","owner_type":"시·군유지","owner_label":"양주시","manager":"","property_class":"","land_category":"대","area_sqm":882.0,"area_band":"500~1,000㎡","interest_category":"대","solar_candidate":"검토필요","candidate_reason":"청사·공공건축물·주차장 현황 추가 확인 필요; 면적 882㎡","priority_score":45,"source":"경기부동산포털 국공유지조회·연속지적도","source_date":"2026-08-11","installed_solar_match":false}},{"type":"Feature","id":"4163011600105760003","geometry":{"type":"Point","coordinates":[127.0409896,37.8251014]},"properties":{"pnu":"4163011600105760003","municipality_code":"41630","municipality":"양주시","district":"양주시","locality":"덕계동","address":"양주시 덕계동 576-3","owner_type":"시·군유지","owner_label":"양주시","manager":"","property_class":"","land_category":"대","area_sqm":868.0,"area_band":"500~1,000㎡","interest_category":"대","solar_candidate":"검토필요","candidate_reason":"청사·공공건축물·주차장 현황 추가 확인 필요; 면적 868㎡","priority_score":45,"source":"경기부동산포털 국공유지조회·연속지적도","source_date":"2026-08-11","installed_solar_match":false}},{"type":"Feature","id":"4163011000101510053","geometry":{"type":"Point","coordinates":[127.063099,37.8430146]},"properties":{"pnu":"4163011000101510053","municipality_code":"41630","municipality":"양주시","district":"양주시","locality":"덕정동","address":"양주시 덕정동 151-53","owner_type":"시·군유지","owner_label":"양주시","manager":"","property_class":"","land_category":"대","area_sqm":867.0,"area_band":"500~1,000㎡","interest_category":"대","solar_candidate":"검토필요","candidate_reason":"청사·공공건축물·주차장 현황 추가 확인 필요; 면적 867㎡","priority_score":45,"source":"경기부동산포털 국공유지조회·연속지적도","source_date":"2026-08-11","installed_solar_match":false}},{"type":"Feature","id":"4163011000102850004","geometry":{"type":"Point","coordinates":[127.0625298,37.8390538]},"properties":{"pnu":"4163011000102850004","municipality_code":"41630","municipality":"양주시","district":"양주시","locality":"덕정동","address":"양주시 덕정동 285-4","owner_type":"시·군유지","owner_label":"양주시","manager":"","property_class":"","land_category":"대","area_sqm":866.0,"area_band":"500~1,000㎡","interest_category":"대","solar_candidate":"검토필요","candidate_reason":"청사·공공건축물·주차장 현황 추가 확인 필요; 면적 866㎡","priority_score":45,"source":"경기부동산포털 국공유지조회·연속지적도","source_date":"2026-08-11","installed_solar_match":false}},{"type":"Feature","id":"4163010700104250002","geometry":{"type":"Point","coordinates":[127.0886052,37.7864062]},"properties":{"pnu":"4163010700104250002","municipality_code":"41630","municipality":"양주시","district":"양주시","locality":"만송동","address":"양주시 만송동 425-2","owner_type":"시·군유지","owner_label":"양주시","manager":"","property_class":"","land_category":"대","area_sqm":860.0,"area_band":"500~1,000㎡","interest_category":"대","solar_candidate":"검토필요","candidate_reason":"청사·공공건축물·주차장 현황 추가 확인 필요; 면적 860㎡","priority_score":45,"source":"경기부동산포털 국공유지조회·연속지적도","source_date":"2026-08-11","installed_solar_match":false}},{"type":"Feature","id":"4163031021108320004","geometry":{"type":"Point","coordinates":[127.0313094,37.8521194]},"properties":{"pnu":"4163031021108320004","municipality_code":"41630","municipality":"양주시","district":"양주시","locality":"은현면 용암리","address":"양주시 은현면 용암리 832-4","owner_type":"시·군유지","owner_label":"양주시","manager":"","property_class":"","land_category":"대","area_sqm":843.0,"area_band":"500~1,000㎡","interest_category":"대","solar_candidate":"검토필요","candidate_reason":"청사·공공건축물·주차장 현황 추가 확인 필요; 면적 843㎡","priority_score":45,"source":"경기부동산포털 국공유지조회·연속지적도","source_date":"2026-08-11","installed_solar_match":false}},{"type":"Feature","id":"4163034023105350024","geometry":{"type":"Point","coordinates":[126.9798473,37.7195961]},"properties":{"pnu":"4163034023105350024","municipality_code":"41630","municipality":"양주시","district":"양주시","locality":"장흥면 부곡리","address":"양주시 장흥면 부곡리 535-24","owner_type":"시·군유지","owner_label":"양주시","manager":"","property_class":"","land_category":"대","area_sqm":826.0,"area_band":"500~1,000㎡","interest_category":"대","solar_candidate":"검토필요","candidate_reason":"청사·공공건축물·주차장 현황 추가 확인 필요; 면적 826㎡","priority_score":45,"source":"경기부동산포털 국공유지조회·연속지적도","source_date":"2026-08-11","installed_solar_match":false}},{"type":"Feature","id":"4163011100104090021","geometry":{"type":"Point","coordinates":[127.0764027,37.8547248]},"properties":{"pnu":"4163011100104090021","municipality_code":"41630","municipality":"양주시","district":"양주시","locality":"봉양동","address":"양주시 봉양동 409-21","owner_type":"시·군유지","owner_label":"양주시","manager":"","property_class":"","land_category":"대","area_sqm":820.0,"area_band":"500~1,000㎡","interest_category":"대","solar_candidate":"검토필요","candidate_reason":"청사·공공건축물·주차장 현황 추가 확인 필요; 면적 820㎡","priority_score":45,"source":"경기부동산포털 국공유지조회·연속지적도","source_date":"2026-08-11","installed_solar_match":false}},{"type":"Feature","id":"4163025024102490000","geometry":{"type":"Point","coordinates":[126.9726644,37.7871998]},"properties":{"pnu":"4163025024102490000","municipality_code":"41630","municipality":"양주시","district":"양주시","locality":"백석읍 가업리","address":"양주시 백석읍 가업리 249","owner_type":"시·군유지","owner_label":"양주시","manager":"","property_class":"","land_category":"대","area_sqm":800.0,"area_band":"500~1,000㎡","interest_category":"대","solar_candidate":"검토필요","candidate_reason":"청사·공공건축물·주차장 현황 추가 확인 필요; 면적 800㎡","priority_score":45,"source":"경기부동산포털 국공유지조회·연속지적도","source_date":"2026-08-11","installed_solar_match":false}},{"type":"Feature","id":"4163010700103780005","geometry":{"type":"Point","coordinates":[127.0914182,37.7894983]},"properties":{"pnu":"4163010700103780005","municipality_code":"41630","municipality":"양주시","district":"양주시","locality":"만송동","address":"양주시 만송동 378-5","owner_type":"시·군유지","owner_label":"양주시","manager":"","property_class":"","land_category":"대","area_sqm":799.0,"area_band":"500~1,000㎡","interest_category":"대","solar_candidate":"검토필요","candidate_reason":"청사·공공건축물·주차장 현황 추가 확인 필요; 면적 799㎡","priority_score":45,"source":"경기부동산포털 국공유지조회·연속지적도","source_date":"2026-08-11","installed_solar_match":false}},{"type":"Feature","id":"4163032023103050000","geometry":{"type":"Point","coordinates":[126.9582777,37.8933631]},"properties":{"pnu":"4163032023103050000","municipality_code":"41630","municipality":"양주시","district":"양주시","locality":"남면 매곡리","address":"양주시 남면 매곡리 305","owner_type":"시·군유지","owner_label":"양주시","manager":"","property_class":"","land_category":"대","area_sqm":799.0,"area_band":"500~1,000㎡","interest_category":"대","solar_candidate":"검토필요","candidate_reason":"청사·공공건축물·주차장 현황 추가 확인 필요; 면적 799㎡","priority_score":45,"source":"경기부동산포털 국공유지조회·연속지적도","source_date":"2026-08-11","installed_solar_match":false}},{"type":"Feature","id":"4163032021102850319","geometry":{"type":"Point","coordinates":[126.9733532,37.8959967]},"properties":{"pnu":"4163032021102850319","municipality_code":"41630","municipality":"양주시","district":"양주시","locality":"남면 신산리","address":"양주시 남면 신산리 285-319","owner_type":"시·군유지","owner_label":"양주시","manager":"","property_class":"","land_category":"대","area_sqm":778.0,"area_band":"500~1,000㎡","interest_category":"대","solar_candidate":"검토필요","candidate_reason":"청사·공공건축물·주차장 현황 추가 확인 필요; 면적 778㎡","priority_score":45,"source":"경기부동산포털 국공유지조회·연속지적도","source_date":"2026-08-11","installed_solar_match":false}},{"type":"Feature","id":"4163010700103780004","geometry":{"type":"Point","coordinates":[127.0915825,37.789588]},"properties":{"pnu":"4163010700103780004","municipality_code":"41630","municipality":"양주시","district":"양주시","locality":"만송동","address":"양주시 만송동 378-4","owner_type":"시·군유지","owner_label":"양주시","manager":"","property_class":"","land_category":"대","area_sqm":773.0,"area_band":"500~1,000㎡","interest_category":"대","solar_candidate":"검토필요","candidate_reason":"청사·공공건축물·주차장 현황 추가 확인 필요; 면적 773㎡","priority_score":45,"source":"경기부동산포털 국공유지조회·연속지적도","source_date":"2026-08-11","installed_solar_match":false}},{"type":"Feature","id":"4163011200104830018","geometry":{"type":"Point","coordinates":[127.085223,37.8450955]},"properties":{"pnu":"4163011200104830018","municipality_code":"41630","municipality":"양주시","district":"양주시","locality":"회암동","address":"양주시 회암동 483-18","owner_type":"시·군유지","owner_label":"양주시","manager":"","property_class":"","land_category":"대","area_sqm":770.0,"area_band":"500~1,000㎡","interest_category":"대","solar_candidate":"검토필요","candidate_reason":"청사·공공건축물·주차장 현황 추가 확인 필요; 면적 770㎡","priority_score":45,"source":"경기부동산포털 국공유지조회·연속지적도","source_date":"2026-08-11","installed_solar_match":false}},{"type":"Feature","id":"4163031026106780008","geometry":{"type":"Point","coordinates":[126.998754,37.8407198]},"properties":{"pnu":"4163031026106780008","municipality_code":"41630","municipality":"양주시","district":"양주시","locality":"은현면 도하리","address":"양주시 은현면 도하리 678-8","owner_type":"시·군유지","owner_label":"양주시","manager":"","property_class":"","land_category":"대","area_sqm":731.0,"area_band":"500~1,000㎡","interest_category":"대","solar_candidate":"검토필요","candidate_reason":"청사·공공건축물·주차장 현황 추가 확인 필요; 면적 731㎡","priority_score":45,"source":"경기부동산포털 국공유지조회·연속지적도","source_date":"2026-08-11","installed_solar_match":false}},{"type":"Feature","id":"4163034024103850007","geometry":{"type":"Point","coordinates":[126.9492626,37.7327987]},"properties":{"pnu":"4163034024103850007","municipality_code":"41630","municipality":"양주시","district":"양주시","locality":"장흥면 석현리","address":"양주시 장흥면 석현리 385-7","owner_type":"시·군유지","owner_label":"양주시","manager":"","property_class":"","land_category":"대","area_sqm":724.0,"area_band":"500~1,000㎡","interest_category":"대","solar_candidate":"검토필요","candidate_reason":"청사·공공건축물·주차장 현황 추가 확인 필요; 면적 724㎡","priority_score":45,"source":"경기부동산포털 국공유지조회·연속지적도","source_date":"2026-08-11","installed_solar_match":false}},{"type":"Feature","id":"4163031026106320005","geometry":{"type":"Point","coordinates":[126.9969787,37.8448039]},"properties":{"pnu":"4163031026106320005","municipality_code":"41630","municipality":"양주시","district":"양주시","locality":"은현면 도하리","address":"양주시 은현면 도하리 632-5","owner_type":"시·군유지","owner_label":"양주시","manager":"","property_class":"","land_category":"대","area_sqm":722.0,"area_band":"500~1,000㎡","interest_category":"대","solar_candidate":"검토필요","candidate_reason":"청사·공공건축물·주차장 현황 추가 확인 필요; 면적 722㎡","priority_score":45,"source":"경기부동산포털 국공유지조회·연속지적도","source_date":"2026-08-11","installed_solar_match":false}},{"type":"Feature","id":"4163031022104740003","geometry":{"type":"Point","coordinates":[127.0223363,37.8748852]},"properties":{"pnu":"4163031022104740003","municipality_code":"41630","municipality":"양주시","district":"양주시","locality":"은현면 선암리","address":"양주시 은현면 선암리 474-3","owner_type":"시·군유지","owner_label":"양주시","manager":"","property_class":"","land_category":"대","area_sqm":715.0,"area_band":"500~1,000㎡","interest_category":"대","solar_candidate":"검토필요","candidate_reason":"청사·공공건축물·주차장 현황 추가 확인 필요; 면적 715㎡","priority_score":45,"source":"경기부동산포털 국공유지조회·연속지적도","source_date":"2026-08-11","installed_solar_match":false}},{"type":"Feature","id":"4163034024103750001","geometry":{"type":"Point","coordinates":[126.952481,37.7349332]},"properties":{"pnu":"4163034024103750001","municipality_code":"41630","municipality":"양주시","district":"양주시","locality":"장흥면 석현리","address":"양주시 장흥면 석현리 375-1","owner_type":"시·군유지","owner_label":"양주시","manager":"","property_class":"","land_category":"대","area_sqm":710.0,"area_band":"500~1,000㎡","interest_category":"대","solar_candidate":"검토필요","candidate_reason":"청사·공공건축물·주차장 현황 추가 확인 필요; 면적 710㎡","priority_score":45,"source":"경기부동산포털 국공유지조회·연속지적도","source_date":"2026-08-11","installed_solar_match":false}},{"type":"Feature","id":"4163034025101220023","geometry":{"type":"Point","coordinates":[126.9431114,37.7191534]},"properties":{"pnu":"4163034025101220023","municipality_code":"41630","municipality":"양주시","district":"양주시","locality":"장흥면 일영리","address":"양주시 장흥면 일영리 122-23","owner_type":"시·군유지","owner_label":"양주시","manager":"","property_class":"","land_category":"대","area_sqm":706.0,"area_band":"500~1,000㎡","interest_category":"대","solar_candidate":"검토필요","candidate_reason":"청사·공공건축물·주차장 현황 추가 확인 필요; 면적 706㎡","priority_score":45,"source":"경기부동산포털 국공유지조회·연속지적도","source_date":"2026-08-11","installed_solar_match":false}},{"type":"Feature","id":"4163034024103760001","geometry":{"type":"Point","coordinates":[126.9527571,37.7349293]},"properties":{"pnu":"4163034024103760001","municipality_code":"41630","municipality":"양주시","district":"양주시","locality":"장흥면 석현리","address":"양주시 장흥면 석현리 376-1","owner_type":"시·군유지","owner_label":"양주시","manager":"","property_class":"","land_category":"대","area_sqm":697.0,"area_band":"500~1,000㎡","interest_category":"대","solar_candidate":"검토필요","candidate_reason":"청사·공공건축물·주차장 현황 추가 확인 필요; 면적 697㎡","priority_score":45,"source":"경기부동산포털 국공유지조회·연속지적도","source_date":"2026-08-11","installed_solar_match":false}},{"type":"Feature","id":"4163033026102550009","geometry":{"type":"Point","coordinates":[126.9779806,37.8447996]},"properties":{"pnu":"4163033026102550009","municipality_code":"41630","municipality":"양주시","district":"양주시","locality":"광적면 덕도리","address":"양주시 광적면 덕도리 255-9","owner_type":"시·군유지","owner_label":"양주시","manager":"","property_class":"","land_category":"대","area_sqm":691.0,"area_band":"500~1,000㎡","interest_category":"대","solar_candidate":"검토필요","candidate_reason":"청사·공공건축물·주차장 현황 추가 확인 필요; 면적 691㎡","priority_score":45,"source":"경기부동산포털 국공유지조회·연속지적도","source_date":"2026-08-11","installed_solar_match":false}},{"type":"Feature","id":"4163034024100730014","geometry":{"type":"Point","coordinates":[126.9622937,37.7474059]},"properties":{"pnu":"4163034024100730014","municipality_code":"41630","municipality":"양주시","district":"양주시","locality":"장흥면 석현리","address":"양주시 장흥면 석현리 73-14","owner_type":"시·군유지","owner_label":"양주시","manager":"","property_class":"","land_category":"대","area_sqm":684.0,"area_band":"500~1,000㎡","interest_category":"대","solar_candidate":"검토필요","candidate_reason":"청사·공공건축물·주차장 현황 추가 확인 필요; 면적 684㎡","priority_score":45,"source":"경기부동산포털 국공유지조회·연속지적도","source_date":"2026-08-11","installed_solar_match":false}},{"type":"Feature","id":"4163031024101870019","geometry":{"type":"Point","coordinates":[127.0081524,37.9080298]},"properties":{"pnu":"4163031024101870019","municipality_code":"41630","municipality":"양주시","district":"양주시","locality":"은현면 봉암리","address":"양주시 은현면 봉암리 187-19","owner_type":"시·군유지","owner_label":"양주시","manager":"","property_class":"","land_category":"대","area_sqm":679.0,"area_band":"500~1,000㎡","interest_category":"대","solar_candidate":"검토필요","candidate_reason":"청사·공공건축물·주차장 현황 추가 확인 필요; 면적 679㎡","priority_score":45,"source":"경기부동산포털 국공유지조회·연속지적도","source_date":"2026-08-11","installed_solar_match":false}},{"type":"Feature","id":"4163034022100970000","geometry":{"type":"Point","coordinates":[126.9949257,37.7308333]},"properties":{"pnu":"4163034022100970000","municipality_code":"41630","municipality":"양주시","district":"양주시","locality":"장흥면 울대리","address":"양주시 장흥면 울대리 97","owner_type":"시·군유지","owner_label":"양주시","manager":"","property_class":"","land_category":"대","area_sqm":664.0,"area_band":"500~1,000㎡","interest_category":"대","solar_candidate":"검토필요","candidate_reason":"청사·공공건축물·주차장 현황 추가 확인 필요; 면적 664㎡","priority_score":45,"source":"경기부동산포털 국공유지조회·연속지적도","source_date":"2026-08-11","installed_solar_match":false}},{"type":"Feature","id":"4163010700103970000","geometry":{"type":"Point","coordinates":[127.0901408,37.7877887]},"properties":{"pnu":"4163010700103970000","municipality_code":"41630","municipality":"양주시","district":"양주시","locality":"만송동","address":"양주시 만송동 397","owner_type":"시·군유지","owner_label":"양주시","manager":"","property_class":"","land_category":"대","area_sqm":661.0,"area_band":"500~1,000㎡","interest_category":"대","solar_candidate":"검토필요","candidate_reason":"청사·공공건축물·주차장 현황 추가 확인 필요; 면적 661㎡","priority_score":45,"source":"경기부동산포털 국공유지조회·연속지적도","source_date":"2026-08-11","installed_solar_match":false}},{"type":"Feature","id":"4163010100105930000","geometry":{"type":"Point","coordinates":[127.0194906,37.7890294]},"properties":{"pnu":"4163010100105930000","municipality_code":"41630","municipality":"양주시","district":"양주시","locality":"유양동","address":"양주시 유양동 593","owner_type":"시·군유지","owner_label":"양주시","manager":"","property_class":"","land_category":"대","area_sqm":660.0,"area_band":"500~1,000㎡","interest_category":"대","solar_candidate":"검토필요","candidate_reason":"청사·공공건축물·주차장 현황 추가 확인 필요; 면적 660㎡","priority_score":45,"source":"경기부동산포털 국공유지조회·연속지적도","source_date":"2026-08-11","installed_solar_match":false}},{"type":"Feature","id":"4163031026106590000","geometry":{"type":"Point","coordinates":[126.9976434,37.8436581]},"properties":{"pnu":"4163031026106590000","municipality_code":"41630","municipality":"양주시","district":"양주시","locality":"은현면 도하리","address":"양주시 은현면 도하리 659","owner_type":"시·군유지","owner_label":"양주시","manager":"","property_class":"","land_category":"대","area_sqm":644.0,"area_band":"500~1,000㎡","interest_category":"대","solar_candidate":"검토필요","candidate_reason":"청사·공공건축물·주차장 현황 추가 확인 필요; 면적 644㎡","priority_score":45,"source":"경기부동산포털 국공유지조회·연속지적도","source_date":"2026-08-11","installed_solar_match":false}},{"type":"Feature","id":"4163010800103740009","geometry":{"type":"Point","coordinates":[127.0988233,37.8044223]},"properties":{"pnu":"4163010800103740009","municipality_code":"41630","municipality":"양주시","district":"양주시","locality":"삼숭동","address":"양주시 삼숭동 374-9","owner_type":"시·군유지","owner_label":"양주시","manager":"","property_class":"","land_category":"대","area_sqm":637.0,"area_band":"500~1,000㎡","interest_category":"대","solar_candidate":"검토필요","candidate_reason":"청사·공공건축물·주차장 현황 추가 확인 필요; 면적 637㎡","priority_score":45,"source":"경기부동산포털 국공유지조회·연속지적도","source_date":"2026-08-11","installed_solar_match":false}},{"type":"Feature","id":"4163010700102070001","geometry":{"type":"Point","coordinates":[127.0959606,37.7967697]},"properties":{"pnu":"4163010700102070001","municipality_code":"41630","municipality":"양주시","district":"양주시","locality":"만송동","address":"양주시 만송동 207-1","owner_type":"시·군유지","owner_label":"양주시","manager":"","property_class":"","land_category":"대","area_sqm":633.0,"area_band":"500~1,000㎡","interest_category":"대","solar_candidate":"검토필요","candidate_reason":"청사·공공건축물·주차장 현황 추가 확인 필요; 면적 633㎡","priority_score":45,"source":"경기부동산포털 국공유지조회·연속지적도","source_date":"2026-08-11","installed_solar_match":false}},{"type":"Feature","id":"4163010700105920020","geometry":{"type":"Point","coordinates":[127.0822984,37.7823041]},"properties":{"pnu":"4163010700105920020","municipality_code":"41630","municipality":"양주시","district":"양주시","locality":"만송동","address":"양주시 만송동 592-20","owner_type":"시·군유지","owner_label":"양주시","manager":"","property_class":"","land_category":"대","area_sqm":623.0,"area_band":"500~1,000㎡","interest_category":"대","solar_candidate":"검토필요","candidate_reason":"청사·공공건축물·주차장 현황 추가 확인 필요; 면적 623㎡","priority_score":45,"source":"경기부동산포털 국공유지조회·연속지적도","source_date":"2026-08-11","installed_solar_match":false}},{"type":"Feature","id":"4163032023102530001","geometry":{"type":"Point","coordinates":[126.9578245,37.8917122]},"properties":{"pnu":"4163032023102530001","municipality_code":"41630","municipality":"양주시","district":"양주시","locality":"남면 매곡리","address":"양주시 남면 매곡리 253-1","owner_type":"시·군유지","owner_label":"양주시","manager":"","property_class":"","land_category":"대","area_sqm":619.0,"area_band":"500~1,000㎡","interest_category":"대","solar_candidate":"검토필요","candidate_reason":"청사·공공건축물·주차장 현황 추가 확인 필요; 면적 619㎡","priority_score":45,"source":"경기부동산포털 국공유지조회·연속지적도","source_date":"2026-08-11","installed_solar_match":false}},{"type":"Feature","id":"4163031021107250010","geometry":{"type":"Point","coordinates":[127.0356483,37.8522545]},"properties":{"pnu":"4163031021107250010","municipality_code":"41630","municipality":"양주시","district":"양주시","locality":"은현면 용암리","address":"양주시 은현면 용암리 725-10","owner_type":"시·군유지","owner_label":"양주시","manager":"","property_class":"","land_category":"대","area_sqm":611.0,"area_band":"500~1,000㎡","interest_category":"대","solar_candidate":"검토필요","candidate_reason":"청사·공공건축물·주차장 현황 추가 확인 필요; 면적 611㎡","priority_score":45,"source":"경기부동산포털 국공유지조회·연속지적도","source_date":"2026-08-11","installed_solar_match":false}},{"type":"Feature","id":"4163034025105360004","geometry":{"type":"Point","coordinates":[126.932941,37.7105871]},"properties":{"pnu":"4163034025105360004","municipality_code":"41630","municipality":"양주시","district":"양주시","locality":"장흥면 일영리","address":"양주시 장흥면 일영리 536-4","owner_type":"시·군유지","owner_label":"양주시","manager":"","property_class":"","land_category":"대","area_sqm":603.0,"area_band":"500~1,000㎡","interest_category":"대","solar_candidate":"검토필요","candidate_reason":"청사·공공건축물·주차장 현황 추가 확인 필요; 면적 603㎡","priority_score":45,"source":"경기부동산포털 국공유지조회·연속지적도","source_date":"2026-08-11","installed_solar_match":false}},{"type":"Feature","id":"4163032024101810001","geometry":{"type":"Point","coordinates":[126.9697855,37.8871951]},"properties":{"pnu":"4163032024101810001","municipality_code":"41630","municipality":"양주시","district":"양주시","locality":"남면 구암리","address":"양주시 남면 구암리 181-1","owner_type":"시·군유지","owner_label":"양주시","manager":"","property_class":"","land_category":"대","area_sqm":602.0,"area_band":"500~1,000㎡","interest_category":"대","solar_candidate":"검토필요","candidate_reason":"청사·공공건축물·주차장 현황 추가 확인 필요; 면적 602㎡","priority_score":45,"source":"경기부동산포털 국공유지조회·연속지적도","source_date":"2026-08-11","installed_solar_match":false}},{"type":"Feature","id":"4163031023103960037","geometry":{"type":"Point","coordinates":[127.0094032,37.882333]},"properties":{"pnu":"4163031023103960037","municipality_code":"41630","municipality":"양주시","district":"양주시","locality":"은현면 운암리","address":"양주시 은현면 운암리 396-37","owner_type":"시·군유지","owner_label":"양주시","manager":"","property_class":"","land_category":"대","area_sqm":596.0,"area_band":"500~1,000㎡","interest_category":"대","solar_candidate":"검토필요","candidate_reason":"청사·공공건축물·주차장 현황 추가 확인 필요; 면적 596㎡","priority_score":45,"source":"경기부동산포털 국공유지조회·연속지적도","source_date":"2026-08-11","installed_solar_match":false}},{"type":"Feature","id":"4163031026102310000","geometry":{"type":"Point","coordinates":[127.0097571,37.8457339]},"properties":{"pnu":"4163031026102310000","municipality_code":"41630","municipality":"양주시","district":"양주시","locality":"은현면 도하리","address":"양주시 은현면 도하리 231","owner_type":"시·군유지","owner_label":"양주시","manager":"","property_class":"","land_category":"대","area_sqm":595.0,"area_band":"500~1,000㎡","interest_category":"대","solar_candidate":"검토필요","candidate_reason":"청사·공공건축물·주차장 현황 추가 확인 필요; 면적 595㎡","priority_score":45,"source":"경기부동산포털 국공유지조회·연속지적도","source_date":"2026-08-11","installed_solar_match":false}},{"type":"Feature","id":"4163011200104100012","geometry":{"type":"Point","coordinates":[127.0894351,37.8421687]},"properties":{"pnu":"4163011200104100012","municipality_code":"41630","municipality":"양주시","district":"양주시","locality":"회암동","address":"양주시 회암동 410-12","owner_type":"시·군유지","owner_label":"양주시","manager":"","property_class":"","land_category":"대","area_sqm":590.0,"area_band":"500~1,000㎡","interest_category":"대","solar_candidate":"검토필요","candidate_reason":"청사·공공건축물·주차장 현황 추가 확인 필요; 면적 590㎡","priority_score":45,"source":"경기부동산포털 국공유지조회·연속지적도","source_date":"2026-08-11","installed_solar_match":false}},{"type":"Feature","id":"4163025025105460005","geometry":{"type":"Point","coordinates":[126.9541929,37.8012921]},"properties":{"pnu":"4163025025105460005","municipality_code":"41630","municipality":"양주시","district":"양주시","locality":"백석읍 홍죽리","address":"양주시 백석읍 홍죽리 546-5","owner_type":"시·군유지","owner_label":"양주시","manager":"","property_class":"","land_category":"대","area_sqm":579.0,"area_band":"500~1,000㎡","interest_category":"대","solar_candidate":"검토필요","candidate_reason":"청사·공공건축물·주차장 현황 추가 확인 필요; 면적 579㎡","priority_score":45,"source":"경기부동산포털 국공유지조회·연속지적도","source_date":"2026-08-11","installed_solar_match":false}},{"type":"Feature","id":"4163032021102790009","geometry":{"type":"Point","coordinates":[126.9753043,37.8970483]},"properties":{"pnu":"4163032021102790009","municipality_code":"41630","municipality":"양주시","district":"양주시","locality":"남면 신산리","address":"양주시 남면 신산리 279-9","owner_type":"시·군유지","owner_label":"양주시","manager":"","property_class":"","land_category":"대","area_sqm":572.0,"area_band":"500~1,000㎡","interest_category":"대","solar_candidate":"검토필요","candidate_reason":"청사·공공건축물·주차장 현황 추가 확인 필요; 면적 572㎡","priority_score":45,"source":"경기부동산포털 국공유지조회·연속지적도","source_date":"2026-08-11","installed_solar_match":false}},{"type":"Feature","id":"4163011600106210006","geometry":{"type":"Point","coordinates":[127.0460309,37.8227236]},"properties":{"pnu":"4163011600106210006","municipality_code":"41630","municipality":"양주시","district":"양주시","locality":"덕계동","address":"양주시 덕계동 621-6","owner_type":"시·군유지","owner_label":"양주시","manager":"","property_class":"","land_category":"대","area_sqm":565.0,"area_band":"500~1,000㎡","interest_category":"대","solar_candidate":"검토필요","candidate_reason":"청사·공공건축물·주차장 현황 추가 확인 필요; 면적 565㎡","priority_score":45,"source":"경기부동산포털 국공유지조회·연속지적도","source_date":"2026-08-11","installed_solar_match":false}},{"type":"Feature","id":"4163025025102290012","geometry":{"type":"Point","coordinates":[126.9650876,37.7931725]},"properties":{"pnu":"4163025025102290012","municipality_code":"41630","municipality":"양주시","district":"양주시","locality":"백석읍 홍죽리","address":"양주시 백석읍 홍죽리 229-12","owner_type":"시·군유지","owner_label":"양주시","manager":"","property_class":"","land_category":"대","area_sqm":563.0,"area_band":"500~1,000㎡","interest_category":"대","solar_candidate":"검토필요","candidate_reason":"청사·공공건축물·주차장 현황 추가 확인 필요; 면적 563㎡","priority_score":45,"source":"경기부동산포털 국공유지조회·연속지적도","source_date":"2026-08-11","installed_solar_match":false}},{"type":"Feature","id":"4163011100103650011","geometry":{"type":"Point","coordinates":[127.0766771,37.8542886]},"properties":{"pnu":"4163011100103650011","municipality_code":"41630","municipality":"양주시","district":"양주시","locality":"봉양동","address":"양주시 봉양동 365-11","owner_type":"시·군유지","owner_label":"양주시","manager":"","property_class":"","land_category":"대","area_sqm":560.0,"area_band":"500~1,000㎡","interest_category":"대","solar_candidate":"검토필요","candidate_reason":"청사·공공건축물·주차장 현황 추가 확인 필요; 면적 560㎡","priority_score":45,"source":"경기부동산포털 국공유지조회·연속지적도","source_date":"2026-08-11","installed_solar_match":false}},{"type":"Feature","id":"4163031024101840077","geometry":{"type":"Point","coordinates":[127.0074805,37.9081623]},"properties":{"pnu":"4163031024101840077","municipality_code":"41630","municipality":"양주시","district":"양주시","locality":"은현면 봉암리","address":"양주시 은현면 봉암리 184-77","owner_type":"시·군유지","owner_label":"양주시","manager":"","property_class":"","land_category":"대","area_sqm":552.0,"area_band":"500~1,000㎡","interest_category":"대","solar_candidate":"검토필요","candidate_reason":"청사·공공건축물·주차장 현황 추가 확인 필요; 면적 552㎡","priority_score":45,"source":"경기부동산포털 국공유지조회·연속지적도","source_date":"2026-08-11","installed_solar_match":false}},{"type":"Feature","id":"4163025021102530015","geometry":{"type":"Point","coordinates":[126.9983489,37.7989391]},"properties":{"pnu":"4163025021102530015","municipality_code":"41630","municipality":"양주시","district":"양주시","locality":"백석읍 방성리","address":"양주시 백석읍 방성리 253-15","owner_type":"시·군유지","owner_label":"양주시","manager":"","property_class":"","land_category":"대","area_sqm":546.0,"area_band":"500~1,000㎡","interest_category":"대","solar_candidate":"검토필요","candidate_reason":"청사·공공건축물·주차장 현황 추가 확인 필요; 면적 546㎡","priority_score":45,"source":"경기부동산포털 국공유지조회·연속지적도","source_date":"2026-08-11","installed_solar_match":false}},{"type":"Feature","id":"4163031024101870002","geometry":{"type":"Point","coordinates":[127.0080468,37.9081923]},"properties":{"pnu":"4163031024101870002","municipality_code":"41630","municipality":"양주시","district":"양주시","locality":"은현면 봉암리","address":"양주시 은현면 봉암리 187-2","owner_type":"시·군유지","owner_label":"양주시","manager":"","property_class":"","land_category":"대","area_sqm":544.0,"area_band":"500~1,000㎡","interest_category":"대","solar_candidate":"검토필요","candidate_reason":"청사·공공건축물·주차장 현황 추가 확인 필요; 면적 544㎡","priority_score":45,"source":"경기부동산포털 국공유지조회·연속지적도","source_date":"2026-08-11","installed_solar_match":false}},{"type":"Feature","id":"4163031026104340000","geometry":{"type":"Point","coordinates":[127.0017137,37.8471221]},"properties":{"pnu":"4163031026104340000","municipality_code":"41630","municipality":"양주시","district":"양주시","locality":"은현면 도하리","address":"양주시 은현면 도하리 434","owner_type":"시·군유지","owner_label":"양주시","manager":"","property_class":"","land_category":"대","area_sqm":542.0,"area_band":"500~1,000㎡","interest_category":"대","solar_candidate":"검토필요","candidate_reason":"청사·공공건축물·주차장 현황 추가 확인 필요; 면적 542㎡","priority_score":45,"source":"경기부동산포털 국공유지조회·연속지적도","source_date":"2026-08-11","installed_solar_match":false}},{"type":"Feature","id":"4163025021104300015","geometry":{"type":"Point","coordinates":[127.0053604,37.8001118]},"properties":{"pnu":"4163025021104300015","municipality_code":"41630","municipality":"양주시","district":"양주시","locality":"백석읍 방성리","address":"양주시 백석읍 방성리 430-15","owner_type":"시·군유지","owner_label":"양주시","manager":"","property_class":"","land_category":"대","area_sqm":536.5,"area_band":"500~1,000㎡","interest_category":"대","solar_candidate":"검토필요","candidate_reason":"청사·공공건축물·주차장 현황 추가 확인 필요; 면적 536㎡","priority_score":45,"source":"경기부동산포털 국공유지조회·연속지적도","source_date":"2026-08-11","installed_solar_match":false}},{"type":"Feature","id":"4163011000103500297","geometry":{"type":"Point","coordinates":[127.0629001,37.8432116]},"properties":{"pnu":"4163011000103500297","municipality_code":"41630","municipality":"양주시","district":"양주시","locality":"덕정동","address":"양주시 덕정동 350-297","owner_type":"시·군유지","owner_label":"양주시","manager":"","property_class":"","land_category":"대","area_sqm":530.0,"area_band":"500~1,000㎡","interest_category":"대","solar_candidate":"검토필요","candidate_reason":"청사·공공건축물·주차장 현황 추가 확인 필요; 면적 530㎡","priority_score":45,"source":"경기부동산포털 국공유지조회·연속지적도","source_date":"2026-08-11","installed_solar_match":false}},{"type":"Feature","id":"4163010700103930005","geometry":{"type":"Point","coordinates":[127.0905313,37.7883143]},"properties":{"pnu":"4163010700103930005","municipality_code":"41630","municipality":"양주시","district":"양주시","locality":"만송동","address":"양주시 만송동 393-5","owner_type":"시·군유지","owner_label":"양주시","manager":"","property_class":"","land_category":"대","area_sqm":529.0,"area_band":"500~1,000㎡","interest_category":"대","solar_candidate":"검토필요","candidate_reason":"청사·공공건축물·주차장 현황 추가 확인 필요; 면적 529㎡","priority_score":45,"source":"경기부동산포털 국공유지조회·연속지적도","source_date":"2026-08-11","installed_solar_match":false}},{"type":"Feature","id":"4163010700103670004","geometry":{"type":"Point","coordinates":[127.0898329,37.7902577]},"properties":{"pnu":"4163010700103670004","municipality_code":"41630","municipality":"양주시","district":"양주시","locality":"만송동","address":"양주시 만송동 367-4","owner_type":"시·군유지","owner_label":"양주시","manager":"","property_class":"","land_category":"대","area_sqm":525.0,"area_band":"500~1,000㎡","interest_category":"대","solar_candidate":"검토필요","candidate_reason":"청사·공공건축물·주차장 현황 추가 확인 필요; 면적 525㎡","priority_score":45,"source":"경기부동산포털 국공유지조회·연속지적도","source_date":"2026-08-11","installed_solar_match":false}},{"type":"Feature","id":"4163031023104580018","geometry":{"type":"Point","coordinates":[127.0065839,37.8701587]},"properties":{"pnu":"4163031023104580018","municipality_code":"41630","municipality":"양주시","district":"양주시","locality":"은현면 운암리","address":"양주시 은현면 운암리 458-18","owner_type":"시·군유지","owner_label":"양주시","manager":"","property_class":"","land_category":"대","area_sqm":523.0,"area_band":"500~1,000㎡","interest_category":"대","solar_candidate":"검토필요","candidate_reason":"청사·공공건축물·주차장 현황 추가 확인 필요; 면적 523㎡","priority_score":45,"source":"경기부동산포털 국공유지조회·연속지적도","source_date":"2026-08-11","installed_solar_match":false}},{"type":"Feature","id":"4163032021102850328","geometry":{"type":"Point","coordinates":[126.9752489,37.8953691]},"properties":{"pnu":"4163032021102850328","municipality_code":"41630","municipality":"양주시","district":"양주시","locality":"남면 신산리","address":"양주시 남면 신산리 285-328","owner_type":"시·군유지","owner_label":"양주시","manager":"","property_class":"","land_category":"대","area_sqm":523.0,"area_band":"500~1,000㎡","interest_category":"대","solar_candidate":"검토필요","candidate_reason":"청사·공공건축물·주차장 현황 추가 확인 필요; 면적 523㎡","priority_score":45,"source":"경기부동산포털 국공유지조회·연속지적도","source_date":"2026-08-11","installed_solar_match":false}},{"type":"Feature","id":"4163025022105180003","geometry":{"type":"Point","coordinates":[126.9873942,37.7958204]},"properties":{"pnu":"4163025022105180003","municipality_code":"41630","municipality":"양주시","district":"양주시","locality":"백석읍 오산리","address":"양주시 백석읍 오산리 518-3","owner_type":"시·군유지","owner_label":"양주시","manager":"","property_class":"","land_category":"대","area_sqm":520.0,"area_band":"500~1,000㎡","interest_category":"대","solar_candidate":"검토필요","candidate_reason":"청사·공공건축물·주차장 현황 추가 확인 필요; 면적 520㎡","priority_score":45,"source":"경기부동산포털 국공유지조회·연속지적도","source_date":"2026-08-11","installed_solar_match":false}},{"type":"Feature","id":"4163034025103680003","geometry":{"type":"Point","coordinates":[126.9358062,37.7157111]},"properties":{"pnu":"4163034025103680003","municipality_code":"41630","municipality":"양주시","district":"양주시","locality":"장흥면 일영리","address":"양주시 장흥면 일영리 368-3","owner_type":"시·군유지","owner_label":"양주시","manager":"","property_class":"","land_category":"대","area_sqm":519.0,"area_band":"500~1,000㎡","interest_category":"대","solar_candidate":"검토필요","candidate_reason":"청사·공공건축물·주차장 현황 추가 확인 필요; 면적 519㎡","priority_score":45,"source":"경기부동산포털 국공유지조회·연속지적도","source_date":"2026-08-11","installed_solar_match":false}},{"type":"Feature","id":"4163032029100670002","geometry":{"type":"Point","coordinates":[127.0041171,37.8990127]},"properties":{"pnu":"4163032029100670002","municipality_code":"41630","municipality":"양주시","district":"양주시","locality":"남면 한산리","address":"양주시 남면 한산리 67-2","owner_type":"시·군유지","owner_label":"양주시","manager":"","property_class":"","land_category":"대","area_sqm":508.0,"area_band":"500~1,000㎡","interest_category":"대","solar_candidate":"검토필요","candidate_reason":"청사·공공건축물·주차장 현황 추가 확인 필요; 면적 508㎡","priority_score":45,"source":"경기부동산포털 국공유지조회·연속지적도","source_date":"2026-08-11","installed_solar_match":false}},{"type":"Feature","id":"4163031026104250004","geometry":{"type":"Point","coordinates":[127.0020453,37.8454052]},"properties":{"pnu":"4163031026104250004","municipality_code":"41630","municipality":"양주시","district":"양주시","locality":"은현면 도하리","address":"양주시 은현면 도하리 425-4","owner_type":"시·군유지","owner_label":"양주시","manager":"","property_class":"","land_category":"대","area_sqm":506.0,"area_band":"500~1,000㎡","interest_category":"대","solar_candidate":"검토필요","candidate_reason":"청사·공공건축물·주차장 현황 추가 확인 필요; 면적 506㎡","priority_score":45,"source":"경기부동산포털 국공유지조회·연속지적도","source_date":"2026-08-11","installed_solar_match":false}},{"type":"Feature","id":"4163025022105580025","geometry":{"type":"Point","coordinates":[126.9859224,37.7937557]},"properties":{"pnu":"4163025022105580025","municipality_code":"41630","municipality":"양주시","district":"양주시","locality":"백석읍 오산리","address":"양주시 백석읍 오산리 558-25","owner_type":"시·군유지","owner_label":"양주시","manager":"","property_class":"","land_category":"대","area_sqm":505.0,"area_band":"500~1,000㎡","interest_category":"대","solar_candidate":"검토필요","candidate_reason":"청사·공공건축물·주차장 현황 추가 확인 필요; 면적 505㎡","priority_score":45,"source":"경기부동산포털 국공유지조회·연속지적도","source_date":"2026-08-11","installed_solar_match":false}},{"type":"Feature","id":"4163025023101310006","geometry":{"type":"Point","coordinates":[126.9925032,37.7868566]},"properties":{"pnu":"4163025023101310006","municipality_code":"41630","municipality":"양주시","district":"양주시","locality":"백석읍 복지리","address":"양주시 백석읍 복지리 131-6","owner_type":"시·군유지","owner_label":"양주시","manager":"","property_class":"","land_category":"대","area_sqm":505.0,"area_band":"500~1,000㎡","interest_category":"대","solar_candidate":"검토필요","candidate_reason":"청사·공공건축물·주차장 현황 추가 확인 필요; 면적 505㎡","priority_score":45,"source":"경기부동산포털 국공유지조회·연속지적도","source_date":"2026-08-11","installed_solar_match":false}},{"type":"Feature","id":"4163031026107010000","geometry":{"type":"Point","coordinates":[126.9950741,37.8441856]},"properties":{"pnu":"4163031026107010000","municipality_code":"41630","municipality":"양주시","district":"양주시","locality":"은현면 도하리","address":"양주시 은현면 도하리 701","owner_type":"시·군유지","owner_label":"양주시","manager":"","property_class":"","land_category":"대","area_sqm":500.0,"area_band":"500~1,000㎡","interest_category":"대","solar_candidate":"검토필요","candidate_reason":"청사·공공건축물·주차장 현황 추가 확인 필요; 면적 500㎡","priority_score":45,"source":"경기부동산포털 국공유지조회·연속지적도","source_date":"2026-08-11","installed_solar_match":false}},{"type":"Feature","id":"4163011100103690003","geometry":{"type":"Point","coordinates":[127.0774271,37.8552085]},"properties":{"pnu":"4163011100103690003","municipality_code":"41630","municipality":"양주시","district":"양주시","locality":"봉양동","address":"양주시 봉양동 369-3","owner_type":"시·군유지","owner_label":"양주시","manager":"","property_class":"","land_category":"공장용지","area_sqm":956.0,"area_band":"500~1,000㎡","interest_category":"공장용지","solar_candidate":"검토필요","candidate_reason":"지목·면적 기준 1차 검토 대상; 면적 956㎡","priority_score":42,"source":"경기부동산포털 국공유지조회·연속지적도","source_date":"2026-08-11","installed_solar_match":false}},{"type":"Feature","id":"4163025021106550007","geometry":{"type":"Point","coordinates":[126.9997348,37.7898662]},"properties":{"pnu":"4163025021106550007","municipality_code":"41630","municipality":"양주시","district":"양주시","locality":"백석읍 방성리","address":"양주시 백석읍 방성리 655-7","owner_type":"시·군유지","owner_label":"양주시","manager":"","property_class":"","land_category":"공장용지","area_sqm":922.0,"area_band":"500~1,000㎡","interest_category":"공장용지","solar_candidate":"검토필요","candidate_reason":"지목·면적 기준 1차 검토 대상; 면적 922㎡","priority_score":42,"source":"경기부동산포털 국공유지조회·연속지적도","source_date":"2026-08-11","installed_solar_match":false}},{"type":"Feature","id":"4163011100104050012","geometry":{"type":"Point","coordinates":[127.0779134,37.8556912]},"properties":{"pnu":"4163011100104050012","municipality_code":"41630","municipality":"양주시","district":"양주시","locality":"봉양동","address":"양주시 봉양동 405-12","owner_type":"시·군유지","owner_label":"양주시","manager":"","property_class":"","land_category":"공장용지","area_sqm":913.0,"area_band":"500~1,000㎡","interest_category":"공장용지","solar_candidate":"검토필요","candidate_reason":"지목·면적 기준 1차 검토 대상; 면적 913㎡","priority_score":42,"source":"경기부동산포털 국공유지조회·연속지적도","source_date":"2026-08-11","installed_solar_match":false}},{"type":"Feature","id":"4163031022104840007","geometry":{"type":"Point","coordinates":[127.0211967,37.8734657]},"properties":{"pnu":"4163031022104840007","municipality_code":"41630","municipality":"양주시","district":"양주시","locality":"은현면 선암리","address":"양주시 은현면 선암리 484-7","owner_type":"시·군유지","owner_label":"양주시","manager":"","property_class":"","land_category":"공장용지","area_sqm":910.0,"area_band":"500~1,000㎡","interest_category":"공장용지","solar_candidate":"검토필요","candidate_reason":"지목·면적 기준 1차 검토 대상; 면적 910㎡","priority_score":42,"source":"경기부동산포털 국공유지조회·연속지적도","source_date":"2026-08-11","installed_solar_match":false}},{"type":"Feature","id":"4163011000101220006","geometry":{"type":"Point","coordinates":[127.0644251,37.8449324]},"properties":{"pnu":"4163011000101220006","municipality_code":"41630","municipality":"양주시","district":"양주시","locality":"덕정동","address":"양주시 덕정동 122-6","owner_type":"시·군유지","owner_label":"양주시","manager":"","property_class":"","land_category":"공장용지","area_sqm":906.0,"area_band":"500~1,000㎡","interest_category":"공장용지","solar_candidate":"검토필요","candidate_reason":"지목·면적 기준 1차 검토 대상; 면적 906㎡","priority_score":42,"source":"경기부동산포털 국공유지조회·연속지적도","source_date":"2026-08-11","installed_solar_match":false}},{"type":"Feature","id":"4163010700101020008","geometry":{"type":"Point","coordinates":[127.0914232,37.7891721]},"properties":{"pnu":"4163010700101020008","municipality_code":"41630","municipality":"양주시","district":"양주시","locality":"만송동","address":"양주시 만송동 102-8","owner_type":"시·군유지","owner_label":"양주시","manager":"","property_class":"","land_category":"공장용지","area_sqm":860.0,"area_band":"500~1,000㎡","interest_category":"공장용지","solar_candidate":"검토필요","candidate_reason":"지목·면적 기준 1차 검토 대상; 면적 860㎡","priority_score":42,"source":"경기부동산포털 국공유지조회·연속지적도","source_date":"2026-08-11","installed_solar_match":false}},{"type":"Feature","id":"4163031026102880003","geometry":{"type":"Point","coordinates":[127.0163059,37.8446317]},"properties":{"pnu":"4163031026102880003","municipality_code":"41630","municipality":"양주시","district":"양주시","locality":"은현면 도하리","address":"양주시 은현면 도하리 288-3","owner_type":"시·군유지","owner_label":"양주시","manager":"","property_class":"","land_category":"공장용지","area_sqm":810.0,"area_band":"500~1,000㎡","interest_category":"공장용지","solar_candidate":"검토필요","candidate_reason":"지목·면적 기준 1차 검토 대상; 면적 810㎡","priority_score":42,"source":"경기부동산포털 국공유지조회·연속지적도","source_date":"2026-08-11","installed_solar_match":false}},{"type":"Feature","id":"4163011700103890004","geometry":{"type":"Point","coordinates":[127.0546917,37.8292491]},"properties":{"pnu":"4163011700103890004","municipality_code":"41630","municipality":"양주시","district":"양주시","locality":"회정동","address":"양주시 회정동 389-4","owner_type":"시·군유지","owner_label":"양주시","manager":"","property_class":"","land_category":"공장용지","area_sqm":802.0,"area_band":"500~1,000㎡","interest_category":"공장용지","solar_candidate":"검토필요","candidate_reason":"지목·면적 기준 1차 검토 대상; 면적 802㎡","priority_score":42,"source":"경기부동산포털 국공유지조회·연속지적도","source_date":"2026-08-11","installed_solar_match":false}},{"type":"Feature","id":"4163011100105770004","geometry":{"type":"Point","coordinates":[127.0740911,37.8574034]},"properties":{"pnu":"4163011100105770004","municipality_code":"41630","municipality":"양주시","district":"양주시","locality":"봉양동","address":"양주시 봉양동 577-4","owner_type":"시·군유지","owner_label":"양주시","manager":"","property_class":"","land_category":"공장용지","area_sqm":786.0,"area_band":"500~1,000㎡","interest_category":"공장용지","solar_candidate":"검토필요","candidate_reason":"지목·면적 기준 1차 검토 대상; 면적 786㎡","priority_score":42,"source":"경기부동산포털 국공유지조회·연속지적도","source_date":"2026-08-11","installed_solar_match":false}},{"type":"Feature","id":"4163031026104280006","geometry":{"type":"Point","coordinates":[127.0025504,37.8455256]},"properties":{"pnu":"4163031026104280006","municipality_code":"41630","municipality":"양주시","district":"양주시","locality":"은현면 도하리","address":"양주시 은현면 도하리 428-6","owner_type":"시·군유지","owner_label":"양주시","manager":"","property_class":"","land_category":"공장용지","area_sqm":756.0,"area_band":"500~1,000㎡","interest_category":"공장용지","solar_candidate":"검토필요","candidate_reason":"지목·면적 기준 1차 검토 대상; 면적 756㎡","priority_score":42,"source":"경기부동산포털 국공유지조회·연속지적도","source_date":"2026-08-11","installed_solar_match":false}},{"type":"Feature","id":"4163011500104540049","geometry":{"type":"Point","coordinates":[127.071143,37.8184829]},"properties":{"pnu":"4163011500104540049","municipality_code":"41630","municipality":"양주시","district":"양주시","locality":"고암동","address":"양주시 고암동 454-49","owner_type":"시·군유지","owner_label":"양주시","manager":"","property_class":"","land_category":"공장용지","area_sqm":741.0,"area_band":"500~1,000㎡","interest_category":"공장용지","solar_candidate":"검토필요","candidate_reason":"지목·면적 기준 1차 검토 대상; 면적 741㎡","priority_score":42,"source":"경기부동산포털 국공유지조회·연속지적도","source_date":"2026-08-11","installed_solar_match":false}},{"type":"Feature","id":"4163032027106660003","geometry":{"type":"Point","coordinates":[126.9994314,37.8669057]},"properties":{"pnu":"4163032027106660003","municipality_code":"41630","municipality":"양주시","district":"양주시","locality":"남면 상수리","address":"양주시 남면 상수리 666-3","owner_type":"시·군유지","owner_label":"양주시","manager":"","property_class":"","land_category":"공장용지","area_sqm":705.7,"area_band":"500~1,000㎡","interest_category":"공장용지","solar_candidate":"검토필요","candidate_reason":"지목·면적 기준 1차 검토 대상; 면적 706㎡","priority_score":42,"source":"경기부동산포털 국공유지조회·연속지적도","source_date":"2026-08-11","installed_solar_match":false}},{"type":"Feature","id":"4163011600105240004","geometry":{"type":"Point","coordinates":[127.0469139,37.8231646]},"properties":{"pnu":"4163011600105240004","municipality_code":"41630","municipality":"양주시","district":"양주시","locality":"덕계동","address":"양주시 덕계동 524-4","owner_type":"시·군유지","owner_label":"양주시","manager":"","property_class":"","land_category":"공장용지","area_sqm":679.0,"area_band":"500~1,000㎡","interest_category":"공장용지","solar_candidate":"검토필요","candidate_reason":"지목·면적 기준 1차 검토 대상; 면적 679㎡","priority_score":42,"source":"경기부동산포털 국공유지조회·연속지적도","source_date":"2026-08-11","installed_solar_match":false}},{"type":"Feature","id":"4163032027101470106","geometry":{"type":"Point","coordinates":[127.0028169,37.8686071]},"properties":{"pnu":"4163032027101470106","municipality_code":"41630","municipality":"양주시","district":"양주시","locality":"남면 상수리","address":"양주시 남면 상수리 147-106","owner_type":"시·군유지","owner_label":"양주시","manager":"","property_class":"","land_category":"공장용지","area_sqm":674.0,"area_band":"500~1,000㎡","interest_category":"공장용지","solar_candidate":"검토필요","candidate_reason":"지목·면적 기준 1차 검토 대상; 면적 674㎡","priority_score":42,"source":"경기부동산포털 국공유지조회·연속지적도","source_date":"2026-08-11","installed_solar_match":false}},{"type":"Feature","id":"4163011300103010009","geometry":{"type":"Point","coordinates":[127.1020015,37.8406453]},"properties":{"pnu":"4163011300103010009","municipality_code":"41630","municipality":"양주시","district":"양주시","locality":"율정동","address":"양주시 율정동 301-9","owner_type":"시·군유지","owner_label":"양주시","manager":"","property_class":"","land_category":"공장용지","area_sqm":661.0,"area_band":"500~1,000㎡","interest_category":"공장용지","solar_candidate":"검토필요","candidate_reason":"지목·면적 기준 1차 검토 대상; 면적 661㎡","priority_score":42,"source":"경기부동산포털 국공유지조회·연속지적도","source_date":"2026-08-11","installed_solar_match":false}},{"type":"Feature","id":"4163031026106810001","geometry":{"type":"Point","coordinates":[126.9974266,37.8411626]},"properties":{"pnu":"4163031026106810001","municipality_code":"41630","municipality":"양주시","district":"양주시","locality":"은현면 도하리","address":"양주시 은현면 도하리 681-1","owner_type":"시·군유지","owner_label":"양주시","manager":"","property_class":"","land_category":"공장용지","area_sqm":658.0,"area_band":"500~1,000㎡","interest_category":"공장용지","solar_candidate":"검토필요","candidate_reason":"지목·면적 기준 1차 검토 대상; 면적 658㎡","priority_score":42,"source":"경기부동산포털 국공유지조회·연속지적도","source_date":"2026-08-11","installed_solar_match":false}},{"type":"Feature","id":"4163033026103630001","geometry":{"type":"Point","coordinates":[126.972365,37.8532866]},"properties":{"pnu":"4163033026103630001","municipality_code":"41630","municipality":"양주시","district":"양주시","locality":"광적면 덕도리","address":"양주시 광적면 덕도리 363-1","owner_type":"시·군유지","owner_label":"양주시","manager":"","property_class":"","land_category":"공장용지","area_sqm":644.0,"area_band":"500~1,000㎡","interest_category":"공장용지","solar_candidate":"검토필요","candidate_reason":"지목·면적 기준 1차 검토 대상; 면적 644㎡","priority_score":42,"source":"경기부동산포털 국공유지조회·연속지적도","source_date":"2026-08-11","installed_solar_match":false}},{"type":"Feature","id":"4163010900102710019","geometry":{"type":"Point","coordinates":[127.072219,37.8063515]},"properties":{"pnu":"4163010900102710019","municipality_code":"41630","municipality":"양주시","district":"양주시","locality":"고읍동","address":"양주시 고읍동 271-19","owner_type":"시·군유지","owner_label":"양주시","manager":"","property_class":"","land_category":"공장용지","area_sqm":641.0,"area_band":"500~1,000㎡","interest_category":"공장용지","solar_candidate":"검토필요","candidate_reason":"지목·면적 기준 1차 검토 대상; 면적 641㎡","priority_score":42,"source":"경기부동산포털 국공유지조회·연속지적도","source_date":"2026-08-11","installed_solar_match":false}},{"type":"Feature","id":"4163011100105700011","geometry":{"type":"Point","coordinates":[127.0727764,37.8589888]},"properties":{"pnu":"4163011100105700011","municipality_code":"41630","municipality":"양주시","district":"양주시","locality":"봉양동","address":"양주시 봉양동 570-11","owner_type":"시·군유지","owner_label":"양주시","manager":"","property_class":"","land_category":"공장용지","area_sqm":626.0,"area_band":"500~1,000㎡","interest_category":"공장용지","solar_candidate":"검토필요","candidate_reason":"지목·면적 기준 1차 검토 대상; 면적 626㎡","priority_score":42,"source":"경기부동산포털 국공유지조회·연속지적도","source_date":"2026-08-11","installed_solar_match":false}},{"type":"Feature","id":"4163011000104670010","geometry":{"type":"Point","coordinates":[127.0610155,37.8530622]},"properties":{"pnu":"4163011000104670010","municipality_code":"41630","municipality":"양주시","district":"양주시","locality":"덕정동","address":"양주시 덕정동 467-10","owner_type":"시·군유지","owner_label":"양주시","manager":"","property_class":"","land_category":"공장용지","area_sqm":608.7,"area_band":"500~1,000㎡","interest_category":"공장용지","solar_candidate":"검토필요","candidate_reason":"지목·면적 기준 1차 검토 대상; 면적 609㎡","priority_score":42,"source":"경기부동산포털 국공유지조회·연속지적도","source_date":"2026-08-11","installed_solar_match":false}},{"type":"Feature","id":"4163031026104300004","geometry":{"type":"Point","coordinates":[127.0026066,37.8464168]},"properties":{"pnu":"4163031026104300004","municipality_code":"41630","municipality":"양주시","district":"양주시","locality":"은현면 도하리","address":"양주시 은현면 도하리 430-4","owner_type":"시·군유지","owner_label":"양주시","manager":"","property_class":"","land_category":"공장용지","area_sqm":607.0,"area_band":"500~1,000㎡","interest_category":"공장용지","solar_candidate":"검토필요","candidate_reason":"지목·면적 기준 1차 검토 대상; 면적 607㎡","priority_score":42,"source":"경기부동산포털 국공유지조회·연속지적도","source_date":"2026-08-11","installed_solar_match":false}},{"type":"Feature","id":"4163011100108940008","geometry":{"type":"Point","coordinates":[127.061285,37.8604295]},"properties":{"pnu":"4163011100108940008","municipality_code":"41630","municipality":"양주시","district":"양주시","locality":"봉양동","address":"양주시 봉양동 894-8","owner_type":"시·군유지","owner_label":"양주시","manager":"","property_class":"","land_category":"공장용지","area_sqm":595.0,"area_band":"500~1,000㎡","interest_category":"공장용지","solar_candidate":"검토필요","candidate_reason":"지목·면적 기준 1차 검토 대상; 면적 595㎡","priority_score":42,"source":"경기부동산포털 국공유지조회·연속지적도","source_date":"2026-08-11","installed_solar_match":false}},{"type":"Feature","id":"4163031022104850002","geometry":{"type":"Point","coordinates":[127.0207178,37.8737975]},"properties":{"pnu":"4163031022104850002","municipality_code":"41630","municipality":"양주시","district":"양주시","locality":"은현면 선암리","address":"양주시 은현면 선암리 485-2","owner_type":"시·군유지","owner_label":"양주시","manager":"","property_class":"","land_category":"공장용지","area_sqm":589.0,"area_band":"500~1,000㎡","interest_category":"공장용지","solar_candidate":"검토필요","candidate_reason":"지목·면적 기준 1차 검토 대상; 면적 589㎡","priority_score":42,"source":"경기부동산포털 국공유지조회·연속지적도","source_date":"2026-08-11","installed_solar_match":false}},{"type":"Feature","id":"4163031022104860008","geometry":{"type":"Point","coordinates":[127.0200638,37.8739671]},"properties":{"pnu":"4163031022104860008","municipality_code":"41630","municipality":"양주시","district":"양주시","locality":"은현면 선암리","address":"양주시 은현면 선암리 486-8","owner_type":"시·군유지","owner_label":"양주시","manager":"","property_class":"","land_category":"공장용지","area_sqm":584.0,"area_band":"500~1,000㎡","interest_category":"공장용지","solar_candidate":"검토필요","candidate_reason":"지목·면적 기준 1차 검토 대상; 면적 584㎡","priority_score":42,"source":"경기부동산포털 국공유지조회·연속지적도","source_date":"2026-08-11","installed_solar_match":false}},{"type":"Feature","id":"4163031026104280002","geometry":{"type":"Point","coordinates":[127.0026589,37.8453907]},"properties":{"pnu":"4163031026104280002","municipality_code":"41630","municipality":"양주시","district":"양주시","locality":"은현면 도하리","address":"양주시 은현면 도하리 428-2","owner_type":"시·군유지","owner_label":"양주시","manager":"","property_class":"","land_category":"공장용지","area_sqm":580.0,"area_band":"500~1,000㎡","interest_category":"공장용지","solar_candidate":"검토필요","candidate_reason":"지목·면적 기준 1차 검토 대상; 면적 580㎡","priority_score":42,"source":"경기부동산포털 국공유지조회·연속지적도","source_date":"2026-08-11","installed_solar_match":false}},{"type":"Feature","id":"4163011500104180007","geometry":{"type":"Point","coordinates":[127.0717814,37.8111426]},"properties":{"pnu":"4163011500104180007","municipality_code":"41630","municipality":"양주시","district":"양주시","locality":"고암동","address":"양주시 고암동 418-7","owner_type":"시·군유지","owner_label":"양주시","manager":"","property_class":"","land_category":"공장용지","area_sqm":541.0,"area_band":"500~1,000㎡","interest_category":"공장용지","solar_candidate":"검토필요","candidate_reason":"지목·면적 기준 1차 검토 대상; 면적 541㎡","priority_score":42,"source":"경기부동산포털 국공유지조회·연속지적도","source_date":"2026-08-11","installed_solar_match":false}},{"type":"Feature","id":"4163011100104940008","geometry":{"type":"Point","coordinates":[127.0701349,37.8629344]},"properties":{"pnu":"4163011100104940008","municipality_code":"41630","municipality":"양주시","district":"양주시","locality":"봉양동","address":"양주시 봉양동 494-8","owner_type":"시·군유지","owner_label":"양주시","manager":"","property_class":"","land_category":"공장용지","area_sqm":512.0,"area_band":"500~1,000㎡","interest_category":"공장용지","solar_candidate":"검토필요","candidate_reason":"지목·면적 기준 1차 검토 대상; 면적 512㎡","priority_score":42,"source":"경기부동산포털 국공유지조회·연속지적도","source_date":"2026-08-11","installed_solar_match":false}},{"type":"Feature","id":"4163011700100080005","geometry":{"type":"Point","coordinates":[127.0535685,37.8541222]},"properties":{"pnu":"4163011700100080005","municipality_code":"41630","municipality":"양주시","district":"양주시","locality":"회정동","address":"양주시 회정동 8-5","owner_type":"시·군유지","owner_label":"양주시","manager":"","property_class":"","land_category":"공장용지","area_sqm":500.0,"area_band":"500~1,000㎡","interest_category":"공장용지","solar_candidate":"검토필요","candidate_reason":"지목·면적 기준 1차 검토 대상; 면적 500㎡","priority_score":42,"source":"경기부동산포털 국공유지조회·연속지적도","source_date":"2026-08-11","installed_solar_match":false}},{"type":"Feature","id":"4163011400109350000","geometry":{"type":"Point","coordinates":[127.0932473,37.817987]},"properties":{"pnu":"4163011400109350000","municipality_code":"41630","municipality":"양주시","district":"양주시","locality":"옥정동","address":"양주시 옥정동 935","owner_type":"시·군유지","owner_label":"양주시","manager":"","property_class":"","land_category":"도로","area_sqm":60440.1,"area_band":"5,000㎡ 이상","interest_category":"도로","solar_candidate":"검토필요","candidate_reason":"도로점용 및 실제 이용형태 추가 검토 필요; 면적 60,440㎡","priority_score":40,"source":"경기부동산포털 국공유지조회·연속지적도","source_date":"2026-08-11","installed_solar_match":false}},{"type":"Feature","id":"4163011400105490003","geometry":{"type":"Point","coordinates":[127.0790102,37.8173493]},"properties":{"pnu":"4163011400105490003","municipality_code":"41630","municipality":"양주시","district":"양주시","locality":"옥정동","address":"양주시 옥정동 549-3","owner_type":"시·군유지","owner_label":"양주시","manager":"","property_class":"","land_category":"도로","area_sqm":44648.0,"area_band":"5,000㎡ 이상","interest_category":"도로","solar_candidate":"검토필요","candidate_reason":"도로점용 및 실제 이용형태 추가 검토 필요; 면적 44,648㎡","priority_score":40,"source":"경기부동산포털 국공유지조회·연속지적도","source_date":"2026-08-11","installed_solar_match":false}},{"type":"Feature","id":"4163011500103400006","geometry":{"type":"Point","coordinates":[127.0663455,37.8212366]},"properties":{"pnu":"4163011500103400006","municipality_code":"41630","municipality":"양주시","district":"양주시","locality":"고암동","address":"양주시 고암동 340-6","owner_type":"시·군유지","owner_label":"양주시","manager":"","property_class":"","land_category":"도로","area_sqm":42965.0,"area_band":"5,000㎡ 이상","interest_category":"도로","solar_candidate":"검토필요","candidate_reason":"도로점용 및 실제 이용형태 추가 검토 필요; 면적 42,965㎡","priority_score":40,"source":"경기부동산포털 국공유지조회·연속지적도","source_date":"2026-08-11","installed_solar_match":false}},{"type":"Feature","id":"4163010800101600004","geometry":{"type":"Point","coordinates":[127.1017294,37.8012377]},"properties":{"pnu":"4163010800101600004","municipality_code":"41630","municipality":"양주시","district":"양주시","locality":"삼숭동","address":"양주시 삼숭동 160-4","owner_type":"시·군유지","owner_label":"양주시","manager":"","property_class":"","land_category":"도로","area_sqm":41664.0,"area_band":"5,000㎡ 이상","interest_category":"도로","solar_candidate":"검토필요","candidate_reason":"도로점용 및 실제 이용형태 추가 검토 필요; 면적 41,664㎡","priority_score":40,"source":"경기부동산포털 국공유지조회·연속지적도","source_date":"2026-08-11","installed_solar_match":false}},{"type":"Feature","id":"4163010700100090009","geometry":{"type":"Point","coordinates":[127.0940097,37.7911047]},"properties":{"pnu":"4163010700100090009","municipality_code":"41630","municipality":"양주시","district":"양주시","locality":"만송동","address":"양주시 만송동 9-9","owner_type":"시·군유지","owner_label":"양주시","manager":"","property_class":"","land_category":"도로","area_sqm":39767.0,"area_band":"5,000㎡ 이상","interest_category":"도로","solar_candidate":"검토필요","candidate_reason":"도로점용 및 실제 이용형태 추가 검토 필요; 면적 39,767㎡","priority_score":40,"source":"경기부동산포털 국공유지조회·연속지적도","source_date":"2026-08-11","installed_solar_match":false}},{"type":"Feature","id":"4163011400110940000","geometry":{"type":"Point","coordinates":[127.0938617,37.8136619]},"properties":{"pnu":"4163011400110940000","municipality_code":"41630","municipality":"양주시","district":"양주시","locality":"옥정동","address":"양주시 옥정동 1094","owner_type":"시·군유지","owner_label":"양주시","manager":"","property_class":"","land_category":"도로","area_sqm":38800.0,"area_band":"5,000㎡ 이상","interest_category":"도로","solar_candidate":"검토필요","candidate_reason":"도로점용 및 실제 이용형태 추가 검토 필요; 면적 38,800㎡","priority_score":40,"source":"경기부동산포털 국공유지조회·연속지적도","source_date":"2026-08-11","installed_solar_match":false}},{"type":"Feature","id":"4163011400111000000","geometry":{"type":"Point","coordinates":[127.1003392,37.8113917]},"properties":{"pnu":"4163011400111000000","municipality_code":"41630","municipality":"양주시","district":"양주시","locality":"옥정동","address":"양주시 옥정동 1100","owner_type":"시·군유지","owner_label":"양주시","manager":"","property_class":"","land_category":"도로","area_sqm":34808.9,"area_band":"5,000㎡ 이상","interest_category":"도로","solar_candidate":"검토필요","candidate_reason":"도로점용 및 실제 이용형태 추가 검토 필요; 면적 34,809㎡","priority_score":40,"source":"경기부동산포털 국공유지조회·연속지적도","source_date":"2026-08-11","installed_solar_match":false}},{"type":"Feature","id":"4163011400108950000","geometry":{"type":"Point","coordinates":[127.0773976,37.8205673]},"properties":{"pnu":"4163011400108950000","municipality_code":"41630","municipality":"양주시","district":"양주시","locality":"옥정동","address":"양주시 옥정동 895","owner_type":"시·군유지","owner_label":"양주시","manager":"","property_class":"","land_category":"도로","area_sqm":32926.7,"area_band":"5,000㎡ 이상","interest_category":"도로","solar_candidate":"검토필요","candidate_reason":"도로점용 및 실제 이용형태 추가 검토 필요; 면적 32,927㎡","priority_score":40,"source":"경기부동산포털 국공유지조회·연속지적도","source_date":"2026-08-11","installed_solar_match":false}},{"type":"Feature","id":"4163011400109610000","geometry":{"type":"Point","coordinates":[127.086897,37.8198236]},"properties":{"pnu":"4163011400109610000","municipality_code":"41630","municipality":"양주시","district":"양주시","locality":"옥정동","address":"양주시 옥정동 961","owner_type":"시·군유지","owner_label":"양주시","manager":"","property_class":"","land_category":"도로","area_sqm":30332.6,"area_band":"5,000㎡ 이상","interest_category":"도로","solar_candidate":"검토필요","candidate_reason":"도로점용 및 실제 이용형태 추가 검토 필요; 면적 30,333㎡","priority_score":40,"source":"경기부동산포털 국공유지조회·연속지적도","source_date":"2026-08-11","installed_solar_match":false}},{"type":"Feature","id":"4163011400108880000","geometry":{"type":"Point","coordinates":[127.0810049,37.8258231]},"properties":{"pnu":"4163011400108880000","municipality_code":"41630","municipality":"양주시","district":"양주시","locality":"옥정동","address":"양주시 옥정동 888","owner_type":"시·군유지","owner_label":"양주시","manager":"","property_class":"","land_category":"도로","area_sqm":29986.8,"area_band":"5,000㎡ 이상","interest_category":"도로","solar_candidate":"검토필요","candidate_reason":"도로점용 및 실제 이용형태 추가 검토 필요; 면적 29,987㎡","priority_score":40,"source":"경기부동산포털 국공유지조회·연속지적도","source_date":"2026-08-11","installed_solar_match":false}},{"type":"Feature","id":"4163011300200020015","geometry":{"type":"Point","coordinates":[127.1102309,37.8392366]},"properties":{"pnu":"4163011300200020015","municipality_code":"41630","municipality":"양주시","district":"양주시","locality":"율정동","address":"양주시 율정동 산2-15","owner_type":"시·군유지","owner_label":"양주시","manager":"","property_class":"","land_category":"도로","area_sqm":29703.0,"area_band":"5,000㎡ 이상","interest_category":"도로","solar_candidate":"검토필요","candidate_reason":"도로점용 및 실제 이용형태 추가 검토 필요; 면적 29,703㎡","priority_score":40,"source":"경기부동산포털 국공유지조회·연속지적도","source_date":"2026-08-11","installed_solar_match":false}},{"type":"Feature","id":"4163011400110500000","geometry":{"type":"Point","coordinates":[127.0852172,37.8107837]},"properties":{"pnu":"4163011400110500000","municipality_code":"41630","municipality":"양주시","district":"양주시","locality":"옥정동","address":"양주시 옥정동 1050","owner_type":"시·군유지","owner_label":"양주시","manager":"","property_class":"","land_category":"도로","area_sqm":29033.6,"area_band":"5,000㎡ 이상","interest_category":"도로","solar_candidate":"검토필요","candidate_reason":"도로점용 및 실제 이용형태 추가 검토 필요; 면적 29,034㎡","priority_score":40,"source":"경기부동산포털 국공유지조회·연속지적도","source_date":"2026-08-11","installed_solar_match":false}},{"type":"Feature","id":"4163011400110350000","geometry":{"type":"Point","coordinates":[127.0966847,37.8210707]},"properties":{"pnu":"4163011400110350000","municipality_code":"41630","municipality":"양주시","district":"양주시","locality":"옥정동","address":"양주시 옥정동 1035","owner_type":"시·군유지","owner_label":"양주시","manager":"","property_class":"","land_category":"도로","area_sqm":28274.5,"area_band":"5,000㎡ 이상","interest_category":"도로","solar_candidate":"검토필요","candidate_reason":"도로점용 및 실제 이용형태 추가 검토 필요; 면적 28,274㎡","priority_score":40,"source":"경기부동산포털 국공유지조회·연속지적도","source_date":"2026-08-11","installed_solar_match":false}},{"type":"Feature","id":"4163011600108860000","geometry":{"type":"Point","coordinates":[127.0517499,37.8174624]},"properties":{"pnu":"4163011600108860000","municipality_code":"41630","municipality":"양주시","district":"양주시","locality":"덕계동","address":"양주시 덕계동 886","owner_type":"시·군유지","owner_label":"양주시","manager":"","property_class":"","land_category":"도로","area_sqm":28238.1,"area_band":"5,000㎡ 이상","interest_category":"도로","solar_candidate":"검토필요","candidate_reason":"도로점용 및 실제 이용형태 추가 검토 필요; 면적 28,238㎡","priority_score":40,"source":"경기부동산포털 국공유지조회·연속지적도","source_date":"2026-08-11","installed_solar_match":false}},{"type":"Feature","id":"4163011400109510000","geometry":{"type":"Point","coordinates":[127.0916331,37.8225072]},"properties":{"pnu":"4163011400109510000","municipality_code":"41630","municipality":"양주시","district":"양주시","locality":"옥정동","address":"양주시 옥정동 951","owner_type":"시·군유지","owner_label":"양주시","manager":"","property_class":"","land_category":"도로","area_sqm":27040.2,"area_band":"5,000㎡ 이상","interest_category":"도로","solar_candidate":"검토필요","candidate_reason":"도로점용 및 실제 이용형태 추가 검토 필요; 면적 27,040㎡","priority_score":40,"source":"경기부동산포털 국공유지조회·연속지적도","source_date":"2026-08-11","installed_solar_match":false}},{"type":"Feature","id":"4163032024103750000","geometry":{"type":"Point","coordinates":[126.9722135,37.8813467]},"properties":{"pnu":"4163032024103750000","municipality_code":"41630","municipality":"양주시","district":"양주시","locality":"남면 구암리","address":"양주시 남면 구암리 375","owner_type":"시·군유지","owner_label":"양주시","manager":"","property_class":"","land_category":"도로","area_sqm":25049.2,"area_band":"5,000㎡ 이상","interest_category":"도로","solar_candidate":"검토필요","candidate_reason":"도로점용 및 실제 이용형태 추가 검토 필요; 면적 25,049㎡","priority_score":40,"source":"경기부동산포털 국공유지조회·연속지적도","source_date":"2026-08-11","installed_solar_match":false}},{"type":"Feature","id":"4163011400109770000","geometry":{"type":"Point","coordinates":[127.0928626,37.8391563]},"properties":{"pnu":"4163011400109770000","municipality_code":"41630","municipality":"양주시","district":"양주시","locality":"옥정동","address":"양주시 옥정동 977","owner_type":"시·군유지","owner_label":"양주시","manager":"","property_class":"","land_category":"도로","area_sqm":25000.0,"area_band":"5,000㎡ 이상","interest_category":"도로","solar_candidate":"검토필요","candidate_reason":"도로점용 및 실제 이용형태 추가 검토 필요; 면적 25,000㎡","priority_score":40,"source":"경기부동산포털 국공유지조회·연속지적도","source_date":"2026-08-11","installed_solar_match":false}},{"type":"Feature","id":"4163011400110080001","geometry":{"type":"Point","coordinates":[127.094654,37.8350679]},"properties":{"pnu":"4163011400110080001","municipality_code":"41630","municipality":"양주시","district":"양주시","locality":"옥정동","address":"양주시 옥정동 1008-1","owner_type":"시·군유지","owner_label":"양주시","manager":"","property_class":"","land_category":"도로","area_sqm":24999.3,"area_band":"5,000㎡ 이상","interest_category":"도로","solar_candidate":"검토필요","candidate_reason":"도로점용 및 실제 이용형태 추가 검토 필요; 면적 24,999㎡","priority_score":40,"source":"경기부동산포털 국공유지조회·연속지적도","source_date":"2026-08-11","installed_solar_match":false}},{"type":"Feature","id":"4163010800106870001","geometry":{"type":"Point","coordinates":[127.1068631,37.796173]},"properties":{"pnu":"4163010800106870001","municipality_code":"41630","municipality":"양주시","district":"양주시","locality":"삼숭동","address":"양주시 삼숭동 687-1","owner_type":"시·군유지","owner_label":"양주시","manager":"","property_class":"","land_category":"도로","area_sqm":21943.5,"area_band":"5,000㎡ 이상","interest_category":"도로","solar_candidate":"검토필요","candidate_reason":"도로점용 및 실제 이용형태 추가 검토 필요; 면적 21,944㎡","priority_score":40,"source":"경기부동산포털 국공유지조회·연속지적도","source_date":"2026-08-11","installed_solar_match":false}},{"type":"Feature","id":"4163011400110440002","geometry":{"type":"Point","coordinates":[127.0988666,37.8240359]},"properties":{"pnu":"4163011400110440002","municipality_code":"41630","municipality":"양주시","district":"양주시","locality":"옥정동","address":"양주시 옥정동 1044-2","owner_type":"시·군유지","owner_label":"양주시","manager":"","property_class":"","land_category":"도로","area_sqm":21803.3,"area_band":"5,000㎡ 이상","interest_category":"도로","solar_candidate":"검토필요","candidate_reason":"도로점용 및 실제 이용형태 추가 검토 필요; 면적 21,803㎡","priority_score":40,"source":"경기부동산포털 국공유지조회·연속지적도","source_date":"2026-08-11","installed_solar_match":false}},{"type":"Feature","id":"4163033023200650015","geometry":{"type":"Point","coordinates":[126.9439429,37.8320133]},"properties":{"pnu":"4163033023200650015","municipality_code":"41630","municipality":"양주시","district":"양주시","locality":"광적면 우고리","address":"양주시 광적면 우고리 산65-15","owner_type":"시·군유지","owner_label":"양주시","manager":"","property_class":"","land_category":"도로","area_sqm":21786.0,"area_band":"5,000㎡ 이상","interest_category":"도로","solar_candidate":"검토필요","candidate_reason":"도로점용 및 실제 이용형태 추가 검토 필요; 면적 21,786㎡","priority_score":40,"source":"경기부동산포털 국공유지조회·연속지적도","source_date":"2026-08-11","installed_solar_match":false}},{"type":"Feature","id":"4163011400109410008","geometry":{"type":"Point","coordinates":[127.0831644,37.8133985]},"properties":{"pnu":"4163011400109410008","municipality_code":"41630","municipality":"양주시","district":"양주시","locality":"옥정동","address":"양주시 옥정동 941-8","owner_type":"시·군유지","owner_label":"양주시","manager":"","property_class":"","land_category":"도로","area_sqm":21629.1,"area_band":"5,000㎡ 이상","interest_category":"도로","solar_candidate":"검토필요","candidate_reason":"도로점용 및 실제 이용형태 추가 검토 필요; 면적 21,629㎡","priority_score":40,"source":"경기부동산포털 국공유지조회·연속지적도","source_date":"2026-08-11","installed_solar_match":false}},{"type":"Feature","id":"4163011400108820000","geometry":{"type":"Point","coordinates":[127.0877984,37.8335481]},"properties":{"pnu":"4163011400108820000","municipality_code":"41630","municipality":"양주시","district":"양주시","locality":"옥정동","address":"양주시 옥정동 882","owner_type":"시·군유지","owner_label":"양주시","manager":"","property_class":"","land_category":"도로","area_sqm":21515.5,"area_band":"5,000㎡ 이상","interest_category":"도로","solar_candidate":"검토필요","candidate_reason":"도로점용 및 실제 이용형태 추가 검토 필요; 면적 21,516㎡","priority_score":40,"source":"경기부동산포털 국공유지조회·연속지적도","source_date":"2026-08-11","installed_solar_match":false}},{"type":"Feature","id":"4163025025109320000","geometry":{"type":"Point","coordinates":[126.9567622,37.7998853]},"properties":{"pnu":"4163025025109320000","municipality_code":"41630","municipality":"양주시","district":"양주시","locality":"백석읍 홍죽리","address":"양주시 백석읍 홍죽리 932","owner_type":"시·군유지","owner_label":"양주시","manager":"","property_class":"","land_category":"도로","area_sqm":20403.4,"area_band":"5,000㎡ 이상","interest_category":"도로","solar_candidate":"검토필요","candidate_reason":"도로점용 및 실제 이용형태 추가 검토 필요; 면적 20,403㎡","priority_score":40,"source":"경기부동산포털 국공유지조회·연속지적도","source_date":"2026-08-11","installed_solar_match":false}},{"type":"Feature","id":"4163011400109450005","geometry":{"type":"Point","coordinates":[127.0877552,37.8300849]},"properties":{"pnu":"4163011400109450005","municipality_code":"41630","municipality":"양주시","district":"양주시","locality":"옥정동","address":"양주시 옥정동 945-5","owner_type":"시·군유지","owner_label":"양주시","manager":"","property_class":"","land_category":"도로","area_sqm":19877.6,"area_band":"5,000㎡ 이상","interest_category":"도로","solar_candidate":"검토필요","candidate_reason":"도로점용 및 실제 이용형태 추가 검토 필요; 면적 19,878㎡","priority_score":40,"source":"경기부동산포털 국공유지조회·연속지적도","source_date":"2026-08-11","installed_solar_match":false}},{"type":"Feature","id":"4163011600109580000","geometry":{"type":"Point","coordinates":[127.0566181,37.8175184]},"properties":{"pnu":"4163011600109580000","municipality_code":"41630","municipality":"양주시","district":"양주시","locality":"덕계동","address":"양주시 덕계동 958","owner_type":"시·군유지","owner_label":"양주시","manager":"","property_class":"","land_category":"도로","area_sqm":19298.7,"area_band":"5,000㎡ 이상","interest_category":"도로","solar_candidate":"검토필요","candidate_reason":"도로점용 및 실제 이용형태 추가 검토 필요; 면적 19,299㎡","priority_score":40,"source":"경기부동산포털 국공유지조회·연속지적도","source_date":"2026-08-11","installed_solar_match":false}},{"type":"Feature","id":"4163011000102110001","geometry":{"type":"Point","coordinates":[127.0651681,37.8414542]},"properties":{"pnu":"4163011000102110001","municipality_code":"41630","municipality":"양주시","district":"양주시","locality":"덕정동","address":"양주시 덕정동 211-1","owner_type":"시·군유지","owner_label":"양주시","manager":"","property_class":"","land_category":"도로","area_sqm":18978.4,"area_band":"5,000㎡ 이상","interest_category":"도로","solar_candidate":"검토필요","candidate_reason":"도로점용 및 실제 이용형태 추가 검토 필요; 면적 18,978㎡","priority_score":40,"source":"경기부동산포털 국공유지조회·연속지적도","source_date":"2026-08-11","installed_solar_match":false}},{"type":"Feature","id":"4163011500105790004","geometry":{"type":"Point","coordinates":[127.0718568,37.831939]},"properties":{"pnu":"4163011500105790004","municipality_code":"41630","municipality":"양주시","district":"양주시","locality":"고암동","address":"양주시 고암동 579-4","owner_type":"시·군유지","owner_label":"양주시","manager":"","property_class":"","land_category":"도로","area_sqm":18783.2,"area_band":"5,000㎡ 이상","interest_category":"도로","solar_candidate":"검토필요","candidate_reason":"도로점용 및 실제 이용형태 추가 검토 필요; 면적 18,783㎡","priority_score":40,"source":"경기부동산포털 국공유지조회·연속지적도","source_date":"2026-08-11","installed_solar_match":false}},{"type":"Feature","id":"4163025025109550000","geometry":{"type":"Point","coordinates":[126.9565224,37.8006054]},"properties":{"pnu":"4163025025109550000","municipality_code":"41630","municipality":"양주시","district":"양주시","locality":"백석읍 홍죽리","address":"양주시 백석읍 홍죽리 955","owner_type":"시·군유지","owner_label":"양주시","manager":"","property_class":"","land_category":"도로","area_sqm":18135.5,"area_band":"5,000㎡ 이상","interest_category":"도로","solar_candidate":"검토필요","candidate_reason":"도로점용 및 실제 이용형태 추가 검토 필요; 면적 18,136㎡","priority_score":40,"source":"경기부동산포털 국공유지조회·연속지적도","source_date":"2026-08-11","installed_solar_match":false}},{"type":"Feature","id":"4163011200200100003","geometry":{"type":"Point","coordinates":[127.112371,37.8433103]},"properties":{"pnu":"4163011200200100003","municipality_code":"41630","municipality":"양주시","district":"양주시","locality":"회암동","address":"양주시 회암동 산10-3","owner_type":"시·군유지","owner_label":"양주시","manager":"","property_class":"","land_category":"도로","area_sqm":17908.0,"area_band":"5,000㎡ 이상","interest_category":"도로","solar_candidate":"검토필요","candidate_reason":"도로점용 및 실제 이용형태 추가 검토 필요; 면적 17,908㎡","priority_score":40,"source":"경기부동산포털 국공유지조회·연속지적도","source_date":"2026-08-11","installed_solar_match":false}},{"type":"Feature","id":"4163010900104620005","geometry":{"type":"Point","coordinates":[127.082379,37.8049538]},"properties":{"pnu":"4163010900104620005","municipality_code":"41630","municipality":"양주시","district":"양주시","locality":"고읍동","address":"양주시 고읍동 462-5","owner_type":"시·군유지","owner_label":"양주시","manager":"","property_class":"","land_category":"도로","area_sqm":17536.0,"area_band":"5,000㎡ 이상","interest_category":"도로","solar_candidate":"검토필요","candidate_reason":"도로점용 및 실제 이용형태 추가 검토 필요; 면적 17,536㎡","priority_score":40,"source":"경기부동산포털 국공유지조회·연속지적도","source_date":"2026-08-11","installed_solar_match":false}},{"type":"Feature","id":"4163011400110080000","geometry":{"type":"Point","coordinates":[127.0985819,37.8294007]},"properties":{"pnu":"4163011400110080000","municipality_code":"41630","municipality":"양주시","district":"양주시","locality":"옥정동","address":"양주시 옥정동 1008","owner_type":"시·군유지","owner_label":"양주시","manager":"","property_class":"","land_category":"도로","area_sqm":16768.5,"area_band":"5,000㎡ 이상","interest_category":"도로","solar_candidate":"검토필요","candidate_reason":"도로점용 및 실제 이용형태 추가 검토 필요; 면적 16,768㎡","priority_score":40,"source":"경기부동산포털 국공유지조회·연속지적도","source_date":"2026-08-11","installed_solar_match":false}},{"type":"Feature","id":"4163011500101190002","geometry":{"type":"Point","coordinates":[127.0686891,37.8317608]},"properties":{"pnu":"4163011500101190002","municipality_code":"41630","municipality":"양주시","district":"양주시","locality":"고암동","address":"양주시 고암동 119-2","owner_type":"시·군유지","owner_label":"양주시","manager":"","property_class":"","land_category":"도로","area_sqm":16202.6,"area_band":"5,000㎡ 이상","interest_category":"도로","solar_candidate":"검토필요","candidate_reason":"도로점용 및 실제 이용형태 추가 검토 필요; 면적 16,203㎡","priority_score":40,"source":"경기부동산포털 국공유지조회·연속지적도","source_date":"2026-08-11","installed_solar_match":false}},{"type":"Feature","id":"4163010600107190000","geometry":{"type":"Point","coordinates":[127.0779466,37.7930361]},"properties":{"pnu":"4163010600107190000","municipality_code":"41630","municipality":"양주시","district":"양주시","locality":"광사동","address":"양주시 광사동 719","owner_type":"시·군유지","owner_label":"양주시","manager":"","property_class":"","land_category":"도로","area_sqm":15823.0,"area_band":"5,000㎡ 이상","interest_category":"도로","solar_candidate":"검토필요","candidate_reason":"도로점용 및 실제 이용형태 추가 검토 필요; 면적 15,823㎡","priority_score":40,"source":"경기부동산포털 국공유지조회·연속지적도","source_date":"2026-08-11","installed_solar_match":false}},{"type":"Feature","id":"4163011400109420000","geometry":{"type":"Point","coordinates":[127.0877814,37.8356957]},"properties":{"pnu":"4163011400109420000","municipality_code":"41630","municipality":"양주시","district":"양주시","locality":"옥정동","address":"양주시 옥정동 942","owner_type":"시·군유지","owner_label":"양주시","manager":"","property_class":"","land_category":"도로","area_sqm":15305.4,"area_band":"5,000㎡ 이상","interest_category":"도로","solar_candidate":"검토필요","candidate_reason":"도로점용 및 실제 이용형태 추가 검토 필요; 면적 15,305㎡","priority_score":40,"source":"경기부동산포털 국공유지조회·연속지적도","source_date":"2026-08-11","installed_solar_match":false}},{"type":"Feature","id":"4163011400109070000","geometry":{"type":"Point","coordinates":[127.0825762,37.822901]},"properties":{"pnu":"4163011400109070000","municipality_code":"41630","municipality":"양주시","district":"양주시","locality":"옥정동","address":"양주시 옥정동 907","owner_type":"시·군유지","owner_label":"양주시","manager":"","property_class":"","land_category":"도로","area_sqm":15289.4,"area_band":"5,000㎡ 이상","interest_category":"도로","solar_candidate":"검토필요","candidate_reason":"도로점용 및 실제 이용형태 추가 검토 필요; 면적 15,289㎡","priority_score":40,"source":"경기부동산포털 국공유지조회·연속지적도","source_date":"2026-08-11","installed_solar_match":false}},{"type":"Feature","id":"4163011000105410000","geometry":{"type":"Point","coordinates":[127.0640008,37.8477891]},"properties":{"pnu":"4163011000105410000","municipality_code":"41630","municipality":"양주시","district":"양주시","locality":"덕정동","address":"양주시 덕정동 541","owner_type":"시·군유지","owner_label":"양주시","manager":"","property_class":"","land_category":"도로","area_sqm":15137.9,"area_band":"5,000㎡ 이상","interest_category":"도로","solar_candidate":"검토필요","candidate_reason":"도로점용 및 실제 이용형태 추가 검토 필요; 면적 15,138㎡","priority_score":40,"source":"경기부동산포털 국공유지조회·연속지적도","source_date":"2026-08-11","installed_solar_match":false}},{"type":"Feature","id":"4163011400110050000","geometry":{"type":"Point","coordinates":[127.100036,37.832647]},"properties":{"pnu":"4163011400110050000","municipality_code":"41630","municipality":"양주시","district":"양주시","locality":"옥정동","address":"양주시 옥정동 1005","owner_type":"시·군유지","owner_label":"양주시","manager":"","property_class":"","land_category":"도로","area_sqm":14950.4,"area_band":"5,000㎡ 이상","interest_category":"도로","solar_candidate":"검토필요","candidate_reason":"도로점용 및 실제 이용형태 추가 검토 필요; 면적 14,950㎡","priority_score":40,"source":"경기부동산포털 국공유지조회·연속지적도","source_date":"2026-08-11","installed_solar_match":false}},{"type":"Feature","id":"4163011400109500008","geometry":{"type":"Point","coordinates":[127.0917705,37.8287027]},"properties":{"pnu":"4163011400109500008","municipality_code":"41630","municipality":"양주시","district":"양주시","locality":"옥정동","address":"양주시 옥정동 950-8","owner_type":"시·군유지","owner_label":"양주시","manager":"","property_class":"","land_category":"도로","area_sqm":14599.9,"area_band":"5,000㎡ 이상","interest_category":"도로","solar_candidate":"검토필요","candidate_reason":"도로점용 및 실제 이용형태 추가 검토 필요; 면적 14,600㎡","priority_score":40,"source":"경기부동산포털 국공유지조회·연속지적도","source_date":"2026-08-11","installed_solar_match":false}},{"type":"Feature","id":"4163011400108680005","geometry":{"type":"Point","coordinates":[127.0838356,37.8351493]},"properties":{"pnu":"4163011400108680005","municipality_code":"41630","municipality":"양주시","district":"양주시","locality":"옥정동","address":"양주시 옥정동 868-5","owner_type":"시·군유지","owner_label":"양주시","manager":"","property_class":"","land_category":"도로","area_sqm":14577.8,"area_band":"5,000㎡ 이상","interest_category":"도로","solar_candidate":"검토필요","candidate_reason":"도로점용 및 실제 이용형태 추가 검토 필요; 면적 14,578㎡","priority_score":40,"source":"경기부동산포털 국공유지조회·연속지적도","source_date":"2026-08-11","installed_solar_match":false}},{"type":"Feature","id":"4163011400109710000","geometry":{"type":"Point","coordinates":[127.0854717,37.8382328]},"properties":{"pnu":"4163011400109710000","municipality_code":"41630","municipality":"양주시","district":"양주시","locality":"옥정동","address":"양주시 옥정동 971","owner_type":"시·군유지","owner_label":"양주시","manager":"","property_class":"","land_category":"도로","area_sqm":14571.9,"area_band":"5,000㎡ 이상","interest_category":"도로","solar_candidate":"검토필요","candidate_reason":"도로점용 및 실제 이용형태 추가 검토 필요; 면적 14,572㎡","priority_score":40,"source":"경기부동산포털 국공유지조회·연속지적도","source_date":"2026-08-11","installed_solar_match":false}},{"type":"Feature","id":"4163011600110170000","geometry":{"type":"Point","coordinates":[127.0547204,37.811678]},"properties":{"pnu":"4163011600110170000","municipality_code":"41630","municipality":"양주시","district":"양주시","locality":"덕계동","address":"양주시 덕계동 1017","owner_type":"시·군유지","owner_label":"양주시","manager":"","property_class":"","land_category":"도로","area_sqm":14484.6,"area_band":"5,000㎡ 이상","interest_category":"도로","solar_candidate":"검토필요","candidate_reason":"도로점용 및 실제 이용형태 추가 검토 필요; 면적 14,485㎡","priority_score":40,"source":"경기부동산포털 국공유지조회·연속지적도","source_date":"2026-08-11","installed_solar_match":false}},{"type":"Feature","id":"4163011400110550000","geometry":{"type":"Point","coordinates":[127.0945178,37.8157772]},"properties":{"pnu":"4163011400110550000","municipality_code":"41630","municipality":"양주시","district":"양주시","locality":"옥정동","address":"양주시 옥정동 1055","owner_type":"시·군유지","owner_label":"양주시","manager":"","property_class":"","land_category":"도로","area_sqm":13877.0,"area_band":"5,000㎡ 이상","interest_category":"도로","solar_candidate":"검토필요","candidate_reason":"도로점용 및 실제 이용형태 추가 검토 필요; 면적 13,877㎡","priority_score":40,"source":"경기부동산포털 국공유지조회·연속지적도","source_date":"2026-08-11","installed_solar_match":false}},{"type":"Feature","id":"4163011500103610007","geometry":{"type":"Point","coordinates":[127.0742258,37.8187935]},"properties":{"pnu":"4163011500103610007","municipality_code":"41630","municipality":"양주시","district":"양주시","locality":"고암동","address":"양주시 고암동 361-7","owner_type":"시·군유지","owner_label":"양주시","manager":"","property_class":"","land_category":"도로","area_sqm":13779.0,"area_band":"5,000㎡ 이상","interest_category":"도로","solar_candidate":"검토필요","candidate_reason":"도로점용 및 실제 이용형태 추가 검토 필요; 면적 13,779㎡","priority_score":40,"source":"경기부동산포털 국공유지조회·연속지적도","source_date":"2026-08-11","installed_solar_match":false}},{"type":"Feature","id":"4163011400109530007","geometry":{"type":"Point","coordinates":[127.0923335,37.8267319]},"properties":{"pnu":"4163011400109530007","municipality_code":"41630","municipality":"양주시","district":"양주시","locality":"옥정동","address":"양주시 옥정동 953-7","owner_type":"시·군유지","owner_label":"양주시","manager":"","property_class":"","land_category":"도로","area_sqm":13634.5,"area_band":"5,000㎡ 이상","interest_category":"도로","solar_candidate":"검토필요","candidate_reason":"도로점용 및 실제 이용형태 추가 검토 필요; 면적 13,634㎡","priority_score":40,"source":"경기부동산포털 국공유지조회·연속지적도","source_date":"2026-08-11","installed_solar_match":false}},{"type":"Feature","id":"4163011400109640008","geometry":{"type":"Point","coordinates":[127.0933703,37.8189057]},"properties":{"pnu":"4163011400109640008","municipality_code":"41630","municipality":"양주시","district":"양주시","locality":"옥정동","address":"양주시 옥정동 964-8","owner_type":"시·군유지","owner_label":"양주시","manager":"","property_class":"","land_category":"도로","area_sqm":13519.6,"area_band":"5,000㎡ 이상","interest_category":"도로","solar_candidate":"검토필요","candidate_reason":"도로점용 및 실제 이용형태 추가 검토 필요; 면적 13,520㎡","priority_score":40,"source":"경기부동산포털 국공유지조회·연속지적도","source_date":"2026-08-11","installed_solar_match":false}},{"type":"Feature","id":"4163010600107230000","geometry":{"type":"Point","coordinates":[127.0833812,37.7944099]},"properties":{"pnu":"4163010600107230000","municipality_code":"41630","municipality":"양주시","district":"양주시","locality":"광사동","address":"양주시 광사동 723","owner_type":"시·군유지","owner_label":"양주시","manager":"","property_class":"","land_category":"도로","area_sqm":13429.1,"area_band":"5,000㎡ 이상","interest_category":"도로","solar_candidate":"검토필요","candidate_reason":"도로점용 및 실제 이용형태 추가 검토 필요; 면적 13,429㎡","priority_score":40,"source":"경기부동산포털 국공유지조회·연속지적도","source_date":"2026-08-11","installed_solar_match":false}},{"type":"Feature","id":"4163011400110490008","geometry":{"type":"Point","coordinates":[127.0879567,37.8156799]},"properties":{"pnu":"4163011400110490008","municipality_code":"41630","municipality":"양주시","district":"양주시","locality":"옥정동","address":"양주시 옥정동 1049-8","owner_type":"시·군유지","owner_label":"양주시","manager":"","property_class":"","land_category":"도로","area_sqm":13426.6,"area_band":"5,000㎡ 이상","interest_category":"도로","solar_candidate":"검토필요","candidate_reason":"도로점용 및 실제 이용형태 추가 검토 필요; 면적 13,427㎡","priority_score":40,"source":"경기부동산포털 국공유지조회·연속지적도","source_date":"2026-08-11","installed_solar_match":false}},{"type":"Feature","id":"4163011400111100000","geometry":{"type":"Point","coordinates":[127.0834843,37.8092767]},"properties":{"pnu":"4163011400111100000","municipality_code":"41630","municipality":"양주시","district":"양주시","locality":"옥정동","address":"양주시 옥정동 1110","owner_type":"시·군유지","owner_label":"양주시","manager":"","property_class":"","land_category":"도로","area_sqm":13329.6,"area_band":"5,000㎡ 이상","interest_category":"도로","solar_candidate":"검토필요","candidate_reason":"도로점용 및 실제 이용형태 추가 검토 필요; 면적 13,330㎡","priority_score":40,"source":"경기부동산포털 국공유지조회·연속지적도","source_date":"2026-08-11","installed_solar_match":false}},{"type":"Feature","id":"4163010400200640009","geometry":{"type":"Point","coordinates":[127.0589654,37.7667493]},"properties":{"pnu":"4163010400200640009","municipality_code":"41630","municipality":"양주시","district":"양주시","locality":"마전동","address":"양주시 마전동 산64-9","owner_type":"시·군유지","owner_label":"양주시","manager":"","property_class":"","land_category":"도로","area_sqm":12874.0,"area_band":"5,000㎡ 이상","interest_category":"도로","solar_candidate":"검토필요","candidate_reason":"도로점용 및 실제 이용형태 추가 검토 필요; 면적 12,874㎡","priority_score":40,"source":"경기부동산포털 국공유지조회·연속지적도","source_date":"2026-08-11","installed_solar_match":false}},{"type":"Feature","id":"4163011000102560000","geometry":{"type":"Point","coordinates":[127.0686109,37.831942]},"properties":{"pnu":"4163011000102560000","municipality_code":"41630","municipality":"양주시","district":"양주시","locality":"덕정동","address":"양주시 덕정동 256","owner_type":"시·군유지","owner_label":"양주시","manager":"","property_class":"","land_category":"도로","area_sqm":12664.5,"area_band":"5,000㎡ 이상","interest_category":"도로","solar_candidate":"검토필요","candidate_reason":"도로점용 및 실제 이용형태 추가 검토 필요; 면적 12,664㎡","priority_score":40,"source":"경기부동산포털 국공유지조회·연속지적도","source_date":"2026-08-11","installed_solar_match":false}},{"type":"Feature","id":"4163010700107110000","geometry":{"type":"Point","coordinates":[127.0864349,37.7928756]},"properties":{"pnu":"4163010700107110000","municipality_code":"41630","municipality":"양주시","district":"양주시","locality":"만송동","address":"양주시 만송동 711","owner_type":"시·군유지","owner_label":"양주시","manager":"","property_class":"","land_category":"도로","area_sqm":12616.3,"area_band":"5,000㎡ 이상","interest_category":"도로","solar_candidate":"검토필요","candidate_reason":"도로점용 및 실제 이용형태 추가 검토 필요; 면적 12,616㎡","priority_score":40,"source":"경기부동산포털 국공유지조회·연속지적도","source_date":"2026-08-11","installed_solar_match":false}},{"type":"Feature","id":"4163010600107290000","geometry":{"type":"Point","coordinates":[127.0802926,37.7865562]},"properties":{"pnu":"4163010600107290000","municipality_code":"41630","municipality":"양주시","district":"양주시","locality":"광사동","address":"양주시 광사동 729","owner_type":"시·군유지","owner_label":"양주시","manager":"","property_class":"","land_category":"도로","area_sqm":12280.2,"area_band":"5,000㎡ 이상","interest_category":"도로","solar_candidate":"검토필요","candidate_reason":"도로점용 및 실제 이용형태 추가 검토 필요; 면적 12,280㎡","priority_score":40,"source":"경기부동산포털 국공유지조회·연속지적도","source_date":"2026-08-11","installed_solar_match":false}},{"type":"Feature","id":"4163011000102560001","geometry":{"type":"Point","coordinates":[127.0671386,37.8375476]},"properties":{"pnu":"4163011000102560001","municipality_code":"41630","municipality":"양주시","district":"양주시","locality":"덕정동","address":"양주시 덕정동 256-1","owner_type":"시·군유지","owner_label":"양주시","manager":"","property_class":"","land_category":"도로","area_sqm":12169.9,"area_band":"5,000㎡ 이상","interest_category":"도로","solar_candidate":"검토필요","candidate_reason":"도로점용 및 실제 이용형태 추가 검토 필요; 면적 12,170㎡","priority_score":40,"source":"경기부동산포털 국공유지조회·연속지적도","source_date":"2026-08-11","installed_solar_match":false}},{"type":"Feature","id":"4163010600107220000","geometry":{"type":"Point","coordinates":[127.0775754,37.7949315]},"properties":{"pnu":"4163010600107220000","municipality_code":"41630","municipality":"양주시","district":"양주시","locality":"광사동","address":"양주시 광사동 722","owner_type":"시·군유지","owner_label":"양주시","manager":"","property_class":"","land_category":"도로","area_sqm":12149.7,"area_band":"5,000㎡ 이상","interest_category":"도로","solar_candidate":"검토필요","candidate_reason":"도로점용 및 실제 이용형태 추가 검토 필요; 면적 12,150㎡","priority_score":40,"source":"경기부동산포털 국공유지조회·연속지적도","source_date":"2026-08-11","installed_solar_match":false}},{"type":"Feature","id":"4163011400109760000","geometry":{"type":"Point","coordinates":[127.0915634,37.8367148]},"properties":{"pnu":"4163011400109760000","municipality_code":"41630","municipality":"양주시","district":"양주시","locality":"옥정동","address":"양주시 옥정동 976","owner_type":"시·군유지","owner_label":"양주시","manager":"","property_class":"","land_category":"도로","area_sqm":12128.6,"area_band":"5,000㎡ 이상","interest_category":"도로","solar_candidate":"검토필요","candidate_reason":"도로점용 및 실제 이용형태 추가 검토 필요; 면적 12,129㎡","priority_score":40,"source":"경기부동산포털 국공유지조회·연속지적도","source_date":"2026-08-11","installed_solar_match":false}},{"type":"Feature","id":"4163011400110210000","geometry":{"type":"Point","coordinates":[127.0958203,37.830219]},"properties":{"pnu":"4163011400110210000","municipality_code":"41630","municipality":"양주시","district":"양주시","locality":"옥정동","address":"양주시 옥정동 1021","owner_type":"시·군유지","owner_label":"양주시","manager":"","property_class":"","land_category":"도로","area_sqm":12003.9,"area_band":"5,000㎡ 이상","interest_category":"도로","solar_candidate":"검토필요","candidate_reason":"도로점용 및 실제 이용형태 추가 검토 필요; 면적 12,004㎡","priority_score":40,"source":"경기부동산포털 국공유지조회·연속지적도","source_date":"2026-08-11","installed_solar_match":false}},{"type":"Feature","id":"4163010800102410000","geometry":{"type":"Point","coordinates":[127.0998443,37.7962912]},"properties":{"pnu":"4163010800102410000","municipality_code":"41630","municipality":"양주시","district":"양주시","locality":"삼숭동","address":"양주시 삼숭동 241","owner_type":"시·군유지","owner_label":"양주시","manager":"","property_class":"","land_category":"도로","area_sqm":11831.0,"area_band":"5,000㎡ 이상","interest_category":"도로","solar_candidate":"검토필요","candidate_reason":"도로점용 및 실제 이용형태 추가 검토 필요; 면적 11,831㎡","priority_score":40,"source":"경기부동산포털 국공유지조회·연속지적도","source_date":"2026-08-11","installed_solar_match":false}},{"type":"Feature","id":"4163010400200640007","geometry":{"type":"Point","coordinates":[127.0617278,37.7679448]},"properties":{"pnu":"4163010400200640007","municipality_code":"41630","municipality":"양주시","district":"양주시","locality":"마전동","address":"양주시 마전동 산64-7","owner_type":"시·군유지","owner_label":"양주시","manager":"","property_class":"","land_category":"도로","area_sqm":11768.0,"area_band":"5,000㎡ 이상","interest_category":"도로","solar_candidate":"검토필요","candidate_reason":"도로점용 및 실제 이용형태 추가 검토 필요; 면적 11,768㎡","priority_score":40,"source":"경기부동산포털 국공유지조회·연속지적도","source_date":"2026-08-11","installed_solar_match":false}},{"type":"Feature","id":"4163010800101360000","geometry":{"type":"Point","coordinates":[127.1039359,37.8072883]},"properties":{"pnu":"4163010800101360000","municipality_code":"41630","municipality":"양주시","district":"양주시","locality":"삼숭동","address":"양주시 삼숭동 136","owner_type":"시·군유지","owner_label":"양주시","manager":"","property_class":"","land_category":"도로","area_sqm":11721.0,"area_band":"5,000㎡ 이상","interest_category":"도로","solar_candidate":"검토필요","candidate_reason":"도로점용 및 실제 이용형태 추가 검토 필요; 면적 11,721㎡","priority_score":40,"source":"경기부동산포털 국공유지조회·연속지적도","source_date":"2026-08-11","installed_solar_match":false}},{"type":"Feature","id":"4163011500106180012","geometry":{"type":"Point","coordinates":[127.073459,37.828823]},"properties":{"pnu":"4163011500106180012","municipality_code":"41630","municipality":"양주시","district":"양주시","locality":"고암동","address":"양주시 고암동 618-12","owner_type":"시·군유지","owner_label":"양주시","manager":"","property_class":"","land_category":"도로","area_sqm":11678.3,"area_band":"5,000㎡ 이상","interest_category":"도로","solar_candidate":"검토필요","candidate_reason":"도로점용 및 실제 이용형태 추가 검토 필요; 면적 11,678㎡","priority_score":40,"source":"경기부동산포털 국공유지조회·연속지적도","source_date":"2026-08-11","installed_solar_match":false}},{"type":"Feature","id":"4163011600200550008","geometry":{"type":"Point","coordinates":[127.0365608,37.8300363]},"properties":{"pnu":"4163011600200550008","municipality_code":"41630","municipality":"양주시","district":"양주시","locality":"덕계동","address":"양주시 덕계동 산55-8","owner_type":"시·군유지","owner_label":"양주시","manager":"","property_class":"","land_category":"도로","area_sqm":11629.0,"area_band":"5,000㎡ 이상","interest_category":"도로","solar_candidate":"검토필요","candidate_reason":"도로점용 및 실제 이용형태 추가 검토 필요; 면적 11,629㎡","priority_score":40,"source":"경기부동산포털 국공유지조회·연속지적도","source_date":"2026-08-11","installed_solar_match":false}},{"type":"Feature","id":"4163011400108920000","geometry":{"type":"Point","coordinates":[127.0746912,37.8226479]},"properties":{"pnu":"4163011400108920000","municipality_code":"41630","municipality":"양주시","district":"양주시","locality":"옥정동","address":"양주시 옥정동 892","owner_type":"시·군유지","owner_label":"양주시","manager":"","property_class":"","land_category":"도로","area_sqm":11617.1,"area_band":"5,000㎡ 이상","interest_category":"도로","solar_candidate":"검토필요","candidate_reason":"도로점용 및 실제 이용형태 추가 검토 필요; 면적 11,617㎡","priority_score":40,"source":"경기부동산포털 국공유지조회·연속지적도","source_date":"2026-08-11","installed_solar_match":false}},{"type":"Feature","id":"4163010700107120000","geometry":{"type":"Point","coordinates":[127.0829957,37.8000158]},"properties":{"pnu":"4163010700107120000","municipality_code":"41630","municipality":"양주시","district":"양주시","locality":"만송동","address":"양주시 만송동 712","owner_type":"시·군유지","owner_label":"양주시","manager":"","property_class":"","land_category":"도로","area_sqm":11420.6,"area_band":"5,000㎡ 이상","interest_category":"도로","solar_candidate":"검토필요","candidate_reason":"도로점용 및 실제 이용형태 추가 검토 필요; 면적 11,421㎡","priority_score":40,"source":"경기부동산포털 국공유지조회·연속지적도","source_date":"2026-08-11","installed_solar_match":false}},{"type":"Feature","id":"4163011500106160011","geometry":{"type":"Point","coordinates":[127.072006,37.8283194]},"properties":{"pnu":"4163011500106160011","municipality_code":"41630","municipality":"양주시","district":"양주시","locality":"고암동","address":"양주시 고암동 616-11","owner_type":"시·군유지","owner_label":"양주시","manager":"","property_class":"","land_category":"도로","area_sqm":11352.5,"area_band":"5,000㎡ 이상","interest_category":"도로","solar_candidate":"검토필요","candidate_reason":"도로점용 및 실제 이용형태 추가 검토 필요; 면적 11,352㎡","priority_score":40,"source":"경기부동산포털 국공유지조회·연속지적도","source_date":"2026-08-11","installed_solar_match":false}},{"type":"Feature","id":"4163011600109600000","geometry":{"type":"Point","coordinates":[127.0559238,37.8120448]},"properties":{"pnu":"4163011600109600000","municipality_code":"41630","municipality":"양주시","district":"양주시","locality":"덕계동","address":"양주시 덕계동 960","owner_type":"시·군유지","owner_label":"양주시","manager":"","property_class":"","land_category":"도로","area_sqm":11071.5,"area_band":"5,000㎡ 이상","interest_category":"도로","solar_candidate":"검토필요","candidate_reason":"도로점용 및 실제 이용형태 추가 검토 필요; 면적 11,072㎡","priority_score":40,"source":"경기부동산포털 국공유지조회·연속지적도","source_date":"2026-08-11","installed_solar_match":false}},{"type":"Feature","id":"4163011500106130000","geometry":{"type":"Point","coordinates":[127.0721488,37.8295151]},"properties":{"pnu":"4163011500106130000","municipality_code":"41630","municipality":"양주시","district":"양주시","locality":"고암동","address":"양주시 고암동 613","owner_type":"시·군유지","owner_label":"양주시","manager":"","property_class":"","land_category":"도로","area_sqm":10843.3,"area_band":"5,000㎡ 이상","interest_category":"도로","solar_candidate":"검토필요","candidate_reason":"도로점용 및 실제 이용형태 추가 검토 필요; 면적 10,843㎡","priority_score":40,"source":"경기부동산포털 국공유지조회·연속지적도","source_date":"2026-08-11","installed_solar_match":false}},{"type":"Feature","id":"4163011600109120000","geometry":{"type":"Point","coordinates":[127.0507809,37.8133393]},"properties":{"pnu":"4163011600109120000","municipality_code":"41630","municipality":"양주시","district":"양주시","locality":"덕계동","address":"양주시 덕계동 912","owner_type":"시·군유지","owner_label":"양주시","manager":"","property_class":"","land_category":"도로","area_sqm":10837.6,"area_band":"5,000㎡ 이상","interest_category":"도로","solar_candidate":"검토필요","candidate_reason":"도로점용 및 실제 이용형태 추가 검토 필요; 면적 10,838㎡","priority_score":40,"source":"경기부동산포털 국공유지조회·연속지적도","source_date":"2026-08-11","installed_solar_match":false}},{"type":"Feature","id":"4163011400110880000","geometry":{"type":"Point","coordinates":[127.1022408,37.8135038]},"properties":{"pnu":"4163011400110880000","municipality_code":"41630","municipality":"양주시","district":"양주시","locality":"옥정동","address":"양주시 옥정동 1088","owner_type":"시·군유지","owner_label":"양주시","manager":"","property_class":"","land_category":"도로","area_sqm":10575.1,"area_band":"5,000㎡ 이상","interest_category":"도로","solar_candidate":"검토필요","candidate_reason":"도로점용 및 실제 이용형태 추가 검토 필요; 면적 10,575㎡","priority_score":40,"source":"경기부동산포털 국공유지조회·연속지적도","source_date":"2026-08-11","installed_solar_match":false}},{"type":"Feature","id":"4163011600101520059","geometry":{"type":"Point","coordinates":[127.0616548,37.8195193]},"properties":{"pnu":"4163011600101520059","municipality_code":"41630","municipality":"양주시","district":"양주시","locality":"덕계동","address":"양주시 덕계동 152-59","owner_type":"시·군유지","owner_label":"양주시","manager":"","property_class":"","land_category":"도로","area_sqm":10534.0,"area_band":"5,000㎡ 이상","interest_category":"도로","solar_candidate":"검토필요","candidate_reason":"도로점용 및 실제 이용형태 추가 검토 필요; 면적 10,534㎡","priority_score":40,"source":"경기부동산포털 국공유지조회·연속지적도","source_date":"2026-08-11","installed_solar_match":false}},{"type":"Feature","id":"4163010700107150000","geometry":{"type":"Point","coordinates":[127.0826405,37.7976622]},"properties":{"pnu":"4163010700107150000","municipality_code":"41630","municipality":"양주시","district":"양주시","locality":"만송동","address":"양주시 만송동 715","owner_type":"시·군유지","owner_label":"양주시","manager":"","property_class":"","land_category":"도로","area_sqm":10469.5,"area_band":"5,000㎡ 이상","interest_category":"도로","solar_candidate":"검토필요","candidate_reason":"도로점용 및 실제 이용형태 추가 검토 필요; 면적 10,470㎡","priority_score":40,"source":"경기부동산포털 국공유지조회·연속지적도","source_date":"2026-08-11","installed_solar_match":false}},{"type":"Feature","id":"4163010800106950000","geometry":{"type":"Point","coordinates":[127.0905533,37.8034995]},"properties":{"pnu":"4163010800106950000","municipality_code":"41630","municipality":"양주시","district":"양주시","locality":"삼숭동","address":"양주시 삼숭동 695","owner_type":"시·군유지","owner_label":"양주시","manager":"","property_class":"","land_category":"도로","area_sqm":10375.6,"area_band":"5,000㎡ 이상","interest_category":"도로","solar_candidate":"검토필요","candidate_reason":"도로점용 및 실제 이용형태 추가 검토 필요; 면적 10,376㎡","priority_score":40,"source":"경기부동산포털 국공유지조회·연속지적도","source_date":"2026-08-11","installed_solar_match":false}},{"type":"Feature","id":"4163011400109680004","geometry":{"type":"Point","coordinates":[127.0945434,37.8198235]},"properties":{"pnu":"4163011400109680004","municipality_code":"41630","municipality":"양주시","district":"양주시","locality":"옥정동","address":"양주시 옥정동 968-4","owner_type":"시·군유지","owner_label":"양주시","manager":"","property_class":"","land_category":"도로","area_sqm":10008.6,"area_band":"5,000㎡ 이상","interest_category":"도로","solar_candidate":"검토필요","candidate_reason":"도로점용 및 실제 이용형태 추가 검토 필요; 면적 10,009㎡","priority_score":40,"source":"경기부동산포털 국공유지조회·연속지적도","source_date":"2026-08-11","installed_solar_match":false}},{"type":"Feature","id":"4163011400110570010","geometry":{"type":"Point","coordinates":[127.0970862,37.8178077]},"properties":{"pnu":"4163011400110570010","municipality_code":"41630","municipality":"양주시","district":"양주시","locality":"옥정동","address":"양주시 옥정동 1057-10","owner_type":"시·군유지","owner_label":"양주시","manager":"","property_class":"","land_category":"도로","area_sqm":9990.2,"area_band":"5,000㎡ 이상","interest_category":"도로","solar_candidate":"검토필요","candidate_reason":"도로점용 및 실제 이용형태 추가 검토 필요; 면적 9,990㎡","priority_score":40,"source":"경기부동산포털 국공유지조회·연속지적도","source_date":"2026-08-11","installed_solar_match":false}},{"type":"Feature","id":"4163011400110900000","geometry":{"type":"Point","coordinates":[127.1049727,37.8160519]},"properties":{"pnu":"4163011400110900000","municipality_code":"41630","municipality":"양주시","district":"양주시","locality":"옥정동","address":"양주시 옥정동 1090","owner_type":"시·군유지","owner_label":"양주시","manager":"","property_class":"","land_category":"도로","area_sqm":9776.7,"area_band":"5,000㎡ 이상","interest_category":"도로","solar_candidate":"검토필요","candidate_reason":"도로점용 및 실제 이용형태 추가 검토 필요; 면적 9,777㎡","priority_score":40,"source":"경기부동산포털 국공유지조회·연속지적도","source_date":"2026-08-11","installed_solar_match":false}},{"type":"Feature","id":"4163033024200230034","geometry":{"type":"Point","coordinates":[126.9152839,37.7911028]},"properties":{"pnu":"4163033024200230034","municipality_code":"41630","municipality":"양주시","district":"양주시","locality":"광적면 비암리","address":"양주시 광적면 비암리 산23-34","owner_type":"시·군유지","owner_label":"양주시","manager":"","property_class":"","land_category":"도로","area_sqm":9656.0,"area_band":"5,000㎡ 이상","interest_category":"도로","solar_candidate":"검토필요","candidate_reason":"도로점용 및 실제 이용형태 추가 검토 필요; 면적 9,656㎡","priority_score":40,"source":"경기부동산포털 국공유지조회·연속지적도","source_date":"2026-08-11","installed_solar_match":false}},{"type":"Feature","id":"4163010600107210000","geometry":{"type":"Point","coordinates":[127.0794884,37.7946147]},"properties":{"pnu":"4163010600107210000","municipality_code":"41630","municipality":"양주시","district":"양주시","locality":"광사동","address":"양주시 광사동 721","owner_type":"시·군유지","owner_label":"양주시","manager":"","property_class":"","land_category":"도로","area_sqm":9588.6,"area_band":"5,000㎡ 이상","interest_category":"도로","solar_candidate":"검토필요","candidate_reason":"도로점용 및 실제 이용형태 추가 검토 필요; 면적 9,589㎡","priority_score":40,"source":"경기부동산포털 국공유지조회·연속지적도","source_date":"2026-08-11","installed_solar_match":false}},{"type":"Feature","id":"4163010600107200000","geometry":{"type":"Point","coordinates":[127.077006,37.7939407]},"properties":{"pnu":"4163010600107200000","municipality_code":"41630","municipality":"양주시","district":"양주시","locality":"광사동","address":"양주시 광사동 720","owner_type":"시·군유지","owner_label":"양주시","manager":"","property_class":"","land_category":"도로","area_sqm":9565.0,"area_band":"5,000㎡ 이상","interest_category":"도로","solar_candidate":"검토필요","candidate_reason":"도로점용 및 실제 이용형태 추가 검토 필요; 면적 9,565㎡","priority_score":40,"source":"경기부동산포털 국공유지조회·연속지적도","source_date":"2026-08-11","installed_solar_match":false}},{"type":"Feature","id":"4163011500105790000","geometry":{"type":"Point","coordinates":[127.0741505,37.8370948]},"properties":{"pnu":"4163011500105790000","municipality_code":"41630","municipality":"양주시","district":"양주시","locality":"고암동","address":"양주시 고암동 579","owner_type":"시·군유지","owner_label":"양주시","manager":"","property_class":"","land_category":"도로","area_sqm":9503.9,"area_band":"5,000㎡ 이상","interest_category":"도로","solar_candidate":"검토필요","candidate_reason":"도로점용 및 실제 이용형태 추가 검토 필요; 면적 9,504㎡","priority_score":40,"source":"경기부동산포털 국공유지조회·연속지적도","source_date":"2026-08-11","installed_solar_match":false}},{"type":"Feature","id":"4163010400104210001","geometry":{"type":"Point","coordinates":[127.0491717,37.7656572]},"properties":{"pnu":"4163010400104210001","municipality_code":"41630","municipality":"양주시","district":"양주시","locality":"마전동","address":"양주시 마전동 421-1","owner_type":"시·군유지","owner_label":"양주시","manager":"","property_class":"","land_category":"도로","area_sqm":9464.0,"area_band":"5,000㎡ 이상","interest_category":"도로","solar_candidate":"검토필요","candidate_reason":"도로점용 및 실제 이용형태 추가 검토 필요; 면적 9,464㎡","priority_score":40,"source":"경기부동산포털 국공유지조회·연속지적도","source_date":"2026-08-11","installed_solar_match":false}},{"type":"Feature","id":"4163010900104560000","geometry":{"type":"Point","coordinates":[127.0785979,37.8011078]},"properties":{"pnu":"4163010900104560000","municipality_code":"41630","municipality":"양주시","district":"양주시","locality":"고읍동","address":"양주시 고읍동 456","owner_type":"시·군유지","owner_label":"양주시","manager":"","property_class":"","land_category":"도로","area_sqm":9455.7,"area_band":"5,000㎡ 이상","interest_category":"도로","solar_candidate":"검토필요","candidate_reason":"도로점용 및 실제 이용형태 추가 검토 필요; 면적 9,456㎡","priority_score":40,"source":"경기부동산포털 국공유지조회·연속지적도","source_date":"2026-08-11","installed_solar_match":false}},{"type":"Feature","id":"4163011400110090025","geometry":{"type":"Point","coordinates":[127.0922409,37.8329589]},"properties":{"pnu":"4163011400110090025","municipality_code":"41630","municipality":"양주시","district":"양주시","locality":"옥정동","address":"양주시 옥정동 1009-25","owner_type":"시·군유지","owner_label":"양주시","manager":"","property_class":"","land_category":"도로","area_sqm":9324.3,"area_band":"5,000㎡ 이상","interest_category":"도로","solar_candidate":"검토필요","candidate_reason":"도로점용 및 실제 이용형태 추가 검토 필요; 면적 9,324㎡","priority_score":40,"source":"경기부동산포털 국공유지조회·연속지적도","source_date":"2026-08-11","installed_solar_match":false}},{"type":"Feature","id":"4163011400109700010","geometry":{"type":"Point","coordinates":[127.0992433,37.8195042]},"properties":{"pnu":"4163011400109700010","municipality_code":"41630","municipality":"양주시","district":"양주시","locality":"옥정동","address":"양주시 옥정동 970-10","owner_type":"시·군유지","owner_label":"양주시","manager":"","property_class":"","land_category":"도로","area_sqm":9297.7,"area_band":"5,000㎡ 이상","interest_category":"도로","solar_candidate":"검토필요","candidate_reason":"도로점용 및 실제 이용형태 추가 검토 필요; 면적 9,298㎡","priority_score":40,"source":"경기부동산포털 국공유지조회·연속지적도","source_date":"2026-08-11","installed_solar_match":false}},{"type":"Feature","id":"4163010300105820000","geometry":{"type":"Point","coordinates":[127.0431574,37.7787237]},"properties":{"pnu":"4163010300105820000","municipality_code":"41630","municipality":"양주시","district":"양주시","locality":"남방동","address":"양주시 남방동 582","owner_type":"시·군유지","owner_label":"양주시","manager":"","property_class":"","land_category":"도로","area_sqm":9210.0,"area_band":"5,000㎡ 이상","interest_category":"도로","solar_candidate":"검토필요","candidate_reason":"도로점용 및 실제 이용형태 추가 검토 필요; 면적 9,210㎡","priority_score":40,"source":"경기부동산포털 국공유지조회·연속지적도","source_date":"2026-08-11","installed_solar_match":false}},{"type":"Feature","id":"4163011600109390000","geometry":{"type":"Point","coordinates":[127.0588155,37.8194383]},"properties":{"pnu":"4163011600109390000","municipality_code":"41630","municipality":"양주시","district":"양주시","locality":"덕계동","address":"양주시 덕계동 939","owner_type":"시·군유지","owner_label":"양주시","manager":"","property_class":"","land_category":"도로","area_sqm":9162.1,"area_band":"5,000㎡ 이상","interest_category":"도로","solar_candidate":"검토필요","candidate_reason":"도로점용 및 실제 이용형태 추가 검토 필요; 면적 9,162㎡","priority_score":40,"source":"경기부동산포털 국공유지조회·연속지적도","source_date":"2026-08-11","installed_solar_match":false}},{"type":"Feature","id":"4163010600105510009","geometry":{"type":"Point","coordinates":[127.0683901,37.7771142]},"properties":{"pnu":"4163010600105510009","municipality_code":"41630","municipality":"양주시","district":"양주시","locality":"광사동","address":"양주시 광사동 551-9","owner_type":"시·군유지","owner_label":"양주시","manager":"","property_class":"","land_category":"도로","area_sqm":9115.0,"area_band":"5,000㎡ 이상","interest_category":"도로","solar_candidate":"검토필요","candidate_reason":"도로점용 및 실제 이용형태 추가 검토 필요; 면적 9,115㎡","priority_score":40,"source":"경기부동산포털 국공유지조회·연속지적도","source_date":"2026-08-11","installed_solar_match":false}},{"type":"Feature","id":"4163011400110840004","geometry":{"type":"Point","coordinates":[127.1008586,37.8179008]},"properties":{"pnu":"4163011400110840004","municipality_code":"41630","municipality":"양주시","district":"양주시","locality":"옥정동","address":"양주시 옥정동 1084-4","owner_type":"시·군유지","owner_label":"양주시","manager":"","property_class":"","land_category":"도로","area_sqm":9106.6,"area_band":"5,000㎡ 이상","interest_category":"도로","solar_candidate":"검토필요","candidate_reason":"도로점용 및 실제 이용형태 추가 검토 필요; 면적 9,107㎡","priority_score":40,"source":"경기부동산포털 국공유지조회·연속지적도","source_date":"2026-08-11","installed_solar_match":false}},{"type":"Feature","id":"4163025025109470000","geometry":{"type":"Point","coordinates":[126.9643512,37.8022953]},"properties":{"pnu":"4163025025109470000","municipality_code":"41630","municipality":"양주시","district":"양주시","locality":"백석읍 홍죽리","address":"양주시 백석읍 홍죽리 947","owner_type":"시·군유지","owner_label":"양주시","manager":"","property_class":"","land_category":"도로","area_sqm":9076.5,"area_band":"5,000㎡ 이상","interest_category":"도로","solar_candidate":"검토필요","candidate_reason":"도로점용 및 실제 이용형태 추가 검토 필요; 면적 9,076㎡","priority_score":40,"source":"경기부동산포털 국공유지조회·연속지적도","source_date":"2026-08-11","installed_solar_match":false}},{"type":"Feature","id":"4163010900104580000","geometry":{"type":"Point","coordinates":[127.0792556,37.7971973]},"properties":{"pnu":"4163010900104580000","municipality_code":"41630","municipality":"양주시","district":"양주시","locality":"고읍동","address":"양주시 고읍동 458","owner_type":"시·군유지","owner_label":"양주시","manager":"","property_class":"","land_category":"도로","area_sqm":8973.2,"area_band":"5,000㎡ 이상","interest_category":"도로","solar_candidate":"검토필요","candidate_reason":"도로점용 및 실제 이용형태 추가 검토 필요; 면적 8,973㎡","priority_score":40,"source":"경기부동산포털 국공유지조회·연속지적도","source_date":"2026-08-11","installed_solar_match":false}},{"type":"Feature","id":"4163011300200550001","geometry":{"type":"Point","coordinates":[127.116184,37.8132267]},"properties":{"pnu":"4163011300200550001","municipality_code":"41630","municipality":"양주시","district":"양주시","locality":"율정동","address":"양주시 율정동 산55-1","owner_type":"시·군유지","owner_label":"양주시","manager":"","property_class":"","land_category":"도로","area_sqm":8845.0,"area_band":"5,000㎡ 이상","interest_category":"도로","solar_candidate":"검토필요","candidate_reason":"도로점용 및 실제 이용형태 추가 검토 필요; 면적 8,845㎡","priority_score":40,"source":"경기부동산포털 국공유지조회·연속지적도","source_date":"2026-08-11","installed_solar_match":false}},{"type":"Feature","id":"4163011400110030000","geometry":{"type":"Point","coordinates":[127.0953454,37.8366426]},"properties":{"pnu":"4163011400110030000","municipality_code":"41630","municipality":"양주시","district":"양주시","locality":"옥정동","address":"양주시 옥정동 1003","owner_type":"시·군유지","owner_label":"양주시","manager":"","property_class":"","land_category":"도로","area_sqm":8783.6,"area_band":"5,000㎡ 이상","interest_category":"도로","solar_candidate":"검토필요","candidate_reason":"도로점용 및 실제 이용형태 추가 검토 필요; 면적 8,784㎡","priority_score":40,"source":"경기부동산포털 국공유지조회·연속지적도","source_date":"2026-08-11","installed_solar_match":false}},{"type":"Feature","id":"4163010600107930000","geometry":{"type":"Point","coordinates":[127.0780556,37.7858558]},"properties":{"pnu":"4163010600107930000","municipality_code":"41630","municipality":"양주시","district":"양주시","locality":"광사동","address":"양주시 광사동 793","owner_type":"시·군유지","owner_label":"양주시","manager":"","property_class":"","land_category":"도로","area_sqm":8759.7,"area_band":"5,000㎡ 이상","interest_category":"도로","solar_candidate":"검토필요","candidate_reason":"도로점용 및 실제 이용형태 추가 검토 필요; 면적 8,760㎡","priority_score":40,"source":"경기부동산포털 국공유지조회·연속지적도","source_date":"2026-08-11","installed_solar_match":false}},{"type":"Feature","id":"4163010700107170000","geometry":{"type":"Point","coordinates":[127.0843623,37.7939466]},"properties":{"pnu":"4163010700107170000","municipality_code":"41630","municipality":"양주시","district":"양주시","locality":"만송동","address":"양주시 만송동 717","owner_type":"시·군유지","owner_label":"양주시","manager":"","property_class":"","land_category":"도로","area_sqm":8716.8,"area_band":"5,000㎡ 이상","interest_category":"도로","solar_candidate":"검토필요","candidate_reason":"도로점용 및 실제 이용형태 추가 검토 필요; 면적 8,717㎡","priority_score":40,"source":"경기부동산포털 국공유지조회·연속지적도","source_date":"2026-08-11","installed_solar_match":false}},{"type":"Feature","id":"4163011400109360003","geometry":{"type":"Point","coordinates":[127.0854596,37.8144344]},"properties":{"pnu":"4163011400109360003","municipality_code":"41630","municipality":"양주시","district":"양주시","locality":"옥정동","address":"양주시 옥정동 936-3","owner_type":"시·군유지","owner_label":"양주시","manager":"","property_class":"","land_category":"도로","area_sqm":8701.0,"area_band":"5,000㎡ 이상","interest_category":"도로","solar_candidate":"검토필요","candidate_reason":"도로점용 및 실제 이용형태 추가 검토 필요; 면적 8,701㎡","priority_score":40,"source":"경기부동산포털 국공유지조회·연속지적도","source_date":"2026-08-11","installed_solar_match":false}},{"type":"Feature","id":"4163010900104610000","geometry":{"type":"Point","coordinates":[127.0822168,37.8011411]},"properties":{"pnu":"4163010900104610000","municipality_code":"41630","municipality":"양주시","district":"양주시","locality":"고읍동","address":"양주시 고읍동 461","owner_type":"시·군유지","owner_label":"양주시","manager":"","property_class":"","land_category":"도로","area_sqm":8669.5,"area_band":"5,000㎡ 이상","interest_category":"도로","solar_candidate":"검토필요","candidate_reason":"도로점용 및 실제 이용형태 추가 검토 필요; 면적 8,670㎡","priority_score":40,"source":"경기부동산포털 국공유지조회·연속지적도","source_date":"2026-08-11","installed_solar_match":false}},{"type":"Feature","id":"4163032027106260008","geometry":{"type":"Point","coordinates":[126.9761061,37.8771448]},"properties":{"pnu":"4163032027106260008","municipality_code":"41630","municipality":"양주시","district":"양주시","locality":"남면 상수리","address":"양주시 남면 상수리 626-8","owner_type":"시·군유지","owner_label":"양주시","manager":"","property_class":"","land_category":"도로","area_sqm":8609.0,"area_band":"5,000㎡ 이상","interest_category":"도로","solar_candidate":"검토필요","candidate_reason":"도로점용 및 실제 이용형태 추가 검토 필요; 면적 8,609㎡","priority_score":40,"source":"경기부동산포털 국공유지조회·연속지적도","source_date":"2026-08-11","installed_solar_match":false}},{"type":"Feature","id":"4163011400111030000","geometry":{"type":"Point","coordinates":[127.0974642,37.8113748]},"properties":{"pnu":"4163011400111030000","municipality_code":"41630","municipality":"양주시","district":"양주시","locality":"옥정동","address":"양주시 옥정동 1103","owner_type":"시·군유지","owner_label":"양주시","manager":"","property_class":"","land_category":"도로","area_sqm":8560.0,"area_band":"5,000㎡ 이상","interest_category":"도로","solar_candidate":"검토필요","candidate_reason":"도로점용 및 실제 이용형태 추가 검토 필요; 면적 8,560㎡","priority_score":40,"source":"경기부동산포털 국공유지조회·연속지적도","source_date":"2026-08-11","installed_solar_match":false}},{"type":"Feature","id":"4163010900104590000","geometry":{"type":"Point","coordinates":[127.0797625,37.7972136]},"properties":{"pnu":"4163010900104590000","municipality_code":"41630","municipality":"양주시","district":"양주시","locality":"고읍동","address":"양주시 고읍동 459","owner_type":"시·군유지","owner_label":"양주시","manager":"","property_class":"","land_category":"도로","area_sqm":8542.4,"area_band":"5,000㎡ 이상","interest_category":"도로","solar_candidate":"검토필요","candidate_reason":"도로점용 및 실제 이용형태 추가 검토 필요; 면적 8,542㎡","priority_score":40,"source":"경기부동산포털 국공유지조회·연속지적도","source_date":"2026-08-11","installed_solar_match":false}},{"type":"Feature","id":"4163025025109450000","geometry":{"type":"Point","coordinates":[126.9601631,37.7995504]},"properties":{"pnu":"4163025025109450000","municipality_code":"41630","municipality":"양주시","district":"양주시","locality":"백석읍 홍죽리","address":"양주시 백석읍 홍죽리 945","owner_type":"시·군유지","owner_label":"양주시","manager":"","property_class":"","land_category":"도로","area_sqm":8537.1,"area_band":"5,000㎡ 이상","interest_category":"도로","solar_candidate":"검토필요","candidate_reason":"도로점용 및 실제 이용형태 추가 검토 필요; 면적 8,537㎡","priority_score":40,"source":"경기부동산포털 국공유지조회·연속지적도","source_date":"2026-08-11","installed_solar_match":false}},{"type":"Feature","id":"4163011000102110002","geometry":{"type":"Point","coordinates":[127.0676312,37.8385164]},"properties":{"pnu":"4163011000102110002","municipality_code":"41630","municipality":"양주시","district":"양주시","locality":"덕정동","address":"양주시 덕정동 211-2","owner_type":"시·군유지","owner_label":"양주시","manager":"","property_class":"","land_category":"도로","area_sqm":8477.8,"area_band":"5,000㎡ 이상","interest_category":"도로","solar_candidate":"검토필요","candidate_reason":"도로점용 및 실제 이용형태 추가 검토 필요; 면적 8,478㎡","priority_score":40,"source":"경기부동산포털 국공유지조회·연속지적도","source_date":"2026-08-11","installed_solar_match":false}},{"type":"Feature","id":"4163011400109750003","geometry":{"type":"Point","coordinates":[127.0903577,37.8369086]},"properties":{"pnu":"4163011400109750003","municipality_code":"41630","municipality":"양주시","district":"양주시","locality":"옥정동","address":"양주시 옥정동 975-3","owner_type":"시·군유지","owner_label":"양주시","manager":"","property_class":"","land_category":"도로","area_sqm":8370.4,"area_band":"5,000㎡ 이상","interest_category":"도로","solar_candidate":"검토필요","candidate_reason":"도로점용 및 실제 이용형태 추가 검토 필요; 면적 8,370㎡","priority_score":40,"source":"경기부동산포털 국공유지조회·연속지적도","source_date":"2026-08-11","installed_solar_match":false}},{"type":"Feature","id":"4163010600104960004","geometry":{"type":"Point","coordinates":[127.0638992,37.770153]},"properties":{"pnu":"4163010600104960004","municipality_code":"41630","municipality":"양주시","district":"양주시","locality":"광사동","address":"양주시 광사동 496-4","owner_type":"시·군유지","owner_label":"양주시","manager":"","property_class":"","land_category":"도로","area_sqm":8196.0,"area_band":"5,000㎡ 이상","interest_category":"도로","solar_candidate":"검토필요","candidate_reason":"도로점용 및 실제 이용형태 추가 검토 필요; 면적 8,196㎡","priority_score":40,"source":"경기부동산포털 국공유지조회·연속지적도","source_date":"2026-08-11","installed_solar_match":false}},{"type":"Feature","id":"4163033023200630003","geometry":{"type":"Point","coordinates":[126.9370549,37.8310166]},"properties":{"pnu":"4163033023200630003","municipality_code":"41630","municipality":"양주시","district":"양주시","locality":"광적면 우고리","address":"양주시 광적면 우고리 산63-3","owner_type":"시·군유지","owner_label":"양주시","manager":"","property_class":"","land_category":"도로","area_sqm":8125.0,"area_band":"5,000㎡ 이상","interest_category":"도로","solar_candidate":"검토필요","candidate_reason":"도로점용 및 실제 이용형태 추가 검토 필요; 면적 8,125㎡","priority_score":40,"source":"경기부동산포털 국공유지조회·연속지적도","source_date":"2026-08-11","installed_solar_match":false}},{"type":"Feature","id":"4163010300105910000","geometry":{"type":"Point","coordinates":[127.047119,37.7784197]},"properties":{"pnu":"4163010300105910000","municipality_code":"41630","municipality":"양주시","district":"양주시","locality":"남방동","address":"양주시 남방동 591","owner_type":"시·군유지","owner_label":"양주시","manager":"","property_class":"","land_category":"도로","area_sqm":8063.5,"area_band":"5,000㎡ 이상","interest_category":"도로","solar_candidate":"검토필요","candidate_reason":"도로점용 및 실제 이용형태 추가 검토 필요; 면적 8,064㎡","priority_score":40,"source":"경기부동산포털 국공유지조회·연속지적도","source_date":"2026-08-11","installed_solar_match":false}},{"type":"Feature","id":"4163025026100190016","geometry":{"type":"Point","coordinates":[126.9631189,37.8094588]},"properties":{"pnu":"4163025026100190016","municipality_code":"41630","municipality":"양주시","district":"양주시","locality":"백석읍 연곡리","address":"양주시 백석읍 연곡리 19-16","owner_type":"시·군유지","owner_label":"양주시","manager":"","property_class":"","land_category":"도로","area_sqm":7961.0,"area_band":"5,000㎡ 이상","interest_category":"도로","solar_candidate":"검토필요","candidate_reason":"도로점용 및 실제 이용형태 추가 검토 필요; 면적 7,961㎡","priority_score":40,"source":"경기부동산포털 국공유지조회·연속지적도","source_date":"2026-08-11","installed_solar_match":false}},{"type":"Feature","id":"4163010900100670000","geometry":{"type":"Point","coordinates":[127.0812725,37.8037283]},"properties":{"pnu":"4163010900100670000","municipality_code":"41630","municipality":"양주시","district":"양주시","locality":"고읍동","address":"양주시 고읍동 67","owner_type":"시·군유지","owner_label":"양주시","manager":"","property_class":"","land_category":"도로","area_sqm":7923.0,"area_band":"5,000㎡ 이상","interest_category":"도로","solar_candidate":"검토필요","candidate_reason":"도로점용 및 실제 이용형태 추가 검토 필요; 면적 7,923㎡","priority_score":40,"source":"경기부동산포털 국공유지조회·연속지적도","source_date":"2026-08-11","installed_solar_match":false}},{"type":"Feature","id":"4163011400110400010","geometry":{"type":"Point","coordinates":[127.0983717,37.82394]},"properties":{"pnu":"4163011400110400010","municipality_code":"41630","municipality":"양주시","district":"양주시","locality":"옥정동","address":"양주시 옥정동 1040-10","owner_type":"시·군유지","owner_label":"양주시","manager":"","property_class":"","land_category":"도로","area_sqm":7883.3,"area_band":"5,000㎡ 이상","interest_category":"도로","solar_candidate":"검토필요","candidate_reason":"도로점용 및 실제 이용형태 추가 검토 필요; 면적 7,883㎡","priority_score":40,"source":"경기부동산포털 국공유지조회·연속지적도","source_date":"2026-08-11","installed_solar_match":false}},{"type":"Feature","id":"4163011500102330001","geometry":{"type":"Point","coordinates":[127.0685783,37.8308699]},"properties":{"pnu":"4163011500102330001","municipality_code":"41630","municipality":"양주시","district":"양주시","locality":"고암동","address":"양주시 고암동 233-1","owner_type":"시·군유지","owner_label":"양주시","manager":"","property_class":"","land_category":"도로","area_sqm":7851.0,"area_band":"5,000㎡ 이상","interest_category":"도로","solar_candidate":"검토필요","candidate_reason":"도로점용 및 실제 이용형태 추가 검토 필요; 면적 7,851㎡","priority_score":40,"source":"경기부동산포털 국공유지조회·연속지적도","source_date":"2026-08-11","installed_solar_match":false}},{"type":"Feature","id":"4163011400109200000","geometry":{"type":"Point","coordinates":[127.0855534,37.8199646]},"properties":{"pnu":"4163011400109200000","municipality_code":"41630","municipality":"양주시","district":"양주시","locality":"옥정동","address":"양주시 옥정동 920","owner_type":"시·군유지","owner_label":"양주시","manager":"","property_class":"","land_category":"도로","area_sqm":7820.3,"area_band":"5,000㎡ 이상","interest_category":"도로","solar_candidate":"검토필요","candidate_reason":"도로점용 및 실제 이용형태 추가 검토 필요; 면적 7,820㎡","priority_score":40,"source":"경기부동산포털 국공유지조회·연속지적도","source_date":"2026-08-11","installed_solar_match":false}},{"type":"Feature","id":"4163033023103570002","geometry":{"type":"Point","coordinates":[126.9513204,37.8290795]},"properties":{"pnu":"4163033023103570002","municipality_code":"41630","municipality":"양주시","district":"양주시","locality":"광적면 우고리","address":"양주시 광적면 우고리 357-2","owner_type":"시·군유지","owner_label":"양주시","manager":"","property_class":"","land_category":"도로","area_sqm":7786.0,"area_band":"5,000㎡ 이상","interest_category":"도로","solar_candidate":"검토필요","candidate_reason":"도로점용 및 실제 이용형태 추가 검토 필요; 면적 7,786㎡","priority_score":40,"source":"경기부동산포털 국공유지조회·연속지적도","source_date":"2026-08-11","installed_solar_match":false}},{"type":"Feature","id":"4163010400200770001","geometry":{"type":"Point","coordinates":[127.0476269,37.7695259]},"properties":{"pnu":"4163010400200770001","municipality_code":"41630","municipality":"양주시","district":"양주시","locality":"마전동","address":"양주시 마전동 산77-1","owner_type":"시·군유지","owner_label":"양주시","manager":"","property_class":"","land_category":"도로","area_sqm":7726.0,"area_band":"5,000㎡ 이상","interest_category":"도로","solar_candidate":"검토필요","candidate_reason":"도로점용 및 실제 이용형태 추가 검토 필요; 면적 7,726㎡","priority_score":40,"source":"경기부동산포털 국공유지조회·연속지적도","source_date":"2026-08-11","installed_solar_match":false}},{"type":"Feature","id":"4163034025106150000","geometry":{"type":"Point","coordinates":[126.9433144,37.7210504]},"properties":{"pnu":"4163034025106150000","municipality_code":"41630","municipality":"양주시","district":"양주시","locality":"장흥면 일영리","address":"양주시 장흥면 일영리 615-0","owner_type":"시·군유지","owner_label":"양주시","manager":"","property_class":"","land_category":"도로","area_sqm":7690.7,"area_band":"5,000㎡ 이상","interest_category":"도로","solar_candidate":"검토필요","candidate_reason":"도로점용 및 실제 이용형태 추가 검토 필요; 면적 7,691㎡","priority_score":40,"source":"경기부동산포털 국공유지조회·연속지적도","source_date":"2026-08-11","installed_solar_match":false}},{"type":"Feature","id":"4163011500102290000","geometry":{"type":"Point","coordinates":[127.0719276,37.8346493]},"properties":{"pnu":"4163011500102290000","municipality_code":"41630","municipality":"양주시","district":"양주시","locality":"고암동","address":"양주시 고암동 229","owner_type":"시·군유지","owner_label":"양주시","manager":"","property_class":"","land_category":"도로","area_sqm":7683.8,"area_band":"5,000㎡ 이상","interest_category":"도로","solar_candidate":"검토필요","candidate_reason":"도로점용 및 실제 이용형태 추가 검토 필요; 면적 7,684㎡","priority_score":40,"source":"경기부동산포털 국공유지조회·연속지적도","source_date":"2026-08-11","installed_solar_match":false}},{"type":"Feature","id":"4163010700107160000","geometry":{"type":"Point","coordinates":[127.083148,37.7978669]},"properties":{"pnu":"4163010700107160000","municipality_code":"41630","municipality":"양주시","district":"양주시","locality":"만송동","address":"양주시 만송동 716","owner_type":"시·군유지","owner_label":"양주시","manager":"","property_class":"","land_category":"도로","area_sqm":7555.4,"area_band":"5,000㎡ 이상","interest_category":"도로","solar_candidate":"검토필요","candidate_reason":"도로점용 및 실제 이용형태 추가 검토 필요; 면적 7,555㎡","priority_score":40,"source":"경기부동산포털 국공유지조회·연속지적도","source_date":"2026-08-11","installed_solar_match":false}},{"type":"Feature","id":"4163025025109460000","geometry":{"type":"Point","coordinates":[126.9621334,37.8010469]},"properties":{"pnu":"4163025025109460000","municipality_code":"41630","municipality":"양주시","district":"양주시","locality":"백석읍 홍죽리","address":"양주시 백석읍 홍죽리 946","owner_type":"시·군유지","owner_label":"양주시","manager":"","property_class":"","land_category":"도로","area_sqm":7538.2,"area_band":"5,000㎡ 이상","interest_category":"도로","solar_candidate":"검토필요","candidate_reason":"도로점용 및 실제 이용형태 추가 검토 필요; 면적 7,538㎡","priority_score":40,"source":"경기부동산포털 국공유지조회·연속지적도","source_date":"2026-08-11","installed_solar_match":false}},{"type":"Feature","id":"4163010600107250000","geometry":{"type":"Point","coordinates":[127.0850118,37.7914338]},"properties":{"pnu":"4163010600107250000","municipality_code":"41630","municipality":"양주시","district":"양주시","locality":"광사동","address":"양주시 광사동 725","owner_type":"시·군유지","owner_label":"양주시","manager":"","property_class":"","land_category":"도로","area_sqm":7533.6,"area_band":"5,000㎡ 이상","interest_category":"도로","solar_candidate":"검토필요","candidate_reason":"도로점용 및 실제 이용형태 추가 검토 필요; 면적 7,534㎡","priority_score":40,"source":"경기부동산포털 국공유지조회·연속지적도","source_date":"2026-08-11","installed_solar_match":false}},{"type":"Feature","id":"4163025025109480000","geometry":{"type":"Point","coordinates":[126.9656803,37.8040438]},"properties":{"pnu":"4163025025109480000","municipality_code":"41630","municipality":"양주시","district":"양주시","locality":"백석읍 홍죽리","address":"양주시 백석읍 홍죽리 948","owner_type":"시·군유지","owner_label":"양주시","manager":"","property_class":"","land_category":"도로","area_sqm":7458.1,"area_band":"5,000㎡ 이상","interest_category":"도로","solar_candidate":"검토필요","candidate_reason":"도로점용 및 실제 이용형태 추가 검토 필요; 면적 7,458㎡","priority_score":40,"source":"경기부동산포털 국공유지조회·연속지적도","source_date":"2026-08-11","installed_solar_match":false}},{"type":"Feature","id":"4163025025109560000","geometry":{"type":"Point","coordinates":[126.9633075,37.7999413]},"properties":{"pnu":"4163025025109560000","municipality_code":"41630","municipality":"양주시","district":"양주시","locality":"백석읍 홍죽리","address":"양주시 백석읍 홍죽리 956","owner_type":"시·군유지","owner_label":"양주시","manager":"","property_class":"","land_category":"도로","area_sqm":7456.5,"area_band":"5,000㎡ 이상","interest_category":"도로","solar_candidate":"검토필요","candidate_reason":"도로점용 및 실제 이용형태 추가 검토 필요; 면적 7,456㎡","priority_score":40,"source":"경기부동산포털 국공유지조회·연속지적도","source_date":"2026-08-11","installed_solar_match":false}},{"type":"Feature","id":"4163011400109240010","geometry":{"type":"Point","coordinates":[127.0845661,37.817752]},"properties":{"pnu":"4163011400109240010","municipality_code":"41630","municipality":"양주시","district":"양주시","locality":"옥정동","address":"양주시 옥정동 924-10","owner_type":"시·군유지","owner_label":"양주시","manager":"","property_class":"","land_category":"도로","area_sqm":7448.8,"area_band":"5,000㎡ 이상","interest_category":"도로","solar_candidate":"검토필요","candidate_reason":"도로점용 및 실제 이용형태 추가 검토 필요; 면적 7,449㎡","priority_score":40,"source":"경기부동산포털 국공유지조회·연속지적도","source_date":"2026-08-11","installed_solar_match":false}},{"type":"Feature","id":"4163011400109100006","geometry":{"type":"Point","coordinates":[127.0830814,37.8219636]},"properties":{"pnu":"4163011400109100006","municipality_code":"41630","municipality":"양주시","district":"양주시","locality":"옥정동","address":"양주시 옥정동 910-6","owner_type":"시·군유지","owner_label":"양주시","manager":"","property_class":"","land_category":"도로","area_sqm":7408.1,"area_band":"5,000㎡ 이상","interest_category":"도로","solar_candidate":"검토필요","candidate_reason":"도로점용 및 실제 이용형태 추가 검토 필요; 면적 7,408㎡","priority_score":40,"source":"경기부동산포털 국공유지조회·연속지적도","source_date":"2026-08-11","installed_solar_match":false}},{"type":"Feature","id":"4163011400109760002","geometry":{"type":"Point","coordinates":[127.0931969,37.8374853]},"properties":{"pnu":"4163011400109760002","municipality_code":"41630","municipality":"양주시","district":"양주시","locality":"옥정동","address":"양주시 옥정동 976-2","owner_type":"시·군유지","owner_label":"양주시","manager":"","property_class":"","land_category":"도로","area_sqm":7400.7,"area_band":"5,000㎡ 이상","interest_category":"도로","solar_candidate":"검토필요","candidate_reason":"도로점용 및 실제 이용형태 추가 검토 필요; 면적 7,401㎡","priority_score":40,"source":"경기부동산포털 국공유지조회·연속지적도","source_date":"2026-08-11","installed_solar_match":false}},{"type":"Feature","id":"4163033023200600007","geometry":{"type":"Point","coordinates":[126.9363119,37.8289036]},"properties":{"pnu":"4163033023200600007","municipality_code":"41630","municipality":"양주시","district":"양주시","locality":"광적면 우고리","address":"양주시 광적면 우고리 산60-7","owner_type":"시·군유지","owner_label":"양주시","manager":"","property_class":"","land_category":"도로","area_sqm":7251.0,"area_band":"5,000㎡ 이상","interest_category":"도로","solar_candidate":"검토필요","candidate_reason":"도로점용 및 실제 이용형태 추가 검토 필요; 면적 7,251㎡","priority_score":40,"source":"경기부동산포털 국공유지조회·연속지적도","source_date":"2026-08-11","installed_solar_match":false}},{"type":"Feature","id":"4163010700107140000","geometry":{"type":"Point","coordinates":[127.079762,37.7969606]},"properties":{"pnu":"4163010700107140000","municipality_code":"41630","municipality":"양주시","district":"양주시","locality":"만송동","address":"양주시 만송동 714","owner_type":"시·군유지","owner_label":"양주시","manager":"","property_class":"","land_category":"도로","area_sqm":7239.7,"area_band":"5,000㎡ 이상","interest_category":"도로","solar_candidate":"검토필요","candidate_reason":"도로점용 및 실제 이용형태 추가 검토 필요; 면적 7,240㎡","priority_score":40,"source":"경기부동산포털 국공유지조회·연속지적도","source_date":"2026-08-11","installed_solar_match":false}},{"type":"Feature","id":"4163011400109440000","geometry":{"type":"Point","coordinates":[127.0898438,37.8341324]},"properties":{"pnu":"4163011400109440000","municipality_code":"41630","municipality":"양주시","district":"양주시","locality":"옥정동","address":"양주시 옥정동 944","owner_type":"시·군유지","owner_label":"양주시","manager":"","property_class":"","land_category":"도로","area_sqm":7216.9,"area_band":"5,000㎡ 이상","interest_category":"도로","solar_candidate":"검토필요","candidate_reason":"도로점용 및 실제 이용형태 추가 검토 필요; 면적 7,217㎡","priority_score":40,"source":"경기부동산포털 국공유지조회·연속지적도","source_date":"2026-08-11","installed_solar_match":false}},{"type":"Feature","id":"4163011400109460007","geometry":{"type":"Point","coordinates":[127.0892347,37.8281263]},"properties":{"pnu":"4163011400109460007","municipality_code":"41630","municipality":"양주시","district":"양주시","locality":"옥정동","address":"양주시 옥정동 946-7","owner_type":"시·군유지","owner_label":"양주시","manager":"","property_class":"","land_category":"도로","area_sqm":7173.9,"area_band":"5,000㎡ 이상","interest_category":"도로","solar_candidate":"검토필요","candidate_reason":"도로점용 및 실제 이용형태 추가 검토 필요; 면적 7,174㎡","priority_score":40,"source":"경기부동산포털 국공유지조회·연속지적도","source_date":"2026-08-11","installed_solar_match":false}},{"type":"Feature","id":"4163010600104870003","geometry":{"type":"Point","coordinates":[127.065175,37.7712386]},"properties":{"pnu":"4163010600104870003","municipality_code":"41630","municipality":"양주시","district":"양주시","locality":"광사동","address":"양주시 광사동 487-3","owner_type":"시·군유지","owner_label":"양주시","manager":"","property_class":"","land_category":"도로","area_sqm":7170.0,"area_band":"5,000㎡ 이상","interest_category":"도로","solar_candidate":"검토필요","candidate_reason":"도로점용 및 실제 이용형태 추가 검토 필요; 면적 7,170㎡","priority_score":40,"source":"경기부동산포털 국공유지조회·연속지적도","source_date":"2026-08-11","installed_solar_match":false}},{"type":"Feature","id":"4163011400109970011","geometry":{"type":"Point","coordinates":[127.0946016,37.8357512]},"properties":{"pnu":"4163011400109970011","municipality_code":"41630","municipality":"양주시","district":"양주시","locality":"옥정동","address":"양주시 옥정동 997-11","owner_type":"시·군유지","owner_label":"양주시","manager":"","property_class":"","land_category":"도로","area_sqm":7115.8,"area_band":"5,000㎡ 이상","interest_category":"도로","solar_candidate":"검토필요","candidate_reason":"도로점용 및 실제 이용형태 추가 검토 필요; 면적 7,116㎡","priority_score":40,"source":"경기부동산포털 국공유지조회·연속지적도","source_date":"2026-08-11","installed_solar_match":false}},{"type":"Feature","id":"4163011400110960002","geometry":{"type":"Point","coordinates":[127.0945117,37.8122946]},"properties":{"pnu":"4163011400110960002","municipality_code":"41630","municipality":"양주시","district":"양주시","locality":"옥정동","address":"양주시 옥정동 1096-2","owner_type":"시·군유지","owner_label":"양주시","manager":"","property_class":"","land_category":"도로","area_sqm":7110.7,"area_band":"5,000㎡ 이상","interest_category":"도로","solar_candidate":"검토필요","candidate_reason":"도로점용 및 실제 이용형태 추가 검토 필요; 면적 7,111㎡","priority_score":40,"source":"경기부동산포털 국공유지조회·연속지적도","source_date":"2026-08-11","installed_solar_match":false}},{"type":"Feature","id":"4163011600100160000","geometry":{"type":"Point","coordinates":[127.0607457,37.8063428]},"properties":{"pnu":"4163011600100160000","municipality_code":"41630","municipality":"양주시","district":"양주시","locality":"덕계동","address":"양주시 덕계동 16","owner_type":"시·군유지","owner_label":"양주시","manager":"","property_class":"","land_category":"도로","area_sqm":7050.0,"area_band":"5,000㎡ 이상","interest_category":"도로","solar_candidate":"검토필요","candidate_reason":"도로점용 및 실제 이용형태 추가 검토 필요; 면적 7,050㎡","priority_score":40,"source":"경기부동산포털 국공유지조회·연속지적도","source_date":"2026-08-11","installed_solar_match":false}},{"type":"Feature","id":"4163033021106790006","geometry":{"type":"Point","coordinates":[126.9848752,37.8191345]},"properties":{"pnu":"4163033021106790006","municipality_code":"41630","municipality":"양주시","district":"양주시","locality":"광적면 가납리","address":"양주시 광적면 가납리 679-6","owner_type":"시·군유지","owner_label":"양주시","manager":"","property_class":"","land_category":"도로","area_sqm":7011.0,"area_band":"5,000㎡ 이상","interest_category":"도로","solar_candidate":"검토필요","candidate_reason":"도로점용 및 실제 이용형태 추가 검토 필요; 면적 7,011㎡","priority_score":40,"source":"경기부동산포털 국공유지조회·연속지적도","source_date":"2026-08-11","installed_solar_match":false}},{"type":"Feature","id":"4163010700107130000","geometry":{"type":"Point","coordinates":[127.0823736,37.8008972]},"properties":{"pnu":"4163010700107130000","municipality_code":"41630","municipality":"양주시","district":"양주시","locality":"만송동","address":"양주시 만송동 713","owner_type":"시·군유지","owner_label":"양주시","manager":"","property_class":"","land_category":"도로","area_sqm":7009.0,"area_band":"5,000㎡ 이상","interest_category":"도로","solar_candidate":"검토필요","candidate_reason":"도로점용 및 실제 이용형태 추가 검토 필요; 면적 7,009㎡","priority_score":40,"source":"경기부동산포털 국공유지조회·연속지적도","source_date":"2026-08-11","installed_solar_match":false}},{"type":"Feature","id":"4163033023200130002","geometry":{"type":"Point","coordinates":[126.9585699,37.8311442]},"properties":{"pnu":"4163033023200130002","municipality_code":"41630","municipality":"양주시","district":"양주시","locality":"광적면 우고리","address":"양주시 광적면 우고리 산13-2","owner_type":"시·군유지","owner_label":"양주시","manager":"","property_class":"","land_category":"도로","area_sqm":6964.0,"area_band":"5,000㎡ 이상","interest_category":"도로","solar_candidate":"검토필요","candidate_reason":"도로점용 및 실제 이용형태 추가 검토 필요; 면적 6,964㎡","priority_score":40,"source":"경기부동산포털 국공유지조회·연속지적도","source_date":"2026-08-11","installed_solar_match":false}},{"type":"Feature","id":"4163010600107210002","geometry":{"type":"Point","coordinates":[127.0797891,37.7960264]},"properties":{"pnu":"4163010600107210002","municipality_code":"41630","municipality":"양주시","district":"양주시","locality":"광사동","address":"양주시 광사동 721-2","owner_type":"시·군유지","owner_label":"양주시","manager":"","property_class":"","land_category":"도로","area_sqm":6934.1,"area_band":"5,000㎡ 이상","interest_category":"도로","solar_candidate":"검토필요","candidate_reason":"도로점용 및 실제 이용형태 추가 검토 필요; 면적 6,934㎡","priority_score":40,"source":"경기부동산포털 국공유지조회·연속지적도","source_date":"2026-08-11","installed_solar_match":false}},{"type":"Feature","id":"4163010600201480001","geometry":{"type":"Point","coordinates":[127.0678549,37.7755452]},"properties":{"pnu":"4163010600201480001","municipality_code":"41630","municipality":"양주시","district":"양주시","locality":"광사동","address":"양주시 광사동 산148-1","owner_type":"시·군유지","owner_label":"양주시","manager":"","property_class":"","land_category":"도로","area_sqm":6880.0,"area_band":"5,000㎡ 이상","interest_category":"도로","solar_candidate":"검토필요","candidate_reason":"도로점용 및 실제 이용형태 추가 검토 필요; 면적 6,880㎡","priority_score":40,"source":"경기부동산포털 국공유지조회·연속지적도","source_date":"2026-08-11","installed_solar_match":false}},{"type":"Feature","id":"4163033021109150000","geometry":{"type":"Point","coordinates":[126.9814375,37.8207235]},"properties":{"pnu":"4163033021109150000","municipality_code":"41630","municipality":"양주시","district":"양주시","locality":"광적면 가납리","address":"양주시 광적면 가납리 915","owner_type":"시·군유지","owner_label":"양주시","manager":"","property_class":"","land_category":"도로","area_sqm":6840.4,"area_band":"5,000㎡ 이상","interest_category":"도로","solar_candidate":"검토필요","candidate_reason":"도로점용 및 실제 이용형태 추가 검토 필요; 면적 6,840㎡","priority_score":40,"source":"경기부동산포털 국공유지조회·연속지적도","source_date":"2026-08-11","installed_solar_match":false}},{"type":"Feature","id":"4163032027106690001","geometry":{"type":"Point","coordinates":[126.9968281,37.8666312]},"properties":{"pnu":"4163032027106690001","municipality_code":"41630","municipality":"양주시","district":"양주시","locality":"남면 상수리","address":"양주시 남면 상수리 669-1","owner_type":"시·군유지","owner_label":"양주시","manager":"","property_class":"","land_category":"도로","area_sqm":6791.6,"area_band":"5,000㎡ 이상","interest_category":"도로","solar_candidate":"검토필요","candidate_reason":"도로점용 및 실제 이용형태 추가 검토 필요; 면적 6,792㎡","priority_score":40,"source":"경기부동산포털 국공유지조회·연속지적도","source_date":"2026-08-11","installed_solar_match":false}},{"type":"Feature","id":"4163025025109440000","geometry":{"type":"Point","coordinates":[126.9582092,37.7984396]},"properties":{"pnu":"4163025025109440000","municipality_code":"41630","municipality":"양주시","district":"양주시","locality":"백석읍 홍죽리","address":"양주시 백석읍 홍죽리 944","owner_type":"시·군유지","owner_label":"양주시","manager":"","property_class":"","land_category":"도로","area_sqm":6696.0,"area_band":"5,000㎡ 이상","interest_category":"도로","solar_candidate":"검토필요","candidate_reason":"도로점용 및 실제 이용형태 추가 검토 필요; 면적 6,696㎡","priority_score":40,"source":"경기부동산포털 국공유지조회·연속지적도","source_date":"2026-08-11","installed_solar_match":false}},{"type":"Feature","id":"4163034025106130000","geometry":{"type":"Point","coordinates":[126.9387642,37.7183086]},"properties":{"pnu":"4163034025106130000","municipality_code":"41630","municipality":"양주시","district":"양주시","locality":"장흥면 일영리","address":"양주시 장흥면 일영리 613","owner_type":"시·군유지","owner_label":"양주시","manager":"","property_class":"","land_category":"도로","area_sqm":6671.3,"area_band":"5,000㎡ 이상","interest_category":"도로","solar_candidate":"검토필요","candidate_reason":"도로점용 및 실제 이용형태 추가 검토 필요; 면적 6,671㎡","priority_score":40,"source":"경기부동산포털 국공유지조회·연속지적도","source_date":"2026-08-11","installed_solar_match":false}},{"type":"Feature","id":"4163010300105950001","geometry":{"type":"Point","coordinates":[127.0469475,37.7745768]},"properties":{"pnu":"4163010300105950001","municipality_code":"41630","municipality":"양주시","district":"양주시","locality":"남방동","address":"양주시 남방동 595-1","owner_type":"시·군유지","owner_label":"양주시","manager":"","property_class":"","land_category":"도로","area_sqm":6574.3,"area_band":"5,000㎡ 이상","interest_category":"도로","solar_candidate":"검토필요","candidate_reason":"도로점용 및 실제 이용형태 추가 검토 필요; 면적 6,574㎡","priority_score":40,"source":"경기부동산포털 국공유지조회·연속지적도","source_date":"2026-08-11","installed_solar_match":false}},{"type":"Feature","id":"4163011400110060003","geometry":{"type":"Point","coordinates":[127.0973354,37.8383929]},"properties":{"pnu":"4163011400110060003","municipality_code":"41630","municipality":"양주시","district":"양주시","locality":"옥정동","address":"양주시 옥정동 1006-3","owner_type":"시·군유지","owner_label":"양주시","manager":"","property_class":"","land_category":"도로","area_sqm":6570.4,"area_band":"5,000㎡ 이상","interest_category":"도로","solar_candidate":"검토필요","candidate_reason":"도로점용 및 실제 이용형태 추가 검토 필요; 면적 6,570㎡","priority_score":40,"source":"경기부동산포털 국공유지조회·연속지적도","source_date":"2026-08-11","installed_solar_match":false}},{"type":"Feature","id":"4163011600104660004","geometry":{"type":"Point","coordinates":[127.0474766,37.8219862]},"properties":{"pnu":"4163011600104660004","municipality_code":"41630","municipality":"양주시","district":"양주시","locality":"덕계동","address":"양주시 덕계동 466-4","owner_type":"시·군유지","owner_label":"양주시","manager":"","property_class":"","land_category":"도로","area_sqm":6544.0,"area_band":"5,000㎡ 이상","interest_category":"도로","solar_candidate":"검토필요","candidate_reason":"도로점용 및 실제 이용형태 추가 검토 필요; 면적 6,544㎡","priority_score":40,"source":"경기부동산포털 국공유지조회·연속지적도","source_date":"2026-08-11","installed_solar_match":false}},{"type":"Feature","id":"4163011600109670000","geometry":{"type":"Point","coordinates":[127.0573864,37.8143216]},"properties":{"pnu":"4163011600109670000","municipality_code":"41630","municipality":"양주시","district":"양주시","locality":"덕계동","address":"양주시 덕계동 967","owner_type":"시·군유지","owner_label":"양주시","manager":"","property_class":"","land_category":"도로","area_sqm":6530.0,"area_band":"5,000㎡ 이상","interest_category":"도로","solar_candidate":"검토필요","candidate_reason":"도로점용 및 실제 이용형태 추가 검토 필요; 면적 6,530㎡","priority_score":40,"source":"경기부동산포털 국공유지조회·연속지적도","source_date":"2026-08-11","installed_solar_match":false}},{"type":"Feature","id":"4163011600108870000","geometry":{"type":"Point","coordinates":[127.0547352,37.820978]},"properties":{"pnu":"4163011600108870000","municipality_code":"41630","municipality":"양주시","district":"양주시","locality":"덕계동","address":"양주시 덕계동 887","owner_type":"시·군유지","owner_label":"양주시","manager":"","property_class":"","land_category":"도로","area_sqm":6523.2,"area_band":"5,000㎡ 이상","interest_category":"도로","solar_candidate":"검토필요","candidate_reason":"도로점용 및 실제 이용형태 추가 검토 필요; 면적 6,523㎡","priority_score":40,"source":"경기부동산포털 국공유지조회·연속지적도","source_date":"2026-08-11","installed_solar_match":false}},{"type":"Feature","id":"4163031021100880003","geometry":{"type":"Point","coordinates":[127.0537699,37.8727679]},"properties":{"pnu":"4163031021100880003","municipality_code":"41630","municipality":"양주시","district":"양주시","locality":"은현면 용암리","address":"양주시 은현면 용암리 88-3","owner_type":"시·군유지","owner_label":"양주시","manager":"","property_class":"","land_category":"도로","area_sqm":6410.0,"area_band":"5,000㎡ 이상","interest_category":"도로","solar_candidate":"검토필요","candidate_reason":"도로점용 및 실제 이용형태 추가 검토 필요; 면적 6,410㎡","priority_score":40,"source":"경기부동산포털 국공유지조회·연속지적도","source_date":"2026-08-11","installed_solar_match":false}},{"type":"Feature","id":"4163033027106200010","geometry":{"type":"Point","coordinates":[126.9682615,37.8377088]},"properties":{"pnu":"4163033027106200010","municipality_code":"41630","municipality":"양주시","district":"양주시","locality":"광적면 석우리","address":"양주시 광적면 석우리 620-10","owner_type":"시·군유지","owner_label":"양주시","manager":"","property_class":"","land_category":"도로","area_sqm":6369.0,"area_band":"5,000㎡ 이상","interest_category":"도로","solar_candidate":"검토필요","candidate_reason":"도로점용 및 실제 이용형태 추가 검토 필요; 면적 6,369㎡","priority_score":40,"source":"경기부동산포털 국공유지조회·연속지적도","source_date":"2026-08-11","installed_solar_match":false}},{"type":"Feature","id":"4163011400109160007","geometry":{"type":"Point","coordinates":[127.0864496,37.8220861]},"properties":{"pnu":"4163011400109160007","municipality_code":"41630","municipality":"양주시","district":"양주시","locality":"옥정동","address":"양주시 옥정동 916-7","owner_type":"시·군유지","owner_label":"양주시","manager":"","property_class":"","land_category":"도로","area_sqm":6335.1,"area_band":"5,000㎡ 이상","interest_category":"도로","solar_candidate":"검토필요","candidate_reason":"도로점용 및 실제 이용형태 추가 검토 필요; 면적 6,335㎡","priority_score":40,"source":"경기부동산포털 국공유지조회·연속지적도","source_date":"2026-08-11","installed_solar_match":false}},{"type":"Feature","id":"4163010600107240000","geometry":{"type":"Point","coordinates":[127.0818279,37.7937545]},"properties":{"pnu":"4163010600107240000","municipality_code":"41630","municipality":"양주시","district":"양주시","locality":"광사동","address":"양주시 광사동 724","owner_type":"시·군유지","owner_label":"양주시","manager":"","property_class":"","land_category":"도로","area_sqm":6332.3,"area_band":"5,000㎡ 이상","interest_category":"도로","solar_candidate":"검토필요","candidate_reason":"도로점용 및 실제 이용형태 추가 검토 필요; 면적 6,332㎡","priority_score":40,"source":"경기부동산포털 국공유지조회·연속지적도","source_date":"2026-08-11","installed_solar_match":false}},{"type":"Feature","id":"4163010800200300002","geometry":{"type":"Point","coordinates":[127.1184318,37.8107348]},"properties":{"pnu":"4163010800200300002","municipality_code":"41630","municipality":"양주시","district":"양주시","locality":"삼숭동","address":"양주시 삼숭동 산30-2","owner_type":"시·군유지","owner_label":"양주시","manager":"","property_class":"","land_category":"도로","area_sqm":6321.0,"area_band":"5,000㎡ 이상","interest_category":"도로","solar_candidate":"검토필요","candidate_reason":"도로점용 및 실제 이용형태 추가 검토 필요; 면적 6,321㎡","priority_score":40,"source":"경기부동산포털 국공유지조회·연속지적도","source_date":"2026-08-11","installed_solar_match":false}},{"type":"Feature","id":"4163010600107790000","geometry":{"type":"Point","coordinates":[127.0805266,37.7863634]},"properties":{"pnu":"4163010600107790000","municipality_code":"41630","municipality":"양주시","district":"양주시","locality":"광사동","address":"양주시 광사동 779","owner_type":"시·군유지","owner_label":"양주시","manager":"","property_class":"","land_category":"도로","area_sqm":6282.1,"area_band":"5,000㎡ 이상","interest_category":"도로","solar_candidate":"검토필요","candidate_reason":"도로점용 및 실제 이용형태 추가 검토 필요; 면적 6,282㎡","priority_score":40,"source":"경기부동산포털 국공유지조회·연속지적도","source_date":"2026-08-11","installed_solar_match":false}},{"type":"Feature","id":"4163011500101190000","geometry":{"type":"Point","coordinates":[127.0713277,37.8381911]},"properties":{"pnu":"4163011500101190000","municipality_code":"41630","municipality":"양주시","district":"양주시","locality":"고암동","address":"양주시 고암동 119","owner_type":"시·군유지","owner_label":"양주시","manager":"","property_class":"","land_category":"도로","area_sqm":6252.7,"area_band":"5,000㎡ 이상","interest_category":"도로","solar_candidate":"검토필요","candidate_reason":"도로점용 및 실제 이용형태 추가 검토 필요; 면적 6,253㎡","priority_score":40,"source":"경기부동산포털 국공유지조회·연속지적도","source_date":"2026-08-11","installed_solar_match":false}},{"type":"Feature","id":"4163025026100270004","geometry":{"type":"Point","coordinates":[126.962245,37.8107242]},"properties":{"pnu":"4163025026100270004","municipality_code":"41630","municipality":"양주시","district":"양주시","locality":"백석읍 연곡리","address":"양주시 백석읍 연곡리 27-4","owner_type":"시·군유지","owner_label":"양주시","manager":"","property_class":"","land_category":"도로","area_sqm":6208.0,"area_band":"5,000㎡ 이상","interest_category":"도로","solar_candidate":"검토필요","candidate_reason":"도로점용 및 실제 이용형태 추가 검토 필요; 면적 6,208㎡","priority_score":40,"source":"경기부동산포털 국공유지조회·연속지적도","source_date":"2026-08-11","installed_solar_match":false}},{"type":"Feature","id":"4163011400109520004","geometry":{"type":"Point","coordinates":[127.0930344,37.828061]},"properties":{"pnu":"4163011400109520004","municipality_code":"41630","municipality":"양주시","district":"양주시","locality":"옥정동","address":"양주시 옥정동 952-4","owner_type":"시·군유지","owner_label":"양주시","manager":"","property_class":"","land_category":"도로","area_sqm":6198.1,"area_band":"5,000㎡ 이상","interest_category":"도로","solar_candidate":"검토필요","candidate_reason":"도로점용 및 실제 이용형태 추가 검토 필요; 면적 6,198㎡","priority_score":40,"source":"경기부동산포털 국공유지조회·연속지적도","source_date":"2026-08-11","installed_solar_match":false}},{"type":"Feature","id":"4163011400109050007","geometry":{"type":"Point","coordinates":[127.0815112,37.8241935]},"properties":{"pnu":"4163011400109050007","municipality_code":"41630","municipality":"양주시","district":"양주시","locality":"옥정동","address":"양주시 옥정동 905-7","owner_type":"시·군유지","owner_label":"양주시","manager":"","property_class":"","land_category":"도로","area_sqm":6182.8,"area_band":"5,000㎡ 이상","interest_category":"도로","solar_candidate":"검토필요","candidate_reason":"도로점용 및 실제 이용형태 추가 검토 필요; 면적 6,183㎡","priority_score":40,"source":"경기부동산포털 국공유지조회·연속지적도","source_date":"2026-08-11","installed_solar_match":false}},{"type":"Feature","id":"4163011400109480004","geometry":{"type":"Point","coordinates":[127.0880653,37.826709]},"properties":{"pnu":"4163011400109480004","municipality_code":"41630","municipality":"양주시","district":"양주시","locality":"옥정동","address":"양주시 옥정동 948-4","owner_type":"시·군유지","owner_label":"양주시","manager":"","property_class":"","land_category":"도로","area_sqm":6127.5,"area_band":"5,000㎡ 이상","interest_category":"도로","solar_candidate":"검토필요","candidate_reason":"도로점용 및 실제 이용형태 추가 검토 필요; 면적 6,128㎡","priority_score":40,"source":"경기부동산포털 국공유지조회·연속지적도","source_date":"2026-08-11","installed_solar_match":false}},{"type":"Feature","id":"4163011400110300005","geometry":{"type":"Point","coordinates":[127.09679,37.8271775]},"properties":{"pnu":"4163011400110300005","municipality_code":"41630","municipality":"양주시","district":"양주시","locality":"옥정동","address":"양주시 옥정동 1030-5","owner_type":"시·군유지","owner_label":"양주시","manager":"","property_class":"","land_category":"도로","area_sqm":6073.7,"area_band":"5,000㎡ 이상","interest_category":"도로","solar_candidate":"검토필요","candidate_reason":"도로점용 및 실제 이용형태 추가 검토 필요; 면적 6,074㎡","priority_score":40,"source":"경기부동산포털 국공유지조회·연속지적도","source_date":"2026-08-11","installed_solar_match":false}},{"type":"Feature","id":"4163010600107280000","geometry":{"type":"Point","coordinates":[127.0825015,37.7882575]},"properties":{"pnu":"4163010600107280000","municipality_code":"41630","municipality":"양주시","district":"양주시","locality":"광사동","address":"양주시 광사동 728","owner_type":"시·군유지","owner_label":"양주시","manager":"","property_class":"","land_category":"도로","area_sqm":5936.0,"area_band":"5,000㎡ 이상","interest_category":"도로","solar_candidate":"검토필요","candidate_reason":"도로점용 및 실제 이용형태 추가 검토 필요; 면적 5,936㎡","priority_score":40,"source":"경기부동산포털 국공유지조회·연속지적도","source_date":"2026-08-11","installed_solar_match":false}},{"type":"Feature","id":"4163011400109620007","geometry":{"type":"Point","coordinates":[127.0929351,37.8224836]},"properties":{"pnu":"4163011400109620007","municipality_code":"41630","municipality":"양주시","district":"양주시","locality":"옥정동","address":"양주시 옥정동 962-7","owner_type":"시·군유지","owner_label":"양주시","manager":"","property_class":"","land_category":"도로","area_sqm":5781.5,"area_band":"5,000㎡ 이상","interest_category":"도로","solar_candidate":"검토필요","candidate_reason":"도로점용 및 실제 이용형태 추가 검토 필요; 면적 5,782㎡","priority_score":40,"source":"경기부동산포털 국공유지조회·연속지적도","source_date":"2026-08-11","installed_solar_match":false}},{"type":"Feature","id":"4163010600107270000","geometry":{"type":"Point","coordinates":[127.0816216,37.7916595]},"properties":{"pnu":"4163010600107270000","municipality_code":"41630","municipality":"양주시","district":"양주시","locality":"광사동","address":"양주시 광사동 727","owner_type":"시·군유지","owner_label":"양주시","manager":"","property_class":"","land_category":"도로","area_sqm":5723.0,"area_band":"5,000㎡ 이상","interest_category":"도로","solar_candidate":"검토필요","candidate_reason":"도로점용 및 실제 이용형태 추가 검토 필요; 면적 5,723㎡","priority_score":40,"source":"경기부동산포털 국공유지조회·연속지적도","source_date":"2026-08-11","installed_solar_match":false}},{"type":"Feature","id":"4163011400109790003","geometry":{"type":"Point","coordinates":[127.0922964,37.8384695]},"properties":{"pnu":"4163011400109790003","municipality_code":"41630","municipality":"양주시","district":"양주시","locality":"옥정동","address":"양주시 옥정동 979-3","owner_type":"시·군유지","owner_label":"양주시","manager":"","property_class":"","land_category":"도로","area_sqm":5658.0,"area_band":"5,000㎡ 이상","interest_category":"도로","solar_candidate":"검토필요","candidate_reason":"도로점용 및 실제 이용형태 추가 검토 필요; 면적 5,658㎡","priority_score":40,"source":"경기부동산포털 국공유지조회·연속지적도","source_date":"2026-08-11","installed_solar_match":false}},{"type":"Feature","id":"4163010900104570000","geometry":{"type":"Point","coordinates":[127.0792411,37.7993025]},"properties":{"pnu":"4163010900104570000","municipality_code":"41630","municipality":"양주시","district":"양주시","locality":"고읍동","address":"양주시 고읍동 457","owner_type":"시·군유지","owner_label":"양주시","manager":"","property_class":"","land_category":"도로","area_sqm":5653.9,"area_band":"5,000㎡ 이상","interest_category":"도로","solar_candidate":"검토필요","candidate_reason":"도로점용 및 실제 이용형태 추가 검토 필요; 면적 5,654㎡","priority_score":40,"source":"경기부동산포털 국공유지조회·연속지적도","source_date":"2026-08-11","installed_solar_match":true,"installed_solar_count":1,"installed_solar_area_sqm":18.3,"installed_solar_analysis_years":["2024"],"installed_solar_types":["기타"],"installed_solar_permit_status_counts":{"N":1}}},{"type":"Feature","id":"4163010600107300000","geometry":{"type":"Point","coordinates":[127.0834503,37.7891931]},"properties":{"pnu":"4163010600107300000","municipality_code":"41630","municipality":"양주시","district":"양주시","locality":"광사동","address":"양주시 광사동 730","owner_type":"시·군유지","owner_label":"양주시","manager":"","property_class":"","land_category":"도로","area_sqm":5637.5,"area_band":"5,000㎡ 이상","interest_category":"도로","solar_candidate":"검토필요","candidate_reason":"도로점용 및 실제 이용형태 추가 검토 필요; 면적 5,638㎡","priority_score":40,"source":"경기부동산포털 국공유지조회·연속지적도","source_date":"2026-08-11","installed_solar_match":false}},{"type":"Feature","id":"4163010600105120001","geometry":{"type":"Point","coordinates":[127.0662741,37.7726281]},"properties":{"pnu":"4163010600105120001","municipality_code":"41630","municipality":"양주시","district":"양주시","locality":"광사동","address":"양주시 광사동 512-1","owner_type":"시·군유지","owner_label":"양주시","manager":"","property_class":"","land_category":"도로","area_sqm":5607.0,"area_band":"5,000㎡ 이상","interest_category":"도로","solar_candidate":"검토필요","candidate_reason":"도로점용 및 실제 이용형태 추가 검토 필요; 면적 5,607㎡","priority_score":40,"source":"경기부동산포털 국공유지조회·연속지적도","source_date":"2026-08-11","installed_solar_match":false}},{"type":"Feature","id":"4163011600109340000","geometry":{"type":"Point","coordinates":[127.0549929,37.8179846]},"properties":{"pnu":"4163011600109340000","municipality_code":"41630","municipality":"양주시","district":"양주시","locality":"덕계동","address":"양주시 덕계동 934","owner_type":"시·군유지","owner_label":"양주시","manager":"","property_class":"","land_category":"도로","area_sqm":5574.2,"area_band":"5,000㎡ 이상","interest_category":"도로","solar_candidate":"검토필요","candidate_reason":"도로점용 및 실제 이용형태 추가 검토 필요; 면적 5,574㎡","priority_score":40,"source":"경기부동산포털 국공유지조회·연속지적도","source_date":"2026-08-11","installed_solar_match":false}},{"type":"Feature","id":"4163010300105870000","geometry":{"type":"Point","coordinates":[127.0432305,37.7776733]},"properties":{"pnu":"4163010300105870000","municipality_code":"41630","municipality":"양주시","district":"양주시","locality":"남방동","address":"양주시 남방동 587","owner_type":"시·군유지","owner_label":"양주시","manager":"","property_class":"","land_category":"도로","area_sqm":5497.8,"area_band":"5,000㎡ 이상","interest_category":"도로","solar_candidate":"검토필요","candidate_reason":"도로점용 및 실제 이용형태 추가 검토 필요; 면적 5,498㎡","priority_score":40,"source":"경기부동산포털 국공유지조회·연속지적도","source_date":"2026-08-11","installed_solar_match":false}},{"type":"Feature","id":"4163011400110830002","geometry":{"type":"Point","coordinates":[127.0966593,37.8149804]},"properties":{"pnu":"4163011400110830002","municipality_code":"41630","municipality":"양주시","district":"양주시","locality":"옥정동","address":"양주시 옥정동 1083-2","owner_type":"시·군유지","owner_label":"양주시","manager":"","property_class":"","land_category":"도로","area_sqm":5467.8,"area_band":"5,000㎡ 이상","interest_category":"도로","solar_candidate":"검토필요","candidate_reason":"도로점용 및 실제 이용형태 추가 검토 필요; 면적 5,468㎡","priority_score":40,"source":"경기부동산포털 국공유지조회·연속지적도","source_date":"2026-08-11","installed_solar_match":false}},{"type":"Feature","id":"4163034025200740004","geometry":{"type":"Point","coordinates":[126.9273685,37.7182357]},"properties":{"pnu":"4163034025200740004","municipality_code":"41630","municipality":"양주시","district":"양주시","locality":"장흥면 일영리","address":"양주시 장흥면 일영리 산74-4","owner_type":"시·군유지","owner_label":"양주시","manager":"","property_class":"","land_category":"도로","area_sqm":5466.0,"area_band":"5,000㎡ 이상","interest_category":"도로","solar_candidate":"검토필요","candidate_reason":"도로점용 및 실제 이용형태 추가 검토 필요; 면적 5,466㎡","priority_score":40,"source":"경기부동산포털 국공유지조회·연속지적도","source_date":"2026-08-11","installed_solar_match":false}},{"type":"Feature","id":"4163011000102110000","geometry":{"type":"Point","coordinates":[127.0625582,37.8412704]},"properties":{"pnu":"4163011000102110000","municipality_code":"41630","municipality":"양주시","district":"양주시","locality":"덕정동","address":"양주시 덕정동 211","owner_type":"시·군유지","owner_label":"양주시","manager":"","property_class":"","land_category":"도로","area_sqm":5461.5,"area_band":"5,000㎡ 이상","interest_category":"도로","solar_candidate":"검토필요","candidate_reason":"도로점용 및 실제 이용형태 추가 검토 필요; 면적 5,462㎡","priority_score":40,"source":"경기부동산포털 국공유지조회·연속지적도","source_date":"2026-08-11","installed_solar_match":false}},{"type":"Feature","id":"4163010900103850005","geometry":{"type":"Point","coordinates":[127.0717829,37.8020016]},"properties":{"pnu":"4163010900103850005","municipality_code":"41630","municipality":"양주시","district":"양주시","locality":"고읍동","address":"양주시 고읍동 385-5","owner_type":"시·군유지","owner_label":"양주시","manager":"","property_class":"","land_category":"도로","area_sqm":5415.0,"area_band":"5,000㎡ 이상","interest_category":"도로","solar_candidate":"검토필요","candidate_reason":"도로점용 및 실제 이용형태 추가 검토 필요; 면적 5,415㎡","priority_score":40,"source":"경기부동산포털 국공유지조회·연속지적도","source_date":"2026-08-11","installed_solar_match":false}},{"type":"Feature","id":"4163033027107230003","geometry":{"type":"Point","coordinates":[126.9814735,37.8269144]},"properties":{"pnu":"4163033027107230003","municipality_code":"41630","municipality":"양주시","district":"양주시","locality":"광적면 석우리","address":"양주시 광적면 석우리 723-3","owner_type":"시·군유지","owner_label":"양주시","manager":"","property_class":"","land_category":"도로","area_sqm":5411.6,"area_band":"5,000㎡ 이상","interest_category":"도로","solar_candidate":"검토필요","candidate_reason":"도로점용 및 실제 이용형태 추가 검토 필요; 면적 5,412㎡","priority_score":40,"source":"경기부동산포털 국공유지조회·연속지적도","source_date":"2026-08-11","installed_solar_match":false}},{"type":"Feature","id":"4163032027106690005","geometry":{"type":"Point","coordinates":[126.9972413,37.8649334]},"properties":{"pnu":"4163032027106690005","municipality_code":"41630","municipality":"양주시","district":"양주시","locality":"남면 상수리","address":"양주시 남면 상수리 669-5","owner_type":"시·군유지","owner_label":"양주시","manager":"","property_class":"","land_category":"도로","area_sqm":5408.0,"area_band":"5,000㎡ 이상","interest_category":"도로","solar_candidate":"검토필요","candidate_reason":"도로점용 및 실제 이용형태 추가 검토 필요; 면적 5,408㎡","priority_score":40,"source":"경기부동산포털 국공유지조회·연속지적도","source_date":"2026-08-11","installed_solar_match":false}},{"type":"Feature","id":"4163033023200650014","geometry":{"type":"Point","coordinates":[126.9407246,37.8321259]},"properties":{"pnu":"4163033023200650014","municipality_code":"41630","municipality":"양주시","district":"양주시","locality":"광적면 우고리","address":"양주시 광적면 우고리 산65-14","owner_type":"시·군유지","owner_label":"양주시","manager":"","property_class":"","land_category":"도로","area_sqm":5378.0,"area_band":"5,000㎡ 이상","interest_category":"도로","solar_candidate":"검토필요","candidate_reason":"도로점용 및 실제 이용형태 추가 검토 필요; 면적 5,378㎡","priority_score":40,"source":"경기부동산포털 국공유지조회·연속지적도","source_date":"2026-08-11","installed_solar_match":false}},{"type":"Feature","id":"4163032029100860006","geometry":{"type":"Point","coordinates":[127.0039673,37.8958109]},"properties":{"pnu":"4163032029100860006","municipality_code":"41630","municipality":"양주시","district":"양주시","locality":"남면 한산리","address":"양주시 남면 한산리 86-6","owner_type":"시·군유지","owner_label":"양주시","manager":"","property_class":"","land_category":"도로","area_sqm":5324.0,"area_band":"5,000㎡ 이상","interest_category":"도로","solar_candidate":"검토필요","candidate_reason":"도로점용 및 실제 이용형태 추가 검토 필요; 면적 5,324㎡","priority_score":40,"source":"경기부동산포털 국공유지조회·연속지적도","source_date":"2026-08-11","installed_solar_match":false}},{"type":"Feature","id":"4163010900101060000","geometry":{"type":"Point","coordinates":[127.0794685,37.8032345]},"properties":{"pnu":"4163010900101060000","municipality_code":"41630","municipality":"양주시","district":"양주시","locality":"고읍동","address":"양주시 고읍동 106","owner_type":"시·군유지","owner_label":"양주시","manager":"","property_class":"","land_category":"도로","area_sqm":5322.0,"area_band":"5,000㎡ 이상","interest_category":"도로","solar_candidate":"검토필요","candidate_reason":"도로점용 및 실제 이용형태 추가 검토 필요; 면적 5,322㎡","priority_score":40,"source":"경기부동산포털 국공유지조회·연속지적도","source_date":"2026-08-11","installed_solar_match":false}},{"type":"Feature","id":"4163025026102260001","geometry":{"type":"Point","coordinates":[126.9520676,37.817329]},"properties":{"pnu":"4163025026102260001","municipality_code":"41630","municipality":"양주시","district":"양주시","locality":"백석읍 연곡리","address":"양주시 백석읍 연곡리 226-1","owner_type":"시·군유지","owner_label":"양주시","manager":"","property_class":"","land_category":"도로","area_sqm":5322.0,"area_band":"5,000㎡ 이상","interest_category":"도로","solar_candidate":"검토필요","candidate_reason":"도로점용 및 실제 이용형태 추가 검토 필요; 면적 5,322㎡","priority_score":40,"source":"경기부동산포털 국공유지조회·연속지적도","source_date":"2026-08-11","installed_solar_match":false}},{"type":"Feature","id":"4163011400110120015","geometry":{"type":"Point","coordinates":[127.0946276,37.8344703]},"properties":{"pnu":"4163011400110120015","municipality_code":"41630","municipality":"양주시","district":"양주시","locality":"옥정동","address":"양주시 옥정동 1012-15","owner_type":"시·군유지","owner_label":"양주시","manager":"","property_class":"","land_category":"도로","area_sqm":5259.6,"area_band":"5,000㎡ 이상","interest_category":"도로","solar_candidate":"검토필요","candidate_reason":"도로점용 및 실제 이용형태 추가 검토 필요; 면적 5,260㎡","priority_score":40,"source":"경기부동산포털 국공유지조회·연속지적도","source_date":"2026-08-11","installed_solar_match":false}},{"type":"Feature","id":"4163011600109410000","geometry":{"type":"Point","coordinates":[127.0569886,37.81859]},"properties":{"pnu":"4163011600109410000","municipality_code":"41630","municipality":"양주시","district":"양주시","locality":"덕계동","address":"양주시 덕계동 941","owner_type":"시·군유지","owner_label":"양주시","manager":"","property_class":"","land_category":"도로","area_sqm":5244.9,"area_band":"5,000㎡ 이상","interest_category":"도로","solar_candidate":"검토필요","candidate_reason":"도로점용 및 실제 이용형태 추가 검토 필요; 면적 5,245㎡","priority_score":40,"source":"경기부동산포털 국공유지조회·연속지적도","source_date":"2026-08-11","installed_solar_match":false}},{"type":"Feature","id":"4163033027107230002","geometry":{"type":"Point","coordinates":[126.98056,37.8284579]},"properties":{"pnu":"4163033027107230002","municipality_code":"41630","municipality":"양주시","district":"양주시","locality":"광적면 석우리","address":"양주시 광적면 석우리 723-2","owner_type":"시·군유지","owner_label":"양주시","manager":"","property_class":"","land_category":"도로","area_sqm":5207.8,"area_band":"5,000㎡ 이상","interest_category":"도로","solar_candidate":"검토필요","candidate_reason":"도로점용 및 실제 이용형태 추가 검토 필요; 면적 5,208㎡","priority_score":40,"source":"경기부동산포털 국공유지조회·연속지적도","source_date":"2026-08-11","installed_solar_match":false}},{"type":"Feature","id":"4163033027104070001","geometry":{"type":"Point","coordinates":[126.980376,37.8276367]},"properties":{"pnu":"4163033027104070001","municipality_code":"41630","municipality":"양주시","district":"양주시","locality":"광적면 석우리","address":"양주시 광적면 석우리 407-1","owner_type":"시·군유지","owner_label":"양주시","manager":"","property_class":"","land_category":"도로","area_sqm":5134.0,"area_band":"5,000㎡ 이상","interest_category":"도로","solar_candidate":"검토필요","candidate_reason":"도로점용 및 실제 이용형태 추가 검토 필요; 면적 5,134㎡","priority_score":40,"source":"경기부동산포털 국공유지조회·연속지적도","source_date":"2026-08-11","installed_solar_match":false}},{"type":"Feature","id":"4163033021109210000","geometry":{"type":"Point","coordinates":[126.9809742,37.8191094]},"properties":{"pnu":"4163033021109210000","municipality_code":"41630","municipality":"양주시","district":"양주시","locality":"광적면 가납리","address":"양주시 광적면 가납리 921","owner_type":"시·군유지","owner_label":"양주시","manager":"","property_class":"","land_category":"도로","area_sqm":5132.0,"area_band":"5,000㎡ 이상","interest_category":"도로","solar_candidate":"검토필요","candidate_reason":"도로점용 및 실제 이용형태 추가 검토 필요; 면적 5,132㎡","priority_score":40,"source":"경기부동산포털 국공유지조회·연속지적도","source_date":"2026-08-11","installed_solar_match":false}},{"type":"Feature","id":"4163010400101100010","geometry":{"type":"Point","coordinates":[127.0494784,37.7811682]},"properties":{"pnu":"4163010400101100010","municipality_code":"41630","municipality":"양주시","district":"양주시","locality":"마전동","address":"양주시 마전동 110-10","owner_type":"시·군유지","owner_label":"양주시","manager":"","property_class":"","land_category":"도로","area_sqm":5118.0,"area_band":"5,000㎡ 이상","interest_category":"도로","solar_candidate":"검토필요","candidate_reason":"도로점용 및 실제 이용형태 추가 검토 필요; 면적 5,118㎡","priority_score":40,"source":"경기부동산포털 국공유지조회·연속지적도","source_date":"2026-08-11","installed_solar_match":false}},{"type":"Feature","id":"4163025021100920025","geometry":{"type":"Point","coordinates":[127.0096625,37.8121576]},"properties":{"pnu":"4163025021100920025","municipality_code":"41630","municipality":"양주시","district":"양주시","locality":"백석읍 방성리","address":"양주시 백석읍 방성리 92-25","owner_type":"시·군유지","owner_label":"양주시","manager":"","property_class":"","land_category":"도로","area_sqm":5101.0,"area_band":"5,000㎡ 이상","interest_category":"도로","solar_candidate":"검토필요","candidate_reason":"도로점용 및 실제 이용형태 추가 검토 필요; 면적 5,101㎡","priority_score":40,"source":"경기부동산포털 국공유지조회·연속지적도","source_date":"2026-08-11","installed_solar_match":false}},{"type":"Feature","id":"4163033021109220000","geometry":{"type":"Point","coordinates":[126.9830004,37.8200271]},"properties":{"pnu":"4163033021109220000","municipality_code":"41630","municipality":"양주시","district":"양주시","locality":"광적면 가납리","address":"양주시 광적면 가납리 922","owner_type":"시·군유지","owner_label":"양주시","manager":"","property_class":"","land_category":"도로","area_sqm":5097.7,"area_band":"5,000㎡ 이상","interest_category":"도로","solar_candidate":"검토필요","candidate_reason":"도로점용 및 실제 이용형태 추가 검토 필요; 면적 5,098㎡","priority_score":40,"source":"경기부동산포털 국공유지조회·연속지적도","source_date":"2026-08-11","installed_solar_match":false}},{"type":"Feature","id":"4163011400109490003","geometry":{"type":"Point","coordinates":[127.0902321,37.827017]},"properties":{"pnu":"4163011400109490003","municipality_code":"41630","municipality":"양주시","district":"양주시","locality":"옥정동","address":"양주시 옥정동 949-3","owner_type":"시·군유지","owner_label":"양주시","manager":"","property_class":"","land_category":"도로","area_sqm":5092.2,"area_band":"5,000㎡ 이상","interest_category":"도로","solar_candidate":"검토필요","candidate_reason":"도로점용 및 실제 이용형태 추가 검토 필요; 면적 5,092㎡","priority_score":40,"source":"경기부동산포털 국공유지조회·연속지적도","source_date":"2026-08-11","installed_solar_match":false}},{"type":"Feature","id":"4163033022100490001","geometry":{"type":"Point","coordinates":[126.9806963,37.8186469]},"properties":{"pnu":"4163033022100490001","municipality_code":"41630","municipality":"양주시","district":"양주시","locality":"광적면 광석리","address":"양주시 광적면 광석리 49-1","owner_type":"시·군유지","owner_label":"양주시","manager":"","property_class":"","land_category":"도로","area_sqm":5046.0,"area_band":"5,000㎡ 이상","interest_category":"도로","solar_candidate":"검토필요","candidate_reason":"도로점용 및 실제 이용형태 추가 검토 필요; 면적 5,046㎡","priority_score":40,"source":"경기부동산포털 국공유지조회·연속지적도","source_date":"2026-08-11","installed_solar_match":false}},{"type":"Feature","id":"4163010300105930008","geometry":{"type":"Point","coordinates":[127.0472352,37.7767549]},"properties":{"pnu":"4163010300105930008","municipality_code":"41630","municipality":"양주시","district":"양주시","locality":"남방동","address":"양주시 남방동 593-8","owner_type":"시·군유지","owner_label":"양주시","manager":"","property_class":"","land_category":"도로","area_sqm":5041.7,"area_band":"5,000㎡ 이상","interest_category":"도로","solar_candidate":"검토필요","candidate_reason":"도로점용 및 실제 이용형태 추가 검토 필요; 면적 5,042㎡","priority_score":40,"source":"경기부동산포털 국공유지조회·연속지적도","source_date":"2026-08-11","installed_solar_match":false}},{"type":"Feature","id":"4163011600109790000","geometry":{"type":"Point","coordinates":[127.0572354,37.8118705]},"properties":{"pnu":"4163011600109790000","municipality_code":"41630","municipality":"양주시","district":"양주시","locality":"덕계동","address":"양주시 덕계동 979","owner_type":"시·군유지","owner_label":"양주시","manager":"","property_class":"","land_category":"공원","area_sqm":4938.8,"area_band":"3,000~5,000㎡","interest_category":"공원","solar_candidate":"검토필요","candidate_reason":"도시공원 관련 법령 및 공원시설 기준 검토 필요; 면적 4,939㎡","priority_score":40,"source":"경기부동산포털 국공유지조회·연속지적도","source_date":"2026-08-11","installed_solar_match":false}},{"type":"Feature","id":"4163010600108040000","geometry":{"type":"Point","coordinates":[127.0794889,37.7838744]},"properties":{"pnu":"4163010600108040000","municipality_code":"41630","municipality":"양주시","district":"양주시","locality":"광사동","address":"양주시 광사동 804","owner_type":"시·군유지","owner_label":"양주시","manager":"","property_class":"","land_category":"공원","area_sqm":4729.8,"area_band":"3,000~5,000㎡","interest_category":"공원","solar_candidate":"검토필요","candidate_reason":"도시공원 관련 법령 및 공원시설 기준 검토 필요; 면적 4,730㎡","priority_score":40,"source":"경기부동산포털 국공유지조회·연속지적도","source_date":"2026-08-11","installed_solar_match":false}},{"type":"Feature","id":"4163011400110430004","geometry":{"type":"Point","coordinates":[127.1000816,37.8267613]},"properties":{"pnu":"4163011400110430004","municipality_code":"41630","municipality":"양주시","district":"양주시","locality":"옥정동","address":"양주시 옥정동 1043-4","owner_type":"시·군유지","owner_label":"양주시","manager":"","property_class":"","land_category":"공원","area_sqm":4646.9,"area_band":"3,000~5,000㎡","interest_category":"공원","solar_candidate":"검토필요","candidate_reason":"도시공원 관련 법령 및 공원시설 기준 검토 필요; 면적 4,647㎡","priority_score":40,"source":"경기부동산포털 국공유지조회·연속지적도","source_date":"2026-08-11","installed_solar_match":true,"installed_solar_count":3,"installed_solar_area_sqm":257.1,"installed_solar_analysis_years":["2024"],"installed_solar_types":["공동주택"],"installed_solar_permit_status_counts":{"N":3}}},{"type":"Feature","id":"4163011400111040003","geometry":{"type":"Point","coordinates":[127.0878071,37.8095345]},"properties":{"pnu":"4163011400111040003","municipality_code":"41630","municipality":"양주시","district":"양주시","locality":"옥정동","address":"양주시 옥정동 1104-3","owner_type":"시·군유지","owner_label":"양주시","manager":"","property_class":"","land_category":"공원","area_sqm":4645.9,"area_band":"3,000~5,000㎡","interest_category":"공원","solar_candidate":"검토필요","candidate_reason":"도시공원 관련 법령 및 공원시설 기준 검토 필요; 면적 4,646㎡","priority_score":40,"source":"경기부동산포털 국공유지조회·연속지적도","source_date":"2026-08-11","installed_solar_match":false}},{"type":"Feature","id":"4163011400109580004","geometry":{"type":"Point","coordinates":[127.0913852,37.8198389]},"properties":{"pnu":"4163011400109580004","municipality_code":"41630","municipality":"양주시","district":"양주시","locality":"옥정동","address":"양주시 옥정동 958-4","owner_type":"시·군유지","owner_label":"양주시","manager":"","property_class":"","land_category":"공원","area_sqm":4568.3,"area_band":"3,000~5,000㎡","interest_category":"공원","solar_candidate":"검토필요","candidate_reason":"도시공원 관련 법령 및 공원시설 기준 검토 필요; 면적 4,568㎡","priority_score":40,"source":"경기부동산포털 국공유지조회·연속지적도","source_date":"2026-08-11","installed_solar_match":false}},{"type":"Feature","id":"4163010900104400004","geometry":{"type":"Point","coordinates":[127.0805276,37.8032053]},"properties":{"pnu":"4163010900104400004","municipality_code":"41630","municipality":"양주시","district":"양주시","locality":"고읍동","address":"양주시 고읍동 440-4","owner_type":"시·군유지","owner_label":"양주시","manager":"","property_class":"","land_category":"공원","area_sqm":4487.5,"area_band":"3,000~5,000㎡","interest_category":"공원","solar_candidate":"검토필요","candidate_reason":"도시공원 관련 법령 및 공원시설 기준 검토 필요; 면적 4,488㎡","priority_score":40,"source":"경기부동산포털 국공유지조회·연속지적도","source_date":"2026-08-11","installed_solar_match":false}},{"type":"Feature","id":"4163011600110010000","geometry":{"type":"Point","coordinates":[127.0536833,37.8135385]},"properties":{"pnu":"4163011600110010000","municipality_code":"41630","municipality":"양주시","district":"양주시","locality":"덕계동","address":"양주시 덕계동 1001","owner_type":"시·군유지","owner_label":"양주시","manager":"","property_class":"","land_category":"공원","area_sqm":4478.8,"area_band":"3,000~5,000㎡","interest_category":"공원","solar_candidate":"검토필요","candidate_reason":"도시공원 관련 법령 및 공원시설 기준 검토 필요; 면적 4,479㎡","priority_score":40,"source":"경기부동산포털 국공유지조회·연속지적도","source_date":"2026-08-11","installed_solar_match":false}},{"type":"Feature","id":"4163010700106790000","geometry":{"type":"Point","coordinates":[127.0828555,37.8020824]},"properties":{"pnu":"4163010700106790000","municipality_code":"41630","municipality":"양주시","district":"양주시","locality":"만송동","address":"양주시 만송동 679","owner_type":"시·군유지","owner_label":"양주시","manager":"","property_class":"","land_category":"공원","area_sqm":4404.3,"area_band":"3,000~5,000㎡","interest_category":"공원","solar_candidate":"검토필요","candidate_reason":"도시공원 관련 법령 및 공원시설 기준 검토 필요; 면적 4,404㎡","priority_score":40,"source":"경기부동산포털 국공유지조회·연속지적도","source_date":"2026-08-11","installed_solar_match":false}},{"type":"Feature","id":"4163025025109540003","geometry":{"type":"Point","coordinates":[126.9578599,37.7957685]},"properties":{"pnu":"4163025025109540003","municipality_code":"41630","municipality":"양주시","district":"양주시","locality":"백석읍 홍죽리","address":"양주시 백석읍 홍죽리 954-3","owner_type":"시·군유지","owner_label":"양주시","manager":"","property_class":"","land_category":"공원","area_sqm":4352.3,"area_band":"3,000~5,000㎡","interest_category":"공원","solar_candidate":"검토필요","candidate_reason":"도시공원 관련 법령 및 공원시설 기준 검토 필요; 면적 4,352㎡","priority_score":40,"source":"경기부동산포털 국공유지조회·연속지적도","source_date":"2026-08-11","installed_solar_match":false}},{"type":"Feature","id":"4163025025109280008","geometry":{"type":"Point","coordinates":[126.9603538,37.8027068]},"properties":{"pnu":"4163025025109280008","municipality_code":"41630","municipality":"양주시","district":"양주시","locality":"백석읍 홍죽리","address":"양주시 백석읍 홍죽리 928-8","owner_type":"시·군유지","owner_label":"양주시","manager":"","property_class":"","land_category":"공원","area_sqm":4326.2,"area_band":"3,000~5,000㎡","interest_category":"공원","solar_candidate":"검토필요","candidate_reason":"도시공원 관련 법령 및 공원시설 기준 검토 필요; 면적 4,326㎡","priority_score":40,"source":"경기부동산포털 국공유지조회·연속지적도","source_date":"2026-08-11","installed_solar_match":false}},{"type":"Feature","id":"4163010600106970000","geometry":{"type":"Point","coordinates":[127.085336,37.7907626]},"properties":{"pnu":"4163010600106970000","municipality_code":"41630","municipality":"양주시","district":"양주시","locality":"광사동","address":"양주시 광사동 697","owner_type":"시·군유지","owner_label":"양주시","manager":"","property_class":"","land_category":"공원","area_sqm":4234.4,"area_band":"3,000~5,000㎡","interest_category":"공원","solar_candidate":"검토필요","candidate_reason":"도시공원 관련 법령 및 공원시설 기준 검토 필요; 면적 4,234㎡","priority_score":40,"source":"경기부동산포털 국공유지조회·연속지적도","source_date":"2026-08-11","installed_solar_match":false}},{"type":"Feature","id":"4163011400110090019","geometry":{"type":"Point","coordinates":[127.0924536,37.8332182]},"properties":{"pnu":"4163011400110090019","municipality_code":"41630","municipality":"양주시","district":"양주시","locality":"옥정동","address":"양주시 옥정동 1009-19","owner_type":"시·군유지","owner_label":"양주시","manager":"","property_class":"","land_category":"공원","area_sqm":4190.6,"area_band":"3,000~5,000㎡","interest_category":"공원","solar_candidate":"검토필요","candidate_reason":"도시공원 관련 법령 및 공원시설 기준 검토 필요; 면적 4,191㎡","priority_score":40,"source":"경기부동산포털 국공유지조회·연속지적도","source_date":"2026-08-11","installed_solar_match":false}},{"type":"Feature","id":"4163032024103670000","geometry":{"type":"Point","coordinates":[126.9737277,37.8841876]},"properties":{"pnu":"4163032024103670000","municipality_code":"41630","municipality":"양주시","district":"양주시","locality":"남면 구암리","address":"양주시 남면 구암리 367","owner_type":"시·군유지","owner_label":"양주시","manager":"","property_class":"","land_category":"공원","area_sqm":4173.0,"area_band":"3,000~5,000㎡","interest_category":"공원","solar_candidate":"검토필요","candidate_reason":"도시공원 관련 법령 및 공원시설 기준 검토 필요; 면적 4,173㎡","priority_score":40,"source":"경기부동산포털 국공유지조회·연속지적도","source_date":"2026-08-11","installed_solar_match":false}},{"type":"Feature","id":"4163010800106920000","geometry":{"type":"Point","coordinates":[127.0905671,37.8050377]},"properties":{"pnu":"4163010800106920000","municipality_code":"41630","municipality":"양주시","district":"양주시","locality":"삼숭동","address":"양주시 삼숭동 692","owner_type":"시·군유지","owner_label":"양주시","manager":"","property_class":"","land_category":"공원","area_sqm":4087.2,"area_band":"3,000~5,000㎡","interest_category":"공원","solar_candidate":"검토필요","candidate_reason":"도시공원 관련 법령 및 공원시설 기준 검토 필요; 면적 4,087㎡","priority_score":40,"source":"경기부동산포털 국공유지조회·연속지적도","source_date":"2026-08-11","installed_solar_match":false}},{"type":"Feature","id":"4163011600109590000","geometry":{"type":"Point","coordinates":[127.0548695,37.8146236]},"properties":{"pnu":"4163011600109590000","municipality_code":"41630","municipality":"양주시","district":"양주시","locality":"덕계동","address":"양주시 덕계동 959","owner_type":"시·군유지","owner_label":"양주시","manager":"","property_class":"","land_category":"공원","area_sqm":4052.6,"area_band":"3,000~5,000㎡","interest_category":"공원","solar_candidate":"검토필요","candidate_reason":"도시공원 관련 법령 및 공원시설 기준 검토 필요; 면적 4,053㎡","priority_score":40,"source":"경기부동산포털 국공유지조회·연속지적도","source_date":"2026-08-11","installed_solar_match":false}},{"type":"Feature","id":"4163011400110460006","geometry":{"type":"Point","coordinates":[127.1013179,37.8203229]},"properties":{"pnu":"4163011400110460006","municipality_code":"41630","municipality":"양주시","district":"양주시","locality":"옥정동","address":"양주시 옥정동 1046-6","owner_type":"시·군유지","owner_label":"양주시","manager":"","property_class":"","land_category":"공원","area_sqm":3971.0,"area_band":"3,000~5,000㎡","interest_category":"공원","solar_candidate":"검토필요","candidate_reason":"도시공원 관련 법령 및 공원시설 기준 검토 필요; 면적 3,971㎡","priority_score":40,"source":"경기부동산포털 국공유지조회·연속지적도","source_date":"2026-08-11","installed_solar_match":false}},{"type":"Feature","id":"4163011400109360001","geometry":{"type":"Point","coordinates":[127.085031,37.8170448]},"properties":{"pnu":"4163011400109360001","municipality_code":"41630","municipality":"양주시","district":"양주시","locality":"옥정동","address":"양주시 옥정동 936-1","owner_type":"시·군유지","owner_label":"양주시","manager":"","property_class":"","land_category":"공원","area_sqm":3950.7,"area_band":"3,000~5,000㎡","interest_category":"공원","solar_candidate":"검토필요","candidate_reason":"도시공원 관련 법령 및 공원시설 기준 검토 필요; 면적 3,951㎡","priority_score":40,"source":"경기부동산포털 국공유지조회·연속지적도","source_date":"2026-08-11","installed_solar_match":false}},{"type":"Feature","id":"4163011400110510002","geometry":{"type":"Point","coordinates":[127.0916362,37.816666]},"properties":{"pnu":"4163011400110510002","municipality_code":"41630","municipality":"양주시","district":"양주시","locality":"옥정동","address":"양주시 옥정동 1051-2","owner_type":"시·군유지","owner_label":"양주시","manager":"","property_class":"","land_category":"공원","area_sqm":3873.8,"area_band":"3,000~5,000㎡","interest_category":"공원","solar_candidate":"검토필요","candidate_reason":"도시공원 관련 법령 및 공원시설 기준 검토 필요; 면적 3,874㎡","priority_score":40,"source":"경기부동산포털 국공유지조회·연속지적도","source_date":"2026-08-11","installed_solar_match":false}},{"type":"Feature","id":"4163010700106810000","geometry":{"type":"Point","coordinates":[127.0836946,37.8006878]},"properties":{"pnu":"4163010700106810000","municipality_code":"41630","municipality":"양주시","district":"양주시","locality":"만송동","address":"양주시 만송동 681","owner_type":"시·군유지","owner_label":"양주시","manager":"","property_class":"","land_category":"공원","area_sqm":3848.0,"area_band":"3,000~5,000㎡","interest_category":"공원","solar_candidate":"검토필요","candidate_reason":"도시공원 관련 법령 및 공원시설 기준 검토 필요; 면적 3,848㎡","priority_score":40,"source":"경기부동산포털 국공유지조회·연속지적도","source_date":"2026-08-11","installed_solar_match":false}},{"type":"Feature","id":"4163011400108930002","geometry":{"type":"Point","coordinates":[127.0743453,37.8205641]},"properties":{"pnu":"4163011400108930002","municipality_code":"41630","municipality":"양주시","district":"양주시","locality":"옥정동","address":"양주시 옥정동 893-2","owner_type":"시·군유지","owner_label":"양주시","manager":"","property_class":"","land_category":"공원","area_sqm":3824.6,"area_band":"3,000~5,000㎡","interest_category":"공원","solar_candidate":"검토필요","candidate_reason":"도시공원 관련 법령 및 공원시설 기준 검토 필요; 면적 3,825㎡","priority_score":40,"source":"경기부동산포털 국공유지조회·연속지적도","source_date":"2026-08-11","installed_solar_match":false}},{"type":"Feature","id":"4163011400110230009","geometry":{"type":"Point","coordinates":[127.096853,37.8347764]},"properties":{"pnu":"4163011400110230009","municipality_code":"41630","municipality":"양주시","district":"양주시","locality":"옥정동","address":"양주시 옥정동 1023-9","owner_type":"시·군유지","owner_label":"양주시","manager":"","property_class":"","land_category":"공원","area_sqm":3823.9,"area_band":"3,000~5,000㎡","interest_category":"공원","solar_candidate":"검토필요","candidate_reason":"도시공원 관련 법령 및 공원시설 기준 검토 필요; 면적 3,824㎡","priority_score":40,"source":"경기부동산포털 국공유지조회·연속지적도","source_date":"2026-08-11","installed_solar_match":false}},{"type":"Feature","id":"4163025025109260003","geometry":{"type":"Point","coordinates":[126.9570494,37.8005957]},"properties":{"pnu":"4163025025109260003","municipality_code":"41630","municipality":"양주시","district":"양주시","locality":"백석읍 홍죽리","address":"양주시 백석읍 홍죽리 926-3","owner_type":"시·군유지","owner_label":"양주시","manager":"","property_class":"","land_category":"공원","area_sqm":3701.3,"area_band":"3,000~5,000㎡","interest_category":"공원","solar_candidate":"검토필요","candidate_reason":"도시공원 관련 법령 및 공원시설 기준 검토 필요; 면적 3,701㎡","priority_score":40,"source":"경기부동산포털 국공유지조회·연속지적도","source_date":"2026-08-11","installed_solar_match":false}},{"type":"Feature","id":"4163011000102110003","geometry":{"type":"Point","coordinates":[127.0664641,37.8395052]},"properties":{"pnu":"4163011000102110003","municipality_code":"41630","municipality":"양주시","district":"양주시","locality":"덕정동","address":"양주시 덕정동 211-3","owner_type":"시·군유지","owner_label":"양주시","manager":"","property_class":"","land_category":"공원","area_sqm":3613.0,"area_band":"3,000~5,000㎡","interest_category":"공원","solar_candidate":"검토필요","candidate_reason":"도시공원 관련 법령 및 공원시설 기준 검토 필요; 면적 3,613㎡","priority_score":40,"source":"경기부동산포털 국공유지조회·연속지적도","source_date":"2026-08-11","installed_solar_match":false}},{"type":"Feature","id":"4163011000102100001","geometry":{"type":"Point","coordinates":[127.0680096,37.8337248]},"properties":{"pnu":"4163011000102100001","municipality_code":"41630","municipality":"양주시","district":"양주시","locality":"덕정동","address":"양주시 덕정동 210-1","owner_type":"시·군유지","owner_label":"양주시","manager":"","property_class":"","land_category":"공원","area_sqm":3545.1,"area_band":"3,000~5,000㎡","interest_category":"공원","solar_candidate":"검토필요","candidate_reason":"도시공원 관련 법령 및 공원시설 기준 검토 필요; 면적 3,545㎡","priority_score":40,"source":"경기부동산포털 국공유지조회·연속지적도","source_date":"2026-08-11","installed_solar_match":false}},{"type":"Feature","id":"4163011600109110000","geometry":{"type":"Point","coordinates":[127.0533463,37.8140463]},"properties":{"pnu":"4163011600109110000","municipality_code":"41630","municipality":"양주시","district":"양주시","locality":"덕계동","address":"양주시 덕계동 911","owner_type":"시·군유지","owner_label":"양주시","manager":"","property_class":"","land_category":"공원","area_sqm":3537.9,"area_band":"3,000~5,000㎡","interest_category":"공원","solar_candidate":"검토필요","candidate_reason":"도시공원 관련 법령 및 공원시설 기준 검토 필요; 면적 3,538㎡","priority_score":40,"source":"경기부동산포털 국공유지조회·연속지적도","source_date":"2026-08-11","installed_solar_match":false}},{"type":"Feature","id":"4163011000101640005","geometry":{"type":"Point","coordinates":[127.0682375,37.8400495]},"properties":{"pnu":"4163011000101640005","municipality_code":"41630","municipality":"양주시","district":"양주시","locality":"덕정동","address":"양주시 덕정동 164-5","owner_type":"시·군유지","owner_label":"양주시","manager":"","property_class":"","land_category":"공원","area_sqm":3527.1,"area_band":"3,000~5,000㎡","interest_category":"공원","solar_candidate":"검토필요","candidate_reason":"도시공원 관련 법령 및 공원시설 기준 검토 필요; 면적 3,527㎡","priority_score":40,"source":"경기부동산포털 국공유지조회·연속지적도","source_date":"2026-08-11","installed_solar_match":false}},{"type":"Feature","id":"4163010600106520000","geometry":{"type":"Point","coordinates":[127.0784918,37.7953226]},"properties":{"pnu":"4163010600106520000","municipality_code":"41630","municipality":"양주시","district":"양주시","locality":"광사동","address":"양주시 광사동 652","owner_type":"시·군유지","owner_label":"양주시","manager":"","property_class":"","land_category":"공원","area_sqm":3481.0,"area_band":"3,000~5,000㎡","interest_category":"공원","solar_candidate":"검토필요","candidate_reason":"도시공원 관련 법령 및 공원시설 기준 검토 필요; 면적 3,481㎡","priority_score":40,"source":"경기부동산포털 국공유지조회·연속지적도","source_date":"2026-08-11","installed_solar_match":false}},{"type":"Feature","id":"4163010600106980000","geometry":{"type":"Point","coordinates":[127.085873,37.7905756]},"properties":{"pnu":"4163010600106980000","municipality_code":"41630","municipality":"양주시","district":"양주시","locality":"광사동","address":"양주시 광사동 698","owner_type":"시·군유지","owner_label":"양주시","manager":"","property_class":"","land_category":"공원","area_sqm":3417.8,"area_band":"3,000~5,000㎡","interest_category":"공원","solar_candidate":"검토필요","candidate_reason":"도시공원 관련 법령 및 공원시설 기준 검토 필요; 면적 3,418㎡","priority_score":40,"source":"경기부동산포털 국공유지조회·연속지적도","source_date":"2026-08-11","installed_solar_match":false}},{"type":"Feature","id":"4163034025106190000","geometry":{"type":"Point","coordinates":[126.9393093,37.7184045]},"properties":{"pnu":"4163034025106190000","municipality_code":"41630","municipality":"양주시","district":"양주시","locality":"장흥면 일영리","address":"양주시 장흥면 일영리 619","owner_type":"시·군유지","owner_label":"양주시","manager":"","property_class":"","land_category":"공원","area_sqm":3338.7,"area_band":"3,000~5,000㎡","interest_category":"공원","solar_candidate":"검토필요","candidate_reason":"도시공원 관련 법령 및 공원시설 기준 검토 필요; 면적 3,339㎡","priority_score":40,"source":"경기부동산포털 국공유지조회·연속지적도","source_date":"2026-08-11","installed_solar_match":false}},{"type":"Feature","id":"4163011400109690003","geometry":{"type":"Point","coordinates":[127.0977833,37.8183966]},"properties":{"pnu":"4163011400109690003","municipality_code":"41630","municipality":"양주시","district":"양주시","locality":"옥정동","address":"양주시 옥정동 969-3","owner_type":"시·군유지","owner_label":"양주시","manager":"","property_class":"","land_category":"공원","area_sqm":3280.6,"area_band":"3,000~5,000㎡","interest_category":"공원","solar_candidate":"검토필요","candidate_reason":"도시공원 관련 법령 및 공원시설 기준 검토 필요; 면적 3,281㎡","priority_score":40,"source":"경기부동산포털 국공유지조회·연속지적도","source_date":"2026-08-11","installed_solar_match":false}},{"type":"Feature","id":"4163011400109460005","geometry":{"type":"Point","coordinates":[127.0915522,37.8293133]},"properties":{"pnu":"4163011400109460005","municipality_code":"41630","municipality":"양주시","district":"양주시","locality":"옥정동","address":"양주시 옥정동 946-5","owner_type":"시·군유지","owner_label":"양주시","manager":"","property_class":"","land_category":"공원","area_sqm":3267.6,"area_band":"3,000~5,000㎡","interest_category":"공원","solar_candidate":"검토필요","candidate_reason":"도시공원 관련 법령 및 공원시설 기준 검토 필요; 면적 3,268㎡","priority_score":40,"source":"경기부동산포털 국공유지조회·연속지적도","source_date":"2026-08-11","installed_solar_match":false}},{"type":"Feature","id":"4163011400110960001","geometry":{"type":"Point","coordinates":[127.0925098,37.8134224]},"properties":{"pnu":"4163011400110960001","municipality_code":"41630","municipality":"양주시","district":"양주시","locality":"옥정동","address":"양주시 옥정동 1096-1","owner_type":"시·군유지","owner_label":"양주시","manager":"","property_class":"","land_category":"공원","area_sqm":3225.2,"area_band":"3,000~5,000㎡","interest_category":"공원","solar_candidate":"검토필요","candidate_reason":"도시공원 관련 법령 및 공원시설 기준 검토 필요; 면적 3,225㎡","priority_score":40,"source":"경기부동산포털 국공유지조회·연속지적도","source_date":"2026-08-11","installed_solar_match":false}},{"type":"Feature","id":"4163011400109560002","geometry":{"type":"Point","coordinates":[127.0883575,37.8227203]},"properties":{"pnu":"4163011400109560002","municipality_code":"41630","municipality":"양주시","district":"양주시","locality":"옥정동","address":"양주시 옥정동 956-2","owner_type":"시·군유지","owner_label":"양주시","manager":"","property_class":"","land_category":"공원","area_sqm":3200.0,"area_band":"3,000~5,000㎡","interest_category":"공원","solar_candidate":"검토필요","candidate_reason":"도시공원 관련 법령 및 공원시설 기준 검토 필요; 면적 3,200㎡","priority_score":40,"source":"경기부동산포털 국공유지조회·연속지적도","source_date":"2026-08-11","installed_solar_match":false}},{"type":"Feature","id":"4163011000105360001","geometry":{"type":"Point","coordinates":[127.0696133,37.8426262]},"properties":{"pnu":"4163011000105360001","municipality_code":"41630","municipality":"양주시","district":"양주시","locality":"덕정동","address":"양주시 덕정동 536-1","owner_type":"시·군유지","owner_label":"양주시","manager":"","property_class":"","land_category":"공원","area_sqm":3156.4,"area_band":"3,000~5,000㎡","interest_category":"공원","solar_candidate":"검토필요","candidate_reason":"도시공원 관련 법령 및 공원시설 기준 검토 필요; 면적 3,156㎡","priority_score":40,"source":"경기부동산포털 국공유지조회·연속지적도","source_date":"2026-08-11","installed_solar_match":false}},{"type":"Feature","id":"4163011400109100005","geometry":{"type":"Point","coordinates":[127.0823984,37.8227059]},"properties":{"pnu":"4163011400109100005","municipality_code":"41630","municipality":"양주시","district":"양주시","locality":"옥정동","address":"양주시 옥정동 910-5","owner_type":"시·군유지","owner_label":"양주시","manager":"","property_class":"","land_category":"공원","area_sqm":3089.1,"area_band":"3,000~5,000㎡","interest_category":"공원","solar_candidate":"검토필요","candidate_reason":"도시공원 관련 법령 및 공원시설 기준 검토 필요; 면적 3,089㎡","priority_score":40,"source":"경기부동산포털 국공유지조회·연속지적도","source_date":"2026-08-11","installed_solar_match":false}},{"type":"Feature","id":"4163010600107130001","geometry":{"type":"Point","coordinates":[127.0778825,37.7928284]},"properties":{"pnu":"4163010600107130001","municipality_code":"41630","municipality":"양주시","district":"양주시","locality":"광사동","address":"양주시 광사동 713-1","owner_type":"시·군유지","owner_label":"양주시","manager":"","property_class":"","land_category":"공원","area_sqm":3065.1,"area_band":"3,000~5,000㎡","interest_category":"공원","solar_candidate":"검토필요","candidate_reason":"도시공원 관련 법령 및 공원시설 기준 검토 필요; 면적 3,065㎡","priority_score":40,"source":"경기부동산포털 국공유지조회·연속지적도","source_date":"2026-08-11","installed_solar_match":false}},{"type":"Feature","id":"4163011500106120000","geometry":{"type":"Point","coordinates":[127.0748899,37.8305876]},"properties":{"pnu":"4163011500106120000","municipality_code":"41630","municipality":"양주시","district":"양주시","locality":"고암동","address":"양주시 고암동 612","owner_type":"시·군유지","owner_label":"양주시","manager":"","property_class":"","land_category":"공원","area_sqm":3038.0,"area_band":"3,000~5,000㎡","interest_category":"공원","solar_candidate":"검토필요","candidate_reason":"도시공원 관련 법령 및 공원시설 기준 검토 필요; 면적 3,038㎡","priority_score":40,"source":"경기부동산포털 국공유지조회·연속지적도","source_date":"2026-08-11","installed_solar_match":false}},{"type":"Feature","id":"4163011400110510003","geometry":{"type":"Point","coordinates":[127.0931917,37.8178995]},"properties":{"pnu":"4163011400110510003","municipality_code":"41630","municipality":"양주시","district":"양주시","locality":"옥정동","address":"양주시 옥정동 1051-3","owner_type":"시·군유지","owner_label":"양주시","manager":"","property_class":"","land_category":"공원","area_sqm":3027.6,"area_band":"3,000~5,000㎡","interest_category":"공원","solar_candidate":"검토필요","candidate_reason":"도시공원 관련 법령 및 공원시설 기준 검토 필요; 면적 3,028㎡","priority_score":40,"source":"경기부동산포털 국공유지조회·연속지적도","source_date":"2026-08-11","installed_solar_match":false}},{"type":"Feature","id":"4163010300105950002","geometry":{"type":"Point","coordinates":[127.0479805,37.7780959]},"properties":{"pnu":"4163010300105950002","municipality_code":"41630","municipality":"양주시","district":"양주시","locality":"남방동","address":"양주시 남방동 595-2","owner_type":"시·군유지","owner_label":"양주시","manager":"","property_class":"","land_category":"공원","area_sqm":3012.7,"area_band":"3,000~5,000㎡","interest_category":"공원","solar_candidate":"검토필요","candidate_reason":"도시공원 관련 법령 및 공원시설 기준 검토 필요; 면적 3,013㎡","priority_score":40,"source":"경기부동산포털 국공유지조회·연속지적도","source_date":"2026-08-11","installed_solar_match":false}},{"type":"Feature","id":"4163033022101310002","geometry":{"type":"Point","coordinates":[126.9730993,37.8134154]},"properties":{"pnu":"4163033022101310002","municipality_code":"41630","municipality":"양주시","district":"양주시","locality":"광적면 광석리","address":"양주시 광적면 광석리 131-2","owner_type":"시·군유지","owner_label":"양주시","manager":"","property_class":"","land_category":"체육용지","area_sqm":853.0,"area_band":"500~1,000㎡","interest_category":"체육용지","solar_candidate":"검토필요","candidate_reason":"체육시설·주차장 상부 활용 가능성 추가 검토; 면적 853㎡","priority_score":40,"source":"경기부동산포털 국공유지조회·연속지적도","source_date":"2026-08-11","installed_solar_match":false}},{"type":"Feature","id":"4163033022101840000","geometry":{"type":"Point","coordinates":[126.9704904,37.8142609]},"properties":{"pnu":"4163033022101840000","municipality_code":"41630","municipality":"양주시","district":"양주시","locality":"광적면 광석리","address":"양주시 광적면 광석리 184","owner_type":"시·군유지","owner_label":"양주시","manager":"","property_class":"","land_category":"체육용지","area_sqm":754.0,"area_band":"500~1,000㎡","interest_category":"체육용지","solar_candidate":"검토필요","candidate_reason":"체육시설·주차장 상부 활용 가능성 추가 검토; 면적 754㎡","priority_score":40,"source":"경기부동산포털 국공유지조회·연속지적도","source_date":"2026-08-11","installed_solar_match":false}},{"type":"Feature","id":"4163034025105780002","geometry":{"type":"Point","coordinates":[126.9309839,37.7053948]},"properties":{"pnu":"4163034025105780002","municipality_code":"41630","municipality":"양주시","district":"양주시","locality":"장흥면 일영리","address":"양주시 장흥면 일영리 578-2","owner_type":"시·군유지","owner_label":"양주시","manager":"","property_class":"","land_category":"체육용지","area_sqm":595.0,"area_band":"500~1,000㎡","interest_category":"체육용지","solar_candidate":"검토필요","candidate_reason":"체육시설·주차장 상부 활용 가능성 추가 검토; 면적 595㎡","priority_score":40,"source":"경기부동산포털 국공유지조회·연속지적도","source_date":"2026-08-11","installed_solar_match":false}},{"type":"Feature","id":"4163033022101810002","geometry":{"type":"Point","coordinates":[126.9708703,37.814614]},"properties":{"pnu":"4163033022101810002","municipality_code":"41630","municipality":"양주시","district":"양주시","locality":"광적면 광석리","address":"양주시 광적면 광석리 181-2","owner_type":"시·군유지","owner_label":"양주시","manager":"","property_class":"","land_category":"체육용지","area_sqm":555.0,"area_band":"500~1,000㎡","interest_category":"체육용지","solar_candidate":"검토필요","candidate_reason":"체육시설·주차장 상부 활용 가능성 추가 검토; 면적 555㎡","priority_score":40,"source":"경기부동산포털 국공유지조회·연속지적도","source_date":"2026-08-11","installed_solar_match":false}},{"type":"Feature","id":"4163031021108760014","geometry":{"type":"Point","coordinates":[127.0236183,37.8468399]},"properties":{"pnu":"4163031021108760014","municipality_code":"41630","municipality":"양주시","district":"양주시","locality":"은현면 용암리","address":"양주시 은현면 용암리 876-14","owner_type":"시·군유지","owner_label":"양주시","manager":"","property_class":"","land_category":"창고용지","area_sqm":511.0,"area_band":"500~1,000㎡","interest_category":"창고용지","solar_candidate":"검토필요","candidate_reason":"지목·면적 기준 1차 검토 대상; 면적 511㎡","priority_score":40,"source":"경기부동산포털 국공유지조회·연속지적도","source_date":"2026-08-11","installed_solar_match":false}},{"type":"Feature","id":"4163034025105780007","geometry":{"type":"Point","coordinates":[126.9307014,37.7054415]},"properties":{"pnu":"4163034025105780007","municipality_code":"41630","municipality":"양주시","district":"양주시","locality":"장흥면 일영리","address":"양주시 장흥면 일영리 578-7","owner_type":"시·군유지","owner_label":"양주시","manager":"","property_class":"","land_category":"체육용지","area_sqm":503.0,"area_band":"500~1,000㎡","interest_category":"체육용지","solar_candidate":"검토필요","candidate_reason":"체육시설·주차장 상부 활용 가능성 추가 검토; 면적 503㎡","priority_score":40,"source":"경기부동산포털 국공유지조회·연속지적도","source_date":"2026-08-11","installed_solar_match":false}},{"type":"Feature","id":"4163011200100190004","geometry":{"type":"Point","coordinates":[127.1051373,37.8452994]},"properties":{"pnu":"4163011200100190004","municipality_code":"41630","municipality":"양주시","district":"양주시","locality":"회암동","address":"양주시 회암동 19-4","owner_type":"시·군유지","owner_label":"양주시","manager":"","property_class":"","land_category":"대","area_sqm":496.0,"area_band":"100~500㎡","interest_category":"대","solar_candidate":"검토필요","candidate_reason":"청사·공공건축물·주차장 현황 추가 확인 필요; 면적 496㎡","priority_score":40,"source":"경기부동산포털 국공유지조회·연속지적도","source_date":"2026-08-11","installed_solar_match":false}},{"type":"Feature","id":"4163033022101750000","geometry":{"type":"Point","coordinates":[126.97358,37.8123201]},"properties":{"pnu":"4163033022101750000","municipality_code":"41630","municipality":"양주시","district":"양주시","locality":"광적면 광석리","address":"양주시 광적면 광석리 175","owner_type":"시·군유지","owner_label":"양주시","manager":"","property_class":"","land_category":"대","area_sqm":495.0,"area_band":"100~500㎡","interest_category":"대","solar_candidate":"검토필요","candidate_reason":"청사·공공건축물·주차장 현황 추가 확인 필요; 면적 495㎡","priority_score":40,"source":"경기부동산포털 국공유지조회·연속지적도","source_date":"2026-08-11","installed_solar_match":false}},{"type":"Feature","id":"4163031023103960029","geometry":{"type":"Point","coordinates":[127.008488,37.8819315]},"properties":{"pnu":"4163031023103960029","municipality_code":"41630","municipality":"양주시","district":"양주시","locality":"은현면 운암리","address":"양주시 은현면 운암리 396-29","owner_type":"시·군유지","owner_label":"양주시","manager":"","property_class":"","land_category":"대","area_sqm":494.0,"area_band":"100~500㎡","interest_category":"대","solar_candidate":"검토필요","candidate_reason":"청사·공공건축물·주차장 현황 추가 확인 필요; 면적 494㎡","priority_score":40,"source":"경기부동산포털 국공유지조회·연속지적도","source_date":"2026-08-11","installed_solar_match":false}},{"type":"Feature","id":"4163010700105920003","geometry":{"type":"Point","coordinates":[127.0828621,37.7827265]},"properties":{"pnu":"4163010700105920003","municipality_code":"41630","municipality":"양주시","district":"양주시","locality":"만송동","address":"양주시 만송동 592-3","owner_type":"시·군유지","owner_label":"양주시","manager":"","property_class":"","land_category":"대","area_sqm":493.0,"area_band":"100~500㎡","interest_category":"대","solar_candidate":"검토필요","candidate_reason":"청사·공공건축물·주차장 현황 추가 확인 필요; 면적 493㎡","priority_score":40,"source":"경기부동산포털 국공유지조회·연속지적도","source_date":"2026-08-11","installed_solar_match":false}},{"type":"Feature","id":"4163010700106540008","geometry":{"type":"Point","coordinates":[127.0787423,37.7779753]},"properties":{"pnu":"4163010700106540008","municipality_code":"41630","municipality":"양주시","district":"양주시","locality":"만송동","address":"양주시 만송동 654-8","owner_type":"시·군유지","owner_label":"양주시","manager":"","property_class":"","land_category":"대","area_sqm":487.0,"area_band":"100~500㎡","interest_category":"대","solar_candidate":"검토필요","candidate_reason":"청사·공공건축물·주차장 현황 추가 확인 필요; 면적 487㎡","priority_score":40,"source":"경기부동산포털 국공유지조회·연속지적도","source_date":"2026-08-11","installed_solar_match":false}},{"type":"Feature","id":"4163011100104100000","geometry":{"type":"Point","coordinates":[127.0755369,37.8561688]},"properties":{"pnu":"4163011100104100000","municipality_code":"41630","municipality":"양주시","district":"양주시","locality":"봉양동","address":"양주시 봉양동 410","owner_type":"시·군유지","owner_label":"양주시","manager":"","property_class":"","land_category":"대","area_sqm":486.0,"area_band":"100~500㎡","interest_category":"대","solar_candidate":"검토필요","candidate_reason":"청사·공공건축물·주차장 현황 추가 확인 필요; 면적 486㎡","priority_score":40,"source":"경기부동산포털 국공유지조회·연속지적도","source_date":"2026-08-11","installed_solar_match":false}},{"type":"Feature","id":"4163011100104920008","geometry":{"type":"Point","coordinates":[127.0695705,37.8636325]},"properties":{"pnu":"4163011100104920008","municipality_code":"41630","municipality":"양주시","district":"양주시","locality":"봉양동","address":"양주시 봉양동 492-8","owner_type":"시·군유지","owner_label":"양주시","manager":"","property_class":"","land_category":"대","area_sqm":483.0,"area_band":"100~500㎡","interest_category":"대","solar_candidate":"검토필요","candidate_reason":"청사·공공건축물·주차장 현황 추가 확인 필요; 면적 483㎡","priority_score":40,"source":"경기부동산포털 국공유지조회·연속지적도","source_date":"2026-08-11","installed_solar_match":false}},{"type":"Feature","id":"4163032021101670002","geometry":{"type":"Point","coordinates":[126.9795443,37.8957305]},"properties":{"pnu":"4163032021101670002","municipality_code":"41630","municipality":"양주시","district":"양주시","locality":"남면 신산리","address":"양주시 남면 신산리 167-2","owner_type":"시·군유지","owner_label":"양주시","manager":"","property_class":"","land_category":"대","area_sqm":483.0,"area_band":"100~500㎡","interest_category":"대","solar_candidate":"검토필요","candidate_reason":"청사·공공건축물·주차장 현황 추가 확인 필요; 면적 483㎡","priority_score":40,"source":"경기부동산포털 국공유지조회·연속지적도","source_date":"2026-08-11","installed_solar_match":false}},{"type":"Feature","id":"4163011600105740002","geometry":{"type":"Point","coordinates":[127.0411872,37.8251709]},"properties":{"pnu":"4163011600105740002","municipality_code":"41630","municipality":"양주시","district":"양주시","locality":"덕계동","address":"양주시 덕계동 574-2","owner_type":"시·군유지","owner_label":"양주시","manager":"","property_class":"","land_category":"대","area_sqm":482.0,"area_band":"100~500㎡","interest_category":"대","solar_candidate":"검토필요","candidate_reason":"청사·공공건축물·주차장 현황 추가 확인 필요; 면적 482㎡","priority_score":40,"source":"경기부동산포털 국공유지조회·연속지적도","source_date":"2026-08-11","installed_solar_match":false}},{"type":"Feature","id":"4163011500104420052","geometry":{"type":"Point","coordinates":[127.072274,37.8149409]},"properties":{"pnu":"4163011500104420052","municipality_code":"41630","municipality":"양주시","district":"양주시","locality":"고암동","address":"양주시 고암동 442-52","owner_type":"시·군유지","owner_label":"양주시","manager":"","property_class":"","land_category":"대","area_sqm":479.0,"area_band":"100~500㎡","interest_category":"대","solar_candidate":"검토필요","candidate_reason":"청사·공공건축물·주차장 현황 추가 확인 필요; 면적 479㎡","priority_score":40,"source":"경기부동산포털 국공유지조회·연속지적도","source_date":"2026-08-11","installed_solar_match":false}},{"type":"Feature","id":"4163032026100320021","geometry":{"type":"Point","coordinates":[126.9907148,37.8557023]},"properties":{"pnu":"4163032026100320021","municipality_code":"41630","municipality":"양주시","district":"양주시","locality":"남면 경신리","address":"양주시 남면 경신리 32-21","owner_type":"시·군유지","owner_label":"양주시","manager":"","property_class":"","land_category":"대","area_sqm":468.0,"area_band":"100~500㎡","interest_category":"대","solar_candidate":"검토필요","candidate_reason":"청사·공공건축물·주차장 현황 추가 확인 필요; 면적 468㎡","priority_score":40,"source":"경기부동산포털 국공유지조회·연속지적도","source_date":"2026-08-11","installed_solar_match":false}},{"type":"Feature","id":"4163011000103670000","geometry":{"type":"Point","coordinates":[127.0612839,37.8469953]},"properties":{"pnu":"4163011000103670000","municipality_code":"41630","municipality":"양주시","district":"양주시","locality":"덕정동","address":"양주시 덕정동 367","owner_type":"시·군유지","owner_label":"양주시","manager":"","property_class":"","land_category":"대","area_sqm":466.0,"area_band":"100~500㎡","interest_category":"대","solar_candidate":"검토필요","candidate_reason":"청사·공공건축물·주차장 현황 추가 확인 필요; 면적 466㎡","priority_score":40,"source":"경기부동산포털 국공유지조회·연속지적도","source_date":"2026-08-11","installed_solar_match":false}},{"type":"Feature","id":"4163032021103790011","geometry":{"type":"Point","coordinates":[126.9683185,37.8997597]},"properties":{"pnu":"4163032021103790011","municipality_code":"41630","municipality":"양주시","district":"양주시","locality":"남면 신산리","address":"양주시 남면 신산리 379-11","owner_type":"시·군유지","owner_label":"양주시","manager":"","property_class":"","land_category":"대","area_sqm":464.0,"area_band":"100~500㎡","interest_category":"대","solar_candidate":"검토필요","candidate_reason":"청사·공공건축물·주차장 현황 추가 확인 필요; 면적 464㎡","priority_score":40,"source":"경기부동산포털 국공유지조회·연속지적도","source_date":"2026-08-11","installed_solar_match":false}},{"type":"Feature","id":"4163034021101400000","geometry":{"type":"Point","coordinates":[126.9693129,37.7137115]},"properties":{"pnu":"4163034021101400000","municipality_code":"41630","municipality":"양주시","district":"양주시","locality":"장흥면 교현리","address":"양주시 장흥면 교현리 140","owner_type":"시·군유지","owner_label":"양주시","manager":"","property_class":"","land_category":"대","area_sqm":460.0,"area_band":"100~500㎡","interest_category":"대","solar_candidate":"검토필요","candidate_reason":"청사·공공건축물·주차장 현황 추가 확인 필요; 면적 460㎡","priority_score":40,"source":"경기부동산포털 국공유지조회·연속지적도","source_date":"2026-08-11","installed_solar_match":false}},{"type":"Feature","id":"4163031024101840155","geometry":{"type":"Point","coordinates":[127.0068902,37.9071484]},"properties":{"pnu":"4163031024101840155","municipality_code":"41630","municipality":"양주시","district":"양주시","locality":"은현면 봉암리","address":"양주시 은현면 봉암리 184-155","owner_type":"시·군유지","owner_label":"양주시","manager":"","property_class":"","land_category":"대","area_sqm":456.0,"area_band":"100~500㎡","interest_category":"대","solar_candidate":"검토필요","candidate_reason":"청사·공공건축물·주차장 현황 추가 확인 필요; 면적 456㎡","priority_score":40,"source":"경기부동산포털 국공유지조회·연속지적도","source_date":"2026-08-11","installed_solar_match":false}},{"type":"Feature","id":"4163034025102070003","geometry":{"type":"Point","coordinates":[126.9331761,37.7105887]},"properties":{"pnu":"4163034025102070003","municipality_code":"41630","municipality":"양주시","district":"양주시","locality":"장흥면 일영리","address":"양주시 장흥면 일영리 207-3","owner_type":"시·군유지","owner_label":"양주시","manager":"","property_class":"","land_category":"대","area_sqm":456.0,"area_band":"100~500㎡","interest_category":"대","solar_candidate":"검토필요","candidate_reason":"청사·공공건축물·주차장 현황 추가 확인 필요; 면적 456㎡","priority_score":40,"source":"경기부동산포털 국공유지조회·연속지적도","source_date":"2026-08-11","installed_solar_match":false}},{"type":"Feature","id":"4163011700103430027","geometry":{"type":"Point","coordinates":[127.052498,37.8283101]},"properties":{"pnu":"4163011700103430027","municipality_code":"41630","municipality":"양주시","district":"양주시","locality":"회정동","address":"양주시 회정동 343-27","owner_type":"시·군유지","owner_label":"양주시","manager":"","property_class":"","land_category":"대","area_sqm":455.0,"area_band":"100~500㎡","interest_category":"대","solar_candidate":"검토필요","candidate_reason":"청사·공공건축물·주차장 현황 추가 확인 필요; 면적 455㎡","priority_score":40,"source":"경기부동산포털 국공유지조회·연속지적도","source_date":"2026-08-11","installed_solar_match":false}},{"type":"Feature","id":"4163011100103670061","geometry":{"type":"Point","coordinates":[127.0770342,37.8547673]},"properties":{"pnu":"4163011100103670061","municipality_code":"41630","municipality":"양주시","district":"양주시","locality":"봉양동","address":"양주시 봉양동 367-61","owner_type":"시·군유지","owner_label":"양주시","manager":"","property_class":"","land_category":"대","area_sqm":452.0,"area_band":"100~500㎡","interest_category":"대","solar_candidate":"검토필요","candidate_reason":"청사·공공건축물·주차장 현황 추가 확인 필요; 면적 452㎡","priority_score":40,"source":"경기부동산포털 국공유지조회·연속지적도","source_date":"2026-08-11","installed_solar_match":false}},{"type":"Feature","id":"4163011600107140009","geometry":{"type":"Point","coordinates":[127.0452471,37.8133375]},"properties":{"pnu":"4163011600107140009","municipality_code":"41630","municipality":"양주시","district":"양주시","locality":"덕계동","address":"양주시 덕계동 714-9","owner_type":"시·군유지","owner_label":"양주시","manager":"","property_class":"","land_category":"대","area_sqm":451.0,"area_band":"100~500㎡","interest_category":"대","solar_candidate":"검토필요","candidate_reason":"청사·공공건축물·주차장 현황 추가 확인 필요; 면적 451㎡","priority_score":40,"source":"경기부동산포털 국공유지조회·연속지적도","source_date":"2026-08-11","installed_solar_match":false}},{"type":"Feature","id":"4163010700103970015","geometry":{"type":"Point","coordinates":[127.0899529,37.7874843]},"properties":{"pnu":"4163010700103970015","municipality_code":"41630","municipality":"양주시","district":"양주시","locality":"만송동","address":"양주시 만송동 397-15","owner_type":"시·군유지","owner_label":"양주시","manager":"","property_class":"","land_category":"대","area_sqm":447.0,"area_band":"100~500㎡","interest_category":"대","solar_candidate":"검토필요","candidate_reason":"청사·공공건축물·주차장 현황 추가 확인 필요; 면적 447㎡","priority_score":40,"source":"경기부동산포털 국공유지조회·연속지적도","source_date":"2026-08-11","installed_solar_match":false}},{"type":"Feature","id":"4163034024103820001","geometry":{"type":"Point","coordinates":[126.9518357,37.7345962]},"properties":{"pnu":"4163034024103820001","municipality_code":"41630","municipality":"양주시","district":"양주시","locality":"장흥면 석현리","address":"양주시 장흥면 석현리 382-1","owner_type":"시·군유지","owner_label":"양주시","manager":"","property_class":"","land_category":"대","area_sqm":435.0,"area_band":"100~500㎡","interest_category":"대","solar_candidate":"검토필요","candidate_reason":"청사·공공건축물·주차장 현황 추가 확인 필요; 면적 435㎡","priority_score":40,"source":"경기부동산포털 국공유지조회·연속지적도","source_date":"2026-08-11","installed_solar_match":false}},{"type":"Feature","id":"4163033021107380029","geometry":{"type":"Point","coordinates":[126.9841144,37.8237618]},"properties":{"pnu":"4163033021107380029","municipality_code":"41630","municipality":"양주시","district":"양주시","locality":"광적면 가납리","address":"양주시 광적면 가납리 738-29","owner_type":"시·군유지","owner_label":"양주시","manager":"","property_class":"","land_category":"대","area_sqm":427.0,"area_band":"100~500㎡","interest_category":"대","solar_candidate":"검토필요","candidate_reason":"청사·공공건축물·주차장 현황 추가 확인 필요; 면적 427㎡","priority_score":40,"source":"경기부동산포털 국공유지조회·연속지적도","source_date":"2026-08-11","installed_solar_match":false}},{"type":"Feature","id":"4163025021106220004","geometry":{"type":"Point","coordinates":[126.9996878,37.7920783]},"properties":{"pnu":"4163025021106220004","municipality_code":"41630","municipality":"양주시","district":"양주시","locality":"백석읍 방성리","address":"양주시 백석읍 방성리 622-4","owner_type":"시·군유지","owner_label":"양주시","manager":"","property_class":"","land_category":"대","area_sqm":421.0,"area_band":"100~500㎡","interest_category":"대","solar_candidate":"검토필요","candidate_reason":"청사·공공건축물·주차장 현황 추가 확인 필요; 면적 421㎡","priority_score":40,"source":"경기부동산포털 국공유지조회·연속지적도","source_date":"2026-08-11","installed_solar_match":false}},{"type":"Feature","id":"4163011100102080011","geometry":{"type":"Point","coordinates":[127.0805642,37.8582461]},"properties":{"pnu":"4163011100102080011","municipality_code":"41630","municipality":"양주시","district":"양주시","locality":"봉양동","address":"양주시 봉양동 208-11","owner_type":"시·군유지","owner_label":"양주시","manager":"","property_class":"","land_category":"대","area_sqm":420.0,"area_band":"100~500㎡","interest_category":"대","solar_candidate":"검토필요","candidate_reason":"청사·공공건축물·주차장 현황 추가 확인 필요; 면적 420㎡","priority_score":40,"source":"경기부동산포털 국공유지조회·연속지적도","source_date":"2026-08-11","installed_solar_match":false}},{"type":"Feature","id":"4163025023101020012","geometry":{"type":"Point","coordinates":[126.9892578,37.7830056]},"properties":{"pnu":"4163025023101020012","municipality_code":"41630","municipality":"양주시","district":"양주시","locality":"백석읍 복지리","address":"양주시 백석읍 복지리 102-12","owner_type":"시·군유지","owner_label":"양주시","manager":"","property_class":"","land_category":"대","area_sqm":420.0,"area_band":"100~500㎡","interest_category":"대","solar_candidate":"검토필요","candidate_reason":"청사·공공건축물·주차장 현황 추가 확인 필요; 면적 420㎡","priority_score":40,"source":"경기부동산포털 국공유지조회·연속지적도","source_date":"2026-08-11","installed_solar_match":false}},{"type":"Feature","id":"4163010800105610043","geometry":{"type":"Point","coordinates":[127.0961768,37.8070903]},"properties":{"pnu":"4163010800105610043","municipality_code":"41630","municipality":"양주시","district":"양주시","locality":"삼숭동","address":"양주시 삼숭동 561-43","owner_type":"시·군유지","owner_label":"양주시","manager":"","property_class":"","land_category":"대","area_sqm":418.0,"area_band":"100~500㎡","interest_category":"대","solar_candidate":"검토필요","candidate_reason":"청사·공공건축물·주차장 현황 추가 확인 필요; 면적 418㎡","priority_score":40,"source":"경기부동산포털 국공유지조회·연속지적도","source_date":"2026-08-11","installed_solar_match":false}},{"type":"Feature","id":"4163011200104470019","geometry":{"type":"Point","coordinates":[127.0862121,37.8445944]},"properties":{"pnu":"4163011200104470019","municipality_code":"41630","municipality":"양주시","district":"양주시","locality":"회암동","address":"양주시 회암동 447-19","owner_type":"시·군유지","owner_label":"양주시","manager":"","property_class":"","land_category":"대","area_sqm":415.0,"area_band":"100~500㎡","interest_category":"대","solar_candidate":"검토필요","candidate_reason":"청사·공공건축물·주차장 현황 추가 확인 필요; 면적 415㎡","priority_score":40,"source":"경기부동산포털 국공유지조회·연속지적도","source_date":"2026-08-11","installed_solar_match":false}},{"type":"Feature","id":"4163025026102670008","geometry":{"type":"Point","coordinates":[126.9514564,37.8202499]},"properties":{"pnu":"4163025026102670008","municipality_code":"41630","municipality":"양주시","district":"양주시","locality":"백석읍 연곡리","address":"양주시 백석읍 연곡리 267-8","owner_type":"시·군유지","owner_label":"양주시","manager":"","property_class":"","land_category":"대","area_sqm":414.0,"area_band":"100~500㎡","interest_category":"대","solar_candidate":"검토필요","candidate_reason":"청사·공공건축물·주차장 현황 추가 확인 필요; 면적 414㎡","priority_score":40,"source":"경기부동산포털 국공유지조회·연속지적도","source_date":"2026-08-11","installed_solar_match":false}},{"type":"Feature","id":"4163032021104030003","geometry":{"type":"Point","coordinates":[126.966764,37.900609]},"properties":{"pnu":"4163032021104030003","municipality_code":"41630","municipality":"양주시","district":"양주시","locality":"남면 신산리","address":"양주시 남면 신산리 403-3","owner_type":"시·군유지","owner_label":"양주시","manager":"","property_class":"","land_category":"대","area_sqm":412.0,"area_band":"100~500㎡","interest_category":"대","solar_candidate":"검토필요","candidate_reason":"청사·공공건축물·주차장 현황 추가 확인 필요; 면적 412㎡","priority_score":40,"source":"경기부동산포털 국공유지조회·연속지적도","source_date":"2026-08-11","installed_solar_match":false}},{"type":"Feature","id":"4163031024104040010","geometry":{"type":"Point","coordinates":[127.0048085,37.9086968]},"properties":{"pnu":"4163031024104040010","municipality_code":"41630","municipality":"양주시","district":"양주시","locality":"은현면 봉암리","address":"양주시 은현면 봉암리 404-10","owner_type":"시·군유지","owner_label":"양주시","manager":"","property_class":"","land_category":"대","area_sqm":407.0,"area_band":"100~500㎡","interest_category":"대","solar_candidate":"검토필요","candidate_reason":"청사·공공건축물·주차장 현황 추가 확인 필요; 면적 407㎡","priority_score":40,"source":"경기부동산포털 국공유지조회·연속지적도","source_date":"2026-08-11","installed_solar_match":false}},{"type":"Feature","id":"4163011100102160008","geometry":{"type":"Point","coordinates":[127.0805246,37.8567704]},"properties":{"pnu":"4163011100102160008","municipality_code":"41630","municipality":"양주시","district":"양주시","locality":"봉양동","address":"양주시 봉양동 216-8","owner_type":"시·군유지","owner_label":"양주시","manager":"","property_class":"","land_category":"대","area_sqm":405.0,"area_band":"100~500㎡","interest_category":"대","solar_candidate":"검토필요","candidate_reason":"청사·공공건축물·주차장 현황 추가 확인 필요; 면적 405㎡","priority_score":40,"source":"경기부동산포털 국공유지조회·연속지적도","source_date":"2026-08-11","installed_solar_match":false}},{"type":"Feature","id":"4163025023102170002","geometry":{"type":"Point","coordinates":[126.9853574,37.790802]},"properties":{"pnu":"4163025023102170002","municipality_code":"41630","municipality":"양주시","district":"양주시","locality":"백석읍 복지리","address":"양주시 백석읍 복지리 217-2","owner_type":"시·군유지","owner_label":"양주시","manager":"","property_class":"","land_category":"대","area_sqm":392.0,"area_band":"100~500㎡","interest_category":"대","solar_candidate":"검토필요","candidate_reason":"청사·공공건축물·주차장 현황 추가 확인 필요; 면적 392㎡","priority_score":40,"source":"경기부동산포털 국공유지조회·연속지적도","source_date":"2026-08-11","installed_solar_match":false}},{"type":"Feature","id":"4163025022101940019","geometry":{"type":"Point","coordinates":[126.9841507,37.8024551]},"properties":{"pnu":"4163025022101940019","municipality_code":"41630","municipality":"양주시","district":"양주시","locality":"백석읍 오산리","address":"양주시 백석읍 오산리 194-19","owner_type":"시·군유지","owner_label":"양주시","manager":"","property_class":"","land_category":"대","area_sqm":390.0,"area_band":"100~500㎡","interest_category":"대","solar_candidate":"검토필요","candidate_reason":"청사·공공건축물·주차장 현황 추가 확인 필요; 면적 390㎡","priority_score":40,"source":"경기부동산포털 국공유지조회·연속지적도","source_date":"2026-08-11","installed_solar_match":false}},{"type":"Feature","id":"4163010600103030005","geometry":{"type":"Point","coordinates":[127.0745138,37.7971403]},"properties":{"pnu":"4163010600103030005","municipality_code":"41630","municipality":"양주시","district":"양주시","locality":"광사동","address":"양주시 광사동 303-5","owner_type":"시·군유지","owner_label":"양주시","manager":"","property_class":"","land_category":"대","area_sqm":388.0,"area_band":"100~500㎡","interest_category":"대","solar_candidate":"검토필요","candidate_reason":"청사·공공건축물·주차장 현황 추가 확인 필요; 면적 388㎡","priority_score":40,"source":"경기부동산포털 국공유지조회·연속지적도","source_date":"2026-08-11","installed_solar_match":false}},{"type":"Feature","id":"4163032021102850223","geometry":{"type":"Point","coordinates":[126.9727665,37.8974288]},"properties":{"pnu":"4163032021102850223","municipality_code":"41630","municipality":"양주시","district":"양주시","locality":"남면 신산리","address":"양주시 남면 신산리 285-223","owner_type":"시·군유지","owner_label":"양주시","manager":"","property_class":"","land_category":"대","area_sqm":386.0,"area_band":"100~500㎡","interest_category":"대","solar_candidate":"검토필요","candidate_reason":"청사·공공건축물·주차장 현황 추가 확인 필요; 면적 386㎡","priority_score":40,"source":"경기부동산포털 국공유지조회·연속지적도","source_date":"2026-08-11","installed_solar_match":false}},{"type":"Feature","id":"4163011200103730006","geometry":{"type":"Point","coordinates":[127.0902522,37.8406412]},"properties":{"pnu":"4163011200103730006","municipality_code":"41630","municipality":"양주시","district":"양주시","locality":"회암동","address":"양주시 회암동 373-6","owner_type":"시·군유지","owner_label":"양주시","manager":"","property_class":"","land_category":"대","area_sqm":382.0,"area_band":"100~500㎡","interest_category":"대","solar_candidate":"검토필요","candidate_reason":"청사·공공건축물·주차장 현황 추가 확인 필요; 면적 382㎡","priority_score":40,"source":"경기부동산포털 국공유지조회·연속지적도","source_date":"2026-08-11","installed_solar_match":false}},{"type":"Feature","id":"4163032027101470143","geometry":{"type":"Point","coordinates":[127.002755,37.8695462]},"properties":{"pnu":"4163032027101470143","municipality_code":"41630","municipality":"양주시","district":"양주시","locality":"남면 상수리","address":"양주시 남면 상수리 147-143","owner_type":"시·군유지","owner_label":"양주시","manager":"","property_class":"","land_category":"대","area_sqm":382.0,"area_band":"100~500㎡","interest_category":"대","solar_candidate":"검토필요","candidate_reason":"청사·공공건축물·주차장 현황 추가 확인 필요; 면적 382㎡","priority_score":40,"source":"경기부동산포털 국공유지조회·연속지적도","source_date":"2026-08-11","installed_solar_match":false}},{"type":"Feature","id":"4163025023102640010","geometry":{"type":"Point","coordinates":[126.988859,37.787067]},"properties":{"pnu":"4163025023102640010","municipality_code":"41630","municipality":"양주시","district":"양주시","locality":"백석읍 복지리","address":"양주시 백석읍 복지리 264-10","owner_type":"시·군유지","owner_label":"양주시","manager":"","property_class":"","land_category":"대","area_sqm":381.0,"area_band":"100~500㎡","interest_category":"대","solar_candidate":"검토필요","candidate_reason":"청사·공공건축물·주차장 현황 추가 확인 필요; 면적 381㎡","priority_score":40,"source":"경기부동산포털 국공유지조회·연속지적도","source_date":"2026-08-11","installed_solar_match":false}},{"type":"Feature","id":"4163010700106530003","geometry":{"type":"Point","coordinates":[127.0785493,37.7779695]},"properties":{"pnu":"4163010700106530003","municipality_code":"41630","municipality":"양주시","district":"양주시","locality":"만송동","address":"양주시 만송동 653-3","owner_type":"시·군유지","owner_label":"양주시","manager":"","property_class":"","land_category":"대","area_sqm":375.0,"area_band":"100~500㎡","interest_category":"대","solar_candidate":"검토필요","candidate_reason":"청사·공공건축물·주차장 현황 추가 확인 필요; 면적 375㎡","priority_score":40,"source":"경기부동산포털 국공유지조회·연속지적도","source_date":"2026-08-11","installed_solar_match":false}},{"type":"Feature","id":"4163025022100680009","geometry":{"type":"Point","coordinates":[126.9924562,37.795743]},"properties":{"pnu":"4163025022100680009","municipality_code":"41630","municipality":"양주시","district":"양주시","locality":"백석읍 오산리","address":"양주시 백석읍 오산리 68-9","owner_type":"시·군유지","owner_label":"양주시","manager":"","property_class":"","land_category":"대","area_sqm":375.0,"area_band":"100~500㎡","interest_category":"대","solar_candidate":"검토필요","candidate_reason":"청사·공공건축물·주차장 현황 추가 확인 필요; 면적 375㎡","priority_score":40,"source":"경기부동산포털 국공유지조회·연속지적도","source_date":"2026-08-11","installed_solar_match":false}},{"type":"Feature","id":"4163031024101840083","geometry":{"type":"Point","coordinates":[127.0075343,37.9080607]},"properties":{"pnu":"4163031024101840083","municipality_code":"41630","municipality":"양주시","district":"양주시","locality":"은현면 봉암리","address":"양주시 은현면 봉암리 184-83","owner_type":"시·군유지","owner_label":"양주시","manager":"","property_class":"","land_category":"대","area_sqm":374.0,"area_band":"100~500㎡","interest_category":"대","solar_candidate":"검토필요","candidate_reason":"청사·공공건축물·주차장 현황 추가 확인 필요; 면적 374㎡","priority_score":40,"source":"경기부동산포털 국공유지조회·연속지적도","source_date":"2026-08-11","installed_solar_match":false}},{"type":"Feature","id":"4163011000101320033","geometry":{"type":"Point","coordinates":[127.0637137,37.8439485]},"properties":{"pnu":"4163011000101320033","municipality_code":"41630","municipality":"양주시","district":"양주시","locality":"덕정동","address":"양주시 덕정동 132-33","owner_type":"시·군유지","owner_label":"양주시","manager":"","property_class":"","land_category":"대","area_sqm":371.0,"area_band":"100~500㎡","interest_category":"대","solar_candidate":"검토필요","candidate_reason":"청사·공공건축물·주차장 현황 추가 확인 필요; 면적 371㎡","priority_score":40,"source":"경기부동산포털 국공유지조회·연속지적도","source_date":"2026-08-11","installed_solar_match":false}},{"type":"Feature","id":"4163011000103500098","geometry":{"type":"Point","coordinates":[127.0626904,37.842765]},"properties":{"pnu":"4163011000103500098","municipality_code":"41630","municipality":"양주시","district":"양주시","locality":"덕정동","address":"양주시 덕정동 350-98","owner_type":"시·군유지","owner_label":"양주시","manager":"","property_class":"","land_category":"대","area_sqm":369.0,"area_band":"100~500㎡","interest_category":"대","solar_candidate":"검토필요","candidate_reason":"청사·공공건축물·주차장 현황 추가 확인 필요; 면적 369㎡","priority_score":40,"source":"경기부동산포털 국공유지조회·연속지적도","source_date":"2026-08-11","installed_solar_match":false}},{"type":"Feature","id":"4163031021108320001","geometry":{"type":"Point","coordinates":[127.0316685,37.8521806]},"properties":{"pnu":"4163031021108320001","municipality_code":"41630","municipality":"양주시","district":"양주시","locality":"은현면 용암리","address":"양주시 은현면 용암리 832-1","owner_type":"시·군유지","owner_label":"양주시","manager":"","property_class":"","land_category":"대","area_sqm":366.0,"area_band":"100~500㎡","interest_category":"대","solar_candidate":"검토필요","candidate_reason":"청사·공공건축물·주차장 현황 추가 확인 필요; 면적 366㎡","priority_score":40,"source":"경기부동산포털 국공유지조회·연속지적도","source_date":"2026-08-11","installed_solar_match":false}},{"type":"Feature","id":"4163033021107380028","geometry":{"type":"Point","coordinates":[126.9839952,37.823841]},"properties":{"pnu":"4163033021107380028","municipality_code":"41630","municipality":"양주시","district":"양주시","locality":"광적면 가납리","address":"양주시 광적면 가납리 738-28","owner_type":"시·군유지","owner_label":"양주시","manager":"","property_class":"","land_category":"대","area_sqm":365.0,"area_band":"100~500㎡","interest_category":"대","solar_candidate":"검토필요","candidate_reason":"청사·공공건축물·주차장 현황 추가 확인 필요; 면적 365㎡","priority_score":40,"source":"경기부동산포털 국공유지조회·연속지적도","source_date":"2026-08-11","installed_solar_match":false}},{"type":"Feature","id":"4163010100102700001","geometry":{"type":"Point","coordinates":[127.033333,37.7847545]},"properties":{"pnu":"4163010100102700001","municipality_code":"41630","municipality":"양주시","district":"양주시","locality":"유양동","address":"양주시 유양동 270-1","owner_type":"시·군유지","owner_label":"양주시","manager":"","property_class":"","land_category":"대","area_sqm":362.0,"area_band":"100~500㎡","interest_category":"대","solar_candidate":"검토필요","candidate_reason":"청사·공공건축물·주차장 현황 추가 확인 필요; 면적 362㎡","priority_score":40,"source":"경기부동산포털 국공유지조회·연속지적도","source_date":"2026-08-11","installed_solar_match":false}},{"type":"Feature","id":"4163010300101230003","geometry":{"type":"Point","coordinates":[127.0441403,37.7722987]},"properties":{"pnu":"4163010300101230003","municipality_code":"41630","municipality":"양주시","district":"양주시","locality":"남방동","address":"양주시 남방동 123-3","owner_type":"시·군유지","owner_label":"양주시","manager":"","property_class":"","land_category":"대","area_sqm":361.0,"area_band":"100~500㎡","interest_category":"대","solar_candidate":"검토필요","candidate_reason":"청사·공공건축물·주차장 현황 추가 확인 필요; 면적 361㎡","priority_score":40,"source":"경기부동산포털 국공유지조회·연속지적도","source_date":"2026-08-11","installed_solar_match":false}},{"type":"Feature","id":"4163011000104160005","geometry":{"type":"Point","coordinates":[127.0612079,37.8488959]},"properties":{"pnu":"4163011000104160005","municipality_code":"41630","municipality":"양주시","district":"양주시","locality":"덕정동","address":"양주시 덕정동 416-5","owner_type":"시·군유지","owner_label":"양주시","manager":"","property_class":"","land_category":"대","area_sqm":361.0,"area_band":"100~500㎡","interest_category":"대","solar_candidate":"검토필요","candidate_reason":"청사·공공건축물·주차장 현황 추가 확인 필요; 면적 361㎡","priority_score":40,"source":"경기부동산포털 국공유지조회·연속지적도","source_date":"2026-08-11","installed_solar_match":false}},{"type":"Feature","id":"4163011100101540003","geometry":{"type":"Point","coordinates":[127.0810584,37.8588897]},"properties":{"pnu":"4163011100101540003","municipality_code":"41630","municipality":"양주시","district":"양주시","locality":"봉양동","address":"양주시 봉양동 154-3","owner_type":"시·군유지","owner_label":"양주시","manager":"","property_class":"","land_category":"대","area_sqm":359.0,"area_band":"100~500㎡","interest_category":"대","solar_candidate":"검토필요","candidate_reason":"청사·공공건축물·주차장 현황 추가 확인 필요; 면적 359㎡","priority_score":40,"source":"경기부동산포털 국공유지조회·연속지적도","source_date":"2026-08-11","installed_solar_match":false}},{"type":"Feature","id":"4163032030102910049","geometry":{"type":"Point","coordinates":[126.9860313,37.9275744]},"properties":{"pnu":"4163032030102910049","municipality_code":"41630","municipality":"양주시","district":"양주시","locality":"남면 황방리","address":"양주시 남면 황방리 291-49","owner_type":"시·군유지","owner_label":"양주시","manager":"","property_class":"","land_category":"대","area_sqm":354.0,"area_band":"100~500㎡","interest_category":"대","solar_candidate":"검토필요","candidate_reason":"청사·공공건축물·주차장 현황 추가 확인 필요; 면적 354㎡","priority_score":40,"source":"경기부동산포털 국공유지조회·연속지적도","source_date":"2026-08-11","installed_solar_match":false}},{"type":"Feature","id":"4163031024104220015","geometry":{"type":"Point","coordinates":[127.0047154,37.9061423]},"properties":{"pnu":"4163031024104220015","municipality_code":"41630","municipality":"양주시","district":"양주시","locality":"은현면 봉암리","address":"양주시 은현면 봉암리 422-15","owner_type":"시·군유지","owner_label":"양주시","manager":"","property_class":"","land_category":"대","area_sqm":352.0,"area_band":"100~500㎡","interest_category":"대","solar_candidate":"검토필요","candidate_reason":"청사·공공건축물·주차장 현황 추가 확인 필요; 면적 352㎡","priority_score":40,"source":"경기부동산포털 국공유지조회·연속지적도","source_date":"2026-08-11","installed_solar_match":false}},{"type":"Feature","id":"4163032021104200002","geometry":{"type":"Point","coordinates":[126.9659004,37.9010947]},"properties":{"pnu":"4163032021104200002","municipality_code":"41630","municipality":"양주시","district":"양주시","locality":"남면 신산리","address":"양주시 남면 신산리 420-2","owner_type":"시·군유지","owner_label":"양주시","manager":"","property_class":"","land_category":"대","area_sqm":352.0,"area_band":"100~500㎡","interest_category":"대","solar_candidate":"검토필요","candidate_reason":"청사·공공건축물·주차장 현황 추가 확인 필요; 면적 352㎡","priority_score":40,"source":"경기부동산포털 국공유지조회·연속지적도","source_date":"2026-08-11","installed_solar_match":false}},{"type":"Feature","id":"4163031025103540003","geometry":{"type":"Point","coordinates":[127.0362177,37.887668]},"properties":{"pnu":"4163031025103540003","municipality_code":"41630","municipality":"양주시","district":"양주시","locality":"은현면 하패리","address":"양주시 은현면 하패리 354-3","owner_type":"시·군유지","owner_label":"양주시","manager":"","property_class":"","land_category":"대","area_sqm":350.0,"area_band":"100~500㎡","interest_category":"대","solar_candidate":"검토필요","candidate_reason":"청사·공공건축물·주차장 현황 추가 확인 필요; 면적 350㎡","priority_score":40,"source":"경기부동산포털 국공유지조회·연속지적도","source_date":"2026-08-11","installed_solar_match":false}},{"type":"Feature","id":"4163032024101800001","geometry":{"type":"Point","coordinates":[126.9698058,37.886779]},"properties":{"pnu":"4163032024101800001","municipality_code":"41630","municipality":"양주시","district":"양주시","locality":"남면 구암리","address":"양주시 남면 구암리 180-1","owner_type":"시·군유지","owner_label":"양주시","manager":"","property_class":"","land_category":"대","area_sqm":349.0,"area_band":"100~500㎡","interest_category":"대","solar_candidate":"검토필요","candidate_reason":"청사·공공건축물·주차장 현황 추가 확인 필요; 면적 349㎡","priority_score":40,"source":"경기부동산포털 국공유지조회·연속지적도","source_date":"2026-08-11","installed_solar_match":false}},{"type":"Feature","id":"4163032021102950010","geometry":{"type":"Point","coordinates":[126.9755478,37.8972616]},"properties":{"pnu":"4163032021102950010","municipality_code":"41630","municipality":"양주시","district":"양주시","locality":"남면 신산리","address":"양주시 남면 신산리 295-10","owner_type":"시·군유지","owner_label":"양주시","manager":"","property_class":"","land_category":"대","area_sqm":348.0,"area_band":"100~500㎡","interest_category":"대","solar_candidate":"검토필요","candidate_reason":"청사·공공건축물·주차장 현황 추가 확인 필요; 면적 348㎡","priority_score":40,"source":"경기부동산포털 국공유지조회·연속지적도","source_date":"2026-08-11","installed_solar_match":false}},{"type":"Feature","id":"4163011000102810015","geometry":{"type":"Point","coordinates":[127.0626899,37.837755]},"properties":{"pnu":"4163011000102810015","municipality_code":"41630","municipality":"양주시","district":"양주시","locality":"덕정동","address":"양주시 덕정동 281-15","owner_type":"시·군유지","owner_label":"양주시","manager":"","property_class":"","land_category":"대","area_sqm":347.0,"area_band":"100~500㎡","interest_category":"대","solar_candidate":"검토필요","candidate_reason":"청사·공공건축물·주차장 현황 추가 확인 필요; 면적 347㎡","priority_score":40,"source":"경기부동산포털 국공유지조회·연속지적도","source_date":"2026-08-11","installed_solar_match":false}},{"type":"Feature","id":"4163033021107370019","geometry":{"type":"Point","coordinates":[126.9839584,37.8241121]},"properties":{"pnu":"4163033021107370019","municipality_code":"41630","municipality":"양주시","district":"양주시","locality":"광적면 가납리","address":"양주시 광적면 가납리 737-19","owner_type":"시·군유지","owner_label":"양주시","manager":"","property_class":"","land_category":"대","area_sqm":347.0,"area_band":"100~500㎡","interest_category":"대","solar_candidate":"검토필요","candidate_reason":"청사·공공건축물·주차장 현황 추가 확인 필요; 면적 347㎡","priority_score":40,"source":"경기부동산포털 국공유지조회·연속지적도","source_date":"2026-08-11","installed_solar_match":false}},{"type":"Feature","id":"4163011100104200009","geometry":{"type":"Point","coordinates":[127.0798502,37.8575871]},"properties":{"pnu":"4163011100104200009","municipality_code":"41630","municipality":"양주시","district":"양주시","locality":"봉양동","address":"양주시 봉양동 420-9","owner_type":"시·군유지","owner_label":"양주시","manager":"","property_class":"","land_category":"대","area_sqm":344.0,"area_band":"100~500㎡","interest_category":"대","solar_candidate":"검토필요","candidate_reason":"청사·공공건축물·주차장 현황 추가 확인 필요; 면적 344㎡","priority_score":40,"source":"경기부동산포털 국공유지조회·연속지적도","source_date":"2026-08-11","installed_solar_match":false}},{"type":"Feature","id":"4163034024103920002","geometry":{"type":"Point","coordinates":[126.9495129,37.7295932]},"properties":{"pnu":"4163034024103920002","municipality_code":"41630","municipality":"양주시","district":"양주시","locality":"장흥면 석현리","address":"양주시 장흥면 석현리 392-2","owner_type":"시·군유지","owner_label":"양주시","manager":"","property_class":"","land_category":"대","area_sqm":344.0,"area_band":"100~500㎡","interest_category":"대","solar_candidate":"검토필요","candidate_reason":"청사·공공건축물·주차장 현황 추가 확인 필요; 면적 344㎡","priority_score":40,"source":"경기부동산포털 국공유지조회·연속지적도","source_date":"2026-08-11","installed_solar_match":false}},{"type":"Feature","id":"4163011200100820009","geometry":{"type":"Point","coordinates":[127.0975542,37.8459399]},"properties":{"pnu":"4163011200100820009","municipality_code":"41630","municipality":"양주시","district":"양주시","locality":"회암동","address":"양주시 회암동 82-9","owner_type":"시·군유지","owner_label":"양주시","manager":"","property_class":"","land_category":"대","area_sqm":342.0,"area_band":"100~500㎡","interest_category":"대","solar_candidate":"검토필요","candidate_reason":"청사·공공건축물·주차장 현황 추가 확인 필요; 면적 342㎡","priority_score":40,"source":"경기부동산포털 국공유지조회·연속지적도","source_date":"2026-08-11","installed_solar_match":false}},{"type":"Feature","id":"4163032026100320022","geometry":{"type":"Point","coordinates":[126.9905541,37.855718]},"properties":{"pnu":"4163032026100320022","municipality_code":"41630","municipality":"양주시","district":"양주시","locality":"남면 경신리","address":"양주시 남면 경신리 32-22","owner_type":"시·군유지","owner_label":"양주시","manager":"","property_class":"","land_category":"대","area_sqm":338.0,"area_band":"100~500㎡","interest_category":"대","solar_candidate":"검토필요","candidate_reason":"청사·공공건축물·주차장 현황 추가 확인 필요; 면적 338㎡","priority_score":40,"source":"경기부동산포털 국공유지조회·연속지적도","source_date":"2026-08-11","installed_solar_match":false}},{"type":"Feature","id":"4163025021100540017","geometry":{"type":"Point","coordinates":[126.9979713,37.8064903]},"properties":{"pnu":"4163025021100540017","municipality_code":"41630","municipality":"양주시","district":"양주시","locality":"백석읍 방성리","address":"양주시 백석읍 방성리 54-17","owner_type":"시·군유지","owner_label":"양주시","manager":"","property_class":"","land_category":"대","area_sqm":337.0,"area_band":"100~500㎡","interest_category":"대","solar_candidate":"검토필요","candidate_reason":"청사·공공건축물·주차장 현황 추가 확인 필요; 면적 337㎡","priority_score":40,"source":"경기부동산포털 국공유지조회·연속지적도","source_date":"2026-08-11","installed_solar_match":false}},{"type":"Feature","id":"4163033021106570037","geometry":{"type":"Point","coordinates":[126.9877955,37.8146807]},"properties":{"pnu":"4163033021106570037","municipality_code":"41630","municipality":"양주시","district":"양주시","locality":"광적면 가납리","address":"양주시 광적면 가납리 657-37","owner_type":"시·군유지","owner_label":"양주시","manager":"","property_class":"","land_category":"대","area_sqm":333.0,"area_band":"100~500㎡","interest_category":"대","solar_candidate":"검토필요","candidate_reason":"청사·공공건축물·주차장 현황 추가 확인 필요; 면적 333㎡","priority_score":40,"source":"경기부동산포털 국공유지조회·연속지적도","source_date":"2026-08-11","installed_solar_match":false}},{"type":"Feature","id":"4163010100105030000","geometry":{"type":"Point","coordinates":[127.0287877,37.7852571]},"properties":{"pnu":"4163010100105030000","municipality_code":"41630","municipality":"양주시","district":"양주시","locality":"유양동","address":"양주시 유양동 503","owner_type":"시·군유지","owner_label":"양주시","manager":"","property_class":"","land_category":"대","area_sqm":332.0,"area_band":"100~500㎡","interest_category":"대","solar_candidate":"검토필요","candidate_reason":"청사·공공건축물·주차장 현황 추가 확인 필요; 면적 332㎡","priority_score":40,"source":"경기부동산포털 국공유지조회·연속지적도","source_date":"2026-08-11","installed_solar_match":false}},{"type":"Feature","id":"4163025023102960017","geometry":{"type":"Point","coordinates":[126.9840018,37.7862221]},"properties":{"pnu":"4163025023102960017","municipality_code":"41630","municipality":"양주시","district":"양주시","locality":"백석읍 복지리","address":"양주시 백석읍 복지리 296-17","owner_type":"시·군유지","owner_label":"양주시","manager":"","property_class":"","land_category":"대","area_sqm":332.0,"area_band":"100~500㎡","interest_category":"대","solar_candidate":"검토필요","candidate_reason":"청사·공공건축물·주차장 현황 추가 확인 필요; 면적 332㎡","priority_score":40,"source":"경기부동산포털 국공유지조회·연속지적도","source_date":"2026-08-11","installed_solar_match":false}},{"type":"Feature","id":"4163025022101030014","geometry":{"type":"Point","coordinates":[126.9919704,37.7973164]},"properties":{"pnu":"4163025022101030014","municipality_code":"41630","municipality":"양주시","district":"양주시","locality":"백석읍 오산리","address":"양주시 백석읍 오산리 103-14","owner_type":"시·군유지","owner_label":"양주시","manager":"","property_class":"","land_category":"대","area_sqm":331.0,"area_band":"100~500㎡","interest_category":"대","solar_candidate":"검토필요","candidate_reason":"청사·공공건축물·주차장 현황 추가 확인 필요; 면적 331㎡","priority_score":40,"source":"경기부동산포털 국공유지조회·연속지적도","source_date":"2026-08-11","installed_solar_match":false}},{"type":"Feature","id":"4163033026100190006","geometry":{"type":"Point","coordinates":[126.9911303,37.8436242]},"properties":{"pnu":"4163033026100190006","municipality_code":"41630","municipality":"양주시","district":"양주시","locality":"광적면 덕도리","address":"양주시 광적면 덕도리 19-6","owner_type":"시·군유지","owner_label":"양주시","manager":"","property_class":"","land_category":"대","area_sqm":330.0,"area_band":"100~500㎡","interest_category":"대","solar_candidate":"검토필요","candidate_reason":"청사·공공건축물·주차장 현황 추가 확인 필요; 면적 330㎡","priority_score":40,"source":"경기부동산포털 국공유지조회·연속지적도","source_date":"2026-08-11","installed_solar_match":false}},{"type":"Feature","id":"4163034024103850013","geometry":{"type":"Point","coordinates":[126.9479992,37.7321717]},"properties":{"pnu":"4163034024103850013","municipality_code":"41630","municipality":"양주시","district":"양주시","locality":"장흥면 석현리","address":"양주시 장흥면 석현리 385-13","owner_type":"시·군유지","owner_label":"양주시","manager":"","property_class":"","land_category":"대","area_sqm":330.0,"area_band":"100~500㎡","interest_category":"대","solar_candidate":"검토필요","candidate_reason":"청사·공공건축물·주차장 현황 추가 확인 필요; 면적 330㎡","priority_score":40,"source":"경기부동산포털 국공유지조회·연속지적도","source_date":"2026-08-11","installed_solar_match":false}},{"type":"Feature","id":"4163025021104360011","geometry":{"type":"Point","coordinates":[127.0031644,37.8001368]},"properties":{"pnu":"4163025021104360011","municipality_code":"41630","municipality":"양주시","district":"양주시","locality":"백석읍 방성리","address":"양주시 백석읍 방성리 436-11","owner_type":"시·군유지","owner_label":"양주시","manager":"","property_class":"","land_category":"대","area_sqm":328.0,"area_band":"100~500㎡","interest_category":"대","solar_candidate":"검토필요","candidate_reason":"청사·공공건축물·주차장 현황 추가 확인 필요; 면적 328㎡","priority_score":40,"source":"경기부동산포털 국공유지조회·연속지적도","source_date":"2026-08-11","installed_solar_match":false}},{"type":"Feature","id":"4163033021107420029","geometry":{"type":"Point","coordinates":[126.9849174,37.8244147]},"properties":{"pnu":"4163033021107420029","municipality_code":"41630","municipality":"양주시","district":"양주시","locality":"광적면 가납리","address":"양주시 광적면 가납리 742-29","owner_type":"시·군유지","owner_label":"양주시","manager":"","property_class":"","land_category":"대","area_sqm":328.0,"area_band":"100~500㎡","interest_category":"대","solar_candidate":"검토필요","candidate_reason":"청사·공공건축물·주차장 현황 추가 확인 필요; 면적 328㎡","priority_score":40,"source":"경기부동산포털 국공유지조회·연속지적도","source_date":"2026-08-11","installed_solar_match":false}},{"type":"Feature","id":"4163010200102920000","geometry":{"type":"Point","coordinates":[127.0123819,37.7824413]},"properties":{"pnu":"4163010200102920000","municipality_code":"41630","municipality":"양주시","district":"양주시","locality":"어둔동","address":"양주시 어둔동 292","owner_type":"시·군유지","owner_label":"양주시","manager":"","property_class":"","land_category":"대","area_sqm":327.0,"area_band":"100~500㎡","interest_category":"대","solar_candidate":"검토필요","candidate_reason":"청사·공공건축물·주차장 현황 추가 확인 필요; 면적 327㎡","priority_score":40,"source":"경기부동산포털 국공유지조회·연속지적도","source_date":"2026-08-11","installed_solar_match":false}},{"type":"Feature","id":"4163011100103010013","geometry":{"type":"Point","coordinates":[127.0813241,37.8487328]},"properties":{"pnu":"4163011100103010013","municipality_code":"41630","municipality":"양주시","district":"양주시","locality":"봉양동","address":"양주시 봉양동 301-13","owner_type":"시·군유지","owner_label":"양주시","manager":"","property_class":"","land_category":"대","area_sqm":327.0,"area_band":"100~500㎡","interest_category":"대","solar_candidate":"검토필요","candidate_reason":"청사·공공건축물·주차장 현황 추가 확인 필요; 면적 327㎡","priority_score":40,"source":"경기부동산포털 국공유지조회·연속지적도","source_date":"2026-08-11","installed_solar_match":false}},{"type":"Feature","id":"4163011600105450003","geometry":{"type":"Point","coordinates":[127.0446414,37.8261987]},"properties":{"pnu":"4163011600105450003","municipality_code":"41630","municipality":"양주시","district":"양주시","locality":"덕계동","address":"양주시 덕계동 545-3","owner_type":"시·군유지","owner_label":"양주시","manager":"","property_class":"","land_category":"대","area_sqm":327.0,"area_band":"100~500㎡","interest_category":"대","solar_candidate":"검토필요","candidate_reason":"청사·공공건축물·주차장 현황 추가 확인 필요; 면적 327㎡","priority_score":40,"source":"경기부동산포털 국공유지조회·연속지적도","source_date":"2026-08-11","installed_solar_match":false}},{"type":"Feature","id":"4163010300105370004","geometry":{"type":"Point","coordinates":[127.0345528,37.7697817]},"properties":{"pnu":"4163010300105370004","municipality_code":"41630","municipality":"양주시","district":"양주시","locality":"남방동","address":"양주시 남방동 537-4","owner_type":"시·군유지","owner_label":"양주시","manager":"","property_class":"","land_category":"대","area_sqm":326.0,"area_band":"100~500㎡","interest_category":"대","solar_candidate":"검토필요","candidate_reason":"청사·공공건축물·주차장 현황 추가 확인 필요; 면적 326㎡","priority_score":40,"source":"경기부동산포털 국공유지조회·연속지적도","source_date":"2026-08-11","installed_solar_match":false}},{"type":"Feature","id":"4163010400101830003","geometry":{"type":"Point","coordinates":[127.0592802,37.7795209]},"properties":{"pnu":"4163010400101830003","municipality_code":"41630","municipality":"양주시","district":"양주시","locality":"마전동","address":"양주시 마전동 183-3","owner_type":"시·군유지","owner_label":"양주시","manager":"","property_class":"","land_category":"대","area_sqm":325.0,"area_band":"100~500㎡","interest_category":"대","solar_candidate":"검토필요","candidate_reason":"청사·공공건축물·주차장 현황 추가 확인 필요; 면적 325㎡","priority_score":40,"source":"경기부동산포털 국공유지조회·연속지적도","source_date":"2026-08-11","installed_solar_match":true,"installed_solar_count":1,"installed_solar_area_sqm":35.7,"installed_solar_analysis_years":["2024"],"installed_solar_types":["공공시설물"],"installed_solar_permit_status_counts":{"N":1}}},{"type":"Feature","id":"4163010700101540002","geometry":{"type":"Point","coordinates":[127.0963409,37.7929841]},"properties":{"pnu":"4163010700101540002","municipality_code":"41630","municipality":"양주시","district":"양주시","locality":"만송동","address":"양주시 만송동 154-2","owner_type":"시·군유지","owner_label":"양주시","manager":"","property_class":"","land_category":"대","area_sqm":322.0,"area_band":"100~500㎡","interest_category":"대","solar_candidate":"검토필요","candidate_reason":"청사·공공건축물·주차장 현황 추가 확인 필요; 면적 322㎡","priority_score":40,"source":"경기부동산포털 국공유지조회·연속지적도","source_date":"2026-08-11","installed_solar_match":false}},{"type":"Feature","id":"4163031026106810003","geometry":{"type":"Point","coordinates":[126.9974313,37.8413837]},"properties":{"pnu":"4163031026106810003","municipality_code":"41630","municipality":"양주시","district":"양주시","locality":"은현면 도하리","address":"양주시 은현면 도하리 681-3","owner_type":"시·군유지","owner_label":"양주시","manager":"","property_class":"","land_category":"대","area_sqm":322.0,"area_band":"100~500㎡","interest_category":"대","solar_candidate":"검토필요","candidate_reason":"청사·공공건축물·주차장 현황 추가 확인 필요; 면적 322㎡","priority_score":40,"source":"경기부동산포털 국공유지조회·연속지적도","source_date":"2026-08-11","installed_solar_match":false}},{"type":"Feature","id":"4163010500102750005","geometry":{"type":"Point","coordinates":[127.0431115,37.8014883]},"properties":{"pnu":"4163010500102750005","municipality_code":"41630","municipality":"양주시","district":"양주시","locality":"산북동","address":"양주시 산북동 275-5","owner_type":"시·군유지","owner_label":"양주시","manager":"","property_class":"","land_category":"대","area_sqm":321.0,"area_band":"100~500㎡","interest_category":"대","solar_candidate":"검토필요","candidate_reason":"청사·공공건축물·주차장 현황 추가 확인 필요; 면적 321㎡","priority_score":40,"source":"경기부동산포털 국공유지조회·연속지적도","source_date":"2026-08-11","installed_solar_match":false}},{"type":"Feature","id":"4163010700103770005","geometry":{"type":"Point","coordinates":[127.0909108,37.7896963]},"properties":{"pnu":"4163010700103770005","municipality_code":"41630","municipality":"양주시","district":"양주시","locality":"만송동","address":"양주시 만송동 377-5","owner_type":"시·군유지","owner_label":"양주시","manager":"","property_class":"","land_category":"대","area_sqm":321.0,"area_band":"100~500㎡","interest_category":"대","solar_candidate":"검토필요","candidate_reason":"청사·공공건축물·주차장 현황 추가 확인 필요; 면적 321㎡","priority_score":40,"source":"경기부동산포털 국공유지조회·연속지적도","source_date":"2026-08-11","installed_solar_match":false}},{"type":"Feature","id":"4163011100103760015","geometry":{"type":"Point","coordinates":[127.0777289,37.8519083]},"properties":{"pnu":"4163011100103760015","municipality_code":"41630","municipality":"양주시","district":"양주시","locality":"봉양동","address":"양주시 봉양동 376-15","owner_type":"시·군유지","owner_label":"양주시","manager":"","property_class":"","land_category":"대","area_sqm":321.0,"area_band":"100~500㎡","interest_category":"대","solar_candidate":"검토필요","candidate_reason":"청사·공공건축물·주차장 현황 추가 확인 필요; 면적 321㎡","priority_score":40,"source":"경기부동산포털 국공유지조회·연속지적도","source_date":"2026-08-11","installed_solar_match":false}},{"type":"Feature","id":"4163031022104810004","geometry":{"type":"Point","coordinates":[127.0225166,37.8738122]},"properties":{"pnu":"4163031022104810004","municipality_code":"41630","municipality":"양주시","district":"양주시","locality":"은현면 선암리","address":"양주시 은현면 선암리 481-4","owner_type":"시·군유지","owner_label":"양주시","manager":"","property_class":"","land_category":"대","area_sqm":321.0,"area_band":"100~500㎡","interest_category":"대","solar_candidate":"검토필요","candidate_reason":"청사·공공건축물·주차장 현황 추가 확인 필요; 면적 321㎡","priority_score":40,"source":"경기부동산포털 국공유지조회·연속지적도","source_date":"2026-08-11","installed_solar_match":false}},{"type":"Feature","id":"4163025022105560028","geometry":{"type":"Point","coordinates":[126.9853448,37.7911061]},"properties":{"pnu":"4163025022105560028","municipality_code":"41630","municipality":"양주시","district":"양주시","locality":"백석읍 오산리","address":"양주시 백석읍 오산리 556-28","owner_type":"시·군유지","owner_label":"양주시","manager":"","property_class":"","land_category":"대","area_sqm":316.0,"area_band":"100~500㎡","interest_category":"대","solar_candidate":"검토필요","candidate_reason":"청사·공공건축물·주차장 현황 추가 확인 필요; 면적 316㎡","priority_score":40,"source":"경기부동산포털 국공유지조회·연속지적도","source_date":"2026-08-11","installed_solar_match":false}},{"type":"Feature","id":"4163033027100040041","geometry":{"type":"Point","coordinates":[126.9898941,37.843393]},"properties":{"pnu":"4163033027100040041","municipality_code":"41630","municipality":"양주시","district":"양주시","locality":"광적면 석우리","address":"양주시 광적면 석우리 4-41","owner_type":"시·군유지","owner_label":"양주시","manager":"","property_class":"","land_category":"대","area_sqm":316.0,"area_band":"100~500㎡","interest_category":"대","solar_candidate":"검토필요","candidate_reason":"청사·공공건축물·주차장 현황 추가 확인 필요; 면적 316㎡","priority_score":40,"source":"경기부동산포털 국공유지조회·연속지적도","source_date":"2026-08-11","installed_solar_match":false}},{"type":"Feature","id":"4163025022105390010","geometry":{"type":"Point","coordinates":[126.9876719,37.7941839]},"properties":{"pnu":"4163025022105390010","municipality_code":"41630","municipality":"양주시","district":"양주시","locality":"백석읍 오산리","address":"양주시 백석읍 오산리 539-10","owner_type":"시·군유지","owner_label":"양주시","manager":"","property_class":"","land_category":"대","area_sqm":315.0,"area_band":"100~500㎡","interest_category":"대","solar_candidate":"검토필요","candidate_reason":"청사·공공건축물·주차장 현황 추가 확인 필요; 면적 315㎡","priority_score":40,"source":"경기부동산포털 국공유지조회·연속지적도","source_date":"2026-08-11","installed_solar_match":false}},{"type":"Feature","id":"4163011000101330036","geometry":{"type":"Point","coordinates":[127.0633073,37.8435737]},"properties":{"pnu":"4163011000101330036","municipality_code":"41630","municipality":"양주시","district":"양주시","locality":"덕정동","address":"양주시 덕정동 133-36","owner_type":"시·군유지","owner_label":"양주시","manager":"","property_class":"","land_category":"대","area_sqm":313.0,"area_band":"100~500㎡","interest_category":"대","solar_candidate":"검토필요","candidate_reason":"청사·공공건축물·주차장 현황 추가 확인 필요; 면적 313㎡","priority_score":40,"source":"경기부동산포털 국공유지조회·연속지적도","source_date":"2026-08-11","installed_solar_match":true,"installed_solar_count":1,"installed_solar_area_sqm":25.2,"installed_solar_analysis_years":["2024"],"installed_solar_types":["공공시설물"],"installed_solar_permit_status_counts":{"N":1}}},{"type":"Feature","id":"4163011100105720008","geometry":{"type":"Point","coordinates":[127.0751574,37.8565447]},"properties":{"pnu":"4163011100105720008","municipality_code":"41630","municipality":"양주시","district":"양주시","locality":"봉양동","address":"양주시 봉양동 572-8","owner_type":"시·군유지","owner_label":"양주시","manager":"","property_class":"","land_category":"대","area_sqm":312.0,"area_band":"100~500㎡","interest_category":"대","solar_candidate":"검토필요","candidate_reason":"청사·공공건축물·주차장 현황 추가 확인 필요; 면적 312㎡","priority_score":40,"source":"경기부동산포털 국공유지조회·연속지적도","source_date":"2026-08-11","installed_solar_match":false}},{"type":"Feature","id":"4163031022101850000","geometry":{"type":"Point","coordinates":[127.0260344,37.8605769]},"properties":{"pnu":"4163031022101850000","municipality_code":"41630","municipality":"양주시","district":"양주시","locality":"은현면 선암리","address":"양주시 은현면 선암리 185","owner_type":"시·군유지","owner_label":"양주시","manager":"","property_class":"","land_category":"대","area_sqm":311.0,"area_band":"100~500㎡","interest_category":"대","solar_candidate":"검토필요","candidate_reason":"청사·공공건축물·주차장 현황 추가 확인 필요; 면적 311㎡","priority_score":40,"source":"경기부동산포털 국공유지조회·연속지적도","source_date":"2026-08-11","installed_solar_match":false}},{"type":"Feature","id":"4163031024104170002","geometry":{"type":"Point","coordinates":[127.005914,37.9079665]},"properties":{"pnu":"4163031024104170002","municipality_code":"41630","municipality":"양주시","district":"양주시","locality":"은현면 봉암리","address":"양주시 은현면 봉암리 417-2","owner_type":"시·군유지","owner_label":"양주시","manager":"","property_class":"","land_category":"대","area_sqm":311.0,"area_band":"100~500㎡","interest_category":"대","solar_candidate":"검토필요","candidate_reason":"청사·공공건축물·주차장 현황 추가 확인 필요; 면적 311㎡","priority_score":40,"source":"경기부동산포털 국공유지조회·연속지적도","source_date":"2026-08-11","installed_solar_match":false}},{"type":"Feature","id":"4163011000103500118","geometry":{"type":"Point","coordinates":[127.0623161,37.8453567]},"properties":{"pnu":"4163011000103500118","municipality_code":"41630","municipality":"양주시","district":"양주시","locality":"덕정동","address":"양주시 덕정동 350-118","owner_type":"시·군유지","owner_label":"양주시","manager":"","property_class":"","land_category":"대","area_sqm":309.0,"area_band":"100~500㎡","interest_category":"대","solar_candidate":"검토필요","candidate_reason":"청사·공공건축물·주차장 현황 추가 확인 필요; 면적 309㎡","priority_score":40,"source":"경기부동산포털 국공유지조회·연속지적도","source_date":"2026-08-11","installed_solar_match":false}},{"type":"Feature","id":"4163031024101870018","geometry":{"type":"Point","coordinates":[127.0079591,37.9084481]},"properties":{"pnu":"4163031024101870018","municipality_code":"41630","municipality":"양주시","district":"양주시","locality":"은현면 봉암리","address":"양주시 은현면 봉암리 187-18","owner_type":"시·군유지","owner_label":"양주시","manager":"","property_class":"","land_category":"대","area_sqm":308.0,"area_band":"100~500㎡","interest_category":"대","solar_candidate":"검토필요","candidate_reason":"청사·공공건축물·주차장 현황 추가 확인 필요; 면적 308㎡","priority_score":40,"source":"경기부동산포털 국공유지조회·연속지적도","source_date":"2026-08-11","installed_solar_match":false}},{"type":"Feature","id":"4163034023105350043","geometry":{"type":"Point","coordinates":[126.9801824,37.7196779]},"properties":{"pnu":"4163034023105350043","municipality_code":"41630","municipality":"양주시","district":"양주시","locality":"장흥면 부곡리","address":"양주시 장흥면 부곡리 535-43","owner_type":"시·군유지","owner_label":"양주시","manager":"","property_class":"","land_category":"대","area_sqm":306.0,"area_band":"100~500㎡","interest_category":"대","solar_candidate":"검토필요","candidate_reason":"청사·공공건축물·주차장 현황 추가 확인 필요; 면적 306㎡","priority_score":40,"source":"경기부동산포털 국공유지조회·연속지적도","source_date":"2026-08-11","installed_solar_match":false}},{"type":"Feature","id":"4163010700103930001","geometry":{"type":"Point","coordinates":[127.0903714,37.7880314]},"properties":{"pnu":"4163010700103930001","municipality_code":"41630","municipality":"양주시","district":"양주시","locality":"만송동","address":"양주시 만송동 393-1","owner_type":"시·군유지","owner_label":"양주시","manager":"","property_class":"","land_category":"대","area_sqm":305.0,"area_band":"100~500㎡","interest_category":"대","solar_candidate":"검토필요","candidate_reason":"청사·공공건축물·주차장 현황 추가 확인 필요; 면적 305㎡","priority_score":40,"source":"경기부동산포털 국공유지조회·연속지적도","source_date":"2026-08-11","installed_solar_match":false}},{"type":"Feature","id":"4163010700103970011","geometry":{"type":"Point","coordinates":[127.0898834,37.7873801]},"properties":{"pnu":"4163010700103970011","municipality_code":"41630","municipality":"양주시","district":"양주시","locality":"만송동","address":"양주시 만송동 397-11","owner_type":"시·군유지","owner_label":"양주시","manager":"","property_class":"","land_category":"대","area_sqm":304.0,"area_band":"100~500㎡","interest_category":"대","solar_candidate":"검토필요","candidate_reason":"청사·공공건축물·주차장 현황 추가 확인 필요; 면적 304㎡","priority_score":40,"source":"경기부동산포털 국공유지조회·연속지적도","source_date":"2026-08-11","installed_solar_match":false}},{"type":"Feature","id":"4163011000103660035","geometry":{"type":"Point","coordinates":[127.0619081,37.8469238]},"properties":{"pnu":"4163011000103660035","municipality_code":"41630","municipality":"양주시","district":"양주시","locality":"덕정동","address":"양주시 덕정동 366-35","owner_type":"시·군유지","owner_label":"양주시","manager":"","property_class":"","land_category":"대","area_sqm":303.4,"area_band":"100~500㎡","interest_category":"대","solar_candidate":"검토필요","candidate_reason":"청사·공공건축물·주차장 현황 추가 확인 필요; 면적 303㎡","priority_score":40,"source":"경기부동산포털 국공유지조회·연속지적도","source_date":"2026-08-11","installed_solar_match":false}},{"type":"Feature","id":"4163011000101400006","geometry":{"type":"Point","coordinates":[127.0656887,37.8442523]},"properties":{"pnu":"4163011000101400006","municipality_code":"41630","municipality":"양주시","district":"양주시","locality":"덕정동","address":"양주시 덕정동 140-6","owner_type":"시·군유지","owner_label":"양주시","manager":"","property_class":"","land_category":"대","area_sqm":303.0,"area_band":"100~500㎡","interest_category":"대","solar_candidate":"검토필요","candidate_reason":"청사·공공건축물·주차장 현황 추가 확인 필요; 면적 303㎡","priority_score":40,"source":"경기부동산포털 국공유지조회·연속지적도","source_date":"2026-08-11","installed_solar_match":false}},{"type":"Feature","id":"4163025023101470002","geometry":{"type":"Point","coordinates":[126.9930247,37.7894743]},"properties":{"pnu":"4163025023101470002","municipality_code":"41630","municipality":"양주시","district":"양주시","locality":"백석읍 복지리","address":"양주시 백석읍 복지리 147-2","owner_type":"시·군유지","owner_label":"양주시","manager":"","property_class":"","land_category":"대","area_sqm":303.0,"area_band":"100~500㎡","interest_category":"대","solar_candidate":"검토필요","candidate_reason":"청사·공공건축물·주차장 현황 추가 확인 필요; 면적 303㎡","priority_score":40,"source":"경기부동산포털 국공유지조회·연속지적도","source_date":"2026-08-11","installed_solar_match":false}},{"type":"Feature","id":"4163031024101840143","geometry":{"type":"Point","coordinates":[127.0068587,37.907732]},"properties":{"pnu":"4163031024101840143","municipality_code":"41630","municipality":"양주시","district":"양주시","locality":"은현면 봉암리","address":"양주시 은현면 봉암리 184-143","owner_type":"시·군유지","owner_label":"양주시","manager":"","property_class":"","land_category":"대","area_sqm":301.0,"area_band":"100~500㎡","interest_category":"대","solar_candidate":"검토필요","candidate_reason":"청사·공공건축물·주차장 현황 추가 확인 필요; 면적 301㎡","priority_score":40,"source":"경기부동산포털 국공유지조회·연속지적도","source_date":"2026-08-11","installed_solar_match":false}},{"type":"Feature","id":"4163034023105350042","geometry":{"type":"Point","coordinates":[126.9803661,37.7197398]},"properties":{"pnu":"4163034023105350042","municipality_code":"41630","municipality":"양주시","district":"양주시","locality":"장흥면 부곡리","address":"양주시 장흥면 부곡리 535-42","owner_type":"시·군유지","owner_label":"양주시","manager":"","property_class":"","land_category":"대","area_sqm":299.0,"area_band":"100~500㎡","interest_category":"대","solar_candidate":"검토필요","candidate_reason":"청사·공공건축물·주차장 현황 추가 확인 필요; 면적 299㎡","priority_score":40,"source":"경기부동산포털 국공유지조회·연속지적도","source_date":"2026-08-11","installed_solar_match":false}},{"type":"Feature","id":"4163025022105280002","geometry":{"type":"Point","coordinates":[126.9871174,37.7955686]},"properties":{"pnu":"4163025022105280002","municipality_code":"41630","municipality":"양주시","district":"양주시","locality":"백석읍 오산리","address":"양주시 백석읍 오산리 528-2","owner_type":"시·군유지","owner_label":"양주시","manager":"","property_class":"","land_category":"대","area_sqm":298.0,"area_band":"100~500㎡","interest_category":"대","solar_candidate":"검토필요","candidate_reason":"청사·공공건축물·주차장 현황 추가 확인 필요; 면적 298㎡","priority_score":40,"source":"경기부동산포털 국공유지조회·연속지적도","source_date":"2026-08-11","installed_solar_match":false}},{"type":"Feature","id":"4163032021102850269","geometry":{"type":"Point","coordinates":[126.9739449,37.897321]},"properties":{"pnu":"4163032021102850269","municipality_code":"41630","municipality":"양주시","district":"양주시","locality":"남면 신산리","address":"양주시 남면 신산리 285-269","owner_type":"시·군유지","owner_label":"양주시","manager":"","property_class":"","land_category":"대","area_sqm":297.0,"area_band":"100~500㎡","interest_category":"대","solar_candidate":"검토필요","candidate_reason":"청사·공공건축물·주차장 현황 추가 확인 필요; 면적 297㎡","priority_score":40,"source":"경기부동산포털 국공유지조회·연속지적도","source_date":"2026-08-11","installed_solar_match":false}},{"type":"Feature","id":"4163011100103950005","geometry":{"type":"Point","coordinates":[127.0801934,37.8570734]},"properties":{"pnu":"4163011100103950005","municipality_code":"41630","municipality":"양주시","district":"양주시","locality":"봉양동","address":"양주시 봉양동 395-5","owner_type":"시·군유지","owner_label":"양주시","manager":"","property_class":"","land_category":"대","area_sqm":295.0,"area_band":"100~500㎡","interest_category":"대","solar_candidate":"검토필요","candidate_reason":"청사·공공건축물·주차장 현황 추가 확인 필요; 면적 295㎡","priority_score":40,"source":"경기부동산포털 국공유지조회·연속지적도","source_date":"2026-08-11","installed_solar_match":false}},{"type":"Feature","id":"4163032021102850225","geometry":{"type":"Point","coordinates":[126.9729921,37.8972673]},"properties":{"pnu":"4163032021102850225","municipality_code":"41630","municipality":"양주시","district":"양주시","locality":"남면 신산리","address":"양주시 남면 신산리 285-225","owner_type":"시·군유지","owner_label":"양주시","manager":"","property_class":"","land_category":"대","area_sqm":294.0,"area_band":"100~500㎡","interest_category":"대","solar_candidate":"검토필요","candidate_reason":"청사·공공건축물·주차장 현황 추가 확인 필요; 면적 294㎡","priority_score":40,"source":"경기부동산포털 국공유지조회·연속지적도","source_date":"2026-08-11","installed_solar_match":false}},{"type":"Feature","id":"4163011100104980004","geometry":{"type":"Point","coordinates":[127.0707406,37.8624416]},"properties":{"pnu":"4163011100104980004","municipality_code":"41630","municipality":"양주시","district":"양주시","locality":"봉양동","address":"양주시 봉양동 498-4","owner_type":"시·군유지","owner_label":"양주시","manager":"","property_class":"","land_category":"대","area_sqm":292.0,"area_band":"100~500㎡","interest_category":"대","solar_candidate":"검토필요","candidate_reason":"청사·공공건축물·주차장 현황 추가 확인 필요; 면적 292㎡","priority_score":40,"source":"경기부동산포털 국공유지조회·연속지적도","source_date":"2026-08-11","installed_solar_match":false}},{"type":"Feature","id":"4163031021100600014","geometry":{"type":"Point","coordinates":[127.0565238,37.8683932]},"properties":{"pnu":"4163031021100600014","municipality_code":"41630","municipality":"양주시","district":"양주시","locality":"은현면 용암리","address":"양주시 은현면 용암리 60-14","owner_type":"시·군유지","owner_label":"양주시","manager":"","property_class":"","land_category":"대","area_sqm":292.0,"area_band":"100~500㎡","interest_category":"대","solar_candidate":"검토필요","candidate_reason":"청사·공공건축물·주차장 현황 추가 확인 필요; 면적 292㎡","priority_score":40,"source":"경기부동산포털 국공유지조회·연속지적도","source_date":"2026-08-11","installed_solar_match":false}},{"type":"Feature","id":"4163010100105030001","geometry":{"type":"Point","coordinates":[127.0289671,37.7851612]},"properties":{"pnu":"4163010100105030001","municipality_code":"41630","municipality":"양주시","district":"양주시","locality":"유양동","address":"양주시 유양동 503-1","owner_type":"시·군유지","owner_label":"양주시","manager":"","property_class":"","land_category":"대","area_sqm":291.0,"area_band":"100~500㎡","interest_category":"대","solar_candidate":"검토필요","candidate_reason":"청사·공공건축물·주차장 현황 추가 확인 필요; 면적 291㎡","priority_score":40,"source":"경기부동산포털 국공유지조회·연속지적도","source_date":"2026-08-11","installed_solar_match":false}},{"type":"Feature","id":"4163011600104170011","geometry":{"type":"Point","coordinates":[127.0482052,37.8162981]},"properties":{"pnu":"4163011600104170011","municipality_code":"41630","municipality":"양주시","district":"양주시","locality":"덕계동","address":"양주시 덕계동 417-11","owner_type":"시·군유지","owner_label":"양주시","manager":"","property_class":"","land_category":"대","area_sqm":290.0,"area_band":"100~500㎡","interest_category":"대","solar_candidate":"검토필요","candidate_reason":"청사·공공건축물·주차장 현황 추가 확인 필요; 면적 290㎡","priority_score":40,"source":"경기부동산포털 국공유지조회·연속지적도","source_date":"2026-08-11","installed_solar_match":true,"installed_solar_count":1,"installed_solar_area_sqm":31.2,"installed_solar_analysis_years":["2024"],"installed_solar_types":["공공시설물"],"installed_solar_permit_status_counts":{"N":1}}},{"type":"Feature","id":"4163034024103850004","geometry":{"type":"Point","coordinates":[126.9494896,37.7329739]},"properties":{"pnu":"4163034024103850004","municipality_code":"41630","municipality":"양주시","district":"양주시","locality":"장흥면 석현리","address":"양주시 장흥면 석현리 385-4","owner_type":"시·군유지","owner_label":"양주시","manager":"","property_class":"","land_category":"대","area_sqm":290.0,"area_band":"100~500㎡","interest_category":"대","solar_candidate":"검토필요","candidate_reason":"청사·공공건축물·주차장 현황 추가 확인 필요; 면적 290㎡","priority_score":40,"source":"경기부동산포털 국공유지조회·연속지적도","source_date":"2026-08-11","installed_solar_match":false}},{"type":"Feature","id":"4163011000100640001","geometry":{"type":"Point","coordinates":[127.0630602,37.8540851]},"properties":{"pnu":"4163011000100640001","municipality_code":"41630","municipality":"양주시","district":"양주시","locality":"덕정동","address":"양주시 덕정동 64-1","owner_type":"시·군유지","owner_label":"양주시","manager":"","property_class":"","land_category":"대","area_sqm":289.0,"area_band":"100~500㎡","interest_category":"대","solar_candidate":"검토필요","candidate_reason":"청사·공공건축물·주차장 현황 추가 확인 필요; 면적 289㎡","priority_score":40,"source":"경기부동산포털 국공유지조회·연속지적도","source_date":"2026-08-11","installed_solar_match":false}},{"type":"Feature","id":"4163031021107360000","geometry":{"type":"Point","coordinates":[127.0376287,37.8518159]},"properties":{"pnu":"4163031021107360000","municipality_code":"41630","municipality":"양주시","district":"양주시","locality":"은현면 용암리","address":"양주시 은현면 용암리 736","owner_type":"시·군유지","owner_label":"양주시","manager":"","property_class":"","land_category":"대","area_sqm":288.0,"area_band":"100~500㎡","interest_category":"대","solar_candidate":"검토필요","candidate_reason":"청사·공공건축물·주차장 현황 추가 확인 필요; 면적 288㎡","priority_score":40,"source":"경기부동산포털 국공유지조회·연속지적도","source_date":"2026-08-11","installed_solar_match":false}},{"type":"Feature","id":"4163032021103210034","geometry":{"type":"Point","coordinates":[126.9768034,37.8940458]},"properties":{"pnu":"4163032021103210034","municipality_code":"41630","municipality":"양주시","district":"양주시","locality":"남면 신산리","address":"양주시 남면 신산리 321-34","owner_type":"시·군유지","owner_label":"양주시","manager":"","property_class":"","land_category":"대","area_sqm":288.0,"area_band":"100~500㎡","interest_category":"대","solar_candidate":"검토필요","candidate_reason":"청사·공공건축물·주차장 현황 추가 확인 필요; 면적 288㎡","priority_score":40,"source":"경기부동산포털 국공유지조회·연속지적도","source_date":"2026-08-11","installed_solar_match":false}},{"type":"Feature","id":"4163011000101460032","geometry":{"type":"Point","coordinates":[127.0664758,37.8430171]},"properties":{"pnu":"4163011000101460032","municipality_code":"41630","municipality":"양주시","district":"양주시","locality":"덕정동","address":"양주시 덕정동 146-32","owner_type":"시·군유지","owner_label":"양주시","manager":"","property_class":"","land_category":"대","area_sqm":287.0,"area_band":"100~500㎡","interest_category":"대","solar_candidate":"검토필요","candidate_reason":"청사·공공건축물·주차장 현황 추가 확인 필요; 면적 287㎡","priority_score":40,"source":"경기부동산포털 국공유지조회·연속지적도","source_date":"2026-08-11","installed_solar_match":false}},{"type":"Feature","id":"4163031026106790009","geometry":{"type":"Point","coordinates":[126.9974013,37.8427298]},"properties":{"pnu":"4163031026106790009","municipality_code":"41630","municipality":"양주시","district":"양주시","locality":"은현면 도하리","address":"양주시 은현면 도하리 679-9","owner_type":"시·군유지","owner_label":"양주시","manager":"","property_class":"","land_category":"대","area_sqm":285.0,"area_band":"100~500㎡","interest_category":"대","solar_candidate":"검토필요","candidate_reason":"청사·공공건축물·주차장 현황 추가 확인 필요; 면적 285㎡","priority_score":40,"source":"경기부동산포털 국공유지조회·연속지적도","source_date":"2026-08-11","installed_solar_match":false}},{"type":"Feature","id":"4163032027101520027","geometry":{"type":"Point","coordinates":[127.0041,37.869929]},"properties":{"pnu":"4163032027101520027","municipality_code":"41630","municipality":"양주시","district":"양주시","locality":"남면 상수리","address":"양주시 남면 상수리 152-27","owner_type":"시·군유지","owner_label":"양주시","manager":"","property_class":"","land_category":"대","area_sqm":285.0,"area_band":"100~500㎡","interest_category":"대","solar_candidate":"검토필요","candidate_reason":"청사·공공건축물·주차장 현황 추가 확인 필요; 면적 285㎡","priority_score":40,"source":"경기부동산포털 국공유지조회·연속지적도","source_date":"2026-08-11","installed_solar_match":false}},{"type":"Feature","id":"4163025024105090004","geometry":{"type":"Point","coordinates":[126.970531,37.7914489]},"properties":{"pnu":"4163025024105090004","municipality_code":"41630","municipality":"양주시","district":"양주시","locality":"백석읍 가업리","address":"양주시 백석읍 가업리 509-4","owner_type":"시·군유지","owner_label":"양주시","manager":"","property_class":"","land_category":"대","area_sqm":284.0,"area_band":"100~500㎡","interest_category":"대","solar_candidate":"검토필요","candidate_reason":"청사·공공건축물·주차장 현황 추가 확인 필요; 면적 284㎡","priority_score":40,"source":"경기부동산포털 국공유지조회·연속지적도","source_date":"2026-08-11","installed_solar_match":false}},{"type":"Feature","id":"4163032024101470009","geometry":{"type":"Point","coordinates":[126.9696646,37.8874652]},"properties":{"pnu":"4163032024101470009","municipality_code":"41630","municipality":"양주시","district":"양주시","locality":"남면 구암리","address":"양주시 남면 구암리 147-9","owner_type":"시·군유지","owner_label":"양주시","manager":"","property_class":"","land_category":"대","area_sqm":284.0,"area_band":"100~500㎡","interest_category":"대","solar_candidate":"검토필요","candidate_reason":"청사·공공건축물·주차장 현황 추가 확인 필요; 면적 284㎡","priority_score":40,"source":"경기부동산포털 국공유지조회·연속지적도","source_date":"2026-08-11","installed_solar_match":false}},{"type":"Feature","id":"4163031026102260001","geometry":{"type":"Point","coordinates":[127.0089048,37.8462223]},"properties":{"pnu":"4163031026102260001","municipality_code":"41630","municipality":"양주시","district":"양주시","locality":"은현면 도하리","address":"양주시 은현면 도하리 226-1","owner_type":"시·군유지","owner_label":"양주시","manager":"","property_class":"","land_category":"대","area_sqm":283.0,"area_band":"100~500㎡","interest_category":"대","solar_candidate":"검토필요","candidate_reason":"청사·공공건축물·주차장 현황 추가 확인 필요; 면적 283㎡","priority_score":40,"source":"경기부동산포털 국공유지조회·연속지적도","source_date":"2026-08-11","installed_solar_match":false}},{"type":"Feature","id":"4163011500101400008","geometry":{"type":"Point","coordinates":[127.0682996,37.8314002]},"properties":{"pnu":"4163011500101400008","municipality_code":"41630","municipality":"양주시","district":"양주시","locality":"고암동","address":"양주시 고암동 140-8","owner_type":"시·군유지","owner_label":"양주시","manager":"","property_class":"","land_category":"대","area_sqm":282.0,"area_band":"100~500㎡","interest_category":"대","solar_candidate":"검토필요","candidate_reason":"청사·공공건축물·주차장 현황 추가 확인 필요; 면적 282㎡","priority_score":40,"source":"경기부동산포털 국공유지조회·연속지적도","source_date":"2026-08-11","installed_solar_match":false}},{"type":"Feature","id":"4163025023101300014","geometry":{"type":"Point","coordinates":[126.992912,37.7867677]},"properties":{"pnu":"4163025023101300014","municipality_code":"41630","municipality":"양주시","district":"양주시","locality":"백석읍 복지리","address":"양주시 백석읍 복지리 130-14","owner_type":"시·군유지","owner_label":"양주시","manager":"","property_class":"","land_category":"대","area_sqm":281.0,"area_band":"100~500㎡","interest_category":"대","solar_candidate":"검토필요","candidate_reason":"청사·공공건축물·주차장 현황 추가 확인 필요; 면적 281㎡","priority_score":40,"source":"경기부동산포털 국공유지조회·연속지적도","source_date":"2026-08-11","installed_solar_match":false}},{"type":"Feature","id":"4163025022101040006","geometry":{"type":"Point","coordinates":[126.9913181,37.7979167]},"properties":{"pnu":"4163025022101040006","municipality_code":"41630","municipality":"양주시","district":"양주시","locality":"백석읍 오산리","address":"양주시 백석읍 오산리 104-6","owner_type":"시·군유지","owner_label":"양주시","manager":"","property_class":"","land_category":"대","area_sqm":280.0,"area_band":"100~500㎡","interest_category":"대","solar_candidate":"검토필요","candidate_reason":"청사·공공건축물·주차장 현황 추가 확인 필요; 면적 280㎡","priority_score":40,"source":"경기부동산포털 국공유지조회·연속지적도","source_date":"2026-08-11","installed_solar_match":false}},{"type":"Feature","id":"4163011600106520001","geometry":{"type":"Point","coordinates":[127.0421463,37.821376]},"properties":{"pnu":"4163011600106520001","municipality_code":"41630","municipality":"양주시","district":"양주시","locality":"덕계동","address":"양주시 덕계동 652-1","owner_type":"시·군유지","owner_label":"양주시","manager":"","property_class":"","land_category":"대","area_sqm":279.0,"area_band":"100~500㎡","interest_category":"대","solar_candidate":"검토필요","candidate_reason":"청사·공공건축물·주차장 현황 추가 확인 필요; 면적 279㎡","priority_score":40,"source":"경기부동산포털 국공유지조회·연속지적도","source_date":"2026-08-11","installed_solar_match":false}},{"type":"Feature","id":"4163010100105030002","geometry":{"type":"Point","coordinates":[127.0289941,37.7852749]},"properties":{"pnu":"4163010100105030002","municipality_code":"41630","municipality":"양주시","district":"양주시","locality":"유양동","address":"양주시 유양동 503-2","owner_type":"시·군유지","owner_label":"양주시","manager":"","property_class":"","land_category":"대","area_sqm":278.5,"area_band":"100~500㎡","interest_category":"대","solar_candidate":"검토필요","candidate_reason":"청사·공공건축물·주차장 현황 추가 확인 필요; 면적 278㎡","priority_score":40,"source":"경기부동산포털 국공유지조회·연속지적도","source_date":"2026-08-11","installed_solar_match":false}},{"type":"Feature","id":"4163025022105580017","geometry":{"type":"Point","coordinates":[126.9859015,37.7926674]},"properties":{"pnu":"4163025022105580017","municipality_code":"41630","municipality":"양주시","district":"양주시","locality":"백석읍 오산리","address":"양주시 백석읍 오산리 558-17","owner_type":"시·군유지","owner_label":"양주시","manager":"","property_class":"","land_category":"대","area_sqm":277.0,"area_band":"100~500㎡","interest_category":"대","solar_candidate":"검토필요","candidate_reason":"청사·공공건축물·주차장 현황 추가 확인 필요; 면적 277㎡","priority_score":40,"source":"경기부동산포털 국공유지조회·연속지적도","source_date":"2026-08-11","installed_solar_match":false}},{"type":"Feature","id":"4163034026100660006","geometry":{"type":"Point","coordinates":[126.9401263,37.6973781]},"properties":{"pnu":"4163034026100660006","municipality_code":"41630","municipality":"양주시","district":"양주시","locality":"장흥면 삼상리","address":"양주시 장흥면 삼상리 66-6","owner_type":"시·군유지","owner_label":"양주시","manager":"","property_class":"","land_category":"대","area_sqm":277.0,"area_band":"100~500㎡","interest_category":"대","solar_candidate":"검토필요","candidate_reason":"청사·공공건축물·주차장 현황 추가 확인 필요; 면적 277㎡","priority_score":40,"source":"경기부동산포털 국공유지조회·연속지적도","source_date":"2026-08-11","installed_solar_match":false}},{"type":"Feature","id":"4163031024101840003","geometry":{"type":"Point","coordinates":[127.0072678,37.9076507]},"properties":{"pnu":"4163031024101840003","municipality_code":"41630","municipality":"양주시","district":"양주시","locality":"은현면 봉암리","address":"양주시 은현면 봉암리 184-3","owner_type":"시·군유지","owner_label":"양주시","manager":"","property_class":"","land_category":"대","area_sqm":276.0,"area_band":"100~500㎡","interest_category":"대","solar_candidate":"검토필요","candidate_reason":"청사·공공건축물·주차장 현황 추가 확인 필요; 면적 276㎡","priority_score":40,"source":"경기부동산포털 국공유지조회·연속지적도","source_date":"2026-08-11","installed_solar_match":false}},{"type":"Feature","id":"4163011600104780003","geometry":{"type":"Point","coordinates":[127.047824,37.8224509]},"properties":{"pnu":"4163011600104780003","municipality_code":"41630","municipality":"양주시","district":"양주시","locality":"덕계동","address":"양주시 덕계동 478-3","owner_type":"시·군유지","owner_label":"양주시","manager":"","property_class":"","land_category":"대","area_sqm":274.0,"area_band":"100~500㎡","interest_category":"대","solar_candidate":"검토필요","candidate_reason":"청사·공공건축물·주차장 현황 추가 확인 필요; 면적 274㎡","priority_score":40,"source":"경기부동산포털 국공유지조회·연속지적도","source_date":"2026-08-11","installed_solar_match":false}},{"type":"Feature","id":"4163032024101690003","geometry":{"type":"Point","coordinates":[126.9716399,37.8857914]},"properties":{"pnu":"4163032024101690003","municipality_code":"41630","municipality":"양주시","district":"양주시","locality":"남면 구암리","address":"양주시 남면 구암리 169-3","owner_type":"시·군유지","owner_label":"양주시","manager":"","property_class":"","land_category":"대","area_sqm":273.0,"area_band":"100~500㎡","interest_category":"대","solar_candidate":"검토필요","candidate_reason":"청사·공공건축물·주차장 현황 추가 확인 필요; 면적 273㎡","priority_score":40,"source":"경기부동산포털 국공유지조회·연속지적도","source_date":"2026-08-11","installed_solar_match":false}},{"type":"Feature","id":"4163031026106790020","geometry":{"type":"Point","coordinates":[126.9973794,37.8425594]},"properties":{"pnu":"4163031026106790020","municipality_code":"41630","municipality":"양주시","district":"양주시","locality":"은현면 도하리","address":"양주시 은현면 도하리 679-20","owner_type":"시·군유지","owner_label":"양주시","manager":"","property_class":"","land_category":"대","area_sqm":272.0,"area_band":"100~500㎡","interest_category":"대","solar_candidate":"검토필요","candidate_reason":"청사·공공건축물·주차장 현황 추가 확인 필요; 면적 272㎡","priority_score":40,"source":"경기부동산포털 국공유지조회·연속지적도","source_date":"2026-08-11","installed_solar_match":false}},{"type":"Feature","id":"4163011100104200012","geometry":{"type":"Point","coordinates":[127.079937,37.8577246]},"properties":{"pnu":"4163011100104200012","municipality_code":"41630","municipality":"양주시","district":"양주시","locality":"봉양동","address":"양주시 봉양동 420-12","owner_type":"시·군유지","owner_label":"양주시","manager":"","property_class":"","land_category":"대","area_sqm":271.0,"area_band":"100~500㎡","interest_category":"대","solar_candidate":"검토필요","candidate_reason":"청사·공공건축물·주차장 현황 추가 확인 필요; 면적 271㎡","priority_score":40,"source":"경기부동산포털 국공유지조회·연속지적도","source_date":"2026-08-11","installed_solar_match":false}},{"type":"Feature","id":"4163025023101840009","geometry":{"type":"Point","coordinates":[126.9925383,37.7912981]},"properties":{"pnu":"4163025023101840009","municipality_code":"41630","municipality":"양주시","district":"양주시","locality":"백석읍 복지리","address":"양주시 백석읍 복지리 184-9","owner_type":"시·군유지","owner_label":"양주시","manager":"","property_class":"","land_category":"대","area_sqm":270.0,"area_band":"100~500㎡","interest_category":"대","solar_candidate":"검토필요","candidate_reason":"청사·공공건축물·주차장 현황 추가 확인 필요; 면적 270㎡","priority_score":40,"source":"경기부동산포털 국공유지조회·연속지적도","source_date":"2026-08-11","installed_solar_match":false}},{"type":"Feature","id":"4163031024104150027","geometry":{"type":"Point","coordinates":[127.0059522,37.9082285]},"properties":{"pnu":"4163031024104150027","municipality_code":"41630","municipality":"양주시","district":"양주시","locality":"은현면 봉암리","address":"양주시 은현면 봉암리 415-27","owner_type":"시·군유지","owner_label":"양주시","manager":"","property_class":"","land_category":"대","area_sqm":270.0,"area_band":"100~500㎡","interest_category":"대","solar_candidate":"검토필요","candidate_reason":"청사·공공건축물·주차장 현황 추가 확인 필요; 면적 270㎡","priority_score":40,"source":"경기부동산포털 국공유지조회·연속지적도","source_date":"2026-08-11","installed_solar_match":false}},{"type":"Feature","id":"4163033026103650001","geometry":{"type":"Point","coordinates":[126.9723988,37.8547518]},"properties":{"pnu":"4163033026103650001","municipality_code":"41630","municipality":"양주시","district":"양주시","locality":"광적면 덕도리","address":"양주시 광적면 덕도리 365-1","owner_type":"시·군유지","owner_label":"양주시","manager":"","property_class":"","land_category":"대","area_sqm":270.0,"area_band":"100~500㎡","interest_category":"대","solar_candidate":"검토필요","candidate_reason":"청사·공공건축물·주차장 현황 추가 확인 필요; 면적 270㎡","priority_score":40,"source":"경기부동산포털 국공유지조회·연속지적도","source_date":"2026-08-11","installed_solar_match":false}},{"type":"Feature","id":"4163034024103850001","geometry":{"type":"Point","coordinates":[126.9481001,37.7322549]},"properties":{"pnu":"4163034024103850001","municipality_code":"41630","municipality":"양주시","district":"양주시","locality":"장흥면 석현리","address":"양주시 장흥면 석현리 385-1","owner_type":"시·군유지","owner_label":"양주시","manager":"","property_class":"","land_category":"대","area_sqm":270.0,"area_band":"100~500㎡","interest_category":"대","solar_candidate":"검토필요","candidate_reason":"청사·공공건축물·주차장 현황 추가 확인 필요; 면적 270㎡","priority_score":40,"source":"경기부동산포털 국공유지조회·연속지적도","source_date":"2026-08-11","installed_solar_match":false}},{"type":"Feature","id":"4163032021102850021","geometry":{"type":"Point","coordinates":[126.9737714,37.8971164]},"properties":{"pnu":"4163032021102850021","municipality_code":"41630","municipality":"양주시","district":"양주시","locality":"남면 신산리","address":"양주시 남면 신산리 285-21","owner_type":"시·군유지","owner_label":"양주시","manager":"","property_class":"","land_category":"대","area_sqm":269.0,"area_band":"100~500㎡","interest_category":"대","solar_candidate":"검토필요","candidate_reason":"청사·공공건축물·주차장 현황 추가 확인 필요; 면적 269㎡","priority_score":40,"source":"경기부동산포털 국공유지조회·연속지적도","source_date":"2026-08-11","installed_solar_match":false}},{"type":"Feature","id":"4163025021108640004","geometry":{"type":"Point","coordinates":[127.0018161,37.7863382]},"properties":{"pnu":"4163025021108640004","municipality_code":"41630","municipality":"양주시","district":"양주시","locality":"백석읍 방성리","address":"양주시 백석읍 방성리 864-4","owner_type":"시·군유지","owner_label":"양주시","manager":"","property_class":"","land_category":"대","area_sqm":265.0,"area_band":"100~500㎡","interest_category":"대","solar_candidate":"검토필요","candidate_reason":"청사·공공건축물·주차장 현황 추가 확인 필요; 면적 265㎡","priority_score":40,"source":"경기부동산포털 국공유지조회·연속지적도","source_date":"2026-08-11","installed_solar_match":false}},{"type":"Feature","id":"4163034024103850014","geometry":{"type":"Point","coordinates":[126.9508333,37.7338041]},"properties":{"pnu":"4163034024103850014","municipality_code":"41630","municipality":"양주시","district":"양주시","locality":"장흥면 석현리","address":"양주시 장흥면 석현리 385-14","owner_type":"시·군유지","owner_label":"양주시","manager":"","property_class":"","land_category":"대","area_sqm":264.0,"area_band":"100~500㎡","interest_category":"대","solar_candidate":"검토필요","candidate_reason":"청사·공공건축물·주차장 현황 추가 확인 필요; 면적 264㎡","priority_score":40,"source":"경기부동산포털 국공유지조회·연속지적도","source_date":"2026-08-11","installed_solar_match":false}},{"type":"Feature","id":"4163011000102500000","geometry":{"type":"Point","coordinates":[127.0660434,37.8346054]},"properties":{"pnu":"4163011000102500000","municipality_code":"41630","municipality":"양주시","district":"양주시","locality":"덕정동","address":"양주시 덕정동 250","owner_type":"시·군유지","owner_label":"양주시","manager":"","property_class":"","land_category":"대","area_sqm":263.0,"area_band":"100~500㎡","interest_category":"대","solar_candidate":"검토필요","candidate_reason":"청사·공공건축물·주차장 현황 추가 확인 필요; 면적 263㎡","priority_score":40,"source":"경기부동산포털 국공유지조회·연속지적도","source_date":"2026-08-11","installed_solar_match":false}},{"type":"Feature","id":"4163032024101730019","geometry":{"type":"Point","coordinates":[126.971034,37.886762]},"properties":{"pnu":"4163032024101730019","municipality_code":"41630","municipality":"양주시","district":"양주시","locality":"남면 구암리","address":"양주시 남면 구암리 173-19","owner_type":"시·군유지","owner_label":"양주시","manager":"","property_class":"","land_category":"대","area_sqm":263.0,"area_band":"100~500㎡","interest_category":"대","solar_candidate":"검토필요","candidate_reason":"청사·공공건축물·주차장 현황 추가 확인 필요; 면적 263㎡","priority_score":40,"source":"경기부동산포털 국공유지조회·연속지적도","source_date":"2026-08-11","installed_solar_match":false}},{"type":"Feature","id":"4163031026104360003","geometry":{"type":"Point","coordinates":[127.0015901,37.8478552]},"properties":{"pnu":"4163031026104360003","municipality_code":"41630","municipality":"양주시","district":"양주시","locality":"은현면 도하리","address":"양주시 은현면 도하리 436-3","owner_type":"시·군유지","owner_label":"양주시","manager":"","property_class":"","land_category":"대","area_sqm":262.0,"area_band":"100~500㎡","interest_category":"대","solar_candidate":"검토필요","candidate_reason":"청사·공공건축물·주차장 현황 추가 확인 필요; 면적 262㎡","priority_score":40,"source":"경기부동산포털 국공유지조회·연속지적도","source_date":"2026-08-11","installed_solar_match":false}},{"type":"Feature","id":"4163011700104530024","geometry":{"type":"Point","coordinates":[127.0516208,37.8321509]},"properties":{"pnu":"4163011700104530024","municipality_code":"41630","municipality":"양주시","district":"양주시","locality":"회정동","address":"양주시 회정동 453-24","owner_type":"시·군유지","owner_label":"양주시","manager":"","property_class":"","land_category":"대","area_sqm":257.0,"area_band":"100~500㎡","interest_category":"대","solar_candidate":"검토필요","candidate_reason":"청사·공공건축물·주차장 현황 추가 확인 필요; 면적 257㎡","priority_score":40,"source":"경기부동산포털 국공유지조회·연속지적도","source_date":"2026-08-11","installed_solar_match":false}},{"type":"Feature","id":"4163011100104200003","geometry":{"type":"Point","coordinates":[127.0799054,37.8574883]},"properties":{"pnu":"4163011100104200003","municipality_code":"41630","municipality":"양주시","district":"양주시","locality":"봉양동","address":"양주시 봉양동 420-3","owner_type":"시·군유지","owner_label":"양주시","manager":"","property_class":"","land_category":"대","area_sqm":256.0,"area_band":"100~500㎡","interest_category":"대","solar_candidate":"검토필요","candidate_reason":"청사·공공건축물·주차장 현황 추가 확인 필요; 면적 256㎡","priority_score":40,"source":"경기부동산포털 국공유지조회·연속지적도","source_date":"2026-08-11","installed_solar_match":false}},{"type":"Feature","id":"4163032021102900012","geometry":{"type":"Point","coordinates":[126.9759828,37.8963985]},"properties":{"pnu":"4163032021102900012","municipality_code":"41630","municipality":"양주시","district":"양주시","locality":"남면 신산리","address":"양주시 남면 신산리 290-12","owner_type":"시·군유지","owner_label":"양주시","manager":"","property_class":"","land_category":"대","area_sqm":256.0,"area_band":"100~500㎡","interest_category":"대","solar_candidate":"검토필요","candidate_reason":"청사·공공건축물·주차장 현황 추가 확인 필요; 면적 256㎡","priority_score":40,"source":"경기부동산포털 국공유지조회·연속지적도","source_date":"2026-08-11","installed_solar_match":false}},{"type":"Feature","id":"4163011600105890000","geometry":{"type":"Point","coordinates":[127.043774,37.8227032]},"properties":{"pnu":"4163011600105890000","municipality_code":"41630","municipality":"양주시","district":"양주시","locality":"덕계동","address":"양주시 덕계동 589","owner_type":"시·군유지","owner_label":"양주시","manager":"","property_class":"","land_category":"대","area_sqm":253.0,"area_band":"100~500㎡","interest_category":"대","solar_candidate":"검토필요","candidate_reason":"청사·공공건축물·주차장 현황 추가 확인 필요; 면적 253㎡","priority_score":40,"source":"경기부동산포털 국공유지조회·연속지적도","source_date":"2026-08-11","installed_solar_match":false}},{"type":"Feature","id":"4163025024105080001","geometry":{"type":"Point","coordinates":[126.9706069,37.7912965]},"properties":{"pnu":"4163025024105080001","municipality_code":"41630","municipality":"양주시","district":"양주시","locality":"백석읍 가업리","address":"양주시 백석읍 가업리 508-1","owner_type":"시·군유지","owner_label":"양주시","manager":"","property_class":"","land_category":"대","area_sqm":252.0,"area_band":"100~500㎡","interest_category":"대","solar_candidate":"검토필요","candidate_reason":"청사·공공건축물·주차장 현황 추가 확인 필요; 면적 252㎡","priority_score":40,"source":"경기부동산포털 국공유지조회·연속지적도","source_date":"2026-08-11","installed_solar_match":false}},{"type":"Feature","id":"4163032021101750007","geometry":{"type":"Point","coordinates":[126.9810799,37.895347]},"properties":{"pnu":"4163032021101750007","municipality_code":"41630","municipality":"양주시","district":"양주시","locality":"남면 신산리","address":"양주시 남면 신산리 175-7","owner_type":"시·군유지","owner_label":"양주시","manager":"","property_class":"","land_category":"대","area_sqm":252.0,"area_band":"100~500㎡","interest_category":"대","solar_candidate":"검토필요","candidate_reason":"청사·공공건축물·주차장 현황 추가 확인 필요; 면적 252㎡","priority_score":40,"source":"경기부동산포털 국공유지조회·연속지적도","source_date":"2026-08-11","installed_solar_match":false}},{"type":"Feature","id":"4163025023101070003","geometry":{"type":"Point","coordinates":[126.9909728,37.7855468]},"properties":{"pnu":"4163025023101070003","municipality_code":"41630","municipality":"양주시","district":"양주시","locality":"백석읍 복지리","address":"양주시 백석읍 복지리 107-3","owner_type":"시·군유지","owner_label":"양주시","manager":"","property_class":"","land_category":"대","area_sqm":251.0,"area_band":"100~500㎡","interest_category":"대","solar_candidate":"검토필요","candidate_reason":"청사·공공건축물·주차장 현황 추가 확인 필요; 면적 251㎡","priority_score":40,"source":"경기부동산포털 국공유지조회·연속지적도","source_date":"2026-08-11","installed_solar_match":false}},{"type":"Feature","id":"4163010700106590005","geometry":{"type":"Point","coordinates":[127.078401,37.7787927]},"properties":{"pnu":"4163010700106590005","municipality_code":"41630","municipality":"양주시","district":"양주시","locality":"만송동","address":"양주시 만송동 659-5","owner_type":"시·군유지","owner_label":"양주시","manager":"","property_class":"","land_category":"대","area_sqm":250.0,"area_band":"100~500㎡","interest_category":"대","solar_candidate":"검토필요","candidate_reason":"청사·공공건축물·주차장 현황 추가 확인 필요; 면적 250㎡","priority_score":40,"source":"경기부동산포털 국공유지조회·연속지적도","source_date":"2026-08-11","installed_solar_match":false}},{"type":"Feature","id":"4163011200104830012","geometry":{"type":"Point","coordinates":[127.0853457,37.8451849]},"properties":{"pnu":"4163011200104830012","municipality_code":"41630","municipality":"양주시","district":"양주시","locality":"회암동","address":"양주시 회암동 483-12","owner_type":"시·군유지","owner_label":"양주시","manager":"","property_class":"","land_category":"대","area_sqm":248.0,"area_band":"100~500㎡","interest_category":"대","solar_candidate":"검토필요","candidate_reason":"청사·공공건축물·주차장 현황 추가 확인 필요; 면적 248㎡","priority_score":40,"source":"경기부동산포털 국공유지조회·연속지적도","source_date":"2026-08-11","installed_solar_match":false}},{"type":"Feature","id":"4163032021102810036","geometry":{"type":"Point","coordinates":[126.9748684,37.8968447]},"properties":{"pnu":"4163032021102810036","municipality_code":"41630","municipality":"양주시","district":"양주시","locality":"남면 신산리","address":"양주시 남면 신산리 281-36","owner_type":"시·군유지","owner_label":"양주시","manager":"","property_class":"","land_category":"대","area_sqm":247.0,"area_band":"100~500㎡","interest_category":"대","solar_candidate":"검토필요","candidate_reason":"청사·공공건축물·주차장 현황 추가 확인 필요; 면적 247㎡","priority_score":40,"source":"경기부동산포털 국공유지조회·연속지적도","source_date":"2026-08-11","installed_solar_match":false}},{"type":"Feature","id":"4163033021103930014","geometry":{"type":"Point","coordinates":[126.9904125,37.8194329]},"properties":{"pnu":"4163033021103930014","municipality_code":"41630","municipality":"양주시","district":"양주시","locality":"광적면 가납리","address":"양주시 광적면 가납리 393-14","owner_type":"시·군유지","owner_label":"양주시","manager":"","property_class":"","land_category":"대","area_sqm":247.0,"area_band":"100~500㎡","interest_category":"대","solar_candidate":"검토필요","candidate_reason":"청사·공공건축물·주차장 현황 추가 확인 필요; 면적 247㎡","priority_score":40,"source":"경기부동산포털 국공유지조회·연속지적도","source_date":"2026-08-11","installed_solar_match":false}},{"type":"Feature","id":"4163011000101350008","geometry":{"type":"Point","coordinates":[127.0648679,37.8435382]},"properties":{"pnu":"4163011000101350008","municipality_code":"41630","municipality":"양주시","district":"양주시","locality":"덕정동","address":"양주시 덕정동 135-8","owner_type":"시·군유지","owner_label":"양주시","manager":"","property_class":"","land_category":"대","area_sqm":246.0,"area_band":"100~500㎡","interest_category":"대","solar_candidate":"검토필요","candidate_reason":"청사·공공건축물·주차장 현황 추가 확인 필요; 면적 246㎡","priority_score":40,"source":"경기부동산포털 국공유지조회·연속지적도","source_date":"2026-08-11","installed_solar_match":false}},{"type":"Feature","id":"4163010900104400006","geometry":{"type":"Point","coordinates":[127.0791661,37.8020978]},"properties":{"pnu":"4163010900104400006","municipality_code":"41630","municipality":"양주시","district":"양주시","locality":"고읍동","address":"양주시 고읍동 440-6","owner_type":"시·군유지","owner_label":"양주시","manager":"","property_class":"","land_category":"대","area_sqm":244.9,"area_band":"100~500㎡","interest_category":"대","solar_candidate":"검토필요","candidate_reason":"청사·공공건축물·주차장 현황 추가 확인 필요; 면적 245㎡","priority_score":40,"source":"경기부동산포털 국공유지조회·연속지적도","source_date":"2026-08-11","installed_solar_match":false}},{"type":"Feature","id":"4163010700106540007","geometry":{"type":"Point","coordinates":[127.0788753,37.7782092]},"properties":{"pnu":"4163010700106540007","municipality_code":"41630","municipality":"양주시","district":"양주시","locality":"만송동","address":"양주시 만송동 654-7","owner_type":"시·군유지","owner_label":"양주시","manager":"","property_class":"","land_category":"대","area_sqm":242.0,"area_band":"100~500㎡","interest_category":"대","solar_candidate":"검토필요","candidate_reason":"청사·공공건축물·주차장 현황 추가 확인 필요; 면적 242㎡","priority_score":40,"source":"경기부동산포털 국공유지조회·연속지적도","source_date":"2026-08-11","installed_solar_match":false}},{"type":"Feature","id":"4163031021102810003","geometry":{"type":"Point","coordinates":[127.0530435,37.8541175]},"properties":{"pnu":"4163031021102810003","municipality_code":"41630","municipality":"양주시","district":"양주시","locality":"은현면 용암리","address":"양주시 은현면 용암리 281-3","owner_type":"시·군유지","owner_label":"양주시","manager":"","property_class":"","land_category":"대","area_sqm":241.0,"area_band":"100~500㎡","interest_category":"대","solar_candidate":"검토필요","candidate_reason":"청사·공공건축물·주차장 현황 추가 확인 필요; 면적 241㎡","priority_score":40,"source":"경기부동산포털 국공유지조회·연속지적도","source_date":"2026-08-11","installed_solar_match":false}},{"type":"Feature","id":"4163010100102360013","geometry":{"type":"Point","coordinates":[127.0322447,37.7845556]},"properties":{"pnu":"4163010100102360013","municipality_code":"41630","municipality":"양주시","district":"양주시","locality":"유양동","address":"양주시 유양동 236-13","owner_type":"시·군유지","owner_label":"양주시","manager":"","property_class":"","land_category":"대","area_sqm":238.4,"area_band":"100~500㎡","interest_category":"대","solar_candidate":"검토필요","candidate_reason":"청사·공공건축물·주차장 현황 추가 확인 필요; 면적 238㎡","priority_score":40,"source":"경기부동산포털 국공유지조회·연속지적도","source_date":"2026-08-11","installed_solar_match":false}},{"type":"Feature","id":"4163032027102070009","geometry":{"type":"Point","coordinates":[127.006342,37.869205]},"properties":{"pnu":"4163032027102070009","municipality_code":"41630","municipality":"양주시","district":"양주시","locality":"남면 상수리","address":"양주시 남면 상수리 207-9","owner_type":"시·군유지","owner_label":"양주시","manager":"","property_class":"","land_category":"대","area_sqm":238.0,"area_band":"100~500㎡","interest_category":"대","solar_candidate":"검토필요","candidate_reason":"청사·공공건축물·주차장 현황 추가 확인 필요; 면적 238㎡","priority_score":40,"source":"경기부동산포털 국공유지조회·연속지적도","source_date":"2026-08-11","installed_solar_match":false}},{"type":"Feature","id":"4163011000101370013","geometry":{"type":"Point","coordinates":[127.0645346,37.8442186]},"properties":{"pnu":"4163011000101370013","municipality_code":"41630","municipality":"양주시","district":"양주시","locality":"덕정동","address":"양주시 덕정동 137-13","owner_type":"시·군유지","owner_label":"양주시","manager":"","property_class":"","land_category":"대","area_sqm":237.6,"area_band":"100~500㎡","interest_category":"대","solar_candidate":"검토필요","candidate_reason":"청사·공공건축물·주차장 현황 추가 확인 필요; 면적 238㎡","priority_score":40,"source":"경기부동산포털 국공유지조회·연속지적도","source_date":"2026-08-11","installed_solar_match":false}},{"type":"Feature","id":"4163025021103620001","geometry":{"type":"Point","coordinates":[127.0055759,37.7952311]},"properties":{"pnu":"4163025021103620001","municipality_code":"41630","municipality":"양주시","district":"양주시","locality":"백석읍 방성리","address":"양주시 백석읍 방성리 362-1","owner_type":"시·군유지","owner_label":"양주시","manager":"","property_class":"","land_category":"대","area_sqm":236.0,"area_band":"100~500㎡","interest_category":"대","solar_candidate":"검토필요","candidate_reason":"청사·공공건축물·주차장 현황 추가 확인 필요; 면적 236㎡","priority_score":40,"source":"경기부동산포털 국공유지조회·연속지적도","source_date":"2026-08-11","installed_solar_match":false}},{"type":"Feature","id":"4163025023101310001","geometry":{"type":"Point","coordinates":[126.9925187,37.7869376]},"properties":{"pnu":"4163025023101310001","municipality_code":"41630","municipality":"양주시","district":"양주시","locality":"백석읍 복지리","address":"양주시 백석읍 복지리 131-1","owner_type":"시·군유지","owner_label":"양주시","manager":"","property_class":"","land_category":"대","area_sqm":235.0,"area_band":"100~500㎡","interest_category":"대","solar_candidate":"검토필요","candidate_reason":"청사·공공건축물·주차장 현황 추가 확인 필요; 면적 235㎡","priority_score":40,"source":"경기부동산포털 국공유지조회·연속지적도","source_date":"2026-08-11","installed_solar_match":false}},{"type":"Feature","id":"4163031022103560010","geometry":{"type":"Point","coordinates":[127.0271778,37.8747417]},"properties":{"pnu":"4163031022103560010","municipality_code":"41630","municipality":"양주시","district":"양주시","locality":"은현면 선암리","address":"양주시 은현면 선암리 356-10","owner_type":"시·군유지","owner_label":"양주시","manager":"","property_class":"","land_category":"대","area_sqm":235.0,"area_band":"100~500㎡","interest_category":"대","solar_candidate":"검토필요","candidate_reason":"청사·공공건축물·주차장 현황 추가 확인 필요; 면적 235㎡","priority_score":40,"source":"경기부동산포털 국공유지조회·연속지적도","source_date":"2026-08-11","installed_solar_match":false}},{"type":"Feature","id":"4163032024101470001","geometry":{"type":"Point","coordinates":[126.9697534,37.8875592]},"properties":{"pnu":"4163032024101470001","municipality_code":"41630","municipality":"양주시","district":"양주시","locality":"남면 구암리","address":"양주시 남면 구암리 147-1","owner_type":"시·군유지","owner_label":"양주시","manager":"","property_class":"","land_category":"대","area_sqm":235.0,"area_band":"100~500㎡","interest_category":"대","solar_candidate":"검토필요","candidate_reason":"청사·공공건축물·주차장 현황 추가 확인 필요; 면적 235㎡","priority_score":40,"source":"경기부동산포털 국공유지조회·연속지적도","source_date":"2026-08-11","installed_solar_match":false}},{"type":"Feature","id":"4163010600107130004","geometry":{"type":"Point","coordinates":[127.0792336,37.7913061]},"properties":{"pnu":"4163010600107130004","municipality_code":"41630","municipality":"양주시","district":"양주시","locality":"광사동","address":"양주시 광사동 713-4","owner_type":"시·군유지","owner_label":"양주시","manager":"","property_class":"","land_category":"대","area_sqm":234.4,"area_band":"100~500㎡","interest_category":"대","solar_candidate":"검토필요","candidate_reason":"청사·공공건축물·주차장 현황 추가 확인 필요; 면적 234㎡","priority_score":40,"source":"경기부동산포털 국공유지조회·연속지적도","source_date":"2026-08-11","installed_solar_match":false}},{"type":"Feature","id":"4163011100103240016","geometry":{"type":"Point","coordinates":[127.0792972,37.850426]},"properties":{"pnu":"4163011100103240016","municipality_code":"41630","municipality":"양주시","district":"양주시","locality":"봉양동","address":"양주시 봉양동 324-16","owner_type":"시·군유지","owner_label":"양주시","manager":"","property_class":"","land_category":"대","area_sqm":234.0,"area_band":"100~500㎡","interest_category":"대","solar_candidate":"검토필요","candidate_reason":"청사·공공건축물·주차장 현황 추가 확인 필요; 면적 234㎡","priority_score":40,"source":"경기부동산포털 국공유지조회·연속지적도","source_date":"2026-08-11","installed_solar_match":false}},{"type":"Feature","id":"4163011700101150080","geometry":{"type":"Point","coordinates":[127.0524891,37.8376373]},"properties":{"pnu":"4163011700101150080","municipality_code":"41630","municipality":"양주시","district":"양주시","locality":"회정동","address":"양주시 회정동 115-80","owner_type":"시·군유지","owner_label":"양주시","manager":"","property_class":"","land_category":"대","area_sqm":234.0,"area_band":"100~500㎡","interest_category":"대","solar_candidate":"검토필요","candidate_reason":"청사·공공건축물·주차장 현황 추가 확인 필요; 면적 234㎡","priority_score":40,"source":"경기부동산포털 국공유지조회·연속지적도","source_date":"2026-08-11","installed_solar_match":false}},{"type":"Feature","id":"4163031022105290014","geometry":{"type":"Point","coordinates":[127.0234177,37.8692483]},"properties":{"pnu":"4163031022105290014","municipality_code":"41630","municipality":"양주시","district":"양주시","locality":"은현면 선암리","address":"양주시 은현면 선암리 529-14","owner_type":"시·군유지","owner_label":"양주시","manager":"","property_class":"","land_category":"대","area_sqm":234.0,"area_band":"100~500㎡","interest_category":"대","solar_candidate":"검토필요","candidate_reason":"청사·공공건축물·주차장 현황 추가 확인 필요; 면적 234㎡","priority_score":40,"source":"경기부동산포털 국공유지조회·연속지적도","source_date":"2026-08-11","installed_solar_match":false}},{"type":"Feature","id":"4163032021103330040","geometry":{"type":"Point","coordinates":[126.9736739,37.8931071]},"properties":{"pnu":"4163032021103330040","municipality_code":"41630","municipality":"양주시","district":"양주시","locality":"남면 신산리","address":"양주시 남면 신산리 333-40","owner_type":"시·군유지","owner_label":"양주시","manager":"","property_class":"","land_category":"대","area_sqm":232.0,"area_band":"100~500㎡","interest_category":"대","solar_candidate":"검토필요","candidate_reason":"청사·공공건축물·주차장 현황 추가 확인 필요; 면적 232㎡","priority_score":40,"source":"경기부동산포털 국공유지조회·연속지적도","source_date":"2026-08-11","installed_solar_match":false}},{"type":"Feature","id":"4163011100105210007","geometry":{"type":"Point","coordinates":[127.072214,37.8612739]},"properties":{"pnu":"4163011100105210007","municipality_code":"41630","municipality":"양주시","district":"양주시","locality":"봉양동","address":"양주시 봉양동 521-7","owner_type":"시·군유지","owner_label":"양주시","manager":"","property_class":"","land_category":"대","area_sqm":231.0,"area_band":"100~500㎡","interest_category":"대","solar_candidate":"검토필요","candidate_reason":"청사·공공건축물·주차장 현황 추가 확인 필요; 면적 231㎡","priority_score":40,"source":"경기부동산포털 국공유지조회·연속지적도","source_date":"2026-08-11","installed_solar_match":false}},{"type":"Feature","id":"4163011600106530001","geometry":{"type":"Point","coordinates":[127.0425644,37.8215102]},"properties":{"pnu":"4163011600106530001","municipality_code":"41630","municipality":"양주시","district":"양주시","locality":"덕계동","address":"양주시 덕계동 653-1","owner_type":"시·군유지","owner_label":"양주시","manager":"","property_class":"","land_category":"대","area_sqm":231.0,"area_band":"100~500㎡","interest_category":"대","solar_candidate":"검토필요","candidate_reason":"청사·공공건축물·주차장 현황 추가 확인 필요; 면적 231㎡","priority_score":40,"source":"경기부동산포털 국공유지조회·연속지적도","source_date":"2026-08-11","installed_solar_match":false}},{"type":"Feature","id":"4163025022100410016","geometry":{"type":"Point","coordinates":[126.9910244,37.7952141]},"properties":{"pnu":"4163025022100410016","municipality_code":"41630","municipality":"양주시","district":"양주시","locality":"백석읍 오산리","address":"양주시 백석읍 오산리 41-16","owner_type":"시·군유지","owner_label":"양주시","manager":"","property_class":"","land_category":"대","area_sqm":231.0,"area_band":"100~500㎡","interest_category":"대","solar_candidate":"검토필요","candidate_reason":"청사·공공건축물·주차장 현황 추가 확인 필요; 면적 231㎡","priority_score":40,"source":"경기부동산포털 국공유지조회·연속지적도","source_date":"2026-08-11","installed_solar_match":false}},{"type":"Feature","id":"4163025026101270003","geometry":{"type":"Point","coordinates":[126.9574045,37.8123581]},"properties":{"pnu":"4163025026101270003","municipality_code":"41630","municipality":"양주시","district":"양주시","locality":"백석읍 연곡리","address":"양주시 백석읍 연곡리 127-3","owner_type":"시·군유지","owner_label":"양주시","manager":"","property_class":"","land_category":"대","area_sqm":231.0,"area_band":"100~500㎡","interest_category":"대","solar_candidate":"검토필요","candidate_reason":"청사·공공건축물·주차장 현황 추가 확인 필요; 면적 231㎡","priority_score":40,"source":"경기부동산포털 국공유지조회·연속지적도","source_date":"2026-08-11","installed_solar_match":false}},{"type":"Feature","id":"4163010900103320000","geometry":{"type":"Point","coordinates":[127.0675886,37.8044702]},"properties":{"pnu":"4163010900103320000","municipality_code":"41630","municipality":"양주시","district":"양주시","locality":"고읍동","address":"양주시 고읍동 332","owner_type":"시·군유지","owner_label":"양주시","manager":"","property_class":"","land_category":"대","area_sqm":229.8,"area_band":"100~500㎡","interest_category":"대","solar_candidate":"검토필요","candidate_reason":"청사·공공건축물·주차장 현황 추가 확인 필요; 면적 230㎡","priority_score":40,"source":"경기부동산포털 국공유지조회·연속지적도","source_date":"2026-08-11","installed_solar_match":false}},{"type":"Feature","id":"4163011700101190016","geometry":{"type":"Point","coordinates":[127.0531235,37.8389704]},"properties":{"pnu":"4163011700101190016","municipality_code":"41630","municipality":"양주시","district":"양주시","locality":"회정동","address":"양주시 회정동 119-16","owner_type":"시·군유지","owner_label":"양주시","manager":"","property_class":"","land_category":"대","area_sqm":229.0,"area_band":"100~500㎡","interest_category":"대","solar_candidate":"검토필요","candidate_reason":"청사·공공건축물·주차장 현황 추가 확인 필요; 면적 229㎡","priority_score":40,"source":"경기부동산포털 국공유지조회·연속지적도","source_date":"2026-08-11","installed_solar_match":false}},{"type":"Feature","id":"4163025022105320008","geometry":{"type":"Point","coordinates":[126.9860507,37.7947766]},"properties":{"pnu":"4163025022105320008","municipality_code":"41630","municipality":"양주시","district":"양주시","locality":"백석읍 오산리","address":"양주시 백석읍 오산리 532-8","owner_type":"시·군유지","owner_label":"양주시","manager":"","property_class":"","land_category":"대","area_sqm":229.0,"area_band":"100~500㎡","interest_category":"대","solar_candidate":"검토필요","candidate_reason":"청사·공공건축물·주차장 현황 추가 확인 필요; 면적 229㎡","priority_score":40,"source":"경기부동산포털 국공유지조회·연속지적도","source_date":"2026-08-11","installed_solar_match":false}},{"type":"Feature","id":"4163010700104230002","geometry":{"type":"Point","coordinates":[127.0890703,37.7867844]},"properties":{"pnu":"4163010700104230002","municipality_code":"41630","municipality":"양주시","district":"양주시","locality":"만송동","address":"양주시 만송동 423-2","owner_type":"시·군유지","owner_label":"양주시","manager":"","property_class":"","land_category":"대","area_sqm":227.0,"area_band":"100~500㎡","interest_category":"대","solar_candidate":"검토필요","candidate_reason":"청사·공공건축물·주차장 현황 추가 확인 필요; 면적 227㎡","priority_score":40,"source":"경기부동산포털 국공유지조회·연속지적도","source_date":"2026-08-11","installed_solar_match":false}},{"type":"Feature","id":"4163011000101380050","geometry":{"type":"Point","coordinates":[127.0651246,37.8447226]},"properties":{"pnu":"4163011000101380050","municipality_code":"41630","municipality":"양주시","district":"양주시","locality":"덕정동","address":"양주시 덕정동 138-50","owner_type":"시·군유지","owner_label":"양주시","manager":"","property_class":"","land_category":"대","area_sqm":227.0,"area_band":"100~500㎡","interest_category":"대","solar_candidate":"검토필요","candidate_reason":"청사·공공건축물·주차장 현황 추가 확인 필요; 면적 227㎡","priority_score":40,"source":"경기부동산포털 국공유지조회·연속지적도","source_date":"2026-08-11","installed_solar_match":false}},{"type":"Feature","id":"4163011600107240005","geometry":{"type":"Point","coordinates":[127.0453376,37.8122771]},"properties":{"pnu":"4163011600107240005","municipality_code":"41630","municipality":"양주시","district":"양주시","locality":"덕계동","address":"양주시 덕계동 724-5","owner_type":"시·군유지","owner_label":"양주시","manager":"","property_class":"","land_category":"대","area_sqm":226.0,"area_band":"100~500㎡","interest_category":"대","solar_candidate":"검토필요","candidate_reason":"청사·공공건축물·주차장 현황 추가 확인 필요; 면적 226㎡","priority_score":40,"source":"경기부동산포털 국공유지조회·연속지적도","source_date":"2026-08-11","installed_solar_match":false}},{"type":"Feature","id":"4163011300103040004","geometry":{"type":"Point","coordinates":[127.1011477,37.8403626]},"properties":{"pnu":"4163011300103040004","municipality_code":"41630","municipality":"양주시","district":"양주시","locality":"율정동","address":"양주시 율정동 304-4","owner_type":"시·군유지","owner_label":"양주시","manager":"","property_class":"","land_category":"대","area_sqm":225.0,"area_band":"100~500㎡","interest_category":"대","solar_candidate":"검토필요","candidate_reason":"청사·공공건축물·주차장 현황 추가 확인 필요; 면적 225㎡","priority_score":40,"source":"경기부동산포털 국공유지조회·연속지적도","source_date":"2026-08-11","installed_solar_match":false}},{"type":"Feature","id":"4163031021105470010","geometry":{"type":"Point","coordinates":[127.0408152,37.8612723]},"properties":{"pnu":"4163031021105470010","municipality_code":"41630","municipality":"양주시","district":"양주시","locality":"은현면 용암리","address":"양주시 은현면 용암리 547-10","owner_type":"시·군유지","owner_label":"양주시","manager":"","property_class":"","land_category":"대","area_sqm":225.0,"area_band":"100~500㎡","interest_category":"대","solar_candidate":"검토필요","candidate_reason":"청사·공공건축물·주차장 현황 추가 확인 필요; 면적 225㎡","priority_score":40,"source":"경기부동산포털 국공유지조회·연속지적도","source_date":"2026-08-11","installed_solar_match":false}},{"type":"Feature","id":"4163034026104030001","geometry":{"type":"Point","coordinates":[126.925984,37.6939072]},"properties":{"pnu":"4163034026104030001","municipality_code":"41630","municipality":"양주시","district":"양주시","locality":"장흥면 삼상리","address":"양주시 장흥면 삼상리 403-1","owner_type":"시·군유지","owner_label":"양주시","manager":"","property_class":"","land_category":"대","area_sqm":225.0,"area_band":"100~500㎡","interest_category":"대","solar_candidate":"검토필요","candidate_reason":"청사·공공건축물·주차장 현황 추가 확인 필요; 면적 225㎡","priority_score":40,"source":"경기부동산포털 국공유지조회·연속지적도","source_date":"2026-08-11","installed_solar_match":false}},{"type":"Feature","id":"4163025022105580028","geometry":{"type":"Point","coordinates":[126.9858978,37.7923854]},"properties":{"pnu":"4163025022105580028","municipality_code":"41630","municipality":"양주시","district":"양주시","locality":"백석읍 오산리","address":"양주시 백석읍 오산리 558-28","owner_type":"시·군유지","owner_label":"양주시","manager":"","property_class":"","land_category":"대","area_sqm":224.0,"area_band":"100~500㎡","interest_category":"대","solar_candidate":"검토필요","candidate_reason":"청사·공공건축물·주차장 현황 추가 확인 필요; 면적 224㎡","priority_score":40,"source":"경기부동산포털 국공유지조회·연속지적도","source_date":"2026-08-11","installed_solar_match":false}},{"type":"Feature","id":"4163025021106820003","geometry":{"type":"Point","coordinates":[127.0001336,37.7881487]},"properties":{"pnu":"4163025021106820003","municipality_code":"41630","municipality":"양주시","district":"양주시","locality":"백석읍 방성리","address":"양주시 백석읍 방성리 682-3","owner_type":"시·군유지","owner_label":"양주시","manager":"","property_class":"","land_category":"대","area_sqm":223.0,"area_band":"100~500㎡","interest_category":"대","solar_candidate":"검토필요","candidate_reason":"청사·공공건축물·주차장 현황 추가 확인 필요; 면적 223㎡","priority_score":40,"source":"경기부동산포털 국공유지조회·연속지적도","source_date":"2026-08-11","installed_solar_match":false}},{"type":"Feature","id":"4163025022105320003","geometry":{"type":"Point","coordinates":[126.9858785,37.7951119]},"properties":{"pnu":"4163025022105320003","municipality_code":"41630","municipality":"양주시","district":"양주시","locality":"백석읍 오산리","address":"양주시 백석읍 오산리 532-3","owner_type":"시·군유지","owner_label":"양주시","manager":"","property_class":"","land_category":"대","area_sqm":222.0,"area_band":"100~500㎡","interest_category":"대","solar_candidate":"검토필요","candidate_reason":"청사·공공건축물·주차장 현황 추가 확인 필요; 면적 222㎡","priority_score":40,"source":"경기부동산포털 국공유지조회·연속지적도","source_date":"2026-08-11","installed_solar_match":false}},{"type":"Feature","id":"4163025021101090041","geometry":{"type":"Point","coordinates":[127.0024142,37.8026324]},"properties":{"pnu":"4163025021101090041","municipality_code":"41630","municipality":"양주시","district":"양주시","locality":"백석읍 방성리","address":"양주시 백석읍 방성리 109-41","owner_type":"시·군유지","owner_label":"양주시","manager":"","property_class":"","land_category":"대","area_sqm":221.0,"area_band":"100~500㎡","interest_category":"대","solar_candidate":"검토필요","candidate_reason":"청사·공공건축물·주차장 현황 추가 확인 필요; 면적 221㎡","priority_score":40,"source":"경기부동산포털 국공유지조회·연속지적도","source_date":"2026-08-11","installed_solar_match":false}},{"type":"Feature","id":"4163010400103420006","geometry":{"type":"Point","coordinates":[127.0538267,37.7718923]},"properties":{"pnu":"4163010400103420006","municipality_code":"41630","municipality":"양주시","district":"양주시","locality":"마전동","address":"양주시 마전동 342-6","owner_type":"시·군유지","owner_label":"양주시","manager":"","property_class":"","land_category":"대","area_sqm":219.3,"area_band":"100~500㎡","interest_category":"대","solar_candidate":"검토필요","candidate_reason":"청사·공공건축물·주차장 현황 추가 확인 필요; 면적 219㎡","priority_score":40,"source":"경기부동산포털 국공유지조회·연속지적도","source_date":"2026-08-11","installed_solar_match":false}},{"type":"Feature","id":"4163011600106210009","geometry":{"type":"Point","coordinates":[127.0456311,37.8226768]},"properties":{"pnu":"4163011600106210009","municipality_code":"41630","municipality":"양주시","district":"양주시","locality":"덕계동","address":"양주시 덕계동 621-9","owner_type":"시·군유지","owner_label":"양주시","manager":"","property_class":"","land_category":"대","area_sqm":219.0,"area_band":"100~500㎡","interest_category":"대","solar_candidate":"검토필요","candidate_reason":"청사·공공건축물·주차장 현황 추가 확인 필요; 면적 219㎡","priority_score":40,"source":"경기부동산포털 국공유지조회·연속지적도","source_date":"2026-08-11","installed_solar_match":false}},{"type":"Feature","id":"4163011600105850004","geometry":{"type":"Point","coordinates":[127.0425441,37.8228171]},"properties":{"pnu":"4163011600105850004","municipality_code":"41630","municipality":"양주시","district":"양주시","locality":"덕계동","address":"양주시 덕계동 585-4","owner_type":"시·군유지","owner_label":"양주시","manager":"","property_class":"","land_category":"대","area_sqm":218.0,"area_band":"100~500㎡","interest_category":"대","solar_candidate":"검토필요","candidate_reason":"청사·공공건축물·주차장 현황 추가 확인 필요; 면적 218㎡","priority_score":40,"source":"경기부동산포털 국공유지조회·연속지적도","source_date":"2026-08-11","installed_solar_match":false}},{"type":"Feature","id":"4163025021104360009","geometry":{"type":"Point","coordinates":[127.0033008,37.8000347]},"properties":{"pnu":"4163025021104360009","municipality_code":"41630","municipality":"양주시","district":"양주시","locality":"백석읍 방성리","address":"양주시 백석읍 방성리 436-9","owner_type":"시·군유지","owner_label":"양주시","manager":"","property_class":"","land_category":"대","area_sqm":217.8,"area_band":"100~500㎡","interest_category":"대","solar_candidate":"검토필요","candidate_reason":"청사·공공건축물·주차장 현황 추가 확인 필요; 면적 218㎡","priority_score":40,"source":"경기부동산포털 국공유지조회·연속지적도","source_date":"2026-08-11","installed_solar_match":false}},{"type":"Feature","id":"4163011500104420032","geometry":{"type":"Point","coordinates":[127.072199,37.8148336]},"properties":{"pnu":"4163011500104420032","municipality_code":"41630","municipality":"양주시","district":"양주시","locality":"고암동","address":"양주시 고암동 442-32","owner_type":"시·군유지","owner_label":"양주시","manager":"","property_class":"","land_category":"대","area_sqm":217.0,"area_band":"100~500㎡","interest_category":"대","solar_candidate":"검토필요","candidate_reason":"청사·공공건축물·주차장 현황 추가 확인 필요; 면적 217㎡","priority_score":40,"source":"경기부동산포털 국공유지조회·연속지적도","source_date":"2026-08-11","installed_solar_match":false}},{"type":"Feature","id":"4163031022103490009","geometry":{"type":"Point","coordinates":[127.0249067,37.8749565]},"properties":{"pnu":"4163031022103490009","municipality_code":"41630","municipality":"양주시","district":"양주시","locality":"은현면 선암리","address":"양주시 은현면 선암리 349-9","owner_type":"시·군유지","owner_label":"양주시","manager":"","property_class":"","land_category":"대","area_sqm":217.0,"area_band":"100~500㎡","interest_category":"대","solar_candidate":"검토필요","candidate_reason":"청사·공공건축물·주차장 현황 추가 확인 필요; 면적 217㎡","priority_score":40,"source":"경기부동산포털 국공유지조회·연속지적도","source_date":"2026-08-11","installed_solar_match":false}},{"type":"Feature","id":"4163032027102040019","geometry":{"type":"Point","coordinates":[127.0063159,37.870327]},"properties":{"pnu":"4163032027102040019","municipality_code":"41630","municipality":"양주시","district":"양주시","locality":"남면 상수리","address":"양주시 남면 상수리 204-19","owner_type":"시·군유지","owner_label":"양주시","manager":"","property_class":"","land_category":"대","area_sqm":217.0,"area_band":"100~500㎡","interest_category":"대","solar_candidate":"검토필요","candidate_reason":"청사·공공건축물·주차장 현황 추가 확인 필요; 면적 217㎡","priority_score":40,"source":"경기부동산포털 국공유지조회·연속지적도","source_date":"2026-08-11","installed_solar_match":false}},{"type":"Feature","id":"4163011100105610011","geometry":{"type":"Point","coordinates":[127.0726072,37.8600733]},"properties":{"pnu":"4163011100105610011","municipality_code":"41630","municipality":"양주시","district":"양주시","locality":"봉양동","address":"양주시 봉양동 561-11","owner_type":"시·군유지","owner_label":"양주시","manager":"","property_class":"","land_category":"대","area_sqm":216.0,"area_band":"100~500㎡","interest_category":"대","solar_candidate":"검토필요","candidate_reason":"청사·공공건축물·주차장 현황 추가 확인 필요; 면적 216㎡","priority_score":40,"source":"경기부동산포털 국공유지조회·연속지적도","source_date":"2026-08-11","installed_solar_match":false}},{"type":"Feature","id":"4163033026100510014","geometry":{"type":"Point","coordinates":[126.9894565,37.8417975]},"properties":{"pnu":"4163033026100510014","municipality_code":"41630","municipality":"양주시","district":"양주시","locality":"광적면 덕도리","address":"양주시 광적면 덕도리 51-14","owner_type":"시·군유지","owner_label":"양주시","manager":"","property_class":"","land_category":"대","area_sqm":216.0,"area_band":"100~500㎡","interest_category":"대","solar_candidate":"검토필요","candidate_reason":"청사·공공건축물·주차장 현황 추가 확인 필요; 면적 216㎡","priority_score":40,"source":"경기부동산포털 국공유지조회·연속지적도","source_date":"2026-08-11","installed_solar_match":false}},{"type":"Feature","id":"4163011000100150001","geometry":{"type":"Point","coordinates":[127.0748385,37.8459081]},"properties":{"pnu":"4163011000100150001","municipality_code":"41630","municipality":"양주시","district":"양주시","locality":"덕정동","address":"양주시 덕정동 15-1","owner_type":"시·군유지","owner_label":"양주시","manager":"","property_class":"","land_category":"대","area_sqm":214.0,"area_band":"100~500㎡","interest_category":"대","solar_candidate":"검토필요","candidate_reason":"청사·공공건축물·주차장 현황 추가 확인 필요; 면적 214㎡","priority_score":40,"source":"경기부동산포털 국공유지조회·연속지적도","source_date":"2026-08-11","installed_solar_match":false}},{"type":"Feature","id":"4163011600105200001","geometry":{"type":"Point","coordinates":[127.0469247,37.8239437]},"properties":{"pnu":"4163011600105200001","municipality_code":"41630","municipality":"양주시","district":"양주시","locality":"덕계동","address":"양주시 덕계동 520-1","owner_type":"시·군유지","owner_label":"양주시","manager":"","property_class":"","land_category":"대","area_sqm":214.0,"area_band":"100~500㎡","interest_category":"대","solar_candidate":"검토필요","candidate_reason":"청사·공공건축물·주차장 현황 추가 확인 필요; 면적 214㎡","priority_score":40,"source":"경기부동산포털 국공유지조회·연속지적도","source_date":"2026-08-11","installed_solar_match":false}},{"type":"Feature","id":"4163025021100820013","geometry":{"type":"Point","coordinates":[126.9995576,37.8046482]},"properties":{"pnu":"4163025021100820013","municipality_code":"41630","municipality":"양주시","district":"양주시","locality":"백석읍 방성리","address":"양주시 백석읍 방성리 82-13","owner_type":"시·군유지","owner_label":"양주시","manager":"","property_class":"","land_category":"대","area_sqm":213.0,"area_band":"100~500㎡","interest_category":"대","solar_candidate":"검토필요","candidate_reason":"청사·공공건축물·주차장 현황 추가 확인 필요; 면적 213㎡","priority_score":40,"source":"경기부동산포털 국공유지조회·연속지적도","source_date":"2026-08-11","installed_solar_match":false}},{"type":"Feature","id":"4163034022104210008","geometry":{"type":"Point","coordinates":[126.9799388,37.7161478]},"properties":{"pnu":"4163034022104210008","municipality_code":"41630","municipality":"양주시","district":"양주시","locality":"장흥면 울대리","address":"양주시 장흥면 울대리 421-8","owner_type":"시·군유지","owner_label":"양주시","manager":"","property_class":"","land_category":"대","area_sqm":213.0,"area_band":"100~500㎡","interest_category":"대","solar_candidate":"검토필요","candidate_reason":"청사·공공건축물·주차장 현황 추가 확인 필요; 면적 213㎡","priority_score":40,"source":"경기부동산포털 국공유지조회·연속지적도","source_date":"2026-08-11","installed_solar_match":false}},{"type":"Feature","id":"4163025021104380006","geometry":{"type":"Point","coordinates":[127.0030902,37.7999255]},"properties":{"pnu":"4163025021104380006","municipality_code":"41630","municipality":"양주시","district":"양주시","locality":"백석읍 방성리","address":"양주시 백석읍 방성리 438-6","owner_type":"시·군유지","owner_label":"양주시","manager":"","property_class":"","land_category":"대","area_sqm":212.4,"area_band":"100~500㎡","interest_category":"대","solar_candidate":"검토필요","candidate_reason":"청사·공공건축물·주차장 현황 추가 확인 필요; 면적 212㎡","priority_score":40,"source":"경기부동산포털 국공유지조회·연속지적도","source_date":"2026-08-11","installed_solar_match":false}},{"type":"Feature","id":"4163031026106840001","geometry":{"type":"Point","coordinates":[126.9984725,37.8404327]},"properties":{"pnu":"4163031026106840001","municipality_code":"41630","municipality":"양주시","district":"양주시","locality":"은현면 도하리","address":"양주시 은현면 도하리 684-1","owner_type":"시·군유지","owner_label":"양주시","manager":"","property_class":"","land_category":"대","area_sqm":212.0,"area_band":"100~500㎡","interest_category":"대","solar_candidate":"검토필요","candidate_reason":"청사·공공건축물·주차장 현황 추가 확인 필요; 면적 212㎡","priority_score":40,"source":"경기부동산포털 국공유지조회·연속지적도","source_date":"2026-08-11","installed_solar_match":false}},{"type":"Feature","id":"4163032021103310005","geometry":{"type":"Point","coordinates":[126.9738149,37.8933075]},"properties":{"pnu":"4163032021103310005","municipality_code":"41630","municipality":"양주시","district":"양주시","locality":"남면 신산리","address":"양주시 남면 신산리 331-5","owner_type":"시·군유지","owner_label":"양주시","manager":"","property_class":"","land_category":"대","area_sqm":212.0,"area_band":"100~500㎡","interest_category":"대","solar_candidate":"검토필요","candidate_reason":"청사·공공건축물·주차장 현황 추가 확인 필요; 면적 212㎡","priority_score":40,"source":"경기부동산포털 국공유지조회·연속지적도","source_date":"2026-08-11","installed_solar_match":false}},{"type":"Feature","id":"4163034023106360044","geometry":{"type":"Point","coordinates":[126.9657997,37.7124178]},"properties":{"pnu":"4163034023106360044","municipality_code":"41630","municipality":"양주시","district":"양주시","locality":"장흥면 부곡리","address":"양주시 장흥면 부곡리 636-44","owner_type":"시·군유지","owner_label":"양주시","manager":"","property_class":"","land_category":"대","area_sqm":212.0,"area_band":"100~500㎡","interest_category":"대","solar_candidate":"검토필요","candidate_reason":"청사·공공건축물·주차장 현황 추가 확인 필요; 면적 212㎡","priority_score":40,"source":"경기부동산포털 국공유지조회·연속지적도","source_date":"2026-08-11","installed_solar_match":false}},{"type":"Feature","id":"4163011000100130001","geometry":{"type":"Point","coordinates":[127.0752249,37.845898]},"properties":{"pnu":"4163011000100130001","municipality_code":"41630","municipality":"양주시","district":"양주시","locality":"덕정동","address":"양주시 덕정동 13-1","owner_type":"시·군유지","owner_label":"양주시","manager":"","property_class":"","land_category":"대","area_sqm":211.0,"area_band":"100~500㎡","interest_category":"대","solar_candidate":"검토필요","candidate_reason":"청사·공공건축물·주차장 현황 추가 확인 필요; 면적 211㎡","priority_score":40,"source":"경기부동산포털 국공유지조회·연속지적도","source_date":"2026-08-11","installed_solar_match":false}},{"type":"Feature","id":"4163032024100880006","geometry":{"type":"Point","coordinates":[126.9723522,37.8854525]},"properties":{"pnu":"4163032024100880006","municipality_code":"41630","municipality":"양주시","district":"양주시","locality":"남면 구암리","address":"양주시 남면 구암리 88-6","owner_type":"시·군유지","owner_label":"양주시","manager":"","property_class":"","land_category":"대","area_sqm":211.0,"area_band":"100~500㎡","interest_category":"대","solar_candidate":"검토필요","candidate_reason":"청사·공공건축물·주차장 현황 추가 확인 필요; 면적 211㎡","priority_score":40,"source":"경기부동산포털 국공유지조회·연속지적도","source_date":"2026-08-11","installed_solar_match":false}},{"type":"Feature","id":"4163010400104540000","geometry":{"type":"Point","coordinates":[127.0474409,37.7644821]},"properties":{"pnu":"4163010400104540000","municipality_code":"41630","municipality":"양주시","district":"양주시","locality":"마전동","address":"양주시 마전동 454","owner_type":"시·군유지","owner_label":"양주시","manager":"","property_class":"","land_category":"대","area_sqm":210.0,"area_band":"100~500㎡","interest_category":"대","solar_candidate":"검토필요","candidate_reason":"청사·공공건축물·주차장 현황 추가 확인 필요; 면적 210㎡","priority_score":40,"source":"경기부동산포털 국공유지조회·연속지적도","source_date":"2026-08-11","installed_solar_match":false}},{"type":"Feature","id":"4163025023101710007","geometry":{"type":"Point","coordinates":[126.9926115,37.7907363]},"properties":{"pnu":"4163025023101710007","municipality_code":"41630","municipality":"양주시","district":"양주시","locality":"백석읍 복지리","address":"양주시 백석읍 복지리 171-7","owner_type":"시·군유지","owner_label":"양주시","manager":"","property_class":"","land_category":"대","area_sqm":210.0,"area_band":"100~500㎡","interest_category":"대","solar_candidate":"검토필요","candidate_reason":"청사·공공건축물·주차장 현황 추가 확인 필요; 면적 210㎡","priority_score":40,"source":"경기부동산포털 국공유지조회·연속지적도","source_date":"2026-08-11","installed_solar_match":false}},{"type":"Feature","id":"4163011000101190013","geometry":{"type":"Point","coordinates":[127.0646416,37.8469039]},"properties":{"pnu":"4163011000101190013","municipality_code":"41630","municipality":"양주시","district":"양주시","locality":"덕정동","address":"양주시 덕정동 119-13","owner_type":"시·군유지","owner_label":"양주시","manager":"","property_class":"","land_category":"대","area_sqm":209.0,"area_band":"100~500㎡","interest_category":"대","solar_candidate":"검토필요","candidate_reason":"청사·공공건축물·주차장 현황 추가 확인 필요; 면적 209㎡","priority_score":40,"source":"경기부동산포털 국공유지조회·연속지적도","source_date":"2026-08-11","installed_solar_match":false}},{"type":"Feature","id":"4163011600104200018","geometry":{"type":"Point","coordinates":[127.0464114,37.8182658]},"properties":{"pnu":"4163011600104200018","municipality_code":"41630","municipality":"양주시","district":"양주시","locality":"덕계동","address":"양주시 덕계동 420-18","owner_type":"시·군유지","owner_label":"양주시","manager":"","property_class":"","land_category":"대","area_sqm":209.0,"area_band":"100~500㎡","interest_category":"대","solar_candidate":"검토필요","candidate_reason":"청사·공공건축물·주차장 현황 추가 확인 필요; 면적 209㎡","priority_score":40,"source":"경기부동산포털 국공유지조회·연속지적도","source_date":"2026-08-11","installed_solar_match":false}},{"type":"Feature","id":"4163011600105740018","geometry":{"type":"Point","coordinates":[127.0416036,37.8249469]},"properties":{"pnu":"4163011600105740018","municipality_code":"41630","municipality":"양주시","district":"양주시","locality":"덕계동","address":"양주시 덕계동 574-18","owner_type":"시·군유지","owner_label":"양주시","manager":"","property_class":"","land_category":"대","area_sqm":209.0,"area_band":"100~500㎡","interest_category":"대","solar_candidate":"검토필요","candidate_reason":"청사·공공건축물·주차장 현황 추가 확인 필요; 면적 209㎡","priority_score":40,"source":"경기부동산포털 국공유지조회·연속지적도","source_date":"2026-08-11","installed_solar_match":false}},{"type":"Feature","id":"4163031024101850022","geometry":{"type":"Point","coordinates":[127.0070831,37.9079073]},"properties":{"pnu":"4163031024101850022","municipality_code":"41630","municipality":"양주시","district":"양주시","locality":"은현면 봉암리","address":"양주시 은현면 봉암리 185-22","owner_type":"시·군유지","owner_label":"양주시","manager":"","property_class":"","land_category":"대","area_sqm":209.0,"area_band":"100~500㎡","interest_category":"대","solar_candidate":"검토필요","candidate_reason":"청사·공공건축물·주차장 현황 추가 확인 필요; 면적 209㎡","priority_score":40,"source":"경기부동산포털 국공유지조회·연속지적도","source_date":"2026-08-11","installed_solar_match":false}},{"type":"Feature","id":"4163033021107400010","geometry":{"type":"Point","coordinates":[126.9869617,37.8227581]},"properties":{"pnu":"4163033021107400010","municipality_code":"41630","municipality":"양주시","district":"양주시","locality":"광적면 가납리","address":"양주시 광적면 가납리 740-10","owner_type":"시·군유지","owner_label":"양주시","manager":"","property_class":"","land_category":"대","area_sqm":206.0,"area_band":"100~500㎡","interest_category":"대","solar_candidate":"검토필요","candidate_reason":"청사·공공건축물·주차장 현황 추가 확인 필요; 면적 206㎡","priority_score":40,"source":"경기부동산포털 국공유지조회·연속지적도","source_date":"2026-08-11","installed_solar_match":false}},{"type":"Feature","id":"4163010900102740006","geometry":{"type":"Point","coordinates":[127.0719399,37.8052548]},"properties":{"pnu":"4163010900102740006","municipality_code":"41630","municipality":"양주시","district":"양주시","locality":"고읍동","address":"양주시 고읍동 274-6","owner_type":"시·군유지","owner_label":"양주시","manager":"","property_class":"","land_category":"대","area_sqm":205.0,"area_band":"100~500㎡","interest_category":"대","solar_candidate":"검토필요","candidate_reason":"청사·공공건축물·주차장 현황 추가 확인 필요; 면적 205㎡","priority_score":40,"source":"경기부동산포털 국공유지조회·연속지적도","source_date":"2026-08-11","installed_solar_match":false}},{"type":"Feature","id":"4163011100103010009","geometry":{"type":"Point","coordinates":[127.0812042,37.8487367]},"properties":{"pnu":"4163011100103010009","municipality_code":"41630","municipality":"양주시","district":"양주시","locality":"봉양동","address":"양주시 봉양동 301-9","owner_type":"시·군유지","owner_label":"양주시","manager":"","property_class":"","land_category":"대","area_sqm":205.0,"area_band":"100~500㎡","interest_category":"대","solar_candidate":"검토필요","candidate_reason":"청사·공공건축물·주차장 현황 추가 확인 필요; 면적 205㎡","priority_score":40,"source":"경기부동산포털 국공유지조회·연속지적도","source_date":"2026-08-11","installed_solar_match":false}},{"type":"Feature","id":"4163011100105220029","geometry":{"type":"Point","coordinates":[127.0720357,37.8611073]},"properties":{"pnu":"4163011100105220029","municipality_code":"41630","municipality":"양주시","district":"양주시","locality":"봉양동","address":"양주시 봉양동 522-29","owner_type":"시·군유지","owner_label":"양주시","manager":"","property_class":"","land_category":"대","area_sqm":204.0,"area_band":"100~500㎡","interest_category":"대","solar_candidate":"검토필요","candidate_reason":"청사·공공건축물·주차장 현황 추가 확인 필요; 면적 204㎡","priority_score":40,"source":"경기부동산포털 국공유지조회·연속지적도","source_date":"2026-08-11","installed_solar_match":false}},{"type":"Feature","id":"4163011600104210019","geometry":{"type":"Point","coordinates":[127.0465783,37.8187067]},"properties":{"pnu":"4163011600104210019","municipality_code":"41630","municipality":"양주시","district":"양주시","locality":"덕계동","address":"양주시 덕계동 421-19","owner_type":"시·군유지","owner_label":"양주시","manager":"","property_class":"","land_category":"대","area_sqm":203.0,"area_band":"100~500㎡","interest_category":"대","solar_candidate":"검토필요","candidate_reason":"청사·공공건축물·주차장 현황 추가 확인 필요; 면적 203㎡","priority_score":40,"source":"경기부동산포털 국공유지조회·연속지적도","source_date":"2026-08-11","installed_solar_match":false}},{"type":"Feature","id":"4163025021100550010","geometry":{"type":"Point","coordinates":[126.998453,37.8062093]},"properties":{"pnu":"4163025021100550010","municipality_code":"41630","municipality":"양주시","district":"양주시","locality":"백석읍 방성리","address":"양주시 백석읍 방성리 55-10","owner_type":"시·군유지","owner_label":"양주시","manager":"","property_class":"","land_category":"대","area_sqm":203.0,"area_band":"100~500㎡","interest_category":"대","solar_candidate":"검토필요","candidate_reason":"청사·공공건축물·주차장 현황 추가 확인 필요; 면적 203㎡","priority_score":40,"source":"경기부동산포털 국공유지조회·연속지적도","source_date":"2026-08-11","installed_solar_match":false}},{"type":"Feature","id":"4163032021102850221","geometry":{"type":"Point","coordinates":[126.9726018,37.8975855]},"properties":{"pnu":"4163032021102850221","municipality_code":"41630","municipality":"양주시","district":"양주시","locality":"남면 신산리","address":"양주시 남면 신산리 285-221","owner_type":"시·군유지","owner_label":"양주시","manager":"","property_class":"","land_category":"대","area_sqm":203.0,"area_band":"100~500㎡","interest_category":"대","solar_candidate":"검토필요","candidate_reason":"청사·공공건축물·주차장 현황 추가 확인 필요; 면적 203㎡","priority_score":40,"source":"경기부동산포털 국공유지조회·연속지적도","source_date":"2026-08-11","installed_solar_match":false}},{"type":"Feature","id":"4163033026100510005","geometry":{"type":"Point","coordinates":[126.9893229,37.8417532]},"properties":{"pnu":"4163033026100510005","municipality_code":"41630","municipality":"양주시","district":"양주시","locality":"광적면 덕도리","address":"양주시 광적면 덕도리 51-5","owner_type":"시·군유지","owner_label":"양주시","manager":"","property_class":"","land_category":"대","area_sqm":203.0,"area_band":"100~500㎡","interest_category":"대","solar_candidate":"검토필요","candidate_reason":"청사·공공건축물·주차장 현황 추가 확인 필요; 면적 203㎡","priority_score":40,"source":"경기부동산포털 국공유지조회·연속지적도","source_date":"2026-08-11","installed_solar_match":false}},{"type":"Feature","id":"4163010900104400007","geometry":{"type":"Point","coordinates":[127.0799941,37.8016452]},"properties":{"pnu":"4163010900104400007","municipality_code":"41630","municipality":"양주시","district":"양주시","locality":"고읍동","address":"양주시 고읍동 440-7","owner_type":"시·군유지","owner_label":"양주시","manager":"","property_class":"","land_category":"대","area_sqm":202.8,"area_band":"100~500㎡","interest_category":"대","solar_candidate":"검토필요","candidate_reason":"청사·공공건축물·주차장 현황 추가 확인 필요; 면적 203㎡","priority_score":40,"source":"경기부동산포털 국공유지조회·연속지적도","source_date":"2026-08-11","installed_solar_match":false}},{"type":"Feature","id":"4163010100102300004","geometry":{"type":"Point","coordinates":[127.0331103,37.7851521]},"properties":{"pnu":"4163010100102300004","municipality_code":"41630","municipality":"양주시","district":"양주시","locality":"유양동","address":"양주시 유양동 230-4","owner_type":"시·군유지","owner_label":"양주시","manager":"","property_class":"","land_category":"대","area_sqm":202.0,"area_band":"100~500㎡","interest_category":"대","solar_candidate":"검토필요","candidate_reason":"청사·공공건축물·주차장 현황 추가 확인 필요; 면적 202㎡","priority_score":40,"source":"경기부동산포털 국공유지조회·연속지적도","source_date":"2026-08-11","installed_solar_match":false}},{"type":"Feature","id":"4163010300102170008","geometry":{"type":"Point","coordinates":[127.0360912,37.7678337]},"properties":{"pnu":"4163010300102170008","municipality_code":"41630","municipality":"양주시","district":"양주시","locality":"남방동","address":"양주시 남방동 217-8","owner_type":"시·군유지","owner_label":"양주시","manager":"","property_class":"","land_category":"대","area_sqm":201.0,"area_band":"100~500㎡","interest_category":"대","solar_candidate":"검토필요","candidate_reason":"청사·공공건축물·주차장 현황 추가 확인 필요; 면적 201㎡","priority_score":40,"source":"경기부동산포털 국공유지조회·연속지적도","source_date":"2026-08-11","installed_solar_match":false}},{"type":"Feature","id":"4163032027102040020","geometry":{"type":"Point","coordinates":[127.0065674,37.8698221]},"properties":{"pnu":"4163032027102040020","municipality_code":"41630","municipality":"양주시","district":"양주시","locality":"남면 상수리","address":"양주시 남면 상수리 204-20","owner_type":"시·군유지","owner_label":"양주시","manager":"","property_class":"","land_category":"대","area_sqm":201.0,"area_band":"100~500㎡","interest_category":"대","solar_candidate":"검토필요","candidate_reason":"청사·공공건축물·주차장 현황 추가 확인 필요; 면적 201㎡","priority_score":40,"source":"경기부동산포털 국공유지조회·연속지적도","source_date":"2026-08-11","installed_solar_match":false}},{"type":"Feature","id":"4163010900102710018","geometry":{"type":"Point","coordinates":[127.0721544,37.805836]},"properties":{"pnu":"4163010900102710018","municipality_code":"41630","municipality":"양주시","district":"양주시","locality":"고읍동","address":"양주시 고읍동 271-18","owner_type":"시·군유지","owner_label":"양주시","manager":"","property_class":"","land_category":"대","area_sqm":200.0,"area_band":"100~500㎡","interest_category":"대","solar_candidate":"검토필요","candidate_reason":"청사·공공건축물·주차장 현황 추가 확인 필요; 면적 200㎡","priority_score":40,"source":"경기부동산포털 국공유지조회·연속지적도","source_date":"2026-08-11","installed_solar_match":false}},{"type":"Feature","id":"4163025022100410008","geometry":{"type":"Point","coordinates":[126.9912479,37.7952161]},"properties":{"pnu":"4163025022100410008","municipality_code":"41630","municipality":"양주시","district":"양주시","locality":"백석읍 오산리","address":"양주시 백석읍 오산리 41-8","owner_type":"시·군유지","owner_label":"양주시","manager":"","property_class":"","land_category":"대","area_sqm":200.0,"area_band":"100~500㎡","interest_category":"대","solar_candidate":"검토필요","candidate_reason":"청사·공공건축물·주차장 현황 추가 확인 필요; 면적 200㎡","priority_score":40,"source":"경기부동산포털 국공유지조회·연속지적도","source_date":"2026-08-11","installed_solar_match":false}},{"type":"Feature","id":"4163025022106680014","geometry":{"type":"Point","coordinates":[126.9787173,37.8120021]},"properties":{"pnu":"4163025022106680014","municipality_code":"41630","municipality":"양주시","district":"양주시","locality":"백석읍 오산리","address":"양주시 백석읍 오산리 668-14","owner_type":"시·군유지","owner_label":"양주시","manager":"","property_class":"","land_category":"대","area_sqm":200.0,"area_band":"100~500㎡","interest_category":"대","solar_candidate":"검토필요","candidate_reason":"청사·공공건축물·주차장 현황 추가 확인 필요; 면적 200㎡","priority_score":40,"source":"경기부동산포털 국공유지조회·연속지적도","source_date":"2026-08-11","installed_solar_match":false}},{"type":"Feature","id":"4163032024101470013","geometry":{"type":"Point","coordinates":[126.9696508,37.8870337]},"properties":{"pnu":"4163032024101470013","municipality_code":"41630","municipality":"양주시","district":"양주시","locality":"남면 구암리","address":"양주시 남면 구암리 147-13","owner_type":"시·군유지","owner_label":"양주시","manager":"","property_class":"","land_category":"대","area_sqm":200.0,"area_band":"100~500㎡","interest_category":"대","solar_candidate":"검토필요","candidate_reason":"청사·공공건축물·주차장 현황 추가 확인 필요; 면적 200㎡","priority_score":40,"source":"경기부동산포털 국공유지조회·연속지적도","source_date":"2026-08-11","installed_solar_match":false}},{"type":"Feature","id":"4163032030102910053","geometry":{"type":"Point","coordinates":[126.9854393,37.9279279]},"properties":{"pnu":"4163032030102910053","municipality_code":"41630","municipality":"양주시","district":"양주시","locality":"남면 황방리","address":"양주시 남면 황방리 291-53","owner_type":"시·군유지","owner_label":"양주시","manager":"","property_class":"","land_category":"대","area_sqm":200.0,"area_band":"100~500㎡","interest_category":"대","solar_candidate":"검토필요","candidate_reason":"청사·공공건축물·주차장 현황 추가 확인 필요; 면적 200㎡","priority_score":40,"source":"경기부동산포털 국공유지조회·연속지적도","source_date":"2026-08-11","installed_solar_match":false}},{"type":"Feature","id":"4163010700103940001","geometry":{"type":"Point","coordinates":[127.090266,37.787976]},"properties":{"pnu":"4163010700103940001","municipality_code":"41630","municipality":"양주시","district":"양주시","locality":"만송동","address":"양주시 만송동 394-1","owner_type":"시·군유지","owner_label":"양주시","manager":"","property_class":"","land_category":"대","area_sqm":199.0,"area_band":"100~500㎡","interest_category":"대","solar_candidate":"검토필요","candidate_reason":"청사·공공건축물·주차장 현황 추가 확인 필요; 면적 199㎡","priority_score":40,"source":"경기부동산포털 국공유지조회·연속지적도","source_date":"2026-08-11","installed_solar_match":false}},{"type":"Feature","id":"4163011000103460025","geometry":{"type":"Point","coordinates":[127.0631962,37.8407297]},"properties":{"pnu":"4163011000103460025","municipality_code":"41630","municipality":"양주시","district":"양주시","locality":"덕정동","address":"양주시 덕정동 346-25","owner_type":"시·군유지","owner_label":"양주시","manager":"","property_class":"","land_category":"대","area_sqm":198.0,"area_band":"100~500㎡","interest_category":"대","solar_candidate":"검토필요","candidate_reason":"청사·공공건축물·주차장 현황 추가 확인 필요; 면적 198㎡","priority_score":40,"source":"경기부동산포털 국공유지조회·연속지적도","source_date":"2026-08-11","installed_solar_match":false}},{"type":"Feature","id":"4163032029100760022","geometry":{"type":"Point","coordinates":[127.0042221,37.898914]},"properties":{"pnu":"4163032029100760022","municipality_code":"41630","municipality":"양주시","district":"양주시","locality":"남면 한산리","address":"양주시 남면 한산리 76-22","owner_type":"시·군유지","owner_label":"양주시","manager":"","property_class":"","land_category":"대","area_sqm":197.0,"area_band":"100~500㎡","interest_category":"대","solar_candidate":"검토필요","candidate_reason":"청사·공공건축물·주차장 현황 추가 확인 필요; 면적 197㎡","priority_score":40,"source":"경기부동산포털 국공유지조회·연속지적도","source_date":"2026-08-11","installed_solar_match":false}},{"type":"Feature","id":"4163034025101330008","geometry":{"type":"Point","coordinates":[126.9407876,37.7153541]},"properties":{"pnu":"4163034025101330008","municipality_code":"41630","municipality":"양주시","district":"양주시","locality":"장흥면 일영리","address":"양주시 장흥면 일영리 133-8","owner_type":"시·군유지","owner_label":"양주시","manager":"","property_class":"","land_category":"대","area_sqm":195.0,"area_band":"100~500㎡","interest_category":"대","solar_candidate":"검토필요","candidate_reason":"청사·공공건축물·주차장 현황 추가 확인 필요; 면적 195㎡","priority_score":40,"source":"경기부동산포털 국공유지조회·연속지적도","source_date":"2026-08-11","installed_solar_match":false}},{"type":"Feature","id":"4163011000101190010","geometry":{"type":"Point","coordinates":[127.0648827,37.8469134]},"properties":{"pnu":"4163011000101190010","municipality_code":"41630","municipality":"양주시","district":"양주시","locality":"덕정동","address":"양주시 덕정동 119-10","owner_type":"시·군유지","owner_label":"양주시","manager":"","property_class":"","land_category":"대","area_sqm":194.0,"area_band":"100~500㎡","interest_category":"대","solar_candidate":"검토필요","candidate_reason":"청사·공공건축물·주차장 현황 추가 확인 필요; 면적 194㎡","priority_score":40,"source":"경기부동산포털 국공유지조회·연속지적도","source_date":"2026-08-11","installed_solar_match":false}},{"type":"Feature","id":"4163031024101840144","geometry":{"type":"Point","coordinates":[127.0068915,37.9076791]},"properties":{"pnu":"4163031024101840144","municipality_code":"41630","municipality":"양주시","district":"양주시","locality":"은현면 봉암리","address":"양주시 은현면 봉암리 184-144","owner_type":"시·군유지","owner_label":"양주시","manager":"","property_class":"","land_category":"대","area_sqm":193.0,"area_band":"100~500㎡","interest_category":"대","solar_candidate":"검토필요","candidate_reason":"청사·공공건축물·주차장 현황 추가 확인 필요; 면적 193㎡","priority_score":40,"source":"경기부동산포털 국공유지조회·연속지적도","source_date":"2026-08-11","installed_solar_match":false}},{"type":"Feature","id":"4163011100103650008","geometry":{"type":"Point","coordinates":[127.0767343,37.8541792]},"properties":{"pnu":"4163011100103650008","municipality_code":"41630","municipality":"양주시","district":"양주시","locality":"봉양동","address":"양주시 봉양동 365-8","owner_type":"시·군유지","owner_label":"양주시","manager":"","property_class":"","land_category":"대","area_sqm":192.0,"area_band":"100~500㎡","interest_category":"대","solar_candidate":"검토필요","candidate_reason":"청사·공공건축물·주차장 현황 추가 확인 필요; 면적 192㎡","priority_score":40,"source":"경기부동산포털 국공유지조회·연속지적도","source_date":"2026-08-11","installed_solar_match":false}},{"type":"Feature","id":"4163025021102420001","geometry":{"type":"Point","coordinates":[126.9999708,37.7991739]},"properties":{"pnu":"4163025021102420001","municipality_code":"41630","municipality":"양주시","district":"양주시","locality":"백석읍 방성리","address":"양주시 백석읍 방성리 242-1","owner_type":"시·군유지","owner_label":"양주시","manager":"","property_class":"","land_category":"대","area_sqm":192.0,"area_band":"100~500㎡","interest_category":"대","solar_candidate":"검토필요","candidate_reason":"청사·공공건축물·주차장 현황 추가 확인 필요; 면적 192㎡","priority_score":40,"source":"경기부동산포털 국공유지조회·연속지적도","source_date":"2026-08-11","installed_solar_match":false}},{"type":"Feature","id":"4163025023101070007","geometry":{"type":"Point","coordinates":[126.9912565,37.7858215]},"properties":{"pnu":"4163025023101070007","municipality_code":"41630","municipality":"양주시","district":"양주시","locality":"백석읍 복지리","address":"양주시 백석읍 복지리 107-7","owner_type":"시·군유지","owner_label":"양주시","manager":"","property_class":"","land_category":"대","area_sqm":191.0,"area_band":"100~500㎡","interest_category":"대","solar_candidate":"검토필요","candidate_reason":"청사·공공건축물·주차장 현황 추가 확인 필요; 면적 191㎡","priority_score":40,"source":"경기부동산포털 국공유지조회·연속지적도","source_date":"2026-08-11","installed_solar_match":false}},{"type":"Feature","id":"4163011500101830007","geometry":{"type":"Point","coordinates":[127.0707632,37.8386906]},"properties":{"pnu":"4163011500101830007","municipality_code":"41630","municipality":"양주시","district":"양주시","locality":"고암동","address":"양주시 고암동 183-7","owner_type":"시·군유지","owner_label":"양주시","manager":"","property_class":"","land_category":"대","area_sqm":190.0,"area_band":"100~500㎡","interest_category":"대","solar_candidate":"검토필요","candidate_reason":"청사·공공건축물·주차장 현황 추가 확인 필요; 면적 190㎡","priority_score":40,"source":"경기부동산포털 국공유지조회·연속지적도","source_date":"2026-08-11","installed_solar_match":false}},{"type":"Feature","id":"4163011600106520002","geometry":{"type":"Point","coordinates":[127.0420876,37.8212875]},"properties":{"pnu":"4163011600106520002","municipality_code":"41630","municipality":"양주시","district":"양주시","locality":"덕계동","address":"양주시 덕계동 652-2","owner_type":"시·군유지","owner_label":"양주시","manager":"","property_class":"","land_category":"대","area_sqm":190.0,"area_band":"100~500㎡","interest_category":"대","solar_candidate":"검토필요","candidate_reason":"청사·공공건축물·주차장 현황 추가 확인 필요; 면적 190㎡","priority_score":40,"source":"경기부동산포털 국공유지조회·연속지적도","source_date":"2026-08-11","installed_solar_match":false}},{"type":"Feature","id":"4163025022105390003","geometry":{"type":"Point","coordinates":[126.9873496,37.7942093]},"properties":{"pnu":"4163025022105390003","municipality_code":"41630","municipality":"양주시","district":"양주시","locality":"백석읍 오산리","address":"양주시 백석읍 오산리 539-3","owner_type":"시·군유지","owner_label":"양주시","manager":"","property_class":"","land_category":"대","area_sqm":190.0,"area_band":"100~500㎡","interest_category":"대","solar_candidate":"검토필요","candidate_reason":"청사·공공건축물·주차장 현황 추가 확인 필요; 면적 190㎡","priority_score":40,"source":"경기부동산포털 국공유지조회·연속지적도","source_date":"2026-08-11","installed_solar_match":false}},{"type":"Feature","id":"4163032021102850322","geometry":{"type":"Point","coordinates":[126.9748417,37.894897]},"properties":{"pnu":"4163032021102850322","municipality_code":"41630","municipality":"양주시","district":"양주시","locality":"남면 신산리","address":"양주시 남면 신산리 285-322","owner_type":"시·군유지","owner_label":"양주시","manager":"","property_class":"","land_category":"대","area_sqm":190.0,"area_band":"100~500㎡","interest_category":"대","solar_candidate":"검토필요","candidate_reason":"청사·공공건축물·주차장 현황 추가 확인 필요; 면적 190㎡","priority_score":40,"source":"경기부동산포털 국공유지조회·연속지적도","source_date":"2026-08-11","installed_solar_match":false}},{"type":"Feature","id":"4163031022104740008","geometry":{"type":"Point","coordinates":[127.022525,37.874881]},"properties":{"pnu":"4163031022104740008","municipality_code":"41630","municipality":"양주시","district":"양주시","locality":"은현면 선암리","address":"양주시 은현면 선암리 474-8","owner_type":"시·군유지","owner_label":"양주시","manager":"","property_class":"","land_category":"대","area_sqm":189.0,"area_band":"100~500㎡","interest_category":"대","solar_candidate":"검토필요","candidate_reason":"청사·공공건축물·주차장 현황 추가 확인 필요; 면적 189㎡","priority_score":40,"source":"경기부동산포털 국공유지조회·연속지적도","source_date":"2026-08-11","installed_solar_match":false}},{"type":"Feature","id":"4163032021102970003","geometry":{"type":"Point","coordinates":[126.9757556,37.8974992]},"properties":{"pnu":"4163032021102970003","municipality_code":"41630","municipality":"양주시","district":"양주시","locality":"남면 신산리","address":"양주시 남면 신산리 297-3","owner_type":"시·군유지","owner_label":"양주시","manager":"","property_class":"","land_category":"대","area_sqm":189.0,"area_band":"100~500㎡","interest_category":"대","solar_candidate":"검토필요","candidate_reason":"청사·공공건축물·주차장 현황 추가 확인 필요; 면적 189㎡","priority_score":40,"source":"경기부동산포털 국공유지조회·연속지적도","source_date":"2026-08-11","installed_solar_match":false}},{"type":"Feature","id":"4163010600106580002","geometry":{"type":"Point","coordinates":[127.0818024,37.7937999]},"properties":{"pnu":"4163010600106580002","municipality_code":"41630","municipality":"양주시","district":"양주시","locality":"광사동","address":"양주시 광사동 658-2","owner_type":"시·군유지","owner_label":"양주시","manager":"","property_class":"","land_category":"대","area_sqm":188.1,"area_band":"100~500㎡","interest_category":"대","solar_candidate":"검토필요","candidate_reason":"청사·공공건축물·주차장 현황 추가 확인 필요; 면적 188㎡","priority_score":40,"source":"경기부동산포털 국공유지조회·연속지적도","source_date":"2026-08-11","installed_solar_match":false}},{"type":"Feature","id":"4163011100108110008","geometry":{"type":"Point","coordinates":[127.0607316,37.8673735]},"properties":{"pnu":"4163011100108110008","municipality_code":"41630","municipality":"양주시","district":"양주시","locality":"봉양동","address":"양주시 봉양동 811-8","owner_type":"시·군유지","owner_label":"양주시","manager":"","property_class":"","land_category":"대","area_sqm":188.0,"area_band":"100~500㎡","interest_category":"대","solar_candidate":"검토필요","candidate_reason":"청사·공공건축물·주차장 현황 추가 확인 필요; 면적 188㎡","priority_score":40,"source":"경기부동산포털 국공유지조회·연속지적도","source_date":"2026-08-11","installed_solar_match":false}},{"type":"Feature","id":"4163011600107230003","geometry":{"type":"Point","coordinates":[127.0451575,37.8122767]},"properties":{"pnu":"4163011600107230003","municipality_code":"41630","municipality":"양주시","district":"양주시","locality":"덕계동","address":"양주시 덕계동 723-3","owner_type":"시·군유지","owner_label":"양주시","manager":"","property_class":"","land_category":"대","area_sqm":188.0,"area_band":"100~500㎡","interest_category":"대","solar_candidate":"검토필요","candidate_reason":"청사·공공건축물·주차장 현황 추가 확인 필요; 면적 188㎡","priority_score":40,"source":"경기부동산포털 국공유지조회·연속지적도","source_date":"2026-08-11","installed_solar_match":false}},{"type":"Feature","id":"4163025025105460008","geometry":{"type":"Point","coordinates":[126.9540034,37.8016146]},"properties":{"pnu":"4163025025105460008","municipality_code":"41630","municipality":"양주시","district":"양주시","locality":"백석읍 홍죽리","address":"양주시 백석읍 홍죽리 546-8","owner_type":"시·군유지","owner_label":"양주시","manager":"","property_class":"","land_category":"대","area_sqm":188.0,"area_band":"100~500㎡","interest_category":"대","solar_candidate":"검토필요","candidate_reason":"청사·공공건축물·주차장 현황 추가 확인 필요; 면적 188㎡","priority_score":40,"source":"경기부동산포털 국공유지조회·연속지적도","source_date":"2026-08-11","installed_solar_match":false}},{"type":"Feature","id":"4163034024103690005","geometry":{"type":"Point","coordinates":[126.9515718,37.7363348]},"properties":{"pnu":"4163034024103690005","municipality_code":"41630","municipality":"양주시","district":"양주시","locality":"장흥면 석현리","address":"양주시 장흥면 석현리 369-5","owner_type":"시·군유지","owner_label":"양주시","manager":"","property_class":"","land_category":"대","area_sqm":188.0,"area_band":"100~500㎡","interest_category":"대","solar_candidate":"검토필요","candidate_reason":"청사·공공건축물·주차장 현황 추가 확인 필요; 면적 188㎡","priority_score":40,"source":"경기부동산포털 국공유지조회·연속지적도","source_date":"2026-08-11","installed_solar_match":false}},{"type":"Feature","id":"4163034024103850021","geometry":{"type":"Point","coordinates":[126.9479137,37.7322643]},"properties":{"pnu":"4163034024103850021","municipality_code":"41630","municipality":"양주시","district":"양주시","locality":"장흥면 석현리","address":"양주시 장흥면 석현리 385-21","owner_type":"시·군유지","owner_label":"양주시","manager":"","property_class":"","land_category":"대","area_sqm":188.0,"area_band":"100~500㎡","interest_category":"대","solar_candidate":"검토필요","candidate_reason":"청사·공공건축물·주차장 현황 추가 확인 필요; 면적 188㎡","priority_score":40,"source":"경기부동산포털 국공유지조회·연속지적도","source_date":"2026-08-11","installed_solar_match":false}},{"type":"Feature","id":"4163031026104350007","geometry":{"type":"Point","coordinates":[127.0015619,37.8475863]},"properties":{"pnu":"4163031026104350007","municipality_code":"41630","municipality":"양주시","district":"양주시","locality":"은현면 도하리","address":"양주시 은현면 도하리 435-7","owner_type":"시·군유지","owner_label":"양주시","manager":"","property_class":"","land_category":"대","area_sqm":187.0,"area_band":"100~500㎡","interest_category":"대","solar_candidate":"검토필요","candidate_reason":"청사·공공건축물·주차장 현황 추가 확인 필요; 면적 187㎡","priority_score":40,"source":"경기부동산포털 국공유지조회·연속지적도","source_date":"2026-08-11","installed_solar_match":false}},{"type":"Feature","id":"4163025024104750003","geometry":{"type":"Point","coordinates":[126.9712303,37.794012]},"properties":{"pnu":"4163025024104750003","municipality_code":"41630","municipality":"양주시","district":"양주시","locality":"백석읍 가업리","address":"양주시 백석읍 가업리 475-3","owner_type":"시·군유지","owner_label":"양주시","manager":"","property_class":"","land_category":"대","area_sqm":186.0,"area_band":"100~500㎡","interest_category":"대","solar_candidate":"검토필요","candidate_reason":"청사·공공건축물·주차장 현황 추가 확인 필요; 면적 186㎡","priority_score":40,"source":"경기부동산포털 국공유지조회·연속지적도","source_date":"2026-08-11","installed_solar_match":false}},{"type":"Feature","id":"4163010700106970002","geometry":{"type":"Point","coordinates":[127.0835569,37.7975233]},"properties":{"pnu":"4163010700106970002","municipality_code":"41630","municipality":"양주시","district":"양주시","locality":"만송동","address":"양주시 만송동 697-2","owner_type":"시·군유지","owner_label":"양주시","manager":"","property_class":"","land_category":"대","area_sqm":184.6,"area_band":"100~500㎡","interest_category":"대","solar_candidate":"검토필요","candidate_reason":"청사·공공건축물·주차장 현황 추가 확인 필요; 면적 185㎡","priority_score":40,"source":"경기부동산포털 국공유지조회·연속지적도","source_date":"2026-08-11","installed_solar_match":false}},{"type":"Feature","id":"4163010300102080004","geometry":{"type":"Point","coordinates":[127.0419338,37.7684365]},"properties":{"pnu":"4163010300102080004","municipality_code":"41630","municipality":"양주시","district":"양주시","locality":"남방동","address":"양주시 남방동 208-4","owner_type":"시·군유지","owner_label":"양주시","manager":"","property_class":"","land_category":"대","area_sqm":184.0,"area_band":"100~500㎡","interest_category":"대","solar_candidate":"검토필요","candidate_reason":"청사·공공건축물·주차장 현황 추가 확인 필요; 면적 184㎡","priority_score":40,"source":"경기부동산포털 국공유지조회·연속지적도","source_date":"2026-08-11","installed_solar_match":false}},{"type":"Feature","id":"4163011600104650021","geometry":{"type":"Point","coordinates":[127.0460568,37.8198152]},"properties":{"pnu":"4163011600104650021","municipality_code":"41630","municipality":"양주시","district":"양주시","locality":"덕계동","address":"양주시 덕계동 465-21","owner_type":"시·군유지","owner_label":"양주시","manager":"","property_class":"","land_category":"대","area_sqm":184.0,"area_band":"100~500㎡","interest_category":"대","solar_candidate":"검토필요","candidate_reason":"청사·공공건축물·주차장 현황 추가 확인 필요; 면적 184㎡","priority_score":40,"source":"경기부동산포털 국공유지조회·연속지적도","source_date":"2026-08-11","installed_solar_match":false}},{"type":"Feature","id":"4163025021100800018","geometry":{"type":"Point","coordinates":[127.0001437,37.8056059]},"properties":{"pnu":"4163025021100800018","municipality_code":"41630","municipality":"양주시","district":"양주시","locality":"백석읍 방성리","address":"양주시 백석읍 방성리 80-18","owner_type":"시·군유지","owner_label":"양주시","manager":"","property_class":"","land_category":"대","area_sqm":183.0,"area_band":"100~500㎡","interest_category":"대","solar_candidate":"검토필요","candidate_reason":"청사·공공건축물·주차장 현황 추가 확인 필요; 면적 183㎡","priority_score":40,"source":"경기부동산포털 국공유지조회·연속지적도","source_date":"2026-08-11","installed_solar_match":false}},{"type":"Feature","id":"4163031021106830003","geometry":{"type":"Point","coordinates":[127.0390802,37.8554819]},"properties":{"pnu":"4163031021106830003","municipality_code":"41630","municipality":"양주시","district":"양주시","locality":"은현면 용암리","address":"양주시 은현면 용암리 683-3","owner_type":"시·군유지","owner_label":"양주시","manager":"","property_class":"","land_category":"대","area_sqm":183.0,"area_band":"100~500㎡","interest_category":"대","solar_candidate":"검토필요","candidate_reason":"청사·공공건축물·주차장 현황 추가 확인 필요; 면적 183㎡","priority_score":40,"source":"경기부동산포털 국공유지조회·연속지적도","source_date":"2026-08-11","installed_solar_match":false}},{"type":"Feature","id":"4163025023101980012","geometry":{"type":"Point","coordinates":[126.9923065,37.7920118]},"properties":{"pnu":"4163025023101980012","municipality_code":"41630","municipality":"양주시","district":"양주시","locality":"백석읍 복지리","address":"양주시 백석읍 복지리 198-12","owner_type":"시·군유지","owner_label":"양주시","manager":"","property_class":"","land_category":"대","area_sqm":182.0,"area_band":"100~500㎡","interest_category":"대","solar_candidate":"검토필요","candidate_reason":"청사·공공건축물·주차장 현황 추가 확인 필요; 면적 182㎡","priority_score":40,"source":"경기부동산포털 국공유지조회·연속지적도","source_date":"2026-08-11","installed_solar_match":false}},{"type":"Feature","id":"4163032021103140006","geometry":{"type":"Point","coordinates":[126.9773163,37.8939039]},"properties":{"pnu":"4163032021103140006","municipality_code":"41630","municipality":"양주시","district":"양주시","locality":"남면 신산리","address":"양주시 남면 신산리 314-6","owner_type":"시·군유지","owner_label":"양주시","manager":"","property_class":"","land_category":"대","area_sqm":181.0,"area_band":"100~500㎡","interest_category":"대","solar_candidate":"검토필요","candidate_reason":"청사·공공건축물·주차장 현황 추가 확인 필요; 면적 181㎡","priority_score":40,"source":"경기부동산포털 국공유지조회·연속지적도","source_date":"2026-08-11","installed_solar_match":false}},{"type":"Feature","id":"4163034026100760008","geometry":{"type":"Point","coordinates":[126.938209,37.6999628]},"properties":{"pnu":"4163034026100760008","municipality_code":"41630","municipality":"양주시","district":"양주시","locality":"장흥면 삼상리","address":"양주시 장흥면 삼상리 76-8","owner_type":"시·군유지","owner_label":"양주시","manager":"","property_class":"","land_category":"대","area_sqm":181.0,"area_band":"100~500㎡","interest_category":"대","solar_candidate":"검토필요","candidate_reason":"청사·공공건축물·주차장 현황 추가 확인 필요; 면적 181㎡","priority_score":40,"source":"경기부동산포털 국공유지조회·연속지적도","source_date":"2026-08-11","installed_solar_match":false}},{"type":"Feature","id":"4163011100108200014","geometry":{"type":"Point","coordinates":[127.0621941,37.8671402]},"properties":{"pnu":"4163011100108200014","municipality_code":"41630","municipality":"양주시","district":"양주시","locality":"봉양동","address":"양주시 봉양동 820-14","owner_type":"시·군유지","owner_label":"양주시","manager":"","property_class":"","land_category":"대","area_sqm":180.0,"area_band":"100~500㎡","interest_category":"대","solar_candidate":"검토필요","candidate_reason":"청사·공공건축물·주차장 현황 추가 확인 필요; 면적 180㎡","priority_score":40,"source":"경기부동산포털 국공유지조회·연속지적도","source_date":"2026-08-11","installed_solar_match":false}},{"type":"Feature","id":"4163025022100830008","geometry":{"type":"Point","coordinates":[126.9933024,37.7962743]},"properties":{"pnu":"4163025022100830008","municipality_code":"41630","municipality":"양주시","district":"양주시","locality":"백석읍 오산리","address":"양주시 백석읍 오산리 83-8","owner_type":"시·군유지","owner_label":"양주시","manager":"","property_class":"","land_category":"대","area_sqm":179.0,"area_band":"100~500㎡","interest_category":"대","solar_candidate":"검토필요","candidate_reason":"청사·공공건축물·주차장 현황 추가 확인 필요; 면적 179㎡","priority_score":40,"source":"경기부동산포털 국공유지조회·연속지적도","source_date":"2026-08-11","installed_solar_match":false}},{"type":"Feature","id":"4163010800103150013","geometry":{"type":"Point","coordinates":[127.1007129,37.79974]},"properties":{"pnu":"4163010800103150013","municipality_code":"41630","municipality":"양주시","district":"양주시","locality":"삼숭동","address":"양주시 삼숭동 315-13","owner_type":"시·군유지","owner_label":"양주시","manager":"","property_class":"","land_category":"대","area_sqm":178.0,"area_band":"100~500㎡","interest_category":"대","solar_candidate":"검토필요","candidate_reason":"청사·공공건축물·주차장 현황 추가 확인 필요; 면적 178㎡","priority_score":40,"source":"경기부동산포털 국공유지조회·연속지적도","source_date":"2026-08-11","installed_solar_match":false}},{"type":"Feature","id":"4163031021100600019","geometry":{"type":"Point","coordinates":[127.0567995,37.868351]},"properties":{"pnu":"4163031021100600019","municipality_code":"41630","municipality":"양주시","district":"양주시","locality":"은현면 용암리","address":"양주시 은현면 용암리 60-19","owner_type":"시·군유지","owner_label":"양주시","manager":"","property_class":"","land_category":"대","area_sqm":178.0,"area_band":"100~500㎡","interest_category":"대","solar_candidate":"검토필요","candidate_reason":"청사·공공건축물·주차장 현황 추가 확인 필요; 면적 178㎡","priority_score":40,"source":"경기부동산포털 국공유지조회·연속지적도","source_date":"2026-08-11","installed_solar_match":false}},{"type":"Feature","id":"4163032024101880004","geometry":{"type":"Point","coordinates":[126.9719767,37.8870907]},"properties":{"pnu":"4163032024101880004","municipality_code":"41630","municipality":"양주시","district":"양주시","locality":"남면 구암리","address":"양주시 남면 구암리 188-4","owner_type":"시·군유지","owner_label":"양주시","manager":"","property_class":"","land_category":"대","area_sqm":178.0,"area_band":"100~500㎡","interest_category":"대","solar_candidate":"검토필요","candidate_reason":"청사·공공건축물·주차장 현황 추가 확인 필요; 면적 178㎡","priority_score":40,"source":"경기부동산포털 국공유지조회·연속지적도","source_date":"2026-08-11","installed_solar_match":false}},{"type":"Feature","id":"4163011300103050002","geometry":{"type":"Point","coordinates":[127.1007433,37.8403736]},"properties":{"pnu":"4163011300103050002","municipality_code":"41630","municipality":"양주시","district":"양주시","locality":"율정동","address":"양주시 율정동 305-2","owner_type":"시·군유지","owner_label":"양주시","manager":"","property_class":"","land_category":"대","area_sqm":177.0,"area_band":"100~500㎡","interest_category":"대","solar_candidate":"검토필요","candidate_reason":"청사·공공건축물·주차장 현황 추가 확인 필요; 면적 177㎡","priority_score":40,"source":"경기부동산포털 국공유지조회·연속지적도","source_date":"2026-08-11","installed_solar_match":false}},{"type":"Feature","id":"4163010700103780027","geometry":{"type":"Point","coordinates":[127.091674,37.7893385]},"properties":{"pnu":"4163010700103780027","municipality_code":"41630","municipality":"양주시","district":"양주시","locality":"만송동","address":"양주시 만송동 378-27","owner_type":"시·군유지","owner_label":"양주시","manager":"","property_class":"","land_category":"대","area_sqm":176.0,"area_band":"100~500㎡","interest_category":"대","solar_candidate":"검토필요","candidate_reason":"청사·공공건축물·주차장 현황 추가 확인 필요; 면적 176㎡","priority_score":40,"source":"경기부동산포털 국공유지조회·연속지적도","source_date":"2026-08-11","installed_solar_match":false}},{"type":"Feature","id":"4163011200104460002","geometry":{"type":"Point","coordinates":[127.0865694,37.844473]},"properties":{"pnu":"4163011200104460002","municipality_code":"41630","municipality":"양주시","district":"양주시","locality":"회암동","address":"양주시 회암동 446-2","owner_type":"시·군유지","owner_label":"양주시","manager":"","property_class":"","land_category":"대","area_sqm":176.0,"area_band":"100~500㎡","interest_category":"대","solar_candidate":"검토필요","candidate_reason":"청사·공공건축물·주차장 현황 추가 확인 필요; 면적 176㎡","priority_score":40,"source":"경기부동산포털 국공유지조회·연속지적도","source_date":"2026-08-11","installed_solar_match":false}},{"type":"Feature","id":"4163011600106180012","geometry":{"type":"Point","coordinates":[127.0459133,37.8230573]},"properties":{"pnu":"4163011600106180012","municipality_code":"41630","municipality":"양주시","district":"양주시","locality":"덕계동","address":"양주시 덕계동 618-12","owner_type":"시·군유지","owner_label":"양주시","manager":"","property_class":"","land_category":"대","area_sqm":176.0,"area_band":"100~500㎡","interest_category":"대","solar_candidate":"검토필요","candidate_reason":"청사·공공건축물·주차장 현황 추가 확인 필요; 면적 176㎡","priority_score":40,"source":"경기부동산포털 국공유지조회·연속지적도","source_date":"2026-08-11","installed_solar_match":false}},{"type":"Feature","id":"4163025021106830012","geometry":{"type":"Point","coordinates":[127.000235,37.788238]},"properties":{"pnu":"4163025021106830012","municipality_code":"41630","municipality":"양주시","district":"양주시","locality":"백석읍 방성리","address":"양주시 백석읍 방성리 683-12","owner_type":"시·군유지","owner_label":"양주시","manager":"","property_class":"","land_category":"대","area_sqm":176.0,"area_band":"100~500㎡","interest_category":"대","solar_candidate":"검토필요","candidate_reason":"청사·공공건축물·주차장 현황 추가 확인 필요; 면적 176㎡","priority_score":40,"source":"경기부동산포털 국공유지조회·연속지적도","source_date":"2026-08-11","installed_solar_match":false}},{"type":"Feature","id":"4163025022100410013","geometry":{"type":"Point","coordinates":[126.991183,37.7949964]},"properties":{"pnu":"4163025022100410013","municipality_code":"41630","municipality":"양주시","district":"양주시","locality":"백석읍 오산리","address":"양주시 백석읍 오산리 41-13","owner_type":"시·군유지","owner_label":"양주시","manager":"","property_class":"","land_category":"대","area_sqm":176.0,"area_band":"100~500㎡","interest_category":"대","solar_candidate":"검토필요","candidate_reason":"청사·공공건축물·주차장 현황 추가 확인 필요; 면적 176㎡","priority_score":40,"source":"경기부동산포털 국공유지조회·연속지적도","source_date":"2026-08-11","installed_solar_match":false}},{"type":"Feature","id":"4163033025101850004","geometry":{"type":"Point","coordinates":[126.9542825,37.8679477]},"properties":{"pnu":"4163033025101850004","municipality_code":"41630","municipality":"양주시","district":"양주시","locality":"광적면 효촌리","address":"양주시 광적면 효촌리 185-4","owner_type":"시·군유지","owner_label":"양주시","manager":"","property_class":"","land_category":"대","area_sqm":176.0,"area_band":"100~500㎡","interest_category":"대","solar_candidate":"검토필요","candidate_reason":"청사·공공건축물·주차장 현황 추가 확인 필요; 면적 176㎡","priority_score":40,"source":"경기부동산포털 국공유지조회·연속지적도","source_date":"2026-08-11","installed_solar_match":false}},{"type":"Feature","id":"4163034024103790002","geometry":{"type":"Point","coordinates":[126.9524871,37.734488]},"properties":{"pnu":"4163034024103790002","municipality_code":"41630","municipality":"양주시","district":"양주시","locality":"장흥면 석현리","address":"양주시 장흥면 석현리 379-2","owner_type":"시·군유지","owner_label":"양주시","manager":"","property_class":"","land_category":"대","area_sqm":176.0,"area_band":"100~500㎡","interest_category":"대","solar_candidate":"검토필요","candidate_reason":"청사·공공건축물·주차장 현황 추가 확인 필요; 면적 176㎡","priority_score":40,"source":"경기부동산포털 국공유지조회·연속지적도","source_date":"2026-08-11","installed_solar_match":false}},{"type":"Feature","id":"4163011100105250009","geometry":{"type":"Point","coordinates":[127.0717051,37.8617341]},"properties":{"pnu":"4163011100105250009","municipality_code":"41630","municipality":"양주시","district":"양주시","locality":"봉양동","address":"양주시 봉양동 525-9","owner_type":"시·군유지","owner_label":"양주시","manager":"","property_class":"","land_category":"대","area_sqm":175.0,"area_band":"100~500㎡","interest_category":"대","solar_candidate":"검토필요","candidate_reason":"청사·공공건축물·주차장 현황 추가 확인 필요; 면적 175㎡","priority_score":40,"source":"경기부동산포털 국공유지조회·연속지적도","source_date":"2026-08-11","installed_solar_match":false}},{"type":"Feature","id":"4163011600105210003","geometry":{"type":"Point","coordinates":[127.0469856,37.8238387]},"properties":{"pnu":"4163011600105210003","municipality_code":"41630","municipality":"양주시","district":"양주시","locality":"덕계동","address":"양주시 덕계동 521-3","owner_type":"시·군유지","owner_label":"양주시","manager":"","property_class":"","land_category":"대","area_sqm":174.0,"area_band":"100~500㎡","interest_category":"대","solar_candidate":"검토필요","candidate_reason":"청사·공공건축물·주차장 현황 추가 확인 필요; 면적 174㎡","priority_score":40,"source":"경기부동산포털 국공유지조회·연속지적도","source_date":"2026-08-11","installed_solar_match":false}},{"type":"Feature","id":"4163011600107150007","geometry":{"type":"Point","coordinates":[127.0455689,37.8133598]},"properties":{"pnu":"4163011600107150007","municipality_code":"41630","municipality":"양주시","district":"양주시","locality":"덕계동","address":"양주시 덕계동 715-7","owner_type":"시·군유지","owner_label":"양주시","manager":"","property_class":"","land_category":"대","area_sqm":174.0,"area_band":"100~500㎡","interest_category":"대","solar_candidate":"검토필요","candidate_reason":"청사·공공건축물·주차장 현황 추가 확인 필요; 면적 174㎡","priority_score":40,"source":"경기부동산포털 국공유지조회·연속지적도","source_date":"2026-08-11","installed_solar_match":false}},{"type":"Feature","id":"4163025022105560011","geometry":{"type":"Point","coordinates":[126.9854671,37.7910345]},"properties":{"pnu":"4163025022105560011","municipality_code":"41630","municipality":"양주시","district":"양주시","locality":"백석읍 오산리","address":"양주시 백석읍 오산리 556-11","owner_type":"시·군유지","owner_label":"양주시","manager":"","property_class":"","land_category":"대","area_sqm":174.0,"area_band":"100~500㎡","interest_category":"대","solar_candidate":"검토필요","candidate_reason":"청사·공공건축물·주차장 현황 추가 확인 필요; 면적 174㎡","priority_score":40,"source":"경기부동산포털 국공유지조회·연속지적도","source_date":"2026-08-11","installed_solar_match":false}},{"type":"Feature","id":"4163032029100930000","geometry":{"type":"Point","coordinates":[127.0036634,37.8979224]},"properties":{"pnu":"4163032029100930000","municipality_code":"41630","municipality":"양주시","district":"양주시","locality":"남면 한산리","address":"양주시 남면 한산리 93","owner_type":"시·군유지","owner_label":"양주시","manager":"","property_class":"","land_category":"대","area_sqm":174.0,"area_band":"100~500㎡","interest_category":"대","solar_candidate":"검토필요","candidate_reason":"청사·공공건축물·주차장 현황 추가 확인 필요; 면적 174㎡","priority_score":40,"source":"경기부동산포털 국공유지조회·연속지적도","source_date":"2026-08-11","installed_solar_match":false}},{"type":"Feature","id":"4163010400101750011","geometry":{"type":"Point","coordinates":[127.0562879,37.7776273]},"properties":{"pnu":"4163010400101750011","municipality_code":"41630","municipality":"양주시","district":"양주시","locality":"마전동","address":"양주시 마전동 175-11","owner_type":"시·군유지","owner_label":"양주시","manager":"","property_class":"","land_category":"대","area_sqm":173.0,"area_band":"100~500㎡","interest_category":"대","solar_candidate":"검토필요","candidate_reason":"청사·공공건축물·주차장 현황 추가 확인 필요; 면적 173㎡","priority_score":40,"source":"경기부동산포털 국공유지조회·연속지적도","source_date":"2026-08-11","installed_solar_match":false}},{"type":"Feature","id":"4163011100105780011","geometry":{"type":"Point","coordinates":[127.0754037,37.8561541]},"properties":{"pnu":"4163011100105780011","municipality_code":"41630","municipality":"양주시","district":"양주시","locality":"봉양동","address":"양주시 봉양동 578-11","owner_type":"시·군유지","owner_label":"양주시","manager":"","property_class":"","land_category":"대","area_sqm":173.0,"area_band":"100~500㎡","interest_category":"대","solar_candidate":"검토필요","candidate_reason":"청사·공공건축물·주차장 현황 추가 확인 필요; 면적 173㎡","priority_score":40,"source":"경기부동산포털 국공유지조회·연속지적도","source_date":"2026-08-11","installed_solar_match":false}},{"type":"Feature","id":"4163011200104830020","geometry":{"type":"Point","coordinates":[127.0854023,37.8452215]},"properties":{"pnu":"4163011200104830020","municipality_code":"41630","municipality":"양주시","district":"양주시","locality":"회암동","address":"양주시 회암동 483-20","owner_type":"시·군유지","owner_label":"양주시","manager":"","property_class":"","land_category":"대","area_sqm":173.0,"area_band":"100~500㎡","interest_category":"대","solar_candidate":"검토필요","candidate_reason":"청사·공공건축물·주차장 현황 추가 확인 필요; 면적 173㎡","priority_score":40,"source":"경기부동산포털 국공유지조회·연속지적도","source_date":"2026-08-11","installed_solar_match":false}},{"type":"Feature","id":"4163011700103450016","geometry":{"type":"Point","coordinates":[127.053339,37.8287165]},"properties":{"pnu":"4163011700103450016","municipality_code":"41630","municipality":"양주시","district":"양주시","locality":"회정동","address":"양주시 회정동 345-16","owner_type":"시·군유지","owner_label":"양주시","manager":"","property_class":"","land_category":"대","area_sqm":173.0,"area_band":"100~500㎡","interest_category":"대","solar_candidate":"검토필요","candidate_reason":"청사·공공건축물·주차장 현황 추가 확인 필요; 면적 173㎡","priority_score":40,"source":"경기부동산포털 국공유지조회·연속지적도","source_date":"2026-08-11","installed_solar_match":false}},{"type":"Feature","id":"4163025021102300008","geometry":{"type":"Point","coordinates":[126.99682,37.7999803]},"properties":{"pnu":"4163025021102300008","municipality_code":"41630","municipality":"양주시","district":"양주시","locality":"백석읍 방성리","address":"양주시 백석읍 방성리 230-8","owner_type":"시·군유지","owner_label":"양주시","manager":"","property_class":"","land_category":"대","area_sqm":173.0,"area_band":"100~500㎡","interest_category":"대","solar_candidate":"검토필요","candidate_reason":"청사·공공건축물·주차장 현황 추가 확인 필요; 면적 173㎡","priority_score":40,"source":"경기부동산포털 국공유지조회·연속지적도","source_date":"2026-08-11","installed_solar_match":false}},{"type":"Feature","id":"4163031026106810005","geometry":{"type":"Point","coordinates":[126.9974686,37.8414862]},"properties":{"pnu":"4163031026106810005","municipality_code":"41630","municipality":"양주시","district":"양주시","locality":"은현면 도하리","address":"양주시 은현면 도하리 681-5","owner_type":"시·군유지","owner_label":"양주시","manager":"","property_class":"","land_category":"대","area_sqm":173.0,"area_band":"100~500㎡","interest_category":"대","solar_candidate":"검토필요","candidate_reason":"청사·공공건축물·주차장 현황 추가 확인 필요; 면적 173㎡","priority_score":40,"source":"경기부동산포털 국공유지조회·연속지적도","source_date":"2026-08-11","installed_solar_match":false}},{"type":"Feature","id":"4163010500102070014","geometry":{"type":"Point","coordinates":[127.0482498,37.7927811]},"properties":{"pnu":"4163010500102070014","municipality_code":"41630","municipality":"양주시","district":"양주시","locality":"산북동","address":"양주시 산북동 207-14","owner_type":"시·군유지","owner_label":"양주시","manager":"","property_class":"","land_category":"대","area_sqm":172.0,"area_band":"100~500㎡","interest_category":"대","solar_candidate":"검토필요","candidate_reason":"청사·공공건축물·주차장 현황 추가 확인 필요; 면적 172㎡","priority_score":40,"source":"경기부동산포털 국공유지조회·연속지적도","source_date":"2026-08-11","installed_solar_match":false}},{"type":"Feature","id":"4163025021100800016","geometry":{"type":"Point","coordinates":[126.9998878,37.8056566]},"properties":{"pnu":"4163025021100800016","municipality_code":"41630","municipality":"양주시","district":"양주시","locality":"백석읍 방성리","address":"양주시 백석읍 방성리 80-16","owner_type":"시·군유지","owner_label":"양주시","manager":"","property_class":"","land_category":"대","area_sqm":172.0,"area_band":"100~500㎡","interest_category":"대","solar_candidate":"검토필요","candidate_reason":"청사·공공건축물·주차장 현황 추가 확인 필요; 면적 172㎡","priority_score":40,"source":"경기부동산포털 국공유지조회·연속지적도","source_date":"2026-08-11","installed_solar_match":false}},{"type":"Feature","id":"4163025021101830004","geometry":{"type":"Point","coordinates":[126.9976575,37.8011938]},"properties":{"pnu":"4163025021101830004","municipality_code":"41630","municipality":"양주시","district":"양주시","locality":"백석읍 방성리","address":"양주시 백석읍 방성리 183-4","owner_type":"시·군유지","owner_label":"양주시","manager":"","property_class":"","land_category":"대","area_sqm":172.0,"area_band":"100~500㎡","interest_category":"대","solar_candidate":"검토필요","candidate_reason":"청사·공공건축물·주차장 현황 추가 확인 필요; 면적 172㎡","priority_score":40,"source":"경기부동산포털 국공유지조회·연속지적도","source_date":"2026-08-11","installed_solar_match":false}},{"type":"Feature","id":"4163025024105210000","geometry":{"type":"Point","coordinates":[126.9711849,37.7936634]},"properties":{"pnu":"4163025024105210000","municipality_code":"41630","municipality":"양주시","district":"양주시","locality":"백석읍 가업리","address":"양주시 백석읍 가업리 521","owner_type":"시·군유지","owner_label":"양주시","manager":"","property_class":"","land_category":"대","area_sqm":172.0,"area_band":"100~500㎡","interest_category":"대","solar_candidate":"검토필요","candidate_reason":"청사·공공건축물·주차장 현황 추가 확인 필요; 면적 172㎡","priority_score":40,"source":"경기부동산포털 국공유지조회·연속지적도","source_date":"2026-08-11","installed_solar_match":false}},{"type":"Feature","id":"4163031021100920018","geometry":{"type":"Point","coordinates":[127.0536382,37.8683022]},"properties":{"pnu":"4163031021100920018","municipality_code":"41630","municipality":"양주시","district":"양주시","locality":"은현면 용암리","address":"양주시 은현면 용암리 92-18","owner_type":"시·군유지","owner_label":"양주시","manager":"","property_class":"","land_category":"대","area_sqm":172.0,"area_band":"100~500㎡","interest_category":"대","solar_candidate":"검토필요","candidate_reason":"청사·공공건축물·주차장 현황 추가 확인 필요; 면적 172㎡","priority_score":40,"source":"경기부동산포털 국공유지조회·연속지적도","source_date":"2026-08-11","installed_solar_match":false}},{"type":"Feature","id":"4163011500103130005","geometry":{"type":"Point","coordinates":[127.0702412,37.8238287]},"properties":{"pnu":"4163011500103130005","municipality_code":"41630","municipality":"양주시","district":"양주시","locality":"고암동","address":"양주시 고암동 313-5","owner_type":"시·군유지","owner_label":"양주시","manager":"","property_class":"","land_category":"대","area_sqm":171.0,"area_band":"100~500㎡","interest_category":"대","solar_candidate":"검토필요","candidate_reason":"청사·공공건축물·주차장 현황 추가 확인 필요; 면적 171㎡","priority_score":40,"source":"경기부동산포털 국공유지조회·연속지적도","source_date":"2026-08-11","installed_solar_match":false}},{"type":"Feature","id":"4163031022104770005","geometry":{"type":"Point","coordinates":[127.0235949,37.8736832]},"properties":{"pnu":"4163031022104770005","municipality_code":"41630","municipality":"양주시","district":"양주시","locality":"은현면 선암리","address":"양주시 은현면 선암리 477-5","owner_type":"시·군유지","owner_label":"양주시","manager":"","property_class":"","land_category":"대","area_sqm":171.0,"area_band":"100~500㎡","interest_category":"대","solar_candidate":"검토필요","candidate_reason":"청사·공공건축물·주차장 현황 추가 확인 필요; 면적 171㎡","priority_score":40,"source":"경기부동산포털 국공유지조회·연속지적도","source_date":"2026-08-11","installed_solar_match":false}},{"type":"Feature","id":"4163011100104200010","geometry":{"type":"Point","coordinates":[127.080048,37.8577875]},"properties":{"pnu":"4163011100104200010","municipality_code":"41630","municipality":"양주시","district":"양주시","locality":"봉양동","address":"양주시 봉양동 420-10","owner_type":"시·군유지","owner_label":"양주시","manager":"","property_class":"","land_category":"대","area_sqm":170.0,"area_band":"100~500㎡","interest_category":"대","solar_candidate":"검토필요","candidate_reason":"청사·공공건축물·주차장 현황 추가 확인 필요; 면적 170㎡","priority_score":40,"source":"경기부동산포털 국공유지조회·연속지적도","source_date":"2026-08-11","installed_solar_match":false}},{"type":"Feature","id":"4163011100108200015","geometry":{"type":"Point","coordinates":[127.062646,37.8669025]},"properties":{"pnu":"4163011100108200015","municipality_code":"41630","municipality":"양주시","district":"양주시","locality":"봉양동","address":"양주시 봉양동 820-15","owner_type":"시·군유지","owner_label":"양주시","manager":"","property_class":"","land_category":"대","area_sqm":170.0,"area_band":"100~500㎡","interest_category":"대","solar_candidate":"검토필요","candidate_reason":"청사·공공건축물·주차장 현황 추가 확인 필요; 면적 170㎡","priority_score":40,"source":"경기부동산포털 국공유지조회·연속지적도","source_date":"2026-08-11","installed_solar_match":false}},{"type":"Feature","id":"4163033021107210023","geometry":{"type":"Point","coordinates":[126.9883118,37.8229882]},"properties":{"pnu":"4163033021107210023","municipality_code":"41630","municipality":"양주시","district":"양주시","locality":"광적면 가납리","address":"양주시 광적면 가납리 721-23","owner_type":"시·군유지","owner_label":"양주시","manager":"","property_class":"","land_category":"대","area_sqm":170.0,"area_band":"100~500㎡","interest_category":"대","solar_candidate":"검토필요","candidate_reason":"청사·공공건축물·주차장 현황 추가 확인 필요; 면적 170㎡","priority_score":40,"source":"경기부동산포털 국공유지조회·연속지적도","source_date":"2026-08-11","installed_solar_match":false}},{"type":"Feature","id":"4163034025105360001","geometry":{"type":"Point","coordinates":[126.9330667,37.7105581]},"properties":{"pnu":"4163034025105360001","municipality_code":"41630","municipality":"양주시","district":"양주시","locality":"장흥면 일영리","address":"양주시 장흥면 일영리 536-1","owner_type":"시·군유지","owner_label":"양주시","manager":"","property_class":"","land_category":"대","area_sqm":170.0,"area_band":"100~500㎡","interest_category":"대","solar_candidate":"검토필요","candidate_reason":"청사·공공건축물·주차장 현황 추가 확인 필요; 면적 170㎡","priority_score":40,"source":"경기부동산포털 국공유지조회·연속지적도","source_date":"2026-08-11","installed_solar_match":false}},{"type":"Feature","id":"4163031024101840161","geometry":{"type":"Point","coordinates":[127.0075462,37.9070792]},"properties":{"pnu":"4163031024101840161","municipality_code":"41630","municipality":"양주시","district":"양주시","locality":"은현면 봉암리","address":"양주시 은현면 봉암리 184-161","owner_type":"시·군유지","owner_label":"양주시","manager":"","property_class":"","land_category":"대","area_sqm":169.0,"area_band":"100~500㎡","interest_category":"대","solar_candidate":"검토필요","candidate_reason":"청사·공공건축물·주차장 현황 추가 확인 필요; 면적 169㎡","priority_score":40,"source":"경기부동산포털 국공유지조회·연속지적도","source_date":"2026-08-11","installed_solar_match":false}},{"type":"Feature","id":"4163032027101790024","geometry":{"type":"Point","coordinates":[127.0052162,37.8691716]},"properties":{"pnu":"4163032027101790024","municipality_code":"41630","municipality":"양주시","district":"양주시","locality":"남면 상수리","address":"양주시 남면 상수리 179-24","owner_type":"시·군유지","owner_label":"양주시","manager":"","property_class":"","land_category":"대","area_sqm":169.0,"area_band":"100~500㎡","interest_category":"대","solar_candidate":"검토필요","candidate_reason":"청사·공공건축물·주차장 현황 추가 확인 필요; 면적 169㎡","priority_score":40,"source":"경기부동산포털 국공유지조회·연속지적도","source_date":"2026-08-11","installed_solar_match":false}},{"type":"Feature","id":"4163010800101900020","geometry":{"type":"Point","coordinates":[127.1049279,37.8005168]},"properties":{"pnu":"4163010800101900020","municipality_code":"41630","municipality":"양주시","district":"양주시","locality":"삼숭동","address":"양주시 삼숭동 190-20","owner_type":"시·군유지","owner_label":"양주시","manager":"","property_class":"","land_category":"대","area_sqm":168.0,"area_band":"100~500㎡","interest_category":"대","solar_candidate":"검토필요","candidate_reason":"청사·공공건축물·주차장 현황 추가 확인 필요; 면적 168㎡","priority_score":40,"source":"경기부동산포털 국공유지조회·연속지적도","source_date":"2026-08-11","installed_solar_match":false}},{"type":"Feature","id":"4163011100105720011","geometry":{"type":"Point","coordinates":[127.0753173,37.8564279]},"properties":{"pnu":"4163011100105720011","municipality_code":"41630","municipality":"양주시","district":"양주시","locality":"봉양동","address":"양주시 봉양동 572-11","owner_type":"시·군유지","owner_label":"양주시","manager":"","property_class":"","land_category":"대","area_sqm":168.0,"area_band":"100~500㎡","interest_category":"대","solar_candidate":"검토필요","candidate_reason":"청사·공공건축물·주차장 현황 추가 확인 필요; 면적 168㎡","priority_score":40,"source":"경기부동산포털 국공유지조회·연속지적도","source_date":"2026-08-11","installed_solar_match":false}},{"type":"Feature","id":"4163025022105580009","geometry":{"type":"Point","coordinates":[126.9858141,37.7923897]},"properties":{"pnu":"4163025022105580009","municipality_code":"41630","municipality":"양주시","district":"양주시","locality":"백석읍 오산리","address":"양주시 백석읍 오산리 558-9","owner_type":"시·군유지","owner_label":"양주시","manager":"","property_class":"","land_category":"대","area_sqm":168.0,"area_band":"100~500㎡","interest_category":"대","solar_candidate":"검토필요","candidate_reason":"청사·공공건축물·주차장 현황 추가 확인 필요; 면적 168㎡","priority_score":40,"source":"경기부동산포털 국공유지조회·연속지적도","source_date":"2026-08-11","installed_solar_match":false}},{"type":"Feature","id":"4163032027101470130","geometry":{"type":"Point","coordinates":[127.0018674,37.8691849]},"properties":{"pnu":"4163032027101470130","municipality_code":"41630","municipality":"양주시","district":"양주시","locality":"남면 상수리","address":"양주시 남면 상수리 147-130","owner_type":"시·군유지","owner_label":"양주시","manager":"","property_class":"","land_category":"대","area_sqm":168.0,"area_band":"100~500㎡","interest_category":"대","solar_candidate":"검토필요","candidate_reason":"청사·공공건축물·주차장 현황 추가 확인 필요; 면적 168㎡","priority_score":40,"source":"경기부동산포털 국공유지조회·연속지적도","source_date":"2026-08-11","installed_solar_match":false}},{"type":"Feature","id":"4163032027101780001","geometry":{"type":"Point","coordinates":[127.0056385,37.8689314]},"properties":{"pnu":"4163032027101780001","municipality_code":"41630","municipality":"양주시","district":"양주시","locality":"남면 상수리","address":"양주시 남면 상수리 178-1","owner_type":"시·군유지","owner_label":"양주시","manager":"","property_class":"","land_category":"대","area_sqm":168.0,"area_band":"100~500㎡","interest_category":"대","solar_candidate":"검토필요","candidate_reason":"청사·공공건축물·주차장 현황 추가 확인 필요; 면적 168㎡","priority_score":40,"source":"경기부동산포털 국공유지조회·연속지적도","source_date":"2026-08-11","installed_solar_match":false}},{"type":"Feature","id":"4163011200103730008","geometry":{"type":"Point","coordinates":[127.0899233,37.8407467]},"properties":{"pnu":"4163011200103730008","municipality_code":"41630","municipality":"양주시","district":"양주시","locality":"회암동","address":"양주시 회암동 373-8","owner_type":"시·군유지","owner_label":"양주시","manager":"","property_class":"","land_category":"대","area_sqm":166.0,"area_band":"100~500㎡","interest_category":"대","solar_candidate":"검토필요","candidate_reason":"청사·공공건축물·주차장 현황 추가 확인 필요; 면적 166㎡","priority_score":40,"source":"경기부동산포털 국공유지조회·연속지적도","source_date":"2026-08-11","installed_solar_match":false}},{"type":"Feature","id":"4163025025103500000","geometry":{"type":"Point","coordinates":[126.960193,37.7970648]},"properties":{"pnu":"4163025025103500000","municipality_code":"41630","municipality":"양주시","district":"양주시","locality":"백석읍 홍죽리","address":"양주시 백석읍 홍죽리 350","owner_type":"시·군유지","owner_label":"양주시","manager":"","property_class":"","land_category":"대","area_sqm":166.0,"area_band":"100~500㎡","interest_category":"대","solar_candidate":"검토필요","candidate_reason":"청사·공공건축물·주차장 현황 추가 확인 필요; 면적 166㎡","priority_score":40,"source":"경기부동산포털 국공유지조회·연속지적도","source_date":"2026-08-11","installed_solar_match":false}},{"type":"Feature","id":"4163010400103520008","geometry":{"type":"Point","coordinates":[127.0549195,37.7700252]},"properties":{"pnu":"4163010400103520008","municipality_code":"41630","municipality":"양주시","district":"양주시","locality":"마전동","address":"양주시 마전동 352-8","owner_type":"시·군유지","owner_label":"양주시","manager":"","property_class":"","land_category":"대","area_sqm":165.6,"area_band":"100~500㎡","interest_category":"대","solar_candidate":"검토필요","candidate_reason":"청사·공공건축물·주차장 현황 추가 확인 필요; 면적 166㎡","priority_score":40,"source":"경기부동산포털 국공유지조회·연속지적도","source_date":"2026-08-11","installed_solar_match":false}},{"type":"Feature","id":"4163011000101380089","geometry":{"type":"Point","coordinates":[127.0654574,37.8442887]},"properties":{"pnu":"4163011000101380089","municipality_code":"41630","municipality":"양주시","district":"양주시","locality":"덕정동","address":"양주시 덕정동 138-89","owner_type":"시·군유지","owner_label":"양주시","manager":"","property_class":"","land_category":"대","area_sqm":165.0,"area_band":"100~500㎡","interest_category":"대","solar_candidate":"검토필요","candidate_reason":"청사·공공건축물·주차장 현황 추가 확인 필요; 면적 165㎡","priority_score":40,"source":"경기부동산포털 국공유지조회·연속지적도","source_date":"2026-08-11","installed_solar_match":false}},{"type":"Feature","id":"4163011700103940024","geometry":{"type":"Point","coordinates":[127.0552491,37.8296351]},"properties":{"pnu":"4163011700103940024","municipality_code":"41630","municipality":"양주시","district":"양주시","locality":"회정동","address":"양주시 회정동 394-24","owner_type":"시·군유지","owner_label":"양주시","manager":"","property_class":"","land_category":"대","area_sqm":165.0,"area_band":"100~500㎡","interest_category":"대","solar_candidate":"검토필요","candidate_reason":"청사·공공건축물·주차장 현황 추가 확인 필요; 면적 165㎡","priority_score":40,"source":"경기부동산포털 국공유지조회·연속지적도","source_date":"2026-08-11","installed_solar_match":false}},{"type":"Feature","id":"4163011000101320012","geometry":{"type":"Point","coordinates":[127.0638538,37.8439082]},"properties":{"pnu":"4163011000101320012","municipality_code":"41630","municipality":"양주시","district":"양주시","locality":"덕정동","address":"양주시 덕정동 132-12","owner_type":"시·군유지","owner_label":"양주시","manager":"","property_class":"","land_category":"대","area_sqm":163.0,"area_band":"100~500㎡","interest_category":"대","solar_candidate":"검토필요","candidate_reason":"청사·공공건축물·주차장 현황 추가 확인 필요; 면적 163㎡","priority_score":40,"source":"경기부동산포털 국공유지조회·연속지적도","source_date":"2026-08-11","installed_solar_match":false}},{"type":"Feature","id":"4163011100102150009","geometry":{"type":"Point","coordinates":[127.0809596,37.8565706]},"properties":{"pnu":"4163011100102150009","municipality_code":"41630","municipality":"양주시","district":"양주시","locality":"봉양동","address":"양주시 봉양동 215-9","owner_type":"시·군유지","owner_label":"양주시","manager":"","property_class":"","land_category":"대","area_sqm":163.0,"area_band":"100~500㎡","interest_category":"대","solar_candidate":"검토필요","candidate_reason":"청사·공공건축물·주차장 현황 추가 확인 필요; 면적 163㎡","priority_score":40,"source":"경기부동산포털 국공유지조회·연속지적도","source_date":"2026-08-11","installed_solar_match":false}},{"type":"Feature","id":"4163033027100040035","geometry":{"type":"Point","coordinates":[126.9897851,37.8434037]},"properties":{"pnu":"4163033027100040035","municipality_code":"41630","municipality":"양주시","district":"양주시","locality":"광적면 석우리","address":"양주시 광적면 석우리 4-35","owner_type":"시·군유지","owner_label":"양주시","manager":"","property_class":"","land_category":"대","area_sqm":163.0,"area_band":"100~500㎡","interest_category":"대","solar_candidate":"검토필요","candidate_reason":"청사·공공건축물·주차장 현황 추가 확인 필요; 면적 163㎡","priority_score":40,"source":"경기부동산포털 국공유지조회·연속지적도","source_date":"2026-08-11","installed_solar_match":false}},{"type":"Feature","id":"4163025021106160006","geometry":{"type":"Point","coordinates":[126.9998924,37.7914898]},"properties":{"pnu":"4163025021106160006","municipality_code":"41630","municipality":"양주시","district":"양주시","locality":"백석읍 방성리","address":"양주시 백석읍 방성리 616-6","owner_type":"시·군유지","owner_label":"양주시","manager":"","property_class":"","land_category":"대","area_sqm":162.0,"area_band":"100~500㎡","interest_category":"대","solar_candidate":"검토필요","candidate_reason":"청사·공공건축물·주차장 현황 추가 확인 필요; 면적 162㎡","priority_score":40,"source":"경기부동산포털 국공유지조회·연속지적도","source_date":"2026-08-11","installed_solar_match":false}},{"type":"Feature","id":"4163025025105000003","geometry":{"type":"Point","coordinates":[126.9545861,37.8074739]},"properties":{"pnu":"4163025025105000003","municipality_code":"41630","municipality":"양주시","district":"양주시","locality":"백석읍 홍죽리","address":"양주시 백석읍 홍죽리 500-3","owner_type":"시·군유지","owner_label":"양주시","manager":"","property_class":"","land_category":"대","area_sqm":162.0,"area_band":"100~500㎡","interest_category":"대","solar_candidate":"검토필요","candidate_reason":"청사·공공건축물·주차장 현황 추가 확인 필요; 면적 162㎡","priority_score":40,"source":"경기부동산포털 국공유지조회·연속지적도","source_date":"2026-08-11","installed_solar_match":false}},{"type":"Feature","id":"4163011000103500243","geometry":{"type":"Point","coordinates":[127.0626846,37.8449869]},"properties":{"pnu":"4163011000103500243","municipality_code":"41630","municipality":"양주시","district":"양주시","locality":"덕정동","address":"양주시 덕정동 350-243","owner_type":"시·군유지","owner_label":"양주시","manager":"","property_class":"","land_category":"대","area_sqm":161.0,"area_band":"100~500㎡","interest_category":"대","solar_candidate":"검토필요","candidate_reason":"청사·공공건축물·주차장 현황 추가 확인 필요; 면적 161㎡","priority_score":40,"source":"경기부동산포털 국공유지조회·연속지적도","source_date":"2026-08-11","installed_solar_match":false}},{"type":"Feature","id":"4163033021107410028","geometry":{"type":"Point","coordinates":[126.9855976,37.8241932]},"properties":{"pnu":"4163033021107410028","municipality_code":"41630","municipality":"양주시","district":"양주시","locality":"광적면 가납리","address":"양주시 광적면 가납리 741-28","owner_type":"시·군유지","owner_label":"양주시","manager":"","property_class":"","land_category":"대","area_sqm":161.0,"area_band":"100~500㎡","interest_category":"대","solar_candidate":"검토필요","candidate_reason":"청사·공공건축물·주차장 현황 추가 확인 필요; 면적 161㎡","priority_score":40,"source":"경기부동산포털 국공유지조회·연속지적도","source_date":"2026-08-11","installed_solar_match":false}},{"type":"Feature","id":"4163034025101360003","geometry":{"type":"Point","coordinates":[126.9413627,37.717626]},"properties":{"pnu":"4163034025101360003","municipality_code":"41630","municipality":"양주시","district":"양주시","locality":"장흥면 일영리","address":"양주시 장흥면 일영리 136-3","owner_type":"시·군유지","owner_label":"양주시","manager":"","property_class":"","land_category":"대","area_sqm":161.0,"area_band":"100~500㎡","interest_category":"대","solar_candidate":"검토필요","candidate_reason":"청사·공공건축물·주차장 현황 추가 확인 필요; 면적 161㎡","priority_score":40,"source":"경기부동산포털 국공유지조회·연속지적도","source_date":"2026-08-11","installed_solar_match":false}},{"type":"Feature","id":"4163011000103500203","geometry":{"type":"Point","coordinates":[127.0625293,37.8452641]},"properties":{"pnu":"4163011000103500203","municipality_code":"41630","municipality":"양주시","district":"양주시","locality":"덕정동","address":"양주시 덕정동 350-203","owner_type":"시·군유지","owner_label":"양주시","manager":"","property_class":"","land_category":"대","area_sqm":160.0,"area_band":"100~500㎡","interest_category":"대","solar_candidate":"검토필요","candidate_reason":"청사·공공건축물·주차장 현황 추가 확인 필요; 면적 160㎡","priority_score":40,"source":"경기부동산포털 국공유지조회·연속지적도","source_date":"2026-08-11","installed_solar_match":false}},{"type":"Feature","id":"4163011100103240010","geometry":{"type":"Point","coordinates":[127.0793355,37.8503068]},"properties":{"pnu":"4163011100103240010","municipality_code":"41630","municipality":"양주시","district":"양주시","locality":"봉양동","address":"양주시 봉양동 324-10","owner_type":"시·군유지","owner_label":"양주시","manager":"","property_class":"","land_category":"대","area_sqm":160.0,"area_band":"100~500㎡","interest_category":"대","solar_candidate":"검토필요","candidate_reason":"청사·공공건축물·주차장 현황 추가 확인 필요; 면적 160㎡","priority_score":40,"source":"경기부동산포털 국공유지조회·연속지적도","source_date":"2026-08-11","installed_solar_match":false}},{"type":"Feature","id":"4163011100105630021","geometry":{"type":"Point","coordinates":[127.0722778,37.8611318]},"properties":{"pnu":"4163011100105630021","municipality_code":"41630","municipality":"양주시","district":"양주시","locality":"봉양동","address":"양주시 봉양동 563-21","owner_type":"시·군유지","owner_label":"양주시","manager":"","property_class":"","land_category":"대","area_sqm":160.0,"area_band":"100~500㎡","interest_category":"대","solar_candidate":"검토필요","candidate_reason":"청사·공공건축물·주차장 현황 추가 확인 필요; 면적 160㎡","priority_score":40,"source":"경기부동산포털 국공유지조회·연속지적도","source_date":"2026-08-11","installed_solar_match":false}},{"type":"Feature","id":"4163011700104340009","geometry":{"type":"Point","coordinates":[127.0536181,37.832196]},"properties":{"pnu":"4163011700104340009","municipality_code":"41630","municipality":"양주시","district":"양주시","locality":"회정동","address":"양주시 회정동 434-9","owner_type":"시·군유지","owner_label":"양주시","manager":"","property_class":"","land_category":"대","area_sqm":160.0,"area_band":"100~500㎡","interest_category":"대","solar_candidate":"검토필요","candidate_reason":"청사·공공건축물·주차장 현황 추가 확인 필요; 면적 160㎡","priority_score":40,"source":"경기부동산포털 국공유지조회·연속지적도","source_date":"2026-08-11","installed_solar_match":false}},{"type":"Feature","id":"4163031024104210030","geometry":{"type":"Point","coordinates":[127.0057573,37.9067955]},"properties":{"pnu":"4163031024104210030","municipality_code":"41630","municipality":"양주시","district":"양주시","locality":"은현면 봉암리","address":"양주시 은현면 봉암리 421-30","owner_type":"시·군유지","owner_label":"양주시","manager":"","property_class":"","land_category":"대","area_sqm":159.0,"area_band":"100~500㎡","interest_category":"대","solar_candidate":"검토필요","candidate_reason":"청사·공공건축물·주차장 현황 추가 확인 필요; 면적 159㎡","priority_score":40,"source":"경기부동산포털 국공유지조회·연속지적도","source_date":"2026-08-11","installed_solar_match":false}},{"type":"Feature","id":"4163011000101380009","geometry":{"type":"Point","coordinates":[127.0652236,37.8446027]},"properties":{"pnu":"4163011000101380009","municipality_code":"41630","municipality":"양주시","district":"양주시","locality":"덕정동","address":"양주시 덕정동 138-9","owner_type":"시·군유지","owner_label":"양주시","manager":"","property_class":"","land_category":"대","area_sqm":158.0,"area_band":"100~500㎡","interest_category":"대","solar_candidate":"검토필요","candidate_reason":"청사·공공건축물·주차장 현황 추가 확인 필요; 면적 158㎡","priority_score":40,"source":"경기부동산포털 국공유지조회·연속지적도","source_date":"2026-08-11","installed_solar_match":false}},{"type":"Feature","id":"4163011000100690038","geometry":{"type":"Point","coordinates":[127.0681462,37.8521019]},"properties":{"pnu":"4163011000100690038","municipality_code":"41630","municipality":"양주시","district":"양주시","locality":"덕정동","address":"양주시 덕정동 69-38","owner_type":"시·군유지","owner_label":"양주시","manager":"","property_class":"","land_category":"대","area_sqm":157.0,"area_band":"100~500㎡","interest_category":"대","solar_candidate":"검토필요","candidate_reason":"청사·공공건축물·주차장 현황 추가 확인 필요; 면적 157㎡","priority_score":40,"source":"경기부동산포털 국공유지조회·연속지적도","source_date":"2026-08-11","installed_solar_match":false}},{"type":"Feature","id":"4163011700103940029","geometry":{"type":"Point","coordinates":[127.0549375,37.8293183]},"properties":{"pnu":"4163011700103940029","municipality_code":"41630","municipality":"양주시","district":"양주시","locality":"회정동","address":"양주시 회정동 394-29","owner_type":"시·군유지","owner_label":"양주시","manager":"","property_class":"","land_category":"대","area_sqm":156.0,"area_band":"100~500㎡","interest_category":"대","solar_candidate":"검토필요","candidate_reason":"청사·공공건축물·주차장 현황 추가 확인 필요; 면적 156㎡","priority_score":40,"source":"경기부동산포털 국공유지조회·연속지적도","source_date":"2026-08-11","installed_solar_match":false}},{"type":"Feature","id":"4163025024103580012","geometry":{"type":"Point","coordinates":[126.9718355,37.7938312]},"properties":{"pnu":"4163025024103580012","municipality_code":"41630","municipality":"양주시","district":"양주시","locality":"백석읍 가업리","address":"양주시 백석읍 가업리 358-12","owner_type":"시·군유지","owner_label":"양주시","manager":"","property_class":"","land_category":"대","area_sqm":156.0,"area_band":"100~500㎡","interest_category":"대","solar_candidate":"검토필요","candidate_reason":"청사·공공건축물·주차장 현황 추가 확인 필요; 면적 156㎡","priority_score":40,"source":"경기부동산포털 국공유지조회·연속지적도","source_date":"2026-08-11","installed_solar_match":false}},{"type":"Feature","id":"4163011000100120001","geometry":{"type":"Point","coordinates":[127.0753855,37.8458729]},"properties":{"pnu":"4163011000100120001","municipality_code":"41630","municipality":"양주시","district":"양주시","locality":"덕정동","address":"양주시 덕정동 12-1","owner_type":"시·군유지","owner_label":"양주시","manager":"","property_class":"","land_category":"대","area_sqm":155.0,"area_band":"100~500㎡","interest_category":"대","solar_candidate":"검토필요","candidate_reason":"청사·공공건축물·주차장 현황 추가 확인 필요; 면적 155㎡","priority_score":40,"source":"경기부동산포털 국공유지조회·연속지적도","source_date":"2026-08-11","installed_solar_match":false}},{"type":"Feature","id":"4163011600104650008","geometry":{"type":"Point","coordinates":[127.0460751,37.8200175]},"properties":{"pnu":"4163011600104650008","municipality_code":"41630","municipality":"양주시","district":"양주시","locality":"덕계동","address":"양주시 덕계동 465-8","owner_type":"시·군유지","owner_label":"양주시","manager":"","property_class":"","land_category":"대","area_sqm":155.0,"area_band":"100~500㎡","interest_category":"대","solar_candidate":"검토필요","candidate_reason":"청사·공공건축물·주차장 현황 추가 확인 필요; 면적 155㎡","priority_score":40,"source":"경기부동산포털 국공유지조회·연속지적도","source_date":"2026-08-11","installed_solar_match":false}},{"type":"Feature","id":"4163025022100680020","geometry":{"type":"Point","coordinates":[126.9920309,37.7959685]},"properties":{"pnu":"4163025022100680020","municipality_code":"41630","municipality":"양주시","district":"양주시","locality":"백석읍 오산리","address":"양주시 백석읍 오산리 68-20","owner_type":"시·군유지","owner_label":"양주시","manager":"","property_class":"","land_category":"대","area_sqm":155.0,"area_band":"100~500㎡","interest_category":"대","solar_candidate":"검토필요","candidate_reason":"청사·공공건축물·주차장 현황 추가 확인 필요; 면적 155㎡","priority_score":40,"source":"경기부동산포털 국공유지조회·연속지적도","source_date":"2026-08-11","installed_solar_match":false}},{"type":"Feature","id":"4163032021101740009","geometry":{"type":"Point","coordinates":[126.980365,37.8961232]},"properties":{"pnu":"4163032021101740009","municipality_code":"41630","municipality":"양주시","district":"양주시","locality":"남면 신산리","address":"양주시 남면 신산리 174-9","owner_type":"시·군유지","owner_label":"양주시","manager":"","property_class":"","land_category":"대","area_sqm":155.0,"area_band":"100~500㎡","interest_category":"대","solar_candidate":"검토필요","candidate_reason":"청사·공공건축물·주차장 현황 추가 확인 필요; 면적 155㎡","priority_score":40,"source":"경기부동산포털 국공유지조회·연속지적도","source_date":"2026-08-11","installed_solar_match":false}},{"type":"Feature","id":"4163032027102060008","geometry":{"type":"Point","coordinates":[127.0058674,37.8689209]},"properties":{"pnu":"4163032027102060008","municipality_code":"41630","municipality":"양주시","district":"양주시","locality":"남면 상수리","address":"양주시 남면 상수리 206-8","owner_type":"시·군유지","owner_label":"양주시","manager":"","property_class":"","land_category":"대","area_sqm":155.0,"area_band":"100~500㎡","interest_category":"대","solar_candidate":"검토필요","candidate_reason":"청사·공공건축물·주차장 현황 추가 확인 필요; 면적 155㎡","priority_score":40,"source":"경기부동산포털 국공유지조회·연속지적도","source_date":"2026-08-11","installed_solar_match":false}},{"type":"Feature","id":"4163032021102850272","geometry":{"type":"Point","coordinates":[126.9731217,37.8977588]},"properties":{"pnu":"4163032021102850272","municipality_code":"41630","municipality":"양주시","district":"양주시","locality":"남면 신산리","address":"양주시 남면 신산리 285-272","owner_type":"시·군유지","owner_label":"양주시","manager":"","property_class":"","land_category":"대","area_sqm":154.0,"area_band":"100~500㎡","interest_category":"대","solar_candidate":"검토필요","candidate_reason":"청사·공공건축물·주차장 현황 추가 확인 필요; 면적 154㎡","priority_score":40,"source":"경기부동산포털 국공유지조회·연속지적도","source_date":"2026-08-11","installed_solar_match":false}},{"type":"Feature","id":"4163010100102300005","geometry":{"type":"Point","coordinates":[127.0328592,37.7851519]},"properties":{"pnu":"4163010100102300005","municipality_code":"41630","municipality":"양주시","district":"양주시","locality":"유양동","address":"양주시 유양동 230-5","owner_type":"시·군유지","owner_label":"양주시","manager":"","property_class":"","land_category":"대","area_sqm":153.0,"area_band":"100~500㎡","interest_category":"대","solar_candidate":"검토필요","candidate_reason":"청사·공공건축물·주차장 현황 추가 확인 필요; 면적 153㎡","priority_score":40,"source":"경기부동산포털 국공유지조회·연속지적도","source_date":"2026-08-11","installed_solar_match":false}},{"type":"Feature","id":"4163011100105630006","geometry":{"type":"Point","coordinates":[127.0722875,37.860979]},"properties":{"pnu":"4163011100105630006","municipality_code":"41630","municipality":"양주시","district":"양주시","locality":"봉양동","address":"양주시 봉양동 563-6","owner_type":"시·군유지","owner_label":"양주시","manager":"","property_class":"","land_category":"대","area_sqm":152.0,"area_band":"100~500㎡","interest_category":"대","solar_candidate":"검토필요","candidate_reason":"청사·공공건축물·주차장 현황 추가 확인 필요; 면적 152㎡","priority_score":40,"source":"경기부동산포털 국공유지조회·연속지적도","source_date":"2026-08-11","installed_solar_match":false}},{"type":"Feature","id":"4163025025101860004","geometry":{"type":"Point","coordinates":[126.9632223,37.7939894]},"properties":{"pnu":"4163025025101860004","municipality_code":"41630","municipality":"양주시","district":"양주시","locality":"백석읍 홍죽리","address":"양주시 백석읍 홍죽리 186-4","owner_type":"시·군유지","owner_label":"양주시","manager":"","property_class":"","land_category":"대","area_sqm":152.0,"area_band":"100~500㎡","interest_category":"대","solar_candidate":"검토필요","candidate_reason":"청사·공공건축물·주차장 현황 추가 확인 필요; 면적 152㎡","priority_score":40,"source":"경기부동산포털 국공유지조회·연속지적도","source_date":"2026-08-11","installed_solar_match":false}},{"type":"Feature","id":"4163011000101460041","geometry":{"type":"Point","coordinates":[127.0659835,37.8429815]},"properties":{"pnu":"4163011000101460041","municipality_code":"41630","municipality":"양주시","district":"양주시","locality":"덕정동","address":"양주시 덕정동 146-41","owner_type":"시·군유지","owner_label":"양주시","manager":"","property_class":"","land_category":"대","area_sqm":151.0,"area_band":"100~500㎡","interest_category":"대","solar_candidate":"검토필요","candidate_reason":"청사·공공건축물·주차장 현황 추가 확인 필요; 면적 151㎡","priority_score":40,"source":"경기부동산포털 국공유지조회·연속지적도","source_date":"2026-08-11","installed_solar_match":false}},{"type":"Feature","id":"4163031026104350004","geometry":{"type":"Point","coordinates":[127.0015986,37.8476308]},"properties":{"pnu":"4163031026104350004","municipality_code":"41630","municipality":"양주시","district":"양주시","locality":"은현면 도하리","address":"양주시 은현면 도하리 435-4","owner_type":"시·군유지","owner_label":"양주시","manager":"","property_class":"","land_category":"대","area_sqm":151.0,"area_band":"100~500㎡","interest_category":"대","solar_candidate":"검토필요","candidate_reason":"청사·공공건축물·주차장 현황 추가 확인 필요; 면적 151㎡","priority_score":40,"source":"경기부동산포털 국공유지조회·연속지적도","source_date":"2026-08-11","installed_solar_match":false}},{"type":"Feature","id":"4163010700106960002","geometry":{"type":"Point","coordinates":[127.0841911,37.7950545]},"properties":{"pnu":"4163010700106960002","municipality_code":"41630","municipality":"양주시","district":"양주시","locality":"만송동","address":"양주시 만송동 696-2","owner_type":"시·군유지","owner_label":"양주시","manager":"","property_class":"","land_category":"대","area_sqm":150.7,"area_band":"100~500㎡","interest_category":"대","solar_candidate":"검토필요","candidate_reason":"청사·공공건축물·주차장 현황 추가 확인 필요; 면적 151㎡","priority_score":40,"source":"경기부동산포털 국공유지조회·연속지적도","source_date":"2026-08-11","installed_solar_match":false}},{"type":"Feature","id":"4163011100103670062","geometry":{"type":"Point","coordinates":[127.0769304,37.8545639]},"properties":{"pnu":"4163011100103670062","municipality_code":"41630","municipality":"양주시","district":"양주시","locality":"봉양동","address":"양주시 봉양동 367-62","owner_type":"시·군유지","owner_label":"양주시","manager":"","property_class":"","land_category":"대","area_sqm":150.0,"area_band":"100~500㎡","interest_category":"대","solar_candidate":"검토필요","candidate_reason":"청사·공공건축물·주차장 현황 추가 확인 필요; 면적 150㎡","priority_score":40,"source":"경기부동산포털 국공유지조회·연속지적도","source_date":"2026-08-11","installed_solar_match":false}},{"type":"Feature","id":"4163025021100870003","geometry":{"type":"Point","coordinates":[127.0012004,37.806792]},"properties":{"pnu":"4163025021100870003","municipality_code":"41630","municipality":"양주시","district":"양주시","locality":"백석읍 방성리","address":"양주시 백석읍 방성리 87-3","owner_type":"시·군유지","owner_label":"양주시","manager":"","property_class":"","land_category":"대","area_sqm":150.0,"area_band":"100~500㎡","interest_category":"대","solar_candidate":"검토필요","candidate_reason":"청사·공공건축물·주차장 현황 추가 확인 필요; 면적 150㎡","priority_score":40,"source":"경기부동산포털 국공유지조회·연속지적도","source_date":"2026-08-11","installed_solar_match":false}},{"type":"Feature","id":"4163010500102070013","geometry":{"type":"Point","coordinates":[127.0481532,37.7929811]},"properties":{"pnu":"4163010500102070013","municipality_code":"41630","municipality":"양주시","district":"양주시","locality":"산북동","address":"양주시 산북동 207-13","owner_type":"시·군유지","owner_label":"양주시","manager":"","property_class":"","land_category":"대","area_sqm":149.0,"area_band":"100~500㎡","interest_category":"대","solar_candidate":"검토필요","candidate_reason":"청사·공공건축물·주차장 현황 추가 확인 필요; 면적 149㎡","priority_score":40,"source":"경기부동산포털 국공유지조회·연속지적도","source_date":"2026-08-11","installed_solar_match":false}},{"type":"Feature","id":"4163011600106540001","geometry":{"type":"Point","coordinates":[127.0428304,37.8216123]},"properties":{"pnu":"4163011600106540001","municipality_code":"41630","municipality":"양주시","district":"양주시","locality":"덕계동","address":"양주시 덕계동 654-1","owner_type":"시·군유지","owner_label":"양주시","manager":"","property_class":"","land_category":"대","area_sqm":149.0,"area_band":"100~500㎡","interest_category":"대","solar_candidate":"검토필요","candidate_reason":"청사·공공건축물·주차장 현황 추가 확인 필요; 면적 149㎡","priority_score":40,"source":"경기부동산포털 국공유지조회·연속지적도","source_date":"2026-08-11","installed_solar_match":false}},{"type":"Feature","id":"4163032021102850226","geometry":{"type":"Point","coordinates":[126.9731512,37.897142]},"properties":{"pnu":"4163032021102850226","municipality_code":"41630","municipality":"양주시","district":"양주시","locality":"남면 신산리","address":"양주시 남면 신산리 285-226","owner_type":"시·군유지","owner_label":"양주시","manager":"","property_class":"","land_category":"대","area_sqm":149.0,"area_band":"100~500㎡","interest_category":"대","solar_candidate":"검토필요","candidate_reason":"청사·공공건축물·주차장 현황 추가 확인 필요; 면적 149㎡","priority_score":40,"source":"경기부동산포털 국공유지조회·연속지적도","source_date":"2026-08-11","installed_solar_match":false}},{"type":"Feature","id":"4163033021107070008","geometry":{"type":"Point","coordinates":[126.9866595,37.8195361]},"properties":{"pnu":"4163033021107070008","municipality_code":"41630","municipality":"양주시","district":"양주시","locality":"광적면 가납리","address":"양주시 광적면 가납리 707-8","owner_type":"시·군유지","owner_label":"양주시","manager":"","property_class":"","land_category":"대","area_sqm":149.0,"area_band":"100~500㎡","interest_category":"대","solar_candidate":"검토필요","candidate_reason":"청사·공공건축물·주차장 현황 추가 확인 필요; 면적 149㎡","priority_score":40,"source":"경기부동산포털 국공유지조회·연속지적도","source_date":"2026-08-11","installed_solar_match":false}},{"type":"Feature","id":"4163011100105610013","geometry":{"type":"Point","coordinates":[127.0726252,37.8599313]},"properties":{"pnu":"4163011100105610013","municipality_code":"41630","municipality":"양주시","district":"양주시","locality":"봉양동","address":"양주시 봉양동 561-13","owner_type":"시·군유지","owner_label":"양주시","manager":"","property_class":"","land_category":"대","area_sqm":148.0,"area_band":"100~500㎡","interest_category":"대","solar_candidate":"검토필요","candidate_reason":"청사·공공건축물·주차장 현황 추가 확인 필요; 면적 148㎡","priority_score":40,"source":"경기부동산포털 국공유지조회·연속지적도","source_date":"2026-08-11","installed_solar_match":false}},{"type":"Feature","id":"4163011600106550039","geometry":{"type":"Point","coordinates":[127.0430158,37.8216799]},"properties":{"pnu":"4163011600106550039","municipality_code":"41630","municipality":"양주시","district":"양주시","locality":"덕계동","address":"양주시 덕계동 655-39","owner_type":"시·군유지","owner_label":"양주시","manager":"","property_class":"","land_category":"대","area_sqm":148.0,"area_band":"100~500㎡","interest_category":"대","solar_candidate":"검토필요","candidate_reason":"청사·공공건축물·주차장 현황 추가 확인 필요; 면적 148㎡","priority_score":40,"source":"경기부동산포털 국공유지조회·연속지적도","source_date":"2026-08-11","installed_solar_match":false}},{"type":"Feature","id":"4163025023101270008","geometry":{"type":"Point","coordinates":[126.9915594,37.7870949]},"properties":{"pnu":"4163025023101270008","municipality_code":"41630","municipality":"양주시","district":"양주시","locality":"백석읍 복지리","address":"양주시 백석읍 복지리 127-8","owner_type":"시·군유지","owner_label":"양주시","manager":"","property_class":"","land_category":"대","area_sqm":148.0,"area_band":"100~500㎡","interest_category":"대","solar_candidate":"검토필요","candidate_reason":"청사·공공건축물·주차장 현황 추가 확인 필요; 면적 148㎡","priority_score":40,"source":"경기부동산포털 국공유지조회·연속지적도","source_date":"2026-08-11","installed_solar_match":false}},{"type":"Feature","id":"4163031024101760015","geometry":{"type":"Point","coordinates":[127.0080064,37.9061886]},"properties":{"pnu":"4163031024101760015","municipality_code":"41630","municipality":"양주시","district":"양주시","locality":"은현면 봉암리","address":"양주시 은현면 봉암리 176-15","owner_type":"시·군유지","owner_label":"양주시","manager":"","property_class":"","land_category":"대","area_sqm":148.0,"area_band":"100~500㎡","interest_category":"대","solar_candidate":"검토필요","candidate_reason":"청사·공공건축물·주차장 현황 추가 확인 필요; 면적 148㎡","priority_score":40,"source":"경기부동산포털 국공유지조회·연속지적도","source_date":"2026-08-11","installed_solar_match":false}},{"type":"Feature","id":"4163025021104300014","geometry":{"type":"Point","coordinates":[127.0054886,37.80006]},"properties":{"pnu":"4163025021104300014","municipality_code":"41630","municipality":"양주시","district":"양주시","locality":"백석읍 방성리","address":"양주시 백석읍 방성리 430-14","owner_type":"시·군유지","owner_label":"양주시","manager":"","property_class":"","land_category":"대","area_sqm":147.6,"area_band":"100~500㎡","interest_category":"대","solar_candidate":"검토필요","candidate_reason":"청사·공공건축물·주차장 현황 추가 확인 필요; 면적 148㎡","priority_score":40,"source":"경기부동산포털 국공유지조회·연속지적도","source_date":"2026-08-11","installed_solar_match":false}},{"type":"Feature","id":"4163011600105260001","geometry":{"type":"Point","coordinates":[127.046792,37.8245358]},"properties":{"pnu":"4163011600105260001","municipality_code":"41630","municipality":"양주시","district":"양주시","locality":"덕계동","address":"양주시 덕계동 526-1","owner_type":"시·군유지","owner_label":"양주시","manager":"","property_class":"","land_category":"대","area_sqm":147.0,"area_band":"100~500㎡","interest_category":"대","solar_candidate":"검토필요","candidate_reason":"청사·공공건축물·주차장 현황 추가 확인 필요; 면적 147㎡","priority_score":40,"source":"경기부동산포털 국공유지조회·연속지적도","source_date":"2026-08-11","installed_solar_match":false}},{"type":"Feature","id":"4163025021104380004","geometry":{"type":"Point","coordinates":[127.0031558,37.7998564]},"properties":{"pnu":"4163025021104380004","municipality_code":"41630","municipality":"양주시","district":"양주시","locality":"백석읍 방성리","address":"양주시 백석읍 방성리 438-4","owner_type":"시·군유지","owner_label":"양주시","manager":"","property_class":"","land_category":"대","area_sqm":146.8,"area_band":"100~500㎡","interest_category":"대","solar_candidate":"검토필요","candidate_reason":"청사·공공건축물·주차장 현황 추가 확인 필요; 면적 147㎡","priority_score":40,"source":"경기부동산포털 국공유지조회·연속지적도","source_date":"2026-08-11","installed_solar_match":false}},{"type":"Feature","id":"4163010800103100010","geometry":{"type":"Point","coordinates":[127.1015752,37.7997071]},"properties":{"pnu":"4163010800103100010","municipality_code":"41630","municipality":"양주시","district":"양주시","locality":"삼숭동","address":"양주시 삼숭동 310-10","owner_type":"시·군유지","owner_label":"양주시","manager":"","property_class":"","land_category":"대","area_sqm":146.0,"area_band":"100~500㎡","interest_category":"대","solar_candidate":"검토필요","candidate_reason":"청사·공공건축물·주차장 현황 추가 확인 필요; 면적 146㎡","priority_score":40,"source":"경기부동산포털 국공유지조회·연속지적도","source_date":"2026-08-11","installed_solar_match":false}},{"type":"Feature","id":"4163011000101190016","geometry":{"type":"Point","coordinates":[127.0645361,37.8466649]},"properties":{"pnu":"4163011000101190016","municipality_code":"41630","municipality":"양주시","district":"양주시","locality":"덕정동","address":"양주시 덕정동 119-16","owner_type":"시·군유지","owner_label":"양주시","manager":"","property_class":"","land_category":"대","area_sqm":146.0,"area_band":"100~500㎡","interest_category":"대","solar_candidate":"검토필요","candidate_reason":"청사·공공건축물·주차장 현황 추가 확인 필요; 면적 146㎡","priority_score":40,"source":"경기부동산포털 국공유지조회·연속지적도","source_date":"2026-08-11","installed_solar_match":false}},{"type":"Feature","id":"4163011000101890018","geometry":{"type":"Point","coordinates":[127.0674661,37.8427432]},"properties":{"pnu":"4163011000101890018","municipality_code":"41630","municipality":"양주시","district":"양주시","locality":"덕정동","address":"양주시 덕정동 189-18","owner_type":"시·군유지","owner_label":"양주시","manager":"","property_class":"","land_category":"대","area_sqm":146.0,"area_band":"100~500㎡","interest_category":"대","solar_candidate":"검토필요","candidate_reason":"청사·공공건축물·주차장 현황 추가 확인 필요; 면적 146㎡","priority_score":40,"source":"경기부동산포털 국공유지조회·연속지적도","source_date":"2026-08-11","installed_solar_match":false}},{"type":"Feature","id":"4163031022103520011","geometry":{"type":"Point","coordinates":[127.0260288,37.8737326]},"properties":{"pnu":"4163031022103520011","municipality_code":"41630","municipality":"양주시","district":"양주시","locality":"은현면 선암리","address":"양주시 은현면 선암리 352-11","owner_type":"시·군유지","owner_label":"양주시","manager":"","property_class":"","land_category":"대","area_sqm":146.0,"area_band":"100~500㎡","interest_category":"대","solar_candidate":"검토필요","candidate_reason":"청사·공공건축물·주차장 현황 추가 확인 필요; 면적 146㎡","priority_score":40,"source":"경기부동산포털 국공유지조회·연속지적도","source_date":"2026-08-11","installed_solar_match":false}},{"type":"Feature","id":"4163032029100750005","geometry":{"type":"Point","coordinates":[127.0042346,37.8993665]},"properties":{"pnu":"4163032029100750005","municipality_code":"41630","municipality":"양주시","district":"양주시","locality":"남면 한산리","address":"양주시 남면 한산리 75-5","owner_type":"시·군유지","owner_label":"양주시","manager":"","property_class":"","land_category":"대","area_sqm":146.0,"area_band":"100~500㎡","interest_category":"대","solar_candidate":"검토필요","candidate_reason":"청사·공공건축물·주차장 현황 추가 확인 필요; 면적 146㎡","priority_score":40,"source":"경기부동산포털 국공유지조회·연속지적도","source_date":"2026-08-11","installed_solar_match":false}},{"type":"Feature","id":"4163034021101530004","geometry":{"type":"Point","coordinates":[126.9721113,37.7124978]},"properties":{"pnu":"4163034021101530004","municipality_code":"41630","municipality":"양주시","district":"양주시","locality":"장흥면 교현리","address":"양주시 장흥면 교현리 153-4","owner_type":"시·군유지","owner_label":"양주시","manager":"","property_class":"","land_category":"대","area_sqm":146.0,"area_band":"100~500㎡","interest_category":"대","solar_candidate":"검토필요","candidate_reason":"청사·공공건축물·주차장 현황 추가 확인 필요; 면적 146㎡","priority_score":40,"source":"경기부동산포털 국공유지조회·연속지적도","source_date":"2026-08-11","installed_solar_match":false}},{"type":"Feature","id":"4163011000103500136","geometry":{"type":"Point","coordinates":[127.0623473,37.8452546]},"properties":{"pnu":"4163011000103500136","municipality_code":"41630","municipality":"양주시","district":"양주시","locality":"덕정동","address":"양주시 덕정동 350-136","owner_type":"시·군유지","owner_label":"양주시","manager":"","property_class":"","land_category":"대","area_sqm":145.0,"area_band":"100~500㎡","interest_category":"대","solar_candidate":"검토필요","candidate_reason":"청사·공공건축물·주차장 현황 추가 확인 필요; 면적 145㎡","priority_score":40,"source":"경기부동산포털 국공유지조회·연속지적도","source_date":"2026-08-11","installed_solar_match":false}},{"type":"Feature","id":"4163031022103490010","geometry":{"type":"Point","coordinates":[127.024996,37.8749407]},"properties":{"pnu":"4163031022103490010","municipality_code":"41630","municipality":"양주시","district":"양주시","locality":"은현면 선암리","address":"양주시 은현면 선암리 349-10","owner_type":"시·군유지","owner_label":"양주시","manager":"","property_class":"","land_category":"대","area_sqm":145.0,"area_band":"100~500㎡","interest_category":"대","solar_candidate":"검토필요","candidate_reason":"청사·공공건축물·주차장 현황 추가 확인 필요; 면적 145㎡","priority_score":40,"source":"경기부동산포털 국공유지조회·연속지적도","source_date":"2026-08-11","installed_solar_match":false}},{"type":"Feature","id":"4163031024101850015","geometry":{"type":"Point","coordinates":[127.006654,37.9076275]},"properties":{"pnu":"4163031024101850015","municipality_code":"41630","municipality":"양주시","district":"양주시","locality":"은현면 봉암리","address":"양주시 은현면 봉암리 185-15","owner_type":"시·군유지","owner_label":"양주시","manager":"","property_class":"","land_category":"대","area_sqm":145.0,"area_band":"100~500㎡","interest_category":"대","solar_candidate":"검토필요","candidate_reason":"청사·공공건축물·주차장 현황 추가 확인 필요; 면적 145㎡","priority_score":40,"source":"경기부동산포털 국공유지조회·연속지적도","source_date":"2026-08-11","installed_solar_match":false}},{"type":"Feature","id":"4163031026104250007","geometry":{"type":"Point","coordinates":[127.0022543,37.8452394]},"properties":{"pnu":"4163031026104250007","municipality_code":"41630","municipality":"양주시","district":"양주시","locality":"은현면 도하리","address":"양주시 은현면 도하리 425-7","owner_type":"시·군유지","owner_label":"양주시","manager":"","property_class":"","land_category":"대","area_sqm":145.0,"area_band":"100~500㎡","interest_category":"대","solar_candidate":"검토필요","candidate_reason":"청사·공공건축물·주차장 현황 추가 확인 필요; 면적 145㎡","priority_score":40,"source":"경기부동산포털 국공유지조회·연속지적도","source_date":"2026-08-11","installed_solar_match":false}},{"type":"Feature","id":"4163032021103210037","geometry":{"type":"Point","coordinates":[126.9771561,37.8939656]},"properties":{"pnu":"4163032021103210037","municipality_code":"41630","municipality":"양주시","district":"양주시","locality":"남면 신산리","address":"양주시 남면 신산리 321-37","owner_type":"시·군유지","owner_label":"양주시","manager":"","property_class":"","land_category":"대","area_sqm":144.0,"area_band":"100~500㎡","interest_category":"대","solar_candidate":"검토필요","candidate_reason":"청사·공공건축물·주차장 현황 추가 확인 필요; 면적 144㎡","priority_score":40,"source":"경기부동산포털 국공유지조회·연속지적도","source_date":"2026-08-11","installed_solar_match":false}},{"type":"Feature","id":"4163010100103010015","geometry":{"type":"Point","coordinates":[127.0300443,37.7822949]},"properties":{"pnu":"4163010100103010015","municipality_code":"41630","municipality":"양주시","district":"양주시","locality":"유양동","address":"양주시 유양동 301-15","owner_type":"시·군유지","owner_label":"양주시","manager":"","property_class":"","land_category":"대","area_sqm":143.0,"area_band":"100~500㎡","interest_category":"대","solar_candidate":"검토필요","candidate_reason":"청사·공공건축물·주차장 현황 추가 확인 필요; 면적 143㎡","priority_score":40,"source":"경기부동산포털 국공유지조회·연속지적도","source_date":"2026-08-11","installed_solar_match":false}},{"type":"Feature","id":"4163011600106010003","geometry":{"type":"Point","coordinates":[127.0437234,37.825396]},"properties":{"pnu":"4163011600106010003","municipality_code":"41630","municipality":"양주시","district":"양주시","locality":"덕계동","address":"양주시 덕계동 601-3","owner_type":"시·군유지","owner_label":"양주시","manager":"","property_class":"","land_category":"대","area_sqm":143.0,"area_band":"100~500㎡","interest_category":"대","solar_candidate":"검토필요","candidate_reason":"청사·공공건축물·주차장 현황 추가 확인 필요; 면적 143㎡","priority_score":40,"source":"경기부동산포털 국공유지조회·연속지적도","source_date":"2026-08-11","installed_solar_match":false}},{"type":"Feature","id":"4163010900102940024","geometry":{"type":"Point","coordinates":[127.0720015,37.8057078]},"properties":{"pnu":"4163010900102940024","municipality_code":"41630","municipality":"양주시","district":"양주시","locality":"고읍동","address":"양주시 고읍동 294-24","owner_type":"시·군유지","owner_label":"양주시","manager":"","property_class":"","land_category":"대","area_sqm":142.0,"area_band":"100~500㎡","interest_category":"대","solar_candidate":"검토필요","candidate_reason":"청사·공공건축물·주차장 현황 추가 확인 필요; 면적 142㎡","priority_score":40,"source":"경기부동산포털 국공유지조회·연속지적도","source_date":"2026-08-11","installed_solar_match":false}},{"type":"Feature","id":"4163011000101410011","geometry":{"type":"Point","coordinates":[127.0663193,37.8443427]},"properties":{"pnu":"4163011000101410011","municipality_code":"41630","municipality":"양주시","district":"양주시","locality":"덕정동","address":"양주시 덕정동 141-11","owner_type":"시·군유지","owner_label":"양주시","manager":"","property_class":"","land_category":"대","area_sqm":142.0,"area_band":"100~500㎡","interest_category":"대","solar_candidate":"검토필요","candidate_reason":"청사·공공건축물·주차장 현황 추가 확인 필요; 면적 142㎡","priority_score":40,"source":"경기부동산포털 국공유지조회·연속지적도","source_date":"2026-08-11","installed_solar_match":false}},{"type":"Feature","id":"4163011600105860027","geometry":{"type":"Point","coordinates":[127.042861,37.8224241]},"properties":{"pnu":"4163011600105860027","municipality_code":"41630","municipality":"양주시","district":"양주시","locality":"덕계동","address":"양주시 덕계동 586-27","owner_type":"시·군유지","owner_label":"양주시","manager":"","property_class":"","land_category":"대","area_sqm":142.0,"area_band":"100~500㎡","interest_category":"대","solar_candidate":"검토필요","candidate_reason":"청사·공공건축물·주차장 현황 추가 확인 필요; 면적 142㎡","priority_score":40,"source":"경기부동산포털 국공유지조회·연속지적도","source_date":"2026-08-11","installed_solar_match":false}},{"type":"Feature","id":"4163011700100690003","geometry":{"type":"Point","coordinates":[127.0532457,37.8466293]},"properties":{"pnu":"4163011700100690003","municipality_code":"41630","municipality":"양주시","district":"양주시","locality":"회정동","address":"양주시 회정동 69-3","owner_type":"시·군유지","owner_label":"양주시","manager":"","property_class":"","land_category":"대","area_sqm":142.0,"area_band":"100~500㎡","interest_category":"대","solar_candidate":"검토필요","candidate_reason":"청사·공공건축물·주차장 현황 추가 확인 필요; 면적 142㎡","priority_score":40,"source":"경기부동산포털 국공유지조회·연속지적도","source_date":"2026-08-11","installed_solar_match":false}},{"type":"Feature","id":"4163031026104200006","geometry":{"type":"Point","coordinates":[127.0020083,37.8439338]},"properties":{"pnu":"4163031026104200006","municipality_code":"41630","municipality":"양주시","district":"양주시","locality":"은현면 도하리","address":"양주시 은현면 도하리 420-6","owner_type":"시·군유지","owner_label":"양주시","manager":"","property_class":"","land_category":"대","area_sqm":142.0,"area_band":"100~500㎡","interest_category":"대","solar_candidate":"검토필요","candidate_reason":"청사·공공건축물·주차장 현황 추가 확인 필요; 면적 142㎡","priority_score":40,"source":"경기부동산포털 국공유지조회·연속지적도","source_date":"2026-08-11","installed_solar_match":false}},{"type":"Feature","id":"4163010500102640021","geometry":{"type":"Point","coordinates":[127.0452358,37.8005619]},"properties":{"pnu":"4163010500102640021","municipality_code":"41630","municipality":"양주시","district":"양주시","locality":"산북동","address":"양주시 산북동 264-21","owner_type":"시·군유지","owner_label":"양주시","manager":"","property_class":"","land_category":"대","area_sqm":141.0,"area_band":"100~500㎡","interest_category":"대","solar_candidate":"검토필요","candidate_reason":"청사·공공건축물·주차장 현황 추가 확인 필요; 면적 141㎡","priority_score":40,"source":"경기부동산포털 국공유지조회·연속지적도","source_date":"2026-08-11","installed_solar_match":false}},{"type":"Feature","id":"4163010700106580001","geometry":{"type":"Point","coordinates":[127.0783223,37.7785969]},"properties":{"pnu":"4163010700106580001","municipality_code":"41630","municipality":"양주시","district":"양주시","locality":"만송동","address":"양주시 만송동 658-1","owner_type":"시·군유지","owner_label":"양주시","manager":"","property_class":"","land_category":"대","area_sqm":141.0,"area_band":"100~500㎡","interest_category":"대","solar_candidate":"검토필요","candidate_reason":"청사·공공건축물·주차장 현황 추가 확인 필요; 면적 141㎡","priority_score":40,"source":"경기부동산포털 국공유지조회·연속지적도","source_date":"2026-08-11","installed_solar_match":false}},{"type":"Feature","id":"4163011700101150081","geometry":{"type":"Point","coordinates":[127.0523068,37.8378762]},"properties":{"pnu":"4163011700101150081","municipality_code":"41630","municipality":"양주시","district":"양주시","locality":"회정동","address":"양주시 회정동 115-81","owner_type":"시·군유지","owner_label":"양주시","manager":"","property_class":"","land_category":"대","area_sqm":141.0,"area_band":"100~500㎡","interest_category":"대","solar_candidate":"검토필요","candidate_reason":"청사·공공건축물·주차장 현황 추가 확인 필요; 면적 141㎡","priority_score":40,"source":"경기부동산포털 국공유지조회·연속지적도","source_date":"2026-08-11","installed_solar_match":false}},{"type":"Feature","id":"4163031024101840138","geometry":{"type":"Point","coordinates":[127.0077126,37.9081945]},"properties":{"pnu":"4163031024101840138","municipality_code":"41630","municipality":"양주시","district":"양주시","locality":"은현면 봉암리","address":"양주시 은현면 봉암리 184-138","owner_type":"시·군유지","owner_label":"양주시","manager":"","property_class":"","land_category":"대","area_sqm":141.0,"area_band":"100~500㎡","interest_category":"대","solar_candidate":"검토필요","candidate_reason":"청사·공공건축물·주차장 현황 추가 확인 필요; 면적 141㎡","priority_score":40,"source":"경기부동산포털 국공유지조회·연속지적도","source_date":"2026-08-11","installed_solar_match":false}},{"type":"Feature","id":"4163025021101120076","geometry":{"type":"Point","coordinates":[127.0042747,37.8008547]},"properties":{"pnu":"4163025021101120076","municipality_code":"41630","municipality":"양주시","district":"양주시","locality":"백석읍 방성리","address":"양주시 백석읍 방성리 112-76","owner_type":"시·군유지","owner_label":"양주시","manager":"","property_class":"","land_category":"대","area_sqm":140.3,"area_band":"100~500㎡","interest_category":"대","solar_candidate":"검토필요","candidate_reason":"청사·공공건축물·주차장 현황 추가 확인 필요; 면적 140㎡","priority_score":40,"source":"경기부동산포털 국공유지조회·연속지적도","source_date":"2026-08-11","installed_solar_match":false}},{"type":"Feature","id":"4163011700101150028","geometry":{"type":"Point","coordinates":[127.0524851,37.8378626]},"properties":{"pnu":"4163011700101150028","municipality_code":"41630","municipality":"양주시","district":"양주시","locality":"회정동","address":"양주시 회정동 115-28","owner_type":"시·군유지","owner_label":"양주시","manager":"","property_class":"","land_category":"대","area_sqm":140.0,"area_band":"100~500㎡","interest_category":"대","solar_candidate":"검토필요","candidate_reason":"청사·공공건축물·주차장 현황 추가 확인 필요; 면적 140㎡","priority_score":40,"source":"경기부동산포털 국공유지조회·연속지적도","source_date":"2026-08-11","installed_solar_match":false}},{"type":"Feature","id":"4163032029100930009","geometry":{"type":"Point","coordinates":[127.0036299,37.897976]},"properties":{"pnu":"4163032029100930009","municipality_code":"41630","municipality":"양주시","district":"양주시","locality":"남면 한산리","address":"양주시 남면 한산리 93-9","owner_type":"시·군유지","owner_label":"양주시","manager":"","property_class":"","land_category":"대","area_sqm":140.0,"area_band":"100~500㎡","interest_category":"대","solar_candidate":"검토필요","candidate_reason":"청사·공공건축물·주차장 현황 추가 확인 필요; 면적 140㎡","priority_score":40,"source":"경기부동산포털 국공유지조회·연속지적도","source_date":"2026-08-11","installed_solar_match":false}},{"type":"Feature","id":"4163010200102800004","geometry":{"type":"Point","coordinates":[127.0153065,37.7806725]},"properties":{"pnu":"4163010200102800004","municipality_code":"41630","municipality":"양주시","district":"양주시","locality":"어둔동","address":"양주시 어둔동 280-4","owner_type":"시·군유지","owner_label":"양주시","manager":"","property_class":"","land_category":"대","area_sqm":139.0,"area_band":"100~500㎡","interest_category":"대","solar_candidate":"검토필요","candidate_reason":"청사·공공건축물·주차장 현황 추가 확인 필요; 면적 139㎡","priority_score":40,"source":"경기부동산포털 국공유지조회·연속지적도","source_date":"2026-08-11","installed_solar_match":false}},{"type":"Feature","id":"4163011600106820066","geometry":{"type":"Point","coordinates":[127.0438253,37.8185189]},"properties":{"pnu":"4163011600106820066","municipality_code":"41630","municipality":"양주시","district":"양주시","locality":"덕계동","address":"양주시 덕계동 682-66","owner_type":"시·군유지","owner_label":"양주시","manager":"","property_class":"","land_category":"대","area_sqm":139.0,"area_band":"100~500㎡","interest_category":"대","solar_candidate":"검토필요","candidate_reason":"청사·공공건축물·주차장 현황 추가 확인 필요; 면적 139㎡","priority_score":40,"source":"경기부동산포털 국공유지조회·연속지적도","source_date":"2026-08-11","installed_solar_match":false}},{"type":"Feature","id":"4163031024104210023","geometry":{"type":"Point","coordinates":[127.0056223,37.9067062]},"properties":{"pnu":"4163031024104210023","municipality_code":"41630","municipality":"양주시","district":"양주시","locality":"은현면 봉암리","address":"양주시 은현면 봉암리 421-23","owner_type":"시·군유지","owner_label":"양주시","manager":"","property_class":"","land_category":"대","area_sqm":139.0,"area_band":"100~500㎡","interest_category":"대","solar_candidate":"검토필요","candidate_reason":"청사·공공건축물·주차장 현황 추가 확인 필요; 면적 139㎡","priority_score":40,"source":"경기부동산포털 국공유지조회·연속지적도","source_date":"2026-08-11","installed_solar_match":false}},{"type":"Feature","id":"4163010300102170010","geometry":{"type":"Point","coordinates":[127.0366898,37.7680837]},"properties":{"pnu":"4163010300102170010","municipality_code":"41630","municipality":"양주시","district":"양주시","locality":"남방동","address":"양주시 남방동 217-10","owner_type":"시·군유지","owner_label":"양주시","manager":"","property_class":"","land_category":"대","area_sqm":138.0,"area_band":"100~500㎡","interest_category":"대","solar_candidate":"검토필요","candidate_reason":"청사·공공건축물·주차장 현황 추가 확인 필요; 면적 138㎡","priority_score":40,"source":"경기부동산포털 국공유지조회·연속지적도","source_date":"2026-08-11","installed_solar_match":false}},{"type":"Feature","id":"4163025022104480001","geometry":{"type":"Point","coordinates":[126.9831841,37.8002969]},"properties":{"pnu":"4163025022104480001","municipality_code":"41630","municipality":"양주시","district":"양주시","locality":"백석읍 오산리","address":"양주시 백석읍 오산리 448-1","owner_type":"시·군유지","owner_label":"양주시","manager":"","property_class":"","land_category":"대","area_sqm":137.0,"area_band":"100~500㎡","interest_category":"대","solar_candidate":"검토필요","candidate_reason":"청사·공공건축물·주차장 현황 추가 확인 필요; 면적 137㎡","priority_score":40,"source":"경기부동산포털 국공유지조회·연속지적도","source_date":"2026-08-11","installed_solar_match":false}},{"type":"Feature","id":"4163032021102800021","geometry":{"type":"Point","coordinates":[126.9742748,37.8971454]},"properties":{"pnu":"4163032021102800021","municipality_code":"41630","municipality":"양주시","district":"양주시","locality":"남면 신산리","address":"양주시 남면 신산리 280-21","owner_type":"시·군유지","owner_label":"양주시","manager":"","property_class":"","land_category":"대","area_sqm":137.0,"area_band":"100~500㎡","interest_category":"대","solar_candidate":"검토필요","candidate_reason":"청사·공공건축물·주차장 현황 추가 확인 필요; 면적 137㎡","priority_score":40,"source":"경기부동산포털 국공유지조회·연속지적도","source_date":"2026-08-11","installed_solar_match":false}},{"type":"Feature","id":"4163010700106590008","geometry":{"type":"Point","coordinates":[127.0782873,37.7784016]},"properties":{"pnu":"4163010700106590008","municipality_code":"41630","municipality":"양주시","district":"양주시","locality":"만송동","address":"양주시 만송동 659-8","owner_type":"시·군유지","owner_label":"양주시","manager":"","property_class":"","land_category":"대","area_sqm":136.0,"area_band":"100~500㎡","interest_category":"대","solar_candidate":"검토필요","candidate_reason":"청사·공공건축물·주차장 현황 추가 확인 필요; 면적 136㎡","priority_score":40,"source":"경기부동산포털 국공유지조회·연속지적도","source_date":"2026-08-11","installed_solar_match":false}},{"type":"Feature","id":"4163011100103040020","geometry":{"type":"Point","coordinates":[127.0816661,37.8483633]},"properties":{"pnu":"4163011100103040020","municipality_code":"41630","municipality":"양주시","district":"양주시","locality":"봉양동","address":"양주시 봉양동 304-20","owner_type":"시·군유지","owner_label":"양주시","manager":"","property_class":"","land_category":"대","area_sqm":136.0,"area_band":"100~500㎡","interest_category":"대","solar_candidate":"검토필요","candidate_reason":"청사·공공건축물·주차장 현황 추가 확인 필요; 면적 136㎡","priority_score":40,"source":"경기부동산포털 국공유지조회·연속지적도","source_date":"2026-08-11","installed_solar_match":false}},{"type":"Feature","id":"4163011700101150040","geometry":{"type":"Point","coordinates":[127.052569,37.8376654]},"properties":{"pnu":"4163011700101150040","municipality_code":"41630","municipality":"양주시","district":"양주시","locality":"회정동","address":"양주시 회정동 115-40","owner_type":"시·군유지","owner_label":"양주시","manager":"","property_class":"","land_category":"대","area_sqm":135.0,"area_band":"100~500㎡","interest_category":"대","solar_candidate":"검토필요","candidate_reason":"청사·공공건축물·주차장 현황 추가 확인 필요; 면적 135㎡","priority_score":40,"source":"경기부동산포털 국공유지조회·연속지적도","source_date":"2026-08-11","installed_solar_match":false}},{"type":"Feature","id":"4163032021101500001","geometry":{"type":"Point","coordinates":[126.9810466,37.8952446]},"properties":{"pnu":"4163032021101500001","municipality_code":"41630","municipality":"양주시","district":"양주시","locality":"남면 신산리","address":"양주시 남면 신산리 150-1","owner_type":"시·군유지","owner_label":"양주시","manager":"","property_class":"","land_category":"대","area_sqm":135.0,"area_band":"100~500㎡","interest_category":"대","solar_candidate":"검토필요","candidate_reason":"청사·공공건축물·주차장 현황 추가 확인 필요; 면적 135㎡","priority_score":40,"source":"경기부동산포털 국공유지조회·연속지적도","source_date":"2026-08-11","installed_solar_match":false}},{"type":"Feature","id":"4163032023102500005","geometry":{"type":"Point","coordinates":[126.9580034,37.8921355]},"properties":{"pnu":"4163032023102500005","municipality_code":"41630","municipality":"양주시","district":"양주시","locality":"남면 매곡리","address":"양주시 남면 매곡리 250-5","owner_type":"시·군유지","owner_label":"양주시","manager":"","property_class":"","land_category":"대","area_sqm":135.0,"area_band":"100~500㎡","interest_category":"대","solar_candidate":"검토필요","candidate_reason":"청사·공공건축물·주차장 현황 추가 확인 필요; 면적 135㎡","priority_score":40,"source":"경기부동산포털 국공유지조회·연속지적도","source_date":"2026-08-11","installed_solar_match":false}},{"type":"Feature","id":"4163011600100760011","geometry":{"type":"Point","coordinates":[127.0607192,37.8099864]},"properties":{"pnu":"4163011600100760011","municipality_code":"41630","municipality":"양주시","district":"양주시","locality":"덕계동","address":"양주시 덕계동 76-11","owner_type":"시·군유지","owner_label":"양주시","manager":"","property_class":"","land_category":"대","area_sqm":134.0,"area_band":"100~500㎡","interest_category":"대","solar_candidate":"검토필요","candidate_reason":"청사·공공건축물·주차장 현황 추가 확인 필요; 면적 134㎡","priority_score":40,"source":"경기부동산포털 국공유지조회·연속지적도","source_date":"2026-08-11","installed_solar_match":false}},{"type":"Feature","id":"4163011600105470003","geometry":{"type":"Point","coordinates":[127.0444984,37.8261181]},"properties":{"pnu":"4163011600105470003","municipality_code":"41630","municipality":"양주시","district":"양주시","locality":"덕계동","address":"양주시 덕계동 547-3","owner_type":"시·군유지","owner_label":"양주시","manager":"","property_class":"","land_category":"대","area_sqm":134.0,"area_band":"100~500㎡","interest_category":"대","solar_candidate":"검토필요","candidate_reason":"청사·공공건축물·주차장 현황 추가 확인 필요; 면적 134㎡","priority_score":40,"source":"경기부동산포털 국공유지조회·연속지적도","source_date":"2026-08-11","installed_solar_match":false}},{"type":"Feature","id":"4163032026100320020","geometry":{"type":"Point","coordinates":[126.9908596,37.8556834]},"properties":{"pnu":"4163032026100320020","municipality_code":"41630","municipality":"양주시","district":"양주시","locality":"남면 경신리","address":"양주시 남면 경신리 32-20","owner_type":"시·군유지","owner_label":"양주시","manager":"","property_class":"","land_category":"대","area_sqm":134.0,"area_band":"100~500㎡","interest_category":"대","solar_candidate":"검토필요","candidate_reason":"청사·공공건축물·주차장 현황 추가 확인 필요; 면적 134㎡","priority_score":40,"source":"경기부동산포털 국공유지조회·연속지적도","source_date":"2026-08-11","installed_solar_match":false}},{"type":"Feature","id":"4163034024100420017","geometry":{"type":"Point","coordinates":[126.969716,37.7543345]},"properties":{"pnu":"4163034024100420017","municipality_code":"41630","municipality":"양주시","district":"양주시","locality":"장흥면 석현리","address":"양주시 장흥면 석현리 42-17","owner_type":"시·군유지","owner_label":"양주시","manager":"","property_class":"","land_category":"대","area_sqm":134.0,"area_band":"100~500㎡","interest_category":"대","solar_candidate":"검토필요","candidate_reason":"청사·공공건축물·주차장 현황 추가 확인 필요; 면적 134㎡","priority_score":40,"source":"경기부동산포털 국공유지조회·연속지적도","source_date":"2026-08-11","installed_solar_match":false}},{"type":"Feature","id":"4163011100102150010","geometry":{"type":"Point","coordinates":[127.0803988,37.8569599]},"properties":{"pnu":"4163011100102150010","municipality_code":"41630","municipality":"양주시","district":"양주시","locality":"봉양동","address":"양주시 봉양동 215-10","owner_type":"시·군유지","owner_label":"양주시","manager":"","property_class":"","land_category":"대","area_sqm":133.0,"area_band":"100~500㎡","interest_category":"대","solar_candidate":"검토필요","candidate_reason":"청사·공공건축물·주차장 현황 추가 확인 필요; 면적 133㎡","priority_score":40,"source":"경기부동산포털 국공유지조회·연속지적도","source_date":"2026-08-11","installed_solar_match":false}},{"type":"Feature","id":"4163011000101750010","geometry":{"type":"Point","coordinates":[127.0677979,37.8422218]},"properties":{"pnu":"4163011000101750010","municipality_code":"41630","municipality":"양주시","district":"양주시","locality":"덕정동","address":"양주시 덕정동 175-10","owner_type":"시·군유지","owner_label":"양주시","manager":"","property_class":"","land_category":"대","area_sqm":132.0,"area_band":"100~500㎡","interest_category":"대","solar_candidate":"검토필요","candidate_reason":"청사·공공건축물·주차장 현황 추가 확인 필요; 면적 132㎡","priority_score":40,"source":"경기부동산포털 국공유지조회·연속지적도","source_date":"2026-08-11","installed_solar_match":false}},{"type":"Feature","id":"4163011000101850004","geometry":{"type":"Point","coordinates":[127.0685089,37.8422582]},"properties":{"pnu":"4163011000101850004","municipality_code":"41630","municipality":"양주시","district":"양주시","locality":"덕정동","address":"양주시 덕정동 185-4","owner_type":"시·군유지","owner_label":"양주시","manager":"","property_class":"","land_category":"대","area_sqm":132.0,"area_band":"100~500㎡","interest_category":"대","solar_candidate":"검토필요","candidate_reason":"청사·공공건축물·주차장 현황 추가 확인 필요; 면적 132㎡","priority_score":40,"source":"경기부동산포털 국공유지조회·연속지적도","source_date":"2026-08-11","installed_solar_match":false}},{"type":"Feature","id":"4163011700104540014","geometry":{"type":"Point","coordinates":[127.0530958,37.8321048]},"properties":{"pnu":"4163011700104540014","municipality_code":"41630","municipality":"양주시","district":"양주시","locality":"회정동","address":"양주시 회정동 454-14","owner_type":"시·군유지","owner_label":"양주시","manager":"","property_class":"","land_category":"대","area_sqm":132.0,"area_band":"100~500㎡","interest_category":"대","solar_candidate":"검토필요","candidate_reason":"청사·공공건축물·주차장 현황 추가 확인 필요; 면적 132㎡","priority_score":40,"source":"경기부동산포털 국공유지조회·연속지적도","source_date":"2026-08-11","installed_solar_match":false}},{"type":"Feature","id":"4163011100108200009","geometry":{"type":"Point","coordinates":[127.0621656,37.8670913]},"properties":{"pnu":"4163011100108200009","municipality_code":"41630","municipality":"양주시","district":"양주시","locality":"봉양동","address":"양주시 봉양동 820-9","owner_type":"시·군유지","owner_label":"양주시","manager":"","property_class":"","land_category":"대","area_sqm":131.0,"area_band":"100~500㎡","interest_category":"대","solar_candidate":"검토필요","candidate_reason":"청사·공공건축물·주차장 현황 추가 확인 필요; 면적 131㎡","priority_score":40,"source":"경기부동산포털 국공유지조회·연속지적도","source_date":"2026-08-11","installed_solar_match":false}},{"type":"Feature","id":"4163025021106940006","geometry":{"type":"Point","coordinates":[127.001332,37.7867816]},"properties":{"pnu":"4163025021106940006","municipality_code":"41630","municipality":"양주시","district":"양주시","locality":"백석읍 방성리","address":"양주시 백석읍 방성리 694-6","owner_type":"시·군유지","owner_label":"양주시","manager":"","property_class":"","land_category":"대","area_sqm":130.0,"area_band":"100~500㎡","interest_category":"대","solar_candidate":"검토필요","candidate_reason":"청사·공공건축물·주차장 현황 추가 확인 필요; 면적 130㎡","priority_score":40,"source":"경기부동산포털 국공유지조회·연속지적도","source_date":"2026-08-11","installed_solar_match":false}},{"type":"Feature","id":"4163031026104320016","geometry":{"type":"Point","coordinates":[127.0017394,37.847511]},"properties":{"pnu":"4163031026104320016","municipality_code":"41630","municipality":"양주시","district":"양주시","locality":"은현면 도하리","address":"양주시 은현면 도하리 432-16","owner_type":"시·군유지","owner_label":"양주시","manager":"","property_class":"","land_category":"대","area_sqm":130.0,"area_band":"100~500㎡","interest_category":"대","solar_candidate":"검토필요","candidate_reason":"청사·공공건축물·주차장 현황 추가 확인 필요; 면적 130㎡","priority_score":40,"source":"경기부동산포털 국공유지조회·연속지적도","source_date":"2026-08-11","installed_solar_match":false}},{"type":"Feature","id":"4163032021102970005","geometry":{"type":"Point","coordinates":[126.9756535,37.8974413]},"properties":{"pnu":"4163032021102970005","municipality_code":"41630","municipality":"양주시","district":"양주시","locality":"남면 신산리","address":"양주시 남면 신산리 297-5","owner_type":"시·군유지","owner_label":"양주시","manager":"","property_class":"","land_category":"대","area_sqm":130.0,"area_band":"100~500㎡","interest_category":"대","solar_candidate":"검토필요","candidate_reason":"청사·공공건축물·주차장 현황 추가 확인 필요; 면적 130㎡","priority_score":40,"source":"경기부동산포털 국공유지조회·연속지적도","source_date":"2026-08-11","installed_solar_match":false}},{"type":"Feature","id":"4163011000101500006","geometry":{"type":"Point","coordinates":[127.0656107,37.8422918]},"properties":{"pnu":"4163011000101500006","municipality_code":"41630","municipality":"양주시","district":"양주시","locality":"덕정동","address":"양주시 덕정동 150-6","owner_type":"시·군유지","owner_label":"양주시","manager":"","property_class":"","land_category":"대","area_sqm":129.0,"area_band":"100~500㎡","interest_category":"대","solar_candidate":"검토필요","candidate_reason":"청사·공공건축물·주차장 현황 추가 확인 필요; 면적 129㎡","priority_score":40,"source":"경기부동산포털 국공유지조회·연속지적도","source_date":"2026-08-11","installed_solar_match":false}},{"type":"Feature","id":"4163031021105460009","geometry":{"type":"Point","coordinates":[127.0409202,37.8615656]},"properties":{"pnu":"4163031021105460009","municipality_code":"41630","municipality":"양주시","district":"양주시","locality":"은현면 용암리","address":"양주시 은현면 용암리 546-9","owner_type":"시·군유지","owner_label":"양주시","manager":"","property_class":"","land_category":"대","area_sqm":129.0,"area_band":"100~500㎡","interest_category":"대","solar_candidate":"검토필요","candidate_reason":"청사·공공건축물·주차장 현황 추가 확인 필요; 면적 129㎡","priority_score":40,"source":"경기부동산포털 국공유지조회·연속지적도","source_date":"2026-08-11","installed_solar_match":false}},{"type":"Feature","id":"4163031026104350003","geometry":{"type":"Point","coordinates":[127.0013155,37.8479981]},"properties":{"pnu":"4163031026104350003","municipality_code":"41630","municipality":"양주시","district":"양주시","locality":"은현면 도하리","address":"양주시 은현면 도하리 435-3","owner_type":"시·군유지","owner_label":"양주시","manager":"","property_class":"","land_category":"대","area_sqm":129.0,"area_band":"100~500㎡","interest_category":"대","solar_candidate":"검토필요","candidate_reason":"청사·공공건축물·주차장 현황 추가 확인 필요; 면적 129㎡","priority_score":40,"source":"경기부동산포털 국공유지조회·연속지적도","source_date":"2026-08-11","installed_solar_match":false}},{"type":"Feature","id":"4163010300105360019","geometry":{"type":"Point","coordinates":[127.0352118,37.7695481]},"properties":{"pnu":"4163010300105360019","municipality_code":"41630","municipality":"양주시","district":"양주시","locality":"남방동","address":"양주시 남방동 536-19","owner_type":"시·군유지","owner_label":"양주시","manager":"","property_class":"","land_category":"대","area_sqm":128.0,"area_band":"100~500㎡","interest_category":"대","solar_candidate":"검토필요","candidate_reason":"청사·공공건축물·주차장 현황 추가 확인 필요; 면적 128㎡","priority_score":40,"source":"경기부동산포털 국공유지조회·연속지적도","source_date":"2026-08-11","installed_solar_match":false}},{"type":"Feature","id":"4163011000101250006","geometry":{"type":"Point","coordinates":[127.065252,37.8449027]},"properties":{"pnu":"4163011000101250006","municipality_code":"41630","municipality":"양주시","district":"양주시","locality":"덕정동","address":"양주시 덕정동 125-6","owner_type":"시·군유지","owner_label":"양주시","manager":"","property_class":"","land_category":"대","area_sqm":128.0,"area_band":"100~500㎡","interest_category":"대","solar_candidate":"검토필요","candidate_reason":"청사·공공건축물·주차장 현황 추가 확인 필요; 면적 128㎡","priority_score":40,"source":"경기부동산포털 국공유지조회·연속지적도","source_date":"2026-08-11","installed_solar_match":false}},{"type":"Feature","id":"4163011000103560034","geometry":{"type":"Point","coordinates":[127.0627767,37.8452809]},"properties":{"pnu":"4163011000103560034","municipality_code":"41630","municipality":"양주시","district":"양주시","locality":"덕정동","address":"양주시 덕정동 356-34","owner_type":"시·군유지","owner_label":"양주시","manager":"","property_class":"","land_category":"대","area_sqm":128.0,"area_band":"100~500㎡","interest_category":"대","solar_candidate":"검토필요","candidate_reason":"청사·공공건축물·주차장 현황 추가 확인 필요; 면적 128㎡","priority_score":40,"source":"경기부동산포털 국공유지조회·연속지적도","source_date":"2026-08-11","installed_solar_match":false}},{"type":"Feature","id":"4163031021105470006","geometry":{"type":"Point","coordinates":[127.0407325,37.8609842]},"properties":{"pnu":"4163031021105470006","municipality_code":"41630","municipality":"양주시","district":"양주시","locality":"은현면 용암리","address":"양주시 은현면 용암리 547-6","owner_type":"시·군유지","owner_label":"양주시","manager":"","property_class":"","land_category":"대","area_sqm":127.0,"area_band":"100~500㎡","interest_category":"대","solar_candidate":"검토필요","candidate_reason":"청사·공공건축물·주차장 현황 추가 확인 필요; 면적 127㎡","priority_score":40,"source":"경기부동산포털 국공유지조회·연속지적도","source_date":"2026-08-11","installed_solar_match":false}},{"type":"Feature","id":"4163033024105880006","geometry":{"type":"Point","coordinates":[126.925305,37.809715]},"properties":{"pnu":"4163033024105880006","municipality_code":"41630","municipality":"양주시","district":"양주시","locality":"광적면 비암리","address":"양주시 광적면 비암리 588-6","owner_type":"시·군유지","owner_label":"양주시","manager":"","property_class":"","land_category":"대","area_sqm":127.0,"area_band":"100~500㎡","interest_category":"대","solar_candidate":"검토필요","candidate_reason":"청사·공공건축물·주차장 현황 추가 확인 필요; 면적 127㎡","priority_score":40,"source":"경기부동산포털 국공유지조회·연속지적도","source_date":"2026-08-11","installed_solar_match":false}},{"type":"Feature","id":"4163033021105440005","geometry":{"type":"Point","coordinates":[126.9927904,37.8087793]},"properties":{"pnu":"4163033021105440005","municipality_code":"41630","municipality":"양주시","district":"양주시","locality":"광적면 가납리","address":"양주시 광적면 가납리 544-5","owner_type":"시·군유지","owner_label":"양주시","manager":"","property_class":"","land_category":"대","area_sqm":126.0,"area_band":"100~500㎡","interest_category":"대","solar_candidate":"검토필요","candidate_reason":"청사·공공건축물·주차장 현황 추가 확인 필요; 면적 126㎡","priority_score":40,"source":"경기부동산포털 국공유지조회·연속지적도","source_date":"2026-08-11","installed_solar_match":false}},{"type":"Feature","id":"4163034024103690002","geometry":{"type":"Point","coordinates":[126.9514641,37.7363786]},"properties":{"pnu":"4163034024103690002","municipality_code":"41630","municipality":"양주시","district":"양주시","locality":"장흥면 석현리","address":"양주시 장흥면 석현리 369-2","owner_type":"시·군유지","owner_label":"양주시","manager":"","property_class":"","land_category":"대","area_sqm":126.0,"area_band":"100~500㎡","interest_category":"대","solar_candidate":"검토필요","candidate_reason":"청사·공공건축물·주차장 현황 추가 확인 필요; 면적 126㎡","priority_score":40,"source":"경기부동산포털 국공유지조회·연속지적도","source_date":"2026-08-11","installed_solar_match":false}},{"type":"Feature","id":"4163031026101290009","geometry":{"type":"Point","coordinates":[127.0134361,37.8526375]},"properties":{"pnu":"4163031026101290009","municipality_code":"41630","municipality":"양주시","district":"양주시","locality":"은현면 도하리","address":"양주시 은현면 도하리 129-9","owner_type":"시·군유지","owner_label":"양주시","manager":"","property_class":"","land_category":"대","area_sqm":125.0,"area_band":"100~500㎡","interest_category":"대","solar_candidate":"검토필요","candidate_reason":"청사·공공건축물·주차장 현황 추가 확인 필요; 면적 125㎡","priority_score":40,"source":"경기부동산포털 국공유지조회·연속지적도","source_date":"2026-08-11","installed_solar_match":false}},{"type":"Feature","id":"4163031026106320000","geometry":{"type":"Point","coordinates":[126.9967644,37.8448591]},"properties":{"pnu":"4163031026106320000","municipality_code":"41630","municipality":"양주시","district":"양주시","locality":"은현면 도하리","address":"양주시 은현면 도하리 632","owner_type":"시·군유지","owner_label":"양주시","manager":"","property_class":"","land_category":"대","area_sqm":125.0,"area_band":"100~500㎡","interest_category":"대","solar_candidate":"검토필요","candidate_reason":"청사·공공건축물·주차장 현황 추가 확인 필요; 면적 125㎡","priority_score":40,"source":"경기부동산포털 국공유지조회·연속지적도","source_date":"2026-08-11","installed_solar_match":false}},{"type":"Feature","id":"4163032021101830005","geometry":{"type":"Point","coordinates":[126.9807384,37.896477]},"properties":{"pnu":"4163032021101830005","municipality_code":"41630","municipality":"양주시","district":"양주시","locality":"남면 신산리","address":"양주시 남면 신산리 183-5","owner_type":"시·군유지","owner_label":"양주시","manager":"","property_class":"","land_category":"대","area_sqm":125.0,"area_band":"100~500㎡","interest_category":"대","solar_candidate":"검토필요","candidate_reason":"청사·공공건축물·주차장 현황 추가 확인 필요; 면적 125㎡","priority_score":40,"source":"경기부동산포털 국공유지조회·연속지적도","source_date":"2026-08-11","installed_solar_match":false}},{"type":"Feature","id":"4163011000103500215","geometry":{"type":"Point","coordinates":[127.062446,37.8436215]},"properties":{"pnu":"4163011000103500215","municipality_code":"41630","municipality":"양주시","district":"양주시","locality":"덕정동","address":"양주시 덕정동 350-215","owner_type":"시·군유지","owner_label":"양주시","manager":"","property_class":"","land_category":"대","area_sqm":124.0,"area_band":"100~500㎡","interest_category":"대","solar_candidate":"검토필요","candidate_reason":"청사·공공건축물·주차장 현황 추가 확인 필요; 면적 124㎡","priority_score":40,"source":"경기부동산포털 국공유지조회·연속지적도","source_date":"2026-08-11","installed_solar_match":false}},{"type":"Feature","id":"4163025021100500030","geometry":{"type":"Point","coordinates":[127.0000302,37.8062279]},"properties":{"pnu":"4163025021100500030","municipality_code":"41630","municipality":"양주시","district":"양주시","locality":"백석읍 방성리","address":"양주시 백석읍 방성리 50-30","owner_type":"시·군유지","owner_label":"양주시","manager":"","property_class":"","land_category":"대","area_sqm":124.0,"area_band":"100~500㎡","interest_category":"대","solar_candidate":"검토필요","candidate_reason":"청사·공공건축물·주차장 현황 추가 확인 필요; 면적 124㎡","priority_score":40,"source":"경기부동산포털 국공유지조회·연속지적도","source_date":"2026-08-11","installed_solar_match":false}},{"type":"Feature","id":"4163025021102460001","geometry":{"type":"Point","coordinates":[126.9992812,37.7998098]},"properties":{"pnu":"4163025021102460001","municipality_code":"41630","municipality":"양주시","district":"양주시","locality":"백석읍 방성리","address":"양주시 백석읍 방성리 246-1","owner_type":"시·군유지","owner_label":"양주시","manager":"","property_class":"","land_category":"대","area_sqm":124.0,"area_band":"100~500㎡","interest_category":"대","solar_candidate":"검토필요","candidate_reason":"청사·공공건축물·주차장 현황 추가 확인 필요; 면적 124㎡","priority_score":40,"source":"경기부동산포털 국공유지조회·연속지적도","source_date":"2026-08-11","installed_solar_match":false}},{"type":"Feature","id":"4163034026103150010","geometry":{"type":"Point","coordinates":[126.9296619,37.6984055]},"properties":{"pnu":"4163034026103150010","municipality_code":"41630","municipality":"양주시","district":"양주시","locality":"장흥면 삼상리","address":"양주시 장흥면 삼상리 315-10","owner_type":"시·군유지","owner_label":"양주시","manager":"","property_class":"","land_category":"대","area_sqm":124.0,"area_band":"100~500㎡","interest_category":"대","solar_candidate":"검토필요","candidate_reason":"청사·공공건축물·주차장 현황 추가 확인 필요; 면적 124㎡","priority_score":40,"source":"경기부동산포털 국공유지조회·연속지적도","source_date":"2026-08-11","installed_solar_match":false}},{"type":"Feature","id":"4163011000103500192","geometry":{"type":"Point","coordinates":[127.0626561,37.8452302]},"properties":{"pnu":"4163011000103500192","municipality_code":"41630","municipality":"양주시","district":"양주시","locality":"덕정동","address":"양주시 덕정동 350-192","owner_type":"시·군유지","owner_label":"양주시","manager":"","property_class":"","land_category":"대","area_sqm":123.0,"area_band":"100~500㎡","interest_category":"대","solar_candidate":"검토필요","candidate_reason":"청사·공공건축물·주차장 현황 추가 확인 필요; 면적 123㎡","priority_score":40,"source":"경기부동산포털 국공유지조회·연속지적도","source_date":"2026-08-11","installed_solar_match":false}},{"type":"Feature","id":"4163010400102840001","geometry":{"type":"Point","coordinates":[127.0514307,37.7721278]},"properties":{"pnu":"4163010400102840001","municipality_code":"41630","municipality":"양주시","district":"양주시","locality":"마전동","address":"양주시 마전동 284-1","owner_type":"시·군유지","owner_label":"양주시","manager":"","property_class":"","land_category":"대","area_sqm":122.6,"area_band":"100~500㎡","interest_category":"대","solar_candidate":"검토필요","candidate_reason":"청사·공공건축물·주차장 현황 추가 확인 필요; 면적 123㎡","priority_score":40,"source":"경기부동산포털 국공유지조회·연속지적도","source_date":"2026-08-11","installed_solar_match":false}},{"type":"Feature","id":"4163011000101030033","geometry":{"type":"Point","coordinates":[127.0634135,37.8472522]},"properties":{"pnu":"4163011000101030033","municipality_code":"41630","municipality":"양주시","district":"양주시","locality":"덕정동","address":"양주시 덕정동 103-33","owner_type":"시·군유지","owner_label":"양주시","manager":"","property_class":"","land_category":"대","area_sqm":122.0,"area_band":"100~500㎡","interest_category":"대","solar_candidate":"검토필요","candidate_reason":"청사·공공건축물·주차장 현황 추가 확인 필요; 면적 122㎡","priority_score":40,"source":"경기부동산포털 국공유지조회·연속지적도","source_date":"2026-08-11","installed_solar_match":false}},{"type":"Feature","id":"4163033021103940012","geometry":{"type":"Point","coordinates":[126.9901042,37.8195162]},"properties":{"pnu":"4163033021103940012","municipality_code":"41630","municipality":"양주시","district":"양주시","locality":"광적면 가납리","address":"양주시 광적면 가납리 394-12","owner_type":"시·군유지","owner_label":"양주시","manager":"","property_class":"","land_category":"대","area_sqm":122.0,"area_band":"100~500㎡","interest_category":"대","solar_candidate":"검토필요","candidate_reason":"청사·공공건축물·주차장 현황 추가 확인 필요; 면적 122㎡","priority_score":40,"source":"경기부동산포털 국공유지조회·연속지적도","source_date":"2026-08-11","installed_solar_match":false}},{"type":"Feature","id":"4163011700100690013","geometry":{"type":"Point","coordinates":[127.0533718,37.8466947]},"properties":{"pnu":"4163011700100690013","municipality_code":"41630","municipality":"양주시","district":"양주시","locality":"회정동","address":"양주시 회정동 69-13","owner_type":"시·군유지","owner_label":"양주시","manager":"","property_class":"","land_category":"대","area_sqm":121.0,"area_band":"100~500㎡","interest_category":"대","solar_candidate":"검토필요","candidate_reason":"청사·공공건축물·주차장 현황 추가 확인 필요; 면적 121㎡","priority_score":40,"source":"경기부동산포털 국공유지조회·연속지적도","source_date":"2026-08-11","installed_solar_match":false}},{"type":"Feature","id":"4163025026100490006","geometry":{"type":"Point","coordinates":[126.9627946,37.8127147]},"properties":{"pnu":"4163025026100490006","municipality_code":"41630","municipality":"양주시","district":"양주시","locality":"백석읍 연곡리","address":"양주시 백석읍 연곡리 49-6","owner_type":"시·군유지","owner_label":"양주시","manager":"","property_class":"","land_category":"대","area_sqm":121.0,"area_band":"100~500㎡","interest_category":"대","solar_candidate":"검토필요","candidate_reason":"청사·공공건축물·주차장 현황 추가 확인 필요; 면적 121㎡","priority_score":40,"source":"경기부동산포털 국공유지조회·연속지적도","source_date":"2026-08-11","installed_solar_match":false}},{"type":"Feature","id":"4163033026106910005","geometry":{"type":"Point","coordinates":[126.9658287,37.8495323]},"properties":{"pnu":"4163033026106910005","municipality_code":"41630","municipality":"양주시","district":"양주시","locality":"광적면 덕도리","address":"양주시 광적면 덕도리 691-5","owner_type":"시·군유지","owner_label":"양주시","manager":"","property_class":"","land_category":"대","area_sqm":121.0,"area_band":"100~500㎡","interest_category":"대","solar_candidate":"검토필요","candidate_reason":"청사·공공건축물·주차장 현황 추가 확인 필요; 면적 121㎡","priority_score":40,"source":"경기부동산포털 국공유지조회·연속지적도","source_date":"2026-08-11","installed_solar_match":false}},{"type":"Feature","id":"4163010700105920024","geometry":{"type":"Point","coordinates":[127.0825444,37.7824246]},"properties":{"pnu":"4163010700105920024","municipality_code":"41630","municipality":"양주시","district":"양주시","locality":"만송동","address":"양주시 만송동 592-24","owner_type":"시·군유지","owner_label":"양주시","manager":"","property_class":"","land_category":"대","area_sqm":120.0,"area_band":"100~500㎡","interest_category":"대","solar_candidate":"검토필요","candidate_reason":"청사·공공건축물·주차장 현황 추가 확인 필요; 면적 120㎡","priority_score":40,"source":"경기부동산포털 국공유지조회·연속지적도","source_date":"2026-08-11","installed_solar_match":false}},{"type":"Feature","id":"4163011000101380108","geometry":{"type":"Point","coordinates":[127.0651659,37.8446924]},"properties":{"pnu":"4163011000101380108","municipality_code":"41630","municipality":"양주시","district":"양주시","locality":"덕정동","address":"양주시 덕정동 138-108","owner_type":"시·군유지","owner_label":"양주시","manager":"","property_class":"","land_category":"대","area_sqm":120.0,"area_band":"100~500㎡","interest_category":"대","solar_candidate":"검토필요","candidate_reason":"청사·공공건축물·주차장 현황 추가 확인 필요; 면적 120㎡","priority_score":40,"source":"경기부동산포털 국공유지조회·연속지적도","source_date":"2026-08-11","installed_solar_match":false}},{"type":"Feature","id":"4163025021106560013","geometry":{"type":"Point","coordinates":[126.9998,37.7889391]},"properties":{"pnu":"4163025021106560013","municipality_code":"41630","municipality":"양주시","district":"양주시","locality":"백석읍 방성리","address":"양주시 백석읍 방성리 656-13","owner_type":"시·군유지","owner_label":"양주시","manager":"","property_class":"","land_category":"대","area_sqm":120.0,"area_band":"100~500㎡","interest_category":"대","solar_candidate":"검토필요","candidate_reason":"청사·공공건축물·주차장 현황 추가 확인 필요; 면적 120㎡","priority_score":40,"source":"경기부동산포털 국공유지조회·연속지적도","source_date":"2026-08-11","installed_solar_match":false}},{"type":"Feature","id":"4163032027101500004","geometry":{"type":"Point","coordinates":[127.0038117,37.8697853]},"properties":{"pnu":"4163032027101500004","municipality_code":"41630","municipality":"양주시","district":"양주시","locality":"남면 상수리","address":"양주시 남면 상수리 150-4","owner_type":"시·군유지","owner_label":"양주시","manager":"","property_class":"","land_category":"대","area_sqm":120.0,"area_band":"100~500㎡","interest_category":"대","solar_candidate":"검토필요","candidate_reason":"청사·공공건축물·주차장 현황 추가 확인 필요; 면적 120㎡","priority_score":40,"source":"경기부동산포털 국공유지조회·연속지적도","source_date":"2026-08-11","installed_solar_match":false}},{"type":"Feature","id":"4163033021106280011","geometry":{"type":"Point","coordinates":[126.9885688,37.8145724]},"properties":{"pnu":"4163033021106280011","municipality_code":"41630","municipality":"양주시","district":"양주시","locality":"광적면 가납리","address":"양주시 광적면 가납리 628-11","owner_type":"시·군유지","owner_label":"양주시","manager":"","property_class":"","land_category":"대","area_sqm":120.0,"area_band":"100~500㎡","interest_category":"대","solar_candidate":"검토필요","candidate_reason":"청사·공공건축물·주차장 현황 추가 확인 필요; 면적 120㎡","priority_score":40,"source":"경기부동산포털 국공유지조회·연속지적도","source_date":"2026-08-11","installed_solar_match":false}},{"type":"Feature","id":"4163010500102640022","geometry":{"type":"Point","coordinates":[127.0451053,37.8004171]},"properties":{"pnu":"4163010500102640022","municipality_code":"41630","municipality":"양주시","district":"양주시","locality":"산북동","address":"양주시 산북동 264-22","owner_type":"시·군유지","owner_label":"양주시","manager":"","property_class":"","land_category":"대","area_sqm":119.0,"area_band":"100~500㎡","interest_category":"대","solar_candidate":"검토필요","candidate_reason":"청사·공공건축물·주차장 현황 추가 확인 필요; 면적 119㎡","priority_score":40,"source":"경기부동산포털 국공유지조회·연속지적도","source_date":"2026-08-11","installed_solar_match":false}},{"type":"Feature","id":"4163011000102230017","geometry":{"type":"Point","coordinates":[127.0640454,37.8385735]},"properties":{"pnu":"4163011000102230017","municipality_code":"41630","municipality":"양주시","district":"양주시","locality":"덕정동","address":"양주시 덕정동 223-17","owner_type":"시·군유지","owner_label":"양주시","manager":"","property_class":"","land_category":"대","area_sqm":119.0,"area_band":"100~500㎡","interest_category":"대","solar_candidate":"검토필요","candidate_reason":"청사·공공건축물·주차장 현황 추가 확인 필요; 면적 119㎡","priority_score":40,"source":"경기부동산포털 국공유지조회·연속지적도","source_date":"2026-08-11","installed_solar_match":false}},{"type":"Feature","id":"4163011000103660007","geometry":{"type":"Point","coordinates":[127.0614063,37.8469497]},"properties":{"pnu":"4163011000103660007","municipality_code":"41630","municipality":"양주시","district":"양주시","locality":"덕정동","address":"양주시 덕정동 366-7","owner_type":"시·군유지","owner_label":"양주시","manager":"","property_class":"","land_category":"대","area_sqm":119.0,"area_band":"100~500㎡","interest_category":"대","solar_candidate":"검토필요","candidate_reason":"청사·공공건축물·주차장 현황 추가 확인 필요; 면적 119㎡","priority_score":40,"source":"경기부동산포털 국공유지조회·연속지적도","source_date":"2026-08-11","installed_solar_match":false}},{"type":"Feature","id":"4163031021100050005","geometry":{"type":"Point","coordinates":[127.0579921,37.8682121]},"properties":{"pnu":"4163031021100050005","municipality_code":"41630","municipality":"양주시","district":"양주시","locality":"은현면 용암리","address":"양주시 은현면 용암리 5-5","owner_type":"시·군유지","owner_label":"양주시","manager":"","property_class":"","land_category":"대","area_sqm":119.0,"area_band":"100~500㎡","interest_category":"대","solar_candidate":"검토필요","candidate_reason":"청사·공공건축물·주차장 현황 추가 확인 필요; 면적 119㎡","priority_score":40,"source":"경기부동산포털 국공유지조회·연속지적도","source_date":"2026-08-11","installed_solar_match":false}},{"type":"Feature","id":"4163033021107070007","geometry":{"type":"Point","coordinates":[126.9870161,37.8197107]},"properties":{"pnu":"4163033021107070007","municipality_code":"41630","municipality":"양주시","district":"양주시","locality":"광적면 가납리","address":"양주시 광적면 가납리 707-7","owner_type":"시·군유지","owner_label":"양주시","manager":"","property_class":"","land_category":"대","area_sqm":119.0,"area_band":"100~500㎡","interest_category":"대","solar_candidate":"검토필요","candidate_reason":"청사·공공건축물·주차장 현황 추가 확인 필요; 면적 119㎡","priority_score":40,"source":"경기부동산포털 국공유지조회·연속지적도","source_date":"2026-08-11","installed_solar_match":false}},{"type":"Feature","id":"4163010400103060005","geometry":{"type":"Point","coordinates":[127.0524516,37.7707556]},"properties":{"pnu":"4163010400103060005","municipality_code":"41630","municipality":"양주시","district":"양주시","locality":"마전동","address":"양주시 마전동 306-5","owner_type":"시·군유지","owner_label":"양주시","manager":"","property_class":"","land_category":"대","area_sqm":118.9,"area_band":"100~500㎡","interest_category":"대","solar_candidate":"검토필요","candidate_reason":"청사·공공건축물·주차장 현황 추가 확인 필요; 면적 119㎡","priority_score":40,"source":"경기부동산포털 국공유지조회·연속지적도","source_date":"2026-08-11","installed_solar_match":false}},{"type":"Feature","id":"4163010100102660001","geometry":{"type":"Point","coordinates":[127.0326933,37.7860423]},"properties":{"pnu":"4163010100102660001","municipality_code":"41630","municipality":"양주시","district":"양주시","locality":"유양동","address":"양주시 유양동 266-1","owner_type":"시·군유지","owner_label":"양주시","manager":"","property_class":"","land_category":"대","area_sqm":118.0,"area_band":"100~500㎡","interest_category":"대","solar_candidate":"검토필요","candidate_reason":"청사·공공건축물·주차장 현황 추가 확인 필요; 면적 118㎡","priority_score":40,"source":"경기부동산포털 국공유지조회·연속지적도","source_date":"2026-08-11","installed_solar_match":false}},{"type":"Feature","id":"4163010700106000005","geometry":{"type":"Point","coordinates":[127.0817103,37.7820625]},"properties":{"pnu":"4163010700106000005","municipality_code":"41630","municipality":"양주시","district":"양주시","locality":"만송동","address":"양주시 만송동 600-5","owner_type":"시·군유지","owner_label":"양주시","manager":"","property_class":"","land_category":"대","area_sqm":118.0,"area_band":"100~500㎡","interest_category":"대","solar_candidate":"검토필요","candidate_reason":"청사·공공건축물·주차장 현황 추가 확인 필요; 면적 118㎡","priority_score":40,"source":"경기부동산포털 국공유지조회·연속지적도","source_date":"2026-08-11","installed_solar_match":false}},{"type":"Feature","id":"4163011000101330054","geometry":{"type":"Point","coordinates":[127.0630417,37.8436653]},"properties":{"pnu":"4163011000101330054","municipality_code":"41630","municipality":"양주시","district":"양주시","locality":"덕정동","address":"양주시 덕정동 133-54","owner_type":"시·군유지","owner_label":"양주시","manager":"","property_class":"","land_category":"대","area_sqm":118.0,"area_band":"100~500㎡","interest_category":"대","solar_candidate":"검토필요","candidate_reason":"청사·공공건축물·주차장 현황 추가 확인 필요; 면적 118㎡","priority_score":40,"source":"경기부동산포털 국공유지조회·연속지적도","source_date":"2026-08-11","installed_solar_match":false}},{"type":"Feature","id":"4163011000101750011","geometry":{"type":"Point","coordinates":[127.0673423,37.8421696]},"properties":{"pnu":"4163011000101750011","municipality_code":"41630","municipality":"양주시","district":"양주시","locality":"덕정동","address":"양주시 덕정동 175-11","owner_type":"시·군유지","owner_label":"양주시","manager":"","property_class":"","land_category":"대","area_sqm":118.0,"area_band":"100~500㎡","interest_category":"대","solar_candidate":"검토필요","candidate_reason":"청사·공공건축물·주차장 현황 추가 확인 필요; 면적 118㎡","priority_score":40,"source":"경기부동산포털 국공유지조회·연속지적도","source_date":"2026-08-11","installed_solar_match":false}},{"type":"Feature","id":"4163011000103650064","geometry":{"type":"Point","coordinates":[127.0621016,37.8471693]},"properties":{"pnu":"4163011000103650064","municipality_code":"41630","municipality":"양주시","district":"양주시","locality":"덕정동","address":"양주시 덕정동 365-64","owner_type":"시·군유지","owner_label":"양주시","manager":"","property_class":"","land_category":"대","area_sqm":118.0,"area_band":"100~500㎡","interest_category":"대","solar_candidate":"검토필요","candidate_reason":"청사·공공건축물·주차장 현황 추가 확인 필요; 면적 118㎡","priority_score":40,"source":"경기부동산포털 국공유지조회·연속지적도","source_date":"2026-08-11","installed_solar_match":false}},{"type":"Feature","id":"4163033021106790023","geometry":{"type":"Point","coordinates":[126.9860668,37.8196838]},"properties":{"pnu":"4163033021106790023","municipality_code":"41630","municipality":"양주시","district":"양주시","locality":"광적면 가납리","address":"양주시 광적면 가납리 679-23","owner_type":"시·군유지","owner_label":"양주시","manager":"","property_class":"","land_category":"대","area_sqm":118.0,"area_band":"100~500㎡","interest_category":"대","solar_candidate":"검토필요","candidate_reason":"청사·공공건축물·주차장 현황 추가 확인 필요; 면적 118㎡","priority_score":40,"source":"경기부동산포털 국공유지조회·연속지적도","source_date":"2026-08-11","installed_solar_match":false}},{"type":"Feature","id":"4163011700104540016","geometry":{"type":"Point","coordinates":[127.0528785,37.8320845]},"properties":{"pnu":"4163011700104540016","municipality_code":"41630","municipality":"양주시","district":"양주시","locality":"회정동","address":"양주시 회정동 454-16","owner_type":"시·군유지","owner_label":"양주시","manager":"","property_class":"","land_category":"대","area_sqm":117.0,"area_band":"100~500㎡","interest_category":"대","solar_candidate":"검토필요","candidate_reason":"청사·공공건축물·주차장 현황 추가 확인 필요; 면적 117㎡","priority_score":40,"source":"경기부동산포털 국공유지조회·연속지적도","source_date":"2026-08-11","installed_solar_match":false}},{"type":"Feature","id":"4163031022103480013","geometry":{"type":"Point","coordinates":[127.0251088,37.8751018]},"properties":{"pnu":"4163031022103480013","municipality_code":"41630","municipality":"양주시","district":"양주시","locality":"은현면 선암리","address":"양주시 은현면 선암리 348-13","owner_type":"시·군유지","owner_label":"양주시","manager":"","property_class":"","land_category":"대","area_sqm":117.0,"area_band":"100~500㎡","interest_category":"대","solar_candidate":"검토필요","candidate_reason":"청사·공공건축물·주차장 현황 추가 확인 필요; 면적 117㎡","priority_score":40,"source":"경기부동산포털 국공유지조회·연속지적도","source_date":"2026-08-11","installed_solar_match":false}},{"type":"Feature","id":"4163033027100040003","geometry":{"type":"Point","coordinates":[126.9899905,37.8434111]},"properties":{"pnu":"4163033027100040003","municipality_code":"41630","municipality":"양주시","district":"양주시","locality":"광적면 석우리","address":"양주시 광적면 석우리 4-3","owner_type":"시·군유지","owner_label":"양주시","manager":"","property_class":"","land_category":"대","area_sqm":117.0,"area_band":"100~500㎡","interest_category":"대","solar_candidate":"검토필요","candidate_reason":"청사·공공건축물·주차장 현황 추가 확인 필요; 면적 117㎡","priority_score":40,"source":"경기부동산포털 국공유지조회·연속지적도","source_date":"2026-08-11","installed_solar_match":false}},{"type":"Feature","id":"4163034021101530005","geometry":{"type":"Point","coordinates":[126.97221,37.7124038]},"properties":{"pnu":"4163034021101530005","municipality_code":"41630","municipality":"양주시","district":"양주시","locality":"장흥면 교현리","address":"양주시 장흥면 교현리 153-5","owner_type":"시·군유지","owner_label":"양주시","manager":"","property_class":"","land_category":"대","area_sqm":117.0,"area_band":"100~500㎡","interest_category":"대","solar_candidate":"검토필요","candidate_reason":"청사·공공건축물·주차장 현황 추가 확인 필요; 면적 117㎡","priority_score":40,"source":"경기부동산포털 국공유지조회·연속지적도","source_date":"2026-08-11","installed_solar_match":false}},{"type":"Feature","id":"4163011100105600002","geometry":{"type":"Point","coordinates":[127.0725184,37.8600415]},"properties":{"pnu":"4163011100105600002","municipality_code":"41630","municipality":"양주시","district":"양주시","locality":"봉양동","address":"양주시 봉양동 560-2","owner_type":"시·군유지","owner_label":"양주시","manager":"","property_class":"","land_category":"대","area_sqm":116.0,"area_band":"100~500㎡","interest_category":"대","solar_candidate":"검토필요","candidate_reason":"청사·공공건축물·주차장 현황 추가 확인 필요; 면적 116㎡","priority_score":40,"source":"경기부동산포털 국공유지조회·연속지적도","source_date":"2026-08-11","installed_solar_match":false}},{"type":"Feature","id":"4163011600106210014","geometry":{"type":"Point","coordinates":[127.046189,37.8226873]},"properties":{"pnu":"4163011600106210014","municipality_code":"41630","municipality":"양주시","district":"양주시","locality":"덕계동","address":"양주시 덕계동 621-14","owner_type":"시·군유지","owner_label":"양주시","manager":"","property_class":"","land_category":"대","area_sqm":116.0,"area_band":"100~500㎡","interest_category":"대","solar_candidate":"검토필요","candidate_reason":"청사·공공건축물·주차장 현황 추가 확인 필요; 면적 116㎡","priority_score":40,"source":"경기부동산포털 국공유지조회·연속지적도","source_date":"2026-08-11","installed_solar_match":false}},{"type":"Feature","id":"4163011600106210018","geometry":{"type":"Point","coordinates":[127.0463982,37.8228004]},"properties":{"pnu":"4163011600106210018","municipality_code":"41630","municipality":"양주시","district":"양주시","locality":"덕계동","address":"양주시 덕계동 621-18","owner_type":"시·군유지","owner_label":"양주시","manager":"","property_class":"","land_category":"대","area_sqm":116.0,"area_band":"100~500㎡","interest_category":"대","solar_candidate":"검토필요","candidate_reason":"청사·공공건축물·주차장 현황 추가 확인 필요; 면적 116㎡","priority_score":40,"source":"경기부동산포털 국공유지조회·연속지적도","source_date":"2026-08-11","installed_solar_match":false}},{"type":"Feature","id":"4163025021100850033","geometry":{"type":"Point","coordinates":[127.0014499,37.8047206]},"properties":{"pnu":"4163025021100850033","municipality_code":"41630","municipality":"양주시","district":"양주시","locality":"백석읍 방성리","address":"양주시 백석읍 방성리 85-33","owner_type":"시·군유지","owner_label":"양주시","manager":"","property_class":"","land_category":"대","area_sqm":116.0,"area_band":"100~500㎡","interest_category":"대","solar_candidate":"검토필요","candidate_reason":"청사·공공건축물·주차장 현황 추가 확인 필요; 면적 116㎡","priority_score":40,"source":"경기부동산포털 국공유지조회·연속지적도","source_date":"2026-08-11","installed_solar_match":false}},{"type":"Feature","id":"4163025022105280014","geometry":{"type":"Point","coordinates":[126.9871939,37.795366]},"properties":{"pnu":"4163025022105280014","municipality_code":"41630","municipality":"양주시","district":"양주시","locality":"백석읍 오산리","address":"양주시 백석읍 오산리 528-14","owner_type":"시·군유지","owner_label":"양주시","manager":"","property_class":"","land_category":"대","area_sqm":116.0,"area_band":"100~500㎡","interest_category":"대","solar_candidate":"검토필요","candidate_reason":"청사·공공건축물·주차장 현황 추가 확인 필요; 면적 116㎡","priority_score":40,"source":"경기부동산포털 국공유지조회·연속지적도","source_date":"2026-08-11","installed_solar_match":false}},{"type":"Feature","id":"4163031021105490003","geometry":{"type":"Point","coordinates":[127.0406439,37.860756]},"properties":{"pnu":"4163031021105490003","municipality_code":"41630","municipality":"양주시","district":"양주시","locality":"은현면 용암리","address":"양주시 은현면 용암리 549-3","owner_type":"시·군유지","owner_label":"양주시","manager":"","property_class":"","land_category":"대","area_sqm":116.0,"area_band":"100~500㎡","interest_category":"대","solar_candidate":"검토필요","candidate_reason":"청사·공공건축물·주차장 현황 추가 확인 필요; 면적 116㎡","priority_score":40,"source":"경기부동산포털 국공유지조회·연속지적도","source_date":"2026-08-11","installed_solar_match":false}},{"type":"Feature","id":"4163010700103780028","geometry":{"type":"Point","coordinates":[127.0918033,37.7895916]},"properties":{"pnu":"4163010700103780028","municipality_code":"41630","municipality":"양주시","district":"양주시","locality":"만송동","address":"양주시 만송동 378-28","owner_type":"시·군유지","owner_label":"양주시","manager":"","property_class":"","land_category":"대","area_sqm":115.0,"area_band":"100~500㎡","interest_category":"대","solar_candidate":"검토필요","candidate_reason":"청사·공공건축물·주차장 현황 추가 확인 필요; 면적 115㎡","priority_score":40,"source":"경기부동산포털 국공유지조회·연속지적도","source_date":"2026-08-11","installed_solar_match":false}},{"type":"Feature","id":"4163011100101880013","geometry":{"type":"Point","coordinates":[127.0825251,37.8575572]},"properties":{"pnu":"4163011100101880013","municipality_code":"41630","municipality":"양주시","district":"양주시","locality":"봉양동","address":"양주시 봉양동 188-13","owner_type":"시·군유지","owner_label":"양주시","manager":"","property_class":"","land_category":"대","area_sqm":115.0,"area_band":"100~500㎡","interest_category":"대","solar_candidate":"검토필요","candidate_reason":"청사·공공건축물·주차장 현황 추가 확인 필요; 면적 115㎡","priority_score":40,"source":"경기부동산포털 국공유지조회·연속지적도","source_date":"2026-08-11","installed_solar_match":false}},{"type":"Feature","id":"4163010100102320001","geometry":{"type":"Point","coordinates":[127.033037,37.7856322]},"properties":{"pnu":"4163010100102320001","municipality_code":"41630","municipality":"양주시","district":"양주시","locality":"유양동","address":"양주시 유양동 232-1","owner_type":"시·군유지","owner_label":"양주시","manager":"","property_class":"","land_category":"대","area_sqm":114.0,"area_band":"100~500㎡","interest_category":"대","solar_candidate":"검토필요","candidate_reason":"청사·공공건축물·주차장 현황 추가 확인 필요; 면적 114㎡","priority_score":40,"source":"경기부동산포털 국공유지조회·연속지적도","source_date":"2026-08-11","installed_solar_match":false}},{"type":"Feature","id":"4163011600106210017","geometry":{"type":"Point","coordinates":[127.0461876,37.8229088]},"properties":{"pnu":"4163011600106210017","municipality_code":"41630","municipality":"양주시","district":"양주시","locality":"덕계동","address":"양주시 덕계동 621-17","owner_type":"시·군유지","owner_label":"양주시","manager":"","property_class":"","land_category":"대","area_sqm":114.0,"area_band":"100~500㎡","interest_category":"대","solar_candidate":"검토필요","candidate_reason":"청사·공공건축물·주차장 현황 추가 확인 필요; 면적 114㎡","priority_score":40,"source":"경기부동산포털 국공유지조회·연속지적도","source_date":"2026-08-11","installed_solar_match":false}},{"type":"Feature","id":"4163025021100820012","geometry":{"type":"Point","coordinates":[126.9990305,37.8047325]},"properties":{"pnu":"4163025021100820012","municipality_code":"41630","municipality":"양주시","district":"양주시","locality":"백석읍 방성리","address":"양주시 백석읍 방성리 82-12","owner_type":"시·군유지","owner_label":"양주시","manager":"","property_class":"","land_category":"대","area_sqm":114.0,"area_band":"100~500㎡","interest_category":"대","solar_candidate":"검토필요","candidate_reason":"청사·공공건축물·주차장 현황 추가 확인 필요; 면적 114㎡","priority_score":40,"source":"경기부동산포털 국공유지조회·연속지적도","source_date":"2026-08-11","installed_solar_match":false}},{"type":"Feature","id":"4163032021102850270","geometry":{"type":"Point","coordinates":[126.972924,37.8978632]},"properties":{"pnu":"4163032021102850270","municipality_code":"41630","municipality":"양주시","district":"양주시","locality":"남면 신산리","address":"양주시 남면 신산리 285-270","owner_type":"시·군유지","owner_label":"양주시","manager":"","property_class":"","land_category":"대","area_sqm":114.0,"area_band":"100~500㎡","interest_category":"대","solar_candidate":"검토필요","candidate_reason":"청사·공공건축물·주차장 현황 추가 확인 필요; 면적 114㎡","priority_score":40,"source":"경기부동산포털 국공유지조회·연속지적도","source_date":"2026-08-11","installed_solar_match":false}},{"type":"Feature","id":"4163011600106790046","geometry":{"type":"Point","coordinates":[127.0457553,37.8199863]},"properties":{"pnu":"4163011600106790046","municipality_code":"41630","municipality":"양주시","district":"양주시","locality":"덕계동","address":"양주시 덕계동 679-46","owner_type":"시·군유지","owner_label":"양주시","manager":"","property_class":"","land_category":"대","area_sqm":113.0,"area_band":"100~500㎡","interest_category":"대","solar_candidate":"검토필요","candidate_reason":"청사·공공건축물·주차장 현황 추가 확인 필요; 면적 113㎡","priority_score":40,"source":"경기부동산포털 국공유지조회·연속지적도","source_date":"2026-08-11","installed_solar_match":false}},{"type":"Feature","id":"4163032024101470012","geometry":{"type":"Point","coordinates":[126.9696546,37.8872206]},"properties":{"pnu":"4163032024101470012","municipality_code":"41630","municipality":"양주시","district":"양주시","locality":"남면 구암리","address":"양주시 남면 구암리 147-12","owner_type":"시·군유지","owner_label":"양주시","manager":"","property_class":"","land_category":"대","area_sqm":113.0,"area_band":"100~500㎡","interest_category":"대","solar_candidate":"검토필요","candidate_reason":"청사·공공건축물·주차장 현황 추가 확인 필요; 면적 113㎡","priority_score":40,"source":"경기부동산포털 국공유지조회·연속지적도","source_date":"2026-08-11","installed_solar_match":false}},{"type":"Feature","id":"4163034021103150012","geometry":{"type":"Point","coordinates":[126.9665719,37.698895]},"properties":{"pnu":"4163034021103150012","municipality_code":"41630","municipality":"양주시","district":"양주시","locality":"장흥면 교현리","address":"양주시 장흥면 교현리 315-12","owner_type":"시·군유지","owner_label":"양주시","manager":"","property_class":"","land_category":"대","area_sqm":113.0,"area_band":"100~500㎡","interest_category":"대","solar_candidate":"검토필요","candidate_reason":"청사·공공건축물·주차장 현황 추가 확인 필요; 면적 113㎡","priority_score":40,"source":"경기부동산포털 국공유지조회·연속지적도","source_date":"2026-08-11","installed_solar_match":false}},{"type":"Feature","id":"4163011600105670011","geometry":{"type":"Point","coordinates":[127.0427145,37.8255782]},"properties":{"pnu":"4163011600105670011","municipality_code":"41630","municipality":"양주시","district":"양주시","locality":"덕계동","address":"양주시 덕계동 567-11","owner_type":"시·군유지","owner_label":"양주시","manager":"","property_class":"","land_category":"대","area_sqm":112.0,"area_band":"100~500㎡","interest_category":"대","solar_candidate":"검토필요","candidate_reason":"청사·공공건축물·주차장 현황 추가 확인 필요; 면적 112㎡","priority_score":40,"source":"경기부동산포털 국공유지조회·연속지적도","source_date":"2026-08-11","installed_solar_match":false}},{"type":"Feature","id":"4163011600105920011","geometry":{"type":"Point","coordinates":[127.0438297,37.8227913]},"properties":{"pnu":"4163011600105920011","municipality_code":"41630","municipality":"양주시","district":"양주시","locality":"덕계동","address":"양주시 덕계동 592-11","owner_type":"시·군유지","owner_label":"양주시","manager":"","property_class":"","land_category":"대","area_sqm":112.0,"area_band":"100~500㎡","interest_category":"대","solar_candidate":"검토필요","candidate_reason":"청사·공공건축물·주차장 현황 추가 확인 필요; 면적 112㎡","priority_score":40,"source":"경기부동산포털 국공유지조회·연속지적도","source_date":"2026-08-11","installed_solar_match":false}},{"type":"Feature","id":"4163025021105040000","geometry":{"type":"Point","coordinates":[127.006894,37.7956093]},"properties":{"pnu":"4163025021105040000","municipality_code":"41630","municipality":"양주시","district":"양주시","locality":"백석읍 방성리","address":"양주시 백석읍 방성리 504","owner_type":"시·군유지","owner_label":"양주시","manager":"","property_class":"","land_category":"대","area_sqm":112.0,"area_band":"100~500㎡","interest_category":"대","solar_candidate":"검토필요","candidate_reason":"청사·공공건축물·주차장 현황 추가 확인 필요; 면적 112㎡","priority_score":40,"source":"경기부동산포털 국공유지조회·연속지적도","source_date":"2026-08-11","installed_solar_match":false}},{"type":"Feature","id":"4163025026101730006","geometry":{"type":"Point","coordinates":[126.9559434,37.8089405]},"properties":{"pnu":"4163025026101730006","municipality_code":"41630","municipality":"양주시","district":"양주시","locality":"백석읍 연곡리","address":"양주시 백석읍 연곡리 173-6","owner_type":"시·군유지","owner_label":"양주시","manager":"","property_class":"","land_category":"대","area_sqm":112.0,"area_band":"100~500㎡","interest_category":"대","solar_candidate":"검토필요","candidate_reason":"청사·공공건축물·주차장 현황 추가 확인 필요; 면적 112㎡","priority_score":40,"source":"경기부동산포털 국공유지조회·연속지적도","source_date":"2026-08-11","installed_solar_match":false}},{"type":"Feature","id":"4163010300101430005","geometry":{"type":"Point","coordinates":[127.0429844,37.7715785]},"properties":{"pnu":"4163010300101430005","municipality_code":"41630","municipality":"양주시","district":"양주시","locality":"남방동","address":"양주시 남방동 143-5","owner_type":"시·군유지","owner_label":"양주시","manager":"","property_class":"","land_category":"대","area_sqm":111.0,"area_band":"100~500㎡","interest_category":"대","solar_candidate":"검토필요","candidate_reason":"청사·공공건축물·주차장 현황 추가 확인 필요; 면적 111㎡","priority_score":40,"source":"경기부동산포털 국공유지조회·연속지적도","source_date":"2026-08-11","installed_solar_match":false}},{"type":"Feature","id":"4163031022103500019","geometry":{"type":"Point","coordinates":[127.0256412,37.8745181]},"properties":{"pnu":"4163031022103500019","municipality_code":"41630","municipality":"양주시","district":"양주시","locality":"은현면 선암리","address":"양주시 은현면 선암리 350-19","owner_type":"시·군유지","owner_label":"양주시","manager":"","property_class":"","land_category":"대","area_sqm":111.0,"area_band":"100~500㎡","interest_category":"대","solar_candidate":"검토필요","candidate_reason":"청사·공공건축물·주차장 현황 추가 확인 필요; 면적 111㎡","priority_score":40,"source":"경기부동산포털 국공유지조회·연속지적도","source_date":"2026-08-11","installed_solar_match":false}},{"type":"Feature","id":"4163011000101380094","geometry":{"type":"Point","coordinates":[127.0649709,37.8442384]},"properties":{"pnu":"4163011000101380094","municipality_code":"41630","municipality":"양주시","district":"양주시","locality":"덕정동","address":"양주시 덕정동 138-94","owner_type":"시·군유지","owner_label":"양주시","manager":"","property_class":"","land_category":"대","area_sqm":110.0,"area_band":"100~500㎡","interest_category":"대","solar_candidate":"검토필요","candidate_reason":"청사·공공건축물·주차장 현황 추가 확인 필요; 면적 110㎡","priority_score":40,"source":"경기부동산포털 국공유지조회·연속지적도","source_date":"2026-08-11","installed_solar_match":false}},{"type":"Feature","id":"4163011700101150078","geometry":{"type":"Point","coordinates":[127.0523955,37.8377908]},"properties":{"pnu":"4163011700101150078","municipality_code":"41630","municipality":"양주시","district":"양주시","locality":"회정동","address":"양주시 회정동 115-78","owner_type":"시·군유지","owner_label":"양주시","manager":"","property_class":"","land_category":"대","area_sqm":110.0,"area_band":"100~500㎡","interest_category":"대","solar_candidate":"검토필요","candidate_reason":"청사·공공건축물·주차장 현황 추가 확인 필요; 면적 110㎡","priority_score":40,"source":"경기부동산포털 국공유지조회·연속지적도","source_date":"2026-08-11","installed_solar_match":false}},{"type":"Feature","id":"4163025021106950000","geometry":{"type":"Point","coordinates":[127.001429,37.7867334]},"properties":{"pnu":"4163025021106950000","municipality_code":"41630","municipality":"양주시","district":"양주시","locality":"백석읍 방성리","address":"양주시 백석읍 방성리 695","owner_type":"시·군유지","owner_label":"양주시","manager":"","property_class":"","land_category":"대","area_sqm":110.0,"area_band":"100~500㎡","interest_category":"대","solar_candidate":"검토필요","candidate_reason":"청사·공공건축물·주차장 현황 추가 확인 필요; 면적 110㎡","priority_score":40,"source":"경기부동산포털 국공유지조회·연속지적도","source_date":"2026-08-11","installed_solar_match":false}},{"type":"Feature","id":"4163011600101020021","geometry":{"type":"Point","coordinates":[127.0607211,37.8106242]},"properties":{"pnu":"4163011600101020021","municipality_code":"41630","municipality":"양주시","district":"양주시","locality":"덕계동","address":"양주시 덕계동 102-21","owner_type":"시·군유지","owner_label":"양주시","manager":"","property_class":"","land_category":"대","area_sqm":109.0,"area_band":"100~500㎡","interest_category":"대","solar_candidate":"검토필요","candidate_reason":"청사·공공건축물·주차장 현황 추가 확인 필요; 면적 109㎡","priority_score":40,"source":"경기부동산포털 국공유지조회·연속지적도","source_date":"2026-08-11","installed_solar_match":false}},{"type":"Feature","id":"4163011600105100009","geometry":{"type":"Point","coordinates":[127.0489518,37.8229769]},"properties":{"pnu":"4163011600105100009","municipality_code":"41630","municipality":"양주시","district":"양주시","locality":"덕계동","address":"양주시 덕계동 510-9","owner_type":"시·군유지","owner_label":"양주시","manager":"","property_class":"","land_category":"대","area_sqm":109.0,"area_band":"100~500㎡","interest_category":"대","solar_candidate":"검토필요","candidate_reason":"청사·공공건축물·주차장 현황 추가 확인 필요; 면적 109㎡","priority_score":40,"source":"경기부동산포털 국공유지조회·연속지적도","source_date":"2026-08-11","installed_solar_match":false}},{"type":"Feature","id":"4163011000103640005","geometry":{"type":"Point","coordinates":[127.0615688,37.8468259]},"properties":{"pnu":"4163011000103640005","municipality_code":"41630","municipality":"양주시","district":"양주시","locality":"덕정동","address":"양주시 덕정동 364-5","owner_type":"시·군유지","owner_label":"양주시","manager":"","property_class":"","land_category":"대","area_sqm":108.7,"area_band":"100~500㎡","interest_category":"대","solar_candidate":"검토필요","candidate_reason":"청사·공공건축물·주차장 현황 추가 확인 필요; 면적 109㎡","priority_score":40,"source":"경기부동산포털 국공유지조회·연속지적도","source_date":"2026-08-11","installed_solar_match":false}},{"type":"Feature","id":"4163011000103650048","geometry":{"type":"Point","coordinates":[127.0625002,37.8469862]},"properties":{"pnu":"4163011000103650048","municipality_code":"41630","municipality":"양주시","district":"양주시","locality":"덕정동","address":"양주시 덕정동 365-48","owner_type":"시·군유지","owner_label":"양주시","manager":"","property_class":"","land_category":"대","area_sqm":108.5,"area_band":"100~500㎡","interest_category":"대","solar_candidate":"검토필요","candidate_reason":"청사·공공건축물·주차장 현황 추가 확인 필요; 면적 108㎡","priority_score":40,"source":"경기부동산포털 국공유지조회·연속지적도","source_date":"2026-08-11","installed_solar_match":false}},{"type":"Feature","id":"4163011000103500254","geometry":{"type":"Point","coordinates":[127.0625398,37.8464437]},"properties":{"pnu":"4163011000103500254","municipality_code":"41630","municipality":"양주시","district":"양주시","locality":"덕정동","address":"양주시 덕정동 350-254","owner_type":"시·군유지","owner_label":"양주시","manager":"","property_class":"","land_category":"대","area_sqm":108.0,"area_band":"100~500㎡","interest_category":"대","solar_candidate":"검토필요","candidate_reason":"청사·공공건축물·주차장 현황 추가 확인 필요; 면적 108㎡","priority_score":40,"source":"경기부동산포털 국공유지조회·연속지적도","source_date":"2026-08-11","installed_solar_match":false}},{"type":"Feature","id":"4163011100108810035","geometry":{"type":"Point","coordinates":[127.0625977,37.8617647]},"properties":{"pnu":"4163011100108810035","municipality_code":"41630","municipality":"양주시","district":"양주시","locality":"봉양동","address":"양주시 봉양동 881-35","owner_type":"시·군유지","owner_label":"양주시","manager":"","property_class":"","land_category":"대","area_sqm":108.0,"area_band":"100~500㎡","interest_category":"대","solar_candidate":"검토필요","candidate_reason":"청사·공공건축물·주차장 현황 추가 확인 필요; 면적 108㎡","priority_score":40,"source":"경기부동산포털 국공유지조회·연속지적도","source_date":"2026-08-11","installed_solar_match":false}},{"type":"Feature","id":"4163032027103200006","geometry":{"type":"Point","coordinates":[126.9927259,37.8708188]},"properties":{"pnu":"4163032027103200006","municipality_code":"41630","municipality":"양주시","district":"양주시","locality":"남면 상수리","address":"양주시 남면 상수리 320-6","owner_type":"시·군유지","owner_label":"양주시","manager":"","property_class":"","land_category":"대","area_sqm":108.0,"area_band":"100~500㎡","interest_category":"대","solar_candidate":"검토필요","candidate_reason":"청사·공공건축물·주차장 현황 추가 확인 필요; 면적 108㎡","priority_score":40,"source":"경기부동산포털 국공유지조회·연속지적도","source_date":"2026-08-11","installed_solar_match":false}},{"type":"Feature","id":"4163011000101460045","geometry":{"type":"Point","coordinates":[127.0668602,37.8424636]},"properties":{"pnu":"4163011000101460045","municipality_code":"41630","municipality":"양주시","district":"양주시","locality":"덕정동","address":"양주시 덕정동 146-45","owner_type":"시·군유지","owner_label":"양주시","manager":"","property_class":"","land_category":"대","area_sqm":107.0,"area_band":"100~500㎡","interest_category":"대","solar_candidate":"검토필요","candidate_reason":"청사·공공건축물·주차장 현황 추가 확인 필요; 면적 107㎡","priority_score":40,"source":"경기부동산포털 국공유지조회·연속지적도","source_date":"2026-08-11","installed_solar_match":false}},{"type":"Feature","id":"4163025021106930007","geometry":{"type":"Point","coordinates":[127.0012102,37.7870487]},"properties":{"pnu":"4163025021106930007","municipality_code":"41630","municipality":"양주시","district":"양주시","locality":"백석읍 방성리","address":"양주시 백석읍 방성리 693-7","owner_type":"시·군유지","owner_label":"양주시","manager":"","property_class":"","land_category":"대","area_sqm":107.0,"area_band":"100~500㎡","interest_category":"대","solar_candidate":"검토필요","candidate_reason":"청사·공공건축물·주차장 현황 추가 확인 필요; 면적 107㎡","priority_score":40,"source":"경기부동산포털 국공유지조회·연속지적도","source_date":"2026-08-11","installed_solar_match":false}},{"type":"Feature","id":"4163032021101810005","geometry":{"type":"Point","coordinates":[126.9810682,37.8966574]},"properties":{"pnu":"4163032021101810005","municipality_code":"41630","municipality":"양주시","district":"양주시","locality":"남면 신산리","address":"양주시 남면 신산리 181-5","owner_type":"시·군유지","owner_label":"양주시","manager":"","property_class":"","land_category":"대","area_sqm":107.0,"area_band":"100~500㎡","interest_category":"대","solar_candidate":"검토필요","candidate_reason":"청사·공공건축물·주차장 현황 추가 확인 필요; 면적 107㎡","priority_score":40,"source":"경기부동산포털 국공유지조회·연속지적도","source_date":"2026-08-11","installed_solar_match":false}},{"type":"Feature","id":"4163011000103650055","geometry":{"type":"Point","coordinates":[127.0632262,37.8471847]},"properties":{"pnu":"4163011000103650055","municipality_code":"41630","municipality":"양주시","district":"양주시","locality":"덕정동","address":"양주시 덕정동 365-55","owner_type":"시·군유지","owner_label":"양주시","manager":"","property_class":"","land_category":"대","area_sqm":106.0,"area_band":"100~500㎡","interest_category":"대","solar_candidate":"검토필요","candidate_reason":"청사·공공건축물·주차장 현황 추가 확인 필요; 면적 106㎡","priority_score":40,"source":"경기부동산포털 국공유지조회·연속지적도","source_date":"2026-08-11","installed_solar_match":false}},{"type":"Feature","id":"4163025023101060012","geometry":{"type":"Point","coordinates":[126.9906206,37.7848573]},"properties":{"pnu":"4163025023101060012","municipality_code":"41630","municipality":"양주시","district":"양주시","locality":"백석읍 복지리","address":"양주시 백석읍 복지리 106-12","owner_type":"시·군유지","owner_label":"양주시","manager":"","property_class":"","land_category":"대","area_sqm":105.0,"area_band":"100~500㎡","interest_category":"대","solar_candidate":"검토필요","candidate_reason":"청사·공공건축물·주차장 현황 추가 확인 필요; 면적 105㎡","priority_score":40,"source":"경기부동산포털 국공유지조회·연속지적도","source_date":"2026-08-11","installed_solar_match":false}},{"type":"Feature","id":"4163031026104360002","geometry":{"type":"Point","coordinates":[127.0017142,37.8476586]},"properties":{"pnu":"4163031026104360002","municipality_code":"41630","municipality":"양주시","district":"양주시","locality":"은현면 도하리","address":"양주시 은현면 도하리 436-2","owner_type":"시·군유지","owner_label":"양주시","manager":"","property_class":"","land_category":"대","area_sqm":105.0,"area_band":"100~500㎡","interest_category":"대","solar_candidate":"검토필요","candidate_reason":"청사·공공건축물·주차장 현황 추가 확인 필요; 면적 105㎡","priority_score":40,"source":"경기부동산포털 국공유지조회·연속지적도","source_date":"2026-08-11","installed_solar_match":false}},{"type":"Feature","id":"4163032021101750008","geometry":{"type":"Point","coordinates":[126.98102,37.8955316]},"properties":{"pnu":"4163032021101750008","municipality_code":"41630","municipality":"양주시","district":"양주시","locality":"남면 신산리","address":"양주시 남면 신산리 175-8","owner_type":"시·군유지","owner_label":"양주시","manager":"","property_class":"","land_category":"대","area_sqm":105.0,"area_band":"100~500㎡","interest_category":"대","solar_candidate":"검토필요","candidate_reason":"청사·공공건축물·주차장 현황 추가 확인 필요; 면적 105㎡","priority_score":40,"source":"경기부동산포털 국공유지조회·연속지적도","source_date":"2026-08-11","installed_solar_match":false}},{"type":"Feature","id":"4163032021102850229","geometry":{"type":"Point","coordinates":[126.9735346,37.8968483]},"properties":{"pnu":"4163032021102850229","municipality_code":"41630","municipality":"양주시","district":"양주시","locality":"남면 신산리","address":"양주시 남면 신산리 285-229","owner_type":"시·군유지","owner_label":"양주시","manager":"","property_class":"","land_category":"대","area_sqm":105.0,"area_band":"100~500㎡","interest_category":"대","solar_candidate":"검토필요","candidate_reason":"청사·공공건축물·주차장 현황 추가 확인 필요; 면적 105㎡","priority_score":40,"source":"경기부동산포털 국공유지조회·연속지적도","source_date":"2026-08-11","installed_solar_match":false}},{"type":"Feature","id":"4163011000101030027","geometry":{"type":"Point","coordinates":[127.0641143,37.8475747]},"properties":{"pnu":"4163011000101030027","municipality_code":"41630","municipality":"양주시","district":"양주시","locality":"덕정동","address":"양주시 덕정동 103-27","owner_type":"시·군유지","owner_label":"양주시","manager":"","property_class":"","land_category":"대","area_sqm":104.0,"area_band":"100~500㎡","interest_category":"대","solar_candidate":"검토필요","candidate_reason":"청사·공공건축물·주차장 현황 추가 확인 필요; 면적 104㎡","priority_score":40,"source":"경기부동산포털 국공유지조회·연속지적도","source_date":"2026-08-11","installed_solar_match":false}},{"type":"Feature","id":"4163034025100950008","geometry":{"type":"Point","coordinates":[126.9433033,37.7188709]},"properties":{"pnu":"4163034025100950008","municipality_code":"41630","municipality":"양주시","district":"양주시","locality":"장흥면 일영리","address":"양주시 장흥면 일영리 95-8","owner_type":"시·군유지","owner_label":"양주시","manager":"","property_class":"","land_category":"대","area_sqm":104.0,"area_band":"100~500㎡","interest_category":"대","solar_candidate":"검토필요","candidate_reason":"청사·공공건축물·주차장 현황 추가 확인 필요; 면적 104㎡","priority_score":40,"source":"경기부동산포털 국공유지조회·연속지적도","source_date":"2026-08-11","installed_solar_match":false}},{"type":"Feature","id":"4163010200102770008","geometry":{"type":"Point","coordinates":[127.0151151,37.7802008]},"properties":{"pnu":"4163010200102770008","municipality_code":"41630","municipality":"양주시","district":"양주시","locality":"어둔동","address":"양주시 어둔동 277-8","owner_type":"시·군유지","owner_label":"양주시","manager":"","property_class":"","land_category":"대","area_sqm":103.0,"area_band":"100~500㎡","interest_category":"대","solar_candidate":"검토필요","candidate_reason":"청사·공공건축물·주차장 현황 추가 확인 필요; 면적 103㎡","priority_score":40,"source":"경기부동산포털 국공유지조회·연속지적도","source_date":"2026-08-11","installed_solar_match":false}},{"type":"Feature","id":"4163011000103640003","geometry":{"type":"Point","coordinates":[127.0613901,37.846798]},"properties":{"pnu":"4163011000103640003","municipality_code":"41630","municipality":"양주시","district":"양주시","locality":"덕정동","address":"양주시 덕정동 364-3","owner_type":"시·군유지","owner_label":"양주시","manager":"","property_class":"","land_category":"대","area_sqm":103.0,"area_band":"100~500㎡","interest_category":"대","solar_candidate":"검토필요","candidate_reason":"청사·공공건축물·주차장 현황 추가 확인 필요; 면적 103㎡","priority_score":40,"source":"경기부동산포털 국공유지조회·연속지적도","source_date":"2026-08-11","installed_solar_match":false}},{"type":"Feature","id":"4163011100103640007","geometry":{"type":"Point","coordinates":[127.0765452,37.854349]},"properties":{"pnu":"4163011100103640007","municipality_code":"41630","municipality":"양주시","district":"양주시","locality":"봉양동","address":"양주시 봉양동 364-7","owner_type":"시·군유지","owner_label":"양주시","manager":"","property_class":"","land_category":"대","area_sqm":103.0,"area_band":"100~500㎡","interest_category":"대","solar_candidate":"검토필요","candidate_reason":"청사·공공건축물·주차장 현황 추가 확인 필요; 면적 103㎡","priority_score":40,"source":"경기부동산포털 국공유지조회·연속지적도","source_date":"2026-08-11","installed_solar_match":false}},{"type":"Feature","id":"4163032021103790006","geometry":{"type":"Point","coordinates":[126.969038,37.8994277]},"properties":{"pnu":"4163032021103790006","municipality_code":"41630","municipality":"양주시","district":"양주시","locality":"남면 신산리","address":"양주시 남면 신산리 379-6","owner_type":"시·군유지","owner_label":"양주시","manager":"","property_class":"","land_category":"대","area_sqm":103.0,"area_band":"100~500㎡","interest_category":"대","solar_candidate":"검토필요","candidate_reason":"청사·공공건축물·주차장 현황 추가 확인 필요; 면적 103㎡","priority_score":40,"source":"경기부동산포털 국공유지조회·연속지적도","source_date":"2026-08-11","installed_solar_match":false}},{"type":"Feature","id":"4163034024103270005","geometry":{"type":"Point","coordinates":[126.9513827,37.7446384]},"properties":{"pnu":"4163034024103270005","municipality_code":"41630","municipality":"양주시","district":"양주시","locality":"장흥면 석현리","address":"양주시 장흥면 석현리 327-5","owner_type":"시·군유지","owner_label":"양주시","manager":"","property_class":"","land_category":"대","area_sqm":103.0,"area_band":"100~500㎡","interest_category":"대","solar_candidate":"검토필요","candidate_reason":"청사·공공건축물·주차장 현황 추가 확인 필요; 면적 103㎡","priority_score":40,"source":"경기부동산포털 국공유지조회·연속지적도","source_date":"2026-08-11","installed_solar_match":false}},{"type":"Feature","id":"4163011000103660044","geometry":{"type":"Point","coordinates":[127.0614459,37.8474335]},"properties":{"pnu":"4163011000103660044","municipality_code":"41630","municipality":"양주시","district":"양주시","locality":"덕정동","address":"양주시 덕정동 366-44","owner_type":"시·군유지","owner_label":"양주시","manager":"","property_class":"","land_category":"대","area_sqm":102.8,"area_band":"100~500㎡","interest_category":"대","solar_candidate":"검토필요","candidate_reason":"청사·공공건축물·주차장 현황 추가 확인 필요; 면적 103㎡","priority_score":40,"source":"경기부동산포털 국공유지조회·연속지적도","source_date":"2026-08-11","installed_solar_match":false}},{"type":"Feature","id":"4163011500105460012","geometry":{"type":"Point","coordinates":[127.0669111,37.8272393]},"properties":{"pnu":"4163011500105460012","municipality_code":"41630","municipality":"양주시","district":"양주시","locality":"고암동","address":"양주시 고암동 546-12","owner_type":"시·군유지","owner_label":"양주시","manager":"","property_class":"","land_category":"대","area_sqm":102.0,"area_band":"100~500㎡","interest_category":"대","solar_candidate":"검토필요","candidate_reason":"청사·공공건축물·주차장 현황 추가 확인 필요; 면적 102㎡","priority_score":40,"source":"경기부동산포털 국공유지조회·연속지적도","source_date":"2026-08-11","installed_solar_match":false}},{"type":"Feature","id":"4163011600105450013","geometry":{"type":"Point","coordinates":[127.0445008,37.8263143]},"properties":{"pnu":"4163011600105450013","municipality_code":"41630","municipality":"양주시","district":"양주시","locality":"덕계동","address":"양주시 덕계동 545-13","owner_type":"시·군유지","owner_label":"양주시","manager":"","property_class":"","land_category":"대","area_sqm":102.0,"area_band":"100~500㎡","interest_category":"대","solar_candidate":"검토필요","candidate_reason":"청사·공공건축물·주차장 현황 추가 확인 필요; 면적 102㎡","priority_score":40,"source":"경기부동산포털 국공유지조회·연속지적도","source_date":"2026-08-11","installed_solar_match":false}},{"type":"Feature","id":"4163025021102630002","geometry":{"type":"Point","coordinates":[126.9989639,37.7980819]},"properties":{"pnu":"4163025021102630002","municipality_code":"41630","municipality":"양주시","district":"양주시","locality":"백석읍 방성리","address":"양주시 백석읍 방성리 263-2","owner_type":"시·군유지","owner_label":"양주시","manager":"","property_class":"","land_category":"대","area_sqm":102.0,"area_band":"100~500㎡","interest_category":"대","solar_candidate":"검토필요","candidate_reason":"청사·공공건축물·주차장 현황 추가 확인 필요; 면적 102㎡","priority_score":40,"source":"경기부동산포털 국공유지조회·연속지적도","source_date":"2026-08-11","installed_solar_match":false}},{"type":"Feature","id":"4163025022105290011","geometry":{"type":"Point","coordinates":[126.9862354,37.7949412]},"properties":{"pnu":"4163025022105290011","municipality_code":"41630","municipality":"양주시","district":"양주시","locality":"백석읍 오산리","address":"양주시 백석읍 오산리 529-11","owner_type":"시·군유지","owner_label":"양주시","manager":"","property_class":"","land_category":"대","area_sqm":102.0,"area_band":"100~500㎡","interest_category":"대","solar_candidate":"검토필요","candidate_reason":"청사·공공건축물·주차장 현황 추가 확인 필요; 면적 102㎡","priority_score":40,"source":"경기부동산포털 국공유지조회·연속지적도","source_date":"2026-08-11","installed_solar_match":false}},{"type":"Feature","id":"4163025024105210002","geometry":{"type":"Point","coordinates":[126.9711438,37.7936988]},"properties":{"pnu":"4163025024105210002","municipality_code":"41630","municipality":"양주시","district":"양주시","locality":"백석읍 가업리","address":"양주시 백석읍 가업리 521-2","owner_type":"시·군유지","owner_label":"양주시","manager":"","property_class":"","land_category":"대","area_sqm":102.0,"area_band":"100~500㎡","interest_category":"대","solar_candidate":"검토필요","candidate_reason":"청사·공공건축물·주차장 현황 추가 확인 필요; 면적 102㎡","priority_score":40,"source":"경기부동산포털 국공유지조회·연속지적도","source_date":"2026-08-11","installed_solar_match":false}},{"type":"Feature","id":"4163033026102550000","geometry":{"type":"Point","coordinates":[126.9778693,37.844699]},"properties":{"pnu":"4163033026102550000","municipality_code":"41630","municipality":"양주시","district":"양주시","locality":"광적면 덕도리","address":"양주시 광적면 덕도리 255","owner_type":"시·군유지","owner_label":"양주시","manager":"","property_class":"","land_category":"대","area_sqm":102.0,"area_band":"100~500㎡","interest_category":"대","solar_candidate":"검토필요","candidate_reason":"청사·공공건축물·주차장 현황 추가 확인 필요; 면적 102㎡","priority_score":40,"source":"경기부동산포털 국공유지조회·연속지적도","source_date":"2026-08-11","installed_solar_match":false}},{"type":"Feature","id":"4163011000101500007","geometry":{"type":"Point","coordinates":[127.0657769,37.8422648]},"properties":{"pnu":"4163011000101500007","municipality_code":"41630","municipality":"양주시","district":"양주시","locality":"덕정동","address":"양주시 덕정동 150-7","owner_type":"시·군유지","owner_label":"양주시","manager":"","property_class":"","land_category":"대","area_sqm":101.0,"area_band":"100~500㎡","interest_category":"대","solar_candidate":"검토필요","candidate_reason":"청사·공공건축물·주차장 현황 추가 확인 필요; 면적 101㎡","priority_score":40,"source":"경기부동산포털 국공유지조회·연속지적도","source_date":"2026-08-11","installed_solar_match":false}},{"type":"Feature","id":"4163011000103660034","geometry":{"type":"Point","coordinates":[127.0618873,37.8471577]},"properties":{"pnu":"4163011000103660034","municipality_code":"41630","municipality":"양주시","district":"양주시","locality":"덕정동","address":"양주시 덕정동 366-34","owner_type":"시·군유지","owner_label":"양주시","manager":"","property_class":"","land_category":"대","area_sqm":101.0,"area_band":"100~500㎡","interest_category":"대","solar_candidate":"검토필요","candidate_reason":"청사·공공건축물·주차장 현황 추가 확인 필요; 면적 101㎡","priority_score":40,"source":"경기부동산포털 국공유지조회·연속지적도","source_date":"2026-08-11","installed_solar_match":false}},{"type":"Feature","id":"4163032021102810029","geometry":{"type":"Point","coordinates":[126.9751702,37.8968271]},"properties":{"pnu":"4163032021102810029","municipality_code":"41630","municipality":"양주시","district":"양주시","locality":"남면 신산리","address":"양주시 남면 신산리 281-29","owner_type":"시·군유지","owner_label":"양주시","manager":"","property_class":"","land_category":"대","area_sqm":101.0,"area_band":"100~500㎡","interest_category":"대","solar_candidate":"검토필요","candidate_reason":"청사·공공건축물·주차장 현황 추가 확인 필요; 면적 101㎡","priority_score":40,"source":"경기부동산포털 국공유지조회·연속지적도","source_date":"2026-08-11","installed_solar_match":false}},{"type":"Feature","id":"4163011100101880012","geometry":{"type":"Point","coordinates":[127.0834541,37.8580094]},"properties":{"pnu":"4163011100101880012","municipality_code":"41630","municipality":"양주시","district":"양주시","locality":"봉양동","address":"양주시 봉양동 188-12","owner_type":"시·군유지","owner_label":"양주시","manager":"","property_class":"","land_category":"대","area_sqm":100.0,"area_band":"100~500㎡","interest_category":"대","solar_candidate":"검토필요","candidate_reason":"청사·공공건축물·주차장 현황 추가 확인 필요; 면적 100㎡","priority_score":40,"source":"경기부동산포털 국공유지조회·연속지적도","source_date":"2026-08-11","installed_solar_match":false}},{"type":"Feature","id":"4163011600106340005","geometry":{"type":"Point","coordinates":[127.0432878,37.8222521]},"properties":{"pnu":"4163011600106340005","municipality_code":"41630","municipality":"양주시","district":"양주시","locality":"덕계동","address":"양주시 덕계동 634-5","owner_type":"시·군유지","owner_label":"양주시","manager":"","property_class":"","land_category":"대","area_sqm":100.0,"area_band":"100~500㎡","interest_category":"대","solar_candidate":"검토필요","candidate_reason":"청사·공공건축물·주차장 현황 추가 확인 필요; 면적 100㎡","priority_score":40,"source":"경기부동산포털 국공유지조회·연속지적도","source_date":"2026-08-11","installed_solar_match":false}},{"type":"Feature","id":"4163025021100540009","geometry":{"type":"Point","coordinates":[126.9979663,37.8063728]},"properties":{"pnu":"4163025021100540009","municipality_code":"41630","municipality":"양주시","district":"양주시","locality":"백석읍 방성리","address":"양주시 백석읍 방성리 54-9","owner_type":"시·군유지","owner_label":"양주시","manager":"","property_class":"","land_category":"대","area_sqm":100.0,"area_band":"100~500㎡","interest_category":"대","solar_candidate":"검토필요","candidate_reason":"청사·공공건축물·주차장 현황 추가 확인 필요; 면적 100㎡","priority_score":40,"source":"경기부동산포털 국공유지조회·연속지적도","source_date":"2026-08-11","installed_solar_match":false}},{"type":"Feature","id":"4163010700105180011","geometry":{"type":"Point","coordinates":[127.088158,37.7861508]},"properties":{"pnu":"4163010700105180011","municipality_code":"41630","municipality":"양주시","district":"양주시","locality":"만송동","address":"양주시 만송동 518-11","owner_type":"시·군유지","owner_label":"양주시","manager":"","property_class":"","land_category":"공장용지","area_sqm":481.0,"area_band":"100~500㎡","interest_category":"공장용지","solar_candidate":"검토필요","candidate_reason":"지목·면적 기준 1차 검토 대상; 면적 481㎡","priority_score":37,"source":"경기부동산포털 국공유지조회·연속지적도","source_date":"2026-08-11","installed_solar_match":false}},{"type":"Feature","id":"4163025023102530012","geometry":{"type":"Point","coordinates":[126.9849174,37.7861734]},"properties":{"pnu":"4163025023102530012","municipality_code":"41630","municipality":"양주시","district":"양주시","locality":"백석읍 복지리","address":"양주시 백석읍 복지리 253-12","owner_type":"시·군유지","owner_label":"양주시","manager":"","property_class":"","land_category":"공장용지","area_sqm":463.0,"area_band":"100~500㎡","interest_category":"공장용지","solar_candidate":"검토필요","candidate_reason":"지목·면적 기준 1차 검토 대상; 면적 463㎡","priority_score":37,"source":"경기부동산포털 국공유지조회·연속지적도","source_date":"2026-08-11","installed_solar_match":false}},{"type":"Feature","id":"4163011100105720030","geometry":{"type":"Point","coordinates":[127.0730887,37.8585779]},"properties":{"pnu":"4163011100105720030","municipality_code":"41630","municipality":"양주시","district":"양주시","locality":"봉양동","address":"양주시 봉양동 572-30","owner_type":"시·군유지","owner_label":"양주시","manager":"","property_class":"","land_category":"공장용지","area_sqm":454.0,"area_band":"100~500㎡","interest_category":"공장용지","solar_candidate":"검토필요","candidate_reason":"지목·면적 기준 1차 검토 대상; 면적 454㎡","priority_score":37,"source":"경기부동산포털 국공유지조회·연속지적도","source_date":"2026-08-11","installed_solar_match":false}},{"type":"Feature","id":"4163032027101880011","geometry":{"type":"Point","coordinates":[127.0013628,37.8670532]},"properties":{"pnu":"4163032027101880011","municipality_code":"41630","municipality":"양주시","district":"양주시","locality":"남면 상수리","address":"양주시 남면 상수리 188-11","owner_type":"시·군유지","owner_label":"양주시","manager":"","property_class":"","land_category":"공장용지","area_sqm":448.0,"area_band":"100~500㎡","interest_category":"공장용지","solar_candidate":"검토필요","candidate_reason":"지목·면적 기준 1차 검토 대상; 면적 448㎡","priority_score":37,"source":"경기부동산포털 국공유지조회·연속지적도","source_date":"2026-08-11","installed_solar_match":false}},{"type":"Feature","id":"4163011500104200006","geometry":{"type":"Point","coordinates":[127.0716902,37.8123176]},"properties":{"pnu":"4163011500104200006","municipality_code":"41630","municipality":"양주시","district":"양주시","locality":"고암동","address":"양주시 고암동 420-6","owner_type":"시·군유지","owner_label":"양주시","manager":"","property_class":"","land_category":"공장용지","area_sqm":420.0,"area_band":"100~500㎡","interest_category":"공장용지","solar_candidate":"검토필요","candidate_reason":"지목·면적 기준 1차 검토 대상; 면적 420㎡","priority_score":37,"source":"경기부동산포털 국공유지조회·연속지적도","source_date":"2026-08-11","installed_solar_match":false}},{"type":"Feature","id":"4163033021102450068","geometry":{"type":"Point","coordinates":[126.9957738,37.8361308]},"properties":{"pnu":"4163033021102450068","municipality_code":"41630","municipality":"양주시","district":"양주시","locality":"광적면 가납리","address":"양주시 광적면 가납리 245-68","owner_type":"시·군유지","owner_label":"양주시","manager":"","property_class":"","land_category":"공장용지","area_sqm":390.0,"area_band":"100~500㎡","interest_category":"공장용지","solar_candidate":"검토필요","candidate_reason":"지목·면적 기준 1차 검토 대상; 면적 390㎡","priority_score":37,"source":"경기부동산포털 국공유지조회·연속지적도","source_date":"2026-08-11","installed_solar_match":false}},{"type":"Feature","id":"4163031024101660027","geometry":{"type":"Point","coordinates":[127.0045079,37.9058581]},"properties":{"pnu":"4163031024101660027","municipality_code":"41630","municipality":"양주시","district":"양주시","locality":"은현면 봉암리","address":"양주시 은현면 봉암리 166-27","owner_type":"시·군유지","owner_label":"양주시","manager":"","property_class":"","land_category":"공장용지","area_sqm":387.0,"area_band":"100~500㎡","interest_category":"공장용지","solar_candidate":"검토필요","candidate_reason":"지목·면적 기준 1차 검토 대상; 면적 387㎡","priority_score":37,"source":"경기부동산포털 국공유지조회·연속지적도","source_date":"2026-08-11","installed_solar_match":false}},{"type":"Feature","id":"4163011700100080006","geometry":{"type":"Point","coordinates":[127.053565,37.8540539]},"properties":{"pnu":"4163011700100080006","municipality_code":"41630","municipality":"양주시","district":"양주시","locality":"회정동","address":"양주시 회정동 8-6","owner_type":"시·군유지","owner_label":"양주시","manager":"","property_class":"","land_category":"공장용지","area_sqm":383.0,"area_band":"100~500㎡","interest_category":"공장용지","solar_candidate":"검토필요","candidate_reason":"지목·면적 기준 1차 검토 대상; 면적 383㎡","priority_score":37,"source":"경기부동산포털 국공유지조회·연속지적도","source_date":"2026-08-11","installed_solar_match":false}},{"type":"Feature","id":"4163031022105100015","geometry":{"type":"Point","coordinates":[127.0231054,37.872978]},"properties":{"pnu":"4163031022105100015","municipality_code":"41630","municipality":"양주시","district":"양주시","locality":"은현면 선암리","address":"양주시 은현면 선암리 510-15","owner_type":"시·군유지","owner_label":"양주시","manager":"","property_class":"","land_category":"공장용지","area_sqm":380.0,"area_band":"100~500㎡","interest_category":"공장용지","solar_candidate":"검토필요","candidate_reason":"지목·면적 기준 1차 검토 대상; 면적 380㎡","priority_score":37,"source":"경기부동산포털 국공유지조회·연속지적도","source_date":"2026-08-11","installed_solar_match":false}},{"type":"Feature","id":"4163011300102360008","geometry":{"type":"Point","coordinates":[127.1031265,37.8327887]},"properties":{"pnu":"4163011300102360008","municipality_code":"41630","municipality":"양주시","district":"양주시","locality":"율정동","address":"양주시 율정동 236-8","owner_type":"시·군유지","owner_label":"양주시","manager":"","property_class":"","land_category":"공장용지","area_sqm":376.0,"area_band":"100~500㎡","interest_category":"공장용지","solar_candidate":"검토필요","candidate_reason":"지목·면적 기준 1차 검토 대상; 면적 376㎡","priority_score":37,"source":"경기부동산포털 국공유지조회·연속지적도","source_date":"2026-08-11","installed_solar_match":false}},{"type":"Feature","id":"4163011200104100013","geometry":{"type":"Point","coordinates":[127.0896573,37.8421553]},"properties":{"pnu":"4163011200104100013","municipality_code":"41630","municipality":"양주시","district":"양주시","locality":"회암동","address":"양주시 회암동 410-13","owner_type":"시·군유지","owner_label":"양주시","manager":"","property_class":"","land_category":"공장용지","area_sqm":356.0,"area_band":"100~500㎡","interest_category":"공장용지","solar_candidate":"검토필요","candidate_reason":"지목·면적 기준 1차 검토 대상; 면적 356㎡","priority_score":37,"source":"경기부동산포털 국공유지조회·연속지적도","source_date":"2026-08-11","installed_solar_match":false}},{"type":"Feature","id":"4163010700103920002","geometry":{"type":"Point","coordinates":[127.090513,37.7879944]},"properties":{"pnu":"4163010700103920002","municipality_code":"41630","municipality":"양주시","district":"양주시","locality":"만송동","address":"양주시 만송동 392-2","owner_type":"시·군유지","owner_label":"양주시","manager":"","property_class":"","land_category":"공장용지","area_sqm":332.0,"area_band":"100~500㎡","interest_category":"공장용지","solar_candidate":"검토필요","candidate_reason":"지목·면적 기준 1차 검토 대상; 면적 332㎡","priority_score":37,"source":"경기부동산포털 국공유지조회·연속지적도","source_date":"2026-08-11","installed_solar_match":false}},{"type":"Feature","id":"4163033026103630000","geometry":{"type":"Point","coordinates":[126.9726381,37.8532631]},"properties":{"pnu":"4163033026103630000","municipality_code":"41630","municipality":"양주시","district":"양주시","locality":"광적면 덕도리","address":"양주시 광적면 덕도리 363","owner_type":"시·군유지","owner_label":"양주시","manager":"","property_class":"","land_category":"공장용지","area_sqm":320.0,"area_band":"100~500㎡","interest_category":"공장용지","solar_candidate":"검토필요","candidate_reason":"지목·면적 기준 1차 검토 대상; 면적 320㎡","priority_score":37,"source":"경기부동산포털 국공유지조회·연속지적도","source_date":"2026-08-11","installed_solar_match":false}},{"type":"Feature","id":"4163031024104220012","geometry":{"type":"Point","coordinates":[127.0050582,37.9063567]},"properties":{"pnu":"4163031024104220012","municipality_code":"41630","municipality":"양주시","district":"양주시","locality":"은현면 봉암리","address":"양주시 은현면 봉암리 422-12","owner_type":"시·군유지","owner_label":"양주시","manager":"","property_class":"","land_category":"공장용지","area_sqm":317.0,"area_band":"100~500㎡","interest_category":"공장용지","solar_candidate":"검토필요","candidate_reason":"지목·면적 기준 1차 검토 대상; 면적 317㎡","priority_score":37,"source":"경기부동산포털 국공유지조회·연속지적도","source_date":"2026-08-11","installed_solar_match":false}},{"type":"Feature","id":"4163033021102450071","geometry":{"type":"Point","coordinates":[126.995874,37.8368836]},"properties":{"pnu":"4163033021102450071","municipality_code":"41630","municipality":"양주시","district":"양주시","locality":"광적면 가납리","address":"양주시 광적면 가납리 245-71","owner_type":"시·군유지","owner_label":"양주시","manager":"","property_class":"","land_category":"공장용지","area_sqm":316.0,"area_band":"100~500㎡","interest_category":"공장용지","solar_candidate":"검토필요","candidate_reason":"지목·면적 기준 1차 검토 대상; 면적 316㎡","priority_score":37,"source":"경기부동산포털 국공유지조회·연속지적도","source_date":"2026-08-11","installed_solar_match":false}},{"type":"Feature","id":"4163010900102940018","geometry":{"type":"Point","coordinates":[127.0721485,37.8069062]},"properties":{"pnu":"4163010900102940018","municipality_code":"41630","municipality":"양주시","district":"양주시","locality":"고읍동","address":"양주시 고읍동 294-18","owner_type":"시·군유지","owner_label":"양주시","manager":"","property_class":"","land_category":"공장용지","area_sqm":308.0,"area_band":"100~500㎡","interest_category":"공장용지","solar_candidate":"검토필요","candidate_reason":"지목·면적 기준 1차 검토 대상; 면적 308㎡","priority_score":37,"source":"경기부동산포털 국공유지조회·연속지적도","source_date":"2026-08-11","installed_solar_match":false}},{"type":"Feature","id":"4163011100107690005","geometry":{"type":"Point","coordinates":[127.0683045,37.8643185]},"properties":{"pnu":"4163011100107690005","municipality_code":"41630","municipality":"양주시","district":"양주시","locality":"봉양동","address":"양주시 봉양동 769-5","owner_type":"시·군유지","owner_label":"양주시","manager":"","property_class":"","land_category":"공장용지","area_sqm":306.0,"area_band":"100~500㎡","interest_category":"공장용지","solar_candidate":"검토필요","candidate_reason":"지목·면적 기준 1차 검토 대상; 면적 306㎡","priority_score":37,"source":"경기부동산포털 국공유지조회·연속지적도","source_date":"2026-08-11","installed_solar_match":false}},{"type":"Feature","id":"4163011300103010004","geometry":{"type":"Point","coordinates":[127.1018677,37.8403826]},"properties":{"pnu":"4163011300103010004","municipality_code":"41630","municipality":"양주시","district":"양주시","locality":"율정동","address":"양주시 율정동 301-4","owner_type":"시·군유지","owner_label":"양주시","manager":"","property_class":"","land_category":"공장용지","area_sqm":306.0,"area_band":"100~500㎡","interest_category":"공장용지","solar_candidate":"검토필요","candidate_reason":"지목·면적 기준 1차 검토 대상; 면적 306㎡","priority_score":37,"source":"경기부동산포털 국공유지조회·연속지적도","source_date":"2026-08-11","installed_solar_match":false}},{"type":"Feature","id":"4163031022105070011","geometry":{"type":"Point","coordinates":[127.0218666,37.8730637]},"properties":{"pnu":"4163031022105070011","municipality_code":"41630","municipality":"양주시","district":"양주시","locality":"은현면 선암리","address":"양주시 은현면 선암리 507-11","owner_type":"시·군유지","owner_label":"양주시","manager":"","property_class":"","land_category":"공장용지","area_sqm":302.0,"area_band":"100~500㎡","interest_category":"공장용지","solar_candidate":"검토필요","candidate_reason":"지목·면적 기준 1차 검토 대상; 면적 302㎡","priority_score":37,"source":"경기부동산포털 국공유지조회·연속지적도","source_date":"2026-08-11","installed_solar_match":false}},{"type":"Feature","id":"4163011200104110011","geometry":{"type":"Point","coordinates":[127.0895652,37.8425248]},"properties":{"pnu":"4163011200104110011","municipality_code":"41630","municipality":"양주시","district":"양주시","locality":"회암동","address":"양주시 회암동 411-11","owner_type":"시·군유지","owner_label":"양주시","manager":"","property_class":"","land_category":"공장용지","area_sqm":294.0,"area_band":"100~500㎡","interest_category":"공장용지","solar_candidate":"검토필요","candidate_reason":"지목·면적 기준 1차 검토 대상; 면적 294㎡","priority_score":37,"source":"경기부동산포털 국공유지조회·연속지적도","source_date":"2026-08-11","installed_solar_match":false}},{"type":"Feature","id":"4163011000102140035","geometry":{"type":"Point","coordinates":[127.0658879,37.8383047]},"properties":{"pnu":"4163011000102140035","municipality_code":"41630","municipality":"양주시","district":"양주시","locality":"덕정동","address":"양주시 덕정동 214-35","owner_type":"시·군유지","owner_label":"양주시","manager":"","property_class":"","land_category":"공장용지","area_sqm":291.0,"area_band":"100~500㎡","interest_category":"공장용지","solar_candidate":"검토필요","candidate_reason":"지목·면적 기준 1차 검토 대상; 면적 291㎡","priority_score":37,"source":"경기부동산포털 국공유지조회·연속지적도","source_date":"2026-08-11","installed_solar_match":false}},{"type":"Feature","id":"4163031024101970018","geometry":{"type":"Point","coordinates":[127.0095263,37.9087135]},"properties":{"pnu":"4163031024101970018","municipality_code":"41630","municipality":"양주시","district":"양주시","locality":"은현면 봉암리","address":"양주시 은현면 봉암리 197-18","owner_type":"시·군유지","owner_label":"양주시","manager":"","property_class":"","land_category":"공장용지","area_sqm":289.0,"area_band":"100~500㎡","interest_category":"공장용지","solar_candidate":"검토필요","candidate_reason":"지목·면적 기준 1차 검토 대상; 면적 289㎡","priority_score":37,"source":"경기부동산포털 국공유지조회·연속지적도","source_date":"2026-08-11","installed_solar_match":false}},{"type":"Feature","id":"4163025023101980010","geometry":{"type":"Point","coordinates":[126.9922935,37.7922617]},"properties":{"pnu":"4163025023101980010","municipality_code":"41630","municipality":"양주시","district":"양주시","locality":"백석읍 복지리","address":"양주시 백석읍 복지리 198-10","owner_type":"시·군유지","owner_label":"양주시","manager":"","property_class":"","land_category":"공장용지","area_sqm":274.0,"area_band":"100~500㎡","interest_category":"공장용지","solar_candidate":"검토필요","candidate_reason":"지목·면적 기준 1차 검토 대상; 면적 274㎡","priority_score":37,"source":"경기부동산포털 국공유지조회·연속지적도","source_date":"2026-08-11","installed_solar_match":false}},{"type":"Feature","id":"4163031024101960010","geometry":{"type":"Point","coordinates":[127.0102323,37.9090908]},"properties":{"pnu":"4163031024101960010","municipality_code":"41630","municipality":"양주시","district":"양주시","locality":"은현면 봉암리","address":"양주시 은현면 봉암리 196-10","owner_type":"시·군유지","owner_label":"양주시","manager":"","property_class":"","land_category":"공장용지","area_sqm":273.0,"area_band":"100~500㎡","interest_category":"공장용지","solar_candidate":"검토필요","candidate_reason":"지목·면적 기준 1차 검토 대상; 면적 273㎡","priority_score":37,"source":"경기부동산포털 국공유지조회·연속지적도","source_date":"2026-08-11","installed_solar_match":false}},{"type":"Feature","id":"4163011600105240005","geometry":{"type":"Point","coordinates":[127.0473997,37.8226664]},"properties":{"pnu":"4163011600105240005","municipality_code":"41630","municipality":"양주시","district":"양주시","locality":"덕계동","address":"양주시 덕계동 524-5","owner_type":"시·군유지","owner_label":"양주시","manager":"","property_class":"","land_category":"공장용지","area_sqm":252.0,"area_band":"100~500㎡","interest_category":"공장용지","solar_candidate":"검토필요","candidate_reason":"지목·면적 기준 1차 검토 대상; 면적 252㎡","priority_score":37,"source":"경기부동산포털 국공유지조회·연속지적도","source_date":"2026-08-11","installed_solar_match":false}},{"type":"Feature","id":"4163033027100820021","geometry":{"type":"Point","coordinates":[126.987975,37.8287838]},"properties":{"pnu":"4163033027100820021","municipality_code":"41630","municipality":"양주시","district":"양주시","locality":"광적면 석우리","address":"양주시 광적면 석우리 82-21","owner_type":"시·군유지","owner_label":"양주시","manager":"","property_class":"","land_category":"공장용지","area_sqm":250.0,"area_band":"100~500㎡","interest_category":"공장용지","solar_candidate":"검토필요","candidate_reason":"지목·면적 기준 1차 검토 대상; 면적 250㎡","priority_score":37,"source":"경기부동산포털 국공유지조회·연속지적도","source_date":"2026-08-11","installed_solar_match":false}},{"type":"Feature","id":"4163031021107250011","geometry":{"type":"Point","coordinates":[127.0353651,37.8521942]},"properties":{"pnu":"4163031021107250011","municipality_code":"41630","municipality":"양주시","district":"양주시","locality":"은현면 용암리","address":"양주시 은현면 용암리 725-11","owner_type":"시·군유지","owner_label":"양주시","manager":"","property_class":"","land_category":"공장용지","area_sqm":226.0,"area_band":"100~500㎡","interest_category":"공장용지","solar_candidate":"검토필요","candidate_reason":"지목·면적 기준 1차 검토 대상; 면적 226㎡","priority_score":37,"source":"경기부동산포털 국공유지조회·연속지적도","source_date":"2026-08-11","installed_solar_match":false}},{"type":"Feature","id":"4163011500105120009","geometry":{"type":"Point","coordinates":[127.0679214,37.8238371]},"properties":{"pnu":"4163011500105120009","municipality_code":"41630","municipality":"양주시","district":"양주시","locality":"고암동","address":"양주시 고암동 512-9","owner_type":"시·군유지","owner_label":"양주시","manager":"","property_class":"","land_category":"공장용지","area_sqm":225.0,"area_band":"100~500㎡","interest_category":"공장용지","solar_candidate":"검토필요","candidate_reason":"지목·면적 기준 1차 검토 대상; 면적 225㎡","priority_score":37,"source":"경기부동산포털 국공유지조회·연속지적도","source_date":"2026-08-11","installed_solar_match":false}},{"type":"Feature","id":"4163011700104530025","geometry":{"type":"Point","coordinates":[127.051806,37.8321101]},"properties":{"pnu":"4163011700104530025","municipality_code":"41630","municipality":"양주시","district":"양주시","locality":"회정동","address":"양주시 회정동 453-25","owner_type":"시·군유지","owner_label":"양주시","manager":"","property_class":"","land_category":"공장용지","area_sqm":225.0,"area_band":"100~500㎡","interest_category":"공장용지","solar_candidate":"검토필요","candidate_reason":"지목·면적 기준 1차 검토 대상; 면적 225㎡","priority_score":37,"source":"경기부동산포털 국공유지조회·연속지적도","source_date":"2026-08-11","installed_solar_match":false}},{"type":"Feature","id":"4163011700104530028","geometry":{"type":"Point","coordinates":[127.0523931,37.8319902]},"properties":{"pnu":"4163011700104530028","municipality_code":"41630","municipality":"양주시","district":"양주시","locality":"회정동","address":"양주시 회정동 453-28","owner_type":"시·군유지","owner_label":"양주시","manager":"","property_class":"","land_category":"공장용지","area_sqm":221.0,"area_band":"100~500㎡","interest_category":"공장용지","solar_candidate":"검토필요","candidate_reason":"지목·면적 기준 1차 검토 대상; 면적 221㎡","priority_score":37,"source":"경기부동산포털 국공유지조회·연속지적도","source_date":"2026-08-11","installed_solar_match":false}},{"type":"Feature","id":"4163031022104830006","geometry":{"type":"Point","coordinates":[127.021419,37.8733712]},"properties":{"pnu":"4163031022104830006","municipality_code":"41630","municipality":"양주시","district":"양주시","locality":"은현면 선암리","address":"양주시 은현면 선암리 483-6","owner_type":"시·군유지","owner_label":"양주시","manager":"","property_class":"","land_category":"공장용지","area_sqm":220.0,"area_band":"100~500㎡","interest_category":"공장용지","solar_candidate":"검토필요","candidate_reason":"지목·면적 기준 1차 검토 대상; 면적 220㎡","priority_score":37,"source":"경기부동산포털 국공유지조회·연속지적도","source_date":"2026-08-11","installed_solar_match":false}},{"type":"Feature","id":"4163032029100400010","geometry":{"type":"Point","coordinates":[127.0039127,37.9013392]},"properties":{"pnu":"4163032029100400010","municipality_code":"41630","municipality":"양주시","district":"양주시","locality":"남면 한산리","address":"양주시 남면 한산리 40-10","owner_type":"시·군유지","owner_label":"양주시","manager":"","property_class":"","land_category":"공장용지","area_sqm":215.0,"area_band":"100~500㎡","interest_category":"공장용지","solar_candidate":"검토필요","candidate_reason":"지목·면적 기준 1차 검토 대상; 면적 215㎡","priority_score":37,"source":"경기부동산포털 국공유지조회·연속지적도","source_date":"2026-08-11","installed_solar_match":false}},{"type":"Feature","id":"4163011700104530026","geometry":{"type":"Point","coordinates":[127.0520334,37.8320717]},"properties":{"pnu":"4163011700104530026","municipality_code":"41630","municipality":"양주시","district":"양주시","locality":"회정동","address":"양주시 회정동 453-26","owner_type":"시·군유지","owner_label":"양주시","manager":"","property_class":"","land_category":"공장용지","area_sqm":214.0,"area_band":"100~500㎡","interest_category":"공장용지","solar_candidate":"검토필요","candidate_reason":"지목·면적 기준 1차 검토 대상; 면적 214㎡","priority_score":37,"source":"경기부동산포털 국공유지조회·연속지적도","source_date":"2026-08-11","installed_solar_match":false}},{"type":"Feature","id":"4163011600104440014","geometry":{"type":"Point","coordinates":[127.0504631,37.8215346]},"properties":{"pnu":"4163011600104440014","municipality_code":"41630","municipality":"양주시","district":"양주시","locality":"덕계동","address":"양주시 덕계동 444-14","owner_type":"시·군유지","owner_label":"양주시","manager":"","property_class":"","land_category":"공장용지","area_sqm":213.0,"area_band":"100~500㎡","interest_category":"공장용지","solar_candidate":"검토필요","candidate_reason":"지목·면적 기준 1차 검토 대상; 면적 213㎡","priority_score":37,"source":"경기부동산포털 국공유지조회·연속지적도","source_date":"2026-08-11","installed_solar_match":false}},{"type":"Feature","id":"4163010500101160012","geometry":{"type":"Point","coordinates":[127.0497656,37.801659]},"properties":{"pnu":"4163010500101160012","municipality_code":"41630","municipality":"양주시","district":"양주시","locality":"산북동","address":"양주시 산북동 116-12","owner_type":"시·군유지","owner_label":"양주시","manager":"","property_class":"","land_category":"공장용지","area_sqm":211.0,"area_band":"100~500㎡","interest_category":"공장용지","solar_candidate":"검토필요","candidate_reason":"지목·면적 기준 1차 검토 대상; 면적 211㎡","priority_score":37,"source":"경기부동산포털 국공유지조회·연속지적도","source_date":"2026-08-11","installed_solar_match":false}},{"type":"Feature","id":"4163011100108940013","geometry":{"type":"Point","coordinates":[127.0611086,37.8604454]},"properties":{"pnu":"4163011100108940013","municipality_code":"41630","municipality":"양주시","district":"양주시","locality":"봉양동","address":"양주시 봉양동 894-13","owner_type":"시·군유지","owner_label":"양주시","manager":"","property_class":"","land_category":"공장용지","area_sqm":211.0,"area_band":"100~500㎡","interest_category":"공장용지","solar_candidate":"검토필요","candidate_reason":"지목·면적 기준 1차 검토 대상; 면적 211㎡","priority_score":37,"source":"경기부동산포털 국공유지조회·연속지적도","source_date":"2026-08-11","installed_solar_match":false}},{"type":"Feature","id":"4163011200104110006","geometry":{"type":"Point","coordinates":[127.0895552,37.8426702]},"properties":{"pnu":"4163011200104110006","municipality_code":"41630","municipality":"양주시","district":"양주시","locality":"회암동","address":"양주시 회암동 411-6","owner_type":"시·군유지","owner_label":"양주시","manager":"","property_class":"","land_category":"공장용지","area_sqm":211.0,"area_band":"100~500㎡","interest_category":"공장용지","solar_candidate":"검토필요","candidate_reason":"지목·면적 기준 1차 검토 대상; 면적 211㎡","priority_score":37,"source":"경기부동산포털 국공유지조회·연속지적도","source_date":"2026-08-11","installed_solar_match":false}},{"type":"Feature","id":"4163011700104530027","geometry":{"type":"Point","coordinates":[127.0522108,37.8320322]},"properties":{"pnu":"4163011700104530027","municipality_code":"41630","municipality":"양주시","district":"양주시","locality":"회정동","address":"양주시 회정동 453-27","owner_type":"시·군유지","owner_label":"양주시","manager":"","property_class":"","land_category":"공장용지","area_sqm":210.0,"area_band":"100~500㎡","interest_category":"공장용지","solar_candidate":"검토필요","candidate_reason":"지목·면적 기준 1차 검토 대상; 면적 210㎡","priority_score":37,"source":"경기부동산포털 국공유지조회·연속지적도","source_date":"2026-08-11","installed_solar_match":false}},{"type":"Feature","id":"4163011000102260015","geometry":{"type":"Point","coordinates":[127.065847,37.8381088]},"properties":{"pnu":"4163011000102260015","municipality_code":"41630","municipality":"양주시","district":"양주시","locality":"덕정동","address":"양주시 덕정동 226-15","owner_type":"시·군유지","owner_label":"양주시","manager":"","property_class":"","land_category":"공장용지","area_sqm":207.0,"area_band":"100~500㎡","interest_category":"공장용지","solar_candidate":"검토필요","candidate_reason":"지목·면적 기준 1차 검토 대상; 면적 207㎡","priority_score":37,"source":"경기부동산포털 국공유지조회·연속지적도","source_date":"2026-08-11","installed_solar_match":false}},{"type":"Feature","id":"4163011600104570005","geometry":{"type":"Point","coordinates":[127.0498455,37.8198253]},"properties":{"pnu":"4163011600104570005","municipality_code":"41630","municipality":"양주시","district":"양주시","locality":"덕계동","address":"양주시 덕계동 457-5","owner_type":"시·군유지","owner_label":"양주시","manager":"","property_class":"","land_category":"공장용지","area_sqm":206.0,"area_band":"100~500㎡","interest_category":"공장용지","solar_candidate":"검토필요","candidate_reason":"지목·면적 기준 1차 검토 대상; 면적 206㎡","priority_score":37,"source":"경기부동산포털 국공유지조회·연속지적도","source_date":"2026-08-11","installed_solar_match":false}},{"type":"Feature","id":"4163031024101970017","geometry":{"type":"Point","coordinates":[127.0098869,37.9088365]},"properties":{"pnu":"4163031024101970017","municipality_code":"41630","municipality":"양주시","district":"양주시","locality":"은현면 봉암리","address":"양주시 은현면 봉암리 197-17","owner_type":"시·군유지","owner_label":"양주시","manager":"","property_class":"","land_category":"공장용지","area_sqm":203.0,"area_band":"100~500㎡","interest_category":"공장용지","solar_candidate":"검토필요","candidate_reason":"지목·면적 기준 1차 검토 대상; 면적 203㎡","priority_score":37,"source":"경기부동산포털 국공유지조회·연속지적도","source_date":"2026-08-11","installed_solar_match":false}},{"type":"Feature","id":"4163011600105170016","geometry":{"type":"Point","coordinates":[127.0468177,37.8228363]},"properties":{"pnu":"4163011600105170016","municipality_code":"41630","municipality":"양주시","district":"양주시","locality":"덕계동","address":"양주시 덕계동 517-16","owner_type":"시·군유지","owner_label":"양주시","manager":"","property_class":"","land_category":"공장용지","area_sqm":201.0,"area_band":"100~500㎡","interest_category":"공장용지","solar_candidate":"검토필요","candidate_reason":"지목·면적 기준 1차 검토 대상; 면적 201㎡","priority_score":37,"source":"경기부동산포털 국공유지조회·연속지적도","source_date":"2026-08-11","installed_solar_match":false}},{"type":"Feature","id":"4163011600104770013","geometry":{"type":"Point","coordinates":[127.0466602,37.8227926]},"properties":{"pnu":"4163011600104770013","municipality_code":"41630","municipality":"양주시","district":"양주시","locality":"덕계동","address":"양주시 덕계동 477-13","owner_type":"시·군유지","owner_label":"양주시","manager":"","property_class":"","land_category":"공장용지","area_sqm":199.0,"area_band":"100~500㎡","interest_category":"공장용지","solar_candidate":"검토필요","candidate_reason":"지목·면적 기준 1차 검토 대상; 면적 199㎡","priority_score":37,"source":"경기부동산포털 국공유지조회·연속지적도","source_date":"2026-08-11","installed_solar_match":false}},{"type":"Feature","id":"4163011200104110013","geometry":{"type":"Point","coordinates":[127.089386,37.8427534]},"properties":{"pnu":"4163011200104110013","municipality_code":"41630","municipality":"양주시","district":"양주시","locality":"회암동","address":"양주시 회암동 411-13","owner_type":"시·군유지","owner_label":"양주시","manager":"","property_class":"","land_category":"공장용지","area_sqm":198.0,"area_band":"100~500㎡","interest_category":"공장용지","solar_candidate":"검토필요","candidate_reason":"지목·면적 기준 1차 검토 대상; 면적 198㎡","priority_score":37,"source":"경기부동산포털 국공유지조회·연속지적도","source_date":"2026-08-11","installed_solar_match":false}},{"type":"Feature","id":"4163011600104440012","geometry":{"type":"Point","coordinates":[127.0503733,37.8210688]},"properties":{"pnu":"4163011600104440012","municipality_code":"41630","municipality":"양주시","district":"양주시","locality":"덕계동","address":"양주시 덕계동 444-12","owner_type":"시·군유지","owner_label":"양주시","manager":"","property_class":"","land_category":"공장용지","area_sqm":192.0,"area_band":"100~500㎡","interest_category":"공장용지","solar_candidate":"검토필요","candidate_reason":"지목·면적 기준 1차 검토 대상; 면적 192㎡","priority_score":37,"source":"경기부동산포털 국공유지조회·연속지적도","source_date":"2026-08-11","installed_solar_match":false}},{"type":"Feature","id":"4163011200100410008","geometry":{"type":"Point","coordinates":[127.0986808,37.8409271]},"properties":{"pnu":"4163011200100410008","municipality_code":"41630","municipality":"양주시","district":"양주시","locality":"회암동","address":"양주시 회암동 41-8","owner_type":"시·군유지","owner_label":"양주시","manager":"","property_class":"","land_category":"공장용지","area_sqm":188.0,"area_band":"100~500㎡","interest_category":"공장용지","solar_candidate":"검토필요","candidate_reason":"지목·면적 기준 1차 검토 대상; 면적 188㎡","priority_score":37,"source":"경기부동산포털 국공유지조회·연속지적도","source_date":"2026-08-11","installed_solar_match":false}},{"type":"Feature","id":"4163031021106820005","geometry":{"type":"Point","coordinates":[127.039204,37.8562866]},"properties":{"pnu":"4163031021106820005","municipality_code":"41630","municipality":"양주시","district":"양주시","locality":"은현면 용암리","address":"양주시 은현면 용암리 682-5","owner_type":"시·군유지","owner_label":"양주시","manager":"","property_class":"","land_category":"공장용지","area_sqm":186.0,"area_band":"100~500㎡","interest_category":"공장용지","solar_candidate":"검토필요","candidate_reason":"지목·면적 기준 1차 검토 대상; 면적 186㎡","priority_score":37,"source":"경기부동산포털 국공유지조회·연속지적도","source_date":"2026-08-11","installed_solar_match":false}},{"type":"Feature","id":"4163032027102380019","geometry":{"type":"Point","coordinates":[126.9966377,37.8610175]},"properties":{"pnu":"4163032027102380019","municipality_code":"41630","municipality":"양주시","district":"양주시","locality":"남면 상수리","address":"양주시 남면 상수리 238-19","owner_type":"시·군유지","owner_label":"양주시","manager":"","property_class":"","land_category":"공장용지","area_sqm":185.0,"area_band":"100~500㎡","interest_category":"공장용지","solar_candidate":"검토필요","candidate_reason":"지목·면적 기준 1차 검토 대상; 면적 185㎡","priority_score":37,"source":"경기부동산포털 국공유지조회·연속지적도","source_date":"2026-08-11","installed_solar_match":false}},{"type":"Feature","id":"4163011600107220002","geometry":{"type":"Point","coordinates":[127.044973,37.8122261]},"properties":{"pnu":"4163011600107220002","municipality_code":"41630","municipality":"양주시","district":"양주시","locality":"덕계동","address":"양주시 덕계동 722-2","owner_type":"시·군유지","owner_label":"양주시","manager":"","property_class":"","land_category":"공장용지","area_sqm":183.0,"area_band":"100~500㎡","interest_category":"공장용지","solar_candidate":"검토필요","candidate_reason":"지목·면적 기준 1차 검토 대상; 면적 183㎡","priority_score":37,"source":"경기부동산포털 국공유지조회·연속지적도","source_date":"2026-08-11","installed_solar_match":false}},{"type":"Feature","id":"4163011100105720041","geometry":{"type":"Point","coordinates":[127.0732975,37.8584146]},"properties":{"pnu":"4163011100105720041","municipality_code":"41630","municipality":"양주시","district":"양주시","locality":"봉양동","address":"양주시 봉양동 572-41","owner_type":"시·군유지","owner_label":"양주시","manager":"","property_class":"","land_category":"공장용지","area_sqm":177.0,"area_band":"100~500㎡","interest_category":"공장용지","solar_candidate":"검토필요","candidate_reason":"지목·면적 기준 1차 검토 대상; 면적 177㎡","priority_score":37,"source":"경기부동산포털 국공유지조회·연속지적도","source_date":"2026-08-11","installed_solar_match":false}},{"type":"Feature","id":"4163011200104110015","geometry":{"type":"Point","coordinates":[127.0895244,37.8424331]},"properties":{"pnu":"4163011200104110015","municipality_code":"41630","municipality":"양주시","district":"양주시","locality":"회암동","address":"양주시 회암동 411-15","owner_type":"시·군유지","owner_label":"양주시","manager":"","property_class":"","land_category":"공장용지","area_sqm":170.0,"area_band":"100~500㎡","interest_category":"공장용지","solar_candidate":"검토필요","candidate_reason":"지목·면적 기준 1차 검토 대상; 면적 170㎡","priority_score":37,"source":"경기부동산포털 국공유지조회·연속지적도","source_date":"2026-08-11","installed_solar_match":false}},{"type":"Feature","id":"4163033021102710029","geometry":{"type":"Point","coordinates":[126.9924587,37.8368314]},"properties":{"pnu":"4163033021102710029","municipality_code":"41630","municipality":"양주시","district":"양주시","locality":"광적면 가납리","address":"양주시 광적면 가납리 271-29","owner_type":"시·군유지","owner_label":"양주시","manager":"","property_class":"","land_category":"공장용지","area_sqm":166.0,"area_band":"100~500㎡","interest_category":"공장용지","solar_candidate":"검토필요","candidate_reason":"지목·면적 기준 1차 검토 대상; 면적 166㎡","priority_score":37,"source":"경기부동산포털 국공유지조회·연속지적도","source_date":"2026-08-11","installed_solar_match":false}},{"type":"Feature","id":"4163011700103950042","geometry":{"type":"Point","coordinates":[127.0559243,37.8292799]},"properties":{"pnu":"4163011700103950042","municipality_code":"41630","municipality":"양주시","district":"양주시","locality":"회정동","address":"양주시 회정동 395-42","owner_type":"시·군유지","owner_label":"양주시","manager":"","property_class":"","land_category":"공장용지","area_sqm":165.0,"area_band":"100~500㎡","interest_category":"공장용지","solar_candidate":"검토필요","candidate_reason":"지목·면적 기준 1차 검토 대상; 면적 165㎡","priority_score":37,"source":"경기부동산포털 국공유지조회·연속지적도","source_date":"2026-08-11","installed_solar_match":false}},{"type":"Feature","id":"4163033021103950008","geometry":{"type":"Point","coordinates":[126.9891576,37.8199975]},"properties":{"pnu":"4163033021103950008","municipality_code":"41630","municipality":"양주시","district":"양주시","locality":"광적면 가납리","address":"양주시 광적면 가납리 395-8","owner_type":"시·군유지","owner_label":"양주시","manager":"","property_class":"","land_category":"공장용지","area_sqm":165.0,"area_band":"100~500㎡","interest_category":"공장용지","solar_candidate":"검토필요","candidate_reason":"지목·면적 기준 1차 검토 대상; 면적 165㎡","priority_score":37,"source":"경기부동산포털 국공유지조회·연속지적도","source_date":"2026-08-11","installed_solar_match":false}},{"type":"Feature","id":"4163010800104030022","geometry":{"type":"Point","coordinates":[127.0986495,37.8077121]},"properties":{"pnu":"4163010800104030022","municipality_code":"41630","municipality":"양주시","district":"양주시","locality":"삼숭동","address":"양주시 삼숭동 403-22","owner_type":"시·군유지","owner_label":"양주시","manager":"","property_class":"","land_category":"공장용지","area_sqm":163.0,"area_band":"100~500㎡","interest_category":"공장용지","solar_candidate":"검토필요","candidate_reason":"지목·면적 기준 1차 검토 대상; 면적 163㎡","priority_score":37,"source":"경기부동산포털 국공유지조회·연속지적도","source_date":"2026-08-11","installed_solar_match":false}},{"type":"Feature","id":"4163011100104370023","geometry":{"type":"Point","coordinates":[127.073261,37.8619195]},"properties":{"pnu":"4163011100104370023","municipality_code":"41630","municipality":"양주시","district":"양주시","locality":"봉양동","address":"양주시 봉양동 437-23","owner_type":"시·군유지","owner_label":"양주시","manager":"","property_class":"","land_category":"공장용지","area_sqm":161.0,"area_band":"100~500㎡","interest_category":"공장용지","solar_candidate":"검토필요","candidate_reason":"지목·면적 기준 1차 검토 대상; 면적 161㎡","priority_score":37,"source":"경기부동산포털 국공유지조회·연속지적도","source_date":"2026-08-11","installed_solar_match":false}},{"type":"Feature","id":"4163011100105720055","geometry":{"type":"Point","coordinates":[127.0733853,37.8583593]},"properties":{"pnu":"4163011100105720055","municipality_code":"41630","municipality":"양주시","district":"양주시","locality":"봉양동","address":"양주시 봉양동 572-55","owner_type":"시·군유지","owner_label":"양주시","manager":"","property_class":"","land_category":"공장용지","area_sqm":160.0,"area_band":"100~500㎡","interest_category":"공장용지","solar_candidate":"검토필요","candidate_reason":"지목·면적 기준 1차 검토 대상; 면적 160㎡","priority_score":37,"source":"경기부동산포털 국공유지조회·연속지적도","source_date":"2026-08-11","installed_solar_match":false}},{"type":"Feature","id":"4163011500105150001","geometry":{"type":"Point","coordinates":[127.067097,37.8229966]},"properties":{"pnu":"4163011500105150001","municipality_code":"41630","municipality":"양주시","district":"양주시","locality":"고암동","address":"양주시 고암동 515-1","owner_type":"시·군유지","owner_label":"양주시","manager":"","property_class":"","land_category":"공장용지","area_sqm":158.0,"area_band":"100~500㎡","interest_category":"공장용지","solar_candidate":"검토필요","candidate_reason":"지목·면적 기준 1차 검토 대상; 면적 158㎡","priority_score":37,"source":"경기부동산포털 국공유지조회·연속지적도","source_date":"2026-08-11","installed_solar_match":false}},{"type":"Feature","id":"4163011600105140002","geometry":{"type":"Point","coordinates":[127.0483145,37.8235175]},"properties":{"pnu":"4163011600105140002","municipality_code":"41630","municipality":"양주시","district":"양주시","locality":"덕계동","address":"양주시 덕계동 514-2","owner_type":"시·군유지","owner_label":"양주시","manager":"","property_class":"","land_category":"공장용지","area_sqm":157.0,"area_band":"100~500㎡","interest_category":"공장용지","solar_candidate":"검토필요","candidate_reason":"지목·면적 기준 1차 검토 대상; 면적 157㎡","priority_score":37,"source":"경기부동산포털 국공유지조회·연속지적도","source_date":"2026-08-11","installed_solar_match":false}},{"type":"Feature","id":"4163011500104660021","geometry":{"type":"Point","coordinates":[127.0716508,37.8168426]},"properties":{"pnu":"4163011500104660021","municipality_code":"41630","municipality":"양주시","district":"양주시","locality":"고암동","address":"양주시 고암동 466-21","owner_type":"시·군유지","owner_label":"양주시","manager":"","property_class":"","land_category":"공장용지","area_sqm":154.0,"area_band":"100~500㎡","interest_category":"공장용지","solar_candidate":"검토필요","candidate_reason":"지목·면적 기준 1차 검토 대상; 면적 154㎡","priority_score":37,"source":"경기부동산포털 국공유지조회·연속지적도","source_date":"2026-08-11","installed_solar_match":false}},{"type":"Feature","id":"4163011100104110064","geometry":{"type":"Point","coordinates":[127.0757758,37.856134]},"properties":{"pnu":"4163011100104110064","municipality_code":"41630","municipality":"양주시","district":"양주시","locality":"봉양동","address":"양주시 봉양동 411-64","owner_type":"시·군유지","owner_label":"양주시","manager":"","property_class":"","land_category":"공장용지","area_sqm":153.0,"area_band":"100~500㎡","interest_category":"공장용지","solar_candidate":"검토필요","candidate_reason":"지목·면적 기준 1차 검토 대상; 면적 153㎡","priority_score":37,"source":"경기부동산포털 국공유지조회·연속지적도","source_date":"2026-08-11","installed_solar_match":false}},{"type":"Feature","id":"4163031026104250006","geometry":{"type":"Point","coordinates":[127.0022773,37.8450448]},"properties":{"pnu":"4163031026104250006","municipality_code":"41630","municipality":"양주시","district":"양주시","locality":"은현면 도하리","address":"양주시 은현면 도하리 425-6","owner_type":"시·군유지","owner_label":"양주시","manager":"","property_class":"","land_category":"공장용지","area_sqm":149.0,"area_band":"100~500㎡","interest_category":"공장용지","solar_candidate":"검토필요","candidate_reason":"지목·면적 기준 1차 검토 대상; 면적 149㎡","priority_score":37,"source":"경기부동산포털 국공유지조회·연속지적도","source_date":"2026-08-11","installed_solar_match":false}},{"type":"Feature","id":"4163011600105660025","geometry":{"type":"Point","coordinates":[127.042149,37.8263351]},"properties":{"pnu":"4163011600105660025","municipality_code":"41630","municipality":"양주시","district":"양주시","locality":"덕계동","address":"양주시 덕계동 566-25","owner_type":"시·군유지","owner_label":"양주시","manager":"","property_class":"","land_category":"공장용지","area_sqm":146.0,"area_band":"100~500㎡","interest_category":"공장용지","solar_candidate":"검토필요","candidate_reason":"지목·면적 기준 1차 검토 대상; 면적 146㎡","priority_score":37,"source":"경기부동산포털 국공유지조회·연속지적도","source_date":"2026-08-11","installed_solar_match":false}},{"type":"Feature","id":"4163032027104730014","geometry":{"type":"Point","coordinates":[126.9928347,37.8658344]},"properties":{"pnu":"4163032027104730014","municipality_code":"41630","municipality":"양주시","district":"양주시","locality":"남면 상수리","address":"양주시 남면 상수리 473-14","owner_type":"시·군유지","owner_label":"양주시","manager":"","property_class":"","land_category":"공장용지","area_sqm":143.0,"area_band":"100~500㎡","interest_category":"공장용지","solar_candidate":"검토필요","candidate_reason":"지목·면적 기준 1차 검토 대상; 면적 143㎡","priority_score":37,"source":"경기부동산포털 국공유지조회·연속지적도","source_date":"2026-08-11","installed_solar_match":false}},{"type":"Feature","id":"4163031021108410019","geometry":{"type":"Point","coordinates":[127.0345617,37.8522661]},"properties":{"pnu":"4163031021108410019","municipality_code":"41630","municipality":"양주시","district":"양주시","locality":"은현면 용암리","address":"양주시 은현면 용암리 841-19","owner_type":"시·군유지","owner_label":"양주시","manager":"","property_class":"","land_category":"공장용지","area_sqm":142.0,"area_band":"100~500㎡","interest_category":"공장용지","solar_candidate":"검토필요","candidate_reason":"지목·면적 기준 1차 검토 대상; 면적 142㎡","priority_score":37,"source":"경기부동산포털 국공유지조회·연속지적도","source_date":"2026-08-11","installed_solar_match":false}},{"type":"Feature","id":"4163011600106700023","geometry":{"type":"Point","coordinates":[127.0442977,37.8193931]},"properties":{"pnu":"4163011600106700023","municipality_code":"41630","municipality":"양주시","district":"양주시","locality":"덕계동","address":"양주시 덕계동 670-23","owner_type":"시·군유지","owner_label":"양주시","manager":"","property_class":"","land_category":"공장용지","area_sqm":141.0,"area_band":"100~500㎡","interest_category":"공장용지","solar_candidate":"검토필요","candidate_reason":"지목·면적 기준 1차 검토 대상; 면적 141㎡","priority_score":37,"source":"경기부동산포털 국공유지조회·연속지적도","source_date":"2026-08-11","installed_solar_match":false}},{"type":"Feature","id":"4163011100103750005","geometry":{"type":"Point","coordinates":[127.0779052,37.8520036]},"properties":{"pnu":"4163011100103750005","municipality_code":"41630","municipality":"양주시","district":"양주시","locality":"봉양동","address":"양주시 봉양동 375-5","owner_type":"시·군유지","owner_label":"양주시","manager":"","property_class":"","land_category":"공장용지","area_sqm":138.0,"area_band":"100~500㎡","interest_category":"공장용지","solar_candidate":"검토필요","candidate_reason":"지목·면적 기준 1차 검토 대상; 면적 138㎡","priority_score":37,"source":"경기부동산포털 국공유지조회·연속지적도","source_date":"2026-08-11","installed_solar_match":false}},{"type":"Feature","id":"4163031025109910003","geometry":{"type":"Point","coordinates":[127.0185031,37.8821873]},"properties":{"pnu":"4163031025109910003","municipality_code":"41630","municipality":"양주시","district":"양주시","locality":"은현면 하패리","address":"양주시 은현면 하패리 991-3","owner_type":"시·군유지","owner_label":"양주시","manager":"","property_class":"","land_category":"공장용지","area_sqm":137.0,"area_band":"100~500㎡","interest_category":"공장용지","solar_candidate":"검토필요","candidate_reason":"지목·면적 기준 1차 검토 대상; 면적 137㎡","priority_score":37,"source":"경기부동산포털 국공유지조회·연속지적도","source_date":"2026-08-11","installed_solar_match":false}},{"type":"Feature","id":"4163031026104300013","geometry":{"type":"Point","coordinates":[127.0020653,37.8466019]},"properties":{"pnu":"4163031026104300013","municipality_code":"41630","municipality":"양주시","district":"양주시","locality":"은현면 도하리","address":"양주시 은현면 도하리 430-13","owner_type":"시·군유지","owner_label":"양주시","manager":"","property_class":"","land_category":"공장용지","area_sqm":136.0,"area_band":"100~500㎡","interest_category":"공장용지","solar_candidate":"검토필요","candidate_reason":"지목·면적 기준 1차 검토 대상; 면적 136㎡","priority_score":37,"source":"경기부동산포털 국공유지조회·연속지적도","source_date":"2026-08-11","installed_solar_match":false}},{"type":"Feature","id":"4163011600101050006","geometry":{"type":"Point","coordinates":[127.060479,37.8113301]},"properties":{"pnu":"4163011600101050006","municipality_code":"41630","municipality":"양주시","district":"양주시","locality":"덕계동","address":"양주시 덕계동 105-6","owner_type":"시·군유지","owner_label":"양주시","manager":"","property_class":"","land_category":"공장용지","area_sqm":134.0,"area_band":"100~500㎡","interest_category":"공장용지","solar_candidate":"검토필요","candidate_reason":"지목·면적 기준 1차 검토 대상; 면적 134㎡","priority_score":37,"source":"경기부동산포털 국공유지조회·연속지적도","source_date":"2026-08-11","installed_solar_match":false}},{"type":"Feature","id":"4163010800104190006","geometry":{"type":"Point","coordinates":[127.1027235,37.8067718]},"properties":{"pnu":"4163010800104190006","municipality_code":"41630","municipality":"양주시","district":"양주시","locality":"삼숭동","address":"양주시 삼숭동 419-6","owner_type":"시·군유지","owner_label":"양주시","manager":"","property_class":"","land_category":"공장용지","area_sqm":131.0,"area_band":"100~500㎡","interest_category":"공장용지","solar_candidate":"검토필요","candidate_reason":"지목·면적 기준 1차 검토 대상; 면적 131㎡","priority_score":37,"source":"경기부동산포털 국공유지조회·연속지적도","source_date":"2026-08-11","installed_solar_match":false}},{"type":"Feature","id":"4163032027101470119","geometry":{"type":"Point","coordinates":[127.0026601,37.8683975]},"properties":{"pnu":"4163032027101470119","municipality_code":"41630","municipality":"양주시","district":"양주시","locality":"남면 상수리","address":"양주시 남면 상수리 147-119","owner_type":"시·군유지","owner_label":"양주시","manager":"","property_class":"","land_category":"공장용지","area_sqm":127.0,"area_band":"100~500㎡","interest_category":"공장용지","solar_candidate":"검토필요","candidate_reason":"지목·면적 기준 1차 검토 대상; 면적 127㎡","priority_score":37,"source":"경기부동산포털 국공유지조회·연속지적도","source_date":"2026-08-11","installed_solar_match":false}},{"type":"Feature","id":"4163011000102140033","geometry":{"type":"Point","coordinates":[127.0656564,37.8379539]},"properties":{"pnu":"4163011000102140033","municipality_code":"41630","municipality":"양주시","district":"양주시","locality":"덕정동","address":"양주시 덕정동 214-33","owner_type":"시·군유지","owner_label":"양주시","manager":"","property_class":"","land_category":"공장용지","area_sqm":126.0,"area_band":"100~500㎡","interest_category":"공장용지","solar_candidate":"검토필요","candidate_reason":"지목·면적 기준 1차 검토 대상; 면적 126㎡","priority_score":37,"source":"경기부동산포털 국공유지조회·연속지적도","source_date":"2026-08-11","installed_solar_match":false}},{"type":"Feature","id":"4163011600106690008","geometry":{"type":"Point","coordinates":[127.0448364,37.8209754]},"properties":{"pnu":"4163011600106690008","municipality_code":"41630","municipality":"양주시","district":"양주시","locality":"덕계동","address":"양주시 덕계동 669-8","owner_type":"시·군유지","owner_label":"양주시","manager":"","property_class":"","land_category":"공장용지","area_sqm":126.0,"area_band":"100~500㎡","interest_category":"공장용지","solar_candidate":"검토필요","candidate_reason":"지목·면적 기준 1차 검토 대상; 면적 126㎡","priority_score":37,"source":"경기부동산포털 국공유지조회·연속지적도","source_date":"2026-08-11","installed_solar_match":false}},{"type":"Feature","id":"4163025025100450007","geometry":{"type":"Point","coordinates":[126.9633012,37.8060962]},"properties":{"pnu":"4163025025100450007","municipality_code":"41630","municipality":"양주시","district":"양주시","locality":"백석읍 홍죽리","address":"양주시 백석읍 홍죽리 45-7","owner_type":"시·군유지","owner_label":"양주시","manager":"","property_class":"","land_category":"공장용지","area_sqm":124.0,"area_band":"100~500㎡","interest_category":"공장용지","solar_candidate":"검토필요","candidate_reason":"지목·면적 기준 1차 검토 대상; 면적 124㎡","priority_score":37,"source":"경기부동산포털 국공유지조회·연속지적도","source_date":"2026-08-11","installed_solar_match":false}},{"type":"Feature","id":"4163032027101470105","geometry":{"type":"Point","coordinates":[127.002529,37.8684089]},"properties":{"pnu":"4163032027101470105","municipality_code":"41630","municipality":"양주시","district":"양주시","locality":"남면 상수리","address":"양주시 남면 상수리 147-105","owner_type":"시·군유지","owner_label":"양주시","manager":"","property_class":"","land_category":"공장용지","area_sqm":124.0,"area_band":"100~500㎡","interest_category":"공장용지","solar_candidate":"검토필요","candidate_reason":"지목·면적 기준 1차 검토 대상; 면적 124㎡","priority_score":37,"source":"경기부동산포털 국공유지조회·연속지적도","source_date":"2026-08-11","installed_solar_match":false}},{"type":"Feature","id":"4163011100104080026","geometry":{"type":"Point","coordinates":[127.077381,37.8553361]},"properties":{"pnu":"4163011100104080026","municipality_code":"41630","municipality":"양주시","district":"양주시","locality":"봉양동","address":"양주시 봉양동 408-26","owner_type":"시·군유지","owner_label":"양주시","manager":"","property_class":"","land_category":"공장용지","area_sqm":123.0,"area_band":"100~500㎡","interest_category":"공장용지","solar_candidate":"검토필요","candidate_reason":"지목·면적 기준 1차 검토 대상; 면적 123㎡","priority_score":37,"source":"경기부동산포털 국공유지조회·연속지적도","source_date":"2026-08-11","installed_solar_match":false}},{"type":"Feature","id":"4163032026102310008","geometry":{"type":"Point","coordinates":[126.9811978,37.8542839]},"properties":{"pnu":"4163032026102310008","municipality_code":"41630","municipality":"양주시","district":"양주시","locality":"남면 경신리","address":"양주시 남면 경신리 231-8","owner_type":"시·군유지","owner_label":"양주시","manager":"","property_class":"","land_category":"공장용지","area_sqm":122.0,"area_band":"100~500㎡","interest_category":"공장용지","solar_candidate":"검토필요","candidate_reason":"지목·면적 기준 1차 검토 대상; 면적 122㎡","priority_score":37,"source":"경기부동산포털 국공유지조회·연속지적도","source_date":"2026-08-11","installed_solar_match":false}},{"type":"Feature","id":"4163032027104730010","geometry":{"type":"Point","coordinates":[126.9930141,37.8658612]},"properties":{"pnu":"4163032027104730010","municipality_code":"41630","municipality":"양주시","district":"양주시","locality":"남면 상수리","address":"양주시 남면 상수리 473-10","owner_type":"시·군유지","owner_label":"양주시","manager":"","property_class":"","land_category":"공장용지","area_sqm":122.0,"area_band":"100~500㎡","interest_category":"공장용지","solar_candidate":"검토필요","candidate_reason":"지목·면적 기준 1차 검토 대상; 면적 122㎡","priority_score":37,"source":"경기부동산포털 국공유지조회·연속지적도","source_date":"2026-08-11","installed_solar_match":false}},{"type":"Feature","id":"4163011700104530002","geometry":{"type":"Point","coordinates":[127.0514322,37.8322078]},"properties":{"pnu":"4163011700104530002","municipality_code":"41630","municipality":"양주시","district":"양주시","locality":"회정동","address":"양주시 회정동 453-2","owner_type":"시·군유지","owner_label":"양주시","manager":"","property_class":"","land_category":"공장용지","area_sqm":121.0,"area_band":"100~500㎡","interest_category":"공장용지","solar_candidate":"검토필요","candidate_reason":"지목·면적 기준 1차 검토 대상; 면적 121㎡","priority_score":37,"source":"경기부동산포털 국공유지조회·연속지적도","source_date":"2026-08-11","installed_solar_match":false}},{"type":"Feature","id":"4163033021105670018","geometry":{"type":"Point","coordinates":[126.9900314,37.8078656]},"properties":{"pnu":"4163033021105670018","municipality_code":"41630","municipality":"양주시","district":"양주시","locality":"광적면 가납리","address":"양주시 광적면 가납리 567-18","owner_type":"시·군유지","owner_label":"양주시","manager":"","property_class":"","land_category":"공장용지","area_sqm":120.0,"area_band":"100~500㎡","interest_category":"공장용지","solar_candidate":"검토필요","candidate_reason":"지목·면적 기준 1차 검토 대상; 면적 120㎡","priority_score":37,"source":"경기부동산포털 국공유지조회·연속지적도","source_date":"2026-08-11","installed_solar_match":false}},{"type":"Feature","id":"4163033026103630002","geometry":{"type":"Point","coordinates":[126.9725247,37.8532379]},"properties":{"pnu":"4163033026103630002","municipality_code":"41630","municipality":"양주시","district":"양주시","locality":"광적면 덕도리","address":"양주시 광적면 덕도리 363-2","owner_type":"시·군유지","owner_label":"양주시","manager":"","property_class":"","land_category":"공장용지","area_sqm":120.0,"area_band":"100~500㎡","interest_category":"공장용지","solar_candidate":"검토필요","candidate_reason":"지목·면적 기준 1차 검토 대상; 면적 120㎡","priority_score":37,"source":"경기부동산포털 국공유지조회·연속지적도","source_date":"2026-08-11","installed_solar_match":false}},{"type":"Feature","id":"4163011300103010015","geometry":{"type":"Point","coordinates":[127.1011472,37.8406745]},"properties":{"pnu":"4163011300103010015","municipality_code":"41630","municipality":"양주시","district":"양주시","locality":"율정동","address":"양주시 율정동 301-15","owner_type":"시·군유지","owner_label":"양주시","manager":"","property_class":"","land_category":"공장용지","area_sqm":114.0,"area_band":"100~500㎡","interest_category":"공장용지","solar_candidate":"검토필요","candidate_reason":"지목·면적 기준 1차 검토 대상; 면적 114㎡","priority_score":37,"source":"경기부동산포털 국공유지조회·연속지적도","source_date":"2026-08-11","installed_solar_match":false}},{"type":"Feature","id":"4163011500104660002","geometry":{"type":"Point","coordinates":[127.0716231,37.8167847]},"properties":{"pnu":"4163011500104660002","municipality_code":"41630","municipality":"양주시","district":"양주시","locality":"고암동","address":"양주시 고암동 466-2","owner_type":"시·군유지","owner_label":"양주시","manager":"","property_class":"","land_category":"공장용지","area_sqm":113.0,"area_band":"100~500㎡","interest_category":"공장용지","solar_candidate":"검토필요","candidate_reason":"지목·면적 기준 1차 검토 대상; 면적 113㎡","priority_score":37,"source":"경기부동산포털 국공유지조회·연속지적도","source_date":"2026-08-11","installed_solar_match":false}},{"type":"Feature","id":"4163025023101980011","geometry":{"type":"Point","coordinates":[126.9923064,37.7918204]},"properties":{"pnu":"4163025023101980011","municipality_code":"41630","municipality":"양주시","district":"양주시","locality":"백석읍 복지리","address":"양주시 백석읍 복지리 198-11","owner_type":"시·군유지","owner_label":"양주시","manager":"","property_class":"","land_category":"공장용지","area_sqm":111.0,"area_band":"100~500㎡","interest_category":"공장용지","solar_candidate":"검토필요","candidate_reason":"지목·면적 기준 1차 검토 대상; 면적 111㎡","priority_score":37,"source":"경기부동산포털 국공유지조회·연속지적도","source_date":"2026-08-11","installed_solar_match":false}},{"type":"Feature","id":"4163033021102450074","geometry":{"type":"Point","coordinates":[126.9957219,37.8356149]},"properties":{"pnu":"4163033021102450074","municipality_code":"41630","municipality":"양주시","district":"양주시","locality":"광적면 가납리","address":"양주시 광적면 가납리 245-74","owner_type":"시·군유지","owner_label":"양주시","manager":"","property_class":"","land_category":"공장용지","area_sqm":111.0,"area_band":"100~500㎡","interest_category":"공장용지","solar_candidate":"검토필요","candidate_reason":"지목·면적 기준 1차 검토 대상; 면적 111㎡","priority_score":37,"source":"경기부동산포털 국공유지조회·연속지적도","source_date":"2026-08-11","installed_solar_match":false}},{"type":"Feature","id":"4163011100105700014","geometry":{"type":"Point","coordinates":[127.0729776,37.8587781]},"properties":{"pnu":"4163011100105700014","municipality_code":"41630","municipality":"양주시","district":"양주시","locality":"봉양동","address":"양주시 봉양동 570-14","owner_type":"시·군유지","owner_label":"양주시","manager":"","property_class":"","land_category":"공장용지","area_sqm":109.0,"area_band":"100~500㎡","interest_category":"공장용지","solar_candidate":"검토필요","candidate_reason":"지목·면적 기준 1차 검토 대상; 면적 109㎡","priority_score":37,"source":"경기부동산포털 국공유지조회·연속지적도","source_date":"2026-08-11","installed_solar_match":false}},{"type":"Feature","id":"4163031021105450016","geometry":{"type":"Point","coordinates":[127.0411031,37.862115]},"properties":{"pnu":"4163031021105450016","municipality_code":"41630","municipality":"양주시","district":"양주시","locality":"은현면 용암리","address":"양주시 은현면 용암리 545-16","owner_type":"시·군유지","owner_label":"양주시","manager":"","property_class":"","land_category":"공장용지","area_sqm":109.0,"area_band":"100~500㎡","interest_category":"공장용지","solar_candidate":"검토필요","candidate_reason":"지목·면적 기준 1차 검토 대상; 면적 109㎡","priority_score":37,"source":"경기부동산포털 국공유지조회·연속지적도","source_date":"2026-08-11","installed_solar_match":false}},{"type":"Feature","id":"4163011100105770003","geometry":{"type":"Point","coordinates":[127.0741783,37.857245]},"properties":{"pnu":"4163011100105770003","municipality_code":"41630","municipality":"양주시","district":"양주시","locality":"봉양동","address":"양주시 봉양동 577-3","owner_type":"시·군유지","owner_label":"양주시","manager":"","property_class":"","land_category":"공장용지","area_sqm":103.0,"area_band":"100~500㎡","interest_category":"공장용지","solar_candidate":"검토필요","candidate_reason":"지목·면적 기준 1차 검토 대상; 면적 103㎡","priority_score":37,"source":"경기부동산포털 국공유지조회·연속지적도","source_date":"2026-08-11","installed_solar_match":false}},{"type":"Feature","id":"4163031026102240007","geometry":{"type":"Point","coordinates":[127.0058232,37.8457857]},"properties":{"pnu":"4163031026102240007","municipality_code":"41630","municipality":"양주시","district":"양주시","locality":"은현면 도하리","address":"양주시 은현면 도하리 224-7","owner_type":"시·군유지","owner_label":"양주시","manager":"","property_class":"","land_category":"공장용지","area_sqm":103.0,"area_band":"100~500㎡","interest_category":"공장용지","solar_candidate":"검토필요","candidate_reason":"지목·면적 기준 1차 검토 대상; 면적 103㎡","priority_score":37,"source":"경기부동산포털 국공유지조회·연속지적도","source_date":"2026-08-11","installed_solar_match":false}},{"type":"Feature","id":"4163011100108940002","geometry":{"type":"Point","coordinates":[127.0614747,37.8603272]},"properties":{"pnu":"4163011100108940002","municipality_code":"41630","municipality":"양주시","district":"양주시","locality":"봉양동","address":"양주시 봉양동 894-2","owner_type":"시·군유지","owner_label":"양주시","manager":"","property_class":"","land_category":"공장용지","area_sqm":102.0,"area_band":"100~500㎡","interest_category":"공장용지","solar_candidate":"검토필요","candidate_reason":"지목·면적 기준 1차 검토 대상; 면적 102㎡","priority_score":37,"source":"경기부동산포털 국공유지조회·연속지적도","source_date":"2026-08-11","installed_solar_match":false}},{"type":"Feature","id":"4163011600100130005","geometry":{"type":"Point","coordinates":[127.0608035,37.8059099]},"properties":{"pnu":"4163011600100130005","municipality_code":"41630","municipality":"양주시","district":"양주시","locality":"덕계동","address":"양주시 덕계동 13-5","owner_type":"시·군유지","owner_label":"양주시","manager":"","property_class":"","land_category":"공장용지","area_sqm":101.0,"area_band":"100~500㎡","interest_category":"공장용지","solar_candidate":"검토필요","candidate_reason":"지목·면적 기준 1차 검토 대상; 면적 101㎡","priority_score":37,"source":"경기부동산포털 국공유지조회·연속지적도","source_date":"2026-08-11","installed_solar_match":false}},{"type":"Feature","id":"4163010800200290000","geometry":{"type":"Point","coordinates":[127.1122945,37.81358]},"properties":{"pnu":"4163010800200290000","municipality_code":"41630","municipality":"양주시","district":"양주시","locality":"삼숭동","address":"양주시 삼숭동 산29","owner_type":"시·군유지","owner_label":"양주시","manager":"","property_class":"","land_category":"도로","area_sqm":4948.0,"area_band":"3,000~5,000㎡","interest_category":"도로","solar_candidate":"검토필요","candidate_reason":"도로점용 및 실제 이용형태 추가 검토 필요; 면적 4,948㎡","priority_score":35,"source":"경기부동산포털 국공유지조회·연속지적도","source_date":"2026-08-11","installed_solar_match":false}},{"type":"Feature","id":"4163011000103500139","geometry":{"type":"Point","coordinates":[127.0619937,37.8450135]},"properties":{"pnu":"4163011000103500139","municipality_code":"41630","municipality":"양주시","district":"양주시","locality":"덕정동","address":"양주시 덕정동 350-139","owner_type":"시·군유지","owner_label":"양주시","manager":"","property_class":"","land_category":"도로","area_sqm":4940.0,"area_band":"3,000~5,000㎡","interest_category":"도로","solar_candidate":"검토필요","candidate_reason":"도로점용 및 실제 이용형태 추가 검토 필요; 면적 4,940㎡","priority_score":35,"source":"경기부동산포털 국공유지조회·연속지적도","source_date":"2026-08-11","installed_solar_match":false}},{"type":"Feature","id":"4163011400110250007","geometry":{"type":"Point","coordinates":[127.1004201,37.8317731]},"properties":{"pnu":"4163011400110250007","municipality_code":"41630","municipality":"양주시","district":"양주시","locality":"옥정동","address":"양주시 옥정동 1025-7","owner_type":"시·군유지","owner_label":"양주시","manager":"","property_class":"","land_category":"도로","area_sqm":4929.6,"area_band":"3,000~5,000㎡","interest_category":"도로","solar_candidate":"검토필요","candidate_reason":"도로점용 및 실제 이용형태 추가 검토 필요; 면적 4,930㎡","priority_score":35,"source":"경기부동산포털 국공유지조회·연속지적도","source_date":"2026-08-11","installed_solar_match":false}},{"type":"Feature","id":"4163010900101180002","geometry":{"type":"Point","coordinates":[127.0785055,37.8026903]},"properties":{"pnu":"4163010900101180002","municipality_code":"41630","municipality":"양주시","district":"양주시","locality":"고읍동","address":"양주시 고읍동 118-2","owner_type":"시·군유지","owner_label":"양주시","manager":"","property_class":"","land_category":"도로","area_sqm":4861.0,"area_band":"3,000~5,000㎡","interest_category":"도로","solar_candidate":"검토필요","candidate_reason":"도로점용 및 실제 이용형태 추가 검토 필요; 면적 4,861㎡","priority_score":35,"source":"경기부동산포털 국공유지조회·연속지적도","source_date":"2026-08-11","installed_solar_match":false}},{"type":"Feature","id":"4163011500102330000","geometry":{"type":"Point","coordinates":[127.068635,37.8314717]},"properties":{"pnu":"4163011500102330000","municipality_code":"41630","municipality":"양주시","district":"양주시","locality":"고암동","address":"양주시 고암동 233","owner_type":"시·군유지","owner_label":"양주시","manager":"","property_class":"","land_category":"도로","area_sqm":4836.4,"area_band":"3,000~5,000㎡","interest_category":"도로","solar_candidate":"검토필요","candidate_reason":"도로점용 및 실제 이용형태 추가 검토 필요; 면적 4,836㎡","priority_score":35,"source":"경기부동산포털 국공유지조회·연속지적도","source_date":"2026-08-11","installed_solar_match":false}},{"type":"Feature","id":"4163010400103970009","geometry":{"type":"Point","coordinates":[127.0551254,37.7670969]},"properties":{"pnu":"4163010400103970009","municipality_code":"41630","municipality":"양주시","district":"양주시","locality":"마전동","address":"양주시 마전동 397-9","owner_type":"시·군유지","owner_label":"양주시","manager":"","property_class":"","land_category":"도로","area_sqm":4830.0,"area_band":"3,000~5,000㎡","interest_category":"도로","solar_candidate":"검토필요","candidate_reason":"도로점용 및 실제 이용형태 추가 검토 필요; 면적 4,830㎡","priority_score":35,"source":"경기부동산포털 국공유지조회·연속지적도","source_date":"2026-08-11","installed_solar_match":false}},{"type":"Feature","id":"4163010400100360035","geometry":{"type":"Point","coordinates":[127.0601175,37.7821914]},"properties":{"pnu":"4163010400100360035","municipality_code":"41630","municipality":"양주시","district":"양주시","locality":"마전동","address":"양주시 마전동 36-35","owner_type":"시·군유지","owner_label":"양주시","manager":"","property_class":"","land_category":"도로","area_sqm":4829.0,"area_band":"3,000~5,000㎡","interest_category":"도로","solar_candidate":"검토필요","candidate_reason":"도로점용 및 실제 이용형태 추가 검토 필요; 면적 4,829㎡","priority_score":35,"source":"경기부동산포털 국공유지조회·연속지적도","source_date":"2026-08-11","installed_solar_match":false}},{"type":"Feature","id":"4163033021108770000","geometry":{"type":"Point","coordinates":[126.985325,37.8222839]},"properties":{"pnu":"4163033021108770000","municipality_code":"41630","municipality":"양주시","district":"양주시","locality":"광적면 가납리","address":"양주시 광적면 가납리 877","owner_type":"시·군유지","owner_label":"양주시","manager":"","property_class":"","land_category":"도로","area_sqm":4771.9,"area_band":"3,000~5,000㎡","interest_category":"도로","solar_candidate":"검토필요","candidate_reason":"도로점용 및 실제 이용형태 추가 검토 필요; 면적 4,772㎡","priority_score":35,"source":"경기부동산포털 국공유지조회·연속지적도","source_date":"2026-08-11","installed_solar_match":false}},{"type":"Feature","id":"4163011400110520006","geometry":{"type":"Point","coordinates":[127.0926683,37.8150534]},"properties":{"pnu":"4163011400110520006","municipality_code":"41630","municipality":"양주시","district":"양주시","locality":"옥정동","address":"양주시 옥정동 1052-6","owner_type":"시·군유지","owner_label":"양주시","manager":"","property_class":"","land_category":"도로","area_sqm":4757.4,"area_band":"3,000~5,000㎡","interest_category":"도로","solar_candidate":"검토필요","candidate_reason":"도로점용 및 실제 이용형태 추가 검토 필요; 면적 4,757㎡","priority_score":35,"source":"경기부동산포털 국공유지조회·연속지적도","source_date":"2026-08-11","installed_solar_match":false}},{"type":"Feature","id":"4163011400109580005","geometry":{"type":"Point","coordinates":[127.0902821,37.822492]},"properties":{"pnu":"4163011400109580005","municipality_code":"41630","municipality":"양주시","district":"양주시","locality":"옥정동","address":"양주시 옥정동 958-5","owner_type":"시·군유지","owner_label":"양주시","manager":"","property_class":"","land_category":"도로","area_sqm":4716.1,"area_band":"3,000~5,000㎡","interest_category":"도로","solar_candidate":"검토필요","candidate_reason":"도로점용 및 실제 이용형태 추가 검토 필요; 면적 4,716㎡","priority_score":35,"source":"경기부동산포털 국공유지조회·연속지적도","source_date":"2026-08-11","installed_solar_match":false}},{"type":"Feature","id":"4163011500200240004","geometry":{"type":"Point","coordinates":[127.0770154,37.8374072]},"properties":{"pnu":"4163011500200240004","municipality_code":"41630","municipality":"양주시","district":"양주시","locality":"고암동","address":"양주시 고암동 산24-4","owner_type":"시·군유지","owner_label":"양주시","manager":"","property_class":"","land_category":"도로","area_sqm":4707.0,"area_band":"3,000~5,000㎡","interest_category":"도로","solar_candidate":"검토필요","candidate_reason":"도로점용 및 실제 이용형태 추가 검토 필요; 면적 4,707㎡","priority_score":35,"source":"경기부동산포털 국공유지조회·연속지적도","source_date":"2026-08-11","installed_solar_match":false}},{"type":"Feature","id":"4163025025100360005","geometry":{"type":"Point","coordinates":[126.9695833,37.804831]},"properties":{"pnu":"4163025025100360005","municipality_code":"41630","municipality":"양주시","district":"양주시","locality":"백석읍 홍죽리","address":"양주시 백석읍 홍죽리 36-5","owner_type":"시·군유지","owner_label":"양주시","manager":"","property_class":"","land_category":"도로","area_sqm":4700.0,"area_band":"3,000~5,000㎡","interest_category":"도로","solar_candidate":"검토필요","candidate_reason":"도로점용 및 실제 이용형태 추가 검토 필요; 면적 4,700㎡","priority_score":35,"source":"경기부동산포털 국공유지조회·연속지적도","source_date":"2026-08-11","installed_solar_match":false}},{"type":"Feature","id":"4163010200103440007","geometry":{"type":"Point","coordinates":[127.0172158,37.7766997]},"properties":{"pnu":"4163010200103440007","municipality_code":"41630","municipality":"양주시","district":"양주시","locality":"어둔동","address":"양주시 어둔동 344-7","owner_type":"시·군유지","owner_label":"양주시","manager":"","property_class":"","land_category":"도로","area_sqm":4673.0,"area_band":"3,000~5,000㎡","interest_category":"도로","solar_candidate":"검토필요","candidate_reason":"도로점용 및 실제 이용형태 추가 검토 필요; 면적 4,673㎡","priority_score":35,"source":"경기부동산포털 국공유지조회·연속지적도","source_date":"2026-08-11","installed_solar_match":false}},{"type":"Feature","id":"4163010800106960000","geometry":{"type":"Point","coordinates":[127.0917486,37.8046239]},"properties":{"pnu":"4163010800106960000","municipality_code":"41630","municipality":"양주시","district":"양주시","locality":"삼숭동","address":"양주시 삼숭동 696","owner_type":"시·군유지","owner_label":"양주시","manager":"","property_class":"","land_category":"도로","area_sqm":4659.3,"area_band":"3,000~5,000㎡","interest_category":"도로","solar_candidate":"검토필요","candidate_reason":"도로점용 및 실제 이용형태 추가 검토 필요; 면적 4,659㎡","priority_score":35,"source":"경기부동산포털 국공유지조회·연속지적도","source_date":"2026-08-11","installed_solar_match":false}},{"type":"Feature","id":"4163033021108550002","geometry":{"type":"Point","coordinates":[126.9839772,37.8269057]},"properties":{"pnu":"4163033021108550002","municipality_code":"41630","municipality":"양주시","district":"양주시","locality":"광적면 가납리","address":"양주시 광적면 가납리 855-2","owner_type":"시·군유지","owner_label":"양주시","manager":"","property_class":"","land_category":"도로","area_sqm":4615.1,"area_band":"3,000~5,000㎡","interest_category":"도로","solar_candidate":"검토필요","candidate_reason":"도로점용 및 실제 이용형태 추가 검토 필요; 면적 4,615㎡","priority_score":35,"source":"경기부동산포털 국공유지조회·연속지적도","source_date":"2026-08-11","installed_solar_match":false}},{"type":"Feature","id":"4163011500105790003","geometry":{"type":"Point","coordinates":[127.0734042,37.8347617]},"properties":{"pnu":"4163011500105790003","municipality_code":"41630","municipality":"양주시","district":"양주시","locality":"고암동","address":"양주시 고암동 579-3","owner_type":"시·군유지","owner_label":"양주시","manager":"","property_class":"","land_category":"도로","area_sqm":4612.9,"area_band":"3,000~5,000㎡","interest_category":"도로","solar_candidate":"검토필요","candidate_reason":"도로점용 및 실제 이용형태 추가 검토 필요; 면적 4,613㎡","priority_score":35,"source":"경기부동산포털 국공유지조회·연속지적도","source_date":"2026-08-11","installed_solar_match":false}},{"type":"Feature","id":"4163010400200790001","geometry":{"type":"Point","coordinates":[127.0526297,37.7663207]},"properties":{"pnu":"4163010400200790001","municipality_code":"41630","municipality":"양주시","district":"양주시","locality":"마전동","address":"양주시 마전동 산79-1","owner_type":"시·군유지","owner_label":"양주시","manager":"","property_class":"","land_category":"도로","area_sqm":4593.0,"area_band":"3,000~5,000㎡","interest_category":"도로","solar_candidate":"검토필요","candidate_reason":"도로점용 및 실제 이용형태 추가 검토 필요; 면적 4,593㎡","priority_score":35,"source":"경기부동산포털 국공유지조회·연속지적도","source_date":"2026-08-11","installed_solar_match":false}},{"type":"Feature","id":"4163011500105490031","geometry":{"type":"Point","coordinates":[127.067783,37.8276725]},"properties":{"pnu":"4163011500105490031","municipality_code":"41630","municipality":"양주시","district":"양주시","locality":"고암동","address":"양주시 고암동 549-31","owner_type":"시·군유지","owner_label":"양주시","manager":"","property_class":"","land_category":"도로","area_sqm":4591.0,"area_band":"3,000~5,000㎡","interest_category":"도로","solar_candidate":"검토필요","candidate_reason":"도로점용 및 실제 이용형태 추가 검토 필요; 면적 4,591㎡","priority_score":35,"source":"경기부동산포털 국공유지조회·연속지적도","source_date":"2026-08-11","installed_solar_match":false}},{"type":"Feature","id":"4163010700103450001","geometry":{"type":"Point","coordinates":[127.0885204,37.7917971]},"properties":{"pnu":"4163010700103450001","municipality_code":"41630","municipality":"양주시","district":"양주시","locality":"만송동","address":"양주시 만송동 345-1","owner_type":"시·군유지","owner_label":"양주시","manager":"","property_class":"","land_category":"도로","area_sqm":4576.0,"area_band":"3,000~5,000㎡","interest_category":"도로","solar_candidate":"검토필요","candidate_reason":"도로점용 및 실제 이용형태 추가 검토 필요; 면적 4,576㎡","priority_score":35,"source":"경기부동산포털 국공유지조회·연속지적도","source_date":"2026-08-11","installed_solar_match":false}},{"type":"Feature","id":"4163011600109310000","geometry":{"type":"Point","coordinates":[127.0559745,37.8189053]},"properties":{"pnu":"4163011600109310000","municipality_code":"41630","municipality":"양주시","district":"양주시","locality":"덕계동","address":"양주시 덕계동 931","owner_type":"시·군유지","owner_label":"양주시","manager":"","property_class":"","land_category":"도로","area_sqm":4548.7,"area_band":"3,000~5,000㎡","interest_category":"도로","solar_candidate":"검토필요","candidate_reason":"도로점용 및 실제 이용형태 추가 검토 필요; 면적 4,549㎡","priority_score":35,"source":"경기부동산포털 국공유지조회·연속지적도","source_date":"2026-08-11","installed_solar_match":false}},{"type":"Feature","id":"4163033023200090001","geometry":{"type":"Point","coordinates":[126.9562286,37.8294922]},"properties":{"pnu":"4163033023200090001","municipality_code":"41630","municipality":"양주시","district":"양주시","locality":"광적면 우고리","address":"양주시 광적면 우고리 산9-1","owner_type":"시·군유지","owner_label":"양주시","manager":"","property_class":"","land_category":"도로","area_sqm":4514.0,"area_band":"3,000~5,000㎡","interest_category":"도로","solar_candidate":"검토필요","candidate_reason":"도로점용 및 실제 이용형태 추가 검토 필요; 면적 4,514㎡","priority_score":35,"source":"경기부동산포털 국공유지조회·연속지적도","source_date":"2026-08-11","installed_solar_match":false}},{"type":"Feature","id":"4163033023103510005","geometry":{"type":"Point","coordinates":[126.9542556,37.8287551]},"properties":{"pnu":"4163033023103510005","municipality_code":"41630","municipality":"양주시","district":"양주시","locality":"광적면 우고리","address":"양주시 광적면 우고리 351-5","owner_type":"시·군유지","owner_label":"양주시","manager":"","property_class":"","land_category":"도로","area_sqm":4497.0,"area_band":"3,000~5,000㎡","interest_category":"도로","solar_candidate":"검토필요","candidate_reason":"도로점용 및 실제 이용형태 추가 검토 필요; 면적 4,497㎡","priority_score":35,"source":"경기부동산포털 국공유지조회·연속지적도","source_date":"2026-08-11","installed_solar_match":false}},{"type":"Feature","id":"4163025026100860005","geometry":{"type":"Point","coordinates":[126.9542214,37.8165384]},"properties":{"pnu":"4163025026100860005","municipality_code":"41630","municipality":"양주시","district":"양주시","locality":"백석읍 연곡리","address":"양주시 백석읍 연곡리 86-5","owner_type":"시·군유지","owner_label":"양주시","manager":"","property_class":"","land_category":"도로","area_sqm":4477.0,"area_band":"3,000~5,000㎡","interest_category":"도로","solar_candidate":"검토필요","candidate_reason":"도로점용 및 실제 이용형태 추가 검토 필요; 면적 4,477㎡","priority_score":35,"source":"경기부동산포털 국공유지조회·연속지적도","source_date":"2026-08-11","installed_solar_match":false}},{"type":"Feature","id":"4163025023102970005","geometry":{"type":"Point","coordinates":[126.9831715,37.7846984]},"properties":{"pnu":"4163025023102970005","municipality_code":"41630","municipality":"양주시","district":"양주시","locality":"백석읍 복지리","address":"양주시 백석읍 복지리 297-5","owner_type":"시·군유지","owner_label":"양주시","manager":"","property_class":"","land_category":"도로","area_sqm":4475.0,"area_band":"3,000~5,000㎡","interest_category":"도로","solar_candidate":"검토필요","candidate_reason":"도로점용 및 실제 이용형태 추가 검토 필요; 면적 4,475㎡","priority_score":35,"source":"경기부동산포털 국공유지조회·연속지적도","source_date":"2026-08-11","installed_solar_match":false}},{"type":"Feature","id":"4163011500101190003","geometry":{"type":"Point","coordinates":[127.0704356,37.8347523]},"properties":{"pnu":"4163011500101190003","municipality_code":"41630","municipality":"양주시","district":"양주시","locality":"고암동","address":"양주시 고암동 119-3","owner_type":"시·군유지","owner_label":"양주시","manager":"","property_class":"","land_category":"도로","area_sqm":4462.5,"area_band":"3,000~5,000㎡","interest_category":"도로","solar_candidate":"검토필요","candidate_reason":"도로점용 및 실제 이용형태 추가 검토 필요; 면적 4,462㎡","priority_score":35,"source":"경기부동산포털 국공유지조회·연속지적도","source_date":"2026-08-11","installed_solar_match":false}},{"type":"Feature","id":"4163011400109870005","geometry":{"type":"Point","coordinates":[127.094655,37.8386131]},"properties":{"pnu":"4163011400109870005","municipality_code":"41630","municipality":"양주시","district":"양주시","locality":"옥정동","address":"양주시 옥정동 987-5","owner_type":"시·군유지","owner_label":"양주시","manager":"","property_class":"","land_category":"도로","area_sqm":4457.1,"area_band":"3,000~5,000㎡","interest_category":"도로","solar_candidate":"검토필요","candidate_reason":"도로점용 및 실제 이용형태 추가 검토 필요; 면적 4,457㎡","priority_score":35,"source":"경기부동산포털 국공유지조회·연속지적도","source_date":"2026-08-11","installed_solar_match":false}},{"type":"Feature","id":"4163031025103880016","geometry":{"type":"Point","coordinates":[127.035695,37.8948572]},"properties":{"pnu":"4163031025103880016","municipality_code":"41630","municipality":"양주시","district":"양주시","locality":"은현면 하패리","address":"양주시 은현면 하패리 388-16","owner_type":"시·군유지","owner_label":"양주시","manager":"","property_class":"","land_category":"도로","area_sqm":4412.0,"area_band":"3,000~5,000㎡","interest_category":"도로","solar_candidate":"검토필요","candidate_reason":"도로점용 및 실제 이용형태 추가 검토 필요; 면적 4,412㎡","priority_score":35,"source":"경기부동산포털 국공유지조회·연속지적도","source_date":"2026-08-11","installed_solar_match":false}},{"type":"Feature","id":"4163011600201270002","geometry":{"type":"Point","coordinates":[127.0588821,37.8080225]},"properties":{"pnu":"4163011600201270002","municipality_code":"41630","municipality":"양주시","district":"양주시","locality":"덕계동","address":"양주시 덕계동 산127-2","owner_type":"시·군유지","owner_label":"양주시","manager":"","property_class":"","land_category":"도로","area_sqm":4355.0,"area_band":"3,000~5,000㎡","interest_category":"도로","solar_candidate":"검토필요","candidate_reason":"도로점용 및 실제 이용형태 추가 검토 필요; 면적 4,355㎡","priority_score":35,"source":"경기부동산포털 국공유지조회·연속지적도","source_date":"2026-08-11","installed_solar_match":false}},{"type":"Feature","id":"4163011400110420002","geometry":{"type":"Point","coordinates":[127.0997584,37.8276244]},"properties":{"pnu":"4163011400110420002","municipality_code":"41630","municipality":"양주시","district":"양주시","locality":"옥정동","address":"양주시 옥정동 1042-2","owner_type":"시·군유지","owner_label":"양주시","manager":"","property_class":"","land_category":"도로","area_sqm":4345.6,"area_band":"3,000~5,000㎡","interest_category":"도로","solar_candidate":"검토필요","candidate_reason":"도로점용 및 실제 이용형태 추가 검토 필요; 면적 4,346㎡","priority_score":35,"source":"경기부동산포털 국공유지조회·연속지적도","source_date":"2026-08-11","installed_solar_match":false}},{"type":"Feature","id":"4163011600109210000","geometry":{"type":"Point","coordinates":[127.0563326,37.8200624]},"properties":{"pnu":"4163011600109210000","municipality_code":"41630","municipality":"양주시","district":"양주시","locality":"덕계동","address":"양주시 덕계동 921","owner_type":"시·군유지","owner_label":"양주시","manager":"","property_class":"","land_category":"도로","area_sqm":4327.1,"area_band":"3,000~5,000㎡","interest_category":"도로","solar_candidate":"검토필요","candidate_reason":"도로점용 및 실제 이용형태 추가 검토 필요; 면적 4,327㎡","priority_score":35,"source":"경기부동산포털 국공유지조회·연속지적도","source_date":"2026-08-11","installed_solar_match":false}},{"type":"Feature","id":"4163033027107230001","geometry":{"type":"Point","coordinates":[126.9815038,37.828722]},"properties":{"pnu":"4163033027107230001","municipality_code":"41630","municipality":"양주시","district":"양주시","locality":"광적면 석우리","address":"양주시 광적면 석우리 723-1","owner_type":"시·군유지","owner_label":"양주시","manager":"","property_class":"","land_category":"도로","area_sqm":4325.6,"area_band":"3,000~5,000㎡","interest_category":"도로","solar_candidate":"검토필요","candidate_reason":"도로점용 및 실제 이용형태 추가 검토 필요; 면적 4,326㎡","priority_score":35,"source":"경기부동산포털 국공유지조회·연속지적도","source_date":"2026-08-11","installed_solar_match":false}},{"type":"Feature","id":"4163032029101030006","geometry":{"type":"Point","coordinates":[127.0021152,37.8965128]},"properties":{"pnu":"4163032029101030006","municipality_code":"41630","municipality":"양주시","district":"양주시","locality":"남면 한산리","address":"양주시 남면 한산리 103-6","owner_type":"시·군유지","owner_label":"양주시","manager":"","property_class":"","land_category":"도로","area_sqm":4320.0,"area_band":"3,000~5,000㎡","interest_category":"도로","solar_candidate":"검토필요","candidate_reason":"도로점용 및 실제 이용형태 추가 검토 필요; 면적 4,320㎡","priority_score":35,"source":"경기부동산포털 국공유지조회·연속지적도","source_date":"2026-08-11","installed_solar_match":false}},{"type":"Feature","id":"4163010700102590004","geometry":{"type":"Point","coordinates":[127.0855152,37.7995632]},"properties":{"pnu":"4163010700102590004","municipality_code":"41630","municipality":"양주시","district":"양주시","locality":"만송동","address":"양주시 만송동 259-4","owner_type":"시·군유지","owner_label":"양주시","manager":"","property_class":"","land_category":"도로","area_sqm":4302.0,"area_band":"3,000~5,000㎡","interest_category":"도로","solar_candidate":"검토필요","candidate_reason":"도로점용 및 실제 이용형태 추가 검토 필요; 면적 4,302㎡","priority_score":35,"source":"경기부동산포털 국공유지조회·연속지적도","source_date":"2026-08-11","installed_solar_match":false}},{"type":"Feature","id":"4163011000102350006","geometry":{"type":"Point","coordinates":[127.063419,37.8359548]},"properties":{"pnu":"4163011000102350006","municipality_code":"41630","municipality":"양주시","district":"양주시","locality":"덕정동","address":"양주시 덕정동 235-6","owner_type":"시·군유지","owner_label":"양주시","manager":"","property_class":"","land_category":"도로","area_sqm":4284.4,"area_band":"3,000~5,000㎡","interest_category":"도로","solar_candidate":"검토필요","candidate_reason":"도로점용 및 실제 이용형태 추가 검토 필요; 면적 4,284㎡","priority_score":35,"source":"경기부동산포털 국공유지조회·연속지적도","source_date":"2026-08-11","installed_solar_match":false}},{"type":"Feature","id":"4163010900101160001","geometry":{"type":"Point","coordinates":[127.0777589,37.8026576]},"properties":{"pnu":"4163010900101160001","municipality_code":"41630","municipality":"양주시","district":"양주시","locality":"고읍동","address":"양주시 고읍동 116-1","owner_type":"시·군유지","owner_label":"양주시","manager":"","property_class":"","land_category":"도로","area_sqm":4278.0,"area_band":"3,000~5,000㎡","interest_category":"도로","solar_candidate":"검토필요","candidate_reason":"도로점용 및 실제 이용형태 추가 검토 필요; 면적 4,278㎡","priority_score":35,"source":"경기부동산포털 국공유지조회·연속지적도","source_date":"2026-08-11","installed_solar_match":false}},{"type":"Feature","id":"4163010600104490003","geometry":{"type":"Point","coordinates":[127.0709673,37.7790356]},"properties":{"pnu":"4163010600104490003","municipality_code":"41630","municipality":"양주시","district":"양주시","locality":"광사동","address":"양주시 광사동 449-3","owner_type":"시·군유지","owner_label":"양주시","manager":"","property_class":"","land_category":"도로","area_sqm":4267.0,"area_band":"3,000~5,000㎡","interest_category":"도로","solar_candidate":"검토필요","candidate_reason":"도로점용 및 실제 이용형태 추가 검토 필요; 면적 4,267㎡","priority_score":35,"source":"경기부동산포털 국공유지조회·연속지적도","source_date":"2026-08-11","installed_solar_match":false}},{"type":"Feature","id":"4163011000102570000","geometry":{"type":"Point","coordinates":[127.065692,37.8326368]},"properties":{"pnu":"4163011000102570000","municipality_code":"41630","municipality":"양주시","district":"양주시","locality":"덕정동","address":"양주시 덕정동 257","owner_type":"시·군유지","owner_label":"양주시","manager":"","property_class":"","land_category":"도로","area_sqm":4228.8,"area_band":"3,000~5,000㎡","interest_category":"도로","solar_candidate":"검토필요","candidate_reason":"도로점용 및 실제 이용형태 추가 검토 필요; 면적 4,229㎡","priority_score":35,"source":"경기부동산포털 국공유지조회·연속지적도","source_date":"2026-08-11","installed_solar_match":false}},{"type":"Feature","id":"4163011400109470004","geometry":{"type":"Point","coordinates":[127.0866269,37.8274301]},"properties":{"pnu":"4163011400109470004","municipality_code":"41630","municipality":"양주시","district":"양주시","locality":"옥정동","address":"양주시 옥정동 947-4","owner_type":"시·군유지","owner_label":"양주시","manager":"","property_class":"","land_category":"도로","area_sqm":4225.5,"area_band":"3,000~5,000㎡","interest_category":"도로","solar_candidate":"검토필요","candidate_reason":"도로점용 및 실제 이용형태 추가 검토 필요; 면적 4,226㎡","priority_score":35,"source":"경기부동산포털 국공유지조회·연속지적도","source_date":"2026-08-11","installed_solar_match":false}},{"type":"Feature","id":"4163033026101580005","geometry":{"type":"Point","coordinates":[126.9824015,37.8501667]},"properties":{"pnu":"4163033026101580005","municipality_code":"41630","municipality":"양주시","district":"양주시","locality":"광적면 덕도리","address":"양주시 광적면 덕도리 158-5","owner_type":"시·군유지","owner_label":"양주시","manager":"","property_class":"","land_category":"도로","area_sqm":4213.0,"area_band":"3,000~5,000㎡","interest_category":"도로","solar_candidate":"검토필요","candidate_reason":"도로점용 및 실제 이용형태 추가 검토 필요; 면적 4,213㎡","priority_score":35,"source":"경기부동산포털 국공유지조회·연속지적도","source_date":"2026-08-11","installed_solar_match":false}},{"type":"Feature","id":"4163010500200790007","geometry":{"type":"Point","coordinates":[127.0322723,37.805815]},"properties":{"pnu":"4163010500200790007","municipality_code":"41630","municipality":"양주시","district":"양주시","locality":"산북동","address":"양주시 산북동 산79-7","owner_type":"시·군유지","owner_label":"양주시","manager":"","property_class":"","land_category":"도로","area_sqm":4204.0,"area_band":"3,000~5,000㎡","interest_category":"도로","solar_candidate":"검토필요","candidate_reason":"도로점용 및 실제 이용형태 추가 검토 필요; 면적 4,204㎡","priority_score":35,"source":"경기부동산포털 국공유지조회·연속지적도","source_date":"2026-08-11","installed_solar_match":false}},{"type":"Feature","id":"4163011500106150005","geometry":{"type":"Point","coordinates":[127.071036,37.8290466]},"properties":{"pnu":"4163011500106150005","municipality_code":"41630","municipality":"양주시","district":"양주시","locality":"고암동","address":"양주시 고암동 615-5","owner_type":"시·군유지","owner_label":"양주시","manager":"","property_class":"","land_category":"도로","area_sqm":4198.0,"area_band":"3,000~5,000㎡","interest_category":"도로","solar_candidate":"검토필요","candidate_reason":"도로점용 및 실제 이용형태 추가 검토 필요; 면적 4,198㎡","priority_score":35,"source":"경기부동산포털 국공유지조회·연속지적도","source_date":"2026-08-11","installed_solar_match":false}},{"type":"Feature","id":"4163011300200570002","geometry":{"type":"Point","coordinates":[127.1190668,37.8103297]},"properties":{"pnu":"4163011300200570002","municipality_code":"41630","municipality":"양주시","district":"양주시","locality":"율정동","address":"양주시 율정동 산57-2","owner_type":"시·군유지","owner_label":"양주시","manager":"","property_class":"","land_category":"도로","area_sqm":4187.0,"area_band":"3,000~5,000㎡","interest_category":"도로","solar_candidate":"검토필요","candidate_reason":"도로점용 및 실제 이용형태 추가 검토 필요; 면적 4,187㎡","priority_score":35,"source":"경기부동산포털 국공유지조회·연속지적도","source_date":"2026-08-11","installed_solar_match":false}},{"type":"Feature","id":"4163025026100300007","geometry":{"type":"Point","coordinates":[126.9613528,37.8114257]},"properties":{"pnu":"4163025026100300007","municipality_code":"41630","municipality":"양주시","district":"양주시","locality":"백석읍 연곡리","address":"양주시 백석읍 연곡리 30-7","owner_type":"시·군유지","owner_label":"양주시","manager":"","property_class":"","land_category":"도로","area_sqm":4186.0,"area_band":"3,000~5,000㎡","interest_category":"도로","solar_candidate":"검토필요","candidate_reason":"도로점용 및 실제 이용형태 추가 검토 필요; 면적 4,186㎡","priority_score":35,"source":"경기부동산포털 국공유지조회·연속지적도","source_date":"2026-08-11","installed_solar_match":false}},{"type":"Feature","id":"4163011400108980000","geometry":{"type":"Point","coordinates":[127.0803974,37.8176797]},"properties":{"pnu":"4163011400108980000","municipality_code":"41630","municipality":"양주시","district":"양주시","locality":"옥정동","address":"양주시 옥정동 898","owner_type":"시·군유지","owner_label":"양주시","manager":"","property_class":"","land_category":"도로","area_sqm":4152.4,"area_band":"3,000~5,000㎡","interest_category":"도로","solar_candidate":"검토필요","candidate_reason":"도로점용 및 실제 이용형태 추가 검토 필요; 면적 4,152㎡","priority_score":35,"source":"경기부동산포털 국공유지조회·연속지적도","source_date":"2026-08-11","installed_solar_match":false}},{"type":"Feature","id":"4163011600108930000","geometry":{"type":"Point","coordinates":[127.0542886,37.8198592]},"properties":{"pnu":"4163011600108930000","municipality_code":"41630","municipality":"양주시","district":"양주시","locality":"덕계동","address":"양주시 덕계동 893","owner_type":"시·군유지","owner_label":"양주시","manager":"","property_class":"","land_category":"도로","area_sqm":4127.4,"area_band":"3,000~5,000㎡","interest_category":"도로","solar_candidate":"검토필요","candidate_reason":"도로점용 및 실제 이용형태 추가 검토 필요; 면적 4,127㎡","priority_score":35,"source":"경기부동산포털 국공유지조회·연속지적도","source_date":"2026-08-11","installed_solar_match":false}},{"type":"Feature","id":"4163033021108550010","geometry":{"type":"Point","coordinates":[126.983551,37.8234374]},"properties":{"pnu":"4163033021108550010","municipality_code":"41630","municipality":"양주시","district":"양주시","locality":"광적면 가납리","address":"양주시 광적면 가납리 855-10","owner_type":"시·군유지","owner_label":"양주시","manager":"","property_class":"","land_category":"도로","area_sqm":4090.8,"area_band":"3,000~5,000㎡","interest_category":"도로","solar_candidate":"검토필요","candidate_reason":"도로점용 및 실제 이용형태 추가 검토 필요; 면적 4,091㎡","priority_score":35,"source":"경기부동산포털 국공유지조회·연속지적도","source_date":"2026-08-11","installed_solar_match":false}},{"type":"Feature","id":"4163025021105240003","geometry":{"type":"Point","coordinates":[127.0085318,37.7920106]},"properties":{"pnu":"4163025021105240003","municipality_code":"41630","municipality":"양주시","district":"양주시","locality":"백석읍 방성리","address":"양주시 백석읍 방성리 524-3","owner_type":"시·군유지","owner_label":"양주시","manager":"","property_class":"","land_category":"도로","area_sqm":4054.0,"area_band":"3,000~5,000㎡","interest_category":"도로","solar_candidate":"검토필요","candidate_reason":"도로점용 및 실제 이용형태 추가 검토 필요; 면적 4,054㎡","priority_score":35,"source":"경기부동산포털 국공유지조회·연속지적도","source_date":"2026-08-11","installed_solar_match":false}},{"type":"Feature","id":"4163031026200510001","geometry":{"type":"Point","coordinates":[127.0059386,37.8398729]},"properties":{"pnu":"4163031026200510001","municipality_code":"41630","municipality":"양주시","district":"양주시","locality":"은현면 도하리","address":"양주시 은현면 도하리 산51-1","owner_type":"시·군유지","owner_label":"양주시","manager":"","property_class":"","land_category":"도로","area_sqm":4052.0,"area_band":"3,000~5,000㎡","interest_category":"도로","solar_candidate":"검토필요","candidate_reason":"도로점용 및 실제 이용형태 추가 검토 필요; 면적 4,052㎡","priority_score":35,"source":"경기부동산포털 국공유지조회·연속지적도","source_date":"2026-08-11","installed_solar_match":false}},{"type":"Feature","id":"4163011400110480001","geometry":{"type":"Point","coordinates":[127.0890004,37.815982]},"properties":{"pnu":"4163011400110480001","municipality_code":"41630","municipality":"양주시","district":"양주시","locality":"옥정동","address":"양주시 옥정동 1048-1","owner_type":"시·군유지","owner_label":"양주시","manager":"","property_class":"","land_category":"도로","area_sqm":4046.0,"area_band":"3,000~5,000㎡","interest_category":"도로","solar_candidate":"검토필요","candidate_reason":"도로점용 및 실제 이용형태 추가 검토 필요; 면적 4,046㎡","priority_score":35,"source":"경기부동산포털 국공유지조회·연속지적도","source_date":"2026-08-11","installed_solar_match":false}},{"type":"Feature","id":"4163011100100190003","geometry":{"type":"Point","coordinates":[127.0888473,37.850709]},"properties":{"pnu":"4163011100100190003","municipality_code":"41630","municipality":"양주시","district":"양주시","locality":"봉양동","address":"양주시 봉양동 19-3","owner_type":"시·군유지","owner_label":"양주시","manager":"","property_class":"","land_category":"도로","area_sqm":4030.0,"area_band":"3,000~5,000㎡","interest_category":"도로","solar_candidate":"검토필요","candidate_reason":"도로점용 및 실제 이용형태 추가 검토 필요; 면적 4,030㎡","priority_score":35,"source":"경기부동산포털 국공유지조회·연속지적도","source_date":"2026-08-11","installed_solar_match":false}},{"type":"Feature","id":"4163034026200240002","geometry":{"type":"Point","coordinates":[126.9482628,37.7072155]},"properties":{"pnu":"4163034026200240002","municipality_code":"41630","municipality":"양주시","district":"양주시","locality":"장흥면 삼상리","address":"양주시 장흥면 삼상리 산24-2","owner_type":"시·군유지","owner_label":"양주시","manager":"","property_class":"","land_category":"도로","area_sqm":4020.0,"area_band":"3,000~5,000㎡","interest_category":"도로","solar_candidate":"검토필요","candidate_reason":"도로점용 및 실제 이용형태 추가 검토 필요; 면적 4,020㎡","priority_score":35,"source":"경기부동산포털 국공유지조회·연속지적도","source_date":"2026-08-11","installed_solar_match":false}},{"type":"Feature","id":"4163011400110340003","geometry":{"type":"Point","coordinates":[127.1000851,37.8289758]},"properties":{"pnu":"4163011400110340003","municipality_code":"41630","municipality":"양주시","district":"양주시","locality":"옥정동","address":"양주시 옥정동 1034-3","owner_type":"시·군유지","owner_label":"양주시","manager":"","property_class":"","land_category":"도로","area_sqm":4016.4,"area_band":"3,000~5,000㎡","interest_category":"도로","solar_candidate":"검토필요","candidate_reason":"도로점용 및 실제 이용형태 추가 검토 필요; 면적 4,016㎡","priority_score":35,"source":"경기부동산포털 국공유지조회·연속지적도","source_date":"2026-08-11","installed_solar_match":false}},{"type":"Feature","id":"4163034021101500005","geometry":{"type":"Point","coordinates":[126.9709236,37.7130664]},"properties":{"pnu":"4163034021101500005","municipality_code":"41630","municipality":"양주시","district":"양주시","locality":"장흥면 교현리","address":"양주시 장흥면 교현리 150-5","owner_type":"시·군유지","owner_label":"양주시","manager":"","property_class":"","land_category":"도로","area_sqm":4004.0,"area_band":"3,000~5,000㎡","interest_category":"도로","solar_candidate":"검토필요","candidate_reason":"도로점용 및 실제 이용형태 추가 검토 필요; 면적 4,004㎡","priority_score":35,"source":"경기부동산포털 국공유지조회·연속지적도","source_date":"2026-08-11","installed_solar_match":false}},{"type":"Feature","id":"4163011600109140000","geometry":{"type":"Point","coordinates":[127.0468541,37.8143672]},"properties":{"pnu":"4163011600109140000","municipality_code":"41630","municipality":"양주시","district":"양주시","locality":"덕계동","address":"양주시 덕계동 914","owner_type":"시·군유지","owner_label":"양주시","manager":"","property_class":"","land_category":"도로","area_sqm":4003.1,"area_band":"3,000~5,000㎡","interest_category":"도로","solar_candidate":"검토필요","candidate_reason":"도로점용 및 실제 이용형태 추가 검토 필요; 면적 4,003㎡","priority_score":35,"source":"경기부동산포털 국공유지조회·연속지적도","source_date":"2026-08-11","installed_solar_match":false}},{"type":"Feature","id":"4163033023200990003","geometry":{"type":"Point","coordinates":[126.93937,37.8324827]},"properties":{"pnu":"4163033023200990003","municipality_code":"41630","municipality":"양주시","district":"양주시","locality":"광적면 우고리","address":"양주시 광적면 우고리 산99-3","owner_type":"시·군유지","owner_label":"양주시","manager":"","property_class":"","land_category":"도로","area_sqm":3996.0,"area_band":"3,000~5,000㎡","interest_category":"도로","solar_candidate":"검토필요","candidate_reason":"도로점용 및 실제 이용형태 추가 검토 필요; 면적 3,996㎡","priority_score":35,"source":"경기부동산포털 국공유지조회·연속지적도","source_date":"2026-08-11","installed_solar_match":false}},{"type":"Feature","id":"4163025026101210001","geometry":{"type":"Point","coordinates":[126.9602073,37.8119244]},"properties":{"pnu":"4163025026101210001","municipality_code":"41630","municipality":"양주시","district":"양주시","locality":"백석읍 연곡리","address":"양주시 백석읍 연곡리 121-1","owner_type":"시·군유지","owner_label":"양주시","manager":"","property_class":"","land_category":"도로","area_sqm":3995.0,"area_band":"3,000~5,000㎡","interest_category":"도로","solar_candidate":"검토필요","candidate_reason":"도로점용 및 실제 이용형태 추가 검토 필요; 면적 3,995㎡","priority_score":35,"source":"경기부동산포털 국공유지조회·연속지적도","source_date":"2026-08-11","installed_solar_match":false}},{"type":"Feature","id":"4163010700105060001","geometry":{"type":"Point","coordinates":[127.0860899,37.7852682]},"properties":{"pnu":"4163010700105060001","municipality_code":"41630","municipality":"양주시","district":"양주시","locality":"만송동","address":"양주시 만송동 506-1","owner_type":"시·군유지","owner_label":"양주시","manager":"","property_class":"","land_category":"도로","area_sqm":3992.0,"area_band":"3,000~5,000㎡","interest_category":"도로","solar_candidate":"검토필요","candidate_reason":"도로점용 및 실제 이용형태 추가 검토 필요; 면적 3,992㎡","priority_score":35,"source":"경기부동산포털 국공유지조회·연속지적도","source_date":"2026-08-11","installed_solar_match":false}},{"type":"Feature","id":"4163025026200600002","geometry":{"type":"Point","coordinates":[126.9645295,37.8075563]},"properties":{"pnu":"4163025026200600002","municipality_code":"41630","municipality":"양주시","district":"양주시","locality":"백석읍 연곡리","address":"양주시 백석읍 연곡리 산60-2","owner_type":"시·군유지","owner_label":"양주시","manager":"","property_class":"","land_category":"도로","area_sqm":3972.0,"area_band":"3,000~5,000㎡","interest_category":"도로","solar_candidate":"검토필요","candidate_reason":"도로점용 및 실제 이용형태 추가 검토 필요; 면적 3,972㎡","priority_score":35,"source":"경기부동산포털 국공유지조회·연속지적도","source_date":"2026-08-11","installed_solar_match":false}},{"type":"Feature","id":"4163025021103300026","geometry":{"type":"Point","coordinates":[127.0020369,37.7928497]},"properties":{"pnu":"4163025021103300026","municipality_code":"41630","municipality":"양주시","district":"양주시","locality":"백석읍 방성리","address":"양주시 백석읍 방성리 330-26","owner_type":"시·군유지","owner_label":"양주시","manager":"","property_class":"","land_category":"도로","area_sqm":3961.0,"area_band":"3,000~5,000㎡","interest_category":"도로","solar_candidate":"검토필요","candidate_reason":"도로점용 및 실제 이용형태 추가 검토 필요; 면적 3,961㎡","priority_score":35,"source":"경기부동산포털 국공유지조회·연속지적도","source_date":"2026-08-11","installed_solar_match":false}},{"type":"Feature","id":"4163025026102160001","geometry":{"type":"Point","coordinates":[126.9544666,37.8161664]},"properties":{"pnu":"4163025026102160001","municipality_code":"41630","municipality":"양주시","district":"양주시","locality":"백석읍 연곡리","address":"양주시 백석읍 연곡리 216-1","owner_type":"시·군유지","owner_label":"양주시","manager":"","property_class":"","land_category":"도로","area_sqm":3953.0,"area_band":"3,000~5,000㎡","interest_category":"도로","solar_candidate":"검토필요","candidate_reason":"도로점용 및 실제 이용형태 추가 검토 필요; 면적 3,953㎡","priority_score":35,"source":"경기부동산포털 국공유지조회·연속지적도","source_date":"2026-08-11","installed_solar_match":false}},{"type":"Feature","id":"4163010400104440000","geometry":{"type":"Point","coordinates":[127.0476192,37.7662745]},"properties":{"pnu":"4163010400104440000","municipality_code":"41630","municipality":"양주시","district":"양주시","locality":"마전동","address":"양주시 마전동 444","owner_type":"시·군유지","owner_label":"양주시","manager":"","property_class":"","land_category":"도로","area_sqm":3935.0,"area_band":"3,000~5,000㎡","interest_category":"도로","solar_candidate":"검토필요","candidate_reason":"도로점용 및 실제 이용형태 추가 검토 필요; 면적 3,935㎡","priority_score":35,"source":"경기부동산포털 국공유지조회·연속지적도","source_date":"2026-08-11","installed_solar_match":false}},{"type":"Feature","id":"4163011600108680000","geometry":{"type":"Point","coordinates":[127.0512952,37.8191988]},"properties":{"pnu":"4163011600108680000","municipality_code":"41630","municipality":"양주시","district":"양주시","locality":"덕계동","address":"양주시 덕계동 868","owner_type":"시·군유지","owner_label":"양주시","manager":"","property_class":"","land_category":"도로","area_sqm":3931.5,"area_band":"3,000~5,000㎡","interest_category":"도로","solar_candidate":"검토필요","candidate_reason":"도로점용 및 실제 이용형태 추가 검토 필요; 면적 3,932㎡","priority_score":35,"source":"경기부동산포털 국공유지조회·연속지적도","source_date":"2026-08-11","installed_solar_match":false}},{"type":"Feature","id":"4163032029105420003","geometry":{"type":"Point","coordinates":[126.9974414,37.8975251]},"properties":{"pnu":"4163032029105420003","municipality_code":"41630","municipality":"양주시","district":"양주시","locality":"남면 한산리","address":"양주시 남면 한산리 542-3","owner_type":"시·군유지","owner_label":"양주시","manager":"","property_class":"","land_category":"도로","area_sqm":3892.0,"area_band":"3,000~5,000㎡","interest_category":"도로","solar_candidate":"검토필요","candidate_reason":"도로점용 및 실제 이용형태 추가 검토 필요; 면적 3,892㎡","priority_score":35,"source":"경기부동산포털 국공유지조회·연속지적도","source_date":"2026-08-11","installed_solar_match":false}},{"type":"Feature","id":"4163025021100920032","geometry":{"type":"Point","coordinates":[127.0089023,37.8145972]},"properties":{"pnu":"4163025021100920032","municipality_code":"41630","municipality":"양주시","district":"양주시","locality":"백석읍 방성리","address":"양주시 백석읍 방성리 92-32","owner_type":"시·군유지","owner_label":"양주시","manager":"","property_class":"","land_category":"도로","area_sqm":3888.0,"area_band":"3,000~5,000㎡","interest_category":"도로","solar_candidate":"검토필요","candidate_reason":"도로점용 및 실제 이용형태 추가 검토 필요; 면적 3,888㎡","priority_score":35,"source":"경기부동산포털 국공유지조회·연속지적도","source_date":"2026-08-11","installed_solar_match":false}},{"type":"Feature","id":"4163025025100340008","geometry":{"type":"Point","coordinates":[126.9708147,37.8041382]},"properties":{"pnu":"4163025025100340008","municipality_code":"41630","municipality":"양주시","district":"양주시","locality":"백석읍 홍죽리","address":"양주시 백석읍 홍죽리 34-8","owner_type":"시·군유지","owner_label":"양주시","manager":"","property_class":"","land_category":"도로","area_sqm":3886.0,"area_band":"3,000~5,000㎡","interest_category":"도로","solar_candidate":"검토필요","candidate_reason":"도로점용 및 실제 이용형태 추가 검토 필요; 면적 3,886㎡","priority_score":35,"source":"경기부동산포털 국공유지조회·연속지적도","source_date":"2026-08-11","installed_solar_match":false}},{"type":"Feature","id":"4163033021108550012","geometry":{"type":"Point","coordinates":[126.9845797,37.8246386]},"properties":{"pnu":"4163033021108550012","municipality_code":"41630","municipality":"양주시","district":"양주시","locality":"광적면 가납리","address":"양주시 광적면 가납리 855-12","owner_type":"시·군유지","owner_label":"양주시","manager":"","property_class":"","land_category":"도로","area_sqm":3857.0,"area_band":"3,000~5,000㎡","interest_category":"도로","solar_candidate":"검토필요","candidate_reason":"도로점용 및 실제 이용형태 추가 검토 필요; 면적 3,857㎡","priority_score":35,"source":"경기부동산포털 국공유지조회·연속지적도","source_date":"2026-08-11","installed_solar_match":false}},{"type":"Feature","id":"4163033023101900004","geometry":{"type":"Point","coordinates":[126.9626424,37.8317643]},"properties":{"pnu":"4163033023101900004","municipality_code":"41630","municipality":"양주시","district":"양주시","locality":"광적면 우고리","address":"양주시 광적면 우고리 190-4","owner_type":"시·군유지","owner_label":"양주시","manager":"","property_class":"","land_category":"도로","area_sqm":3846.0,"area_band":"3,000~5,000㎡","interest_category":"도로","solar_candidate":"검토필요","candidate_reason":"도로점용 및 실제 이용형태 추가 검토 필요; 면적 3,846㎡","priority_score":35,"source":"경기부동산포털 국공유지조회·연속지적도","source_date":"2026-08-11","installed_solar_match":false}},{"type":"Feature","id":"4163010400104590013","geometry":{"type":"Point","coordinates":[127.0476173,37.78405]},"properties":{"pnu":"4163010400104590013","municipality_code":"41630","municipality":"양주시","district":"양주시","locality":"마전동","address":"양주시 마전동 459-13","owner_type":"시·군유지","owner_label":"양주시","manager":"","property_class":"","land_category":"도로","area_sqm":3839.6,"area_band":"3,000~5,000㎡","interest_category":"도로","solar_candidate":"검토필요","candidate_reason":"도로점용 및 실제 이용형태 추가 검토 필요; 면적 3,840㎡","priority_score":35,"source":"경기부동산포털 국공유지조회·연속지적도","source_date":"2026-08-11","installed_solar_match":false}},{"type":"Feature","id":"4163033021106300015","geometry":{"type":"Point","coordinates":[126.9872859,37.8141189]},"properties":{"pnu":"4163033021106300015","municipality_code":"41630","municipality":"양주시","district":"양주시","locality":"광적면 가납리","address":"양주시 광적면 가납리 630-15","owner_type":"시·군유지","owner_label":"양주시","manager":"","property_class":"","land_category":"도로","area_sqm":3836.0,"area_band":"3,000~5,000㎡","interest_category":"도로","solar_candidate":"검토필요","candidate_reason":"도로점용 및 실제 이용형태 추가 검토 필요; 면적 3,836㎡","priority_score":35,"source":"경기부동산포털 국공유지조회·연속지적도","source_date":"2026-08-11","installed_solar_match":false}},{"type":"Feature","id":"4163025025109510000","geometry":{"type":"Point","coordinates":[126.9660857,37.8027227]},"properties":{"pnu":"4163025025109510000","municipality_code":"41630","municipality":"양주시","district":"양주시","locality":"백석읍 홍죽리","address":"양주시 백석읍 홍죽리 951","owner_type":"시·군유지","owner_label":"양주시","manager":"","property_class":"","land_category":"도로","area_sqm":3815.5,"area_band":"3,000~5,000㎡","interest_category":"도로","solar_candidate":"검토필요","candidate_reason":"도로점용 및 실제 이용형태 추가 검토 필요; 면적 3,816㎡","priority_score":35,"source":"경기부동산포털 국공유지조회·연속지적도","source_date":"2026-08-11","installed_solar_match":false}},{"type":"Feature","id":"4163031024100500000","geometry":{"type":"Point","coordinates":[127.0070225,37.8943609]},"properties":{"pnu":"4163031024100500000","municipality_code":"41630","municipality":"양주시","district":"양주시","locality":"은현면 봉암리","address":"양주시 은현면 봉암리 50","owner_type":"시·군유지","owner_label":"양주시","manager":"","property_class":"","land_category":"도로","area_sqm":3795.0,"area_band":"3,000~5,000㎡","interest_category":"도로","solar_candidate":"검토필요","candidate_reason":"도로점용 및 실제 이용형태 추가 검토 필요; 면적 3,795㎡","priority_score":35,"source":"경기부동산포털 국공유지조회·연속지적도","source_date":"2026-08-11","installed_solar_match":false}},{"type":"Feature","id":"4163011200200710003","geometry":{"type":"Point","coordinates":[127.0936898,37.8479695]},"properties":{"pnu":"4163011200200710003","municipality_code":"41630","municipality":"양주시","district":"양주시","locality":"회암동","address":"양주시 회암동 산71-3","owner_type":"시·군유지","owner_label":"양주시","manager":"","property_class":"","land_category":"도로","area_sqm":3790.0,"area_band":"3,000~5,000㎡","interest_category":"도로","solar_candidate":"검토필요","candidate_reason":"도로점용 및 실제 이용형태 추가 검토 필요; 면적 3,790㎡","priority_score":35,"source":"경기부동산포털 국공유지조회·연속지적도","source_date":"2026-08-11","installed_solar_match":false}},{"type":"Feature","id":"4163011500106040013","geometry":{"type":"Point","coordinates":[127.0723453,37.8307854]},"properties":{"pnu":"4163011500106040013","municipality_code":"41630","municipality":"양주시","district":"양주시","locality":"고암동","address":"양주시 고암동 604-13","owner_type":"시·군유지","owner_label":"양주시","manager":"","property_class":"","land_category":"도로","area_sqm":3776.7,"area_band":"3,000~5,000㎡","interest_category":"도로","solar_candidate":"검토필요","candidate_reason":"도로점용 및 실제 이용형태 추가 검토 필요; 면적 3,777㎡","priority_score":35,"source":"경기부동산포털 국공유지조회·연속지적도","source_date":"2026-08-11","installed_solar_match":false}},{"type":"Feature","id":"4163025026101350002","geometry":{"type":"Point","coordinates":[126.9561966,37.8147333]},"properties":{"pnu":"4163025026101350002","municipality_code":"41630","municipality":"양주시","district":"양주시","locality":"백석읍 연곡리","address":"양주시 백석읍 연곡리 135-2","owner_type":"시·군유지","owner_label":"양주시","manager":"","property_class":"","land_category":"도로","area_sqm":3763.0,"area_band":"3,000~5,000㎡","interest_category":"도로","solar_candidate":"검토필요","candidate_reason":"도로점용 및 실제 이용형태 추가 검토 필요; 면적 3,763㎡","priority_score":35,"source":"경기부동산포털 국공유지조회·연속지적도","source_date":"2026-08-11","installed_solar_match":false}},{"type":"Feature","id":"4163025022100160006","geometry":{"type":"Point","coordinates":[126.9906277,37.7933211]},"properties":{"pnu":"4163025022100160006","municipality_code":"41630","municipality":"양주시","district":"양주시","locality":"백석읍 오산리","address":"양주시 백석읍 오산리 16-6","owner_type":"시·군유지","owner_label":"양주시","manager":"","property_class":"","land_category":"도로","area_sqm":3756.0,"area_band":"3,000~5,000㎡","interest_category":"도로","solar_candidate":"검토필요","candidate_reason":"도로점용 및 실제 이용형태 추가 검토 필요; 면적 3,756㎡","priority_score":35,"source":"경기부동산포털 국공유지조회·연속지적도","source_date":"2026-08-11","installed_solar_match":false}},{"type":"Feature","id":"4163011600109270000","geometry":{"type":"Point","coordinates":[127.0551854,37.8191459]},"properties":{"pnu":"4163011600109270000","municipality_code":"41630","municipality":"양주시","district":"양주시","locality":"덕계동","address":"양주시 덕계동 927","owner_type":"시·군유지","owner_label":"양주시","manager":"","property_class":"","land_category":"도로","area_sqm":3749.4,"area_band":"3,000~5,000㎡","interest_category":"도로","solar_candidate":"검토필요","candidate_reason":"도로점용 및 실제 이용형태 추가 검토 필요; 면적 3,749㎡","priority_score":35,"source":"경기부동산포털 국공유지조회·연속지적도","source_date":"2026-08-11","installed_solar_match":false}},{"type":"Feature","id":"4163033021106340002","geometry":{"type":"Point","coordinates":[126.9862351,37.8134298]},"properties":{"pnu":"4163033021106340002","municipality_code":"41630","municipality":"양주시","district":"양주시","locality":"광적면 가납리","address":"양주시 광적면 가납리 634-2","owner_type":"시·군유지","owner_label":"양주시","manager":"","property_class":"","land_category":"도로","area_sqm":3742.0,"area_band":"3,000~5,000㎡","interest_category":"도로","solar_candidate":"검토필요","candidate_reason":"도로점용 및 실제 이용형태 추가 검토 필요; 면적 3,742㎡","priority_score":35,"source":"경기부동산포털 국공유지조회·연속지적도","source_date":"2026-08-11","installed_solar_match":false}},{"type":"Feature","id":"4163011400111080005","geometry":{"type":"Point","coordinates":[127.100935,37.8111714]},"properties":{"pnu":"4163011400111080005","municipality_code":"41630","municipality":"양주시","district":"양주시","locality":"옥정동","address":"양주시 옥정동 1108-5","owner_type":"시·군유지","owner_label":"양주시","manager":"","property_class":"","land_category":"도로","area_sqm":3709.5,"area_band":"3,000~5,000㎡","interest_category":"도로","solar_candidate":"검토필요","candidate_reason":"도로점용 및 실제 이용형태 추가 검토 필요; 면적 3,710㎡","priority_score":35,"source":"경기부동산포털 국공유지조회·연속지적도","source_date":"2026-08-11","installed_solar_match":false}},{"type":"Feature","id":"4163010600103390027","geometry":{"type":"Point","coordinates":[127.0709842,37.7901679]},"properties":{"pnu":"4163010600103390027","municipality_code":"41630","municipality":"양주시","district":"양주시","locality":"광사동","address":"양주시 광사동 339-27","owner_type":"시·군유지","owner_label":"양주시","manager":"","property_class":"","land_category":"도로","area_sqm":3700.0,"area_band":"3,000~5,000㎡","interest_category":"도로","solar_candidate":"검토필요","candidate_reason":"도로점용 및 실제 이용형태 추가 검토 필요; 면적 3,700㎡","priority_score":35,"source":"경기부동산포털 국공유지조회·연속지적도","source_date":"2026-08-11","installed_solar_match":false}},{"type":"Feature","id":"4163011400110950001","geometry":{"type":"Point","coordinates":[127.0872213,37.8119224]},"properties":{"pnu":"4163011400110950001","municipality_code":"41630","municipality":"양주시","district":"양주시","locality":"옥정동","address":"양주시 옥정동 1095-1","owner_type":"시·군유지","owner_label":"양주시","manager":"","property_class":"","land_category":"도로","area_sqm":3695.9,"area_band":"3,000~5,000㎡","interest_category":"도로","solar_candidate":"검토필요","candidate_reason":"도로점용 및 실제 이용형태 추가 검토 필요; 면적 3,696㎡","priority_score":35,"source":"경기부동산포털 국공유지조회·연속지적도","source_date":"2026-08-11","installed_solar_match":false}},{"type":"Feature","id":"4163031024104460001","geometry":{"type":"Point","coordinates":[127.0056334,37.8950465]},"properties":{"pnu":"4163031024104460001","municipality_code":"41630","municipality":"양주시","district":"양주시","locality":"은현면 봉암리","address":"양주시 은현면 봉암리 446-1","owner_type":"시·군유지","owner_label":"양주시","manager":"","property_class":"","land_category":"도로","area_sqm":3688.0,"area_band":"3,000~5,000㎡","interest_category":"도로","solar_candidate":"검토필요","candidate_reason":"도로점용 및 실제 이용형태 추가 검토 필요; 면적 3,688㎡","priority_score":35,"source":"경기부동산포털 국공유지조회·연속지적도","source_date":"2026-08-11","installed_solar_match":false}},{"type":"Feature","id":"4163033027105400014","geometry":{"type":"Point","coordinates":[126.9735366,37.8424038]},"properties":{"pnu":"4163033027105400014","municipality_code":"41630","municipality":"양주시","district":"양주시","locality":"광적면 석우리","address":"양주시 광적면 석우리 540-14","owner_type":"시·군유지","owner_label":"양주시","manager":"","property_class":"","land_category":"도로","area_sqm":3677.0,"area_band":"3,000~5,000㎡","interest_category":"도로","solar_candidate":"검토필요","candidate_reason":"도로점용 및 실제 이용형태 추가 검토 필요; 면적 3,677㎡","priority_score":35,"source":"경기부동산포털 국공유지조회·연속지적도","source_date":"2026-08-11","installed_solar_match":false}},{"type":"Feature","id":"4163010600201570002","geometry":{"type":"Point","coordinates":[127.0630151,37.7693222]},"properties":{"pnu":"4163010600201570002","municipality_code":"41630","municipality":"양주시","district":"양주시","locality":"광사동","address":"양주시 광사동 산157-2","owner_type":"시·군유지","owner_label":"양주시","manager":"","property_class":"","land_category":"도로","area_sqm":3674.0,"area_band":"3,000~5,000㎡","interest_category":"도로","solar_candidate":"검토필요","candidate_reason":"도로점용 및 실제 이용형태 추가 검토 필요; 면적 3,674㎡","priority_score":35,"source":"경기부동산포털 국공유지조회·연속지적도","source_date":"2026-08-11","installed_solar_match":false}},{"type":"Feature","id":"4163011500104930089","geometry":{"type":"Point","coordinates":[127.0669838,37.8163475]},"properties":{"pnu":"4163011500104930089","municipality_code":"41630","municipality":"양주시","district":"양주시","locality":"고암동","address":"양주시 고암동 493-89","owner_type":"시·군유지","owner_label":"양주시","manager":"","property_class":"","land_category":"도로","area_sqm":3669.0,"area_band":"3,000~5,000㎡","interest_category":"도로","solar_candidate":"검토필요","candidate_reason":"도로점용 및 실제 이용형태 추가 검토 필요; 면적 3,669㎡","priority_score":35,"source":"경기부동산포털 국공유지조회·연속지적도","source_date":"2026-08-11","installed_solar_match":false}},{"type":"Feature","id":"4163010800105560007","geometry":{"type":"Point","coordinates":[127.0933474,37.8057385]},"properties":{"pnu":"4163010800105560007","municipality_code":"41630","municipality":"양주시","district":"양주시","locality":"삼숭동","address":"양주시 삼숭동 556-7","owner_type":"시·군유지","owner_label":"양주시","manager":"","property_class":"","land_category":"도로","area_sqm":3661.0,"area_band":"3,000~5,000㎡","interest_category":"도로","solar_candidate":"검토필요","candidate_reason":"도로점용 및 실제 이용형태 추가 검토 필요; 면적 3,661㎡","priority_score":35,"source":"경기부동산포털 국공유지조회·연속지적도","source_date":"2026-08-11","installed_solar_match":false}},{"type":"Feature","id":"4163010800101910004","geometry":{"type":"Point","coordinates":[127.103444,37.8001749]},"properties":{"pnu":"4163010800101910004","municipality_code":"41630","municipality":"양주시","district":"양주시","locality":"삼숭동","address":"양주시 삼숭동 191-4","owner_type":"시·군유지","owner_label":"양주시","manager":"","property_class":"","land_category":"도로","area_sqm":3657.0,"area_band":"3,000~5,000㎡","interest_category":"도로","solar_candidate":"검토필요","candidate_reason":"도로점용 및 실제 이용형태 추가 검토 필요; 면적 3,657㎡","priority_score":35,"source":"경기부동산포털 국공유지조회·연속지적도","source_date":"2026-08-11","installed_solar_match":false}},{"type":"Feature","id":"4163011600106560009","geometry":{"type":"Point","coordinates":[127.0449331,37.8191392]},"properties":{"pnu":"4163011600106560009","municipality_code":"41630","municipality":"양주시","district":"양주시","locality":"덕계동","address":"양주시 덕계동 656-9","owner_type":"시·군유지","owner_label":"양주시","manager":"","property_class":"","land_category":"도로","area_sqm":3640.0,"area_band":"3,000~5,000㎡","interest_category":"도로","solar_candidate":"검토필요","candidate_reason":"도로점용 및 실제 이용형태 추가 검토 필요; 면적 3,640㎡","priority_score":35,"source":"경기부동산포털 국공유지조회·연속지적도","source_date":"2026-08-11","installed_solar_match":false}},{"type":"Feature","id":"4163010400104150001","geometry":{"type":"Point","coordinates":[127.0535899,37.7667127]},"properties":{"pnu":"4163010400104150001","municipality_code":"41630","municipality":"양주시","district":"양주시","locality":"마전동","address":"양주시 마전동 415-1","owner_type":"시·군유지","owner_label":"양주시","manager":"","property_class":"","land_category":"도로","area_sqm":3635.3,"area_band":"3,000~5,000㎡","interest_category":"도로","solar_candidate":"검토필요","candidate_reason":"도로점용 및 실제 이용형태 추가 검토 필요; 면적 3,635㎡","priority_score":35,"source":"경기부동산포털 국공유지조회·연속지적도","source_date":"2026-08-11","installed_solar_match":false}},{"type":"Feature","id":"4163033021108550009","geometry":{"type":"Point","coordinates":[126.9826407,37.8249128]},"properties":{"pnu":"4163033021108550009","municipality_code":"41630","municipality":"양주시","district":"양주시","locality":"광적면 가납리","address":"양주시 광적면 가납리 855-9","owner_type":"시·군유지","owner_label":"양주시","manager":"","property_class":"","land_category":"도로","area_sqm":3630.1,"area_band":"3,000~5,000㎡","interest_category":"도로","solar_candidate":"검토필요","candidate_reason":"도로점용 및 실제 이용형태 추가 검토 필요; 면적 3,630㎡","priority_score":35,"source":"경기부동산포털 국공유지조회·연속지적도","source_date":"2026-08-11","installed_solar_match":false}},{"type":"Feature","id":"4163032027106690002","geometry":{"type":"Point","coordinates":[126.9979678,37.8663446]},"properties":{"pnu":"4163032027106690002","municipality_code":"41630","municipality":"양주시","district":"양주시","locality":"남면 상수리","address":"양주시 남면 상수리 669-2","owner_type":"시·군유지","owner_label":"양주시","manager":"","property_class":"","land_category":"도로","area_sqm":3615.3,"area_band":"3,000~5,000㎡","interest_category":"도로","solar_candidate":"검토필요","candidate_reason":"도로점용 및 실제 이용형태 추가 검토 필요; 면적 3,615㎡","priority_score":35,"source":"경기부동산포털 국공유지조회·연속지적도","source_date":"2026-08-11","installed_solar_match":false}},{"type":"Feature","id":"4163034024103850017","geometry":{"type":"Point","coordinates":[126.9506129,37.7330183]},"properties":{"pnu":"4163034024103850017","municipality_code":"41630","municipality":"양주시","district":"양주시","locality":"장흥면 석현리","address":"양주시 장흥면 석현리 385-17","owner_type":"시·군유지","owner_label":"양주시","manager":"","property_class":"","land_category":"도로","area_sqm":3614.0,"area_band":"3,000~5,000㎡","interest_category":"도로","solar_candidate":"검토필요","candidate_reason":"도로점용 및 실제 이용형태 추가 검토 필요; 면적 3,614㎡","priority_score":35,"source":"경기부동산포털 국공유지조회·연속지적도","source_date":"2026-08-11","installed_solar_match":false}},{"type":"Feature","id":"4163011400110460001","geometry":{"type":"Point","coordinates":[127.1014735,37.8227061]},"properties":{"pnu":"4163011400110460001","municipality_code":"41630","municipality":"양주시","district":"양주시","locality":"옥정동","address":"양주시 옥정동 1046-1","owner_type":"시·군유지","owner_label":"양주시","manager":"","property_class":"","land_category":"도로","area_sqm":3609.6,"area_band":"3,000~5,000㎡","interest_category":"도로","solar_candidate":"검토필요","candidate_reason":"도로점용 및 실제 이용형태 추가 검토 필요; 면적 3,610㎡","priority_score":35,"source":"경기부동산포털 국공유지조회·연속지적도","source_date":"2026-08-11","installed_solar_match":false}},{"type":"Feature","id":"4163031025101000005","geometry":{"type":"Point","coordinates":[127.0407019,37.8860912]},"properties":{"pnu":"4163031025101000005","municipality_code":"41630","municipality":"양주시","district":"양주시","locality":"은현면 하패리","address":"양주시 은현면 하패리 100-5","owner_type":"시·군유지","owner_label":"양주시","manager":"","property_class":"","land_category":"도로","area_sqm":3562.0,"area_band":"3,000~5,000㎡","interest_category":"도로","solar_candidate":"검토필요","candidate_reason":"도로점용 및 실제 이용형태 추가 검토 필요; 면적 3,562㎡","priority_score":35,"source":"경기부동산포털 국공유지조회·연속지적도","source_date":"2026-08-11","installed_solar_match":false}},{"type":"Feature","id":"4163011400109370001","geometry":{"type":"Point","coordinates":[127.0867312,37.8123118]},"properties":{"pnu":"4163011400109370001","municipality_code":"41630","municipality":"양주시","district":"양주시","locality":"옥정동","address":"양주시 옥정동 937-1","owner_type":"시·군유지","owner_label":"양주시","manager":"","property_class":"","land_category":"도로","area_sqm":3561.4,"area_band":"3,000~5,000㎡","interest_category":"도로","solar_candidate":"검토필요","candidate_reason":"도로점용 및 실제 이용형태 추가 검토 필요; 면적 3,561㎡","priority_score":35,"source":"경기부동산포털 국공유지조회·연속지적도","source_date":"2026-08-11","installed_solar_match":false}},{"type":"Feature","id":"4163011600201350000","geometry":{"type":"Point","coordinates":[127.0637086,37.8034805]},"properties":{"pnu":"4163011600201350000","municipality_code":"41630","municipality":"양주시","district":"양주시","locality":"덕계동","address":"양주시 덕계동 산135","owner_type":"시·군유지","owner_label":"양주시","manager":"","property_class":"","land_category":"도로","area_sqm":3560.0,"area_band":"3,000~5,000㎡","interest_category":"도로","solar_candidate":"검토필요","candidate_reason":"도로점용 및 실제 이용형태 추가 검토 필요; 면적 3,560㎡","priority_score":35,"source":"경기부동산포털 국공유지조회·연속지적도","source_date":"2026-08-11","installed_solar_match":false}},{"type":"Feature","id":"4163011400109540004","geometry":{"type":"Point","coordinates":[127.0938424,37.8272402]},"properties":{"pnu":"4163011400109540004","municipality_code":"41630","municipality":"양주시","district":"양주시","locality":"옥정동","address":"양주시 옥정동 954-4","owner_type":"시·군유지","owner_label":"양주시","manager":"","property_class":"","land_category":"도로","area_sqm":3539.7,"area_band":"3,000~5,000㎡","interest_category":"도로","solar_candidate":"검토필요","candidate_reason":"도로점용 및 실제 이용형태 추가 검토 필요; 면적 3,540㎡","priority_score":35,"source":"경기부동산포털 국공유지조회·연속지적도","source_date":"2026-08-11","installed_solar_match":false}},{"type":"Feature","id":"4163011500102310001","geometry":{"type":"Point","coordinates":[127.0666812,37.8309095]},"properties":{"pnu":"4163011500102310001","municipality_code":"41630","municipality":"양주시","district":"양주시","locality":"고암동","address":"양주시 고암동 231-1","owner_type":"시·군유지","owner_label":"양주시","manager":"","property_class":"","land_category":"도로","area_sqm":3535.4,"area_band":"3,000~5,000㎡","interest_category":"도로","solar_candidate":"검토필요","candidate_reason":"도로점용 및 실제 이용형태 추가 검토 필요; 면적 3,535㎡","priority_score":35,"source":"경기부동산포털 국공유지조회·연속지적도","source_date":"2026-08-11","installed_solar_match":false}},{"type":"Feature","id":"4163033023103010001","geometry":{"type":"Point","coordinates":[126.9598961,37.8314022]},"properties":{"pnu":"4163033023103010001","municipality_code":"41630","municipality":"양주시","district":"양주시","locality":"광적면 우고리","address":"양주시 광적면 우고리 301-1","owner_type":"시·군유지","owner_label":"양주시","manager":"","property_class":"","land_category":"도로","area_sqm":3512.0,"area_band":"3,000~5,000㎡","interest_category":"도로","solar_candidate":"검토필요","candidate_reason":"도로점용 및 실제 이용형태 추가 검토 필요; 면적 3,512㎡","priority_score":35,"source":"경기부동산포털 국공유지조회·연속지적도","source_date":"2026-08-11","installed_solar_match":false}},{"type":"Feature","id":"4163010200103210039","geometry":{"type":"Point","coordinates":[127.0153819,37.778938]},"properties":{"pnu":"4163010200103210039","municipality_code":"41630","municipality":"양주시","district":"양주시","locality":"어둔동","address":"양주시 어둔동 321-39","owner_type":"시·군유지","owner_label":"양주시","manager":"","property_class":"","land_category":"도로","area_sqm":3487.0,"area_band":"3,000~5,000㎡","interest_category":"도로","solar_candidate":"검토필요","candidate_reason":"도로점용 및 실제 이용형태 추가 검토 필요; 면적 3,487㎡","priority_score":35,"source":"경기부동산포털 국공유지조회·연속지적도","source_date":"2026-08-11","installed_solar_match":false}},{"type":"Feature","id":"4163033026102390001","geometry":{"type":"Point","coordinates":[126.9743937,37.8435826]},"properties":{"pnu":"4163033026102390001","municipality_code":"41630","municipality":"양주시","district":"양주시","locality":"광적면 덕도리","address":"양주시 광적면 덕도리 239-1","owner_type":"시·군유지","owner_label":"양주시","manager":"","property_class":"","land_category":"도로","area_sqm":3482.0,"area_band":"3,000~5,000㎡","interest_category":"도로","solar_candidate":"검토필요","candidate_reason":"도로점용 및 실제 이용형태 추가 검토 필요; 면적 3,482㎡","priority_score":35,"source":"경기부동산포털 국공유지조회·연속지적도","source_date":"2026-08-11","installed_solar_match":false}},{"type":"Feature","id":"4163011400110220004","geometry":{"type":"Point","coordinates":[127.0972209,37.8316288]},"properties":{"pnu":"4163011400110220004","municipality_code":"41630","municipality":"양주시","district":"양주시","locality":"옥정동","address":"양주시 옥정동 1022-4","owner_type":"시·군유지","owner_label":"양주시","manager":"","property_class":"","land_category":"도로","area_sqm":3464.8,"area_band":"3,000~5,000㎡","interest_category":"도로","solar_candidate":"검토필요","candidate_reason":"도로점용 및 실제 이용형태 추가 검토 필요; 면적 3,465㎡","priority_score":35,"source":"경기부동산포털 국공유지조회·연속지적도","source_date":"2026-08-11","installed_solar_match":false}},{"type":"Feature","id":"4163010400100360036","geometry":{"type":"Point","coordinates":[127.0602173,37.7818076]},"properties":{"pnu":"4163010400100360036","municipality_code":"41630","municipality":"양주시","district":"양주시","locality":"마전동","address":"양주시 마전동 36-36","owner_type":"시·군유지","owner_label":"양주시","manager":"","property_class":"","land_category":"도로","area_sqm":3457.0,"area_band":"3,000~5,000㎡","interest_category":"도로","solar_candidate":"검토필요","candidate_reason":"도로점용 및 실제 이용형태 추가 검토 필요; 면적 3,457㎡","priority_score":35,"source":"경기부동산포털 국공유지조회·연속지적도","source_date":"2026-08-11","installed_solar_match":false}},{"type":"Feature","id":"4163031023103960038","geometry":{"type":"Point","coordinates":[127.0091031,37.8817763]},"properties":{"pnu":"4163031023103960038","municipality_code":"41630","municipality":"양주시","district":"양주시","locality":"은현면 운암리","address":"양주시 은현면 운암리 396-38","owner_type":"시·군유지","owner_label":"양주시","manager":"","property_class":"","land_category":"도로","area_sqm":3444.0,"area_band":"3,000~5,000㎡","interest_category":"도로","solar_candidate":"검토필요","candidate_reason":"도로점용 및 실제 이용형태 추가 검토 필요; 면적 3,444㎡","priority_score":35,"source":"경기부동산포털 국공유지조회·연속지적도","source_date":"2026-08-11","installed_solar_match":false}},{"type":"Feature","id":"4163010100200760005","geometry":{"type":"Point","coordinates":[127.0220006,37.7813936]},"properties":{"pnu":"4163010100200760005","municipality_code":"41630","municipality":"양주시","district":"양주시","locality":"유양동","address":"양주시 유양동 산76-5","owner_type":"시·군유지","owner_label":"양주시","manager":"","property_class":"","land_category":"도로","area_sqm":3440.0,"area_band":"3,000~5,000㎡","interest_category":"도로","solar_candidate":"검토필요","candidate_reason":"도로점용 및 실제 이용형태 추가 검토 필요; 면적 3,440㎡","priority_score":35,"source":"경기부동산포털 국공유지조회·연속지적도","source_date":"2026-08-11","installed_solar_match":false}},{"type":"Feature","id":"4163010200101420005","geometry":{"type":"Point","coordinates":[127.0186306,37.7739596]},"properties":{"pnu":"4163010200101420005","municipality_code":"41630","municipality":"양주시","district":"양주시","locality":"어둔동","address":"양주시 어둔동 142-5","owner_type":"시·군유지","owner_label":"양주시","manager":"","property_class":"","land_category":"도로","area_sqm":3428.0,"area_band":"3,000~5,000㎡","interest_category":"도로","solar_candidate":"검토필요","candidate_reason":"도로점용 및 실제 이용형태 추가 검토 필요; 면적 3,428㎡","priority_score":35,"source":"경기부동산포털 국공유지조회·연속지적도","source_date":"2026-08-11","installed_solar_match":false}},{"type":"Feature","id":"4163031021100920014","geometry":{"type":"Point","coordinates":[127.0537813,37.8697914]},"properties":{"pnu":"4163031021100920014","municipality_code":"41630","municipality":"양주시","district":"양주시","locality":"은현면 용암리","address":"양주시 은현면 용암리 92-14","owner_type":"시·군유지","owner_label":"양주시","manager":"","property_class":"","land_category":"도로","area_sqm":3428.0,"area_band":"3,000~5,000㎡","interest_category":"도로","solar_candidate":"검토필요","candidate_reason":"도로점용 및 실제 이용형태 추가 검토 필요; 면적 3,428㎡","priority_score":35,"source":"경기부동산포털 국공유지조회·연속지적도","source_date":"2026-08-11","installed_solar_match":false}},{"type":"Feature","id":"4163010600107240001","geometry":{"type":"Point","coordinates":[127.0807152,37.7954965]},"properties":{"pnu":"4163010600107240001","municipality_code":"41630","municipality":"양주시","district":"양주시","locality":"광사동","address":"양주시 광사동 724-1","owner_type":"시·군유지","owner_label":"양주시","manager":"","property_class":"","land_category":"도로","area_sqm":3421.1,"area_band":"3,000~5,000㎡","interest_category":"도로","solar_candidate":"검토필요","candidate_reason":"도로점용 및 실제 이용형태 추가 검토 필요; 면적 3,421㎡","priority_score":35,"source":"경기부동산포털 국공유지조회·연속지적도","source_date":"2026-08-11","installed_solar_match":false}},{"type":"Feature","id":"4163010600107120002","geometry":{"type":"Point","coordinates":[127.0795153,37.7882707]},"properties":{"pnu":"4163010600107120002","municipality_code":"41630","municipality":"양주시","district":"양주시","locality":"광사동","address":"양주시 광사동 712-2","owner_type":"시·군유지","owner_label":"양주시","manager":"","property_class":"","land_category":"도로","area_sqm":3407.2,"area_band":"3,000~5,000㎡","interest_category":"도로","solar_candidate":"검토필요","candidate_reason":"도로점용 및 실제 이용형태 추가 검토 필요; 면적 3,407㎡","priority_score":35,"source":"경기부동산포털 국공유지조회·연속지적도","source_date":"2026-08-11","installed_solar_match":false}},{"type":"Feature","id":"4163034021102150015","geometry":{"type":"Point","coordinates":[126.9712557,37.7093414]},"properties":{"pnu":"4163034021102150015","municipality_code":"41630","municipality":"양주시","district":"양주시","locality":"장흥면 교현리","address":"양주시 장흥면 교현리 215-15","owner_type":"시·군유지","owner_label":"양주시","manager":"","property_class":"","land_category":"도로","area_sqm":3391.0,"area_band":"3,000~5,000㎡","interest_category":"도로","solar_candidate":"검토필요","candidate_reason":"도로점용 및 실제 이용형태 추가 검토 필요; 면적 3,391㎡","priority_score":35,"source":"경기부동산포털 국공유지조회·연속지적도","source_date":"2026-08-11","installed_solar_match":false}},{"type":"Feature","id":"4163011400110270005","geometry":{"type":"Point","coordinates":[127.0970936,37.8286368]},"properties":{"pnu":"4163011400110270005","municipality_code":"41630","municipality":"양주시","district":"양주시","locality":"옥정동","address":"양주시 옥정동 1027-5","owner_type":"시·군유지","owner_label":"양주시","manager":"","property_class":"","land_category":"도로","area_sqm":3384.4,"area_band":"3,000~5,000㎡","interest_category":"도로","solar_candidate":"검토필요","candidate_reason":"도로점용 및 실제 이용형태 추가 검토 필요; 면적 3,384㎡","priority_score":35,"source":"경기부동산포털 국공유지조회·연속지적도","source_date":"2026-08-11","installed_solar_match":false}},{"type":"Feature","id":"4163025022105780001","geometry":{"type":"Point","coordinates":[126.9776891,37.7993051]},"properties":{"pnu":"4163025022105780001","municipality_code":"41630","municipality":"양주시","district":"양주시","locality":"백석읍 오산리","address":"양주시 백석읍 오산리 578-1","owner_type":"시·군유지","owner_label":"양주시","manager":"","property_class":"","land_category":"도로","area_sqm":3367.0,"area_band":"3,000~5,000㎡","interest_category":"도로","solar_candidate":"검토필요","candidate_reason":"도로점용 및 실제 이용형태 추가 검토 필요; 면적 3,367㎡","priority_score":35,"source":"경기부동산포털 국공유지조회·연속지적도","source_date":"2026-08-11","installed_solar_match":false}},{"type":"Feature","id":"4163010600108160000","geometry":{"type":"Point","coordinates":[127.0834477,37.7873403]},"properties":{"pnu":"4163010600108160000","municipality_code":"41630","municipality":"양주시","district":"양주시","locality":"광사동","address":"양주시 광사동 816","owner_type":"시·군유지","owner_label":"양주시","manager":"","property_class":"","land_category":"도로","area_sqm":3359.3,"area_band":"3,000~5,000㎡","interest_category":"도로","solar_candidate":"검토필요","candidate_reason":"도로점용 및 실제 이용형태 추가 검토 필요; 면적 3,359㎡","priority_score":35,"source":"경기부동산포털 국공유지조회·연속지적도","source_date":"2026-08-11","installed_solar_match":false}},{"type":"Feature","id":"4163033024103250002","geometry":{"type":"Point","coordinates":[126.9309166,37.823376]},"properties":{"pnu":"4163033024103250002","municipality_code":"41630","municipality":"양주시","district":"양주시","locality":"광적면 비암리","address":"양주시 광적면 비암리 325-2","owner_type":"시·군유지","owner_label":"양주시","manager":"","property_class":"","land_category":"도로","area_sqm":3352.0,"area_band":"3,000~5,000㎡","interest_category":"도로","solar_candidate":"검토필요","candidate_reason":"도로점용 및 실제 이용형태 추가 검토 필요; 면적 3,352㎡","priority_score":35,"source":"경기부동산포털 국공유지조회·연속지적도","source_date":"2026-08-11","installed_solar_match":false}},{"type":"Feature","id":"4163011600110070000","geometry":{"type":"Point","coordinates":[127.0547101,37.8124028]},"properties":{"pnu":"4163011600110070000","municipality_code":"41630","municipality":"양주시","district":"양주시","locality":"덕계동","address":"양주시 덕계동 1007","owner_type":"시·군유지","owner_label":"양주시","manager":"","property_class":"","land_category":"도로","area_sqm":3336.6,"area_band":"3,000~5,000㎡","interest_category":"도로","solar_candidate":"검토필요","candidate_reason":"도로점용 및 실제 이용형태 추가 검토 필요; 면적 3,337㎡","priority_score":35,"source":"경기부동산포털 국공유지조회·연속지적도","source_date":"2026-08-11","installed_solar_match":false}},{"type":"Feature","id":"4163010900104560002","geometry":{"type":"Point","coordinates":[127.0806856,37.8015443]},"properties":{"pnu":"4163010900104560002","municipality_code":"41630","municipality":"양주시","district":"양주시","locality":"고읍동","address":"양주시 고읍동 456-2","owner_type":"시·군유지","owner_label":"양주시","manager":"","property_class":"","land_category":"도로","area_sqm":3335.4,"area_band":"3,000~5,000㎡","interest_category":"도로","solar_candidate":"검토필요","candidate_reason":"도로점용 및 실제 이용형태 추가 검토 필요; 면적 3,335㎡","priority_score":35,"source":"경기부동산포털 국공유지조회·연속지적도","source_date":"2026-08-11","installed_solar_match":false}},{"type":"Feature","id":"4163010300105680007","geometry":{"type":"Point","coordinates":[127.0268852,37.7712787]},"properties":{"pnu":"4163010300105680007","municipality_code":"41630","municipality":"양주시","district":"양주시","locality":"남방동","address":"양주시 남방동 568-7","owner_type":"시·군유지","owner_label":"양주시","manager":"","property_class":"","land_category":"도로","area_sqm":3334.0,"area_band":"3,000~5,000㎡","interest_category":"도로","solar_candidate":"검토필요","candidate_reason":"도로점용 및 실제 이용형태 추가 검토 필요; 면적 3,334㎡","priority_score":35,"source":"경기부동산포털 국공유지조회·연속지적도","source_date":"2026-08-11","installed_solar_match":false}},{"type":"Feature","id":"4163025021102400005","geometry":{"type":"Point","coordinates":[127.0016971,37.7995307]},"properties":{"pnu":"4163025021102400005","municipality_code":"41630","municipality":"양주시","district":"양주시","locality":"백석읍 방성리","address":"양주시 백석읍 방성리 240-5","owner_type":"시·군유지","owner_label":"양주시","manager":"","property_class":"","land_category":"도로","area_sqm":3334.0,"area_band":"3,000~5,000㎡","interest_category":"도로","solar_candidate":"검토필요","candidate_reason":"도로점용 및 실제 이용형태 추가 검토 필요; 면적 3,334㎡","priority_score":35,"source":"경기부동산포털 국공유지조회·연속지적도","source_date":"2026-08-11","installed_solar_match":false}},{"type":"Feature","id":"4163010700101030003","geometry":{"type":"Point","coordinates":[127.0918939,37.7899192]},"properties":{"pnu":"4163010700101030003","municipality_code":"41630","municipality":"양주시","district":"양주시","locality":"만송동","address":"양주시 만송동 103-3","owner_type":"시·군유지","owner_label":"양주시","manager":"","property_class":"","land_category":"도로","area_sqm":3320.0,"area_band":"3,000~5,000㎡","interest_category":"도로","solar_candidate":"검토필요","candidate_reason":"도로점용 및 실제 이용형태 추가 검토 필요; 면적 3,320㎡","priority_score":35,"source":"경기부동산포털 국공유지조회·연속지적도","source_date":"2026-08-11","installed_solar_match":false}},{"type":"Feature","id":"4163011500102300000","geometry":{"type":"Point","coordinates":[127.0658675,37.8312228]},"properties":{"pnu":"4163011500102300000","municipality_code":"41630","municipality":"양주시","district":"양주시","locality":"고암동","address":"양주시 고암동 230","owner_type":"시·군유지","owner_label":"양주시","manager":"","property_class":"","land_category":"도로","area_sqm":3314.7,"area_band":"3,000~5,000㎡","interest_category":"도로","solar_candidate":"검토필요","candidate_reason":"도로점용 및 실제 이용형태 추가 검토 필요; 면적 3,315㎡","priority_score":35,"source":"경기부동산포털 국공유지조회·연속지적도","source_date":"2026-08-11","installed_solar_match":false}},{"type":"Feature","id":"4163010600107270001","geometry":{"type":"Point","coordinates":[127.0834008,37.7926648]},"properties":{"pnu":"4163010600107270001","municipality_code":"41630","municipality":"양주시","district":"양주시","locality":"광사동","address":"양주시 광사동 727-1","owner_type":"시·군유지","owner_label":"양주시","manager":"","property_class":"","land_category":"도로","area_sqm":3310.2,"area_band":"3,000~5,000㎡","interest_category":"도로","solar_candidate":"검토필요","candidate_reason":"도로점용 및 실제 이용형태 추가 검토 필요; 면적 3,310㎡","priority_score":35,"source":"경기부동산포털 국공유지조회·연속지적도","source_date":"2026-08-11","installed_solar_match":false}},{"type":"Feature","id":"4163025024105760001","geometry":{"type":"Point","coordinates":[126.9714338,37.7878909]},"properties":{"pnu":"4163025024105760001","municipality_code":"41630","municipality":"양주시","district":"양주시","locality":"백석읍 가업리","address":"양주시 백석읍 가업리 576-1","owner_type":"시·군유지","owner_label":"양주시","manager":"","property_class":"","land_category":"도로","area_sqm":3304.0,"area_band":"3,000~5,000㎡","interest_category":"도로","solar_candidate":"검토필요","candidate_reason":"도로점용 및 실제 이용형태 추가 검토 필요; 면적 3,304㎡","priority_score":35,"source":"경기부동산포털 국공유지조회·연속지적도","source_date":"2026-08-11","installed_solar_match":true,"installed_solar_count":1,"installed_solar_area_sqm":28.2,"installed_solar_analysis_years":["2024"],"installed_solar_types":["기타"],"installed_solar_permit_status_counts":{"N":1}}},{"type":"Feature","id":"4163031022103710003","geometry":{"type":"Point","coordinates":[127.0307458,37.8764476]},"properties":{"pnu":"4163031022103710003","municipality_code":"41630","municipality":"양주시","district":"양주시","locality":"은현면 선암리","address":"양주시 은현면 선암리 371-3","owner_type":"시·군유지","owner_label":"양주시","manager":"","property_class":"","land_category":"도로","area_sqm":3254.0,"area_band":"3,000~5,000㎡","interest_category":"도로","solar_candidate":"검토필요","candidate_reason":"도로점용 및 실제 이용형태 추가 검토 필요; 면적 3,254㎡","priority_score":35,"source":"경기부동산포털 국공유지조회·연속지적도","source_date":"2026-08-11","installed_solar_match":false}},{"type":"Feature","id":"4163034027200830015","geometry":{"type":"Point","coordinates":[126.9312499,37.6769207]},"properties":{"pnu":"4163034027200830015","municipality_code":"41630","municipality":"양주시","district":"양주시","locality":"장흥면 삼하리","address":"양주시 장흥면 삼하리 산83-15","owner_type":"시·군유지","owner_label":"양주시","manager":"","property_class":"","land_category":"도로","area_sqm":3245.0,"area_band":"3,000~5,000㎡","interest_category":"도로","solar_candidate":"검토필요","candidate_reason":"도로점용 및 실제 이용형태 추가 검토 필요; 면적 3,245㎡","priority_score":35,"source":"경기부동산포털 국공유지조회·연속지적도","source_date":"2026-08-11","installed_solar_match":false}},{"type":"Feature","id":"4163011400109580001","geometry":{"type":"Point","coordinates":[127.0912658,37.8203982]},"properties":{"pnu":"4163011400109580001","municipality_code":"41630","municipality":"양주시","district":"양주시","locality":"옥정동","address":"양주시 옥정동 958-1","owner_type":"시·군유지","owner_label":"양주시","manager":"","property_class":"","land_category":"도로","area_sqm":3233.6,"area_band":"3,000~5,000㎡","interest_category":"도로","solar_candidate":"검토필요","candidate_reason":"도로점용 및 실제 이용형태 추가 검토 필요; 면적 3,234㎡","priority_score":35,"source":"경기부동산포털 국공유지조회·연속지적도","source_date":"2026-08-11","installed_solar_match":false}},{"type":"Feature","id":"4163011400110100010","geometry":{"type":"Point","coordinates":[127.0943968,37.8348574]},"properties":{"pnu":"4163011400110100010","municipality_code":"41630","municipality":"양주시","district":"양주시","locality":"옥정동","address":"양주시 옥정동 1010-10","owner_type":"시·군유지","owner_label":"양주시","manager":"","property_class":"","land_category":"도로","area_sqm":3232.5,"area_band":"3,000~5,000㎡","interest_category":"도로","solar_candidate":"검토필요","candidate_reason":"도로점용 및 실제 이용형태 추가 검토 필요; 면적 3,232㎡","priority_score":35,"source":"경기부동산포털 국공유지조회·연속지적도","source_date":"2026-08-11","installed_solar_match":false}},{"type":"Feature","id":"4163025023100030003","geometry":{"type":"Point","coordinates":[126.9943674,37.7933243]},"properties":{"pnu":"4163025023100030003","municipality_code":"41630","municipality":"양주시","district":"양주시","locality":"백석읍 복지리","address":"양주시 백석읍 복지리 3-3","owner_type":"시·군유지","owner_label":"양주시","manager":"","property_class":"","land_category":"도로","area_sqm":3231.0,"area_band":"3,000~5,000㎡","interest_category":"도로","solar_candidate":"검토필요","candidate_reason":"도로점용 및 실제 이용형태 추가 검토 필요; 면적 3,231㎡","priority_score":35,"source":"경기부동산포털 국공유지조회·연속지적도","source_date":"2026-08-11","installed_solar_match":false}},{"type":"Feature","id":"4163031021106810014","geometry":{"type":"Point","coordinates":[127.035321,37.8545782]},"properties":{"pnu":"4163031021106810014","municipality_code":"41630","municipality":"양주시","district":"양주시","locality":"은현면 용암리","address":"양주시 은현면 용암리 681-14","owner_type":"시·군유지","owner_label":"양주시","manager":"","property_class":"","land_category":"도로","area_sqm":3229.0,"area_band":"3,000~5,000㎡","interest_category":"도로","solar_candidate":"검토필요","candidate_reason":"도로점용 및 실제 이용형태 추가 검토 필요; 면적 3,229㎡","priority_score":35,"source":"경기부동산포털 국공유지조회·연속지적도","source_date":"2026-08-11","installed_solar_match":false}},{"type":"Feature","id":"4163011000102080010","geometry":{"type":"Point","coordinates":[127.0672338,37.8370006]},"properties":{"pnu":"4163011000102080010","municipality_code":"41630","municipality":"양주시","district":"양주시","locality":"덕정동","address":"양주시 덕정동 208-10","owner_type":"시·군유지","owner_label":"양주시","manager":"","property_class":"","land_category":"도로","area_sqm":3221.4,"area_band":"3,000~5,000㎡","interest_category":"도로","solar_candidate":"검토필요","candidate_reason":"도로점용 및 실제 이용형태 추가 검토 필요; 면적 3,221㎡","priority_score":35,"source":"경기부동산포털 국공유지조회·연속지적도","source_date":"2026-08-11","installed_solar_match":false}},{"type":"Feature","id":"4163011100103620004","geometry":{"type":"Point","coordinates":[127.0736509,37.8538817]},"properties":{"pnu":"4163011100103620004","municipality_code":"41630","municipality":"양주시","district":"양주시","locality":"봉양동","address":"양주시 봉양동 362-4","owner_type":"시·군유지","owner_label":"양주시","manager":"","property_class":"","land_category":"도로","area_sqm":3215.0,"area_band":"3,000~5,000㎡","interest_category":"도로","solar_candidate":"검토필요","candidate_reason":"도로점용 및 실제 이용형태 추가 검토 필요; 면적 3,215㎡","priority_score":35,"source":"경기부동산포털 국공유지조회·연속지적도","source_date":"2026-08-11","installed_solar_match":false}},{"type":"Feature","id":"4163025021105200008","geometry":{"type":"Point","coordinates":[127.0053165,37.7914964]},"properties":{"pnu":"4163025021105200008","municipality_code":"41630","municipality":"양주시","district":"양주시","locality":"백석읍 방성리","address":"양주시 백석읍 방성리 520-8","owner_type":"시·군유지","owner_label":"양주시","manager":"","property_class":"","land_category":"도로","area_sqm":3210.0,"area_band":"3,000~5,000㎡","interest_category":"도로","solar_candidate":"검토필요","candidate_reason":"도로점용 및 실제 이용형태 추가 검토 필요; 면적 3,210㎡","priority_score":35,"source":"경기부동산포털 국공유지조회·연속지적도","source_date":"2026-08-11","installed_solar_match":false}},{"type":"Feature","id":"4163011400109830009","geometry":{"type":"Point","coordinates":[127.0936664,37.8390771]},"properties":{"pnu":"4163011400109830009","municipality_code":"41630","municipality":"양주시","district":"양주시","locality":"옥정동","address":"양주시 옥정동 983-9","owner_type":"시·군유지","owner_label":"양주시","manager":"","property_class":"","land_category":"도로","area_sqm":3209.0,"area_band":"3,000~5,000㎡","interest_category":"도로","solar_candidate":"검토필요","candidate_reason":"도로점용 및 실제 이용형태 추가 검토 필요; 면적 3,209㎡","priority_score":35,"source":"경기부동산포털 국공유지조회·연속지적도","source_date":"2026-08-11","installed_solar_match":false}},{"type":"Feature","id":"4163031026100060002","geometry":{"type":"Point","coordinates":[127.0158467,37.8629956]},"properties":{"pnu":"4163031026100060002","municipality_code":"41630","municipality":"양주시","district":"양주시","locality":"은현면 도하리","address":"양주시 은현면 도하리 6-2","owner_type":"시·군유지","owner_label":"양주시","manager":"","property_class":"","land_category":"도로","area_sqm":3151.0,"area_band":"3,000~5,000㎡","interest_category":"도로","solar_candidate":"검토필요","candidate_reason":"도로점용 및 실제 이용형태 추가 검토 필요; 면적 3,151㎡","priority_score":35,"source":"경기부동산포털 국공유지조회·연속지적도","source_date":"2026-08-11","installed_solar_match":false}},{"type":"Feature","id":"4163033021108930000","geometry":{"type":"Point","coordinates":[126.9853106,37.8203575]},"properties":{"pnu":"4163033021108930000","municipality_code":"41630","municipality":"양주시","district":"양주시","locality":"광적면 가납리","address":"양주시 광적면 가납리 893","owner_type":"시·군유지","owner_label":"양주시","manager":"","property_class":"","land_category":"도로","area_sqm":3148.6,"area_band":"3,000~5,000㎡","interest_category":"도로","solar_candidate":"검토필요","candidate_reason":"도로점용 및 실제 이용형태 추가 검토 필요; 면적 3,149㎡","priority_score":35,"source":"경기부동산포털 국공유지조회·연속지적도","source_date":"2026-08-11","installed_solar_match":false}},{"type":"Feature","id":"4163033023200640003","geometry":{"type":"Point","coordinates":[126.9398511,37.8320756]},"properties":{"pnu":"4163033023200640003","municipality_code":"41630","municipality":"양주시","district":"양주시","locality":"광적면 우고리","address":"양주시 광적면 우고리 산64-3","owner_type":"시·군유지","owner_label":"양주시","manager":"","property_class":"","land_category":"도로","area_sqm":3114.0,"area_band":"3,000~5,000㎡","interest_category":"도로","solar_candidate":"검토필요","candidate_reason":"도로점용 및 실제 이용형태 추가 검토 필요; 면적 3,114㎡","priority_score":35,"source":"경기부동산포털 국공유지조회·연속지적도","source_date":"2026-08-11","installed_solar_match":false}},{"type":"Feature","id":"4163011600201300005","geometry":{"type":"Point","coordinates":[127.0621237,37.8047188]},"properties":{"pnu":"4163011600201300005","municipality_code":"41630","municipality":"양주시","district":"양주시","locality":"덕계동","address":"양주시 덕계동 산130-5","owner_type":"시·군유지","owner_label":"양주시","manager":"","property_class":"","land_category":"도로","area_sqm":3113.0,"area_band":"3,000~5,000㎡","interest_category":"도로","solar_candidate":"검토필요","candidate_reason":"도로점용 및 실제 이용형태 추가 검토 필요; 면적 3,113㎡","priority_score":35,"source":"경기부동산포털 국공유지조회·연속지적도","source_date":"2026-08-11","installed_solar_match":false}},{"type":"Feature","id":"4163031024100470002","geometry":{"type":"Point","coordinates":[127.0083433,37.8939855]},"properties":{"pnu":"4163031024100470002","municipality_code":"41630","municipality":"양주시","district":"양주시","locality":"은현면 봉암리","address":"양주시 은현면 봉암리 47-2","owner_type":"시·군유지","owner_label":"양주시","manager":"","property_class":"","land_category":"도로","area_sqm":3111.0,"area_band":"3,000~5,000㎡","interest_category":"도로","solar_candidate":"검토필요","candidate_reason":"도로점용 및 실제 이용형태 추가 검토 필요; 면적 3,111㎡","priority_score":35,"source":"경기부동산포털 국공유지조회·연속지적도","source_date":"2026-08-11","installed_solar_match":false}},{"type":"Feature","id":"4163010200100690006","geometry":{"type":"Point","coordinates":[127.0200301,37.7702443]},"properties":{"pnu":"4163010200100690006","municipality_code":"41630","municipality":"양주시","district":"양주시","locality":"어둔동","address":"양주시 어둔동 69-6","owner_type":"시·군유지","owner_label":"양주시","manager":"","property_class":"","land_category":"도로","area_sqm":3088.0,"area_band":"3,000~5,000㎡","interest_category":"도로","solar_candidate":"검토필요","candidate_reason":"도로점용 및 실제 이용형태 추가 검토 필요; 면적 3,088㎡","priority_score":35,"source":"경기부동산포털 국공유지조회·연속지적도","source_date":"2026-08-11","installed_solar_match":false}},{"type":"Feature","id":"4163010600104050027","geometry":{"type":"Point","coordinates":[127.0686325,37.7849669]},"properties":{"pnu":"4163010600104050027","municipality_code":"41630","municipality":"양주시","district":"양주시","locality":"광사동","address":"양주시 광사동 405-27","owner_type":"시·군유지","owner_label":"양주시","manager":"","property_class":"","land_category":"도로","area_sqm":3083.0,"area_band":"3,000~5,000㎡","interest_category":"도로","solar_candidate":"검토필요","candidate_reason":"도로점용 및 실제 이용형태 추가 검토 필요; 면적 3,083㎡","priority_score":35,"source":"경기부동산포털 국공유지조회·연속지적도","source_date":"2026-08-11","installed_solar_match":false}},{"type":"Feature","id":"4163031025100940003","geometry":{"type":"Point","coordinates":[127.0425366,37.8877192]},"properties":{"pnu":"4163031025100940003","municipality_code":"41630","municipality":"양주시","district":"양주시","locality":"은현면 하패리","address":"양주시 은현면 하패리 94-3","owner_type":"시·군유지","owner_label":"양주시","manager":"","property_class":"","land_category":"도로","area_sqm":3074.0,"area_band":"3,000~5,000㎡","interest_category":"도로","solar_candidate":"검토필요","candidate_reason":"도로점용 및 실제 이용형태 추가 검토 필요; 면적 3,074㎡","priority_score":35,"source":"경기부동산포털 국공유지조회·연속지적도","source_date":"2026-08-11","installed_solar_match":false}},{"type":"Feature","id":"4163011400108800008","geometry":{"type":"Point","coordinates":[127.0848223,37.8317067]},"properties":{"pnu":"4163011400108800008","municipality_code":"41630","municipality":"양주시","district":"양주시","locality":"옥정동","address":"양주시 옥정동 880-8","owner_type":"시·군유지","owner_label":"양주시","manager":"","property_class":"","land_category":"도로","area_sqm":3062.6,"area_band":"3,000~5,000㎡","interest_category":"도로","solar_candidate":"검토필요","candidate_reason":"도로점용 및 실제 이용형태 추가 검토 필요; 면적 3,063㎡","priority_score":35,"source":"경기부동산포털 국공유지조회·연속지적도","source_date":"2026-08-11","installed_solar_match":false}},{"type":"Feature","id":"4163010400100370054","geometry":{"type":"Point","coordinates":[127.0585818,37.7807416]},"properties":{"pnu":"4163010400100370054","municipality_code":"41630","municipality":"양주시","district":"양주시","locality":"마전동","address":"양주시 마전동 37-54","owner_type":"시·군유지","owner_label":"양주시","manager":"","property_class":"","land_category":"도로","area_sqm":3053.0,"area_band":"3,000~5,000㎡","interest_category":"도로","solar_candidate":"검토필요","candidate_reason":"도로점용 및 실제 이용형태 추가 검토 필요; 면적 3,053㎡","priority_score":35,"source":"경기부동산포털 국공유지조회·연속지적도","source_date":"2026-08-11","installed_solar_match":false}},{"type":"Feature","id":"4163010900103740001","geometry":{"type":"Point","coordinates":[127.070601,37.8020738]},"properties":{"pnu":"4163010900103740001","municipality_code":"41630","municipality":"양주시","district":"양주시","locality":"고읍동","address":"양주시 고읍동 374-1","owner_type":"시·군유지","owner_label":"양주시","manager":"","property_class":"","land_category":"도로","area_sqm":3053.0,"area_band":"3,000~5,000㎡","interest_category":"도로","solar_candidate":"검토필요","candidate_reason":"도로점용 및 실제 이용형태 추가 검토 필요; 면적 3,053㎡","priority_score":35,"source":"경기부동산포털 국공유지조회·연속지적도","source_date":"2026-08-11","installed_solar_match":false}},{"type":"Feature","id":"4163033022100010005","geometry":{"type":"Point","coordinates":[126.979898,37.8265704]},"properties":{"pnu":"4163033022100010005","municipality_code":"41630","municipality":"양주시","district":"양주시","locality":"광적면 광석리","address":"양주시 광적면 광석리 1-5","owner_type":"시·군유지","owner_label":"양주시","manager":"","property_class":"","land_category":"도로","area_sqm":3053.0,"area_band":"3,000~5,000㎡","interest_category":"도로","solar_candidate":"검토필요","candidate_reason":"도로점용 및 실제 이용형태 추가 검토 필요; 면적 3,053㎡","priority_score":35,"source":"경기부동산포털 국공유지조회·연속지적도","source_date":"2026-08-11","installed_solar_match":false}},{"type":"Feature","id":"4163011400109660011","geometry":{"type":"Point","coordinates":[127.0935115,37.8204598]},"properties":{"pnu":"4163011400109660011","municipality_code":"41630","municipality":"양주시","district":"양주시","locality":"옥정동","address":"양주시 옥정동 966-11","owner_type":"시·군유지","owner_label":"양주시","manager":"","property_class":"","land_category":"도로","area_sqm":3033.1,"area_band":"3,000~5,000㎡","interest_category":"도로","solar_candidate":"검토필요","candidate_reason":"도로점용 및 실제 이용형태 추가 검토 필요; 면적 3,033㎡","priority_score":35,"source":"경기부동산포털 국공유지조회·연속지적도","source_date":"2026-08-11","installed_solar_match":false}},{"type":"Feature","id":"4163034021103840007","geometry":{"type":"Point","coordinates":[126.9662237,37.6942597]},"properties":{"pnu":"4163034021103840007","municipality_code":"41630","municipality":"양주시","district":"양주시","locality":"장흥면 교현리","address":"양주시 장흥면 교현리 384-7","owner_type":"시·군유지","owner_label":"양주시","manager":"","property_class":"","land_category":"도로","area_sqm":3026.0,"area_band":"3,000~5,000㎡","interest_category":"도로","solar_candidate":"검토필요","candidate_reason":"도로점용 및 실제 이용형태 추가 검토 필요; 면적 3,026㎡","priority_score":35,"source":"경기부동산포털 국공유지조회·연속지적도","source_date":"2026-08-11","installed_solar_match":false}},{"type":"Feature","id":"4163032027106690003","geometry":{"type":"Point","coordinates":[126.9983355,37.8670876]},"properties":{"pnu":"4163032027106690003","municipality_code":"41630","municipality":"양주시","district":"양주시","locality":"남면 상수리","address":"양주시 남면 상수리 669-3","owner_type":"시·군유지","owner_label":"양주시","manager":"","property_class":"","land_category":"도로","area_sqm":3014.1,"area_band":"3,000~5,000㎡","interest_category":"도로","solar_candidate":"검토필요","candidate_reason":"도로점용 및 실제 이용형태 추가 검토 필요; 면적 3,014㎡","priority_score":35,"source":"경기부동산포털 국공유지조회·연속지적도","source_date":"2026-08-11","installed_solar_match":false}},{"type":"Feature","id":"4163010700102370007","geometry":{"type":"Point","coordinates":[127.0879966,37.7985145]},"properties":{"pnu":"4163010700102370007","municipality_code":"41630","municipality":"양주시","district":"양주시","locality":"만송동","address":"양주시 만송동 237-7","owner_type":"시·군유지","owner_label":"양주시","manager":"","property_class":"","land_category":"도로","area_sqm":3007.0,"area_band":"3,000~5,000㎡","interest_category":"도로","solar_candidate":"검토필요","candidate_reason":"도로점용 및 실제 이용형태 추가 검토 필요; 면적 3,007㎡","priority_score":35,"source":"경기부동산포털 국공유지조회·연속지적도","source_date":"2026-08-11","installed_solar_match":false}},{"type":"Feature","id":"4163033023103120004","geometry":{"type":"Point","coordinates":[126.9570782,37.8302488]},"properties":{"pnu":"4163033023103120004","municipality_code":"41630","municipality":"양주시","district":"양주시","locality":"광적면 우고리","address":"양주시 광적면 우고리 312-4","owner_type":"시·군유지","owner_label":"양주시","manager":"","property_class":"","land_category":"도로","area_sqm":3005.0,"area_band":"3,000~5,000㎡","interest_category":"도로","solar_candidate":"검토필요","candidate_reason":"도로점용 및 실제 이용형태 추가 검토 필요; 면적 3,005㎡","priority_score":35,"source":"경기부동산포털 국공유지조회·연속지적도","source_date":"2026-08-11","installed_solar_match":false}},{"type":"Feature","id":"4163034025105780013","geometry":{"type":"Point","coordinates":[126.9312656,37.7052997]},"properties":{"pnu":"4163034025105780013","municipality_code":"41630","municipality":"양주시","district":"양주시","locality":"장흥면 일영리","address":"양주시 장흥면 일영리 578-13","owner_type":"시·군유지","owner_label":"양주시","manager":"","property_class":"","land_category":"체육용지","area_sqm":472.0,"area_band":"100~500㎡","interest_category":"체육용지","solar_candidate":"검토필요","candidate_reason":"체육시설·주차장 상부 활용 가능성 추가 검토; 면적 472㎡","priority_score":35,"source":"경기부동산포털 국공유지조회·연속지적도","source_date":"2026-08-11","installed_solar_match":false}},{"type":"Feature","id":"4163031026106790008","geometry":{"type":"Point","coordinates":[126.9980483,37.8425591]},"properties":{"pnu":"4163031026106790008","municipality_code":"41630","municipality":"양주시","district":"양주시","locality":"은현면 도하리","address":"양주시 은현면 도하리 679-8","owner_type":"시·군유지","owner_label":"양주시","manager":"","property_class":"","land_category":"창고용지","area_sqm":435.0,"area_band":"100~500㎡","interest_category":"창고용지","solar_candidate":"검토필요","candidate_reason":"지목·면적 기준 1차 검토 대상; 면적 435㎡","priority_score":35,"source":"경기부동산포털 국공유지조회·연속지적도","source_date":"2026-08-11","installed_solar_match":false}},{"type":"Feature","id":"4163031026106760004","geometry":{"type":"Point","coordinates":[126.9986061,37.8428184]},"properties":{"pnu":"4163031026106760004","municipality_code":"41630","municipality":"양주시","district":"양주시","locality":"은현면 도하리","address":"양주시 은현면 도하리 676-4","owner_type":"시·군유지","owner_label":"양주시","manager":"","property_class":"","land_category":"창고용지","area_sqm":401.0,"area_band":"100~500㎡","interest_category":"창고용지","solar_candidate":"검토필요","candidate_reason":"지목·면적 기준 1차 검토 대상; 면적 401㎡","priority_score":35,"source":"경기부동산포털 국공유지조회·연속지적도","source_date":"2026-08-11","installed_solar_match":false}},{"type":"Feature","id":"4163011700104540021","geometry":{"type":"Point","coordinates":[127.0515299,37.8323063]},"properties":{"pnu":"4163011700104540021","municipality_code":"41630","municipality":"양주시","district":"양주시","locality":"회정동","address":"양주시 회정동 454-21","owner_type":"시·군유지","owner_label":"양주시","manager":"","property_class":"","land_category":"창고용지","area_sqm":375.0,"area_band":"100~500㎡","interest_category":"창고용지","solar_candidate":"검토필요","candidate_reason":"지목·면적 기준 1차 검토 대상; 면적 375㎡","priority_score":35,"source":"경기부동산포털 국공유지조회·연속지적도","source_date":"2026-08-11","installed_solar_match":false}},{"type":"Feature","id":"4163034025105780006","geometry":{"type":"Point","coordinates":[126.9307198,37.7053186]},"properties":{"pnu":"4163034025105780006","municipality_code":"41630","municipality":"양주시","district":"양주시","locality":"장흥면 일영리","address":"양주시 장흥면 일영리 578-6","owner_type":"시·군유지","owner_label":"양주시","manager":"","property_class":"","land_category":"체육용지","area_sqm":365.0,"area_band":"100~500㎡","interest_category":"체육용지","solar_candidate":"검토필요","candidate_reason":"체육시설·주차장 상부 활용 가능성 추가 검토; 면적 365㎡","priority_score":35,"source":"경기부동산포털 국공유지조회·연속지적도","source_date":"2026-08-11","installed_solar_match":false}},{"type":"Feature","id":"4163032029100840001","geometry":{"type":"Point","coordinates":[127.0045566,37.8978984]},"properties":{"pnu":"4163032029100840001","municipality_code":"41630","municipality":"양주시","district":"양주시","locality":"남면 한산리","address":"양주시 남면 한산리 84-1","owner_type":"시·군유지","owner_label":"양주시","manager":"","property_class":"","land_category":"창고용지","area_sqm":359.0,"area_band":"100~500㎡","interest_category":"창고용지","solar_candidate":"검토필요","candidate_reason":"지목·면적 기준 1차 검토 대상; 면적 359㎡","priority_score":35,"source":"경기부동산포털 국공유지조회·연속지적도","source_date":"2026-08-11","installed_solar_match":false}},{"type":"Feature","id":"4163025022102940012","geometry":{"type":"Point","coordinates":[126.9793135,37.8120372]},"properties":{"pnu":"4163025022102940012","municipality_code":"41630","municipality":"양주시","district":"양주시","locality":"백석읍 오산리","address":"양주시 백석읍 오산리 294-12","owner_type":"시·군유지","owner_label":"양주시","manager":"","property_class":"","land_category":"창고용지","area_sqm":335.0,"area_band":"100~500㎡","interest_category":"창고용지","solar_candidate":"검토필요","candidate_reason":"지목·면적 기준 1차 검토 대상; 면적 335㎡","priority_score":35,"source":"경기부동산포털 국공유지조회·연속지적도","source_date":"2026-08-11","installed_solar_match":false}},{"type":"Feature","id":"4163032029100660011","geometry":{"type":"Point","coordinates":[127.0042985,37.8985024]},"properties":{"pnu":"4163032029100660011","municipality_code":"41630","municipality":"양주시","district":"양주시","locality":"남면 한산리","address":"양주시 남면 한산리 66-11","owner_type":"시·군유지","owner_label":"양주시","manager":"","property_class":"","land_category":"창고용지","area_sqm":321.0,"area_band":"100~500㎡","interest_category":"창고용지","solar_candidate":"검토필요","candidate_reason":"지목·면적 기준 1차 검토 대상; 면적 321㎡","priority_score":35,"source":"경기부동산포털 국공유지조회·연속지적도","source_date":"2026-08-11","installed_solar_match":false}},{"type":"Feature","id":"4163033022101820000","geometry":{"type":"Point","coordinates":[126.9706459,37.8145738]},"properties":{"pnu":"4163033022101820000","municipality_code":"41630","municipality":"양주시","district":"양주시","locality":"광적면 광석리","address":"양주시 광적면 광석리 182","owner_type":"시·군유지","owner_label":"양주시","manager":"","property_class":"","land_category":"체육용지","area_sqm":314.0,"area_band":"100~500㎡","interest_category":"체육용지","solar_candidate":"검토필요","candidate_reason":"체육시설·주차장 상부 활용 가능성 추가 검토; 면적 314㎡","priority_score":35,"source":"경기부동산포털 국공유지조회·연속지적도","source_date":"2026-08-11","installed_solar_match":false}},{"type":"Feature","id":"4163031026106790019","geometry":{"type":"Point","coordinates":[126.9977302,37.8424163]},"properties":{"pnu":"4163031026106790019","municipality_code":"41630","municipality":"양주시","district":"양주시","locality":"은현면 도하리","address":"양주시 은현면 도하리 679-19","owner_type":"시·군유지","owner_label":"양주시","manager":"","property_class":"","land_category":"창고용지","area_sqm":271.0,"area_band":"100~500㎡","interest_category":"창고용지","solar_candidate":"검토필요","candidate_reason":"지목·면적 기준 1차 검토 대상; 면적 271㎡","priority_score":35,"source":"경기부동산포털 국공유지조회·연속지적도","source_date":"2026-08-11","installed_solar_match":false}},{"type":"Feature","id":"4163033022101310003","geometry":{"type":"Point","coordinates":[126.9731446,37.8135433]},"properties":{"pnu":"4163033022101310003","municipality_code":"41630","municipality":"양주시","district":"양주시","locality":"광적면 광석리","address":"양주시 광적면 광석리 131-3","owner_type":"시·군유지","owner_label":"양주시","manager":"","property_class":"","land_category":"체육용지","area_sqm":271.0,"area_band":"100~500㎡","interest_category":"체육용지","solar_candidate":"검토필요","candidate_reason":"체육시설·주차장 상부 활용 가능성 추가 검토; 면적 271㎡","priority_score":35,"source":"경기부동산포털 국공유지조회·연속지적도","source_date":"2026-08-11","installed_solar_match":false}},{"type":"Feature","id":"4163011700101880026","geometry":{"type":"Point","coordinates":[127.0536927,37.8364109]},"properties":{"pnu":"4163011700101880026","municipality_code":"41630","municipality":"양주시","district":"양주시","locality":"회정동","address":"양주시 회정동 188-26","owner_type":"시·군유지","owner_label":"양주시","manager":"","property_class":"","land_category":"창고용지","area_sqm":266.0,"area_band":"100~500㎡","interest_category":"창고용지","solar_candidate":"검토필요","candidate_reason":"지목·면적 기준 1차 검토 대상; 면적 266㎡","priority_score":35,"source":"경기부동산포털 국공유지조회·연속지적도","source_date":"2026-08-11","installed_solar_match":false}},{"type":"Feature","id":"4163025022102940007","geometry":{"type":"Point","coordinates":[126.9792864,37.8119613]},"properties":{"pnu":"4163025022102940007","municipality_code":"41630","municipality":"양주시","district":"양주시","locality":"백석읍 오산리","address":"양주시 백석읍 오산리 294-7","owner_type":"시·군유지","owner_label":"양주시","manager":"","property_class":"","land_category":"창고용지","area_sqm":237.0,"area_band":"100~500㎡","interest_category":"창고용지","solar_candidate":"검토필요","candidate_reason":"지목·면적 기준 1차 검토 대상; 면적 237㎡","priority_score":35,"source":"경기부동산포털 국공유지조회·연속지적도","source_date":"2026-08-11","installed_solar_match":false}},{"type":"Feature","id":"4163034025105780010","geometry":{"type":"Point","coordinates":[126.9309911,37.705208]},"properties":{"pnu":"4163034025105780010","municipality_code":"41630","municipality":"양주시","district":"양주시","locality":"장흥면 일영리","address":"양주시 장흥면 일영리 578-10","owner_type":"시·군유지","owner_label":"양주시","manager":"","property_class":"","land_category":"체육용지","area_sqm":229.0,"area_band":"100~500㎡","interest_category":"체육용지","solar_candidate":"검토필요","candidate_reason":"체육시설·주차장 상부 활용 가능성 추가 검토; 면적 229㎡","priority_score":35,"source":"경기부동산포털 국공유지조회·연속지적도","source_date":"2026-08-11","installed_solar_match":false}},{"type":"Feature","id":"4163025021106360005","geometry":{"type":"Point","coordinates":[126.9993835,37.7929953]},"properties":{"pnu":"4163025021106360005","municipality_code":"41630","municipality":"양주시","district":"양주시","locality":"백석읍 방성리","address":"양주시 백석읍 방성리 636-5","owner_type":"시·군유지","owner_label":"양주시","manager":"","property_class":"","land_category":"창고용지","area_sqm":185.0,"area_band":"100~500㎡","interest_category":"창고용지","solar_candidate":"검토필요","candidate_reason":"지목·면적 기준 1차 검토 대상; 면적 185㎡","priority_score":35,"source":"경기부동산포털 국공유지조회·연속지적도","source_date":"2026-08-11","installed_solar_match":false}},{"type":"Feature","id":"4163033022101800000","geometry":{"type":"Point","coordinates":[126.9708964,37.8147454]},"properties":{"pnu":"4163033022101800000","municipality_code":"41630","municipality":"양주시","district":"양주시","locality":"광적면 광석리","address":"양주시 광적면 광석리 180","owner_type":"시·군유지","owner_label":"양주시","manager":"","property_class":"","land_category":"체육용지","area_sqm":177.0,"area_band":"100~500㎡","interest_category":"체육용지","solar_candidate":"검토필요","candidate_reason":"체육시설·주차장 상부 활용 가능성 추가 검토; 면적 177㎡","priority_score":35,"source":"경기부동산포털 국공유지조회·연속지적도","source_date":"2026-08-11","installed_solar_match":false}},{"type":"Feature","id":"4163011700101140006","geometry":{"type":"Point","coordinates":[127.0527478,37.8371992]},"properties":{"pnu":"4163011700101140006","municipality_code":"41630","municipality":"양주시","district":"양주시","locality":"회정동","address":"양주시 회정동 114-6","owner_type":"시·군유지","owner_label":"양주시","manager":"","property_class":"","land_category":"창고용지","area_sqm":165.0,"area_band":"100~500㎡","interest_category":"창고용지","solar_candidate":"검토필요","candidate_reason":"지목·면적 기준 1차 검토 대상; 면적 165㎡","priority_score":35,"source":"경기부동산포털 국공유지조회·연속지적도","source_date":"2026-08-11","installed_solar_match":false}},{"type":"Feature","id":"4163034021102080018","geometry":{"type":"Point","coordinates":[126.970794,37.7084813]},"properties":{"pnu":"4163034021102080018","municipality_code":"41630","municipality":"양주시","district":"양주시","locality":"장흥면 교현리","address":"양주시 장흥면 교현리 208-18","owner_type":"시·군유지","owner_label":"양주시","manager":"","property_class":"","land_category":"체육용지","area_sqm":161.0,"area_band":"100~500㎡","interest_category":"체육용지","solar_candidate":"검토필요","candidate_reason":"체육시설·주차장 상부 활용 가능성 추가 검토; 면적 161㎡","priority_score":35,"source":"경기부동산포털 국공유지조회·연속지적도","source_date":"2026-08-11","installed_solar_match":false}},{"type":"Feature","id":"4163010700200960017","geometry":{"type":"Point","coordinates":[127.0797476,37.7797181]},"properties":{"pnu":"4163010700200960017","municipality_code":"41630","municipality":"양주시","district":"양주시","locality":"만송동","address":"양주시 만송동 산96-17","owner_type":"시·군유지","owner_label":"양주시","manager":"","property_class":"","land_category":"체육용지","area_sqm":156.0,"area_band":"100~500㎡","interest_category":"체육용지","solar_candidate":"검토필요","candidate_reason":"체육시설·주차장 상부 활용 가능성 추가 검토; 면적 156㎡","priority_score":35,"source":"경기부동산포털 국공유지조회·연속지적도","source_date":"2026-08-11","installed_solar_match":false}},{"type":"Feature","id":"4163033022101300001","geometry":{"type":"Point","coordinates":[126.9731789,37.8135852]},"properties":{"pnu":"4163033022101300001","municipality_code":"41630","municipality":"양주시","district":"양주시","locality":"광적면 광석리","address":"양주시 광적면 광석리 130-1","owner_type":"시·군유지","owner_label":"양주시","manager":"","property_class":"","land_category":"체육용지","area_sqm":138.0,"area_band":"100~500㎡","interest_category":"체육용지","solar_candidate":"검토필요","candidate_reason":"체육시설·주차장 상부 활용 가능성 추가 검토; 면적 138㎡","priority_score":35,"source":"경기부동산포털 국공유지조회·연속지적도","source_date":"2026-08-11","installed_solar_match":false}},{"type":"Feature","id":"4163010700101020006","geometry":{"type":"Point","coordinates":[127.0911754,37.7893115]},"properties":{"pnu":"4163010700101020006","municipality_code":"41630","municipality":"양주시","district":"양주시","locality":"만송동","address":"양주시 만송동 102-6","owner_type":"시·군유지","owner_label":"양주시","manager":"","property_class":"","land_category":"창고용지","area_sqm":128.0,"area_band":"100~500㎡","interest_category":"창고용지","solar_candidate":"검토필요","candidate_reason":"지목·면적 기준 1차 검토 대상; 면적 128㎡","priority_score":35,"source":"경기부동산포털 국공유지조회·연속지적도","source_date":"2026-08-11","installed_solar_match":false}}]}