{"type":"FeatureCollection","name":"gyeonggi_41800_province_solar_candidates","metadata":{"generated_on":"2026-08-11","source":"경기부동산포털 국공유지조회·연속지적도","source_agency":"경기도","ownership_source":"경기부동산포털 국공유지조회","coverage":"연천군","owner_code":"4","owner_type":"경기도유지","minimum_area_sqm":100.0,"feature_count":434,"coordinate_reference":"GRIS native values interpreted as EPSG:5174 and projected to EPSG:4326","coordinate_precision":"7 decimals, increased only when needed to keep narrow-parcel points inside","disclaimer":"설치 가능 확정이 아닌 현장조사 우선순위"},"features":[{"type":"Feature","id":"4180025321101630001","geometry":{"type":"Point","coordinates":[127.0670738,38.0119074]},"properties":{"pnu":"4180025321101630001","municipality_code":"41800","municipality":"연천군","district":"연천군","locality":"전곡읍 전곡리","address":"연천군 전곡읍 전곡리 163-1","owner_type":"경기도유지","owner_label":"경기도","manager":"문화체육관광국 문화정책과","property_class":"행정재산","land_category":"주차장","area_sqm":9276.0,"area_band":"5,000㎡ 이상","interest_category":"주차장","solar_candidate":"Y","candidate_reason":"주차면 상부 태양광을 우선 검토할 지목; 면적 9,276㎡","priority_score":80,"source":"경기부동산포털 국공유지조회·연속지적도","source_date":"2026-08-11","installed_solar_match":false}},{"type":"Feature","id":"4180025021100920003","geometry":{"type":"Point","coordinates":[127.0745655,38.0830446]},"properties":{"pnu":"4180025021100920003","municipality_code":"41800","municipality":"연천군","district":"연천군","locality":"연천읍 차탄리","address":"연천군 연천읍 차탄리 92-3","owner_type":"경기도유지","owner_label":"경기도","manager":"경기도농업기술원","property_class":"행정재산","land_category":"잡종지","area_sqm":27158.0,"area_band":"5,000㎡ 이상","interest_category":"잡종지","solar_candidate":"Y","candidate_reason":"실제 이용·점유 여부 확인 후 검토할 잡종지; 면적 27,158㎡","priority_score":75,"source":"경기부동산포털 국공유지조회·연속지적도","source_date":"2026-08-11","installed_solar_match":false}},{"type":"Feature","id":"4180038021101180001","geometry":{"type":"Point","coordinates":[126.8762351,38.0142725]},"properties":{"pnu":"4180038021101180001","municipality_code":"41800","municipality":"연천군","district":"연천군","locality":"장남면 원당리","address":"연천군 장남면 원당리 118-1","owner_type":"경기도유지","owner_label":"경기도","manager":"건설국 하천과","property_class":"행정재산","land_category":"잡종지","area_sqm":21613.0,"area_band":"5,000㎡ 이상","interest_category":"잡종지","solar_candidate":"Y","candidate_reason":"실제 이용·점유 여부 확인 후 검토할 잡종지; 면적 21,613㎡","priority_score":75,"source":"경기부동산포털 국공유지조회·연속지적도","source_date":"2026-08-11","installed_solar_match":false}},{"type":"Feature","id":"4180038021101660000","geometry":{"type":"Point","coordinates":[126.8735404,38.015957]},"properties":{"pnu":"4180038021101660000","municipality_code":"41800","municipality":"연천군","district":"연천군","locality":"장남면 원당리","address":"연천군 장남면 원당리 166","owner_type":"경기도유지","owner_label":"경기도","manager":"건설국 하천과","property_class":"행정재산","land_category":"잡종지","area_sqm":15792.0,"area_band":"5,000㎡ 이상","interest_category":"잡종지","solar_candidate":"Y","candidate_reason":"실제 이용·점유 여부 확인 후 검토할 잡종지; 면적 15,792㎡","priority_score":75,"source":"경기부동산포털 국공유지조회·연속지적도","source_date":"2026-08-11","installed_solar_match":false}},{"type":"Feature","id":"4180038023104050002","geometry":{"type":"Point","coordinates":[126.8696703,38.0206581]},"properties":{"pnu":"4180038023104050002","municipality_code":"41800","municipality":"연천군","district":"연천군","locality":"장남면 판부리","address":"연천군 장남면 판부리 405-2","owner_type":"경기도유지","owner_label":"경기도","manager":"건설국 하천과","property_class":"행정재산","land_category":"잡종지","area_sqm":13532.0,"area_band":"5,000㎡ 이상","interest_category":"잡종지","solar_candidate":"Y","candidate_reason":"실제 이용·점유 여부 확인 후 검토할 잡종지; 면적 13,532㎡","priority_score":75,"source":"경기부동산포털 국공유지조회·연속지적도","source_date":"2026-08-11","installed_solar_match":false}},{"type":"Feature","id":"4180033024105250000","geometry":{"type":"Point","coordinates":[126.87462,38.0083521]},"properties":{"pnu":"4180033024105250000","municipality_code":"41800","municipality":"연천군","district":"연천군","locality":"백학면 전동리","address":"연천군 백학면 전동리 525","owner_type":"경기도유지","owner_label":"경기도","manager":"건설국 하천과","property_class":"행정재산","land_category":"잡종지","area_sqm":10856.0,"area_band":"5,000㎡ 이상","interest_category":"잡종지","solar_candidate":"Y","candidate_reason":"실제 이용·점유 여부 확인 후 검토할 잡종지; 면적 10,856㎡","priority_score":75,"source":"경기부동산포털 국공유지조회·연속지적도","source_date":"2026-08-11","installed_solar_match":false}},{"type":"Feature","id":"4180033024105230000","geometry":{"type":"Point","coordinates":[126.8739326,38.0092145]},"properties":{"pnu":"4180033024105230000","municipality_code":"41800","municipality":"연천군","district":"연천군","locality":"백학면 전동리","address":"연천군 백학면 전동리 523","owner_type":"경기도유지","owner_label":"경기도","manager":"건설국 하천과","property_class":"행정재산","land_category":"잡종지","area_sqm":10040.0,"area_band":"5,000㎡ 이상","interest_category":"잡종지","solar_candidate":"Y","candidate_reason":"실제 이용·점유 여부 확인 후 검토할 잡종지; 면적 10,040㎡","priority_score":75,"source":"경기부동산포털 국공유지조회·연속지적도","source_date":"2026-08-11","installed_solar_match":false}},{"type":"Feature","id":"4180025323100170044","geometry":{"type":"Point","coordinates":[127.1134931,38.0405508]},"properties":{"pnu":"4180025323100170044","municipality_code":"41800","municipality":"연천군","district":"연천군","locality":"전곡읍 신답리","address":"연천군 전곡읍 신답리 17-44","owner_type":"경기도유지","owner_label":"경기도","manager":"건설국 하천과","property_class":"행정재산","land_category":"잡종지","area_sqm":8837.0,"area_band":"5,000㎡ 이상","interest_category":"잡종지","solar_candidate":"Y","candidate_reason":"실제 이용·점유 여부 확인 후 검토할 잡종지; 면적 8,837㎡","priority_score":75,"source":"경기부동산포털 국공유지조회·연속지적도","source_date":"2026-08-11","installed_solar_match":false}},{"type":"Feature","id":"4180033024105180000","geometry":{"type":"Point","coordinates":[126.8743096,38.0109745]},"properties":{"pnu":"4180033024105180000","municipality_code":"41800","municipality":"연천군","district":"연천군","locality":"백학면 전동리","address":"연천군 백학면 전동리 518","owner_type":"경기도유지","owner_label":"경기도","manager":"건설국 하천과","property_class":"행정재산","land_category":"잡종지","area_sqm":8787.0,"area_band":"5,000㎡ 이상","interest_category":"잡종지","solar_candidate":"Y","candidate_reason":"실제 이용·점유 여부 확인 후 검토할 잡종지; 면적 8,787㎡","priority_score":75,"source":"경기부동산포털 국공유지조회·연속지적도","source_date":"2026-08-11","installed_solar_match":false}},{"type":"Feature","id":"4180033028106900001","geometry":{"type":"Point","coordinates":[126.8726645,38.019961]},"properties":{"pnu":"4180033028106900001","municipality_code":"41800","municipality":"연천군","district":"연천군","locality":"백학면 두현리","address":"연천군 백학면 두현리 690-1","owner_type":"경기도유지","owner_label":"경기도","manager":"건설국 하천과","property_class":"행정재산","land_category":"잡종지","area_sqm":7796.0,"area_band":"5,000㎡ 이상","interest_category":"잡종지","solar_candidate":"Y","candidate_reason":"실제 이용·점유 여부 확인 후 검토할 잡종지; 면적 7,796㎡","priority_score":75,"source":"경기부동산포털 국공유지조회·연속지적도","source_date":"2026-08-11","installed_solar_match":false}},{"type":"Feature","id":"4180033024105220000","geometry":{"type":"Point","coordinates":[126.8731797,38.0093821]},"properties":{"pnu":"4180033024105220000","municipality_code":"41800","municipality":"연천군","district":"연천군","locality":"백학면 전동리","address":"연천군 백학면 전동리 522","owner_type":"경기도유지","owner_label":"경기도","manager":"건설국 하천과","property_class":"행정재산","land_category":"잡종지","area_sqm":7160.0,"area_band":"5,000㎡ 이상","interest_category":"잡종지","solar_candidate":"Y","candidate_reason":"실제 이용·점유 여부 확인 후 검토할 잡종지; 면적 7,160㎡","priority_score":75,"source":"경기부동산포털 국공유지조회·연속지적도","source_date":"2026-08-11","installed_solar_match":false}},{"type":"Feature","id":"4180033024105160000","geometry":{"type":"Point","coordinates":[126.8746562,38.010012]},"properties":{"pnu":"4180033024105160000","municipality_code":"41800","municipality":"연천군","district":"연천군","locality":"백학면 전동리","address":"연천군 백학면 전동리 516","owner_type":"경기도유지","owner_label":"경기도","manager":"건설국 하천과","property_class":"행정재산","land_category":"잡종지","area_sqm":6799.0,"area_band":"5,000㎡ 이상","interest_category":"잡종지","solar_candidate":"Y","candidate_reason":"실제 이용·점유 여부 확인 후 검토할 잡종지; 면적 6,799㎡","priority_score":75,"source":"경기부동산포털 국공유지조회·연속지적도","source_date":"2026-08-11","installed_solar_match":false}},{"type":"Feature","id":"4180038021101650001","geometry":{"type":"Point","coordinates":[126.8729153,38.0163762]},"properties":{"pnu":"4180038021101650001","municipality_code":"41800","municipality":"연천군","district":"연천군","locality":"장남면 원당리","address":"연천군 장남면 원당리 165-1","owner_type":"경기도유지","owner_label":"경기도","manager":"건설국 하천과","property_class":"행정재산","land_category":"잡종지","area_sqm":6191.0,"area_band":"5,000㎡ 이상","interest_category":"잡종지","solar_candidate":"Y","candidate_reason":"실제 이용·점유 여부 확인 후 검토할 잡종지; 면적 6,191㎡","priority_score":75,"source":"경기부동산포털 국공유지조회·연속지적도","source_date":"2026-08-11","installed_solar_match":false}},{"type":"Feature","id":"4180033028106910000","geometry":{"type":"Point","coordinates":[126.8726534,38.0196235]},"properties":{"pnu":"4180033028106910000","municipality_code":"41800","municipality":"연천군","district":"연천군","locality":"백학면 두현리","address":"연천군 백학면 두현리 691","owner_type":"경기도유지","owner_label":"경기도","manager":"건설국 하천과","property_class":"행정재산","land_category":"잡종지","area_sqm":5616.0,"area_band":"5,000㎡ 이상","interest_category":"잡종지","solar_candidate":"Y","candidate_reason":"실제 이용·점유 여부 확인 후 검토할 잡종지; 면적 5,616㎡","priority_score":75,"source":"경기부동산포털 국공유지조회·연속지적도","source_date":"2026-08-11","installed_solar_match":false}},{"type":"Feature","id":"4180038021101190001","geometry":{"type":"Point","coordinates":[126.8769047,38.0137847]},"properties":{"pnu":"4180038021101190001","municipality_code":"41800","municipality":"연천군","district":"연천군","locality":"장남면 원당리","address":"연천군 장남면 원당리 119-1","owner_type":"경기도유지","owner_label":"경기도","manager":"건설국 하천과","property_class":"행정재산","land_category":"잡종지","area_sqm":5513.0,"area_band":"5,000㎡ 이상","interest_category":"잡종지","solar_candidate":"Y","candidate_reason":"실제 이용·점유 여부 확인 후 검토할 잡종지; 면적 5,513㎡","priority_score":75,"source":"경기부동산포털 국공유지조회·연속지적도","source_date":"2026-08-11","installed_solar_match":false}},{"type":"Feature","id":"4180033024105240000","geometry":{"type":"Point","coordinates":[126.8748613,38.0091769]},"properties":{"pnu":"4180033024105240000","municipality_code":"41800","municipality":"연천군","district":"연천군","locality":"백학면 전동리","address":"연천군 백학면 전동리 524","owner_type":"경기도유지","owner_label":"경기도","manager":"건설국 하천과","property_class":"행정재산","land_category":"잡종지","area_sqm":5127.0,"area_band":"5,000㎡ 이상","interest_category":"잡종지","solar_candidate":"Y","candidate_reason":"실제 이용·점유 여부 확인 후 검토할 잡종지; 면적 5,127㎡","priority_score":75,"source":"경기부동산포털 국공유지조회·연속지적도","source_date":"2026-08-11","installed_solar_match":false}},{"type":"Feature","id":"4180038021101450000","geometry":{"type":"Point","coordinates":[126.8753926,38.0149626]},"properties":{"pnu":"4180038021101450000","municipality_code":"41800","municipality":"연천군","district":"연천군","locality":"장남면 원당리","address":"연천군 장남면 원당리 145","owner_type":"경기도유지","owner_label":"경기도","manager":"건설국 하천과","property_class":"행정재산","land_category":"잡종지","area_sqm":5098.0,"area_band":"5,000㎡ 이상","interest_category":"잡종지","solar_candidate":"Y","candidate_reason":"실제 이용·점유 여부 확인 후 검토할 잡종지; 면적 5,098㎡","priority_score":75,"source":"경기부동산포털 국공유지조회·연속지적도","source_date":"2026-08-11","installed_solar_match":false}},{"type":"Feature","id":"4180038021101670001","geometry":{"type":"Point","coordinates":[126.8739682,38.0170486]},"properties":{"pnu":"4180038021101670001","municipality_code":"41800","municipality":"연천군","district":"연천군","locality":"장남면 원당리","address":"연천군 장남면 원당리 167-1","owner_type":"경기도유지","owner_label":"경기도","manager":"건설국 하천과","property_class":"행정재산","land_category":"잡종지","area_sqm":5043.0,"area_band":"5,000㎡ 이상","interest_category":"잡종지","solar_candidate":"Y","candidate_reason":"실제 이용·점유 여부 확인 후 검토할 잡종지; 면적 5,043㎡","priority_score":75,"source":"경기부동산포털 국공유지조회·연속지적도","source_date":"2026-08-11","installed_solar_match":false}},{"type":"Feature","id":"4180033024104920001","geometry":{"type":"Point","coordinates":[126.8757648,38.0043163]},"properties":{"pnu":"4180033024104920001","municipality_code":"41800","municipality":"연천군","district":"연천군","locality":"백학면 전동리","address":"연천군 백학면 전동리 492-1","owner_type":"경기도유지","owner_label":"경기도","manager":"건설국 하천과","property_class":"행정재산","land_category":"잡종지","area_sqm":5024.0,"area_band":"5,000㎡ 이상","interest_category":"잡종지","solar_candidate":"Y","candidate_reason":"실제 이용·점유 여부 확인 후 검토할 잡종지; 면적 5,024㎡","priority_score":75,"source":"경기부동산포털 국공유지조회·연속지적도","source_date":"2026-08-11","installed_solar_match":false}},{"type":"Feature","id":"4180033024105190000","geometry":{"type":"Point","coordinates":[126.8736408,38.0100946]},"properties":{"pnu":"4180033024105190000","municipality_code":"41800","municipality":"연천군","district":"연천군","locality":"백학면 전동리","address":"연천군 백학면 전동리 519","owner_type":"경기도유지","owner_label":"경기도","manager":"건설국 하천과","property_class":"행정재산","land_category":"잡종지","area_sqm":4777.0,"area_band":"3,000~5,000㎡","interest_category":"잡종지","solar_candidate":"Y","candidate_reason":"실제 이용·점유 여부 확인 후 검토할 잡종지; 면적 4,777㎡","priority_score":70,"source":"경기부동산포털 국공유지조회·연속지적도","source_date":"2026-08-11","installed_solar_match":false}},{"type":"Feature","id":"4180035024108910000","geometry":{"type":"Point","coordinates":[126.9926743,38.1085672]},"properties":{"pnu":"4180035024108910000","municipality_code":"41800","municipality":"연천군","district":"연천군","locality":"왕징면 강내리","address":"연천군 왕징면 강내리 891","owner_type":"경기도유지","owner_label":"경기도(교육감)","manager":"","property_class":"","land_category":"잡종지","area_sqm":4691.0,"area_band":"3,000~5,000㎡","interest_category":"잡종지","solar_candidate":"Y","candidate_reason":"실제 이용·점유 여부 확인 후 검토할 잡종지; 면적 4,691㎡","priority_score":70,"source":"경기부동산포털 국공유지조회·연속지적도","source_date":"2026-08-11","installed_solar_match":false}},{"type":"Feature","id":"4180035025108050000","geometry":{"type":"Point","coordinates":[126.9517733,38.0932167]},"properties":{"pnu":"4180035025108050000","municipality_code":"41800","municipality":"연천군","district":"연천군","locality":"왕징면 강서리","address":"연천군 왕징면 강서리 805","owner_type":"경기도유지","owner_label":"경기도(교육감)","manager":"","property_class":"","land_category":"잡종지","area_sqm":4532.0,"area_band":"3,000~5,000㎡","interest_category":"잡종지","solar_candidate":"Y","candidate_reason":"실제 이용·점유 여부 확인 후 검토할 잡종지; 면적 4,532㎡","priority_score":70,"source":"경기부동산포털 국공유지조회·연속지적도","source_date":"2026-08-11","installed_solar_match":false}},{"type":"Feature","id":"4180038023103830004","geometry":{"type":"Point","coordinates":[126.8685322,38.0206759]},"properties":{"pnu":"4180038023103830004","municipality_code":"41800","municipality":"연천군","district":"연천군","locality":"장남면 판부리","address":"연천군 장남면 판부리 383-4","owner_type":"경기도유지","owner_label":"경기도","manager":"건설국 하천과","property_class":"행정재산","land_category":"잡종지","area_sqm":4366.0,"area_band":"3,000~5,000㎡","interest_category":"잡종지","solar_candidate":"Y","candidate_reason":"실제 이용·점유 여부 확인 후 검토할 잡종지; 면적 4,366㎡","priority_score":70,"source":"경기부동산포털 국공유지조회·연속지적도","source_date":"2026-08-11","installed_solar_match":false}},{"type":"Feature","id":"4180025025104760009","geometry":{"type":"Point","coordinates":[127.0776491,38.1125879]},"properties":{"pnu":"4180025025104760009","municipality_code":"41800","municipality":"연천군","district":"연천군","locality":"연천읍 옥산리","address":"연천군 연천읍 옥산리 476-9","owner_type":"경기도유지","owner_label":"경기도","manager":"건설국 하천과","property_class":"행정재산","land_category":"잡종지","area_sqm":4306.0,"area_band":"3,000~5,000㎡","interest_category":"잡종지","solar_candidate":"Y","candidate_reason":"실제 이용·점유 여부 확인 후 검토할 잡종지; 면적 4,306㎡","priority_score":70,"source":"경기부동산포털 국공유지조회·연속지적도","source_date":"2026-08-11","installed_solar_match":false}},{"type":"Feature","id":"4180035025108040000","geometry":{"type":"Point","coordinates":[126.9510162,38.0930192]},"properties":{"pnu":"4180035025108040000","municipality_code":"41800","municipality":"연천군","district":"연천군","locality":"왕징면 강서리","address":"연천군 왕징면 강서리 804","owner_type":"경기도유지","owner_label":"경기도(교육감)","manager":"","property_class":"","land_category":"잡종지","area_sqm":4175.0,"area_band":"3,000~5,000㎡","interest_category":"잡종지","solar_candidate":"Y","candidate_reason":"실제 이용·점유 여부 확인 후 검토할 잡종지; 면적 4,175㎡","priority_score":70,"source":"경기부동산포털 국공유지조회·연속지적도","source_date":"2026-08-11","installed_solar_match":false}},{"type":"Feature","id":"4180038021101710001","geometry":{"type":"Point","coordinates":[126.8729156,38.017306]},"properties":{"pnu":"4180038021101710001","municipality_code":"41800","municipality":"연천군","district":"연천군","locality":"장남면 원당리","address":"연천군 장남면 원당리 171-1","owner_type":"경기도유지","owner_label":"경기도","manager":"건설국 하천과","property_class":"행정재산","land_category":"잡종지","area_sqm":4160.0,"area_band":"3,000~5,000㎡","interest_category":"잡종지","solar_candidate":"Y","candidate_reason":"실제 이용·점유 여부 확인 후 검토할 잡종지; 면적 4,160㎡","priority_score":70,"source":"경기부동산포털 국공유지조회·연속지적도","source_date":"2026-08-11","installed_solar_match":false}},{"type":"Feature","id":"4180025321102410003","geometry":{"type":"Point","coordinates":[127.0734039,38.0179363]},"properties":{"pnu":"4180025321102410003","municipality_code":"41800","municipality":"연천군","district":"연천군","locality":"전곡읍 전곡리","address":"연천군 전곡읍 전곡리 241-3","owner_type":"경기도유지","owner_label":"경기도(교육감)","manager":"","property_class":"","land_category":"잡종지","area_sqm":3919.0,"area_band":"3,000~5,000㎡","interest_category":"잡종지","solar_candidate":"Y","candidate_reason":"실제 이용·점유 여부 확인 후 검토할 잡종지; 면적 3,919㎡","priority_score":70,"source":"경기부동산포털 국공유지조회·연속지적도","source_date":"2026-08-11","installed_solar_match":false}},{"type":"Feature","id":"4180033024105150000","geometry":{"type":"Point","coordinates":[126.8752996,38.0112132]},"properties":{"pnu":"4180033024105150000","municipality_code":"41800","municipality":"연천군","district":"연천군","locality":"백학면 전동리","address":"연천군 백학면 전동리 515","owner_type":"경기도유지","owner_label":"경기도","manager":"건설국 하천과","property_class":"행정재산","land_category":"잡종지","area_sqm":3826.0,"area_band":"3,000~5,000㎡","interest_category":"잡종지","solar_candidate":"Y","candidate_reason":"실제 이용·점유 여부 확인 후 검토할 잡종지; 면적 3,826㎡","priority_score":70,"source":"경기부동산포털 국공유지조회·연속지적도","source_date":"2026-08-11","installed_solar_match":false}},{"type":"Feature","id":"4180036022103120004","geometry":{"type":"Point","coordinates":[127.1014075,38.1801632]},"properties":{"pnu":"4180036022103120004","municipality_code":"41800","municipality":"연천군","district":"연천군","locality":"신서면 도신리","address":"연천군 신서면 도신리 312-4","owner_type":"경기도유지","owner_label":"경기도","manager":"건설국 하천과","property_class":"행정재산","land_category":"잡종지","area_sqm":3678.0,"area_band":"3,000~5,000㎡","interest_category":"잡종지","solar_candidate":"Y","candidate_reason":"실제 이용·점유 여부 확인 후 검토할 잡종지; 면적 3,678㎡","priority_score":70,"source":"경기부동산포털 국공유지조회·연속지적도","source_date":"2026-08-11","installed_solar_match":false}},{"type":"Feature","id":"4180033024105260003","geometry":{"type":"Point","coordinates":[126.8752941,38.0059719]},"properties":{"pnu":"4180033024105260003","municipality_code":"41800","municipality":"연천군","district":"연천군","locality":"백학면 전동리","address":"연천군 백학면 전동리 526-3","owner_type":"경기도유지","owner_label":"경기도","manager":"건설국 하천과","property_class":"행정재산","land_category":"잡종지","area_sqm":3648.0,"area_band":"3,000~5,000㎡","interest_category":"잡종지","solar_candidate":"Y","candidate_reason":"실제 이용·점유 여부 확인 후 검토할 잡종지; 면적 3,648㎡","priority_score":70,"source":"경기부동산포털 국공유지조회·연속지적도","source_date":"2026-08-11","installed_solar_match":false}},{"type":"Feature","id":"4180038021101230001","geometry":{"type":"Point","coordinates":[126.8774811,38.0136831]},"properties":{"pnu":"4180038021101230001","municipality_code":"41800","municipality":"연천군","district":"연천군","locality":"장남면 원당리","address":"연천군 장남면 원당리 123-1","owner_type":"경기도유지","owner_label":"경기도","manager":"건설국 하천과","property_class":"행정재산","land_category":"잡종지","area_sqm":3489.0,"area_band":"3,000~5,000㎡","interest_category":"잡종지","solar_candidate":"Y","candidate_reason":"실제 이용·점유 여부 확인 후 검토할 잡종지; 면적 3,489㎡","priority_score":70,"source":"경기부동산포털 국공유지조회·연속지적도","source_date":"2026-08-11","installed_solar_match":false}},{"type":"Feature","id":"4180035025108020001","geometry":{"type":"Point","coordinates":[126.9504074,38.0926612]},"properties":{"pnu":"4180035025108020001","municipality_code":"41800","municipality":"연천군","district":"연천군","locality":"왕징면 강서리","address":"연천군 왕징면 강서리 802-1","owner_type":"경기도유지","owner_label":"경기도(교육감)","manager":"","property_class":"","land_category":"잡종지","area_sqm":3319.0,"area_band":"3,000~5,000㎡","interest_category":"잡종지","solar_candidate":"Y","candidate_reason":"실제 이용·점유 여부 확인 후 검토할 잡종지; 면적 3,319㎡","priority_score":70,"source":"경기부동산포털 국공유지조회·연속지적도","source_date":"2026-08-11","installed_solar_match":false}},{"type":"Feature","id":"4180038021101400000","geometry":{"type":"Point","coordinates":[126.8743082,38.0152375]},"properties":{"pnu":"4180038021101400000","municipality_code":"41800","municipality":"연천군","district":"연천군","locality":"장남면 원당리","address":"연천군 장남면 원당리 140","owner_type":"경기도유지","owner_label":"경기도","manager":"건설국 하천과","property_class":"행정재산","land_category":"잡종지","area_sqm":3117.0,"area_band":"3,000~5,000㎡","interest_category":"잡종지","solar_candidate":"Y","candidate_reason":"실제 이용·점유 여부 확인 후 검토할 잡종지; 면적 3,117㎡","priority_score":70,"source":"경기부동산포털 국공유지조회·연속지적도","source_date":"2026-08-11","installed_solar_match":false}},{"type":"Feature","id":"4180033024105260004","geometry":{"type":"Point","coordinates":[126.8753973,38.0052101]},"properties":{"pnu":"4180033024105260004","municipality_code":"41800","municipality":"연천군","district":"연천군","locality":"백학면 전동리","address":"연천군 백학면 전동리 526-4","owner_type":"경기도유지","owner_label":"경기도","manager":"건설국 하천과","property_class":"행정재산","land_category":"잡종지","area_sqm":3106.0,"area_band":"3,000~5,000㎡","interest_category":"잡종지","solar_candidate":"Y","candidate_reason":"실제 이용·점유 여부 확인 후 검토할 잡종지; 면적 3,106㎡","priority_score":70,"source":"경기부동산포털 국공유지조회·연속지적도","source_date":"2026-08-11","installed_solar_match":false}},{"type":"Feature","id":"4180037026108060001","geometry":{"type":"Point","coordinates":[127.0353909,38.1447142]},"properties":{"pnu":"4180037026108060001","municipality_code":"41800","municipality":"연천군","district":"연천군","locality":"중면 합수리","address":"연천군 중면 합수리 806-1","owner_type":"경기도유지","owner_label":"경기도","manager":"건설국 하천과","property_class":"행정재산","land_category":"잡종지","area_sqm":3034.0,"area_band":"3,000~5,000㎡","interest_category":"잡종지","solar_candidate":"Y","candidate_reason":"실제 이용·점유 여부 확인 후 검토할 잡종지; 면적 3,034㎡","priority_score":70,"source":"경기부동산포털 국공유지조회·연속지적도","source_date":"2026-08-11","installed_solar_match":false}},{"type":"Feature","id":"4180025321101700002","geometry":{"type":"Point","coordinates":[127.0634541,38.0111294]},"properties":{"pnu":"4180025321101700002","municipality_code":"41800","municipality":"연천군","district":"연천군","locality":"전곡읍 전곡리","address":"연천군 전곡읍 전곡리 170-2","owner_type":"경기도유지","owner_label":"경기도","manager":"문화체육관광국 문화정책과","property_class":"행정재산","land_category":"대","area_sqm":43787.0,"area_band":"5,000㎡ 이상","interest_category":"대","solar_candidate":"Y","candidate_reason":"청사·공공건축물·주차장 현황 추가 확인 필요; 면적 43,787㎡","priority_score":65,"source":"경기부동산포털 국공유지조회·연속지적도","source_date":"2026-08-11","installed_solar_match":false}},{"type":"Feature","id":"4180025021100890003","geometry":{"type":"Point","coordinates":[127.0758015,38.0837385]},"properties":{"pnu":"4180025021100890003","municipality_code":"41800","municipality":"연천군","district":"연천군","locality":"연천읍 차탄리","address":"연천군 연천읍 차탄리 89-3","owner_type":"경기도유지","owner_label":"경기도","manager":"경기도농업기술원","property_class":"행정재산","land_category":"대","area_sqm":18335.0,"area_band":"5,000㎡ 이상","interest_category":"대","solar_candidate":"Y","candidate_reason":"청사·공공건축물·주차장 현황 추가 확인 필요; 면적 18,335㎡","priority_score":65,"source":"경기부동산포털 국공유지조회·연속지적도","source_date":"2026-08-11","installed_solar_match":false}},{"type":"Feature","id":"4180025023108750001","geometry":{"type":"Point","coordinates":[127.083025,38.1348529]},"properties":{"pnu":"4180025023108750001","municipality_code":"41800","municipality":"연천군","district":"연천군","locality":"연천읍 상리","address":"연천군 연천읍 상리 875-1","owner_type":"경기도유지","owner_label":"경기도","manager":"경기도종자관리소","property_class":"행정재산","land_category":"대","area_sqm":16509.3,"area_band":"5,000㎡ 이상","interest_category":"대","solar_candidate":"Y","candidate_reason":"청사·공공건축물·주차장 현황 추가 확인 필요; 면적 16,509㎡","priority_score":65,"source":"경기부동산포털 국공유지조회·연속지적도","source_date":"2026-08-11","installed_solar_match":false}},{"type":"Feature","id":"4180025322104220004","geometry":{"type":"Point","coordinates":[127.0688299,38.0484143]},"properties":{"pnu":"4180025322104220004","municipality_code":"41800","municipality":"연천군","district":"연천군","locality":"전곡읍 은대리","address":"연천군 전곡읍 은대리 422-4","owner_type":"경기도유지","owner_label":"경기도","manager":"소방재난본부 회계장비담당관","property_class":"행정재산","land_category":"대","area_sqm":11980.0,"area_band":"5,000㎡ 이상","interest_category":"대","solar_candidate":"Y","candidate_reason":"청사·공공건축물·주차장 현황 추가 확인 필요; 면적 11,980㎡","priority_score":65,"source":"경기부동산포털 국공유지조회·연속지적도","source_date":"2026-08-11","installed_solar_match":false}},{"type":"Feature","id":"4180036022101640001","geometry":{"type":"Point","coordinates":[127.1020103,38.1725648]},"properties":{"pnu":"4180036022101640001","municipality_code":"41800","municipality":"연천군","district":"연천군","locality":"신서면 도신리","address":"연천군 신서면 도신리 164-1","owner_type":"경기도유지","owner_label":"경기도","manager":"경기도농업기술원","property_class":"행정재산","land_category":"대","area_sqm":7400.0,"area_band":"5,000㎡ 이상","interest_category":"대","solar_candidate":"Y","candidate_reason":"청사·공공건축물·주차장 현황 추가 확인 필요; 면적 7,400㎡","priority_score":65,"source":"경기부동산포털 국공유지조회·연속지적도","source_date":"2026-08-11","installed_solar_match":false}},{"type":"Feature","id":"4180025022101860000","geometry":{"type":"Point","coordinates":[127.073108,38.1086001]},"properties":{"pnu":"4180025022101860000","municipality_code":"41800","municipality":"연천군","district":"연천군","locality":"연천읍 현가리","address":"연천군 연천읍 현가리 186","owner_type":"경기도유지","owner_label":"경기도(교육감)","manager":"","property_class":"","land_category":"대","area_sqm":5051.0,"area_band":"5,000㎡ 이상","interest_category":"대","solar_candidate":"Y","candidate_reason":"청사·공공건축물·주차장 현황 추가 확인 필요; 면적 5,051㎡","priority_score":65,"source":"경기부동산포털 국공유지조회·연속지적도","source_date":"2026-08-11","installed_solar_match":false}},{"type":"Feature","id":"4180031027102010002","geometry":{"type":"Point","coordinates":[127.0297897,38.0324761]},"properties":{"pnu":"4180031027102010002","municipality_code":"41800","municipality":"연천군","district":"연천군","locality":"군남면 남계리","address":"연천군 군남면 남계리 201-2","owner_type":"경기도유지","owner_label":"경기도","manager":"자치행정국 자산관리과","property_class":"일반재산","land_category":"잡종지","area_sqm":328.0,"area_band":"100~500㎡","interest_category":"잡종지","solar_candidate":"Y","candidate_reason":"실제 이용·점유 여부 확인 후 검토할 잡종지; 면적 328㎡","priority_score":65,"source":"경기부동산포털 국공유지조회·연속지적도","source_date":"2026-08-11","installed_solar_match":false}},{"type":"Feature","id":"4180025328100010001","geometry":{"type":"Point","coordinates":[127.006551,37.9716944]},"properties":{"pnu":"4180025328100010001","municipality_code":"41800","municipality":"연천군","district":"연천군","locality":"전곡읍 늘목리","address":"연천군 전곡읍 늘목리 1-1","owner_type":"경기도유지","owner_label":"경기도","manager":"자치행정국 자산관리과","property_class":"일반재산","land_category":"잡종지","area_sqm":111.0,"area_band":"100~500㎡","interest_category":"잡종지","solar_candidate":"Y","candidate_reason":"실제 이용·점유 여부 확인 후 검토할 잡종지; 면적 111㎡","priority_score":65,"source":"경기부동산포털 국공유지조회·연속지적도","source_date":"2026-08-11","installed_solar_match":false}},{"type":"Feature","id":"4180038025102370000","geometry":{"type":"Point","coordinates":[126.847077,37.9885252]},"properties":{"pnu":"4180038025102370000","municipality_code":"41800","municipality":"연천군","district":"연천군","locality":"장남면 고랑포리","address":"연천군 장남면 고랑포리 237","owner_type":"경기도유지","owner_label":"경기도(교육감)","manager":"","property_class":"","land_category":"잡종지","area_sqm":2886.0,"area_band":"1,000~3,000㎡","interest_category":"잡종지","solar_candidate":"Y","candidate_reason":"실제 이용·점유 여부 확인 후 검토할 잡종지; 면적 2,886㎡","priority_score":63,"source":"경기부동산포털 국공유지조회·연속지적도","source_date":"2026-08-11","installed_solar_match":false}},{"type":"Feature","id":"4180038021101440001","geometry":{"type":"Point","coordinates":[126.8750262,38.0151064]},"properties":{"pnu":"4180038021101440001","municipality_code":"41800","municipality":"연천군","district":"연천군","locality":"장남면 원당리","address":"연천군 장남면 원당리 144-1","owner_type":"경기도유지","owner_label":"경기도","manager":"건설국 하천과","property_class":"행정재산","land_category":"잡종지","area_sqm":2741.0,"area_band":"1,000~3,000㎡","interest_category":"잡종지","solar_candidate":"Y","candidate_reason":"실제 이용·점유 여부 확인 후 검토할 잡종지; 면적 2,741㎡","priority_score":63,"source":"경기부동산포털 국공유지조회·연속지적도","source_date":"2026-08-11","installed_solar_match":false}},{"type":"Feature","id":"4180025327102550007","geometry":{"type":"Point","coordinates":[127.0043118,37.952028]},"properties":{"pnu":"4180025327102550007","municipality_code":"41800","municipality":"연천군","district":"연천군","locality":"전곡읍 간파리","address":"연천군 전곡읍 간파리 255-7","owner_type":"경기도유지","owner_label":"경기도","manager":"건설국 하천과","property_class":"행정재산","land_category":"잡종지","area_sqm":2677.0,"area_band":"1,000~3,000㎡","interest_category":"잡종지","solar_candidate":"Y","candidate_reason":"실제 이용·점유 여부 확인 후 검토할 잡종지; 면적 2,677㎡","priority_score":63,"source":"경기부동산포털 국공유지조회·연속지적도","source_date":"2026-08-11","installed_solar_match":false}},{"type":"Feature","id":"4180038023104030001","geometry":{"type":"Point","coordinates":[126.8726315,38.0181803]},"properties":{"pnu":"4180038023104030001","municipality_code":"41800","municipality":"연천군","district":"연천군","locality":"장남면 판부리","address":"연천군 장남면 판부리 403-1","owner_type":"경기도유지","owner_label":"경기도","manager":"건설국 하천과","property_class":"행정재산","land_category":"잡종지","area_sqm":2675.0,"area_band":"1,000~3,000㎡","interest_category":"잡종지","solar_candidate":"Y","candidate_reason":"실제 이용·점유 여부 확인 후 검토할 잡종지; 면적 2,675㎡","priority_score":63,"source":"경기부동산포털 국공유지조회·연속지적도","source_date":"2026-08-11","installed_solar_match":false}},{"type":"Feature","id":"4180036022101820020","geometry":{"type":"Point","coordinates":[127.0982896,38.1748417]},"properties":{"pnu":"4180036022101820020","municipality_code":"41800","municipality":"연천군","district":"연천군","locality":"신서면 도신리","address":"연천군 신서면 도신리 182-20","owner_type":"경기도유지","owner_label":"경기도","manager":"건설국 하천과","property_class":"행정재산","land_category":"잡종지","area_sqm":2671.0,"area_band":"1,000~3,000㎡","interest_category":"잡종지","solar_candidate":"Y","candidate_reason":"실제 이용·점유 여부 확인 후 검토할 잡종지; 면적 2,671㎡","priority_score":63,"source":"경기부동산포털 국공유지조회·연속지적도","source_date":"2026-08-11","installed_solar_match":false}},{"type":"Feature","id":"4180033022101610001","geometry":{"type":"Point","coordinates":[126.9091153,38.0393977]},"properties":{"pnu":"4180033022101610001","municipality_code":"41800","municipality":"연천군","district":"연천군","locality":"백학면 백령리","address":"연천군 백학면 백령리 161-1","owner_type":"경기도유지","owner_label":"경기도","manager":"건설국 하천과","property_class":"행정재산","land_category":"잡종지","area_sqm":2622.0,"area_band":"1,000~3,000㎡","interest_category":"잡종지","solar_candidate":"Y","candidate_reason":"실제 이용·점유 여부 확인 후 검토할 잡종지; 면적 2,622㎡","priority_score":63,"source":"경기부동산포털 국공유지조회·연속지적도","source_date":"2026-08-11","installed_solar_match":false}},{"type":"Feature","id":"4180038021101170001","geometry":{"type":"Point","coordinates":[126.8758278,38.0136931]},"properties":{"pnu":"4180038021101170001","municipality_code":"41800","municipality":"연천군","district":"연천군","locality":"장남면 원당리","address":"연천군 장남면 원당리 117-1","owner_type":"경기도유지","owner_label":"경기도","manager":"건설국 하천과","property_class":"행정재산","land_category":"잡종지","area_sqm":2596.0,"area_band":"1,000~3,000㎡","interest_category":"잡종지","solar_candidate":"Y","candidate_reason":"실제 이용·점유 여부 확인 후 검토할 잡종지; 면적 2,596㎡","priority_score":63,"source":"경기부동산포털 국공유지조회·연속지적도","source_date":"2026-08-11","installed_solar_match":false}},{"type":"Feature","id":"4180025028104700001","geometry":{"type":"Point","coordinates":[127.0685569,38.0779045]},"properties":{"pnu":"4180025028104700001","municipality_code":"41800","municipality":"연천군","district":"연천군","locality":"연천읍 통현리","address":"연천군 연천읍 통현리 470-1","owner_type":"경기도유지","owner_label":"경기도","manager":"건설국 하천과","property_class":"행정재산","land_category":"잡종지","area_sqm":2592.0,"area_band":"1,000~3,000㎡","interest_category":"잡종지","solar_candidate":"Y","candidate_reason":"실제 이용·점유 여부 확인 후 검토할 잡종지; 면적 2,592㎡","priority_score":63,"source":"경기부동산포털 국공유지조회·연속지적도","source_date":"2026-08-11","installed_solar_match":false}},{"type":"Feature","id":"4180038021101430000","geometry":{"type":"Point","coordinates":[126.8747883,38.0151231]},"properties":{"pnu":"4180038021101430000","municipality_code":"41800","municipality":"연천군","district":"연천군","locality":"장남면 원당리","address":"연천군 장남면 원당리 143","owner_type":"경기도유지","owner_label":"경기도","manager":"건설국 하천과","property_class":"행정재산","land_category":"잡종지","area_sqm":2542.0,"area_band":"1,000~3,000㎡","interest_category":"잡종지","solar_candidate":"Y","candidate_reason":"실제 이용·점유 여부 확인 후 검토할 잡종지; 면적 2,542㎡","priority_score":63,"source":"경기부동산포털 국공유지조회·연속지적도","source_date":"2026-08-11","installed_solar_match":false}},{"type":"Feature","id":"4180025327101430005","geometry":{"type":"Point","coordinates":[127.0047413,37.953913]},"properties":{"pnu":"4180025327101430005","municipality_code":"41800","municipality":"연천군","district":"연천군","locality":"전곡읍 간파리","address":"연천군 전곡읍 간파리 143-5","owner_type":"경기도유지","owner_label":"경기도","manager":"건설국 하천과","property_class":"행정재산","land_category":"잡종지","area_sqm":2194.0,"area_band":"1,000~3,000㎡","interest_category":"잡종지","solar_candidate":"Y","candidate_reason":"실제 이용·점유 여부 확인 후 검토할 잡종지; 면적 2,194㎡","priority_score":63,"source":"경기부동산포털 국공유지조회·연속지적도","source_date":"2026-08-11","installed_solar_match":false}},{"type":"Feature","id":"4180038023104010001","geometry":{"type":"Point","coordinates":[126.8725668,38.0178042]},"properties":{"pnu":"4180038023104010001","municipality_code":"41800","municipality":"연천군","district":"연천군","locality":"장남면 판부리","address":"연천군 장남면 판부리 401-1","owner_type":"경기도유지","owner_label":"경기도","manager":"건설국 하천과","property_class":"행정재산","land_category":"잡종지","area_sqm":2152.0,"area_band":"1,000~3,000㎡","interest_category":"잡종지","solar_candidate":"Y","candidate_reason":"실제 이용·점유 여부 확인 후 검토할 잡종지; 면적 2,152㎡","priority_score":63,"source":"경기부동산포털 국공유지조회·연속지적도","source_date":"2026-08-11","installed_solar_match":false}},{"type":"Feature","id":"4180038021101460001","geometry":{"type":"Point","coordinates":[126.8755534,38.0140878]},"properties":{"pnu":"4180038021101460001","municipality_code":"41800","municipality":"연천군","district":"연천군","locality":"장남면 원당리","address":"연천군 장남면 원당리 146-1","owner_type":"경기도유지","owner_label":"경기도","manager":"건설국 하천과","property_class":"행정재산","land_category":"잡종지","area_sqm":2128.0,"area_band":"1,000~3,000㎡","interest_category":"잡종지","solar_candidate":"Y","candidate_reason":"실제 이용·점유 여부 확인 후 검토할 잡종지; 면적 2,128㎡","priority_score":63,"source":"경기부동산포털 국공유지조회·연속지적도","source_date":"2026-08-11","installed_solar_match":false}},{"type":"Feature","id":"4180033025106970017","geometry":{"type":"Point","coordinates":[126.920412,37.9960635]},"properties":{"pnu":"4180033025106970017","municipality_code":"41800","municipality":"연천군","district":"연천군","locality":"백학면 노곡리","address":"연천군 백학면 노곡리 697-17","owner_type":"경기도유지","owner_label":"경기도","manager":"건설국 도로정책과","property_class":"행정재산","land_category":"잡종지","area_sqm":2113.0,"area_band":"1,000~3,000㎡","interest_category":"잡종지","solar_candidate":"Y","candidate_reason":"실제 이용·점유 여부 확인 후 검토할 잡종지; 면적 2,113㎡","priority_score":63,"source":"경기부동산포털 국공유지조회·연속지적도","source_date":"2026-08-11","installed_solar_match":false}},{"type":"Feature","id":"4180034027101470002","geometry":{"type":"Point","coordinates":[127.0195996,38.0398365]},"properties":{"pnu":"4180034027101470002","municipality_code":"41800","municipality":"연천군","district":"연천군","locality":"미산면 우정리","address":"연천군 미산면 우정리 147-2","owner_type":"경기도유지","owner_label":"경기도","manager":"건설국 하천과","property_class":"행정재산","land_category":"잡종지","area_sqm":2105.0,"area_band":"1,000~3,000㎡","interest_category":"잡종지","solar_candidate":"Y","candidate_reason":"실제 이용·점유 여부 확인 후 검토할 잡종지; 면적 2,105㎡","priority_score":63,"source":"경기부동산포털 국공유지조회·연속지적도","source_date":"2026-08-11","installed_solar_match":false}},{"type":"Feature","id":"4180038023104060001","geometry":{"type":"Point","coordinates":[126.8690662,38.0213529]},"properties":{"pnu":"4180038023104060001","municipality_code":"41800","municipality":"연천군","district":"연천군","locality":"장남면 판부리","address":"연천군 장남면 판부리 406-1","owner_type":"경기도유지","owner_label":"경기도","manager":"건설국 하천과","property_class":"행정재산","land_category":"잡종지","area_sqm":2105.0,"area_band":"1,000~3,000㎡","interest_category":"잡종지","solar_candidate":"Y","candidate_reason":"실제 이용·점유 여부 확인 후 검토할 잡종지; 면적 2,105㎡","priority_score":63,"source":"경기부동산포털 국공유지조회·연속지적도","source_date":"2026-08-11","installed_solar_match":false}},{"type":"Feature","id":"4180033046104620001","geometry":{"type":"Point","coordinates":[126.9274924,38.0462636]},"properties":{"pnu":"4180033046104620001","municipality_code":"41800","municipality":"연천군","district":"연천군","locality":"백학면 석장리","address":"연천군 백학면 석장리 462-1","owner_type":"경기도유지","owner_label":"경기도","manager":"","property_class":"","land_category":"잡종지","area_sqm":2088.0,"area_band":"1,000~3,000㎡","interest_category":"잡종지","solar_candidate":"Y","candidate_reason":"실제 이용·점유 여부 확인 후 검토할 잡종지; 면적 2,088㎡","priority_score":63,"source":"경기부동산포털 국공유지조회·연속지적도","source_date":"2026-08-11","installed_solar_match":false}},{"type":"Feature","id":"4180038021102350001","geometry":{"type":"Point","coordinates":[126.8735355,38.0057814]},"properties":{"pnu":"4180038021102350001","municipality_code":"41800","municipality":"연천군","district":"연천군","locality":"장남면 원당리","address":"연천군 장남면 원당리 235-1","owner_type":"경기도유지","owner_label":"경기도","manager":"건설국 하천과","property_class":"행정재산","land_category":"잡종지","area_sqm":2067.0,"area_band":"1,000~3,000㎡","interest_category":"잡종지","solar_candidate":"Y","candidate_reason":"실제 이용·점유 여부 확인 후 검토할 잡종지; 면적 2,067㎡","priority_score":63,"source":"경기부동산포털 국공유지조회·연속지적도","source_date":"2026-08-11","installed_solar_match":false}},{"type":"Feature","id":"4180038023104040001","geometry":{"type":"Point","coordinates":[126.8723092,38.0185917]},"properties":{"pnu":"4180038023104040001","municipality_code":"41800","municipality":"연천군","district":"연천군","locality":"장남면 판부리","address":"연천군 장남면 판부리 404-1","owner_type":"경기도유지","owner_label":"경기도","manager":"건설국 하천과","property_class":"행정재산","land_category":"잡종지","area_sqm":2010.0,"area_band":"1,000~3,000㎡","interest_category":"잡종지","solar_candidate":"Y","candidate_reason":"실제 이용·점유 여부 확인 후 검토할 잡종지; 면적 2,010㎡","priority_score":63,"source":"경기부동산포털 국공유지조회·연속지적도","source_date":"2026-08-11","installed_solar_match":false}},{"type":"Feature","id":"4180038025101390000","geometry":{"type":"Point","coordinates":[126.8475941,37.9887945]},"properties":{"pnu":"4180038025101390000","municipality_code":"41800","municipality":"연천군","district":"연천군","locality":"장남면 고랑포리","address":"연천군 장남면 고랑포리 139","owner_type":"경기도유지","owner_label":"경기도(교육감)","manager":"","property_class":"","land_category":"잡종지","area_sqm":1977.0,"area_band":"1,000~3,000㎡","interest_category":"잡종지","solar_candidate":"Y","candidate_reason":"실제 이용·점유 여부 확인 후 검토할 잡종지; 면적 1,977㎡","priority_score":63,"source":"경기부동산포털 국공유지조회·연속지적도","source_date":"2026-08-11","installed_solar_match":false}},{"type":"Feature","id":"4180038025101410000","geometry":{"type":"Point","coordinates":[126.8480295,37.9886376]},"properties":{"pnu":"4180038025101410000","municipality_code":"41800","municipality":"연천군","district":"연천군","locality":"장남면 고랑포리","address":"연천군 장남면 고랑포리 141","owner_type":"경기도유지","owner_label":"경기도(교육감)","manager":"","property_class":"","land_category":"잡종지","area_sqm":1977.0,"area_band":"1,000~3,000㎡","interest_category":"잡종지","solar_candidate":"Y","candidate_reason":"실제 이용·점유 여부 확인 후 검토할 잡종지; 면적 1,977㎡","priority_score":63,"source":"경기부동산포털 국공유지조회·연속지적도","source_date":"2026-08-11","installed_solar_match":false}},{"type":"Feature","id":"4180025025106370006","geometry":{"type":"Point","coordinates":[127.0779084,38.1221596]},"properties":{"pnu":"4180025025106370006","municipality_code":"41800","municipality":"연천군","district":"연천군","locality":"연천읍 옥산리","address":"연천군 연천읍 옥산리 637-6","owner_type":"경기도유지","owner_label":"경기도","manager":"건설국 하천과","property_class":"행정재산","land_category":"잡종지","area_sqm":1968.0,"area_band":"1,000~3,000㎡","interest_category":"잡종지","solar_candidate":"Y","candidate_reason":"실제 이용·점유 여부 확인 후 검토할 잡종지; 면적 1,968㎡","priority_score":63,"source":"경기부동산포털 국공유지조회·연속지적도","source_date":"2026-08-11","installed_solar_match":false}},{"type":"Feature","id":"4180038021102160001","geometry":{"type":"Point","coordinates":[126.8706469,38.0095815]},"properties":{"pnu":"4180038021102160001","municipality_code":"41800","municipality":"연천군","district":"연천군","locality":"장남면 원당리","address":"연천군 장남면 원당리 216-1","owner_type":"경기도유지","owner_label":"경기도","manager":"건설국 하천과","property_class":"행정재산","land_category":"잡종지","area_sqm":1926.0,"area_band":"1,000~3,000㎡","interest_category":"잡종지","solar_candidate":"Y","candidate_reason":"실제 이용·점유 여부 확인 후 검토할 잡종지; 면적 1,926㎡","priority_score":63,"source":"경기부동산포털 국공유지조회·연속지적도","source_date":"2026-08-11","installed_solar_match":false}},{"type":"Feature","id":"4180038021102150001","geometry":{"type":"Point","coordinates":[126.870802,38.0100573]},"properties":{"pnu":"4180038021102150001","municipality_code":"41800","municipality":"연천군","district":"연천군","locality":"장남면 원당리","address":"연천군 장남면 원당리 215-1","owner_type":"경기도유지","owner_label":"경기도","manager":"건설국 하천과","property_class":"행정재산","land_category":"잡종지","area_sqm":1882.0,"area_band":"1,000~3,000㎡","interest_category":"잡종지","solar_candidate":"Y","candidate_reason":"실제 이용·점유 여부 확인 후 검토할 잡종지; 면적 1,882㎡","priority_score":63,"source":"경기부동산포털 국공유지조회·연속지적도","source_date":"2026-08-11","installed_solar_match":false}},{"type":"Feature","id":"4180025321102430004","geometry":{"type":"Point","coordinates":[127.0737896,38.0181814]},"properties":{"pnu":"4180025321102430004","municipality_code":"41800","municipality":"연천군","district":"연천군","locality":"전곡읍 전곡리","address":"연천군 전곡읍 전곡리 243-4","owner_type":"경기도유지","owner_label":"경기도(교육감)","manager":"","property_class":"","land_category":"잡종지","area_sqm":1850.0,"area_band":"1,000~3,000㎡","interest_category":"잡종지","solar_candidate":"Y","candidate_reason":"실제 이용·점유 여부 확인 후 검토할 잡종지; 면적 1,850㎡","priority_score":63,"source":"경기부동산포털 국공유지조회·연속지적도","source_date":"2026-08-11","installed_solar_match":false}},{"type":"Feature","id":"4180033028107000001","geometry":{"type":"Point","coordinates":[126.8720694,38.0208222]},"properties":{"pnu":"4180033028107000001","municipality_code":"41800","municipality":"연천군","district":"연천군","locality":"백학면 두현리","address":"연천군 백학면 두현리 700-1","owner_type":"경기도유지","owner_label":"경기도","manager":"건설국 하천과","property_class":"행정재산","land_category":"잡종지","area_sqm":1781.0,"area_band":"1,000~3,000㎡","interest_category":"잡종지","solar_candidate":"Y","candidate_reason":"실제 이용·점유 여부 확인 후 검토할 잡종지; 면적 1,781㎡","priority_score":63,"source":"경기부동산포털 국공유지조회·연속지적도","source_date":"2026-08-11","installed_solar_match":false}},{"type":"Feature","id":"4180032025101070001","geometry":{"type":"Point","coordinates":[127.1362999,38.0275801]},"properties":{"pnu":"4180032025101070001","municipality_code":"41800","municipality":"연천군","district":"연천군","locality":"청산면 백의리","address":"연천군 청산면 백의리 107-1","owner_type":"경기도유지","owner_label":"경기도","manager":"건설국 하천과","property_class":"행정재산","land_category":"잡종지","area_sqm":1763.0,"area_band":"1,000~3,000㎡","interest_category":"잡종지","solar_candidate":"Y","candidate_reason":"실제 이용·점유 여부 확인 후 검토할 잡종지; 면적 1,763㎡","priority_score":63,"source":"경기부동산포털 국공유지조회·연속지적도","source_date":"2026-08-11","installed_solar_match":false}},{"type":"Feature","id":"4180036022101940002","geometry":{"type":"Point","coordinates":[127.1018644,38.1776445]},"properties":{"pnu":"4180036022101940002","municipality_code":"41800","municipality":"연천군","district":"연천군","locality":"신서면 도신리","address":"연천군 신서면 도신리 194-2","owner_type":"경기도유지","owner_label":"경기도","manager":"건설국 하천과","property_class":"행정재산","land_category":"잡종지","area_sqm":1748.0,"area_band":"1,000~3,000㎡","interest_category":"잡종지","solar_candidate":"Y","candidate_reason":"실제 이용·점유 여부 확인 후 검토할 잡종지; 면적 1,748㎡","priority_score":63,"source":"경기부동산포털 국공유지조회·연속지적도","source_date":"2026-08-11","installed_solar_match":false}},{"type":"Feature","id":"4180036022106380015","geometry":{"type":"Point","coordinates":[127.093817,38.1581657]},"properties":{"pnu":"4180036022106380015","municipality_code":"41800","municipality":"연천군","district":"연천군","locality":"신서면 도신리","address":"연천군 신서면 도신리 638-15","owner_type":"경기도유지","owner_label":"경기도","manager":"건설국 하천과","property_class":"행정재산","land_category":"잡종지","area_sqm":1717.0,"area_band":"1,000~3,000㎡","interest_category":"잡종지","solar_candidate":"Y","candidate_reason":"실제 이용·점유 여부 확인 후 검토할 잡종지; 면적 1,717㎡","priority_score":63,"source":"경기부동산포털 국공유지조회·연속지적도","source_date":"2026-08-11","installed_solar_match":false}},{"type":"Feature","id":"4180033028106920001","geometry":{"type":"Point","coordinates":[126.8729503,38.0199986]},"properties":{"pnu":"4180033028106920001","municipality_code":"41800","municipality":"연천군","district":"연천군","locality":"백학면 두현리","address":"연천군 백학면 두현리 692-1","owner_type":"경기도유지","owner_label":"경기도","manager":"건설국 하천과","property_class":"행정재산","land_category":"잡종지","area_sqm":1675.0,"area_band":"1,000~3,000㎡","interest_category":"잡종지","solar_candidate":"Y","candidate_reason":"실제 이용·점유 여부 확인 후 검토할 잡종지; 면적 1,675㎡","priority_score":63,"source":"경기부동산포털 국공유지조회·연속지적도","source_date":"2026-08-11","installed_solar_match":false}},{"type":"Feature","id":"4180036022110480003","geometry":{"type":"Point","coordinates":[127.0854588,38.1807841]},"properties":{"pnu":"4180036022110480003","municipality_code":"41800","municipality":"연천군","district":"연천군","locality":"신서면 도신리","address":"연천군 신서면 도신리 1048-3","owner_type":"경기도유지","owner_label":"경기도","manager":"건설국 하천과","property_class":"행정재산","land_category":"잡종지","area_sqm":1624.0,"area_band":"1,000~3,000㎡","interest_category":"잡종지","solar_candidate":"Y","candidate_reason":"실제 이용·점유 여부 확인 후 검토할 잡종지; 면적 1,624㎡","priority_score":63,"source":"경기부동산포털 국공유지조회·연속지적도","source_date":"2026-08-11","installed_solar_match":false}},{"type":"Feature","id":"4180038021101220001","geometry":{"type":"Point","coordinates":[126.8772921,38.01398]},"properties":{"pnu":"4180038021101220001","municipality_code":"41800","municipality":"연천군","district":"연천군","locality":"장남면 원당리","address":"연천군 장남면 원당리 122-1","owner_type":"경기도유지","owner_label":"경기도","manager":"건설국 하천과","property_class":"행정재산","land_category":"잡종지","area_sqm":1581.0,"area_band":"1,000~3,000㎡","interest_category":"잡종지","solar_candidate":"Y","candidate_reason":"실제 이용·점유 여부 확인 후 검토할 잡종지; 면적 1,581㎡","priority_score":63,"source":"경기부동산포털 국공유지조회·연속지적도","source_date":"2026-08-11","installed_solar_match":false}},{"type":"Feature","id":"4180037026109050001","geometry":{"type":"Point","coordinates":[127.0318381,38.1418106]},"properties":{"pnu":"4180037026109050001","municipality_code":"41800","municipality":"연천군","district":"연천군","locality":"중면 합수리","address":"연천군 중면 합수리 905-1","owner_type":"경기도유지","owner_label":"경기도","manager":"건설국 하천과","property_class":"행정재산","land_category":"잡종지","area_sqm":1561.0,"area_band":"1,000~3,000㎡","interest_category":"잡종지","solar_candidate":"Y","candidate_reason":"실제 이용·점유 여부 확인 후 검토할 잡종지; 면적 1,561㎡","priority_score":63,"source":"경기부동산포털 국공유지조회·연속지적도","source_date":"2026-08-11","installed_solar_match":false}},{"type":"Feature","id":"4180036022103060001","geometry":{"type":"Point","coordinates":[127.1022317,38.1821484]},"properties":{"pnu":"4180036022103060001","municipality_code":"41800","municipality":"연천군","district":"연천군","locality":"신서면 도신리","address":"연천군 신서면 도신리 306-1","owner_type":"경기도유지","owner_label":"경기도","manager":"건설국 하천과","property_class":"행정재산","land_category":"잡종지","area_sqm":1507.0,"area_band":"1,000~3,000㎡","interest_category":"잡종지","solar_candidate":"Y","candidate_reason":"실제 이용·점유 여부 확인 후 검토할 잡종지; 면적 1,507㎡","priority_score":63,"source":"경기부동산포털 국공유지조회·연속지적도","source_date":"2026-08-11","installed_solar_match":false}},{"type":"Feature","id":"4180034028101130008","geometry":{"type":"Point","coordinates":[126.980408,38.0218049]},"properties":{"pnu":"4180034028101130008","municipality_code":"41800","municipality":"연천군","district":"연천군","locality":"미산면 삼화리","address":"연천군 미산면 삼화리 113-8","owner_type":"경기도유지","owner_label":"경기도","manager":"건설국 도로정책과","property_class":"행정재산","land_category":"잡종지","area_sqm":1497.0,"area_band":"1,000~3,000㎡","interest_category":"잡종지","solar_candidate":"Y","candidate_reason":"실제 이용·점유 여부 확인 후 검토할 잡종지; 면적 1,497㎡","priority_score":63,"source":"경기부동산포털 국공유지조회·연속지적도","source_date":"2026-08-11","installed_solar_match":false}},{"type":"Feature","id":"4180038021102010001","geometry":{"type":"Point","coordinates":[126.8713821,38.0105334]},"properties":{"pnu":"4180038021102010001","municipality_code":"41800","municipality":"연천군","district":"연천군","locality":"장남면 원당리","address":"연천군 장남면 원당리 201-1","owner_type":"경기도유지","owner_label":"경기도","manager":"건설국 하천과","property_class":"행정재산","land_category":"잡종지","area_sqm":1375.0,"area_band":"1,000~3,000㎡","interest_category":"잡종지","solar_candidate":"Y","candidate_reason":"실제 이용·점유 여부 확인 후 검토할 잡종지; 면적 1,375㎡","priority_score":63,"source":"경기부동산포털 국공유지조회·연속지적도","source_date":"2026-08-11","installed_solar_match":false}},{"type":"Feature","id":"4180025021100910002","geometry":{"type":"Point","coordinates":[127.0761173,38.0830114]},"properties":{"pnu":"4180025021100910002","municipality_code":"41800","municipality":"연천군","district":"연천군","locality":"연천읍 차탄리","address":"연천군 연천읍 차탄리 91-2","owner_type":"경기도유지","owner_label":"경기도","manager":"경기도농업기술원","property_class":"행정재산","land_category":"잡종지","area_sqm":1322.0,"area_band":"1,000~3,000㎡","interest_category":"잡종지","solar_candidate":"Y","candidate_reason":"실제 이용·점유 여부 확인 후 검토할 잡종지; 면적 1,322㎡","priority_score":63,"source":"경기부동산포털 국공유지조회·연속지적도","source_date":"2026-08-11","installed_solar_match":false}},{"type":"Feature","id":"4180037026108940001","geometry":{"type":"Point","coordinates":[127.031396,38.1420543]},"properties":{"pnu":"4180037026108940001","municipality_code":"41800","municipality":"연천군","district":"연천군","locality":"중면 합수리","address":"연천군 중면 합수리 894-1","owner_type":"경기도유지","owner_label":"경기도","manager":"건설국 하천과","property_class":"행정재산","land_category":"잡종지","area_sqm":1313.0,"area_band":"1,000~3,000㎡","interest_category":"잡종지","solar_candidate":"Y","candidate_reason":"실제 이용·점유 여부 확인 후 검토할 잡종지; 면적 1,313㎡","priority_score":63,"source":"경기부동산포털 국공유지조회·연속지적도","source_date":"2026-08-11","installed_solar_match":false}},{"type":"Feature","id":"4180038021102170001","geometry":{"type":"Point","coordinates":[126.870463,38.0092591]},"properties":{"pnu":"4180038021102170001","municipality_code":"41800","municipality":"연천군","district":"연천군","locality":"장남면 원당리","address":"연천군 장남면 원당리 217-1","owner_type":"경기도유지","owner_label":"경기도","manager":"건설국 하천과","property_class":"행정재산","land_category":"잡종지","area_sqm":1257.0,"area_band":"1,000~3,000㎡","interest_category":"잡종지","solar_candidate":"Y","candidate_reason":"실제 이용·점유 여부 확인 후 검토할 잡종지; 면적 1,257㎡","priority_score":63,"source":"경기부동산포털 국공유지조회·연속지적도","source_date":"2026-08-11","installed_solar_match":false}},{"type":"Feature","id":"4180025025104750005","geometry":{"type":"Point","coordinates":[127.0783468,38.1123808]},"properties":{"pnu":"4180025025104750005","municipality_code":"41800","municipality":"연천군","district":"연천군","locality":"연천읍 옥산리","address":"연천군 연천읍 옥산리 475-5","owner_type":"경기도유지","owner_label":"경기도","manager":"건설국 하천과","property_class":"행정재산","land_category":"잡종지","area_sqm":1196.0,"area_band":"1,000~3,000㎡","interest_category":"잡종지","solar_candidate":"Y","candidate_reason":"실제 이용·점유 여부 확인 후 검토할 잡종지; 면적 1,196㎡","priority_score":63,"source":"경기부동산포털 국공유지조회·연속지적도","source_date":"2026-08-11","installed_solar_match":false}},{"type":"Feature","id":"4180038021101700000","geometry":{"type":"Point","coordinates":[126.8731288,38.0176811]},"properties":{"pnu":"4180038021101700000","municipality_code":"41800","municipality":"연천군","district":"연천군","locality":"장남면 원당리","address":"연천군 장남면 원당리 170","owner_type":"경기도유지","owner_label":"경기도","manager":"건설국 하천과","property_class":"행정재산","land_category":"잡종지","area_sqm":1187.0,"area_band":"1,000~3,000㎡","interest_category":"잡종지","solar_candidate":"Y","candidate_reason":"실제 이용·점유 여부 확인 후 검토할 잡종지; 면적 1,187㎡","priority_score":63,"source":"경기부동산포털 국공유지조회·연속지적도","source_date":"2026-08-11","installed_solar_match":false}},{"type":"Feature","id":"4180025028104690001","geometry":{"type":"Point","coordinates":[127.069471,38.0794451]},"properties":{"pnu":"4180025028104690001","municipality_code":"41800","municipality":"연천군","district":"연천군","locality":"연천읍 통현리","address":"연천군 연천읍 통현리 469-1","owner_type":"경기도유지","owner_label":"경기도","manager":"건설국 하천과","property_class":"행정재산","land_category":"잡종지","area_sqm":1175.0,"area_band":"1,000~3,000㎡","interest_category":"잡종지","solar_candidate":"Y","candidate_reason":"실제 이용·점유 여부 확인 후 검토할 잡종지; 면적 1,175㎡","priority_score":63,"source":"경기부동산포털 국공유지조회·연속지적도","source_date":"2026-08-11","installed_solar_match":false}},{"type":"Feature","id":"4180033025107250012","geometry":{"type":"Point","coordinates":[126.9204139,37.9986675]},"properties":{"pnu":"4180033025107250012","municipality_code":"41800","municipality":"연천군","district":"연천군","locality":"백학면 노곡리","address":"연천군 백학면 노곡리 725-12","owner_type":"경기도유지","owner_label":"경기도","manager":"건설국 도로정책과","property_class":"행정재산","land_category":"잡종지","area_sqm":1137.0,"area_band":"1,000~3,000㎡","interest_category":"잡종지","solar_candidate":"Y","candidate_reason":"실제 이용·점유 여부 확인 후 검토할 잡종지; 면적 1,137㎡","priority_score":63,"source":"경기부동산포털 국공유지조회·연속지적도","source_date":"2026-08-11","installed_solar_match":false}},{"type":"Feature","id":"4180038021101470001","geometry":{"type":"Point","coordinates":[126.8752577,38.0142863]},"properties":{"pnu":"4180038021101470001","municipality_code":"41800","municipality":"연천군","district":"연천군","locality":"장남면 원당리","address":"연천군 장남면 원당리 147-1","owner_type":"경기도유지","owner_label":"경기도","manager":"건설국 하천과","property_class":"행정재산","land_category":"잡종지","area_sqm":1116.0,"area_band":"1,000~3,000㎡","interest_category":"잡종지","solar_candidate":"Y","candidate_reason":"실제 이용·점유 여부 확인 후 검토할 잡종지; 면적 1,116㎡","priority_score":63,"source":"경기부동산포털 국공유지조회·연속지적도","source_date":"2026-08-11","installed_solar_match":false}},{"type":"Feature","id":"4180035025108010002","geometry":{"type":"Point","coordinates":[126.9510991,38.0926139]},"properties":{"pnu":"4180035025108010002","municipality_code":"41800","municipality":"연천군","district":"연천군","locality":"왕징면 강서리","address":"연천군 왕징면 강서리 801-2","owner_type":"경기도유지","owner_label":"경기도(교육감)","manager":"","property_class":"","land_category":"잡종지","area_sqm":1081.0,"area_band":"1,000~3,000㎡","interest_category":"잡종지","solar_candidate":"Y","candidate_reason":"실제 이용·점유 여부 확인 후 검토할 잡종지; 면적 1,081㎡","priority_score":63,"source":"경기부동산포털 국공유지조회·연속지적도","source_date":"2026-08-11","installed_solar_match":false}},{"type":"Feature","id":"4180035025109030020","geometry":{"type":"Point","coordinates":[126.9490282,38.0905995]},"properties":{"pnu":"4180035025109030020","municipality_code":"41800","municipality":"연천군","district":"연천군","locality":"왕징면 강서리","address":"연천군 왕징면 강서리 903-20","owner_type":"경기도유지","owner_label":"경기도","manager":"건설국 도로정책과","property_class":"행정재산","land_category":"잡종지","area_sqm":1073.0,"area_band":"1,000~3,000㎡","interest_category":"잡종지","solar_candidate":"Y","candidate_reason":"실제 이용·점유 여부 확인 후 검토할 잡종지; 면적 1,073㎡","priority_score":63,"source":"경기부동산포털 국공유지조회·연속지적도","source_date":"2026-08-11","installed_solar_match":false}},{"type":"Feature","id":"4180038021101540001","geometry":{"type":"Point","coordinates":[126.8736572,38.0147503]},"properties":{"pnu":"4180038021101540001","municipality_code":"41800","municipality":"연천군","district":"연천군","locality":"장남면 원당리","address":"연천군 장남면 원당리 154-1","owner_type":"경기도유지","owner_label":"경기도","manager":"건설국 하천과","property_class":"행정재산","land_category":"잡종지","area_sqm":1071.0,"area_band":"1,000~3,000㎡","interest_category":"잡종지","solar_candidate":"Y","candidate_reason":"실제 이용·점유 여부 확인 후 검토할 잡종지; 면적 1,071㎡","priority_score":63,"source":"경기부동산포털 국공유지조회·연속지적도","source_date":"2026-08-11","installed_solar_match":false}},{"type":"Feature","id":"4180033028106900000","geometry":{"type":"Point","coordinates":[126.873863,38.0188602]},"properties":{"pnu":"4180033028106900000","municipality_code":"41800","municipality":"연천군","district":"연천군","locality":"백학면 두현리","address":"연천군 백학면 두현리 690","owner_type":"경기도유지","owner_label":"경기도","manager":"건설국 하천과","property_class":"행정재산","land_category":"잡종지","area_sqm":1040.0,"area_band":"1,000~3,000㎡","interest_category":"잡종지","solar_candidate":"Y","candidate_reason":"실제 이용·점유 여부 확인 후 검토할 잡종지; 면적 1,040㎡","priority_score":63,"source":"경기부동산포털 국공유지조회·연속지적도","source_date":"2026-08-11","installed_solar_match":false}},{"type":"Feature","id":"4180038021101310001","geometry":{"type":"Point","coordinates":[126.8753974,38.0155491]},"properties":{"pnu":"4180038021101310001","municipality_code":"41800","municipality":"연천군","district":"연천군","locality":"장남면 원당리","address":"연천군 장남면 원당리 131-1","owner_type":"경기도유지","owner_label":"경기도","manager":"건설국 하천과","property_class":"행정재산","land_category":"잡종지","area_sqm":1037.0,"area_band":"1,000~3,000㎡","interest_category":"잡종지","solar_candidate":"Y","candidate_reason":"실제 이용·점유 여부 확인 후 검토할 잡종지; 면적 1,037㎡","priority_score":63,"source":"경기부동산포털 국공유지조회·연속지적도","source_date":"2026-08-11","installed_solar_match":false}},{"type":"Feature","id":"4180036022101940004","geometry":{"type":"Point","coordinates":[127.1013978,38.1773039]},"properties":{"pnu":"4180036022101940004","municipality_code":"41800","municipality":"연천군","district":"연천군","locality":"신서면 도신리","address":"연천군 신서면 도신리 194-4","owner_type":"경기도유지","owner_label":"경기도","manager":"건설국 하천과","property_class":"행정재산","land_category":"잡종지","area_sqm":1015.0,"area_band":"1,000~3,000㎡","interest_category":"잡종지","solar_candidate":"Y","candidate_reason":"실제 이용·점유 여부 확인 후 검토할 잡종지; 면적 1,015㎡","priority_score":63,"source":"경기부동산포털 국공유지조회·연속지적도","source_date":"2026-08-11","installed_solar_match":false}},{"type":"Feature","id":"4180038023103820001","geometry":{"type":"Point","coordinates":[126.8680872,38.0204974]},"properties":{"pnu":"4180038023103820001","municipality_code":"41800","municipality":"연천군","district":"연천군","locality":"장남면 판부리","address":"연천군 장남면 판부리 382-1","owner_type":"경기도유지","owner_label":"경기도","manager":"건설국 하천과","property_class":"행정재산","land_category":"잡종지","area_sqm":1007.0,"area_band":"1,000~3,000㎡","interest_category":"잡종지","solar_candidate":"Y","candidate_reason":"실제 이용·점유 여부 확인 후 검토할 잡종지; 면적 1,007㎡","priority_score":63,"source":"경기부동산포털 국공유지조회·연속지적도","source_date":"2026-08-11","installed_solar_match":false}},{"type":"Feature","id":"4180038021101680001","geometry":{"type":"Point","coordinates":[126.8740292,38.0174034]},"properties":{"pnu":"4180038021101680001","municipality_code":"41800","municipality":"연천군","district":"연천군","locality":"장남면 원당리","address":"연천군 장남면 원당리 168-1","owner_type":"경기도유지","owner_label":"경기도","manager":"건설국 하천과","property_class":"행정재산","land_category":"잡종지","area_sqm":1000.0,"area_band":"1,000~3,000㎡","interest_category":"잡종지","solar_candidate":"Y","candidate_reason":"실제 이용·점유 여부 확인 후 검토할 잡종지; 면적 1,000㎡","priority_score":63,"source":"경기부동산포털 국공유지조회·연속지적도","source_date":"2026-08-11","installed_solar_match":false}},{"type":"Feature","id":"4180025022100430013","geometry":{"type":"Point","coordinates":[127.0760881,38.108814]},"properties":{"pnu":"4180025022100430013","municipality_code":"41800","municipality":"연천군","district":"연천군","locality":"연천읍 현가리","address":"연천군 연천읍 현가리 43-13","owner_type":"경기도유지","owner_label":"경기도(교육감)","manager":"","property_class":"","land_category":"대","area_sqm":3344.0,"area_band":"3,000~5,000㎡","interest_category":"대","solar_candidate":"Y","candidate_reason":"청사·공공건축물·주차장 현황 추가 확인 필요; 면적 3,344㎡","priority_score":60,"source":"경기부동산포털 국공유지조회·연속지적도","source_date":"2026-08-11","installed_solar_match":false}},{"type":"Feature","id":"4180025321104270002","geometry":{"type":"Point","coordinates":[127.0725158,38.034521]},"properties":{"pnu":"4180025321104270002","municipality_code":"41800","municipality":"연천군","district":"연천군","locality":"전곡읍 전곡리","address":"연천군 전곡읍 전곡리 427-2","owner_type":"경기도유지","owner_label":"경기도(교육감)","manager":"","property_class":"","land_category":"체육용지","area_sqm":4527.0,"area_band":"3,000~5,000㎡","interest_category":"체육용지","solar_candidate":"검토필요","candidate_reason":"체육시설·주차장 상부 활용 가능성 추가 검토; 면적 4,527㎡","priority_score":55,"source":"경기부동산포털 국공유지조회·연속지적도","source_date":"2026-08-11","installed_solar_match":false}},{"type":"Feature","id":"4180032021104110001","geometry":{"type":"Point","coordinates":[127.0716412,37.9858603]},"properties":{"pnu":"4180032021104110001","municipality_code":"41800","municipality":"연천군","district":"연천군","locality":"청산면 초성리","address":"연천군 청산면 초성리 411-1","owner_type":"경기도유지","owner_label":"경기도","manager":"건설국 하천과","property_class":"행정재산","land_category":"잡종지","area_sqm":986.0,"area_band":"500~1,000㎡","interest_category":"잡종지","solar_candidate":"검토필요","candidate_reason":"실제 이용·점유 여부 확인 후 검토할 잡종지; 면적 986㎡","priority_score":55,"source":"경기부동산포털 국공유지조회·연속지적도","source_date":"2026-08-11","installed_solar_match":false}},{"type":"Feature","id":"4180038021101530001","geometry":{"type":"Point","coordinates":[126.8739901,38.0146491]},"properties":{"pnu":"4180038021101530001","municipality_code":"41800","municipality":"연천군","district":"연천군","locality":"장남면 원당리","address":"연천군 장남면 원당리 153-1","owner_type":"경기도유지","owner_label":"경기도","manager":"건설국 하천과","property_class":"행정재산","land_category":"잡종지","area_sqm":986.0,"area_band":"500~1,000㎡","interest_category":"잡종지","solar_candidate":"검토필요","candidate_reason":"실제 이용·점유 여부 확인 후 검토할 잡종지; 면적 986㎡","priority_score":55,"source":"경기부동산포털 국공유지조회·연속지적도","source_date":"2026-08-11","installed_solar_match":false}},{"type":"Feature","id":"4180035025108030001","geometry":{"type":"Point","coordinates":[126.9491891,38.0941716]},"properties":{"pnu":"4180035025108030001","municipality_code":"41800","municipality":"연천군","district":"연천군","locality":"왕징면 강서리","address":"연천군 왕징면 강서리 803-1","owner_type":"경기도유지","owner_label":"경기도(교육감)","manager":"","property_class":"","land_category":"잡종지","area_sqm":968.0,"area_band":"500~1,000㎡","interest_category":"잡종지","solar_candidate":"검토필요","candidate_reason":"실제 이용·점유 여부 확인 후 검토할 잡종지; 면적 968㎡","priority_score":55,"source":"경기부동산포털 국공유지조회·연속지적도","source_date":"2026-08-11","installed_solar_match":false}},{"type":"Feature","id":"4180038021101490001","geometry":{"type":"Point","coordinates":[126.8747436,38.0144299]},"properties":{"pnu":"4180038021101490001","municipality_code":"41800","municipality":"연천군","district":"연천군","locality":"장남면 원당리","address":"연천군 장남면 원당리 149-1","owner_type":"경기도유지","owner_label":"경기도","manager":"건설국 하천과","property_class":"행정재산","land_category":"잡종지","area_sqm":925.0,"area_band":"500~1,000㎡","interest_category":"잡종지","solar_candidate":"검토필요","candidate_reason":"실제 이용·점유 여부 확인 후 검토할 잡종지; 면적 925㎡","priority_score":55,"source":"경기부동산포털 국공유지조회·연속지적도","source_date":"2026-08-11","installed_solar_match":false}},{"type":"Feature","id":"4180025028104690003","geometry":{"type":"Point","coordinates":[127.0693594,38.0794936]},"properties":{"pnu":"4180025028104690003","municipality_code":"41800","municipality":"연천군","district":"연천군","locality":"연천읍 통현리","address":"연천군 연천읍 통현리 469-3","owner_type":"경기도유지","owner_label":"경기도","manager":"건설국 하천과","property_class":"행정재산","land_category":"잡종지","area_sqm":894.0,"area_band":"500~1,000㎡","interest_category":"잡종지","solar_candidate":"검토필요","candidate_reason":"실제 이용·점유 여부 확인 후 검토할 잡종지; 면적 894㎡","priority_score":55,"source":"경기부동산포털 국공유지조회·연속지적도","source_date":"2026-08-11","installed_solar_match":false}},{"type":"Feature","id":"4180033025107260003","geometry":{"type":"Point","coordinates":[126.9199007,37.9997279]},"properties":{"pnu":"4180033025107260003","municipality_code":"41800","municipality":"연천군","district":"연천군","locality":"백학면 노곡리","address":"연천군 백학면 노곡리 726-3","owner_type":"경기도유지","owner_label":"경기도","manager":"건설국 도로정책과","property_class":"행정재산","land_category":"잡종지","area_sqm":889.0,"area_band":"500~1,000㎡","interest_category":"잡종지","solar_candidate":"검토필요","candidate_reason":"실제 이용·점유 여부 확인 후 검토할 잡종지; 면적 889㎡","priority_score":55,"source":"경기부동산포털 국공유지조회·연속지적도","source_date":"2026-08-11","installed_solar_match":false}},{"type":"Feature","id":"4180038025101380000","geometry":{"type":"Point","coordinates":[126.8479594,37.9889494]},"properties":{"pnu":"4180038025101380000","municipality_code":"41800","municipality":"연천군","district":"연천군","locality":"장남면 고랑포리","address":"연천군 장남면 고랑포리 138","owner_type":"경기도유지","owner_label":"경기도(교육감)","manager":"","property_class":"","land_category":"잡종지","area_sqm":878.0,"area_band":"500~1,000㎡","interest_category":"잡종지","solar_candidate":"검토필요","candidate_reason":"실제 이용·점유 여부 확인 후 검토할 잡종지; 면적 878㎡","priority_score":55,"source":"경기부동산포털 국공유지조회·연속지적도","source_date":"2026-08-11","installed_solar_match":false}},{"type":"Feature","id":"4180032021101060000","geometry":{"type":"Point","coordinates":[127.0761842,37.991681]},"properties":{"pnu":"4180032021101060000","municipality_code":"41800","municipality":"연천군","district":"연천군","locality":"청산면 초성리","address":"연천군 청산면 초성리 106","owner_type":"경기도유지","owner_label":"경기도","manager":"건설국 하천과","property_class":"행정재산","land_category":"잡종지","area_sqm":815.0,"area_band":"500~1,000㎡","interest_category":"잡종지","solar_candidate":"검토필요","candidate_reason":"실제 이용·점유 여부 확인 후 검토할 잡종지; 면적 815㎡","priority_score":55,"source":"경기부동산포털 국공유지조회·연속지적도","source_date":"2026-08-11","installed_solar_match":false}},{"type":"Feature","id":"4180038021101510001","geometry":{"type":"Point","coordinates":[126.8742599,38.0145644]},"properties":{"pnu":"4180038021101510001","municipality_code":"41800","municipality":"연천군","district":"연천군","locality":"장남면 원당리","address":"연천군 장남면 원당리 151-1","owner_type":"경기도유지","owner_label":"경기도","manager":"건설국 하천과","property_class":"행정재산","land_category":"잡종지","area_sqm":730.0,"area_band":"500~1,000㎡","interest_category":"잡종지","solar_candidate":"검토필요","candidate_reason":"실제 이용·점유 여부 확인 후 검토할 잡종지; 면적 730㎡","priority_score":55,"source":"경기부동산포털 국공유지조회·연속지적도","source_date":"2026-08-11","installed_solar_match":false}},{"type":"Feature","id":"4180036023101670006","geometry":{"type":"Point","coordinates":[127.1439017,38.1542901]},"properties":{"pnu":"4180036023101670006","municipality_code":"41800","municipality":"연천군","district":"연천군","locality":"신서면 내산리","address":"연천군 신서면 내산리 167-6","owner_type":"경기도유지","owner_label":"경기도","manager":"건설국 하천과","property_class":"행정재산","land_category":"잡종지","area_sqm":717.0,"area_band":"500~1,000㎡","interest_category":"잡종지","solar_candidate":"검토필요","candidate_reason":"실제 이용·점유 여부 확인 후 검토할 잡종지; 면적 717㎡","priority_score":55,"source":"경기부동산포털 국공유지조회·연속지적도","source_date":"2026-08-11","installed_solar_match":false}},{"type":"Feature","id":"4180032025101160001","geometry":{"type":"Point","coordinates":[127.1329112,38.0286883]},"properties":{"pnu":"4180032025101160001","municipality_code":"41800","municipality":"연천군","district":"연천군","locality":"청산면 백의리","address":"연천군 청산면 백의리 116-1","owner_type":"경기도유지","owner_label":"경기도","manager":"건설국 하천과","property_class":"행정재산","land_category":"잡종지","area_sqm":716.0,"area_band":"500~1,000㎡","interest_category":"잡종지","solar_candidate":"검토필요","candidate_reason":"실제 이용·점유 여부 확인 후 검토할 잡종지; 면적 716㎡","priority_score":55,"source":"경기부동산포털 국공유지조회·연속지적도","source_date":"2026-08-11","installed_solar_match":false}},{"type":"Feature","id":"4180037026108970000","geometry":{"type":"Point","coordinates":[127.0321196,38.1424078]},"properties":{"pnu":"4180037026108970000","municipality_code":"41800","municipality":"연천군","district":"연천군","locality":"중면 합수리","address":"연천군 중면 합수리 897","owner_type":"경기도유지","owner_label":"경기도","manager":"건설국 하천과","property_class":"행정재산","land_category":"잡종지","area_sqm":701.0,"area_band":"500~1,000㎡","interest_category":"잡종지","solar_candidate":"검토필요","candidate_reason":"실제 이용·점유 여부 확인 후 검토할 잡종지; 면적 701㎡","priority_score":55,"source":"경기부동산포털 국공유지조회·연속지적도","source_date":"2026-08-11","installed_solar_match":false}},{"type":"Feature","id":"4180038021101500001","geometry":{"type":"Point","coordinates":[126.8744732,38.0144958]},"properties":{"pnu":"4180038021101500001","municipality_code":"41800","municipality":"연천군","district":"연천군","locality":"장남면 원당리","address":"연천군 장남면 원당리 150-1","owner_type":"경기도유지","owner_label":"경기도","manager":"건설국 하천과","property_class":"행정재산","land_category":"잡종지","area_sqm":695.0,"area_band":"500~1,000㎡","interest_category":"잡종지","solar_candidate":"검토필요","candidate_reason":"실제 이용·점유 여부 확인 후 검토할 잡종지; 면적 695㎡","priority_score":55,"source":"경기부동산포털 국공유지조회·연속지적도","source_date":"2026-08-11","installed_solar_match":false}},{"type":"Feature","id":"4180038025101400000","geometry":{"type":"Point","coordinates":[126.8474071,37.9883517]},"properties":{"pnu":"4180038025101400000","municipality_code":"41800","municipality":"연천군","district":"연천군","locality":"장남면 고랑포리","address":"연천군 장남면 고랑포리 140","owner_type":"경기도유지","owner_label":"경기도(교육감)","manager":"","property_class":"","land_category":"잡종지","area_sqm":695.0,"area_band":"500~1,000㎡","interest_category":"잡종지","solar_candidate":"검토필요","candidate_reason":"실제 이용·점유 여부 확인 후 검토할 잡종지; 면적 695㎡","priority_score":55,"source":"경기부동산포털 국공유지조회·연속지적도","source_date":"2026-08-11","installed_solar_match":false}},{"type":"Feature","id":"4180035022103820002","geometry":{"type":"Point","coordinates":[126.9764611,38.0731923]},"properties":{"pnu":"4180035022103820002","municipality_code":"41800","municipality":"연천군","district":"연천군","locality":"왕징면 노동리","address":"연천군 왕징면 노동리 382-2","owner_type":"경기도유지","owner_label":"경기도","manager":"건설국 하천과","property_class":"행정재산","land_category":"잡종지","area_sqm":693.0,"area_band":"500~1,000㎡","interest_category":"잡종지","solar_candidate":"검토필요","candidate_reason":"실제 이용·점유 여부 확인 후 검토할 잡종지; 면적 693㎡","priority_score":55,"source":"경기부동산포털 국공유지조회·연속지적도","source_date":"2026-08-11","installed_solar_match":false}},{"type":"Feature","id":"4180038021101560001","geometry":{"type":"Point","coordinates":[126.8731856,38.0151138]},"properties":{"pnu":"4180038021101560001","municipality_code":"41800","municipality":"연천군","district":"연천군","locality":"장남면 원당리","address":"연천군 장남면 원당리 156-1","owner_type":"경기도유지","owner_label":"경기도","manager":"건설국 하천과","property_class":"행정재산","land_category":"잡종지","area_sqm":690.0,"area_band":"500~1,000㎡","interest_category":"잡종지","solar_candidate":"검토필요","candidate_reason":"실제 이용·점유 여부 확인 후 검토할 잡종지; 면적 690㎡","priority_score":55,"source":"경기부동산포털 국공유지조회·연속지적도","source_date":"2026-08-11","installed_solar_match":false}},{"type":"Feature","id":"4180025328103000009","geometry":{"type":"Point","coordinates":[127.0050873,37.9641769]},"properties":{"pnu":"4180025328103000009","municipality_code":"41800","municipality":"연천군","district":"연천군","locality":"전곡읍 늘목리","address":"연천군 전곡읍 늘목리 300-9","owner_type":"경기도유지","owner_label":"경기도","manager":"건설국 하천과","property_class":"행정재산","land_category":"잡종지","area_sqm":683.0,"area_band":"500~1,000㎡","interest_category":"잡종지","solar_candidate":"검토필요","candidate_reason":"실제 이용·점유 여부 확인 후 검토할 잡종지; 면적 683㎡","priority_score":55,"source":"경기부동산포털 국공유지조회·연속지적도","source_date":"2026-08-11","installed_solar_match":false}},{"type":"Feature","id":"4180032025101080004","geometry":{"type":"Point","coordinates":[127.1358511,38.0281383]},"properties":{"pnu":"4180032025101080004","municipality_code":"41800","municipality":"연천군","district":"연천군","locality":"청산면 백의리","address":"연천군 청산면 백의리 108-4","owner_type":"경기도유지","owner_label":"경기도","manager":"건설국 하천과","property_class":"행정재산","land_category":"잡종지","area_sqm":656.0,"area_band":"500~1,000㎡","interest_category":"잡종지","solar_candidate":"검토필요","candidate_reason":"실제 이용·점유 여부 확인 후 검토할 잡종지; 면적 656㎡","priority_score":55,"source":"경기부동산포털 국공유지조회·연속지적도","source_date":"2026-08-11","installed_solar_match":false}},{"type":"Feature","id":"4180038021102190001","geometry":{"type":"Point","coordinates":[126.8705258,38.0089836]},"properties":{"pnu":"4180038021102190001","municipality_code":"41800","municipality":"연천군","district":"연천군","locality":"장남면 원당리","address":"연천군 장남면 원당리 219-1","owner_type":"경기도유지","owner_label":"경기도","manager":"건설국 하천과","property_class":"행정재산","land_category":"잡종지","area_sqm":654.0,"area_band":"500~1,000㎡","interest_category":"잡종지","solar_candidate":"검토필요","candidate_reason":"실제 이용·점유 여부 확인 후 검토할 잡종지; 면적 654㎡","priority_score":55,"source":"경기부동산포털 국공유지조회·연속지적도","source_date":"2026-08-11","installed_solar_match":false}},{"type":"Feature","id":"4180034028101090002","geometry":{"type":"Point","coordinates":[126.9811642,38.0227871]},"properties":{"pnu":"4180034028101090002","municipality_code":"41800","municipality":"연천군","district":"연천군","locality":"미산면 삼화리","address":"연천군 미산면 삼화리 109-2","owner_type":"경기도유지","owner_label":"경기도","manager":"건설국 도로정책과","property_class":"행정재산","land_category":"잡종지","area_sqm":599.0,"area_band":"500~1,000㎡","interest_category":"잡종지","solar_candidate":"검토필요","candidate_reason":"실제 이용·점유 여부 확인 후 검토할 잡종지; 면적 599㎡","priority_score":55,"source":"경기부동산포털 국공유지조회·연속지적도","source_date":"2026-08-11","installed_solar_match":false}},{"type":"Feature","id":"4180036022110510002","geometry":{"type":"Point","coordinates":[127.0848473,38.1810113]},"properties":{"pnu":"4180036022110510002","municipality_code":"41800","municipality":"연천군","district":"연천군","locality":"신서면 도신리","address":"연천군 신서면 도신리 1051-2","owner_type":"경기도유지","owner_label":"경기도","manager":"건설국 하천과","property_class":"행정재산","land_category":"잡종지","area_sqm":596.0,"area_band":"500~1,000㎡","interest_category":"잡종지","solar_candidate":"검토필요","candidate_reason":"실제 이용·점유 여부 확인 후 검토할 잡종지; 면적 596㎡","priority_score":55,"source":"경기부동산포털 국공유지조회·연속지적도","source_date":"2026-08-11","installed_solar_match":false}},{"type":"Feature","id":"4180035023103810001","geometry":{"type":"Point","coordinates":[126.9945688,38.0911532]},"properties":{"pnu":"4180035023103810001","municipality_code":"41800","municipality":"연천군","district":"연천군","locality":"왕징면 북삼리","address":"연천군 왕징면 북삼리 381-1","owner_type":"경기도유지","owner_label":"경기도","manager":"건설국 도로정책과","property_class":"행정재산","land_category":"잡종지","area_sqm":595.0,"area_band":"500~1,000㎡","interest_category":"잡종지","solar_candidate":"검토필요","candidate_reason":"실제 이용·점유 여부 확인 후 검토할 잡종지; 면적 595㎡","priority_score":55,"source":"경기부동산포털 국공유지조회·연속지적도","source_date":"2026-08-11","installed_solar_match":false}},{"type":"Feature","id":"4180036022108960004","geometry":{"type":"Point","coordinates":[127.0937911,38.1557594]},"properties":{"pnu":"4180036022108960004","municipality_code":"41800","municipality":"연천군","district":"연천군","locality":"신서면 도신리","address":"연천군 신서면 도신리 896-4","owner_type":"경기도유지","owner_label":"경기도","manager":"건설국 하천과","property_class":"행정재산","land_category":"잡종지","area_sqm":595.0,"area_band":"500~1,000㎡","interest_category":"잡종지","solar_candidate":"검토필요","candidate_reason":"실제 이용·점유 여부 확인 후 검토할 잡종지; 면적 595㎡","priority_score":55,"source":"경기부동산포털 국공유지조회·연속지적도","source_date":"2026-08-11","installed_solar_match":false}},{"type":"Feature","id":"4180038021101550001","geometry":{"type":"Point","coordinates":[126.8734163,38.0149236]},"properties":{"pnu":"4180038021101550001","municipality_code":"41800","municipality":"연천군","district":"연천군","locality":"장남면 원당리","address":"연천군 장남면 원당리 155-1","owner_type":"경기도유지","owner_label":"경기도","manager":"건설국 하천과","property_class":"행정재산","land_category":"잡종지","area_sqm":594.0,"area_band":"500~1,000㎡","interest_category":"잡종지","solar_candidate":"검토필요","candidate_reason":"실제 이용·점유 여부 확인 후 검토할 잡종지; 면적 594㎡","priority_score":55,"source":"경기부동산포털 국공유지조회·연속지적도","source_date":"2026-08-11","installed_solar_match":false}},{"type":"Feature","id":"4180037026108930001","geometry":{"type":"Point","coordinates":[127.0305482,38.1421409]},"properties":{"pnu":"4180037026108930001","municipality_code":"41800","municipality":"연천군","district":"연천군","locality":"중면 합수리","address":"연천군 중면 합수리 893-1","owner_type":"경기도유지","owner_label":"경기도","manager":"건설국 하천과","property_class":"행정재산","land_category":"잡종지","area_sqm":567.0,"area_band":"500~1,000㎡","interest_category":"잡종지","solar_candidate":"검토필요","candidate_reason":"실제 이용·점유 여부 확인 후 검토할 잡종지; 면적 567㎡","priority_score":55,"source":"경기부동산포털 국공유지조회·연속지적도","source_date":"2026-08-11","installed_solar_match":false}},{"type":"Feature","id":"4180025321102430005","geometry":{"type":"Point","coordinates":[127.0741459,38.0179618]},"properties":{"pnu":"4180025321102430005","municipality_code":"41800","municipality":"연천군","district":"연천군","locality":"전곡읍 전곡리","address":"연천군 전곡읍 전곡리 243-5","owner_type":"경기도유지","owner_label":"경기도(교육감)","manager":"","property_class":"","land_category":"잡종지","area_sqm":559.0,"area_band":"500~1,000㎡","interest_category":"잡종지","solar_candidate":"검토필요","candidate_reason":"실제 이용·점유 여부 확인 후 검토할 잡종지; 면적 559㎡","priority_score":55,"source":"경기부동산포털 국공유지조회·연속지적도","source_date":"2026-08-11","installed_solar_match":false}},{"type":"Feature","id":"4180034028101520003","geometry":{"type":"Point","coordinates":[126.9743056,38.0149623]},"properties":{"pnu":"4180034028101520003","municipality_code":"41800","municipality":"연천군","district":"연천군","locality":"미산면 삼화리","address":"연천군 미산면 삼화리 152-3","owner_type":"경기도유지","owner_label":"경기도","manager":"건설국 도로정책과","property_class":"행정재산","land_category":"잡종지","area_sqm":556.0,"area_band":"500~1,000㎡","interest_category":"잡종지","solar_candidate":"검토필요","candidate_reason":"실제 이용·점유 여부 확인 후 검토할 잡종지; 면적 556㎡","priority_score":55,"source":"경기부동산포털 국공유지조회·연속지적도","source_date":"2026-08-11","installed_solar_match":false}},{"type":"Feature","id":"4180037026108890001","geometry":{"type":"Point","coordinates":[127.0299016,38.1426877]},"properties":{"pnu":"4180037026108890001","municipality_code":"41800","municipality":"연천군","district":"연천군","locality":"중면 합수리","address":"연천군 중면 합수리 889-1","owner_type":"경기도유지","owner_label":"경기도","manager":"건설국 하천과","property_class":"행정재산","land_category":"잡종지","area_sqm":551.0,"area_band":"500~1,000㎡","interest_category":"잡종지","solar_candidate":"검토필요","candidate_reason":"실제 이용·점유 여부 확인 후 검토할 잡종지; 면적 551㎡","priority_score":55,"source":"경기부동산포털 국공유지조회·연속지적도","source_date":"2026-08-11","installed_solar_match":false}},{"type":"Feature","id":"4180038023104070001","geometry":{"type":"Point","coordinates":[126.868624,38.0211595]},"properties":{"pnu":"4180038023104070001","municipality_code":"41800","municipality":"연천군","district":"연천군","locality":"장남면 판부리","address":"연천군 장남면 판부리 407-1","owner_type":"경기도유지","owner_label":"경기도","manager":"건설국 하천과","property_class":"행정재산","land_category":"잡종지","area_sqm":528.0,"area_band":"500~1,000㎡","interest_category":"잡종지","solar_candidate":"검토필요","candidate_reason":"실제 이용·점유 여부 확인 후 검토할 잡종지; 면적 528㎡","priority_score":55,"source":"경기부동산포털 국공유지조회·연속지적도","source_date":"2026-08-11","installed_solar_match":false}},{"type":"Feature","id":"4180038021102450002","geometry":{"type":"Point","coordinates":[126.8755242,38.0027727]},"properties":{"pnu":"4180038021102450002","municipality_code":"41800","municipality":"연천군","district":"연천군","locality":"장남면 원당리","address":"연천군 장남면 원당리 245-2","owner_type":"경기도유지","owner_label":"경기도","manager":"건설국 하천과","property_class":"행정재산","land_category":"잡종지","area_sqm":526.0,"area_band":"500~1,000㎡","interest_category":"잡종지","solar_candidate":"검토필요","candidate_reason":"실제 이용·점유 여부 확인 후 검토할 잡종지; 면적 526㎡","priority_score":55,"source":"경기부동산포털 국공유지조회·연속지적도","source_date":"2026-08-11","installed_solar_match":false}},{"type":"Feature","id":"4180034027107790002","geometry":{"type":"Point","coordinates":[127.0034256,38.0417578]},"properties":{"pnu":"4180034027107790002","municipality_code":"41800","municipality":"연천군","district":"연천군","locality":"미산면 우정리","address":"연천군 미산면 우정리 779-2","owner_type":"경기도유지","owner_label":"경기도","manager":"건설국 도로정책과","property_class":"행정재산","land_category":"잡종지","area_sqm":523.0,"area_band":"500~1,000㎡","interest_category":"잡종지","solar_candidate":"검토필요","candidate_reason":"실제 이용·점유 여부 확인 후 검토할 잡종지; 면적 523㎡","priority_score":55,"source":"경기부동산포털 국공유지조회·연속지적도","source_date":"2026-08-11","installed_solar_match":false}},{"type":"Feature","id":"4180038023104020001","geometry":{"type":"Point","coordinates":[126.8724145,38.0181457]},"properties":{"pnu":"4180038023104020001","municipality_code":"41800","municipality":"연천군","district":"연천군","locality":"장남면 판부리","address":"연천군 장남면 판부리 402-1","owner_type":"경기도유지","owner_label":"경기도","manager":"건설국 하천과","property_class":"행정재산","land_category":"잡종지","area_sqm":513.0,"area_band":"500~1,000㎡","interest_category":"잡종지","solar_candidate":"검토필요","candidate_reason":"실제 이용·점유 여부 확인 후 검토할 잡종지; 면적 513㎡","priority_score":55,"source":"경기부동산포털 국공유지조회·연속지적도","source_date":"2026-08-11","installed_solar_match":false}},{"type":"Feature","id":"4180036021111970002","geometry":{"type":"Point","coordinates":[127.1049545,38.1875572]},"properties":{"pnu":"4180036021111970002","municipality_code":"41800","municipality":"연천군","district":"연천군","locality":"신서면 대광리","address":"연천군 신서면 대광리 1197-2","owner_type":"경기도유지","owner_label":"경기도","manager":"건설국 하천과","property_class":"행정재산","land_category":"잡종지","area_sqm":507.0,"area_band":"500~1,000㎡","interest_category":"잡종지","solar_candidate":"검토필요","candidate_reason":"실제 이용·점유 여부 확인 후 검토할 잡종지; 면적 507㎡","priority_score":55,"source":"경기부동산포털 국공유지조회·연속지적도","source_date":"2026-08-11","installed_solar_match":false}},{"type":"Feature","id":"4180036022103120005","geometry":{"type":"Point","coordinates":[127.1010566,38.1797095]},"properties":{"pnu":"4180036022103120005","municipality_code":"41800","municipality":"연천군","district":"연천군","locality":"신서면 도신리","address":"연천군 신서면 도신리 312-5","owner_type":"경기도유지","owner_label":"경기도","manager":"건설국 하천과","property_class":"행정재산","land_category":"잡종지","area_sqm":503.0,"area_band":"500~1,000㎡","interest_category":"잡종지","solar_candidate":"검토필요","candidate_reason":"실제 이용·점유 여부 확인 후 검토할 잡종지; 면적 503㎡","priority_score":55,"source":"경기부동산포털 국공유지조회·연속지적도","source_date":"2026-08-11","installed_solar_match":false}},{"type":"Feature","id":"4180025021106630000","geometry":{"type":"Point","coordinates":[127.0768778,38.0991117]},"properties":{"pnu":"4180025021106630000","municipality_code":"41800","municipality":"연천군","district":"연천군","locality":"연천읍 차탄리","address":"연천군 연천읍 차탄리 663","owner_type":"경기도유지","owner_label":"경기도","manager":"건설국 하천과","property_class":"일반재산","land_category":"대","area_sqm":495.0,"area_band":"100~500㎡","interest_category":"대","solar_candidate":"검토필요","candidate_reason":"청사·공공건축물·주차장 현황 추가 확인 필요; 면적 495㎡","priority_score":55,"source":"경기부동산포털 국공유지조회·연속지적도","source_date":"2026-08-11","installed_solar_match":false}},{"type":"Feature","id":"4180025021105790121","geometry":{"type":"Point","coordinates":[127.0767004,38.0991656]},"properties":{"pnu":"4180025021105790121","municipality_code":"41800","municipality":"연천군","district":"연천군","locality":"연천읍 차탄리","address":"연천군 연천읍 차탄리 579-121","owner_type":"경기도유지","owner_label":"경기도","manager":"건설국 하천과","property_class":"일반재산","land_category":"대","area_sqm":332.0,"area_band":"100~500㎡","interest_category":"대","solar_candidate":"검토필요","candidate_reason":"청사·공공건축물·주차장 현황 추가 확인 필요; 면적 332㎡","priority_score":55,"source":"경기부동산포털 국공유지조회·연속지적도","source_date":"2026-08-11","installed_solar_match":true,"installed_solar_count":1,"installed_solar_area_sqm":17.8,"installed_solar_analysis_years":["2024"],"installed_solar_types":["공공시설물"],"installed_solar_permit_status_counts":{"N":1}}},{"type":"Feature","id":"4180025021105790065","geometry":{"type":"Point","coordinates":[127.0772508,38.1016168]},"properties":{"pnu":"4180025021105790065","municipality_code":"41800","municipality":"연천군","district":"연천군","locality":"연천읍 차탄리","address":"연천군 연천읍 차탄리 579-65","owner_type":"경기도유지","owner_label":"경기도","manager":"건설국 하천과","property_class":"일반재산","land_category":"대","area_sqm":210.0,"area_band":"100~500㎡","interest_category":"대","solar_candidate":"검토필요","candidate_reason":"청사·공공건축물·주차장 현황 추가 확인 필요; 면적 210㎡","priority_score":55,"source":"경기부동산포털 국공유지조회·연속지적도","source_date":"2026-08-11","installed_solar_match":false}},{"type":"Feature","id":"4180025021105790036","geometry":{"type":"Point","coordinates":[127.076301,38.0988007]},"properties":{"pnu":"4180025021105790036","municipality_code":"41800","municipality":"연천군","district":"연천군","locality":"연천읍 차탄리","address":"연천군 연천읍 차탄리 579-36","owner_type":"경기도유지","owner_label":"경기도","manager":"건설국 하천과","property_class":"일반재산","land_category":"대","area_sqm":127.0,"area_band":"100~500㎡","interest_category":"대","solar_candidate":"검토필요","candidate_reason":"청사·공공건축물·주차장 현황 추가 확인 필요; 면적 127㎡","priority_score":55,"source":"경기부동산포털 국공유지조회·연속지적도","source_date":"2026-08-11","installed_solar_match":false}},{"type":"Feature","id":"4180025021105790122","geometry":{"type":"Point","coordinates":[127.0767639,38.0991075]},"properties":{"pnu":"4180025021105790122","municipality_code":"41800","municipality":"연천군","district":"연천군","locality":"연천읍 차탄리","address":"연천군 연천읍 차탄리 579-122","owner_type":"경기도유지","owner_label":"경기도","manager":"건설국 하천과","property_class":"일반재산","land_category":"대","area_sqm":121.0,"area_band":"100~500㎡","interest_category":"대","solar_candidate":"검토필요","candidate_reason":"청사·공공건축물·주차장 현황 추가 확인 필요; 면적 121㎡","priority_score":55,"source":"경기부동산포털 국공유지조회·연속지적도","source_date":"2026-08-11","installed_solar_match":false}},{"type":"Feature","id":"4180025021105790005","geometry":{"type":"Point","coordinates":[127.0764795,38.0993831]},"properties":{"pnu":"4180025021105790005","municipality_code":"41800","municipality":"연천군","district":"연천군","locality":"연천읍 차탄리","address":"연천군 연천읍 차탄리 579-5","owner_type":"경기도유지","owner_label":"경기도","manager":"건설국 하천과","property_class":"일반재산","land_category":"대","area_sqm":120.0,"area_band":"100~500㎡","interest_category":"대","solar_candidate":"검토필요","candidate_reason":"청사·공공건축물·주차장 현황 추가 확인 필요; 면적 120㎡","priority_score":55,"source":"경기부동산포털 국공유지조회·연속지적도","source_date":"2026-08-11","installed_solar_match":false}},{"type":"Feature","id":"4180025021105790037","geometry":{"type":"Point","coordinates":[127.0761157,38.0984647]},"properties":{"pnu":"4180025021105790037","municipality_code":"41800","municipality":"연천군","district":"연천군","locality":"연천읍 차탄리","address":"연천군 연천읍 차탄리 579-37","owner_type":"경기도유지","owner_label":"경기도","manager":"건설국 하천과","property_class":"일반재산","land_category":"대","area_sqm":117.0,"area_band":"100~500㎡","interest_category":"대","solar_candidate":"검토필요","candidate_reason":"청사·공공건축물·주차장 현황 추가 확인 필요; 면적 117㎡","priority_score":55,"source":"경기부동산포털 국공유지조회·연속지적도","source_date":"2026-08-11","installed_solar_match":false}},{"type":"Feature","id":"4180025021105790006","geometry":{"type":"Point","coordinates":[127.0768393,38.0997806]},"properties":{"pnu":"4180025021105790006","municipality_code":"41800","municipality":"연천군","district":"연천군","locality":"연천읍 차탄리","address":"연천군 연천읍 차탄리 579-6","owner_type":"경기도유지","owner_label":"경기도","manager":"건설국 하천과","property_class":"일반재산","land_category":"대","area_sqm":116.0,"area_band":"100~500㎡","interest_category":"대","solar_candidate":"검토필요","candidate_reason":"청사·공공건축물·주차장 현황 추가 확인 필요; 면적 116㎡","priority_score":55,"source":"경기부동산포털 국공유지조회·연속지적도","source_date":"2026-08-11","installed_solar_match":false}},{"type":"Feature","id":"4180025322108210001","geometry":{"type":"Point","coordinates":[127.051056,38.0272968]},"properties":{"pnu":"4180025322108210001","municipality_code":"41800","municipality":"연천군","district":"연천군","locality":"전곡읍 은대리","address":"연천군 전곡읍 은대리 821-1","owner_type":"경기도유지","owner_label":"경기도","manager":"건설국 하천과","property_class":"행정재산","land_category":"대","area_sqm":2804.0,"area_band":"1,000~3,000㎡","interest_category":"대","solar_candidate":"검토필요","candidate_reason":"청사·공공건축물·주차장 현황 추가 확인 필요; 면적 2,804㎡","priority_score":53,"source":"경기부동산포털 국공유지조회·연속지적도","source_date":"2026-08-11","installed_solar_match":false}},{"type":"Feature","id":"4180033023110670000","geometry":{"type":"Point","coordinates":[126.9140964,38.0174266]},"properties":{"pnu":"4180033023110670000","municipality_code":"41800","municipality":"연천군","district":"연천군","locality":"백학면 통구리","address":"연천군 백학면 통구리 1067","owner_type":"경기도유지","owner_label":"경기도","manager":"소방재난본부 회계장비담당관","property_class":"행정재산","land_category":"대","area_sqm":2640.5,"area_band":"1,000~3,000㎡","interest_category":"대","solar_candidate":"검토필요","candidate_reason":"청사·공공건축물·주차장 현황 추가 확인 필요; 면적 2,640㎡","priority_score":53,"source":"경기부동산포털 국공유지조회·연속지적도","source_date":"2026-08-11","installed_solar_match":true,"installed_solar_count":1,"installed_solar_area_sqm":56.5,"installed_solar_analysis_years":["2024"],"installed_solar_types":["산업단지"],"installed_solar_permit_status_counts":{"N":1}}},{"type":"Feature","id":"4180033025106460004","geometry":{"type":"Point","coordinates":[126.9203886,37.9914631]},"properties":{"pnu":"4180033025106460004","municipality_code":"41800","municipality":"연천군","district":"연천군","locality":"백학면 노곡리","address":"연천군 백학면 노곡리 646-4","owner_type":"경기도유지","owner_label":"경기도","manager":"건설국 도로정책과","property_class":"행정재산","land_category":"대","area_sqm":1996.0,"area_band":"1,000~3,000㎡","interest_category":"대","solar_candidate":"검토필요","candidate_reason":"청사·공공건축물·주차장 현황 추가 확인 필요; 면적 1,996㎡","priority_score":53,"source":"경기부동산포털 국공유지조회·연속지적도","source_date":"2026-08-11","installed_solar_match":false}},{"type":"Feature","id":"4180025321102290002","geometry":{"type":"Point","coordinates":[127.0718625,38.0161758]},"properties":{"pnu":"4180025321102290002","municipality_code":"41800","municipality":"연천군","district":"연천군","locality":"전곡읍 전곡리","address":"연천군 전곡읍 전곡리 229-2","owner_type":"경기도유지","owner_label":"경기도","manager":"소방재난본부 회계장비담당관","property_class":"행정재산","land_category":"대","area_sqm":1653.0,"area_band":"1,000~3,000㎡","interest_category":"대","solar_candidate":"검토필요","candidate_reason":"청사·공공건축물·주차장 현황 추가 확인 필요; 면적 1,653㎡","priority_score":53,"source":"경기부동산포털 국공유지조회·연속지적도","source_date":"2026-08-11","installed_solar_match":false}},{"type":"Feature","id":"4180032021104400052","geometry":{"type":"Point","coordinates":[127.0669324,37.98184]},"properties":{"pnu":"4180032021104400052","municipality_code":"41800","municipality":"연천군","district":"연천군","locality":"청산면 초성리","address":"연천군 청산면 초성리 440-52","owner_type":"경기도유지","owner_label":"경기도","manager":"건설국 하천과","property_class":"행정재산","land_category":"대","area_sqm":1644.0,"area_band":"1,000~3,000㎡","interest_category":"대","solar_candidate":"검토필요","candidate_reason":"청사·공공건축물·주차장 현황 추가 확인 필요; 면적 1,644㎡","priority_score":53,"source":"경기부동산포털 국공유지조회·연속지적도","source_date":"2026-08-11","installed_solar_match":false}},{"type":"Feature","id":"4180033025107260004","geometry":{"type":"Point","coordinates":[126.920119,37.9994451]},"properties":{"pnu":"4180033025107260004","municipality_code":"41800","municipality":"연천군","district":"연천군","locality":"백학면 노곡리","address":"연천군 백학면 노곡리 726-4","owner_type":"경기도유지","owner_label":"경기도","manager":"건설국 도로정책과","property_class":"행정재산","land_category":"대","area_sqm":1457.0,"area_band":"1,000~3,000㎡","interest_category":"대","solar_candidate":"검토필요","candidate_reason":"청사·공공건축물·주차장 현황 추가 확인 필요; 면적 1,457㎡","priority_score":53,"source":"경기부동산포털 국공유지조회·연속지적도","source_date":"2026-08-11","installed_solar_match":false}},{"type":"Feature","id":"4180025022100790002","geometry":{"type":"Point","coordinates":[127.0776271,38.1065428]},"properties":{"pnu":"4180025022100790002","municipality_code":"41800","municipality":"연천군","district":"연천군","locality":"연천읍 현가리","address":"연천군 연천읍 현가리 79-2","owner_type":"경기도유지","owner_label":"경기도(교육감)","manager":"","property_class":"","land_category":"대","area_sqm":1416.0,"area_band":"1,000~3,000㎡","interest_category":"대","solar_candidate":"검토필요","candidate_reason":"청사·공공건축물·주차장 현황 추가 확인 필요; 면적 1,416㎡","priority_score":53,"source":"경기부동산포털 국공유지조회·연속지적도","source_date":"2026-08-11","installed_solar_match":false}},{"type":"Feature","id":"4180033021100110011","geometry":{"type":"Point","coordinates":[126.9228875,38.0327973]},"properties":{"pnu":"4180033021100110011","municipality_code":"41800","municipality":"연천군","district":"연천군","locality":"백학면 두일리","address":"연천군 백학면 두일리 11-11","owner_type":"경기도유지","owner_label":"경기도(교육감)","manager":"","property_class":"","land_category":"대","area_sqm":1342.0,"area_band":"1,000~3,000㎡","interest_category":"대","solar_candidate":"검토필요","candidate_reason":"청사·공공건축물·주차장 현황 추가 확인 필요; 면적 1,342㎡","priority_score":53,"source":"경기부동산포털 국공유지조회·연속지적도","source_date":"2026-08-11","installed_solar_match":false}},{"type":"Feature","id":"4180025322108220001","geometry":{"type":"Point","coordinates":[127.0510996,38.0275865]},"properties":{"pnu":"4180025322108220001","municipality_code":"41800","municipality":"연천군","district":"연천군","locality":"전곡읍 은대리","address":"연천군 전곡읍 은대리 822-1","owner_type":"경기도유지","owner_label":"경기도","manager":"건설국 도로정책과","property_class":"행정재산","land_category":"대","area_sqm":1276.0,"area_band":"1,000~3,000㎡","interest_category":"대","solar_candidate":"검토필요","candidate_reason":"청사·공공건축물·주차장 현황 추가 확인 필요; 면적 1,276㎡","priority_score":53,"source":"경기부동산포털 국공유지조회·연속지적도","source_date":"2026-08-11","installed_solar_match":false}},{"type":"Feature","id":"4180025022101860003","geometry":{"type":"Point","coordinates":[127.0736913,38.1094766]},"properties":{"pnu":"4180025022101860003","municipality_code":"41800","municipality":"연천군","district":"연천군","locality":"연천읍 현가리","address":"연천군 연천읍 현가리 186-3","owner_type":"경기도유지","owner_label":"경기도(교육감)","manager":"","property_class":"","land_category":"대","area_sqm":1191.0,"area_band":"1,000~3,000㎡","interest_category":"대","solar_candidate":"검토필요","candidate_reason":"청사·공공건축물·주차장 현황 추가 확인 필요; 면적 1,191㎡","priority_score":53,"source":"경기부동산포털 국공유지조회·연속지적도","source_date":"2026-08-11","installed_solar_match":false}},{"type":"Feature","id":"4180025022101860005","geometry":{"type":"Point","coordinates":[127.0737627,38.109903]},"properties":{"pnu":"4180025022101860005","municipality_code":"41800","municipality":"연천군","district":"연천군","locality":"연천읍 현가리","address":"연천군 연천읍 현가리 186-5","owner_type":"경기도유지","owner_label":"경기도(교육감)","manager":"","property_class":"","land_category":"대","area_sqm":1148.0,"area_band":"1,000~3,000㎡","interest_category":"대","solar_candidate":"검토필요","candidate_reason":"청사·공공건축물·주차장 현황 추가 확인 필요; 면적 1,148㎡","priority_score":53,"source":"경기부동산포털 국공유지조회·연속지적도","source_date":"2026-08-11","installed_solar_match":false}},{"type":"Feature","id":"4180025022100560002","geometry":{"type":"Point","coordinates":[127.0779464,38.1111494]},"properties":{"pnu":"4180025022100560002","municipality_code":"41800","municipality":"연천군","district":"연천군","locality":"연천읍 현가리","address":"연천군 연천읍 현가리 56-2","owner_type":"경기도유지","owner_label":"경기도","manager":"건설국 하천과","property_class":"행정재산","land_category":"대","area_sqm":1144.0,"area_band":"1,000~3,000㎡","interest_category":"대","solar_candidate":"검토필요","candidate_reason":"청사·공공건축물·주차장 현황 추가 확인 필요; 면적 1,144㎡","priority_score":53,"source":"경기부동산포털 국공유지조회·연속지적도","source_date":"2026-08-11","installed_solar_match":false}},{"type":"Feature","id":"4180025025103750011","geometry":{"type":"Point","coordinates":[127.082394,38.100656]},"properties":{"pnu":"4180025025103750011","municipality_code":"41800","municipality":"연천군","district":"연천군","locality":"연천읍 옥산리","address":"연천군 연천읍 옥산리 375-11","owner_type":"경기도유지","owner_label":"경기도","manager":"건설국 하천과","property_class":"행정재산","land_category":"대","area_sqm":1119.0,"area_band":"1,000~3,000㎡","interest_category":"대","solar_candidate":"검토필요","candidate_reason":"청사·공공건축물·주차장 현황 추가 확인 필요; 면적 1,119㎡","priority_score":53,"source":"경기부동산포털 국공유지조회·연속지적도","source_date":"2026-08-11","installed_solar_match":false}},{"type":"Feature","id":"4180025022101860004","geometry":{"type":"Point","coordinates":[127.0733626,38.1093791]},"properties":{"pnu":"4180025022101860004","municipality_code":"41800","municipality":"연천군","district":"연천군","locality":"연천읍 현가리","address":"연천군 연천읍 현가리 186-4","owner_type":"경기도유지","owner_label":"경기도(교육감)","manager":"","property_class":"","land_category":"대","area_sqm":1101.0,"area_band":"1,000~3,000㎡","interest_category":"대","solar_candidate":"검토필요","candidate_reason":"청사·공공건축물·주차장 현황 추가 확인 필요; 면적 1,101㎡","priority_score":53,"source":"경기부동산포털 국공유지조회·연속지적도","source_date":"2026-08-11","installed_solar_match":false}},{"type":"Feature","id":"4180025029102600001","geometry":{"type":"Point","coordinates":[127.1123827,38.0650057]},"properties":{"pnu":"4180025029102600001","municipality_code":"41800","municipality":"연천군","district":"연천군","locality":"연천읍 고문리","address":"연천군 연천읍 고문리 260-1","owner_type":"경기도유지","owner_label":"경기도(교육감)","manager":"","property_class":"","land_category":"대","area_sqm":1091.0,"area_band":"1,000~3,000㎡","interest_category":"대","solar_candidate":"검토필요","candidate_reason":"청사·공공건축물·주차장 현황 추가 확인 필요; 면적 1,091㎡","priority_score":53,"source":"경기부동산포털 국공유지조회·연속지적도","source_date":"2026-08-11","installed_solar_match":false}},{"type":"Feature","id":"4180033025106550003","geometry":{"type":"Point","coordinates":[126.9205535,37.9944054]},"properties":{"pnu":"4180033025106550003","municipality_code":"41800","municipality":"연천군","district":"연천군","locality":"백학면 노곡리","address":"연천군 백학면 노곡리 655-3","owner_type":"경기도유지","owner_label":"경기도","manager":"건설국 도로정책과","property_class":"행정재산","land_category":"공장용지","area_sqm":1567.0,"area_band":"1,000~3,000㎡","interest_category":"공장용지","solar_candidate":"검토필요","candidate_reason":"지목·면적 기준 1차 검토 대상; 면적 1,567㎡","priority_score":50,"source":"경기부동산포털 국공유지조회·연속지적도","source_date":"2026-08-11","installed_solar_match":false}},{"type":"Feature","id":"4180038021102130001","geometry":{"type":"Point","coordinates":[126.8735346,38.011761]},"properties":{"pnu":"4180038021102130001","municipality_code":"41800","municipality":"연천군","district":"연천군","locality":"장남면 원당리","address":"연천군 장남면 원당리 213-1","owner_type":"경기도유지","owner_label":"경기도","manager":"건설국 하천과","property_class":"행정재산","land_category":"잡종지","area_sqm":498.0,"area_band":"100~500㎡","interest_category":"잡종지","solar_candidate":"검토필요","candidate_reason":"실제 이용·점유 여부 확인 후 검토할 잡종지; 면적 498㎡","priority_score":50,"source":"경기부동산포털 국공유지조회·연속지적도","source_date":"2026-08-11","installed_solar_match":false}},{"type":"Feature","id":"4180038021101480001","geometry":{"type":"Point","coordinates":[126.8749897,38.0143316]},"properties":{"pnu":"4180038021101480001","municipality_code":"41800","municipality":"연천군","district":"연천군","locality":"장남면 원당리","address":"연천군 장남면 원당리 148-1","owner_type":"경기도유지","owner_label":"경기도","manager":"건설국 하천과","property_class":"행정재산","land_category":"잡종지","area_sqm":493.0,"area_band":"100~500㎡","interest_category":"잡종지","solar_candidate":"검토필요","candidate_reason":"실제 이용·점유 여부 확인 후 검토할 잡종지; 면적 493㎡","priority_score":50,"source":"경기부동산포털 국공유지조회·연속지적도","source_date":"2026-08-11","installed_solar_match":false}},{"type":"Feature","id":"4180038021102120001","geometry":{"type":"Point","coordinates":[126.874089,38.0120612]},"properties":{"pnu":"4180038021102120001","municipality_code":"41800","municipality":"연천군","district":"연천군","locality":"장남면 원당리","address":"연천군 장남면 원당리 212-1","owner_type":"경기도유지","owner_label":"경기도","manager":"건설국 하천과","property_class":"행정재산","land_category":"잡종지","area_sqm":485.0,"area_band":"100~500㎡","interest_category":"잡종지","solar_candidate":"검토필요","candidate_reason":"실제 이용·점유 여부 확인 후 검토할 잡종지; 면적 485㎡","priority_score":50,"source":"경기부동산포털 국공유지조회·연속지적도","source_date":"2026-08-11","installed_solar_match":false}},{"type":"Feature","id":"4180033046104060003","geometry":{"type":"Point","coordinates":[126.9293841,38.0504347]},"properties":{"pnu":"4180033046104060003","municipality_code":"41800","municipality":"연천군","district":"연천군","locality":"백학면 석장리","address":"연천군 백학면 석장리 406-3","owner_type":"경기도유지","owner_label":"경기도","manager":"","property_class":"","land_category":"잡종지","area_sqm":482.0,"area_band":"100~500㎡","interest_category":"잡종지","solar_candidate":"검토필요","candidate_reason":"실제 이용·점유 여부 확인 후 검토할 잡종지; 면적 482㎡","priority_score":50,"source":"경기부동산포털 국공유지조회·연속지적도","source_date":"2026-08-11","installed_solar_match":false}},{"type":"Feature","id":"4180025025104760008","geometry":{"type":"Point","coordinates":[127.0780312,38.1125824]},"properties":{"pnu":"4180025025104760008","municipality_code":"41800","municipality":"연천군","district":"연천군","locality":"연천읍 옥산리","address":"연천군 연천읍 옥산리 476-8","owner_type":"경기도유지","owner_label":"경기도","manager":"건설국 하천과","property_class":"행정재산","land_category":"잡종지","area_sqm":478.0,"area_band":"100~500㎡","interest_category":"잡종지","solar_candidate":"검토필요","candidate_reason":"실제 이용·점유 여부 확인 후 검토할 잡종지; 면적 478㎡","priority_score":50,"source":"경기부동산포털 국공유지조회·연속지적도","source_date":"2026-08-11","installed_solar_match":false}},{"type":"Feature","id":"4180033024102820001","geometry":{"type":"Point","coordinates":[126.8919564,38.0058252]},"properties":{"pnu":"4180033024102820001","municipality_code":"41800","municipality":"연천군","district":"연천군","locality":"백학면 전동리","address":"연천군 백학면 전동리 282-1","owner_type":"경기도유지","owner_label":"경기도","manager":"건설국 도로정책과","property_class":"행정재산","land_category":"잡종지","area_sqm":471.0,"area_band":"100~500㎡","interest_category":"잡종지","solar_candidate":"검토필요","candidate_reason":"실제 이용·점유 여부 확인 후 검토할 잡종지; 면적 471㎡","priority_score":50,"source":"경기부동산포털 국공유지조회·연속지적도","source_date":"2026-08-11","installed_solar_match":false}},{"type":"Feature","id":"4180033022101630001","geometry":{"type":"Point","coordinates":[126.9074276,38.0407867]},"properties":{"pnu":"4180033022101630001","municipality_code":"41800","municipality":"연천군","district":"연천군","locality":"백학면 백령리","address":"연천군 백학면 백령리 163-1","owner_type":"경기도유지","owner_label":"경기도","manager":"건설국 하천과","property_class":"행정재산","land_category":"잡종지","area_sqm":469.0,"area_band":"100~500㎡","interest_category":"잡종지","solar_candidate":"검토필요","candidate_reason":"실제 이용·점유 여부 확인 후 검토할 잡종지; 면적 469㎡","priority_score":50,"source":"경기부동산포털 국공유지조회·연속지적도","source_date":"2026-08-11","installed_solar_match":false}},{"type":"Feature","id":"4180038021102130002","geometry":{"type":"Point","coordinates":[126.8720934,38.0109994]},"properties":{"pnu":"4180038021102130002","municipality_code":"41800","municipality":"연천군","district":"연천군","locality":"장남면 원당리","address":"연천군 장남면 원당리 213-2","owner_type":"경기도유지","owner_label":"경기도","manager":"건설국 하천과","property_class":"행정재산","land_category":"잡종지","area_sqm":465.0,"area_band":"100~500㎡","interest_category":"잡종지","solar_candidate":"검토필요","candidate_reason":"실제 이용·점유 여부 확인 후 검토할 잡종지; 면적 465㎡","priority_score":50,"source":"경기부동산포털 국공유지조회·연속지적도","source_date":"2026-08-11","installed_solar_match":false}},{"type":"Feature","id":"4180035025105300001","geometry":{"type":"Point","coordinates":[126.9695398,38.0879658]},"properties":{"pnu":"4180035025105300001","municipality_code":"41800","municipality":"연천군","district":"연천군","locality":"왕징면 강서리","address":"연천군 왕징면 강서리 530-1","owner_type":"경기도유지","owner_label":"경기도","manager":"건설국 도로정책과","property_class":"행정재산","land_category":"잡종지","area_sqm":460.0,"area_band":"100~500㎡","interest_category":"잡종지","solar_candidate":"검토필요","candidate_reason":"실제 이용·점유 여부 확인 후 검토할 잡종지; 면적 460㎡","priority_score":50,"source":"경기부동산포털 국공유지조회·연속지적도","source_date":"2026-08-11","installed_solar_match":false}},{"type":"Feature","id":"4180032021101480001","geometry":{"type":"Point","coordinates":[127.0757486,37.9947304]},"properties":{"pnu":"4180032021101480001","municipality_code":"41800","municipality":"연천군","district":"연천군","locality":"청산면 초성리","address":"연천군 청산면 초성리 148-1","owner_type":"경기도유지","owner_label":"경기도","manager":"건설국 하천과","property_class":"행정재산","land_category":"잡종지","area_sqm":451.0,"area_band":"100~500㎡","interest_category":"잡종지","solar_candidate":"검토필요","candidate_reason":"실제 이용·점유 여부 확인 후 검토할 잡종지; 면적 451㎡","priority_score":50,"source":"경기부동산포털 국공유지조회·연속지적도","source_date":"2026-08-11","installed_solar_match":false}},{"type":"Feature","id":"4180036022110490001","geometry":{"type":"Point","coordinates":[127.08575,38.1809335]},"properties":{"pnu":"4180036022110490001","municipality_code":"41800","municipality":"연천군","district":"연천군","locality":"신서면 도신리","address":"연천군 신서면 도신리 1049-1","owner_type":"경기도유지","owner_label":"경기도","manager":"건설국 하천과","property_class":"행정재산","land_category":"잡종지","area_sqm":436.0,"area_band":"100~500㎡","interest_category":"잡종지","solar_candidate":"검토필요","candidate_reason":"실제 이용·점유 여부 확인 후 검토할 잡종지; 면적 436㎡","priority_score":50,"source":"경기부동산포털 국공유지조회·연속지적도","source_date":"2026-08-11","installed_solar_match":false}},{"type":"Feature","id":"4180035025107900002","geometry":{"type":"Point","coordinates":[126.9500299,38.0908365]},"properties":{"pnu":"4180035025107900002","municipality_code":"41800","municipality":"연천군","district":"연천군","locality":"왕징면 강서리","address":"연천군 왕징면 강서리 790-2","owner_type":"경기도유지","owner_label":"경기도","manager":"건설국 하천과","property_class":"행정재산","land_category":"잡종지","area_sqm":435.0,"area_band":"100~500㎡","interest_category":"잡종지","solar_candidate":"검토필요","candidate_reason":"실제 이용·점유 여부 확인 후 검토할 잡종지; 면적 435㎡","priority_score":50,"source":"경기부동산포털 국공유지조회·연속지적도","source_date":"2026-08-11","installed_solar_match":false}},{"type":"Feature","id":"4180035025107940008","geometry":{"type":"Point","coordinates":[126.9506632,38.0910519]},"properties":{"pnu":"4180035025107940008","municipality_code":"41800","municipality":"연천군","district":"연천군","locality":"왕징면 강서리","address":"연천군 왕징면 강서리 794-8","owner_type":"경기도유지","owner_label":"경기도","manager":"건설국 하천과","property_class":"행정재산","land_category":"잡종지","area_sqm":422.0,"area_band":"100~500㎡","interest_category":"잡종지","solar_candidate":"검토필요","candidate_reason":"실제 이용·점유 여부 확인 후 검토할 잡종지; 면적 422㎡","priority_score":50,"source":"경기부동산포털 국공유지조회·연속지적도","source_date":"2026-08-11","installed_solar_match":false}},{"type":"Feature","id":"4180036022110480004","geometry":{"type":"Point","coordinates":[127.0866466,38.1807165]},"properties":{"pnu":"4180036022110480004","municipality_code":"41800","municipality":"연천군","district":"연천군","locality":"신서면 도신리","address":"연천군 신서면 도신리 1048-4","owner_type":"경기도유지","owner_label":"경기도","manager":"건설국 하천과","property_class":"행정재산","land_category":"잡종지","area_sqm":409.0,"area_band":"100~500㎡","interest_category":"잡종지","solar_candidate":"검토필요","candidate_reason":"실제 이용·점유 여부 확인 후 검토할 잡종지; 면적 409㎡","priority_score":50,"source":"경기부동산포털 국공유지조회·연속지적도","source_date":"2026-08-11","installed_solar_match":false}},{"type":"Feature","id":"4180035025108060000","geometry":{"type":"Point","coordinates":[126.9521468,38.0933364]},"properties":{"pnu":"4180035025108060000","municipality_code":"41800","municipality":"연천군","district":"연천군","locality":"왕징면 강서리","address":"연천군 왕징면 강서리 806","owner_type":"경기도유지","owner_label":"경기도(교육감)","manager":"","property_class":"","land_category":"잡종지","area_sqm":393.0,"area_band":"100~500㎡","interest_category":"잡종지","solar_candidate":"검토필요","candidate_reason":"실제 이용·점유 여부 확인 후 검토할 잡종지; 면적 393㎡","priority_score":50,"source":"경기부동산포털 국공유지조회·연속지적도","source_date":"2026-08-11","installed_solar_match":false}},{"type":"Feature","id":"4180034028100940001","geometry":{"type":"Point","coordinates":[126.9780853,38.0185875]},"properties":{"pnu":"4180034028100940001","municipality_code":"41800","municipality":"연천군","district":"연천군","locality":"미산면 삼화리","address":"연천군 미산면 삼화리 94-1","owner_type":"경기도유지","owner_label":"경기도","manager":"건설국 도로정책과","property_class":"행정재산","land_category":"잡종지","area_sqm":391.0,"area_band":"100~500㎡","interest_category":"잡종지","solar_candidate":"검토필요","candidate_reason":"실제 이용·점유 여부 확인 후 검토할 잡종지; 면적 391㎡","priority_score":50,"source":"경기부동산포털 국공유지조회·연속지적도","source_date":"2026-08-11","installed_solar_match":false}},{"type":"Feature","id":"4180033046104090002","geometry":{"type":"Point","coordinates":[126.9292971,38.0512192]},"properties":{"pnu":"4180033046104090002","municipality_code":"41800","municipality":"연천군","district":"연천군","locality":"백학면 석장리","address":"연천군 백학면 석장리 409-2","owner_type":"경기도유지","owner_label":"경기도","manager":"","property_class":"","land_category":"잡종지","area_sqm":389.0,"area_band":"100~500㎡","interest_category":"잡종지","solar_candidate":"검토필요","candidate_reason":"실제 이용·점유 여부 확인 후 검토할 잡종지; 면적 389㎡","priority_score":50,"source":"경기부동산포털 국공유지조회·연속지적도","source_date":"2026-08-11","installed_solar_match":false}},{"type":"Feature","id":"4180035025107910002","geometry":{"type":"Point","coordinates":[126.949598,38.0907141]},"properties":{"pnu":"4180035025107910002","municipality_code":"41800","municipality":"연천군","district":"연천군","locality":"왕징면 강서리","address":"연천군 왕징면 강서리 791-2","owner_type":"경기도유지","owner_label":"경기도","manager":"건설국 하천과","property_class":"행정재산","land_category":"잡종지","area_sqm":389.0,"area_band":"100~500㎡","interest_category":"잡종지","solar_candidate":"검토필요","candidate_reason":"실제 이용·점유 여부 확인 후 검토할 잡종지; 면적 389㎡","priority_score":50,"source":"경기부동산포털 국공유지조회·연속지적도","source_date":"2026-08-11","installed_solar_match":false}},{"type":"Feature","id":"4180037026109110001","geometry":{"type":"Point","coordinates":[127.0312845,38.1413374]},"properties":{"pnu":"4180037026109110001","municipality_code":"41800","municipality":"연천군","district":"연천군","locality":"중면 합수리","address":"연천군 중면 합수리 911-1","owner_type":"경기도유지","owner_label":"경기도","manager":"건설국 하천과","property_class":"행정재산","land_category":"잡종지","area_sqm":387.0,"area_band":"100~500㎡","interest_category":"잡종지","solar_candidate":"검토필요","candidate_reason":"실제 이용·점유 여부 확인 후 검토할 잡종지; 면적 387㎡","priority_score":50,"source":"경기부동산포털 국공유지조회·연속지적도","source_date":"2026-08-11","installed_solar_match":false}},{"type":"Feature","id":"4180036022110480008","geometry":{"type":"Point","coordinates":[127.0862785,38.1808024]},"properties":{"pnu":"4180036022110480008","municipality_code":"41800","municipality":"연천군","district":"연천군","locality":"신서면 도신리","address":"연천군 신서면 도신리 1048-8","owner_type":"경기도유지","owner_label":"경기도","manager":"건설국 하천과","property_class":"행정재산","land_category":"잡종지","area_sqm":386.0,"area_band":"100~500㎡","interest_category":"잡종지","solar_candidate":"검토필요","candidate_reason":"실제 이용·점유 여부 확인 후 검토할 잡종지; 면적 386㎡","priority_score":50,"source":"경기부동산포털 국공유지조회·연속지적도","source_date":"2026-08-11","installed_solar_match":false}},{"type":"Feature","id":"4180033046104070001","geometry":{"type":"Point","coordinates":[126.9292265,38.0507693]},"properties":{"pnu":"4180033046104070001","municipality_code":"41800","municipality":"연천군","district":"연천군","locality":"백학면 석장리","address":"연천군 백학면 석장리 407-1","owner_type":"경기도유지","owner_label":"경기도","manager":"","property_class":"","land_category":"잡종지","area_sqm":382.0,"area_band":"100~500㎡","interest_category":"잡종지","solar_candidate":"검토필요","candidate_reason":"실제 이용·점유 여부 확인 후 검토할 잡종지; 면적 382㎡","priority_score":50,"source":"경기부동산포털 국공유지조회·연속지적도","source_date":"2026-08-11","installed_solar_match":false}},{"type":"Feature","id":"4180038021101570001","geometry":{"type":"Point","coordinates":[126.8729979,38.0153696]},"properties":{"pnu":"4180038021101570001","municipality_code":"41800","municipality":"연천군","district":"연천군","locality":"장남면 원당리","address":"연천군 장남면 원당리 157-1","owner_type":"경기도유지","owner_label":"경기도","manager":"건설국 하천과","property_class":"행정재산","land_category":"잡종지","area_sqm":371.0,"area_band":"100~500㎡","interest_category":"잡종지","solar_candidate":"검토필요","candidate_reason":"실제 이용·점유 여부 확인 후 검토할 잡종지; 면적 371㎡","priority_score":50,"source":"경기부동산포털 국공유지조회·연속지적도","source_date":"2026-08-11","installed_solar_match":false}},{"type":"Feature","id":"4180025029102420002","geometry":{"type":"Point","coordinates":[127.1165944,38.0647401]},"properties":{"pnu":"4180025029102420002","municipality_code":"41800","municipality":"연천군","district":"연천군","locality":"연천읍 고문리","address":"연천군 연천읍 고문리 242-2","owner_type":"경기도유지","owner_label":"경기도","manager":"건설국 도로정책과","property_class":"행정재산","land_category":"잡종지","area_sqm":367.0,"area_band":"100~500㎡","interest_category":"잡종지","solar_candidate":"검토필요","candidate_reason":"실제 이용·점유 여부 확인 후 검토할 잡종지; 면적 367㎡","priority_score":50,"source":"경기부동산포털 국공유지조회·연속지적도","source_date":"2026-08-11","installed_solar_match":false}},{"type":"Feature","id":"4180036022110480007","geometry":{"type":"Point","coordinates":[127.0866446,38.1805153]},"properties":{"pnu":"4180036022110480007","municipality_code":"41800","municipality":"연천군","district":"연천군","locality":"신서면 도신리","address":"연천군 신서면 도신리 1048-7","owner_type":"경기도유지","owner_label":"경기도","manager":"건설국 하천과","property_class":"행정재산","land_category":"잡종지","area_sqm":364.0,"area_band":"100~500㎡","interest_category":"잡종지","solar_candidate":"검토필요","candidate_reason":"실제 이용·점유 여부 확인 후 검토할 잡종지; 면적 364㎡","priority_score":50,"source":"경기부동산포털 국공유지조회·연속지적도","source_date":"2026-08-11","installed_solar_match":false}},{"type":"Feature","id":"4180031027102140002","geometry":{"type":"Point","coordinates":[127.0330001,38.0313587]},"properties":{"pnu":"4180031027102140002","municipality_code":"41800","municipality":"연천군","district":"연천군","locality":"군남면 남계리","address":"연천군 군남면 남계리 214-2","owner_type":"경기도유지","owner_label":"경기도","manager":"건설국 도로정책과","property_class":"행정재산","land_category":"잡종지","area_sqm":360.0,"area_band":"100~500㎡","interest_category":"잡종지","solar_candidate":"검토필요","candidate_reason":"실제 이용·점유 여부 확인 후 검토할 잡종지; 면적 360㎡","priority_score":50,"source":"경기부동산포털 국공유지조회·연속지적도","source_date":"2026-08-11","installed_solar_match":false}},{"type":"Feature","id":"4180037026108810001","geometry":{"type":"Point","coordinates":[127.0294599,38.1430684]},"properties":{"pnu":"4180037026108810001","municipality_code":"41800","municipality":"연천군","district":"연천군","locality":"중면 합수리","address":"연천군 중면 합수리 881-1","owner_type":"경기도유지","owner_label":"경기도","manager":"건설국 하천과","property_class":"행정재산","land_category":"잡종지","area_sqm":358.0,"area_band":"100~500㎡","interest_category":"잡종지","solar_candidate":"검토필요","candidate_reason":"실제 이용·점유 여부 확인 후 검토할 잡종지; 면적 358㎡","priority_score":50,"source":"경기부동산포털 국공유지조회·연속지적도","source_date":"2026-08-11","installed_solar_match":false}},{"type":"Feature","id":"4180033046104060004","geometry":{"type":"Point","coordinates":[126.9294985,38.0504263]},"properties":{"pnu":"4180033046104060004","municipality_code":"41800","municipality":"연천군","district":"연천군","locality":"백학면 석장리","address":"연천군 백학면 석장리 406-4","owner_type":"경기도유지","owner_label":"경기도","manager":"","property_class":"","land_category":"잡종지","area_sqm":353.0,"area_band":"100~500㎡","interest_category":"잡종지","solar_candidate":"검토필요","candidate_reason":"실제 이용·점유 여부 확인 후 검토할 잡종지; 면적 353㎡","priority_score":50,"source":"경기부동산포털 국공유지조회·연속지적도","source_date":"2026-08-11","installed_solar_match":false}},{"type":"Feature","id":"4180036022110480009","geometry":{"type":"Point","coordinates":[127.0858291,38.180697]},"properties":{"pnu":"4180036022110480009","municipality_code":"41800","municipality":"연천군","district":"연천군","locality":"신서면 도신리","address":"연천군 신서면 도신리 1048-9","owner_type":"경기도유지","owner_label":"경기도","manager":"건설국 하천과","property_class":"행정재산","land_category":"잡종지","area_sqm":352.0,"area_band":"100~500㎡","interest_category":"잡종지","solar_candidate":"검토필요","candidate_reason":"실제 이용·점유 여부 확인 후 검토할 잡종지; 면적 352㎡","priority_score":50,"source":"경기부동산포털 국공유지조회·연속지적도","source_date":"2026-08-11","installed_solar_match":false}},{"type":"Feature","id":"4180036022101820022","geometry":{"type":"Point","coordinates":[127.0983252,38.174452]},"properties":{"pnu":"4180036022101820022","municipality_code":"41800","municipality":"연천군","district":"연천군","locality":"신서면 도신리","address":"연천군 신서면 도신리 182-22","owner_type":"경기도유지","owner_label":"경기도","manager":"건설국 하천과","property_class":"행정재산","land_category":"잡종지","area_sqm":351.0,"area_band":"100~500㎡","interest_category":"잡종지","solar_candidate":"검토필요","candidate_reason":"실제 이용·점유 여부 확인 후 검토할 잡종지; 면적 351㎡","priority_score":50,"source":"경기부동산포털 국공유지조회·연속지적도","source_date":"2026-08-11","installed_solar_match":false}},{"type":"Feature","id":"4180032021103900001","geometry":{"type":"Point","coordinates":[127.072773,37.9879594]},"properties":{"pnu":"4180032021103900001","municipality_code":"41800","municipality":"연천군","district":"연천군","locality":"청산면 초성리","address":"연천군 청산면 초성리 390-1","owner_type":"경기도유지","owner_label":"경기도","manager":"건설국 하천과","property_class":"행정재산","land_category":"잡종지","area_sqm":342.0,"area_band":"100~500㎡","interest_category":"잡종지","solar_candidate":"검토필요","candidate_reason":"실제 이용·점유 여부 확인 후 검토할 잡종지; 면적 342㎡","priority_score":50,"source":"경기부동산포털 국공유지조회·연속지적도","source_date":"2026-08-11","installed_solar_match":false}},{"type":"Feature","id":"4180033046104610003","geometry":{"type":"Point","coordinates":[126.9281821,38.0475157]},"properties":{"pnu":"4180033046104610003","municipality_code":"41800","municipality":"연천군","district":"연천군","locality":"백학면 석장리","address":"연천군 백학면 석장리 461-3","owner_type":"경기도유지","owner_label":"경기도","manager":"","property_class":"","land_category":"잡종지","area_sqm":339.0,"area_band":"100~500㎡","interest_category":"잡종지","solar_candidate":"검토필요","candidate_reason":"실제 이용·점유 여부 확인 후 검토할 잡종지; 면적 339㎡","priority_score":50,"source":"경기부동산포털 국공유지조회·연속지적도","source_date":"2026-08-11","installed_solar_match":false}},{"type":"Feature","id":"4180033024105160001","geometry":{"type":"Point","coordinates":[126.8750021,38.0100508]},"properties":{"pnu":"4180033024105160001","municipality_code":"41800","municipality":"연천군","district":"연천군","locality":"백학면 전동리","address":"연천군 백학면 전동리 516-1","owner_type":"경기도유지","owner_label":"경기도","manager":"건설국 하천과","property_class":"행정재산","land_category":"잡종지","area_sqm":338.0,"area_band":"100~500㎡","interest_category":"잡종지","solar_candidate":"검토필요","candidate_reason":"실제 이용·점유 여부 확인 후 검토할 잡종지; 면적 338㎡","priority_score":50,"source":"경기부동산포털 국공유지조회·연속지적도","source_date":"2026-08-11","installed_solar_match":false}},{"type":"Feature","id":"4180037026108980000","geometry":{"type":"Point","coordinates":[127.0323897,38.1426517]},"properties":{"pnu":"4180037026108980000","municipality_code":"41800","municipality":"연천군","district":"연천군","locality":"중면 합수리","address":"연천군 중면 합수리 898","owner_type":"경기도유지","owner_label":"경기도","manager":"건설국 하천과","property_class":"행정재산","land_category":"잡종지","area_sqm":332.0,"area_band":"100~500㎡","interest_category":"잡종지","solar_candidate":"검토필요","candidate_reason":"실제 이용·점유 여부 확인 후 검토할 잡종지; 면적 332㎡","priority_score":50,"source":"경기부동산포털 국공유지조회·연속지적도","source_date":"2026-08-11","installed_solar_match":false}},{"type":"Feature","id":"4180036022110480006","geometry":{"type":"Point","coordinates":[127.0860084,38.1807422]},"properties":{"pnu":"4180036022110480006","municipality_code":"41800","municipality":"연천군","district":"연천군","locality":"신서면 도신리","address":"연천군 신서면 도신리 1048-6","owner_type":"경기도유지","owner_label":"경기도","manager":"건설국 하천과","property_class":"행정재산","land_category":"잡종지","area_sqm":316.0,"area_band":"100~500㎡","interest_category":"잡종지","solar_candidate":"검토필요","candidate_reason":"실제 이용·점유 여부 확인 후 검토할 잡종지; 면적 316㎡","priority_score":50,"source":"경기부동산포털 국공유지조회·연속지적도","source_date":"2026-08-11","installed_solar_match":false}},{"type":"Feature","id":"4180032021104100003","geometry":{"type":"Point","coordinates":[127.0706635,37.9853474]},"properties":{"pnu":"4180032021104100003","municipality_code":"41800","municipality":"연천군","district":"연천군","locality":"청산면 초성리","address":"연천군 청산면 초성리 410-3","owner_type":"경기도유지","owner_label":"경기도","manager":"건설국 하천과","property_class":"행정재산","land_category":"잡종지","area_sqm":301.0,"area_band":"100~500㎡","interest_category":"잡종지","solar_candidate":"검토필요","candidate_reason":"실제 이용·점유 여부 확인 후 검토할 잡종지; 면적 301㎡","priority_score":50,"source":"경기부동산포털 국공유지조회·연속지적도","source_date":"2026-08-11","installed_solar_match":false}},{"type":"Feature","id":"4180025321102410007","geometry":{"type":"Point","coordinates":[127.0741209,38.0177994]},"properties":{"pnu":"4180025321102410007","municipality_code":"41800","municipality":"연천군","district":"연천군","locality":"전곡읍 전곡리","address":"연천군 전곡읍 전곡리 241-7","owner_type":"경기도유지","owner_label":"경기도(교육감)","manager":"","property_class":"","land_category":"잡종지","area_sqm":291.0,"area_band":"100~500㎡","interest_category":"잡종지","solar_candidate":"검토필요","candidate_reason":"실제 이용·점유 여부 확인 후 검토할 잡종지; 면적 291㎡","priority_score":50,"source":"경기부동산포털 국공유지조회·연속지적도","source_date":"2026-08-11","installed_solar_match":false}},{"type":"Feature","id":"4180036022110500001","geometry":{"type":"Point","coordinates":[127.0852609,38.1809564]},"properties":{"pnu":"4180036022110500001","municipality_code":"41800","municipality":"연천군","district":"연천군","locality":"신서면 도신리","address":"연천군 신서면 도신리 1050-1","owner_type":"경기도유지","owner_label":"경기도","manager":"건설국 하천과","property_class":"행정재산","land_category":"잡종지","area_sqm":288.0,"area_band":"100~500㎡","interest_category":"잡종지","solar_candidate":"검토필요","candidate_reason":"실제 이용·점유 여부 확인 후 검토할 잡종지; 면적 288㎡","priority_score":50,"source":"경기부동산포털 국공유지조회·연속지적도","source_date":"2026-08-11","installed_solar_match":false}},{"type":"Feature","id":"4180032025100720005","geometry":{"type":"Point","coordinates":[127.1374977,38.0248403]},"properties":{"pnu":"4180032025100720005","municipality_code":"41800","municipality":"연천군","district":"연천군","locality":"청산면 백의리","address":"연천군 청산면 백의리 72-5","owner_type":"경기도유지","owner_label":"경기도","manager":"건설국 하천과","property_class":"행정재산","land_category":"잡종지","area_sqm":283.0,"area_band":"100~500㎡","interest_category":"잡종지","solar_candidate":"검토필요","candidate_reason":"실제 이용·점유 여부 확인 후 검토할 잡종지; 면적 283㎡","priority_score":50,"source":"경기부동산포털 국공유지조회·연속지적도","source_date":"2026-08-11","installed_solar_match":false}},{"type":"Feature","id":"4180035025107930002","geometry":{"type":"Point","coordinates":[126.9504344,38.0909733]},"properties":{"pnu":"4180035025107930002","municipality_code":"41800","municipality":"연천군","district":"연천군","locality":"왕징면 강서리","address":"연천군 왕징면 강서리 793-2","owner_type":"경기도유지","owner_label":"경기도","manager":"건설국 하천과","property_class":"행정재산","land_category":"잡종지","area_sqm":281.0,"area_band":"100~500㎡","interest_category":"잡종지","solar_candidate":"검토필요","candidate_reason":"실제 이용·점유 여부 확인 후 검토할 잡종지; 면적 281㎡","priority_score":50,"source":"경기부동산포털 국공유지조회·연속지적도","source_date":"2026-08-11","installed_solar_match":false}},{"type":"Feature","id":"4180036022110510001","geometry":{"type":"Point","coordinates":[127.0839959,38.1809899]},"properties":{"pnu":"4180036022110510001","municipality_code":"41800","municipality":"연천군","district":"연천군","locality":"신서면 도신리","address":"연천군 신서면 도신리 1051-1","owner_type":"경기도유지","owner_label":"경기도","manager":"건설국 하천과","property_class":"행정재산","land_category":"잡종지","area_sqm":279.0,"area_band":"100~500㎡","interest_category":"잡종지","solar_candidate":"검토필요","candidate_reason":"실제 이용·점유 여부 확인 후 검토할 잡종지; 면적 279㎡","priority_score":50,"source":"경기부동산포털 국공유지조회·연속지적도","source_date":"2026-08-11","installed_solar_match":false}},{"type":"Feature","id":"4180038021102430000","geometry":{"type":"Point","coordinates":[126.8731343,38.0053788]},"properties":{"pnu":"4180038021102430000","municipality_code":"41800","municipality":"연천군","district":"연천군","locality":"장남면 원당리","address":"연천군 장남면 원당리 243","owner_type":"경기도유지","owner_label":"경기도","manager":"건설국 하천과","property_class":"행정재산","land_category":"잡종지","area_sqm":276.0,"area_band":"100~500㎡","interest_category":"잡종지","solar_candidate":"검토필요","candidate_reason":"실제 이용·점유 여부 확인 후 검토할 잡종지; 면적 276㎡","priority_score":50,"source":"경기부동산포털 국공유지조회·연속지적도","source_date":"2026-08-11","installed_solar_match":false}},{"type":"Feature","id":"4180038021101350001","geometry":{"type":"Point","coordinates":[126.8744422,38.0166968]},"properties":{"pnu":"4180038021101350001","municipality_code":"41800","municipality":"연천군","district":"연천군","locality":"장남면 원당리","address":"연천군 장남면 원당리 135-1","owner_type":"경기도유지","owner_label":"경기도","manager":"건설국 하천과","property_class":"행정재산","land_category":"잡종지","area_sqm":272.0,"area_band":"100~500㎡","interest_category":"잡종지","solar_candidate":"검토필요","candidate_reason":"실제 이용·점유 여부 확인 후 검토할 잡종지; 면적 272㎡","priority_score":50,"source":"경기부동산포털 국공유지조회·연속지적도","source_date":"2026-08-11","installed_solar_match":false}},{"type":"Feature","id":"4180031027102140008","geometry":{"type":"Point","coordinates":[127.0329895,38.0314103]},"properties":{"pnu":"4180031027102140008","municipality_code":"41800","municipality":"연천군","district":"연천군","locality":"군남면 남계리","address":"연천군 군남면 남계리 214-8","owner_type":"경기도유지","owner_label":"경기도","manager":"건설국 도로정책과","property_class":"행정재산","land_category":"잡종지","area_sqm":265.0,"area_band":"100~500㎡","interest_category":"잡종지","solar_candidate":"검토필요","candidate_reason":"실제 이용·점유 여부 확인 후 검토할 잡종지; 면적 265㎡","priority_score":50,"source":"경기부동산포털 국공유지조회·연속지적도","source_date":"2026-08-11","installed_solar_match":false}},{"type":"Feature","id":"4180033046104610005","geometry":{"type":"Point","coordinates":[126.9279336,38.0471756]},"properties":{"pnu":"4180033046104610005","municipality_code":"41800","municipality":"연천군","district":"연천군","locality":"백학면 석장리","address":"연천군 백학면 석장리 461-5","owner_type":"경기도유지","owner_label":"경기도","manager":"","property_class":"","land_category":"잡종지","area_sqm":258.0,"area_band":"100~500㎡","interest_category":"잡종지","solar_candidate":"검토필요","candidate_reason":"실제 이용·점유 여부 확인 후 검토할 잡종지; 면적 258㎡","priority_score":50,"source":"경기부동산포털 국공유지조회·연속지적도","source_date":"2026-08-11","installed_solar_match":false}},{"type":"Feature","id":"4180038021102430001","geometry":{"type":"Point","coordinates":[126.8733377,38.005325]},"properties":{"pnu":"4180038021102430001","municipality_code":"41800","municipality":"연천군","district":"연천군","locality":"장남면 원당리","address":"연천군 장남면 원당리 243-1","owner_type":"경기도유지","owner_label":"경기도","manager":"건설국 하천과","property_class":"행정재산","land_category":"잡종지","area_sqm":256.0,"area_band":"100~500㎡","interest_category":"잡종지","solar_candidate":"검토필요","candidate_reason":"실제 이용·점유 여부 확인 후 검토할 잡종지; 면적 256㎡","priority_score":50,"source":"경기부동산포털 국공유지조회·연속지적도","source_date":"2026-08-11","installed_solar_match":false}},{"type":"Feature","id":"4180033025106540010","geometry":{"type":"Point","coordinates":[126.9207972,37.9932059]},"properties":{"pnu":"4180033025106540010","municipality_code":"41800","municipality":"연천군","district":"연천군","locality":"백학면 노곡리","address":"연천군 백학면 노곡리 654-10","owner_type":"경기도유지","owner_label":"경기도","manager":"건설국 도로정책과","property_class":"행정재산","land_category":"잡종지","area_sqm":251.0,"area_band":"100~500㎡","interest_category":"잡종지","solar_candidate":"검토필요","candidate_reason":"실제 이용·점유 여부 확인 후 검토할 잡종지; 면적 251㎡","priority_score":50,"source":"경기부동산포털 국공유지조회·연속지적도","source_date":"2026-08-11","installed_solar_match":false}},{"type":"Feature","id":"4180034027107860002","geometry":{"type":"Point","coordinates":[127.0040438,38.0421918]},"properties":{"pnu":"4180034027107860002","municipality_code":"41800","municipality":"연천군","district":"연천군","locality":"미산면 우정리","address":"연천군 미산면 우정리 786-2","owner_type":"경기도유지","owner_label":"경기도","manager":"건설국 도로정책과","property_class":"행정재산","land_category":"잡종지","area_sqm":248.0,"area_band":"100~500㎡","interest_category":"잡종지","solar_candidate":"검토필요","candidate_reason":"실제 이용·점유 여부 확인 후 검토할 잡종지; 면적 248㎡","priority_score":50,"source":"경기부동산포털 국공유지조회·연속지적도","source_date":"2026-08-11","installed_solar_match":false}},{"type":"Feature","id":"4180035025105750000","geometry":{"type":"Point","coordinates":[126.9615585,38.0891962]},"properties":{"pnu":"4180035025105750000","municipality_code":"41800","municipality":"연천군","district":"연천군","locality":"왕징면 강서리","address":"연천군 왕징면 강서리 575","owner_type":"경기도유지","owner_label":"경기도","manager":"건설국 도로정책과","property_class":"행정재산","land_category":"잡종지","area_sqm":245.0,"area_band":"100~500㎡","interest_category":"잡종지","solar_candidate":"검토필요","candidate_reason":"실제 이용·점유 여부 확인 후 검토할 잡종지; 면적 245㎡","priority_score":50,"source":"경기부동산포털 국공유지조회·연속지적도","source_date":"2026-08-11","installed_solar_match":false}},{"type":"Feature","id":"4180037026108050006","geometry":{"type":"Point","coordinates":[127.0343061,38.1438689]},"properties":{"pnu":"4180037026108050006","municipality_code":"41800","municipality":"연천군","district":"연천군","locality":"중면 합수리","address":"연천군 중면 합수리 805-6","owner_type":"경기도유지","owner_label":"경기도","manager":"건설국 하천과","property_class":"행정재산","land_category":"잡종지","area_sqm":242.0,"area_band":"100~500㎡","interest_category":"잡종지","solar_candidate":"검토필요","candidate_reason":"실제 이용·점유 여부 확인 후 검토할 잡종지; 면적 242㎡","priority_score":50,"source":"경기부동산포털 국공유지조회·연속지적도","source_date":"2026-08-11","installed_solar_match":false}},{"type":"Feature","id":"4180032021102290005","geometry":{"type":"Point","coordinates":[127.0754907,37.9969935]},"properties":{"pnu":"4180032021102290005","municipality_code":"41800","municipality":"연천군","district":"연천군","locality":"청산면 초성리","address":"연천군 청산면 초성리 229-5","owner_type":"경기도유지","owner_label":"경기도","manager":"건설국 하천과","property_class":"행정재산","land_category":"잡종지","area_sqm":240.0,"area_band":"100~500㎡","interest_category":"잡종지","solar_candidate":"검토필요","candidate_reason":"실제 이용·점유 여부 확인 후 검토할 잡종지; 면적 240㎡","priority_score":50,"source":"경기부동산포털 국공유지조회·연속지적도","source_date":"2026-08-11","installed_solar_match":false}},{"type":"Feature","id":"4180034028101130007","geometry":{"type":"Point","coordinates":[126.9805574,38.0223872]},"properties":{"pnu":"4180034028101130007","municipality_code":"41800","municipality":"연천군","district":"연천군","locality":"미산면 삼화리","address":"연천군 미산면 삼화리 113-7","owner_type":"경기도유지","owner_label":"경기도","manager":"건설국 도로정책과","property_class":"행정재산","land_category":"잡종지","area_sqm":240.0,"area_band":"100~500㎡","interest_category":"잡종지","solar_candidate":"검토필요","candidate_reason":"실제 이용·점유 여부 확인 후 검토할 잡종지; 면적 240㎡","priority_score":50,"source":"경기부동산포털 국공유지조회·연속지적도","source_date":"2026-08-11","installed_solar_match":false}},{"type":"Feature","id":"4180025322108240011","geometry":{"type":"Point","coordinates":[127.0507793,38.028401]},"properties":{"pnu":"4180025322108240011","municipality_code":"41800","municipality":"연천군","district":"연천군","locality":"전곡읍 은대리","address":"연천군 전곡읍 은대리 824-11","owner_type":"경기도유지","owner_label":"경기도","manager":"건설국 도로정책과","property_class":"행정재산","land_category":"잡종지","area_sqm":238.0,"area_band":"100~500㎡","interest_category":"잡종지","solar_candidate":"검토필요","candidate_reason":"실제 이용·점유 여부 확인 후 검토할 잡종지; 면적 238㎡","priority_score":50,"source":"경기부동산포털 국공유지조회·연속지적도","source_date":"2026-08-11","installed_solar_match":false}},{"type":"Feature","id":"4180035025105820002","geometry":{"type":"Point","coordinates":[126.9635131,38.0888104]},"properties":{"pnu":"4180035025105820002","municipality_code":"41800","municipality":"연천군","district":"연천군","locality":"왕징면 강서리","address":"연천군 왕징면 강서리 582-2","owner_type":"경기도유지","owner_label":"경기도","manager":"건설국 도로정책과","property_class":"행정재산","land_category":"잡종지","area_sqm":238.0,"area_band":"100~500㎡","interest_category":"잡종지","solar_candidate":"검토필요","candidate_reason":"실제 이용·점유 여부 확인 후 검토할 잡종지; 면적 238㎡","priority_score":50,"source":"경기부동산포털 국공유지조회·연속지적도","source_date":"2026-08-11","installed_solar_match":false}},{"type":"Feature","id":"4180032021104110007","geometry":{"type":"Point","coordinates":[127.0717469,37.9860665]},"properties":{"pnu":"4180032021104110007","municipality_code":"41800","municipality":"연천군","district":"연천군","locality":"청산면 초성리","address":"연천군 청산면 초성리 411-7","owner_type":"경기도유지","owner_label":"경기도","manager":"건설국 하천과","property_class":"행정재산","land_category":"잡종지","area_sqm":230.0,"area_band":"100~500㎡","interest_category":"잡종지","solar_candidate":"검토필요","candidate_reason":"실제 이용·점유 여부 확인 후 검토할 잡종지; 면적 230㎡","priority_score":50,"source":"경기부동산포털 국공유지조회·연속지적도","source_date":"2026-08-11","installed_solar_match":false}},{"type":"Feature","id":"4180036022110500002","geometry":{"type":"Point","coordinates":[127.0852827,38.1810231]},"properties":{"pnu":"4180036022110500002","municipality_code":"41800","municipality":"연천군","district":"연천군","locality":"신서면 도신리","address":"연천군 신서면 도신리 1050-2","owner_type":"경기도유지","owner_label":"경기도","manager":"건설국 하천과","property_class":"행정재산","land_category":"잡종지","area_sqm":229.0,"area_band":"100~500㎡","interest_category":"잡종지","solar_candidate":"검토필요","candidate_reason":"실제 이용·점유 여부 확인 후 검토할 잡종지; 면적 229㎡","priority_score":50,"source":"경기부동산포털 국공유지조회·연속지적도","source_date":"2026-08-11","installed_solar_match":false}},{"type":"Feature","id":"4180037026108050007","geometry":{"type":"Point","coordinates":[127.0341028,38.1437283]},"properties":{"pnu":"4180037026108050007","municipality_code":"41800","municipality":"연천군","district":"연천군","locality":"중면 합수리","address":"연천군 중면 합수리 805-7","owner_type":"경기도유지","owner_label":"경기도","manager":"건설국 하천과","property_class":"행정재산","land_category":"잡종지","area_sqm":229.0,"area_band":"100~500㎡","interest_category":"잡종지","solar_candidate":"검토필요","candidate_reason":"실제 이용·점유 여부 확인 후 검토할 잡종지; 면적 229㎡","priority_score":50,"source":"경기부동산포털 국공유지조회·연속지적도","source_date":"2026-08-11","installed_solar_match":false}},{"type":"Feature","id":"4180033021103940006","geometry":{"type":"Point","coordinates":[126.9138371,38.0234707]},"properties":{"pnu":"4180033021103940006","municipality_code":"41800","municipality":"연천군","district":"연천군","locality":"백학면 두일리","address":"연천군 백학면 두일리 394-6","owner_type":"경기도유지","owner_label":"경기도","manager":"건설국 도로정책과","property_class":"행정재산","land_category":"잡종지","area_sqm":227.0,"area_band":"100~500㎡","interest_category":"잡종지","solar_candidate":"검토필요","candidate_reason":"실제 이용·점유 여부 확인 후 검토할 잡종지; 면적 227㎡","priority_score":50,"source":"경기부동산포털 국공유지조회·연속지적도","source_date":"2026-08-11","installed_solar_match":false}},{"type":"Feature","id":"4180034028101230002","geometry":{"type":"Point","coordinates":[126.9774939,38.018125]},"properties":{"pnu":"4180034028101230002","municipality_code":"41800","municipality":"연천군","district":"연천군","locality":"미산면 삼화리","address":"연천군 미산면 삼화리 123-2","owner_type":"경기도유지","owner_label":"경기도","manager":"건설국 도로정책과","property_class":"행정재산","land_category":"잡종지","area_sqm":223.0,"area_band":"100~500㎡","interest_category":"잡종지","solar_candidate":"검토필요","candidate_reason":"실제 이용·점유 여부 확인 후 검토할 잡종지; 면적 223㎡","priority_score":50,"source":"경기부동산포털 국공유지조회·연속지적도","source_date":"2026-08-11","installed_solar_match":false}},{"type":"Feature","id":"4180034028101010003","geometry":{"type":"Point","coordinates":[126.9803185,38.0210803]},"properties":{"pnu":"4180034028101010003","municipality_code":"41800","municipality":"연천군","district":"연천군","locality":"미산면 삼화리","address":"연천군 미산면 삼화리 101-3","owner_type":"경기도유지","owner_label":"경기도","manager":"건설국 도로정책과","property_class":"행정재산","land_category":"잡종지","area_sqm":216.0,"area_band":"100~500㎡","interest_category":"잡종지","solar_candidate":"검토필요","candidate_reason":"실제 이용·점유 여부 확인 후 검토할 잡종지; 면적 216㎡","priority_score":50,"source":"경기부동산포털 국공유지조회·연속지적도","source_date":"2026-08-11","installed_solar_match":false}},{"type":"Feature","id":"4180036021111950002","geometry":{"type":"Point","coordinates":[127.1047349,38.1870946]},"properties":{"pnu":"4180036021111950002","municipality_code":"41800","municipality":"연천군","district":"연천군","locality":"신서면 대광리","address":"연천군 신서면 대광리 1195-2","owner_type":"경기도유지","owner_label":"경기도","manager":"건설국 하천과","property_class":"행정재산","land_category":"잡종지","area_sqm":216.0,"area_band":"100~500㎡","interest_category":"잡종지","solar_candidate":"검토필요","candidate_reason":"실제 이용·점유 여부 확인 후 검토할 잡종지; 면적 216㎡","priority_score":50,"source":"경기부동산포털 국공유지조회·연속지적도","source_date":"2026-08-11","installed_solar_match":false}},{"type":"Feature","id":"4180034028101530010","geometry":{"type":"Point","coordinates":[126.9746967,38.0155215]},"properties":{"pnu":"4180034028101530010","municipality_code":"41800","municipality":"연천군","district":"연천군","locality":"미산면 삼화리","address":"연천군 미산면 삼화리 153-10","owner_type":"경기도유지","owner_label":"경기도","manager":"건설국 도로정책과","property_class":"행정재산","land_category":"잡종지","area_sqm":214.0,"area_band":"100~500㎡","interest_category":"잡종지","solar_candidate":"검토필요","candidate_reason":"실제 이용·점유 여부 확인 후 검토할 잡종지; 면적 214㎡","priority_score":50,"source":"경기부동산포털 국공유지조회·연속지적도","source_date":"2026-08-11","installed_solar_match":false}},{"type":"Feature","id":"4180033046104090003","geometry":{"type":"Point","coordinates":[126.9292567,38.0513615]},"properties":{"pnu":"4180033046104090003","municipality_code":"41800","municipality":"연천군","district":"연천군","locality":"백학면 석장리","address":"연천군 백학면 석장리 409-3","owner_type":"경기도유지","owner_label":"경기도","manager":"","property_class":"","land_category":"잡종지","area_sqm":208.0,"area_band":"100~500㎡","interest_category":"잡종지","solar_candidate":"검토필요","candidate_reason":"실제 이용·점유 여부 확인 후 검토할 잡종지; 면적 208㎡","priority_score":50,"source":"경기부동산포털 국공유지조회·연속지적도","source_date":"2026-08-11","installed_solar_match":false}},{"type":"Feature","id":"4180034028102250011","geometry":{"type":"Point","coordinates":[126.9720302,38.0080415]},"properties":{"pnu":"4180034028102250011","municipality_code":"41800","municipality":"연천군","district":"연천군","locality":"미산면 삼화리","address":"연천군 미산면 삼화리 225-11","owner_type":"경기도유지","owner_label":"경기도","manager":"건설국 도로정책과","property_class":"행정재산","land_category":"잡종지","area_sqm":207.0,"area_band":"100~500㎡","interest_category":"잡종지","solar_candidate":"검토필요","candidate_reason":"실제 이용·점유 여부 확인 후 검토할 잡종지; 면적 207㎡","priority_score":50,"source":"경기부동산포털 국공유지조회·연속지적도","source_date":"2026-08-11","installed_solar_match":false}},{"type":"Feature","id":"4180034028101530008","geometry":{"type":"Point","coordinates":[126.9765815,38.0173882]},"properties":{"pnu":"4180034028101530008","municipality_code":"41800","municipality":"연천군","district":"연천군","locality":"미산면 삼화리","address":"연천군 미산면 삼화리 153-8","owner_type":"경기도유지","owner_label":"경기도","manager":"건설국 도로정책과","property_class":"행정재산","land_category":"잡종지","area_sqm":202.0,"area_band":"100~500㎡","interest_category":"잡종지","solar_candidate":"검토필요","candidate_reason":"실제 이용·점유 여부 확인 후 검토할 잡종지; 면적 202㎡","priority_score":50,"source":"경기부동산포털 국공유지조회·연속지적도","source_date":"2026-08-11","installed_solar_match":false}},{"type":"Feature","id":"4180038021101200001","geometry":{"type":"Point","coordinates":[126.8769847,38.0145766]},"properties":{"pnu":"4180038021101200001","municipality_code":"41800","municipality":"연천군","district":"연천군","locality":"장남면 원당리","address":"연천군 장남면 원당리 120-1","owner_type":"경기도유지","owner_label":"경기도","manager":"건설국 하천과","property_class":"행정재산","land_category":"잡종지","area_sqm":201.0,"area_band":"100~500㎡","interest_category":"잡종지","solar_candidate":"검토필요","candidate_reason":"실제 이용·점유 여부 확인 후 검토할 잡종지; 면적 201㎡","priority_score":50,"source":"경기부동산포털 국공유지조회·연속지적도","source_date":"2026-08-11","installed_solar_match":false}},{"type":"Feature","id":"4180031027102010008","geometry":{"type":"Point","coordinates":[127.0296782,38.0325607]},"properties":{"pnu":"4180031027102010008","municipality_code":"41800","municipality":"연천군","district":"연천군","locality":"군남면 남계리","address":"연천군 군남면 남계리 201-8","owner_type":"경기도유지","owner_label":"경기도","manager":"건설국 도로정책과","property_class":"행정재산","land_category":"잡종지","area_sqm":200.0,"area_band":"100~500㎡","interest_category":"잡종지","solar_candidate":"검토필요","candidate_reason":"실제 이용·점유 여부 확인 후 검토할 잡종지; 면적 200㎡","priority_score":50,"source":"경기부동산포털 국공유지조회·연속지적도","source_date":"2026-08-11","installed_solar_match":false}},{"type":"Feature","id":"4180032022103890011","geometry":{"type":"Point","coordinates":[127.086321,38.0094159]},"properties":{"pnu":"4180032022103890011","municipality_code":"41800","municipality":"연천군","district":"연천군","locality":"청산면 대전리","address":"연천군 청산면 대전리 389-11","owner_type":"경기도유지","owner_label":"경기도","manager":"건설국 하천과","property_class":"행정재산","land_category":"잡종지","area_sqm":198.0,"area_band":"100~500㎡","interest_category":"잡종지","solar_candidate":"검토필요","candidate_reason":"실제 이용·점유 여부 확인 후 검토할 잡종지; 면적 198㎡","priority_score":50,"source":"경기부동산포털 국공유지조회·연속지적도","source_date":"2026-08-11","installed_solar_match":false}},{"type":"Feature","id":"4180033021104860006","geometry":{"type":"Point","coordinates":[126.9154234,38.0266579]},"properties":{"pnu":"4180033021104860006","municipality_code":"41800","municipality":"연천군","district":"연천군","locality":"백학면 두일리","address":"연천군 백학면 두일리 486-6","owner_type":"경기도유지","owner_label":"경기도","manager":"건설국 도로정책과","property_class":"행정재산","land_category":"잡종지","area_sqm":196.0,"area_band":"100~500㎡","interest_category":"잡종지","solar_candidate":"검토필요","candidate_reason":"실제 이용·점유 여부 확인 후 검토할 잡종지; 면적 196㎡","priority_score":50,"source":"경기부동산포털 국공유지조회·연속지적도","source_date":"2026-08-11","installed_solar_match":false}},{"type":"Feature","id":"4180025322108230018","geometry":{"type":"Point","coordinates":[127.0508691,38.0279365]},"properties":{"pnu":"4180025322108230018","municipality_code":"41800","municipality":"연천군","district":"연천군","locality":"전곡읍 은대리","address":"연천군 전곡읍 은대리 823-18","owner_type":"경기도유지","owner_label":"경기도","manager":"건설국 하천과","property_class":"행정재산","land_category":"잡종지","area_sqm":193.0,"area_band":"100~500㎡","interest_category":"잡종지","solar_candidate":"검토필요","candidate_reason":"실제 이용·점유 여부 확인 후 검토할 잡종지; 면적 193㎡","priority_score":50,"source":"경기부동산포털 국공유지조회·연속지적도","source_date":"2026-08-11","installed_solar_match":false}},{"type":"Feature","id":"4180037025102250000","geometry":{"type":"Point","coordinates":[127.04518,38.174326]},"properties":{"pnu":"4180037025102250000","municipality_code":"41800","municipality":"연천군","district":"연천군","locality":"중면 마거리","address":"연천군 중면 마거리 225","owner_type":"경기도유지","owner_label":"경기도","manager":"건설국 하천과","property_class":"행정재산","land_category":"잡종지","area_sqm":192.0,"area_band":"100~500㎡","interest_category":"잡종지","solar_candidate":"검토필요","candidate_reason":"실제 이용·점유 여부 확인 후 검토할 잡종지; 면적 192㎡","priority_score":50,"source":"경기부동산포털 국공유지조회·연속지적도","source_date":"2026-08-11","installed_solar_match":false}},{"type":"Feature","id":"4180038021101690001","geometry":{"type":"Point","coordinates":[126.8740369,38.0175342]},"properties":{"pnu":"4180038021101690001","municipality_code":"41800","municipality":"연천군","district":"연천군","locality":"장남면 원당리","address":"연천군 장남면 원당리 169-1","owner_type":"경기도유지","owner_label":"경기도","manager":"건설국 하천과","property_class":"행정재산","land_category":"잡종지","area_sqm":192.0,"area_band":"100~500㎡","interest_category":"잡종지","solar_candidate":"검토필요","candidate_reason":"실제 이용·점유 여부 확인 후 검토할 잡종지; 면적 192㎡","priority_score":50,"source":"경기부동산포털 국공유지조회·연속지적도","source_date":"2026-08-11","installed_solar_match":false}},{"type":"Feature","id":"4180034028101230005","geometry":{"type":"Point","coordinates":[126.9771647,38.0178669]},"properties":{"pnu":"4180034028101230005","municipality_code":"41800","municipality":"연천군","district":"연천군","locality":"미산면 삼화리","address":"연천군 미산면 삼화리 123-5","owner_type":"경기도유지","owner_label":"경기도","manager":"건설국 도로정책과","property_class":"행정재산","land_category":"잡종지","area_sqm":188.0,"area_band":"100~500㎡","interest_category":"잡종지","solar_candidate":"검토필요","candidate_reason":"실제 이용·점유 여부 확인 후 검토할 잡종지; 면적 188㎡","priority_score":50,"source":"경기부동산포털 국공유지조회·연속지적도","source_date":"2026-08-11","installed_solar_match":false}},{"type":"Feature","id":"4180033021106770001","geometry":{"type":"Point","coordinates":[126.9127005,38.0189736]},"properties":{"pnu":"4180033021106770001","municipality_code":"41800","municipality":"연천군","district":"연천군","locality":"백학면 두일리","address":"연천군 백학면 두일리 677-1","owner_type":"경기도유지","owner_label":"경기도","manager":"건설국 도로정책과","property_class":"행정재산","land_category":"잡종지","area_sqm":187.0,"area_band":"100~500㎡","interest_category":"잡종지","solar_candidate":"검토필요","candidate_reason":"실제 이용·점유 여부 확인 후 검토할 잡종지; 면적 187㎡","priority_score":50,"source":"경기부동산포털 국공유지조회·연속지적도","source_date":"2026-08-11","installed_solar_match":false}},{"type":"Feature","id":"4180033046104080001","geometry":{"type":"Point","coordinates":[126.9292957,38.0509283]},"properties":{"pnu":"4180033046104080001","municipality_code":"41800","municipality":"연천군","district":"연천군","locality":"백학면 석장리","address":"연천군 백학면 석장리 408-1","owner_type":"경기도유지","owner_label":"경기도","manager":"","property_class":"","land_category":"잡종지","area_sqm":183.0,"area_band":"100~500㎡","interest_category":"잡종지","solar_candidate":"검토필요","candidate_reason":"실제 이용·점유 여부 확인 후 검토할 잡종지; 면적 183㎡","priority_score":50,"source":"경기부동산포털 국공유지조회·연속지적도","source_date":"2026-08-11","installed_solar_match":false}},{"type":"Feature","id":"4180034028101510002","geometry":{"type":"Point","coordinates":[126.9739357,38.0143626]},"properties":{"pnu":"4180034028101510002","municipality_code":"41800","municipality":"연천군","district":"연천군","locality":"미산면 삼화리","address":"연천군 미산면 삼화리 151-2","owner_type":"경기도유지","owner_label":"경기도","manager":"건설국 도로정책과","property_class":"행정재산","land_category":"잡종지","area_sqm":181.0,"area_band":"100~500㎡","interest_category":"잡종지","solar_candidate":"검토필요","candidate_reason":"실제 이용·점유 여부 확인 후 검토할 잡종지; 면적 181㎡","priority_score":50,"source":"경기부동산포털 국공유지조회·연속지적도","source_date":"2026-08-11","installed_solar_match":false}},{"type":"Feature","id":"4180035022103810003","geometry":{"type":"Point","coordinates":[126.9756397,38.0725685]},"properties":{"pnu":"4180035022103810003","municipality_code":"41800","municipality":"연천군","district":"연천군","locality":"왕징면 노동리","address":"연천군 왕징면 노동리 381-3","owner_type":"경기도유지","owner_label":"경기도","manager":"건설국 하천과","property_class":"행정재산","land_category":"잡종지","area_sqm":178.0,"area_band":"100~500㎡","interest_category":"잡종지","solar_candidate":"검토필요","candidate_reason":"실제 이용·점유 여부 확인 후 검토할 잡종지; 면적 178㎡","priority_score":50,"source":"경기부동산포털 국공유지조회·연속지적도","source_date":"2026-08-11","installed_solar_match":false}},{"type":"Feature","id":"4180035025102740003","geometry":{"type":"Point","coordinates":[126.97412,38.088413]},"properties":{"pnu":"4180035025102740003","municipality_code":"41800","municipality":"연천군","district":"연천군","locality":"왕징면 강서리","address":"연천군 왕징면 강서리 274-3","owner_type":"경기도유지","owner_label":"경기도","manager":"건설국 도로정책과","property_class":"행정재산","land_category":"잡종지","area_sqm":175.0,"area_band":"100~500㎡","interest_category":"잡종지","solar_candidate":"검토필요","candidate_reason":"실제 이용·점유 여부 확인 후 검토할 잡종지; 면적 175㎡","priority_score":50,"source":"경기부동산포털 국공유지조회·연속지적도","source_date":"2026-08-11","installed_solar_match":false}},{"type":"Feature","id":"4180038021101410000","geometry":{"type":"Point","coordinates":[126.8745764,38.015028]},"properties":{"pnu":"4180038021101410000","municipality_code":"41800","municipality":"연천군","district":"연천군","locality":"장남면 원당리","address":"연천군 장남면 원당리 141","owner_type":"경기도유지","owner_label":"경기도","manager":"건설국 하천과","property_class":"행정재산","land_category":"잡종지","area_sqm":175.0,"area_band":"100~500㎡","interest_category":"잡종지","solar_candidate":"검토필요","candidate_reason":"실제 이용·점유 여부 확인 후 검토할 잡종지; 면적 175㎡","priority_score":50,"source":"경기부동산포털 국공유지조회·연속지적도","source_date":"2026-08-11","installed_solar_match":false}},{"type":"Feature","id":"4180038023103860003","geometry":{"type":"Point","coordinates":[126.8681422,38.0202294]},"properties":{"pnu":"4180038023103860003","municipality_code":"41800","municipality":"연천군","district":"연천군","locality":"장남면 판부리","address":"연천군 장남면 판부리 386-3","owner_type":"경기도유지","owner_label":"경기도","manager":"건설국 하천과","property_class":"행정재산","land_category":"잡종지","area_sqm":175.0,"area_band":"100~500㎡","interest_category":"잡종지","solar_candidate":"검토필요","candidate_reason":"실제 이용·점유 여부 확인 후 검토할 잡종지; 면적 175㎡","priority_score":50,"source":"경기부동산포털 국공유지조회·연속지적도","source_date":"2026-08-11","installed_solar_match":false}},{"type":"Feature","id":"4180025021101230008","geometry":{"type":"Point","coordinates":[127.0754109,38.0845609]},"properties":{"pnu":"4180025021101230008","municipality_code":"41800","municipality":"연천군","district":"연천군","locality":"연천읍 차탄리","address":"연천군 연천읍 차탄리 123-8","owner_type":"경기도유지","owner_label":"경기도","manager":"경기도농업기술원","property_class":"행정재산","land_category":"잡종지","area_sqm":174.0,"area_band":"100~500㎡","interest_category":"잡종지","solar_candidate":"검토필요","candidate_reason":"실제 이용·점유 여부 확인 후 검토할 잡종지; 면적 174㎡","priority_score":50,"source":"경기부동산포털 국공유지조회·연속지적도","source_date":"2026-08-11","installed_solar_match":false}},{"type":"Feature","id":"4180034027107870002","geometry":{"type":"Point","coordinates":[127.0044265,38.0424059]},"properties":{"pnu":"4180034027107870002","municipality_code":"41800","municipality":"연천군","district":"연천군","locality":"미산면 우정리","address":"연천군 미산면 우정리 787-2","owner_type":"경기도유지","owner_label":"경기도","manager":"건설국 도로정책과","property_class":"행정재산","land_category":"잡종지","area_sqm":171.0,"area_band":"100~500㎡","interest_category":"잡종지","solar_candidate":"검토필요","candidate_reason":"실제 이용·점유 여부 확인 후 검토할 잡종지; 면적 171㎡","priority_score":50,"source":"경기부동산포털 국공유지조회·연속지적도","source_date":"2026-08-11","installed_solar_match":false}},{"type":"Feature","id":"4180031027102000005","geometry":{"type":"Point","coordinates":[127.0308048,38.0321671]},"properties":{"pnu":"4180031027102000005","municipality_code":"41800","municipality":"연천군","district":"연천군","locality":"군남면 남계리","address":"연천군 군남면 남계리 200-5","owner_type":"경기도유지","owner_label":"경기도","manager":"건설국 도로정책과","property_class":"행정재산","land_category":"잡종지","area_sqm":170.0,"area_band":"100~500㎡","interest_category":"잡종지","solar_candidate":"검토필요","candidate_reason":"실제 이용·점유 여부 확인 후 검토할 잡종지; 면적 170㎡","priority_score":50,"source":"경기부동산포털 국공유지조회·연속지적도","source_date":"2026-08-11","installed_solar_match":false}},{"type":"Feature","id":"4180034028101490004","geometry":{"type":"Point","coordinates":[126.9734273,38.0134703]},"properties":{"pnu":"4180034028101490004","municipality_code":"41800","municipality":"연천군","district":"연천군","locality":"미산면 삼화리","address":"연천군 미산면 삼화리 149-4","owner_type":"경기도유지","owner_label":"경기도","manager":"건설국 도로정책과","property_class":"행정재산","land_category":"잡종지","area_sqm":169.0,"area_band":"100~500㎡","interest_category":"잡종지","solar_candidate":"검토필요","candidate_reason":"실제 이용·점유 여부 확인 후 검토할 잡종지; 면적 169㎡","priority_score":50,"source":"경기부동산포털 국공유지조회·연속지적도","source_date":"2026-08-11","installed_solar_match":false}},{"type":"Feature","id":"4180038023104100001","geometry":{"type":"Point","coordinates":[126.8678843,38.0206021]},"properties":{"pnu":"4180038023104100001","municipality_code":"41800","municipality":"연천군","district":"연천군","locality":"장남면 판부리","address":"연천군 장남면 판부리 410-1","owner_type":"경기도유지","owner_label":"경기도","manager":"건설국 하천과","property_class":"행정재산","land_category":"잡종지","area_sqm":167.0,"area_band":"100~500㎡","interest_category":"잡종지","solar_candidate":"검토필요","candidate_reason":"실제 이용·점유 여부 확인 후 검토할 잡종지; 면적 167㎡","priority_score":50,"source":"경기부동산포털 국공유지조회·연속지적도","source_date":"2026-08-11","installed_solar_match":false}},{"type":"Feature","id":"4180025326102750008","geometry":{"type":"Point","coordinates":[127.0329203,37.9757162]},"properties":{"pnu":"4180025326102750008","municipality_code":"41800","municipality":"연천군","district":"연천군","locality":"전곡읍 양원리","address":"연천군 전곡읍 양원리 275-8","owner_type":"경기도유지","owner_label":"경기도","manager":"건설국 하천과","property_class":"행정재산","land_category":"잡종지","area_sqm":161.0,"area_band":"100~500㎡","interest_category":"잡종지","solar_candidate":"검토필요","candidate_reason":"실제 이용·점유 여부 확인 후 검토할 잡종지; 면적 161㎡","priority_score":50,"source":"경기부동산포털 국공유지조회·연속지적도","source_date":"2026-08-11","installed_solar_match":false}},{"type":"Feature","id":"4180036022101940007","geometry":{"type":"Point","coordinates":[127.101815,38.1774041]},"properties":{"pnu":"4180036022101940007","municipality_code":"41800","municipality":"연천군","district":"연천군","locality":"신서면 도신리","address":"연천군 신서면 도신리 194-7","owner_type":"경기도유지","owner_label":"경기도","manager":"건설국 하천과","property_class":"행정재산","land_category":"잡종지","area_sqm":161.0,"area_band":"100~500㎡","interest_category":"잡종지","solar_candidate":"검토필요","candidate_reason":"실제 이용·점유 여부 확인 후 검토할 잡종지; 면적 161㎡","priority_score":50,"source":"경기부동산포털 국공유지조회·연속지적도","source_date":"2026-08-11","installed_solar_match":false}},{"type":"Feature","id":"4180036022103120003","geometry":{"type":"Point","coordinates":[127.1015654,38.1807422]},"properties":{"pnu":"4180036022103120003","municipality_code":"41800","municipality":"연천군","district":"연천군","locality":"신서면 도신리","address":"연천군 신서면 도신리 312-3","owner_type":"경기도유지","owner_label":"경기도","manager":"건설국 하천과","property_class":"행정재산","land_category":"잡종지","area_sqm":159.0,"area_band":"100~500㎡","interest_category":"잡종지","solar_candidate":"검토필요","candidate_reason":"실제 이용·점유 여부 확인 후 검토할 잡종지; 면적 159㎡","priority_score":50,"source":"경기부동산포털 국공유지조회·연속지적도","source_date":"2026-08-11","installed_solar_match":false}},{"type":"Feature","id":"4180038023103830001","geometry":{"type":"Point","coordinates":[126.8688916,38.020321]},"properties":{"pnu":"4180038023103830001","municipality_code":"41800","municipality":"연천군","district":"연천군","locality":"장남면 판부리","address":"연천군 장남면 판부리 383-1","owner_type":"경기도유지","owner_label":"경기도","manager":"건설국 하천과","property_class":"행정재산","land_category":"잡종지","area_sqm":159.0,"area_band":"100~500㎡","interest_category":"잡종지","solar_candidate":"검토필요","candidate_reason":"실제 이용·점유 여부 확인 후 검토할 잡종지; 면적 159㎡","priority_score":50,"source":"경기부동산포털 국공유지조회·연속지적도","source_date":"2026-08-11","installed_solar_match":false}},{"type":"Feature","id":"4180033025106970021","geometry":{"type":"Point","coordinates":[126.9201728,37.9955272]},"properties":{"pnu":"4180033025106970021","municipality_code":"41800","municipality":"연천군","district":"연천군","locality":"백학면 노곡리","address":"연천군 백학면 노곡리 697-21","owner_type":"경기도유지","owner_label":"경기도","manager":"건설국 도로정책과","property_class":"행정재산","land_category":"잡종지","area_sqm":151.0,"area_band":"100~500㎡","interest_category":"잡종지","solar_candidate":"검토필요","candidate_reason":"실제 이용·점유 여부 확인 후 검토할 잡종지; 면적 151㎡","priority_score":50,"source":"경기부동산포털 국공유지조회·연속지적도","source_date":"2026-08-11","installed_solar_match":false}},{"type":"Feature","id":"4180038021101340002","geometry":{"type":"Point","coordinates":[126.8743885,38.0169395]},"properties":{"pnu":"4180038021101340002","municipality_code":"41800","municipality":"연천군","district":"연천군","locality":"장남면 원당리","address":"연천군 장남면 원당리 134-2","owner_type":"경기도유지","owner_label":"경기도","manager":"건설국 하천과","property_class":"행정재산","land_category":"잡종지","area_sqm":149.0,"area_band":"100~500㎡","interest_category":"잡종지","solar_candidate":"검토필요","candidate_reason":"실제 이용·점유 여부 확인 후 검토할 잡종지; 면적 149㎡","priority_score":50,"source":"경기부동산포털 국공유지조회·연속지적도","source_date":"2026-08-11","installed_solar_match":false}},{"type":"Feature","id":"4180025322108230011","geometry":{"type":"Point","coordinates":[127.0510387,38.0279249]},"properties":{"pnu":"4180025322108230011","municipality_code":"41800","municipality":"연천군","district":"연천군","locality":"전곡읍 은대리","address":"연천군 전곡읍 은대리 823-11","owner_type":"경기도유지","owner_label":"경기도","manager":"건설국 하천과","property_class":"행정재산","land_category":"잡종지","area_sqm":148.0,"area_band":"100~500㎡","interest_category":"잡종지","solar_candidate":"검토필요","candidate_reason":"실제 이용·점유 여부 확인 후 검토할 잡종지; 면적 148㎡","priority_score":50,"source":"경기부동산포털 국공유지조회·연속지적도","source_date":"2026-08-11","installed_solar_match":false}},{"type":"Feature","id":"4180025327102520016","geometry":{"type":"Point","coordinates":[127.004116,37.94869]},"properties":{"pnu":"4180025327102520016","municipality_code":"41800","municipality":"연천군","district":"연천군","locality":"전곡읍 간파리","address":"연천군 전곡읍 간파리 252-16","owner_type":"경기도유지","owner_label":"경기도","manager":"건설국 하천과","property_class":"행정재산","land_category":"잡종지","area_sqm":147.0,"area_band":"100~500㎡","interest_category":"잡종지","solar_candidate":"검토필요","candidate_reason":"실제 이용·점유 여부 확인 후 검토할 잡종지; 면적 147㎡","priority_score":50,"source":"경기부동산포털 국공유지조회·연속지적도","source_date":"2026-08-11","installed_solar_match":false}},{"type":"Feature","id":"4180038023103820000","geometry":{"type":"Point","coordinates":[126.8679953,38.0203861]},"properties":{"pnu":"4180038023103820000","municipality_code":"41800","municipality":"연천군","district":"연천군","locality":"장남면 판부리","address":"연천군 장남면 판부리 382","owner_type":"경기도유지","owner_label":"경기도","manager":"건설국 하천과","property_class":"행정재산","land_category":"잡종지","area_sqm":147.0,"area_band":"100~500㎡","interest_category":"잡종지","solar_candidate":"검토필요","candidate_reason":"실제 이용·점유 여부 확인 후 검토할 잡종지; 면적 147㎡","priority_score":50,"source":"경기부동산포털 국공유지조회·연속지적도","source_date":"2026-08-11","installed_solar_match":false}},{"type":"Feature","id":"4180032025100730003","geometry":{"type":"Point","coordinates":[127.1366201,38.0270297]},"properties":{"pnu":"4180032025100730003","municipality_code":"41800","municipality":"연천군","district":"연천군","locality":"청산면 백의리","address":"연천군 청산면 백의리 73-3","owner_type":"경기도유지","owner_label":"경기도","manager":"건설국 하천과","property_class":"행정재산","land_category":"잡종지","area_sqm":143.0,"area_band":"100~500㎡","interest_category":"잡종지","solar_candidate":"검토필요","candidate_reason":"실제 이용·점유 여부 확인 후 검토할 잡종지; 면적 143㎡","priority_score":50,"source":"경기부동산포털 국공유지조회·연속지적도","source_date":"2026-08-11","installed_solar_match":false}},{"type":"Feature","id":"4180032022103870002","geometry":{"type":"Point","coordinates":[127.0882233,38.0093294]},"properties":{"pnu":"4180032022103870002","municipality_code":"41800","municipality":"연천군","district":"연천군","locality":"청산면 대전리","address":"연천군 청산면 대전리 387-2","owner_type":"경기도유지","owner_label":"경기도","manager":"건설국 하천과","property_class":"행정재산","land_category":"잡종지","area_sqm":141.0,"area_band":"100~500㎡","interest_category":"잡종지","solar_candidate":"검토필요","candidate_reason":"실제 이용·점유 여부 확인 후 검토할 잡종지; 면적 141㎡","priority_score":50,"source":"경기부동산포털 국공유지조회·연속지적도","source_date":"2026-08-11","installed_solar_match":false}},{"type":"Feature","id":"4180034028101240005","geometry":{"type":"Point","coordinates":[126.9774489,38.0179067]},"properties":{"pnu":"4180034028101240005","municipality_code":"41800","municipality":"연천군","district":"연천군","locality":"미산면 삼화리","address":"연천군 미산면 삼화리 124-5","owner_type":"경기도유지","owner_label":"경기도","manager":"건설국 도로정책과","property_class":"행정재산","land_category":"잡종지","area_sqm":141.0,"area_band":"100~500㎡","interest_category":"잡종지","solar_candidate":"검토필요","candidate_reason":"실제 이용·점유 여부 확인 후 검토할 잡종지; 면적 141㎡","priority_score":50,"source":"경기부동산포털 국공유지조회·연속지적도","source_date":"2026-08-11","installed_solar_match":false}},{"type":"Feature","id":"4180035025105870004","geometry":{"type":"Point","coordinates":[126.9641583,38.0896529]},"properties":{"pnu":"4180035025105870004","municipality_code":"41800","municipality":"연천군","district":"연천군","locality":"왕징면 강서리","address":"연천군 왕징면 강서리 587-4","owner_type":"경기도유지","owner_label":"경기도","manager":"건설국 하천과","property_class":"행정재산","land_category":"잡종지","area_sqm":139.0,"area_band":"100~500㎡","interest_category":"잡종지","solar_candidate":"검토필요","candidate_reason":"실제 이용·점유 여부 확인 후 검토할 잡종지; 면적 139㎡","priority_score":50,"source":"경기부동산포털 국공유지조회·연속지적도","source_date":"2026-08-11","installed_solar_match":false}},{"type":"Feature","id":"4180025029104120006","geometry":{"type":"Point","coordinates":[127.0990365,38.0622626]},"properties":{"pnu":"4180025029104120006","municipality_code":"41800","municipality":"연천군","district":"연천군","locality":"연천읍 고문리","address":"연천군 연천읍 고문리 412-6","owner_type":"경기도유지","owner_label":"경기도","manager":"건설국 도로정책과","property_class":"행정재산","land_category":"잡종지","area_sqm":138.0,"area_band":"100~500㎡","interest_category":"잡종지","solar_candidate":"검토필요","candidate_reason":"실제 이용·점유 여부 확인 후 검토할 잡종지; 면적 138㎡","priority_score":50,"source":"경기부동산포털 국공유지조회·연속지적도","source_date":"2026-08-11","installed_solar_match":false}},{"type":"Feature","id":"4180025326108150004","geometry":{"type":"Point","coordinates":[127.0121425,37.9829012]},"properties":{"pnu":"4180025326108150004","municipality_code":"41800","municipality":"연천군","district":"연천군","locality":"전곡읍 양원리","address":"연천군 전곡읍 양원리 815-4","owner_type":"경기도유지","owner_label":"경기도","manager":"건설국 도로정책과","property_class":"행정재산","land_category":"잡종지","area_sqm":138.0,"area_band":"100~500㎡","interest_category":"잡종지","solar_candidate":"검토필요","candidate_reason":"실제 이용·점유 여부 확인 후 검토할 잡종지; 면적 138㎡","priority_score":50,"source":"경기부동산포털 국공유지조회·연속지적도","source_date":"2026-08-11","installed_solar_match":false}},{"type":"Feature","id":"4180034028100920003","geometry":{"type":"Point","coordinates":[126.9791792,38.0194899]},"properties":{"pnu":"4180034028100920003","municipality_code":"41800","municipality":"연천군","district":"연천군","locality":"미산면 삼화리","address":"연천군 미산면 삼화리 92-3","owner_type":"경기도유지","owner_label":"경기도","manager":"건설국 도로정책과","property_class":"행정재산","land_category":"잡종지","area_sqm":138.0,"area_band":"100~500㎡","interest_category":"잡종지","solar_candidate":"검토필요","candidate_reason":"실제 이용·점유 여부 확인 후 검토할 잡종지; 면적 138㎡","priority_score":50,"source":"경기부동산포털 국공유지조회·연속지적도","source_date":"2026-08-11","installed_solar_match":false}},{"type":"Feature","id":"4180034028101530011","geometry":{"type":"Point","coordinates":[126.976268,38.0171383]},"properties":{"pnu":"4180034028101530011","municipality_code":"41800","municipality":"연천군","district":"연천군","locality":"미산면 삼화리","address":"연천군 미산면 삼화리 153-11","owner_type":"경기도유지","owner_label":"경기도","manager":"건설국 도로정책과","property_class":"행정재산","land_category":"잡종지","area_sqm":130.0,"area_band":"100~500㎡","interest_category":"잡종지","solar_candidate":"검토필요","candidate_reason":"실제 이용·점유 여부 확인 후 검토할 잡종지; 면적 130㎡","priority_score":50,"source":"경기부동산포털 국공유지조회·연속지적도","source_date":"2026-08-11","installed_solar_match":false}},{"type":"Feature","id":"4180033046104100002","geometry":{"type":"Point","coordinates":[126.9291833,38.0511879]},"properties":{"pnu":"4180033046104100002","municipality_code":"41800","municipality":"연천군","district":"연천군","locality":"백학면 석장리","address":"연천군 백학면 석장리 410-2","owner_type":"경기도유지","owner_label":"경기도","manager":"","property_class":"","land_category":"잡종지","area_sqm":128.0,"area_band":"100~500㎡","interest_category":"잡종지","solar_candidate":"검토필요","candidate_reason":"실제 이용·점유 여부 확인 후 검토할 잡종지; 면적 128㎡","priority_score":50,"source":"경기부동산포털 국공유지조회·연속지적도","source_date":"2026-08-11","installed_solar_match":false}},{"type":"Feature","id":"4180025328100610017","geometry":{"type":"Point","coordinates":[127.0039928,37.9538429]},"properties":{"pnu":"4180025328100610017","municipality_code":"41800","municipality":"연천군","district":"연천군","locality":"전곡읍 늘목리","address":"연천군 전곡읍 늘목리 61-17","owner_type":"경기도유지","owner_label":"경기도","manager":"건설국 도로정책과","property_class":"행정재산","land_category":"잡종지","area_sqm":127.0,"area_band":"100~500㎡","interest_category":"잡종지","solar_candidate":"검토필요","candidate_reason":"실제 이용·점유 여부 확인 후 검토할 잡종지; 면적 127㎡","priority_score":50,"source":"경기부동산포털 국공유지조회·연속지적도","source_date":"2026-08-11","installed_solar_match":false}},{"type":"Feature","id":"4180035025109030019","geometry":{"type":"Point","coordinates":[126.9479485,38.0903798]},"properties":{"pnu":"4180035025109030019","municipality_code":"41800","municipality":"연천군","district":"연천군","locality":"왕징면 강서리","address":"연천군 왕징면 강서리 903-19","owner_type":"경기도유지","owner_label":"경기도","manager":"건설국 하천과","property_class":"행정재산","land_category":"잡종지","area_sqm":127.0,"area_band":"100~500㎡","interest_category":"잡종지","solar_candidate":"검토필요","candidate_reason":"실제 이용·점유 여부 확인 후 검토할 잡종지; 면적 127㎡","priority_score":50,"source":"경기부동산포털 국공유지조회·연속지적도","source_date":"2026-08-11","installed_solar_match":false}},{"type":"Feature","id":"4180033025106560004","geometry":{"type":"Point","coordinates":[126.9203512,37.9955193]},"properties":{"pnu":"4180033025106560004","municipality_code":"41800","municipality":"연천군","district":"연천군","locality":"백학면 노곡리","address":"연천군 백학면 노곡리 656-4","owner_type":"경기도유지","owner_label":"경기도","manager":"건설국 도로정책과","property_class":"행정재산","land_category":"잡종지","area_sqm":126.0,"area_band":"100~500㎡","interest_category":"잡종지","solar_candidate":"검토필요","candidate_reason":"실제 이용·점유 여부 확인 후 검토할 잡종지; 면적 126㎡","priority_score":50,"source":"경기부동산포털 국공유지조회·연속지적도","source_date":"2026-08-11","installed_solar_match":false}},{"type":"Feature","id":"4180033024100940001","geometry":{"type":"Point","coordinates":[126.9034738,38.0069134]},"properties":{"pnu":"4180033024100940001","municipality_code":"41800","municipality":"연천군","district":"연천군","locality":"백학면 전동리","address":"연천군 백학면 전동리 94-1","owner_type":"경기도유지","owner_label":"경기도","manager":"건설국 도로정책과","property_class":"행정재산","land_category":"잡종지","area_sqm":122.0,"area_band":"100~500㎡","interest_category":"잡종지","solar_candidate":"검토필요","candidate_reason":"실제 이용·점유 여부 확인 후 검토할 잡종지; 면적 122㎡","priority_score":50,"source":"경기부동산포털 국공유지조회·연속지적도","source_date":"2026-08-11","installed_solar_match":false}},{"type":"Feature","id":"4180035024108790002","geometry":{"type":"Point","coordinates":[126.9915937,38.1044177]},"properties":{"pnu":"4180035024108790002","municipality_code":"41800","municipality":"연천군","district":"연천군","locality":"왕징면 강내리","address":"연천군 왕징면 강내리 879-2","owner_type":"경기도유지","owner_label":"경기도","manager":"건설국 하천과","property_class":"행정재산","land_category":"잡종지","area_sqm":117.0,"area_band":"100~500㎡","interest_category":"잡종지","solar_candidate":"검토필요","candidate_reason":"실제 이용·점유 여부 확인 후 검토할 잡종지; 면적 117㎡","priority_score":50,"source":"경기부동산포털 국공유지조회·연속지적도","source_date":"2026-08-11","installed_solar_match":false}},{"type":"Feature","id":"4180037026106120001","geometry":{"type":"Point","coordinates":[127.0413973,38.1462628]},"properties":{"pnu":"4180037026106120001","municipality_code":"41800","municipality":"연천군","district":"연천군","locality":"중면 합수리","address":"연천군 중면 합수리 612-1","owner_type":"경기도유지","owner_label":"경기도","manager":"건설국 하천과","property_class":"행정재산","land_category":"잡종지","area_sqm":117.0,"area_band":"100~500㎡","interest_category":"잡종지","solar_candidate":"검토필요","candidate_reason":"실제 이용·점유 여부 확인 후 검토할 잡종지; 면적 117㎡","priority_score":50,"source":"경기부동산포털 국공유지조회·연속지적도","source_date":"2026-08-11","installed_solar_match":false}},{"type":"Feature","id":"4180025327101430001","geometry":{"type":"Point","coordinates":[127.0049741,37.9534881]},"properties":{"pnu":"4180025327101430001","municipality_code":"41800","municipality":"연천군","district":"연천군","locality":"전곡읍 간파리","address":"연천군 전곡읍 간파리 143-1","owner_type":"경기도유지","owner_label":"경기도","manager":"건설국 하천과","property_class":"행정재산","land_category":"잡종지","area_sqm":113.0,"area_band":"100~500㎡","interest_category":"잡종지","solar_candidate":"검토필요","candidate_reason":"실제 이용·점유 여부 확인 후 검토할 잡종지; 면적 113㎡","priority_score":50,"source":"경기부동산포털 국공유지조회·연속지적도","source_date":"2026-08-11","installed_solar_match":false}},{"type":"Feature","id":"4180025327102570002","geometry":{"type":"Point","coordinates":[127.0033255,37.950083]},"properties":{"pnu":"4180025327102570002","municipality_code":"41800","municipality":"연천군","district":"연천군","locality":"전곡읍 간파리","address":"연천군 전곡읍 간파리 257-2","owner_type":"경기도유지","owner_label":"경기도","manager":"건설국 하천과","property_class":"행정재산","land_category":"잡종지","area_sqm":113.0,"area_band":"100~500㎡","interest_category":"잡종지","solar_candidate":"검토필요","candidate_reason":"실제 이용·점유 여부 확인 후 검토할 잡종지; 면적 113㎡","priority_score":50,"source":"경기부동산포털 국공유지조회·연속지적도","source_date":"2026-08-11","installed_solar_match":false}},{"type":"Feature","id":"4180033021103770002","geometry":{"type":"Point","coordinates":[126.9160861,38.0276249]},"properties":{"pnu":"4180033021103770002","municipality_code":"41800","municipality":"연천군","district":"연천군","locality":"백학면 두일리","address":"연천군 백학면 두일리 377-2","owner_type":"경기도유지","owner_label":"경기도","manager":"건설국 도로정책과","property_class":"행정재산","land_category":"잡종지","area_sqm":111.0,"area_band":"100~500㎡","interest_category":"잡종지","solar_candidate":"검토필요","candidate_reason":"실제 이용·점유 여부 확인 후 검토할 잡종지; 면적 111㎡","priority_score":50,"source":"경기부동산포털 국공유지조회·연속지적도","source_date":"2026-08-11","installed_solar_match":false}},{"type":"Feature","id":"4180034028101490003","geometry":{"type":"Point","coordinates":[126.973589,38.0137804]},"properties":{"pnu":"4180034028101490003","municipality_code":"41800","municipality":"연천군","district":"연천군","locality":"미산면 삼화리","address":"연천군 미산면 삼화리 149-3","owner_type":"경기도유지","owner_label":"경기도","manager":"건설국 도로정책과","property_class":"행정재산","land_category":"잡종지","area_sqm":103.0,"area_band":"100~500㎡","interest_category":"잡종지","solar_candidate":"검토필요","candidate_reason":"실제 이용·점유 여부 확인 후 검토할 잡종지; 면적 103㎡","priority_score":50,"source":"경기부동산포털 국공유지조회·연속지적도","source_date":"2026-08-11","installed_solar_match":false}},{"type":"Feature","id":"4180036022107360003","geometry":{"type":"Point","coordinates":[127.1046531,38.1624241]},"properties":{"pnu":"4180036022107360003","municipality_code":"41800","municipality":"연천군","district":"연천군","locality":"신서면 도신리","address":"연천군 신서면 도신리 736-3","owner_type":"경기도유지","owner_label":"경기도(교육감)","manager":"","property_class":"","land_category":"대","area_sqm":986.0,"area_band":"500~1,000㎡","interest_category":"대","solar_candidate":"검토필요","candidate_reason":"청사·공공건축물·주차장 현황 추가 확인 필요; 면적 986㎡","priority_score":45,"source":"경기부동산포털 국공유지조회·연속지적도","source_date":"2026-08-11","installed_solar_match":false}},{"type":"Feature","id":"4180033023104530004","geometry":{"type":"Point","coordinates":[126.9176423,38.0017548]},"properties":{"pnu":"4180033023104530004","municipality_code":"41800","municipality":"연천군","district":"연천군","locality":"백학면 통구리","address":"연천군 백학면 통구리 453-4","owner_type":"경기도유지","owner_label":"경기도","manager":"건설국 도로정책과","property_class":"행정재산","land_category":"대","area_sqm":903.0,"area_band":"500~1,000㎡","interest_category":"대","solar_candidate":"검토필요","candidate_reason":"청사·공공건축물·주차장 현황 추가 확인 필요; 면적 903㎡","priority_score":45,"source":"경기부동산포털 국공유지조회·연속지적도","source_date":"2026-08-11","installed_solar_match":false}},{"type":"Feature","id":"4180025029102610004","geometry":{"type":"Point","coordinates":[127.1124451,38.0654403]},"properties":{"pnu":"4180025029102610004","municipality_code":"41800","municipality":"연천군","district":"연천군","locality":"연천읍 고문리","address":"연천군 연천읍 고문리 261-4","owner_type":"경기도유지","owner_label":"경기도(교육감)","manager":"","property_class":"","land_category":"대","area_sqm":843.0,"area_band":"500~1,000㎡","interest_category":"대","solar_candidate":"검토필요","candidate_reason":"청사·공공건축물·주차장 현황 추가 확인 필요; 면적 843㎡","priority_score":45,"source":"경기부동산포털 국공유지조회·연속지적도","source_date":"2026-08-11","installed_solar_match":false}},{"type":"Feature","id":"4180036023101500011","geometry":{"type":"Point","coordinates":[127.1432203,38.1536945]},"properties":{"pnu":"4180036023101500011","municipality_code":"41800","municipality":"연천군","district":"연천군","locality":"신서면 내산리","address":"연천군 신서면 내산리 150-11","owner_type":"경기도유지","owner_label":"경기도","manager":"건설국 하천과","property_class":"행정재산","land_category":"대","area_sqm":820.0,"area_band":"500~1,000㎡","interest_category":"대","solar_candidate":"검토필요","candidate_reason":"청사·공공건축물·주차장 현황 추가 확인 필요; 면적 820㎡","priority_score":45,"source":"경기부동산포털 국공유지조회·연속지적도","source_date":"2026-08-11","installed_solar_match":false}},{"type":"Feature","id":"4180033023104690013","geometry":{"type":"Point","coordinates":[126.9148918,38.004343]},"properties":{"pnu":"4180033023104690013","municipality_code":"41800","municipality":"연천군","district":"연천군","locality":"백학면 통구리","address":"연천군 백학면 통구리 469-13","owner_type":"경기도유지","owner_label":"경기도","manager":"건설국 도로정책과","property_class":"행정재산","land_category":"대","area_sqm":809.0,"area_band":"500~1,000㎡","interest_category":"대","solar_candidate":"검토필요","candidate_reason":"청사·공공건축물·주차장 현황 추가 확인 필요; 면적 809㎡","priority_score":45,"source":"경기부동산포털 국공유지조회·연속지적도","source_date":"2026-08-11","installed_solar_match":false}},{"type":"Feature","id":"4180025021106450000","geometry":{"type":"Point","coordinates":[127.0768181,38.0994802]},"properties":{"pnu":"4180025021106450000","municipality_code":"41800","municipality":"연천군","district":"연천군","locality":"연천읍 차탄리","address":"연천군 연천읍 차탄리 645","owner_type":"경기도유지","owner_label":"경기도","manager":"소방재난본부 회계장비담당관","property_class":"행정재산","land_category":"대","area_sqm":725.0,"area_band":"500~1,000㎡","interest_category":"대","solar_candidate":"검토필요","candidate_reason":"청사·공공건축물·주차장 현황 추가 확인 필요; 면적 725㎡","priority_score":45,"source":"경기부동산포털 국공유지조회·연속지적도","source_date":"2026-08-11","installed_solar_match":false}},{"type":"Feature","id":"4180033021103910011","geometry":{"type":"Point","coordinates":[126.9157643,38.0262534]},"properties":{"pnu":"4180033021103910011","municipality_code":"41800","municipality":"연천군","district":"연천군","locality":"백학면 두일리","address":"연천군 백학면 두일리 391-11","owner_type":"경기도유지","owner_label":"경기도","manager":"건설국 도로정책과","property_class":"행정재산","land_category":"대","area_sqm":711.0,"area_band":"500~1,000㎡","interest_category":"대","solar_candidate":"검토필요","candidate_reason":"청사·공공건축물·주차장 현황 추가 확인 필요; 면적 711㎡","priority_score":45,"source":"경기부동산포털 국공유지조회·연속지적도","source_date":"2026-08-11","installed_solar_match":false}},{"type":"Feature","id":"4180033025107250007","geometry":{"type":"Point","coordinates":[126.9201498,37.9991913]},"properties":{"pnu":"4180033025107250007","municipality_code":"41800","municipality":"연천군","district":"연천군","locality":"백학면 노곡리","address":"연천군 백학면 노곡리 725-7","owner_type":"경기도유지","owner_label":"경기도","manager":"건설국 도로정책과","property_class":"행정재산","land_category":"대","area_sqm":708.0,"area_band":"500~1,000㎡","interest_category":"대","solar_candidate":"검토필요","candidate_reason":"청사·공공건축물·주차장 현황 추가 확인 필요; 면적 708㎡","priority_score":45,"source":"경기부동산포털 국공유지조회·연속지적도","source_date":"2026-08-11","installed_solar_match":false}},{"type":"Feature","id":"4180033021103950014","geometry":{"type":"Point","coordinates":[126.9134924,38.0224731]},"properties":{"pnu":"4180033021103950014","municipality_code":"41800","municipality":"연천군","district":"연천군","locality":"백학면 두일리","address":"연천군 백학면 두일리 395-14","owner_type":"경기도유지","owner_label":"경기도","manager":"건설국 도로정책과","property_class":"행정재산","land_category":"대","area_sqm":693.0,"area_band":"500~1,000㎡","interest_category":"대","solar_candidate":"검토필요","candidate_reason":"청사·공공건축물·주차장 현황 추가 확인 필요; 면적 693㎡","priority_score":45,"source":"경기부동산포털 국공유지조회·연속지적도","source_date":"2026-08-11","installed_solar_match":false}},{"type":"Feature","id":"4180025022100390016","geometry":{"type":"Point","coordinates":[127.0752095,38.1086928]},"properties":{"pnu":"4180025022100390016","municipality_code":"41800","municipality":"연천군","district":"연천군","locality":"연천읍 현가리","address":"연천군 연천읍 현가리 39-16","owner_type":"경기도유지","owner_label":"경기도(교육감)","manager":"","property_class":"","land_category":"대","area_sqm":684.0,"area_band":"500~1,000㎡","interest_category":"대","solar_candidate":"검토필요","candidate_reason":"청사·공공건축물·주차장 현황 추가 확인 필요; 면적 684㎡","priority_score":45,"source":"경기부동산포털 국공유지조회·연속지적도","source_date":"2026-08-11","installed_solar_match":false}},{"type":"Feature","id":"4180025025103750010","geometry":{"type":"Point","coordinates":[127.0822957,38.1001909]},"properties":{"pnu":"4180025025103750010","municipality_code":"41800","municipality":"연천군","district":"연천군","locality":"연천읍 옥산리","address":"연천군 연천읍 옥산리 375-10","owner_type":"경기도유지","owner_label":"경기도","manager":"건설국 하천과","property_class":"행정재산","land_category":"대","area_sqm":679.0,"area_band":"500~1,000㎡","interest_category":"대","solar_candidate":"검토필요","candidate_reason":"청사·공공건축물·주차장 현황 추가 확인 필요; 면적 679㎡","priority_score":45,"source":"경기부동산포털 국공유지조회·연속지적도","source_date":"2026-08-11","installed_solar_match":false}},{"type":"Feature","id":"4180033021111470006","geometry":{"type":"Point","coordinates":[126.9166705,38.0309781]},"properties":{"pnu":"4180033021111470006","municipality_code":"41800","municipality":"연천군","district":"연천군","locality":"백학면 두일리","address":"연천군 백학면 두일리 1147-6","owner_type":"경기도유지","owner_label":"경기도","manager":"건설국 도로정책과","property_class":"행정재산","land_category":"대","area_sqm":654.0,"area_band":"500~1,000㎡","interest_category":"대","solar_candidate":"검토필요","candidate_reason":"청사·공공건축물·주차장 현황 추가 확인 필요; 면적 654㎡","priority_score":45,"source":"경기부동산포털 국공유지조회·연속지적도","source_date":"2026-08-11","installed_solar_match":false}},{"type":"Feature","id":"4180036021101560001","geometry":{"type":"Point","coordinates":[127.1405811,38.2144916]},"properties":{"pnu":"4180036021101560001","municipality_code":"41800","municipality":"연천군","district":"연천군","locality":"신서면 대광리","address":"연천군 신서면 대광리 156-1","owner_type":"경기도유지","owner_label":"경기도","manager":"건설국 하천과","property_class":"행정재산","land_category":"대","area_sqm":592.0,"area_band":"500~1,000㎡","interest_category":"대","solar_candidate":"검토필요","candidate_reason":"청사·공공건축물·주차장 현황 추가 확인 필요; 면적 592㎡","priority_score":45,"source":"경기부동산포털 국공유지조회·연속지적도","source_date":"2026-08-11","installed_solar_match":false}},{"type":"Feature","id":"4180031023104860004","geometry":{"type":"Point","coordinates":[127.0188617,38.0778587]},"properties":{"pnu":"4180031023104860004","municipality_code":"41800","municipality":"연천군","district":"연천군","locality":"군남면 삼거리","address":"연천군 군남면 삼거리 486-4","owner_type":"경기도유지","owner_label":"경기도","manager":"소방재난본부 회계장비담당관","property_class":"행정재산","land_category":"대","area_sqm":557.0,"area_band":"500~1,000㎡","interest_category":"대","solar_candidate":"검토필요","candidate_reason":"청사·공공건축물·주차장 현황 추가 확인 필요; 면적 557㎡","priority_score":45,"source":"경기부동산포털 국공유지조회·연속지적도","source_date":"2026-08-11","installed_solar_match":false}},{"type":"Feature","id":"4180033025106970016","geometry":{"type":"Point","coordinates":[126.9198952,37.9982318]},"properties":{"pnu":"4180033025106970016","municipality_code":"41800","municipality":"연천군","district":"연천군","locality":"백학면 노곡리","address":"연천군 백학면 노곡리 697-16","owner_type":"경기도유지","owner_label":"경기도","manager":"건설국 도로정책과","property_class":"행정재산","land_category":"대","area_sqm":557.0,"area_band":"500~1,000㎡","interest_category":"대","solar_candidate":"검토필요","candidate_reason":"청사·공공건축물·주차장 현황 추가 확인 필요; 면적 557㎡","priority_score":45,"source":"경기부동산포털 국공유지조회·연속지적도","source_date":"2026-08-11","installed_solar_match":false}},{"type":"Feature","id":"4180033021111540004","geometry":{"type":"Point","coordinates":[126.9163604,38.0301455]},"properties":{"pnu":"4180033021111540004","municipality_code":"41800","municipality":"연천군","district":"연천군","locality":"백학면 두일리","address":"연천군 백학면 두일리 1154-4","owner_type":"경기도유지","owner_label":"경기도","manager":"건설국 도로정책과","property_class":"행정재산","land_category":"대","area_sqm":552.0,"area_band":"500~1,000㎡","interest_category":"대","solar_candidate":"검토필요","candidate_reason":"청사·공공건축물·주차장 현황 추가 확인 필요; 면적 552㎡","priority_score":45,"source":"경기부동산포털 국공유지조회·연속지적도","source_date":"2026-08-11","installed_solar_match":false}},{"type":"Feature","id":"4180033046103320004","geometry":{"type":"Point","coordinates":[126.9275038,38.0568933]},"properties":{"pnu":"4180033046103320004","municipality_code":"41800","municipality":"연천군","district":"연천군","locality":"백학면 석장리","address":"연천군 백학면 석장리 332-4","owner_type":"경기도유지","owner_label":"경기도","manager":"","property_class":"","land_category":"대","area_sqm":541.0,"area_band":"500~1,000㎡","interest_category":"대","solar_candidate":"검토필요","candidate_reason":"청사·공공건축물·주차장 현황 추가 확인 필요; 면적 541㎡","priority_score":45,"source":"경기부동산포털 국공유지조회·연속지적도","source_date":"2026-08-11","installed_solar_match":false}},{"type":"Feature","id":"4180033025106630002","geometry":{"type":"Point","coordinates":[126.9203816,37.9919508]},"properties":{"pnu":"4180033025106630002","municipality_code":"41800","municipality":"연천군","district":"연천군","locality":"백학면 노곡리","address":"연천군 백학면 노곡리 663-2","owner_type":"경기도유지","owner_label":"경기도","manager":"건설국 도로정책과","property_class":"행정재산","land_category":"대","area_sqm":500.0,"area_band":"500~1,000㎡","interest_category":"대","solar_candidate":"검토필요","candidate_reason":"청사·공공건축물·주차장 현황 추가 확인 필요; 면적 500㎡","priority_score":45,"source":"경기부동산포털 국공유지조회·연속지적도","source_date":"2026-08-11","installed_solar_match":false}},{"type":"Feature","id":"4180034024100200001","geometry":{"type":"Point","coordinates":[126.9977524,38.0354833]},"properties":{"pnu":"4180034024100200001","municipality_code":"41800","municipality":"연천군","district":"연천군","locality":"미산면 유촌리","address":"연천군 미산면 유촌리 20-1","owner_type":"경기도유지","owner_label":"경기도","manager":"건설국 도로정책과","property_class":"행정재산","land_category":"도로","area_sqm":12374.0,"area_band":"5,000㎡ 이상","interest_category":"도로","solar_candidate":"검토필요","candidate_reason":"도로점용 및 실제 이용형태 추가 검토 필요; 면적 12,374㎡","priority_score":40,"source":"경기부동산포털 국공유지조회·연속지적도","source_date":"2026-08-11","installed_solar_match":false}},{"type":"Feature","id":"4180032021102840003","geometry":{"type":"Point","coordinates":[127.0724783,38.0056895]},"properties":{"pnu":"4180032021102840003","municipality_code":"41800","municipality":"연천군","district":"연천군","locality":"청산면 초성리","address":"연천군 청산면 초성리 284-3","owner_type":"경기도유지","owner_label":"경기도","manager":"건설국 도로정책과","property_class":"행정재산","land_category":"도로","area_sqm":10859.0,"area_band":"5,000㎡ 이상","interest_category":"도로","solar_candidate":"검토필요","candidate_reason":"도로점용 및 실제 이용형태 추가 검토 필요; 면적 10,859㎡","priority_score":40,"source":"경기부동산포털 국공유지조회·연속지적도","source_date":"2026-08-11","installed_solar_match":false}},{"type":"Feature","id":"4180032025105540001","geometry":{"type":"Point","coordinates":[127.1163343,38.0225118]},"properties":{"pnu":"4180032025105540001","municipality_code":"41800","municipality":"연천군","district":"연천군","locality":"청산면 백의리","address":"연천군 청산면 백의리 554-1","owner_type":"경기도유지","owner_label":"경기도","manager":"건설국 도로정책과","property_class":"행정재산","land_category":"도로","area_sqm":10640.0,"area_band":"5,000㎡ 이상","interest_category":"도로","solar_candidate":"검토필요","candidate_reason":"도로점용 및 실제 이용형태 추가 검토 필요; 면적 10,640㎡","priority_score":40,"source":"경기부동산포털 국공유지조회·연속지적도","source_date":"2026-08-11","installed_solar_match":false}},{"type":"Feature","id":"4180034026200810006","geometry":{"type":"Point","coordinates":[126.9757366,38.0360232]},"properties":{"pnu":"4180034026200810006","municipality_code":"41800","municipality":"연천군","district":"연천군","locality":"미산면 마전리","address":"연천군 미산면 마전리 산81-6","owner_type":"경기도유지","owner_label":"경기도","manager":"건설국 도로정책과","property_class":"행정재산","land_category":"도로","area_sqm":9689.0,"area_band":"5,000㎡ 이상","interest_category":"도로","solar_candidate":"검토필요","candidate_reason":"도로점용 및 실제 이용형태 추가 검토 필요; 면적 9,689㎡","priority_score":40,"source":"경기부동산포털 국공유지조회·연속지적도","source_date":"2026-08-11","installed_solar_match":false}},{"type":"Feature","id":"4180032022105670007","geometry":{"type":"Point","coordinates":[127.0808351,38.0091267]},"properties":{"pnu":"4180032022105670007","municipality_code":"41800","municipality":"연천군","district":"연천군","locality":"청산면 대전리","address":"연천군 청산면 대전리 567-7","owner_type":"경기도유지","owner_label":"경기도","manager":"건설국 도로정책과","property_class":"행정재산","land_category":"도로","area_sqm":9651.0,"area_band":"5,000㎡ 이상","interest_category":"도로","solar_candidate":"검토필요","candidate_reason":"도로점용 및 실제 이용형태 추가 검토 필요; 면적 9,651㎡","priority_score":40,"source":"경기부동산포털 국공유지조회·연속지적도","source_date":"2026-08-11","installed_solar_match":false}},{"type":"Feature","id":"4180031026105580002","geometry":{"type":"Point","coordinates":[127.0317346,38.0471827]},"properties":{"pnu":"4180031026105580002","municipality_code":"41800","municipality":"연천군","district":"연천군","locality":"군남면 황지리","address":"연천군 군남면 황지리 558-2","owner_type":"경기도유지","owner_label":"경기도","manager":"건설국 도로정책과","property_class":"행정재산","land_category":"도로","area_sqm":7776.0,"area_band":"5,000㎡ 이상","interest_category":"도로","solar_candidate":"검토필요","candidate_reason":"도로점용 및 실제 이용형태 추가 검토 필요; 면적 7,776㎡","priority_score":40,"source":"경기부동산포털 국공유지조회·연속지적도","source_date":"2026-08-11","installed_solar_match":false}},{"type":"Feature","id":"4180034026200870006","geometry":{"type":"Point","coordinates":[126.9689865,38.0384622]},"properties":{"pnu":"4180034026200870006","municipality_code":"41800","municipality":"연천군","district":"연천군","locality":"미산면 마전리","address":"연천군 미산면 마전리 산87-6","owner_type":"경기도유지","owner_label":"경기도","manager":"건설국 도로정책과","property_class":"행정재산","land_category":"도로","area_sqm":7705.0,"area_band":"5,000㎡ 이상","interest_category":"도로","solar_candidate":"검토필요","candidate_reason":"도로점용 및 실제 이용형태 추가 검토 필요; 면적 7,705㎡","priority_score":40,"source":"경기부동산포털 국공유지조회·연속지적도","source_date":"2026-08-11","installed_solar_match":false}},{"type":"Feature","id":"4180032022105630020","geometry":{"type":"Point","coordinates":[127.0788582,38.009006]},"properties":{"pnu":"4180032022105630020","municipality_code":"41800","municipality":"연천군","district":"연천군","locality":"청산면 대전리","address":"연천군 청산면 대전리 563-20","owner_type":"경기도유지","owner_label":"경기도","manager":"건설국 도로정책과","property_class":"행정재산","land_category":"도로","area_sqm":7435.0,"area_band":"5,000㎡ 이상","interest_category":"도로","solar_candidate":"검토필요","candidate_reason":"도로점용 및 실제 이용형태 추가 검토 필요; 면적 7,435㎡","priority_score":40,"source":"경기부동산포털 국공유지조회·연속지적도","source_date":"2026-08-11","installed_solar_match":false}},{"type":"Feature","id":"4180033024100070006","geometry":{"type":"Point","coordinates":[126.9062731,38.0079594]},"properties":{"pnu":"4180033024100070006","municipality_code":"41800","municipality":"연천군","district":"연천군","locality":"백학면 전동리","address":"연천군 백학면 전동리 7-6","owner_type":"경기도유지","owner_label":"경기도","manager":"건설국 도로정책과","property_class":"행정재산","land_category":"도로","area_sqm":7352.0,"area_band":"5,000㎡ 이상","interest_category":"도로","solar_candidate":"검토필요","candidate_reason":"도로점용 및 실제 이용형태 추가 검토 필요; 면적 7,352㎡","priority_score":40,"source":"경기부동산포털 국공유지조회·연속지적도","source_date":"2026-08-11","installed_solar_match":false}},{"type":"Feature","id":"4180025322106330006","geometry":{"type":"Point","coordinates":[127.063574,38.0292806]},"properties":{"pnu":"4180025322106330006","municipality_code":"41800","municipality":"연천군","district":"연천군","locality":"전곡읍 은대리","address":"연천군 전곡읍 은대리 633-6","owner_type":"경기도유지","owner_label":"경기도","manager":"건설국 도로정책과","property_class":"행정재산","land_category":"도로","area_sqm":7078.0,"area_band":"5,000㎡ 이상","interest_category":"도로","solar_candidate":"검토필요","candidate_reason":"도로점용 및 실제 이용형태 추가 검토 필요; 면적 7,078㎡","priority_score":40,"source":"경기부동산포털 국공유지조회·연속지적도","source_date":"2026-08-11","installed_solar_match":false}},{"type":"Feature","id":"4180031026202260000","geometry":{"type":"Point","coordinates":[127.0289881,38.0564207]},"properties":{"pnu":"4180031026202260000","municipality_code":"41800","municipality":"연천군","district":"연천군","locality":"군남면 황지리","address":"연천군 군남면 황지리 산226","owner_type":"경기도유지","owner_label":"경기도","manager":"건설국 도로정책과","property_class":"행정재산","land_category":"도로","area_sqm":6746.0,"area_band":"5,000㎡ 이상","interest_category":"도로","solar_candidate":"검토필요","candidate_reason":"도로점용 및 실제 이용형태 추가 검토 필요; 면적 6,746㎡","priority_score":40,"source":"경기부동산포털 국공유지조회·연속지적도","source_date":"2026-08-11","installed_solar_match":false}},{"type":"Feature","id":"4180035025105740002","geometry":{"type":"Point","coordinates":[126.9635319,38.088679]},"properties":{"pnu":"4180035025105740002","municipality_code":"41800","municipality":"연천군","district":"연천군","locality":"왕징면 강서리","address":"연천군 왕징면 강서리 574-2","owner_type":"경기도유지","owner_label":"경기도","manager":"건설국 도로정책과","property_class":"행정재산","land_category":"도로","area_sqm":6462.0,"area_band":"5,000㎡ 이상","interest_category":"도로","solar_candidate":"검토필요","candidate_reason":"도로점용 및 실제 이용형태 추가 검토 필요; 면적 6,462㎡","priority_score":40,"source":"경기부동산포털 국공유지조회·연속지적도","source_date":"2026-08-11","installed_solar_match":false}},{"type":"Feature","id":"4180033025106220004","geometry":{"type":"Point","coordinates":[126.9187214,37.9901112]},"properties":{"pnu":"4180033025106220004","municipality_code":"41800","municipality":"연천군","district":"연천군","locality":"백학면 노곡리","address":"연천군 백학면 노곡리 622-4","owner_type":"경기도유지","owner_label":"경기도","manager":"건설국 도로정책과","property_class":"행정재산","land_category":"도로","area_sqm":6211.0,"area_band":"5,000㎡ 이상","interest_category":"도로","solar_candidate":"검토필요","candidate_reason":"도로점용 및 실제 이용형태 추가 검토 필요; 면적 6,211㎡","priority_score":40,"source":"경기부동산포털 국공유지조회·연속지적도","source_date":"2026-08-11","installed_solar_match":false}},{"type":"Feature","id":"4180032021102840009","geometry":{"type":"Point","coordinates":[127.0740147,38.0066425]},"properties":{"pnu":"4180032021102840009","municipality_code":"41800","municipality":"연천군","district":"연천군","locality":"청산면 초성리","address":"연천군 청산면 초성리 284-9","owner_type":"경기도유지","owner_label":"경기도","manager":"건설국 도로정책과","property_class":"행정재산","land_category":"도로","area_sqm":6175.0,"area_band":"5,000㎡ 이상","interest_category":"도로","solar_candidate":"검토필요","candidate_reason":"도로점용 및 실제 이용형태 추가 검토 필요; 면적 6,175㎡","priority_score":40,"source":"경기부동산포털 국공유지조회·연속지적도","source_date":"2026-08-11","installed_solar_match":false}},{"type":"Feature","id":"4180031021106230006","geometry":{"type":"Point","coordinates":[127.0198516,38.0571164]},"properties":{"pnu":"4180031021106230006","municipality_code":"41800","municipality":"연천군","district":"연천군","locality":"군남면 진상리","address":"연천군 군남면 진상리 623-6","owner_type":"경기도유지","owner_label":"경기도","manager":"건설국 도로정책과","property_class":"행정재산","land_category":"도로","area_sqm":5964.0,"area_band":"5,000㎡ 이상","interest_category":"도로","solar_candidate":"검토필요","candidate_reason":"도로점용 및 실제 이용형태 추가 검토 필요; 면적 5,964㎡","priority_score":40,"source":"경기부동산포털 국공유지조회·연속지적도","source_date":"2026-08-11","installed_solar_match":false}},{"type":"Feature","id":"4180032022100770002","geometry":{"type":"Point","coordinates":[127.0998122,38.0148893]},"properties":{"pnu":"4180032022100770002","municipality_code":"41800","municipality":"연천군","district":"연천군","locality":"청산면 대전리","address":"연천군 청산면 대전리 77-2","owner_type":"경기도유지","owner_label":"경기도","manager":"건설국 도로정책과","property_class":"행정재산","land_category":"도로","area_sqm":5862.0,"area_band":"5,000㎡ 이상","interest_category":"도로","solar_candidate":"검토필요","candidate_reason":"도로점용 및 실제 이용형태 추가 검토 필요; 면적 5,862㎡","priority_score":40,"source":"경기부동산포털 국공유지조회·연속지적도","source_date":"2026-08-11","installed_solar_match":false}},{"type":"Feature","id":"4180034026101990002","geometry":{"type":"Point","coordinates":[126.9841157,38.0260035]},"properties":{"pnu":"4180034026101990002","municipality_code":"41800","municipality":"연천군","district":"연천군","locality":"미산면 마전리","address":"연천군 미산면 마전리 199-2","owner_type":"경기도유지","owner_label":"경기도","manager":"건설국 도로정책과","property_class":"행정재산","land_category":"도로","area_sqm":5836.0,"area_band":"5,000㎡ 이상","interest_category":"도로","solar_candidate":"검토필요","candidate_reason":"도로점용 및 실제 이용형태 추가 검토 필요; 면적 5,836㎡","priority_score":40,"source":"경기부동산포털 국공유지조회·연속지적도","source_date":"2026-08-11","installed_solar_match":false}},{"type":"Feature","id":"4180031026104690002","geometry":{"type":"Point","coordinates":[127.0307616,38.043026]},"properties":{"pnu":"4180031026104690002","municipality_code":"41800","municipality":"연천군","district":"연천군","locality":"군남면 황지리","address":"연천군 군남면 황지리 469-2","owner_type":"경기도유지","owner_label":"경기도","manager":"건설국 도로정책과","property_class":"행정재산","land_category":"도로","area_sqm":5815.0,"area_band":"5,000㎡ 이상","interest_category":"도로","solar_candidate":"검토필요","candidate_reason":"도로점용 및 실제 이용형태 추가 검토 필요; 면적 5,815㎡","priority_score":40,"source":"경기부동산포털 국공유지조회·연속지적도","source_date":"2026-08-11","installed_solar_match":false}},{"type":"Feature","id":"4180032024106730001","geometry":{"type":"Point","coordinates":[127.105468,38.0213204]},"properties":{"pnu":"4180032024106730001","municipality_code":"41800","municipality":"연천군","district":"연천군","locality":"청산면 궁평리","address":"연천군 청산면 궁평리 673-1","owner_type":"경기도유지","owner_label":"경기도","manager":"건설국 도로정책과","property_class":"행정재산","land_category":"도로","area_sqm":5514.0,"area_band":"5,000㎡ 이상","interest_category":"도로","solar_candidate":"검토필요","candidate_reason":"도로점용 및 실제 이용형태 추가 검토 필요; 면적 5,514㎡","priority_score":40,"source":"경기부동산포털 국공유지조회·연속지적도","source_date":"2026-08-11","installed_solar_match":false}},{"type":"Feature","id":"4180031023105440009","geometry":{"type":"Point","coordinates":[127.013669,38.0880258]},"properties":{"pnu":"4180031023105440009","municipality_code":"41800","municipality":"연천군","district":"연천군","locality":"군남면 삼거리","address":"연천군 군남면 삼거리 544-9","owner_type":"경기도유지","owner_label":"경기도","manager":"건설국 도로정책과","property_class":"행정재산","land_category":"도로","area_sqm":5460.0,"area_band":"5,000㎡ 이상","interest_category":"도로","solar_candidate":"검토필요","candidate_reason":"도로점용 및 실제 이용형태 추가 검토 필요; 면적 5,460㎡","priority_score":40,"source":"경기부동산포털 국공유지조회·연속지적도","source_date":"2026-08-11","installed_solar_match":false}},{"type":"Feature","id":"4180034027103720001","geometry":{"type":"Point","coordinates":[127.0127979,38.0547243]},"properties":{"pnu":"4180034027103720001","municipality_code":"41800","municipality":"연천군","district":"연천군","locality":"미산면 우정리","address":"연천군 미산면 우정리 372-1","owner_type":"경기도유지","owner_label":"경기도","manager":"건설국 도로정책과","property_class":"행정재산","land_category":"도로","area_sqm":5422.0,"area_band":"5,000㎡ 이상","interest_category":"도로","solar_candidate":"검토필요","candidate_reason":"도로점용 및 실제 이용형태 추가 검토 필요; 면적 5,422㎡","priority_score":40,"source":"경기부동산포털 국공유지조회·연속지적도","source_date":"2026-08-11","installed_solar_match":false}},{"type":"Feature","id":"4180032021103100008","geometry":{"type":"Point","coordinates":[127.0756836,38.0076677]},"properties":{"pnu":"4180032021103100008","municipality_code":"41800","municipality":"연천군","district":"연천군","locality":"청산면 초성리","address":"연천군 청산면 초성리 310-8","owner_type":"경기도유지","owner_label":"경기도","manager":"건설국 도로정책과","property_class":"행정재산","land_category":"도로","area_sqm":5276.0,"area_band":"5,000㎡ 이상","interest_category":"도로","solar_candidate":"검토필요","candidate_reason":"도로점용 및 실제 이용형태 추가 검토 필요; 면적 5,276㎡","priority_score":40,"source":"경기부동산포털 국공유지조회·연속지적도","source_date":"2026-08-11","installed_solar_match":false}},{"type":"Feature","id":"4180035025102730001","geometry":{"type":"Point","coordinates":[126.9755644,38.0887087]},"properties":{"pnu":"4180035025102730001","municipality_code":"41800","municipality":"연천군","district":"연천군","locality":"왕징면 강서리","address":"연천군 왕징면 강서리 273-1","owner_type":"경기도유지","owner_label":"경기도","manager":"건설국 도로정책과","property_class":"행정재산","land_category":"도로","area_sqm":5169.0,"area_band":"5,000㎡ 이상","interest_category":"도로","solar_candidate":"검토필요","candidate_reason":"도로점용 및 실제 이용형태 추가 검토 필요; 면적 5,169㎡","priority_score":40,"source":"경기부동산포털 국공유지조회·연속지적도","source_date":"2026-08-11","installed_solar_match":false}},{"type":"Feature","id":"4180031026101060045","geometry":{"type":"Point","coordinates":[127.0481852,38.0282476]},"properties":{"pnu":"4180031026101060045","municipality_code":"41800","municipality":"연천군","district":"연천군","locality":"군남면 황지리","address":"연천군 군남면 황지리 106-45","owner_type":"경기도유지","owner_label":"경기도","manager":"건설국 도로정책과","property_class":"행정재산","land_category":"도로","area_sqm":5093.0,"area_band":"5,000㎡ 이상","interest_category":"도로","solar_candidate":"검토필요","candidate_reason":"도로점용 및 실제 이용형태 추가 검토 필요; 면적 5,093㎡","priority_score":40,"source":"경기부동산포털 국공유지조회·연속지적도","source_date":"2026-08-11","installed_solar_match":true,"installed_solar_count":1,"installed_solar_area_sqm":16.8,"installed_solar_analysis_years":["2024"],"installed_solar_types":["개인주택"],"installed_solar_permit_status_counts":{"N":1}}},{"type":"Feature","id":"4180034027108940008","geometry":{"type":"Point","coordinates":[127.018524,38.045423]},"properties":{"pnu":"4180034027108940008","municipality_code":"41800","municipality":"연천군","district":"연천군","locality":"미산면 우정리","address":"연천군 미산면 우정리 894-8","owner_type":"경기도유지","owner_label":"경기도","manager":"건설국 하천과","property_class":"일반재산","land_category":"답","area_sqm":4007.1,"area_band":"3,000~5,000㎡","interest_category":"대규모부지","solar_candidate":"검토필요","candidate_reason":"넓은 경기도유지로 실제 이용·규제 현황 추가 검토; 면적 4,007㎡","priority_score":40,"source":"경기부동산포털 국공유지조회·연속지적도","source_date":"2026-08-11","installed_solar_match":false}},{"type":"Feature","id":"4180034027108870007","geometry":{"type":"Point","coordinates":[127.0178155,38.0484479]},"properties":{"pnu":"4180034027108870007","municipality_code":"41800","municipality":"연천군","district":"연천군","locality":"미산면 우정리","address":"연천군 미산면 우정리 887-7","owner_type":"경기도유지","owner_label":"경기도","manager":"건설국 하천과","property_class":"일반재산","land_category":"답","area_sqm":3733.9,"area_band":"3,000~5,000㎡","interest_category":"대규모부지","solar_candidate":"검토필요","candidate_reason":"넓은 경기도유지로 실제 이용·규제 현황 추가 검토; 면적 3,734㎡","priority_score":40,"source":"경기부동산포털 국공유지조회·연속지적도","source_date":"2026-08-11","installed_solar_match":false}},{"type":"Feature","id":"4180034027108960009","geometry":{"type":"Point","coordinates":[127.0187389,38.0444113]},"properties":{"pnu":"4180034027108960009","municipality_code":"41800","municipality":"연천군","district":"연천군","locality":"미산면 우정리","address":"연천군 미산면 우정리 896-9","owner_type":"경기도유지","owner_label":"경기도","manager":"건설국 하천과","property_class":"일반재산","land_category":"답","area_sqm":3634.0,"area_band":"3,000~5,000㎡","interest_category":"대규모부지","solar_candidate":"검토필요","candidate_reason":"넓은 경기도유지로 실제 이용·규제 현황 추가 검토; 면적 3,634㎡","priority_score":40,"source":"경기부동산포털 국공유지조회·연속지적도","source_date":"2026-08-11","installed_solar_match":false}},{"type":"Feature","id":"4180033025106970015","geometry":{"type":"Point","coordinates":[126.9205159,37.9957705]},"properties":{"pnu":"4180033025106970015","municipality_code":"41800","municipality":"연천군","district":"연천군","locality":"백학면 노곡리","address":"연천군 백학면 노곡리 697-15","owner_type":"경기도유지","owner_label":"경기도","manager":"건설국 도로정책과","property_class":"행정재산","land_category":"창고용지","area_sqm":550.0,"area_band":"500~1,000㎡","interest_category":"창고용지","solar_candidate":"검토필요","candidate_reason":"지목·면적 기준 1차 검토 대상; 면적 550㎡","priority_score":40,"source":"경기부동산포털 국공유지조회·연속지적도","source_date":"2026-08-11","installed_solar_match":false}},{"type":"Feature","id":"4180033025106460000","geometry":{"type":"Point","coordinates":[126.9204186,37.9917974]},"properties":{"pnu":"4180033025106460000","municipality_code":"41800","municipality":"연천군","district":"연천군","locality":"백학면 노곡리","address":"연천군 백학면 노곡리 646","owner_type":"경기도유지","owner_label":"경기도","manager":"건설국 도로정책과","property_class":"행정재산","land_category":"대","area_sqm":483.0,"area_band":"100~500㎡","interest_category":"대","solar_candidate":"검토필요","candidate_reason":"청사·공공건축물·주차장 현황 추가 확인 필요; 면적 483㎡","priority_score":40,"source":"경기부동산포털 국공유지조회·연속지적도","source_date":"2026-08-11","installed_solar_match":false}},{"type":"Feature","id":"4180033025106630009","geometry":{"type":"Point","coordinates":[126.9206135,37.9920242]},"properties":{"pnu":"4180033025106630009","municipality_code":"41800","municipality":"연천군","district":"연천군","locality":"백학면 노곡리","address":"연천군 백학면 노곡리 663-9","owner_type":"경기도유지","owner_label":"경기도","manager":"건설국 도로정책과","property_class":"행정재산","land_category":"대","area_sqm":479.0,"area_band":"100~500㎡","interest_category":"대","solar_candidate":"검토필요","candidate_reason":"청사·공공건축물·주차장 현황 추가 확인 필요; 면적 479㎡","priority_score":40,"source":"경기부동산포털 국공유지조회·연속지적도","source_date":"2026-08-11","installed_solar_match":false}},{"type":"Feature","id":"4180033023104210009","geometry":{"type":"Point","coordinates":[126.9188073,38.0017996]},"properties":{"pnu":"4180033023104210009","municipality_code":"41800","municipality":"연천군","district":"연천군","locality":"백학면 통구리","address":"연천군 백학면 통구리 421-9","owner_type":"경기도유지","owner_label":"경기도","manager":"건설국 도로정책과","property_class":"행정재산","land_category":"대","area_sqm":429.0,"area_band":"100~500㎡","interest_category":"대","solar_candidate":"검토필요","candidate_reason":"청사·공공건축물·주차장 현황 추가 확인 필요; 면적 429㎡","priority_score":40,"source":"경기부동산포털 국공유지조회·연속지적도","source_date":"2026-08-11","installed_solar_match":false}},{"type":"Feature","id":"4180033021103780002","geometry":{"type":"Point","coordinates":[126.9159492,38.0273533]},"properties":{"pnu":"4180033021103780002","municipality_code":"41800","municipality":"연천군","district":"연천군","locality":"백학면 두일리","address":"연천군 백학면 두일리 378-2","owner_type":"경기도유지","owner_label":"경기도","manager":"건설국 도로정책과","property_class":"행정재산","land_category":"대","area_sqm":428.0,"area_band":"100~500㎡","interest_category":"대","solar_candidate":"검토필요","candidate_reason":"청사·공공건축물·주차장 현황 추가 확인 필요; 면적 428㎡","priority_score":40,"source":"경기부동산포털 국공유지조회·연속지적도","source_date":"2026-08-11","installed_solar_match":false}},{"type":"Feature","id":"4180033025106970013","geometry":{"type":"Point","coordinates":[126.9205153,37.9956381]},"properties":{"pnu":"4180033025106970013","municipality_code":"41800","municipality":"연천군","district":"연천군","locality":"백학면 노곡리","address":"연천군 백학면 노곡리 697-13","owner_type":"경기도유지","owner_label":"경기도","manager":"건설국 도로정책과","property_class":"행정재산","land_category":"대","area_sqm":419.0,"area_band":"100~500㎡","interest_category":"대","solar_candidate":"검토필요","candidate_reason":"청사·공공건축물·주차장 현황 추가 확인 필요; 면적 419㎡","priority_score":40,"source":"경기부동산포털 국공유지조회·연속지적도","source_date":"2026-08-11","installed_solar_match":false}},{"type":"Feature","id":"4180033021111540006","geometry":{"type":"Point","coordinates":[126.9163448,38.0299341]},"properties":{"pnu":"4180033021111540006","municipality_code":"41800","municipality":"연천군","district":"연천군","locality":"백학면 두일리","address":"연천군 백학면 두일리 1154-6","owner_type":"경기도유지","owner_label":"경기도","manager":"건설국 도로정책과","property_class":"행정재산","land_category":"대","area_sqm":410.0,"area_band":"100~500㎡","interest_category":"대","solar_candidate":"검토필요","candidate_reason":"청사·공공건축물·주차장 현황 추가 확인 필요; 면적 410㎡","priority_score":40,"source":"경기부동산포털 국공유지조회·연속지적도","source_date":"2026-08-11","installed_solar_match":false}},{"type":"Feature","id":"4180033025106630004","geometry":{"type":"Point","coordinates":[126.9203286,37.9921361]},"properties":{"pnu":"4180033025106630004","municipality_code":"41800","municipality":"연천군","district":"연천군","locality":"백학면 노곡리","address":"연천군 백학면 노곡리 663-4","owner_type":"경기도유지","owner_label":"경기도","manager":"건설국 도로정책과","property_class":"행정재산","land_category":"대","area_sqm":400.0,"area_band":"100~500㎡","interest_category":"대","solar_candidate":"검토필요","candidate_reason":"청사·공공건축물·주차장 현황 추가 확인 필요; 면적 400㎡","priority_score":40,"source":"경기부동산포털 국공유지조회·연속지적도","source_date":"2026-08-11","installed_solar_match":false}},{"type":"Feature","id":"4180032021104400053","geometry":{"type":"Point","coordinates":[127.0674752,37.9823296]},"properties":{"pnu":"4180032021104400053","municipality_code":"41800","municipality":"연천군","district":"연천군","locality":"청산면 초성리","address":"연천군 청산면 초성리 440-53","owner_type":"경기도유지","owner_label":"경기도","manager":"건설국 하천과","property_class":"행정재산","land_category":"대","area_sqm":398.0,"area_band":"100~500㎡","interest_category":"대","solar_candidate":"검토필요","candidate_reason":"청사·공공건축물·주차장 현황 추가 확인 필요; 면적 398㎡","priority_score":40,"source":"경기부동산포털 국공유지조회·연속지적도","source_date":"2026-08-11","installed_solar_match":false}},{"type":"Feature","id":"4180033023104690015","geometry":{"type":"Point","coordinates":[126.9146981,38.0045434]},"properties":{"pnu":"4180033023104690015","municipality_code":"41800","municipality":"연천군","district":"연천군","locality":"백학면 통구리","address":"연천군 백학면 통구리 469-15","owner_type":"경기도유지","owner_label":"경기도","manager":"건설국 도로정책과","property_class":"행정재산","land_category":"대","area_sqm":395.0,"area_band":"100~500㎡","interest_category":"대","solar_candidate":"검토필요","candidate_reason":"청사·공공건축물·주차장 현황 추가 확인 필요; 면적 395㎡","priority_score":40,"source":"경기부동산포털 국공유지조회·연속지적도","source_date":"2026-08-11","installed_solar_match":false}},{"type":"Feature","id":"4180033023104540001","geometry":{"type":"Point","coordinates":[126.9188426,38.0019863]},"properties":{"pnu":"4180033023104540001","municipality_code":"41800","municipality":"연천군","district":"연천군","locality":"백학면 통구리","address":"연천군 백학면 통구리 454-1","owner_type":"경기도유지","owner_label":"경기도","manager":"건설국 도로정책과","property_class":"행정재산","land_category":"대","area_sqm":389.0,"area_band":"100~500㎡","interest_category":"대","solar_candidate":"검토필요","candidate_reason":"청사·공공건축물·주차장 현황 추가 확인 필요; 면적 389㎡","priority_score":40,"source":"경기부동산포털 국공유지조회·연속지적도","source_date":"2026-08-11","installed_solar_match":false}},{"type":"Feature","id":"4180034022108060019","geometry":{"type":"Point","coordinates":[126.9347267,38.037285]},"properties":{"pnu":"4180034022108060019","municipality_code":"41800","municipality":"연천군","district":"연천군","locality":"미산면 아미리","address":"연천군 미산면 아미리 806-19","owner_type":"경기도유지","owner_label":"경기도","manager":"건설국 도로정책과","property_class":"행정재산","land_category":"대","area_sqm":375.0,"area_band":"100~500㎡","interest_category":"대","solar_candidate":"검토필요","candidate_reason":"청사·공공건축물·주차장 현황 추가 확인 필요; 면적 375㎡","priority_score":40,"source":"경기부동산포털 국공유지조회·연속지적도","source_date":"2026-08-11","installed_solar_match":false}},{"type":"Feature","id":"4180025322108210003","geometry":{"type":"Point","coordinates":[127.0514488,38.0270808]},"properties":{"pnu":"4180025322108210003","municipality_code":"41800","municipality":"연천군","district":"연천군","locality":"전곡읍 은대리","address":"연천군 전곡읍 은대리 821-3","owner_type":"경기도유지","owner_label":"경기도","manager":"건설국 하천과","property_class":"행정재산","land_category":"대","area_sqm":371.0,"area_band":"100~500㎡","interest_category":"대","solar_candidate":"검토필요","candidate_reason":"청사·공공건축물·주차장 현황 추가 확인 필요; 면적 371㎡","priority_score":40,"source":"경기부동산포털 국공유지조회·연속지적도","source_date":"2026-08-11","installed_solar_match":false}},{"type":"Feature","id":"4180032022105290026","geometry":{"type":"Point","coordinates":[127.0850619,38.0094229]},"properties":{"pnu":"4180032022105290026","municipality_code":"41800","municipality":"연천군","district":"연천군","locality":"청산면 대전리","address":"연천군 청산면 대전리 529-26","owner_type":"경기도유지","owner_label":"경기도","manager":"건설국 도로정책과","property_class":"행정재산","land_category":"대","area_sqm":362.0,"area_band":"100~500㎡","interest_category":"대","solar_candidate":"검토필요","candidate_reason":"청사·공공건축물·주차장 현황 추가 확인 필요; 면적 362㎡","priority_score":40,"source":"경기부동산포털 국공유지조회·연속지적도","source_date":"2026-08-11","installed_solar_match":false}},{"type":"Feature","id":"4180033021103380000","geometry":{"type":"Point","coordinates":[126.9209847,38.0328054]},"properties":{"pnu":"4180033021103380000","municipality_code":"41800","municipality":"연천군","district":"연천군","locality":"백학면 두일리","address":"연천군 백학면 두일리 338","owner_type":"경기도유지","owner_label":"경기도","manager":"건설국 도로정책과","property_class":"행정재산","land_category":"대","area_sqm":360.0,"area_band":"100~500㎡","interest_category":"대","solar_candidate":"검토필요","candidate_reason":"청사·공공건축물·주차장 현황 추가 확인 필요; 면적 360㎡","priority_score":40,"source":"경기부동산포털 국공유지조회·연속지적도","source_date":"2026-08-11","installed_solar_match":false}},{"type":"Feature","id":"4180033025106970011","geometry":{"type":"Point","coordinates":[126.9207415,37.9955854]},"properties":{"pnu":"4180033025106970011","municipality_code":"41800","municipality":"연천군","district":"연천군","locality":"백학면 노곡리","address":"연천군 백학면 노곡리 697-11","owner_type":"경기도유지","owner_label":"경기도","manager":"건설국 도로정책과","property_class":"행정재산","land_category":"대","area_sqm":350.0,"area_band":"100~500㎡","interest_category":"대","solar_candidate":"검토필요","candidate_reason":"청사·공공건축물·주차장 현황 추가 확인 필요; 면적 350㎡","priority_score":40,"source":"경기부동산포털 국공유지조회·연속지적도","source_date":"2026-08-11","installed_solar_match":false}},{"type":"Feature","id":"4180031022107430003","geometry":{"type":"Point","coordinates":[127.0400114,38.1096923]},"properties":{"pnu":"4180031022107430003","municipality_code":"41800","municipality":"연천군","district":"연천군","locality":"군남면 옥계리","address":"연천군 군남면 옥계리 743-3","owner_type":"경기도유지","owner_label":"경기도","manager":"건설국 도로정책과","property_class":"행정재산","land_category":"대","area_sqm":348.0,"area_band":"100~500㎡","interest_category":"대","solar_candidate":"검토필요","candidate_reason":"청사·공공건축물·주차장 현황 추가 확인 필요; 면적 348㎡","priority_score":40,"source":"경기부동산포털 국공유지조회·연속지적도","source_date":"2026-08-11","installed_solar_match":false}},{"type":"Feature","id":"4180033021103370002","geometry":{"type":"Point","coordinates":[126.9198226,38.032326]},"properties":{"pnu":"4180033021103370002","municipality_code":"41800","municipality":"연천군","district":"연천군","locality":"백학면 두일리","address":"연천군 백학면 두일리 337-2","owner_type":"경기도유지","owner_label":"경기도","manager":"건설국 도로정책과","property_class":"행정재산","land_category":"대","area_sqm":348.0,"area_band":"100~500㎡","interest_category":"대","solar_candidate":"검토필요","candidate_reason":"청사·공공건축물·주차장 현황 추가 확인 필요; 면적 348㎡","priority_score":40,"source":"경기부동산포털 국공유지조회·연속지적도","source_date":"2026-08-11","installed_solar_match":false}},{"type":"Feature","id":"4180033021100110006","geometry":{"type":"Point","coordinates":[126.9221085,38.0327742]},"properties":{"pnu":"4180033021100110006","municipality_code":"41800","municipality":"연천군","district":"연천군","locality":"백학면 두일리","address":"연천군 백학면 두일리 11-6","owner_type":"경기도유지","owner_label":"경기도(교육감)","manager":"","property_class":"","land_category":"대","area_sqm":347.0,"area_band":"100~500㎡","interest_category":"대","solar_candidate":"검토필요","candidate_reason":"청사·공공건축물·주차장 현황 추가 확인 필요; 면적 347㎡","priority_score":40,"source":"경기부동산포털 국공유지조회·연속지적도","source_date":"2026-08-11","installed_solar_match":false}},{"type":"Feature","id":"4180032021101080005","geometry":{"type":"Point","coordinates":[127.0777967,37.991104]},"properties":{"pnu":"4180032021101080005","municipality_code":"41800","municipality":"연천군","district":"연천군","locality":"청산면 초성리","address":"연천군 청산면 초성리 108-5","owner_type":"경기도유지","owner_label":"경기도","manager":"건설국 하천과","property_class":"행정재산","land_category":"대","area_sqm":346.0,"area_band":"100~500㎡","interest_category":"대","solar_candidate":"검토필요","candidate_reason":"청사·공공건축물·주차장 현황 추가 확인 필요; 면적 346㎡","priority_score":40,"source":"경기부동산포털 국공유지조회·연속지적도","source_date":"2026-08-11","installed_solar_match":false}},{"type":"Feature","id":"4180025322108200002","geometry":{"type":"Point","coordinates":[127.0526706,38.0264462]},"properties":{"pnu":"4180025322108200002","municipality_code":"41800","municipality":"연천군","district":"연천군","locality":"전곡읍 은대리","address":"연천군 전곡읍 은대리 820-2","owner_type":"경기도유지","owner_label":"경기도","manager":"건설국 하천과","property_class":"행정재산","land_category":"대","area_sqm":336.0,"area_band":"100~500㎡","interest_category":"대","solar_candidate":"검토필요","candidate_reason":"청사·공공건축물·주차장 현황 추가 확인 필요; 면적 336㎡","priority_score":40,"source":"경기부동산포털 국공유지조회·연속지적도","source_date":"2026-08-11","installed_solar_match":false}},{"type":"Feature","id":"4180033021111790003","geometry":{"type":"Point","coordinates":[126.9158919,38.0278893]},"properties":{"pnu":"4180033021111790003","municipality_code":"41800","municipality":"연천군","district":"연천군","locality":"백학면 두일리","address":"연천군 백학면 두일리 1179-3","owner_type":"경기도유지","owner_label":"경기도","manager":"건설국 도로정책과","property_class":"행정재산","land_category":"대","area_sqm":331.0,"area_band":"100~500㎡","interest_category":"대","solar_candidate":"검토필요","candidate_reason":"청사·공공건축물·주차장 현황 추가 확인 필요; 면적 331㎡","priority_score":40,"source":"경기부동산포털 국공유지조회·연속지적도","source_date":"2026-08-11","installed_solar_match":false}},{"type":"Feature","id":"4180033021111790000","geometry":{"type":"Point","coordinates":[126.9157691,38.0279247]},"properties":{"pnu":"4180033021111790000","municipality_code":"41800","municipality":"연천군","district":"연천군","locality":"백학면 두일리","address":"연천군 백학면 두일리 1179","owner_type":"경기도유지","owner_label":"경기도","manager":"건설국 도로정책과","property_class":"행정재산","land_category":"대","area_sqm":324.0,"area_band":"100~500㎡","interest_category":"대","solar_candidate":"검토필요","candidate_reason":"청사·공공건축물·주차장 현황 추가 확인 필요; 면적 324㎡","priority_score":40,"source":"경기부동산포털 국공유지조회·연속지적도","source_date":"2026-08-11","installed_solar_match":false}},{"type":"Feature","id":"4180025029104580002","geometry":{"type":"Point","coordinates":[127.0976166,38.062111]},"properties":{"pnu":"4180025029104580002","municipality_code":"41800","municipality":"연천군","district":"연천군","locality":"연천읍 고문리","address":"연천군 연천읍 고문리 458-2","owner_type":"경기도유지","owner_label":"경기도","manager":"건설국 도로정책과","property_class":"행정재산","land_category":"대","area_sqm":321.0,"area_band":"100~500㎡","interest_category":"대","solar_candidate":"검토필요","candidate_reason":"청사·공공건축물·주차장 현황 추가 확인 필요; 면적 321㎡","priority_score":40,"source":"경기부동산포털 국공유지조회·연속지적도","source_date":"2026-08-11","installed_solar_match":false}},{"type":"Feature","id":"4180025029104580004","geometry":{"type":"Point","coordinates":[127.0978883,38.0620563]},"properties":{"pnu":"4180025029104580004","municipality_code":"41800","municipality":"연천군","district":"연천군","locality":"연천읍 고문리","address":"연천군 연천읍 고문리 458-4","owner_type":"경기도유지","owner_label":"경기도","manager":"건설국 도로정책과","property_class":"행정재산","land_category":"대","area_sqm":308.0,"area_band":"100~500㎡","interest_category":"대","solar_candidate":"검토필요","candidate_reason":"청사·공공건축물·주차장 현황 추가 확인 필요; 면적 308㎡","priority_score":40,"source":"경기부동산포털 국공유지조회·연속지적도","source_date":"2026-08-11","installed_solar_match":false}},{"type":"Feature","id":"4180025025103750002","geometry":{"type":"Point","coordinates":[127.0823924,38.1009274]},"properties":{"pnu":"4180025025103750002","municipality_code":"41800","municipality":"연천군","district":"연천군","locality":"연천읍 옥산리","address":"연천군 연천읍 옥산리 375-2","owner_type":"경기도유지","owner_label":"경기도","manager":"건설국 하천과","property_class":"행정재산","land_category":"대","area_sqm":296.0,"area_band":"100~500㎡","interest_category":"대","solar_candidate":"검토필요","candidate_reason":"청사·공공건축물·주차장 현황 추가 확인 필요; 면적 296㎡","priority_score":40,"source":"경기부동산포털 국공유지조회·연속지적도","source_date":"2026-08-11","installed_solar_match":false}},{"type":"Feature","id":"4180033025107250009","geometry":{"type":"Point","coordinates":[126.9200912,37.9989371]},"properties":{"pnu":"4180033025107250009","municipality_code":"41800","municipality":"연천군","district":"연천군","locality":"백학면 노곡리","address":"연천군 백학면 노곡리 725-9","owner_type":"경기도유지","owner_label":"경기도","manager":"건설국 도로정책과","property_class":"행정재산","land_category":"대","area_sqm":278.0,"area_band":"100~500㎡","interest_category":"대","solar_candidate":"검토필요","candidate_reason":"청사·공공건축물·주차장 현황 추가 확인 필요; 면적 278㎡","priority_score":40,"source":"경기부동산포털 국공유지조회·연속지적도","source_date":"2026-08-11","installed_solar_match":false}},{"type":"Feature","id":"4180033025106620007","geometry":{"type":"Point","coordinates":[126.9203478,37.9923294]},"properties":{"pnu":"4180033025106620007","municipality_code":"41800","municipality":"연천군","district":"연천군","locality":"백학면 노곡리","address":"연천군 백학면 노곡리 662-7","owner_type":"경기도유지","owner_label":"경기도","manager":"건설국 도로정책과","property_class":"행정재산","land_category":"대","area_sqm":276.0,"area_band":"100~500㎡","interest_category":"대","solar_candidate":"검토필요","candidate_reason":"청사·공공건축물·주차장 현황 추가 확인 필요; 면적 276㎡","priority_score":40,"source":"경기부동산포털 국공유지조회·연속지적도","source_date":"2026-08-11","installed_solar_match":false}},{"type":"Feature","id":"4180033023106210003","geometry":{"type":"Point","coordinates":[126.9143634,38.0130422]},"properties":{"pnu":"4180033023106210003","municipality_code":"41800","municipality":"연천군","district":"연천군","locality":"백학면 통구리","address":"연천군 백학면 통구리 621-3","owner_type":"경기도유지","owner_label":"경기도","manager":"건설국 도로정책과","property_class":"행정재산","land_category":"대","area_sqm":275.0,"area_band":"100~500㎡","interest_category":"대","solar_candidate":"검토필요","candidate_reason":"청사·공공건축물·주차장 현황 추가 확인 필요; 면적 275㎡","priority_score":40,"source":"경기부동산포털 국공유지조회·연속지적도","source_date":"2026-08-11","installed_solar_match":false}},{"type":"Feature","id":"4180033023106670004","geometry":{"type":"Point","coordinates":[126.9132832,38.0062987]},"properties":{"pnu":"4180033023106670004","municipality_code":"41800","municipality":"연천군","district":"연천군","locality":"백학면 통구리","address":"연천군 백학면 통구리 667-4","owner_type":"경기도유지","owner_label":"경기도","manager":"건설국 도로정책과","property_class":"행정재산","land_category":"대","area_sqm":270.0,"area_band":"100~500㎡","interest_category":"대","solar_candidate":"검토필요","candidate_reason":"청사·공공건축물·주차장 현황 추가 확인 필요; 면적 270㎡","priority_score":40,"source":"경기부동산포털 국공유지조회·연속지적도","source_date":"2026-08-11","installed_solar_match":false}},{"type":"Feature","id":"4180031026104250008","geometry":{"type":"Point","coordinates":[127.030167,38.0380039]},"properties":{"pnu":"4180031026104250008","municipality_code":"41800","municipality":"연천군","district":"연천군","locality":"군남면 황지리","address":"연천군 군남면 황지리 425-8","owner_type":"경기도유지","owner_label":"경기도","manager":"건설국 도로정책과","property_class":"행정재산","land_category":"대","area_sqm":264.0,"area_band":"100~500㎡","interest_category":"대","solar_candidate":"검토필요","candidate_reason":"청사·공공건축물·주차장 현황 추가 확인 필요; 면적 264㎡","priority_score":40,"source":"경기부동산포털 국공유지조회·연속지적도","source_date":"2026-08-11","installed_solar_match":false}},{"type":"Feature","id":"4180033023106700008","geometry":{"type":"Point","coordinates":[126.9142032,38.0052152]},"properties":{"pnu":"4180033023106700008","municipality_code":"41800","municipality":"연천군","district":"연천군","locality":"백학면 통구리","address":"연천군 백학면 통구리 670-8","owner_type":"경기도유지","owner_label":"경기도","manager":"건설국 도로정책과","property_class":"행정재산","land_category":"대","area_sqm":259.0,"area_band":"100~500㎡","interest_category":"대","solar_candidate":"검토필요","candidate_reason":"청사·공공건축물·주차장 현황 추가 확인 필요; 면적 259㎡","priority_score":40,"source":"경기부동산포털 국공유지조회·연속지적도","source_date":"2026-08-11","installed_solar_match":false}},{"type":"Feature","id":"4180033023104210000","geometry":{"type":"Point","coordinates":[126.9189908,38.0017505]},"properties":{"pnu":"4180033023104210000","municipality_code":"41800","municipality":"연천군","district":"연천군","locality":"백학면 통구리","address":"연천군 백학면 통구리 421","owner_type":"경기도유지","owner_label":"경기도","manager":"건설국 도로정책과","property_class":"행정재산","land_category":"대","area_sqm":231.0,"area_band":"100~500㎡","interest_category":"대","solar_candidate":"검토필요","candidate_reason":"청사·공공건축물·주차장 현황 추가 확인 필요; 면적 231㎡","priority_score":40,"source":"경기부동산포털 국공유지조회·연속지적도","source_date":"2026-08-11","installed_solar_match":false}},{"type":"Feature","id":"4180033021100090012","geometry":{"type":"Point","coordinates":[126.9238634,38.0329414]},"properties":{"pnu":"4180033021100090012","municipality_code":"41800","municipality":"연천군","district":"연천군","locality":"백학면 두일리","address":"연천군 백학면 두일리 9-12","owner_type":"경기도유지","owner_label":"경기도","manager":"소방재난본부 회계장비담당관","property_class":"행정재산","land_category":"대","area_sqm":228.0,"area_band":"100~500㎡","interest_category":"대","solar_candidate":"검토필요","candidate_reason":"청사·공공건축물·주차장 현황 추가 확인 필요; 면적 228㎡","priority_score":40,"source":"경기부동산포털 국공유지조회·연속지적도","source_date":"2026-08-11","installed_solar_match":false}},{"type":"Feature","id":"4180033021109590001","geometry":{"type":"Point","coordinates":[126.9154039,38.0264474]},"properties":{"pnu":"4180033021109590001","municipality_code":"41800","municipality":"연천군","district":"연천군","locality":"백학면 두일리","address":"연천군 백학면 두일리 959-1","owner_type":"경기도유지","owner_label":"경기도","manager":"건설국 도로정책과","property_class":"행정재산","land_category":"대","area_sqm":220.0,"area_band":"100~500㎡","interest_category":"대","solar_candidate":"검토필요","candidate_reason":"청사·공공건축물·주차장 현황 추가 확인 필요; 면적 220㎡","priority_score":40,"source":"경기부동산포털 국공유지조회·연속지적도","source_date":"2026-08-11","installed_solar_match":false}},{"type":"Feature","id":"4180032022105270009","geometry":{"type":"Point","coordinates":[127.0843061,38.0093901]},"properties":{"pnu":"4180032022105270009","municipality_code":"41800","municipality":"연천군","district":"연천군","locality":"청산면 대전리","address":"연천군 청산면 대전리 527-9","owner_type":"경기도유지","owner_label":"경기도","manager":"건설국 도로정책과","property_class":"행정재산","land_category":"대","area_sqm":215.0,"area_band":"100~500㎡","interest_category":"대","solar_candidate":"검토필요","candidate_reason":"청사·공공건축물·주차장 현황 추가 확인 필요; 면적 215㎡","priority_score":40,"source":"경기부동산포털 국공유지조회·연속지적도","source_date":"2026-08-11","installed_solar_match":false}},{"type":"Feature","id":"4180025029104580005","geometry":{"type":"Point","coordinates":[127.0981645,38.0620609]},"properties":{"pnu":"4180025029104580005","municipality_code":"41800","municipality":"연천군","district":"연천군","locality":"연천읍 고문리","address":"연천군 연천읍 고문리 458-5","owner_type":"경기도유지","owner_label":"경기도","manager":"건설국 도로정책과","property_class":"행정재산","land_category":"대","area_sqm":204.0,"area_band":"100~500㎡","interest_category":"대","solar_candidate":"검토필요","candidate_reason":"청사·공공건축물·주차장 현황 추가 확인 필요; 면적 204㎡","priority_score":40,"source":"경기부동산포털 국공유지조회·연속지적도","source_date":"2026-08-11","installed_solar_match":false}},{"type":"Feature","id":"4180033022100650001","geometry":{"type":"Point","coordinates":[126.9107953,38.0381903]},"properties":{"pnu":"4180033022100650001","municipality_code":"41800","municipality":"연천군","district":"연천군","locality":"백학면 백령리","address":"연천군 백학면 백령리 65-1","owner_type":"경기도유지","owner_label":"경기도","manager":"건설국 하천과","property_class":"행정재산","land_category":"대","area_sqm":203.0,"area_band":"100~500㎡","interest_category":"대","solar_candidate":"검토필요","candidate_reason":"청사·공공건축물·주차장 현황 추가 확인 필요; 면적 203㎡","priority_score":40,"source":"경기부동산포털 국공유지조회·연속지적도","source_date":"2026-08-11","installed_solar_match":false}},{"type":"Feature","id":"4180025322105060007","geometry":{"type":"Point","coordinates":[127.0681255,38.0348701]},"properties":{"pnu":"4180025322105060007","municipality_code":"41800","municipality":"연천군","district":"연천군","locality":"전곡읍 은대리","address":"연천군 전곡읍 은대리 506-7","owner_type":"경기도유지","owner_label":"경기도(교육감)","manager":"","property_class":"","land_category":"대","area_sqm":202.0,"area_band":"100~500㎡","interest_category":"대","solar_candidate":"검토필요","candidate_reason":"청사·공공건축물·주차장 현황 추가 확인 필요; 면적 202㎡","priority_score":40,"source":"경기부동산포털 국공유지조회·연속지적도","source_date":"2026-08-11","installed_solar_match":false}},{"type":"Feature","id":"4180033021103670002","geometry":{"type":"Point","coordinates":[126.9166365,38.0304732]},"properties":{"pnu":"4180033021103670002","municipality_code":"41800","municipality":"연천군","district":"연천군","locality":"백학면 두일리","address":"연천군 백학면 두일리 367-2","owner_type":"경기도유지","owner_label":"경기도","manager":"건설국 도로정책과","property_class":"행정재산","land_category":"대","area_sqm":198.0,"area_band":"100~500㎡","interest_category":"대","solar_candidate":"검토필요","candidate_reason":"청사·공공건축물·주차장 현황 추가 확인 필요; 면적 198㎡","priority_score":40,"source":"경기부동산포털 국공유지조회·연속지적도","source_date":"2026-08-11","installed_solar_match":false}},{"type":"Feature","id":"4180036022101690003","geometry":{"type":"Point","coordinates":[127.1008094,38.1729329]},"properties":{"pnu":"4180036022101690003","municipality_code":"41800","municipality":"연천군","district":"연천군","locality":"신서면 도신리","address":"연천군 신서면 도신리 169-3","owner_type":"경기도유지","owner_label":"경기도","manager":"경기도농업기술원","property_class":"행정재산","land_category":"대","area_sqm":188.0,"area_band":"100~500㎡","interest_category":"대","solar_candidate":"검토필요","candidate_reason":"청사·공공건축물·주차장 현황 추가 확인 필요; 면적 188㎡","priority_score":40,"source":"경기부동산포털 국공유지조회·연속지적도","source_date":"2026-08-11","installed_solar_match":false}},{"type":"Feature","id":"4180036022101730003","geometry":{"type":"Point","coordinates":[127.0978444,38.1740951]},"properties":{"pnu":"4180036022101730003","municipality_code":"41800","municipality":"연천군","district":"연천군","locality":"신서면 도신리","address":"연천군 신서면 도신리 173-3","owner_type":"경기도유지","owner_label":"경기도","manager":"건설국 하천과","property_class":"행정재산","land_category":"대","area_sqm":188.0,"area_band":"100~500㎡","interest_category":"대","solar_candidate":"검토필요","candidate_reason":"청사·공공건축물·주차장 현황 추가 확인 필요; 면적 188㎡","priority_score":40,"source":"경기부동산포털 국공유지조회·연속지적도","source_date":"2026-08-11","installed_solar_match":false}},{"type":"Feature","id":"4180031027100320007","geometry":{"type":"Point","coordinates":[127.0409669,38.0286684]},"properties":{"pnu":"4180031027100320007","municipality_code":"41800","municipality":"연천군","district":"연천군","locality":"군남면 남계리","address":"연천군 군남면 남계리 32-7","owner_type":"경기도유지","owner_label":"경기도","manager":"건설국 도로정책과","property_class":"행정재산","land_category":"대","area_sqm":186.0,"area_band":"100~500㎡","interest_category":"대","solar_candidate":"검토필요","candidate_reason":"청사·공공건축물·주차장 현황 추가 확인 필요; 면적 186㎡","priority_score":40,"source":"경기부동산포털 국공유지조회·연속지적도","source_date":"2026-08-11","installed_solar_match":false}},{"type":"Feature","id":"4180033021103950003","geometry":{"type":"Point","coordinates":[126.9132874,38.0224342]},"properties":{"pnu":"4180033021103950003","municipality_code":"41800","municipality":"연천군","district":"연천군","locality":"백학면 두일리","address":"연천군 백학면 두일리 395-3","owner_type":"경기도유지","owner_label":"경기도","manager":"건설국 도로정책과","property_class":"행정재산","land_category":"대","area_sqm":185.0,"area_band":"100~500㎡","interest_category":"대","solar_candidate":"검토필요","candidate_reason":"청사·공공건축물·주차장 현황 추가 확인 필요; 면적 185㎡","priority_score":40,"source":"경기부동산포털 국공유지조회·연속지적도","source_date":"2026-08-11","installed_solar_match":false}},{"type":"Feature","id":"4180031027101920005","geometry":{"type":"Point","coordinates":[127.0372875,38.0299406]},"properties":{"pnu":"4180031027101920005","municipality_code":"41800","municipality":"연천군","district":"연천군","locality":"군남면 남계리","address":"연천군 군남면 남계리 192-5","owner_type":"경기도유지","owner_label":"경기도","manager":"건설국 도로정책과","property_class":"행정재산","land_category":"대","area_sqm":178.0,"area_band":"100~500㎡","interest_category":"대","solar_candidate":"검토필요","candidate_reason":"청사·공공건축물·주차장 현황 추가 확인 필요; 면적 178㎡","priority_score":40,"source":"경기부동산포털 국공유지조회·연속지적도","source_date":"2026-08-11","installed_solar_match":false}},{"type":"Feature","id":"4180036022103090006","geometry":{"type":"Point","coordinates":[127.1030785,38.1807058]},"properties":{"pnu":"4180036022103090006","municipality_code":"41800","municipality":"연천군","district":"연천군","locality":"신서면 도신리","address":"연천군 신서면 도신리 309-6","owner_type":"경기도유지","owner_label":"경기도","manager":"건설국 하천과","property_class":"행정재산","land_category":"대","area_sqm":177.0,"area_band":"100~500㎡","interest_category":"대","solar_candidate":"검토필요","candidate_reason":"청사·공공건축물·주차장 현황 추가 확인 필요; 면적 177㎡","priority_score":40,"source":"경기부동산포털 국공유지조회·연속지적도","source_date":"2026-08-11","installed_solar_match":false}},{"type":"Feature","id":"4180033021103650001","geometry":{"type":"Point","coordinates":[126.9164881,38.0296466]},"properties":{"pnu":"4180033021103650001","municipality_code":"41800","municipality":"연천군","district":"연천군","locality":"백학면 두일리","address":"연천군 백학면 두일리 365-1","owner_type":"경기도유지","owner_label":"경기도","manager":"건설국 도로정책과","property_class":"행정재산","land_category":"대","area_sqm":175.0,"area_band":"100~500㎡","interest_category":"대","solar_candidate":"검토필요","candidate_reason":"청사·공공건축물·주차장 현황 추가 확인 필요; 면적 175㎡","priority_score":40,"source":"경기부동산포털 국공유지조회·연속지적도","source_date":"2026-08-11","installed_solar_match":false}},{"type":"Feature","id":"4180032022104010006","geometry":{"type":"Point","coordinates":[127.0911924,38.0092923]},"properties":{"pnu":"4180032022104010006","municipality_code":"41800","municipality":"연천군","district":"연천군","locality":"청산면 대전리","address":"연천군 청산면 대전리 401-6","owner_type":"경기도유지","owner_label":"경기도","manager":"건설국 도로정책과","property_class":"행정재산","land_category":"대","area_sqm":174.0,"area_band":"100~500㎡","interest_category":"대","solar_candidate":"검토필요","candidate_reason":"청사·공공건축물·주차장 현황 추가 확인 필요; 면적 174㎡","priority_score":40,"source":"경기부동산포털 국공유지조회·연속지적도","source_date":"2026-08-11","installed_solar_match":false}},{"type":"Feature","id":"4180033025105630003","geometry":{"type":"Point","coordinates":[126.9202662,37.9905624]},"properties":{"pnu":"4180033025105630003","municipality_code":"41800","municipality":"연천군","district":"연천군","locality":"백학면 노곡리","address":"연천군 백학면 노곡리 563-3","owner_type":"경기도유지","owner_label":"경기도","manager":"건설국 도로정책과","property_class":"행정재산","land_category":"대","area_sqm":174.0,"area_band":"100~500㎡","interest_category":"대","solar_candidate":"검토필요","candidate_reason":"청사·공공건축물·주차장 현황 추가 확인 필요; 면적 174㎡","priority_score":40,"source":"경기부동산포털 국공유지조회·연속지적도","source_date":"2026-08-11","installed_solar_match":false}},{"type":"Feature","id":"4180034027104840005","geometry":{"type":"Point","coordinates":[127.0104604,38.0490228]},"properties":{"pnu":"4180034027104840005","municipality_code":"41800","municipality":"연천군","district":"연천군","locality":"미산면 우정리","address":"연천군 미산면 우정리 484-5","owner_type":"경기도유지","owner_label":"경기도","manager":"건설국 도로정책과","property_class":"행정재산","land_category":"대","area_sqm":173.0,"area_band":"100~500㎡","interest_category":"대","solar_candidate":"검토필요","candidate_reason":"청사·공공건축물·주차장 현황 추가 확인 필요; 면적 173㎡","priority_score":40,"source":"경기부동산포털 국공유지조회·연속지적도","source_date":"2026-08-11","installed_solar_match":false}},{"type":"Feature","id":"4180025322108210008","geometry":{"type":"Point","coordinates":[127.0505959,38.0275786]},"properties":{"pnu":"4180025322108210008","municipality_code":"41800","municipality":"연천군","district":"연천군","locality":"전곡읍 은대리","address":"연천군 전곡읍 은대리 821-8","owner_type":"경기도유지","owner_label":"경기도","manager":"건설국 하천과","property_class":"행정재산","land_category":"대","area_sqm":172.0,"area_band":"100~500㎡","interest_category":"대","solar_candidate":"검토필요","candidate_reason":"청사·공공건축물·주차장 현황 추가 확인 필요; 면적 172㎡","priority_score":40,"source":"경기부동산포털 국공유지조회·연속지적도","source_date":"2026-08-11","installed_solar_match":false}},{"type":"Feature","id":"4180033022100650007","geometry":{"type":"Point","coordinates":[126.9106752,38.0381341]},"properties":{"pnu":"4180033022100650007","municipality_code":"41800","municipality":"연천군","district":"연천군","locality":"백학면 백령리","address":"연천군 백학면 백령리 65-7","owner_type":"경기도유지","owner_label":"경기도","manager":"건설국 하천과","property_class":"행정재산","land_category":"대","area_sqm":172.0,"area_band":"100~500㎡","interest_category":"대","solar_candidate":"검토필요","candidate_reason":"청사·공공건축물·주차장 현황 추가 확인 필요; 면적 172㎡","priority_score":40,"source":"경기부동산포털 국공유지조회·연속지적도","source_date":"2026-08-11","installed_solar_match":false}},{"type":"Feature","id":"4180033021103940007","geometry":{"type":"Point","coordinates":[126.914069,38.0233413]},"properties":{"pnu":"4180033021103940007","municipality_code":"41800","municipality":"연천군","district":"연천군","locality":"백학면 두일리","address":"연천군 백학면 두일리 394-7","owner_type":"경기도유지","owner_label":"경기도","manager":"건설국 도로정책과","property_class":"행정재산","land_category":"대","area_sqm":170.0,"area_band":"100~500㎡","interest_category":"대","solar_candidate":"검토필요","candidate_reason":"청사·공공건축물·주차장 현황 추가 확인 필요; 면적 170㎡","priority_score":40,"source":"경기부동산포털 국공유지조회·연속지적도","source_date":"2026-08-11","installed_solar_match":false}},{"type":"Feature","id":"4180033021100250008","geometry":{"type":"Point","coordinates":[126.9234077,38.0331726]},"properties":{"pnu":"4180033021100250008","municipality_code":"41800","municipality":"연천군","district":"연천군","locality":"백학면 두일리","address":"연천군 백학면 두일리 25-8","owner_type":"경기도유지","owner_label":"경기도","manager":"소방재난본부 회계장비담당관","property_class":"행정재산","land_category":"대","area_sqm":169.0,"area_band":"100~500㎡","interest_category":"대","solar_candidate":"검토필요","candidate_reason":"청사·공공건축물·주차장 현황 추가 확인 필요; 면적 169㎡","priority_score":40,"source":"경기부동산포털 국공유지조회·연속지적도","source_date":"2026-08-11","installed_solar_match":false}},{"type":"Feature","id":"4180033023104530006","geometry":{"type":"Point","coordinates":[126.9184327,38.0018909]},"properties":{"pnu":"4180033023104530006","municipality_code":"41800","municipality":"연천군","district":"연천군","locality":"백학면 통구리","address":"연천군 백학면 통구리 453-6","owner_type":"경기도유지","owner_label":"경기도","manager":"건설국 도로정책과","property_class":"행정재산","land_category":"대","area_sqm":163.0,"area_band":"100~500㎡","interest_category":"대","solar_candidate":"검토필요","candidate_reason":"청사·공공건축물·주차장 현황 추가 확인 필요; 면적 163㎡","priority_score":40,"source":"경기부동산포털 국공유지조회·연속지적도","source_date":"2026-08-11","installed_solar_match":false}},{"type":"Feature","id":"4180033021103910002","geometry":{"type":"Point","coordinates":[126.915928,38.0262566]},"properties":{"pnu":"4180033021103910002","municipality_code":"41800","municipality":"연천군","district":"연천군","locality":"백학면 두일리","address":"연천군 백학면 두일리 391-2","owner_type":"경기도유지","owner_label":"경기도","manager":"건설국 도로정책과","property_class":"행정재산","land_category":"대","area_sqm":162.0,"area_band":"100~500㎡","interest_category":"대","solar_candidate":"검토필요","candidate_reason":"청사·공공건축물·주차장 현황 추가 확인 필요; 면적 162㎡","priority_score":40,"source":"경기부동산포털 국공유지조회·연속지적도","source_date":"2026-08-11","installed_solar_match":false}},{"type":"Feature","id":"4180033021103950001","geometry":{"type":"Point","coordinates":[126.9136173,38.0223873]},"properties":{"pnu":"4180033021103950001","municipality_code":"41800","municipality":"연천군","district":"연천군","locality":"백학면 두일리","address":"연천군 백학면 두일리 395-1","owner_type":"경기도유지","owner_label":"경기도","manager":"건설국 도로정책과","property_class":"행정재산","land_category":"대","area_sqm":157.0,"area_band":"100~500㎡","interest_category":"대","solar_candidate":"검토필요","candidate_reason":"청사·공공건축물·주차장 현황 추가 확인 필요; 면적 157㎡","priority_score":40,"source":"경기부동산포털 국공유지조회·연속지적도","source_date":"2026-08-11","installed_solar_match":false}},{"type":"Feature","id":"4180033023104530003","geometry":{"type":"Point","coordinates":[126.9184419,38.0018552]},"properties":{"pnu":"4180033023104530003","municipality_code":"41800","municipality":"연천군","district":"연천군","locality":"백학면 통구리","address":"연천군 백학면 통구리 453-3","owner_type":"경기도유지","owner_label":"경기도","manager":"건설국 도로정책과","property_class":"행정재산","land_category":"대","area_sqm":155.0,"area_band":"100~500㎡","interest_category":"대","solar_candidate":"검토필요","candidate_reason":"청사·공공건축물·주차장 현황 추가 확인 필요; 면적 155㎡","priority_score":40,"source":"경기부동산포털 국공유지조회·연속지적도","source_date":"2026-08-11","installed_solar_match":false}},{"type":"Feature","id":"4180033046103940018","geometry":{"type":"Point","coordinates":[126.9297594,38.0522467]},"properties":{"pnu":"4180033046103940018","municipality_code":"41800","municipality":"연천군","district":"연천군","locality":"백학면 석장리","address":"연천군 백학면 석장리 394-18","owner_type":"경기도유지","owner_label":"경기도","manager":"","property_class":"","land_category":"대","area_sqm":149.0,"area_band":"100~500㎡","interest_category":"대","solar_candidate":"검토필요","candidate_reason":"청사·공공건축물·주차장 현황 추가 확인 필요; 면적 149㎡","priority_score":40,"source":"경기부동산포털 국공유지조회·연속지적도","source_date":"2026-08-11","installed_solar_match":false}},{"type":"Feature","id":"4180036022103090027","geometry":{"type":"Point","coordinates":[127.1029812,38.1808151]},"properties":{"pnu":"4180036022103090027","municipality_code":"41800","municipality":"연천군","district":"연천군","locality":"신서면 도신리","address":"연천군 신서면 도신리 309-27","owner_type":"경기도유지","owner_label":"경기도","manager":"건설국 하천과","property_class":"행정재산","land_category":"대","area_sqm":149.0,"area_band":"100~500㎡","interest_category":"대","solar_candidate":"검토필요","candidate_reason":"청사·공공건축물·주차장 현황 추가 확인 필요; 면적 149㎡","priority_score":40,"source":"경기부동산포털 국공유지조회·연속지적도","source_date":"2026-08-11","installed_solar_match":false}},{"type":"Feature","id":"4180025029102410024","geometry":{"type":"Point","coordinates":[127.1143801,38.0647508]},"properties":{"pnu":"4180025029102410024","municipality_code":"41800","municipality":"연천군","district":"연천군","locality":"연천읍 고문리","address":"연천군 연천읍 고문리 241-24","owner_type":"경기도유지","owner_label":"경기도","manager":"건설국 도로정책과","property_class":"행정재산","land_category":"대","area_sqm":147.0,"area_band":"100~500㎡","interest_category":"대","solar_candidate":"검토필요","candidate_reason":"청사·공공건축물·주차장 현황 추가 확인 필요; 면적 147㎡","priority_score":40,"source":"경기부동산포털 국공유지조회·연속지적도","source_date":"2026-08-11","installed_solar_match":false}},{"type":"Feature","id":"4180025029102410030","geometry":{"type":"Point","coordinates":[127.1153738,38.0647765]},"properties":{"pnu":"4180025029102410030","municipality_code":"41800","municipality":"연천군","district":"연천군","locality":"연천읍 고문리","address":"연천군 연천읍 고문리 241-30","owner_type":"경기도유지","owner_label":"경기도","manager":"건설국 도로정책과","property_class":"행정재산","land_category":"대","area_sqm":145.0,"area_band":"100~500㎡","interest_category":"대","solar_candidate":"검토필요","candidate_reason":"청사·공공건축물·주차장 현황 추가 확인 필요; 면적 145㎡","priority_score":40,"source":"경기부동산포털 국공유지조회·연속지적도","source_date":"2026-08-11","installed_solar_match":false}},{"type":"Feature","id":"4180031027101970006","geometry":{"type":"Point","coordinates":[127.0350926,38.0307137]},"properties":{"pnu":"4180031027101970006","municipality_code":"41800","municipality":"연천군","district":"연천군","locality":"군남면 남계리","address":"연천군 군남면 남계리 197-6","owner_type":"경기도유지","owner_label":"경기도","manager":"건설국 도로정책과","property_class":"행정재산","land_category":"대","area_sqm":138.0,"area_band":"100~500㎡","interest_category":"대","solar_candidate":"검토필요","candidate_reason":"청사·공공건축물·주차장 현황 추가 확인 필요; 면적 138㎡","priority_score":40,"source":"경기부동산포털 국공유지조회·연속지적도","source_date":"2026-08-11","installed_solar_match":false}},{"type":"Feature","id":"4180033021100070017","geometry":{"type":"Point","coordinates":[126.9242368,38.0327338]},"properties":{"pnu":"4180033021100070017","municipality_code":"41800","municipality":"연천군","district":"연천군","locality":"백학면 두일리","address":"연천군 백학면 두일리 7-17","owner_type":"경기도유지","owner_label":"경기도","manager":"소방재난본부 회계장비담당관","property_class":"행정재산","land_category":"대","area_sqm":138.0,"area_band":"100~500㎡","interest_category":"대","solar_candidate":"검토필요","candidate_reason":"청사·공공건축물·주차장 현황 추가 확인 필요; 면적 138㎡","priority_score":40,"source":"경기부동산포털 국공유지조회·연속지적도","source_date":"2026-08-11","installed_solar_match":false}},{"type":"Feature","id":"4180025322108230014","geometry":{"type":"Point","coordinates":[127.0519659,38.02783]},"properties":{"pnu":"4180025322108230014","municipality_code":"41800","municipality":"연천군","district":"연천군","locality":"전곡읍 은대리","address":"연천군 전곡읍 은대리 823-14","owner_type":"경기도유지","owner_label":"경기도","manager":"건설국 도로정책과","property_class":"행정재산","land_category":"대","area_sqm":136.0,"area_band":"100~500㎡","interest_category":"대","solar_candidate":"검토필요","candidate_reason":"청사·공공건축물·주차장 현황 추가 확인 필요; 면적 136㎡","priority_score":40,"source":"경기부동산포털 국공유지조회·연속지적도","source_date":"2026-08-11","installed_solar_match":false}},{"type":"Feature","id":"4180031027101930004","geometry":{"type":"Point","coordinates":[127.0368847,38.0300858]},"properties":{"pnu":"4180031027101930004","municipality_code":"41800","municipality":"연천군","district":"연천군","locality":"군남면 남계리","address":"연천군 군남면 남계리 193-4","owner_type":"경기도유지","owner_label":"경기도","manager":"건설국 도로정책과","property_class":"행정재산","land_category":"대","area_sqm":136.0,"area_band":"100~500㎡","interest_category":"대","solar_candidate":"검토필요","candidate_reason":"청사·공공건축물·주차장 현황 추가 확인 필요; 면적 136㎡","priority_score":40,"source":"경기부동산포털 국공유지조회·연속지적도","source_date":"2026-08-11","installed_solar_match":false}},{"type":"Feature","id":"4180033025106970022","geometry":{"type":"Point","coordinates":[126.9196694,37.9980558]},"properties":{"pnu":"4180033025106970022","municipality_code":"41800","municipality":"연천군","district":"연천군","locality":"백학면 노곡리","address":"연천군 백학면 노곡리 697-22","owner_type":"경기도유지","owner_label":"경기도","manager":"건설국 도로정책과","property_class":"행정재산","land_category":"대","area_sqm":134.0,"area_band":"100~500㎡","interest_category":"대","solar_candidate":"검토필요","candidate_reason":"청사·공공건축물·주차장 현황 추가 확인 필요; 면적 134㎡","priority_score":40,"source":"경기부동산포털 국공유지조회·연속지적도","source_date":"2026-08-11","installed_solar_match":false}},{"type":"Feature","id":"4180031027101860033","geometry":{"type":"Point","coordinates":[127.0382524,38.0296188]},"properties":{"pnu":"4180031027101860033","municipality_code":"41800","municipality":"연천군","district":"연천군","locality":"군남면 남계리","address":"연천군 군남면 남계리 186-33","owner_type":"경기도유지","owner_label":"경기도","manager":"건설국 도로정책과","property_class":"행정재산","land_category":"대","area_sqm":133.0,"area_band":"100~500㎡","interest_category":"대","solar_candidate":"검토필요","candidate_reason":"청사·공공건축물·주차장 현황 추가 확인 필요; 면적 133㎡","priority_score":40,"source":"경기부동산포털 국공유지조회·연속지적도","source_date":"2026-08-11","installed_solar_match":false}},{"type":"Feature","id":"4180025029102750017","geometry":{"type":"Point","coordinates":[127.1124741,38.0638956]},"properties":{"pnu":"4180025029102750017","municipality_code":"41800","municipality":"연천군","district":"연천군","locality":"연천읍 고문리","address":"연천군 연천읍 고문리 275-17","owner_type":"경기도유지","owner_label":"경기도","manager":"건설국 도로정책과","property_class":"행정재산","land_category":"대","area_sqm":127.0,"area_band":"100~500㎡","interest_category":"대","solar_candidate":"검토필요","candidate_reason":"청사·공공건축물·주차장 현황 추가 확인 필요; 면적 127㎡","priority_score":40,"source":"경기부동산포털 국공유지조회·연속지적도","source_date":"2026-08-11","installed_solar_match":false}},{"type":"Feature","id":"4180036022103090026","geometry":{"type":"Point","coordinates":[127.1031121,38.1807859]},"properties":{"pnu":"4180036022103090026","municipality_code":"41800","municipality":"연천군","district":"연천군","locality":"신서면 도신리","address":"연천군 신서면 도신리 309-26","owner_type":"경기도유지","owner_label":"경기도","manager":"건설국 하천과","property_class":"행정재산","land_category":"대","area_sqm":121.0,"area_band":"100~500㎡","interest_category":"대","solar_candidate":"검토필요","candidate_reason":"청사·공공건축물·주차장 현황 추가 확인 필요; 면적 121㎡","priority_score":40,"source":"경기부동산포털 국공유지조회·연속지적도","source_date":"2026-08-11","installed_solar_match":false}},{"type":"Feature","id":"4180031027101830007","geometry":{"type":"Point","coordinates":[127.0386612,38.0294644]},"properties":{"pnu":"4180031027101830007","municipality_code":"41800","municipality":"연천군","district":"연천군","locality":"군남면 남계리","address":"연천군 군남면 남계리 183-7","owner_type":"경기도유지","owner_label":"경기도","manager":"건설국 도로정책과","property_class":"행정재산","land_category":"대","area_sqm":120.0,"area_band":"100~500㎡","interest_category":"대","solar_candidate":"검토필요","candidate_reason":"청사·공공건축물·주차장 현황 추가 확인 필요; 면적 120㎡","priority_score":40,"source":"경기부동산포털 국공유지조회·연속지적도","source_date":"2026-08-11","installed_solar_match":false}},{"type":"Feature","id":"4180025322105060014","geometry":{"type":"Point","coordinates":[127.068183,38.0347731]},"properties":{"pnu":"4180025322105060014","municipality_code":"41800","municipality":"연천군","district":"연천군","locality":"전곡읍 은대리","address":"연천군 전곡읍 은대리 506-14","owner_type":"경기도유지","owner_label":"경기도(교육감)","manager":"","property_class":"","land_category":"대","area_sqm":112.0,"area_band":"100~500㎡","interest_category":"대","solar_candidate":"검토필요","candidate_reason":"청사·공공건축물·주차장 현황 추가 확인 필요; 면적 112㎡","priority_score":40,"source":"경기부동산포털 국공유지조회·연속지적도","source_date":"2026-08-11","installed_solar_match":false}},{"type":"Feature","id":"4180032021104490005","geometry":{"type":"Point","coordinates":[127.0700267,37.9843883]},"properties":{"pnu":"4180032021104490005","municipality_code":"41800","municipality":"연천군","district":"연천군","locality":"청산면 초성리","address":"연천군 청산면 초성리 449-5","owner_type":"경기도유지","owner_label":"경기도","manager":"건설국 도로정책과","property_class":"행정재산","land_category":"대","area_sqm":112.0,"area_band":"100~500㎡","interest_category":"대","solar_candidate":"검토필요","candidate_reason":"청사·공공건축물·주차장 현황 추가 확인 필요; 면적 112㎡","priority_score":40,"source":"경기부동산포털 국공유지조회·연속지적도","source_date":"2026-08-11","installed_solar_match":false}},{"type":"Feature","id":"4180034026102100012","geometry":{"type":"Point","coordinates":[126.9859392,38.0258129]},"properties":{"pnu":"4180034026102100012","municipality_code":"41800","municipality":"연천군","district":"연천군","locality":"미산면 마전리","address":"연천군 미산면 마전리 210-12","owner_type":"경기도유지","owner_label":"경기도","manager":"건설국 도로정책과","property_class":"행정재산","land_category":"대","area_sqm":112.0,"area_band":"100~500㎡","interest_category":"대","solar_candidate":"검토필요","candidate_reason":"청사·공공건축물·주차장 현황 추가 확인 필요; 면적 112㎡","priority_score":40,"source":"경기부동산포털 국공유지조회·연속지적도","source_date":"2026-08-11","installed_solar_match":false}},{"type":"Feature","id":"4180031027101830006","geometry":{"type":"Point","coordinates":[127.0388852,38.0293613]},"properties":{"pnu":"4180031027101830006","municipality_code":"41800","municipality":"연천군","district":"연천군","locality":"군남면 남계리","address":"연천군 군남면 남계리 183-6","owner_type":"경기도유지","owner_label":"경기도","manager":"건설국 도로정책과","property_class":"행정재산","land_category":"대","area_sqm":108.0,"area_band":"100~500㎡","interest_category":"대","solar_candidate":"검토필요","candidate_reason":"청사·공공건축물·주차장 현황 추가 확인 필요; 면적 108㎡","priority_score":40,"source":"경기부동산포털 국공유지조회·연속지적도","source_date":"2026-08-11","installed_solar_match":false}},{"type":"Feature","id":"4180032022102210002","geometry":{"type":"Point","coordinates":[127.0969704,38.0003916]},"properties":{"pnu":"4180032022102210002","municipality_code":"41800","municipality":"연천군","district":"연천군","locality":"청산면 대전리","address":"연천군 청산면 대전리 221-2","owner_type":"경기도유지","owner_label":"경기도","manager":"건설국 하천과","property_class":"행정재산","land_category":"대","area_sqm":105.0,"area_band":"100~500㎡","interest_category":"대","solar_candidate":"검토필요","candidate_reason":"청사·공공건축물·주차장 현황 추가 확인 필요; 면적 105㎡","priority_score":40,"source":"경기부동산포털 국공유지조회·연속지적도","source_date":"2026-08-11","installed_solar_match":false}},{"type":"Feature","id":"4180031027102160035","geometry":{"type":"Point","coordinates":[127.0347422,38.0308341]},"properties":{"pnu":"4180031027102160035","municipality_code":"41800","municipality":"연천군","district":"연천군","locality":"군남면 남계리","address":"연천군 군남면 남계리 216-35","owner_type":"경기도유지","owner_label":"경기도","manager":"건설국 도로정책과","property_class":"행정재산","land_category":"대","area_sqm":101.0,"area_band":"100~500㎡","interest_category":"대","solar_candidate":"검토필요","candidate_reason":"청사·공공건축물·주차장 현황 추가 확인 필요; 면적 101㎡","priority_score":40,"source":"경기부동산포털 국공유지조회·연속지적도","source_date":"2026-08-11","installed_solar_match":false}},{"type":"Feature","id":"4180035023101990007","geometry":{"type":"Point","coordinates":[127.0048,38.0910375]},"properties":{"pnu":"4180035023101990007","municipality_code":"41800","municipality":"연천군","district":"연천군","locality":"왕징면 북삼리","address":"연천군 왕징면 북삼리 199-7","owner_type":"경기도유지","owner_label":"경기도","manager":"건설국 도로정책과","property_class":"행정재산","land_category":"대","area_sqm":101.0,"area_band":"100~500㎡","interest_category":"대","solar_candidate":"검토필요","candidate_reason":"청사·공공건축물·주차장 현황 추가 확인 필요; 면적 101㎡","priority_score":40,"source":"경기부동산포털 국공유지조회·연속지적도","source_date":"2026-08-11","installed_solar_match":false}},{"type":"Feature","id":"4180032021100270032","geometry":{"type":"Point","coordinates":[127.0875577,37.9905537]},"properties":{"pnu":"4180032021100270032","municipality_code":"41800","municipality":"연천군","district":"연천군","locality":"청산면 초성리","address":"연천군 청산면 초성리 27-32","owner_type":"경기도유지","owner_label":"경기도","manager":"건설국 하천과","property_class":"행정재산","land_category":"공장용지","area_sqm":156.0,"area_band":"100~500㎡","interest_category":"공장용지","solar_candidate":"검토필요","candidate_reason":"지목·면적 기준 1차 검토 대상; 면적 156㎡","priority_score":37,"source":"경기부동산포털 국공유지조회·연속지적도","source_date":"2026-08-11","installed_solar_match":false}},{"type":"Feature","id":"4180025327102520014","geometry":{"type":"Point","coordinates":[127.004116,37.9488638]},"properties":{"pnu":"4180025327102520014","municipality_code":"41800","municipality":"연천군","district":"연천군","locality":"전곡읍 간파리","address":"연천군 전곡읍 간파리 252-14","owner_type":"경기도유지","owner_label":"경기도","manager":"건설국 하천과","property_class":"행정재산","land_category":"공장용지","area_sqm":101.0,"area_band":"100~500㎡","interest_category":"공장용지","solar_candidate":"검토필요","candidate_reason":"지목·면적 기준 1차 검토 대상; 면적 101㎡","priority_score":37,"source":"경기부동산포털 국공유지조회·연속지적도","source_date":"2026-08-11","installed_solar_match":false}},{"type":"Feature","id":"4180033024104860001","geometry":{"type":"Point","coordinates":[126.8796879,38.003937]},"properties":{"pnu":"4180033024104860001","municipality_code":"41800","municipality":"연천군","district":"연천군","locality":"백학면 전동리","address":"연천군 백학면 전동리 486-1","owner_type":"경기도유지","owner_label":"경기도","manager":"건설국 도로정책과","property_class":"행정재산","land_category":"도로","area_sqm":4755.0,"area_band":"3,000~5,000㎡","interest_category":"도로","solar_candidate":"검토필요","candidate_reason":"도로점용 및 실제 이용형태 추가 검토 필요; 면적 4,755㎡","priority_score":35,"source":"경기부동산포털 국공유지조회·연속지적도","source_date":"2026-08-11","installed_solar_match":false}},{"type":"Feature","id":"4180034026102890003","geometry":{"type":"Point","coordinates":[126.9782629,38.0331398]},"properties":{"pnu":"4180034026102890003","municipality_code":"41800","municipality":"연천군","district":"연천군","locality":"미산면 마전리","address":"연천군 미산면 마전리 289-3","owner_type":"경기도유지","owner_label":"경기도","manager":"건설국 도로정책과","property_class":"행정재산","land_category":"도로","area_sqm":4591.0,"area_band":"3,000~5,000㎡","interest_category":"도로","solar_candidate":"검토필요","candidate_reason":"도로점용 및 실제 이용형태 추가 검토 필요; 면적 4,591㎡","priority_score":35,"source":"경기부동산포털 국공유지조회·연속지적도","source_date":"2026-08-11","installed_solar_match":false}},{"type":"Feature","id":"4180034023103620004","geometry":{"type":"Point","coordinates":[126.9651124,38.0371273]},"properties":{"pnu":"4180034023103620004","municipality_code":"41800","municipality":"연천군","district":"연천군","locality":"미산면 백석리","address":"연천군 미산면 백석리 362-4","owner_type":"경기도유지","owner_label":"경기도","manager":"건설국 도로정책과","property_class":"행정재산","land_category":"도로","area_sqm":4554.0,"area_band":"3,000~5,000㎡","interest_category":"도로","solar_candidate":"검토필요","candidate_reason":"도로점용 및 실제 이용형태 추가 검토 필요; 면적 4,554㎡","priority_score":35,"source":"경기부동산포털 국공유지조회·연속지적도","source_date":"2026-08-11","installed_solar_match":false}},{"type":"Feature","id":"4180032024104080005","geometry":{"type":"Point","coordinates":[127.1085701,38.0231541]},"properties":{"pnu":"4180032024104080005","municipality_code":"41800","municipality":"연천군","district":"연천군","locality":"청산면 궁평리","address":"연천군 청산면 궁평리 408-5","owner_type":"경기도유지","owner_label":"경기도","manager":"건설국 도로정책과","property_class":"행정재산","land_category":"도로","area_sqm":4524.0,"area_band":"3,000~5,000㎡","interest_category":"도로","solar_candidate":"검토필요","candidate_reason":"도로점용 및 실제 이용형태 추가 검토 필요; 면적 4,524㎡","priority_score":35,"source":"경기부동산포털 국공유지조회·연속지적도","source_date":"2026-08-11","installed_solar_match":false}},{"type":"Feature","id":"4180034022202060005","geometry":{"type":"Point","coordinates":[126.926102,38.0335814]},"properties":{"pnu":"4180034022202060005","municipality_code":"41800","municipality":"연천군","district":"연천군","locality":"미산면 아미리","address":"연천군 미산면 아미리 산206-5","owner_type":"경기도유지","owner_label":"경기도","manager":"건설국 도로정책과","property_class":"행정재산","land_category":"도로","area_sqm":4523.0,"area_band":"3,000~5,000㎡","interest_category":"도로","solar_candidate":"검토필요","candidate_reason":"도로점용 및 실제 이용형태 추가 검토 필요; 면적 4,523㎡","priority_score":35,"source":"경기부동산포털 국공유지조회·연속지적도","source_date":"2026-08-11","installed_solar_match":false}},{"type":"Feature","id":"4180034026100040001","geometry":{"type":"Point","coordinates":[126.9964107,38.0322325]},"properties":{"pnu":"4180034026100040001","municipality_code":"41800","municipality":"연천군","district":"연천군","locality":"미산면 마전리","address":"연천군 미산면 마전리 4-1","owner_type":"경기도유지","owner_label":"경기도","manager":"건설국 도로정책과","property_class":"행정재산","land_category":"도로","area_sqm":4464.0,"area_band":"3,000~5,000㎡","interest_category":"도로","solar_candidate":"검토필요","candidate_reason":"도로점용 및 실제 이용형태 추가 검토 필요; 면적 4,464㎡","priority_score":35,"source":"경기부동산포털 국공유지조회·연속지적도","source_date":"2026-08-11","installed_solar_match":false}},{"type":"Feature","id":"4180032022103120002","geometry":{"type":"Point","coordinates":[127.0946896,38.0112201]},"properties":{"pnu":"4180032022103120002","municipality_code":"41800","municipality":"연천군","district":"연천군","locality":"청산면 대전리","address":"연천군 청산면 대전리 312-2","owner_type":"경기도유지","owner_label":"경기도","manager":"건설국 도로정책과","property_class":"행정재산","land_category":"도로","area_sqm":4445.0,"area_band":"3,000~5,000㎡","interest_category":"도로","solar_candidate":"검토필요","candidate_reason":"도로점용 및 실제 이용형태 추가 검토 필요; 면적 4,445㎡","priority_score":35,"source":"경기부동산포털 국공유지조회·연속지적도","source_date":"2026-08-11","installed_solar_match":false}},{"type":"Feature","id":"4180032024106900008","geometry":{"type":"Point","coordinates":[127.1026492,38.0178696]},"properties":{"pnu":"4180032024106900008","municipality_code":"41800","municipality":"연천군","district":"연천군","locality":"청산면 궁평리","address":"연천군 청산면 궁평리 690-8","owner_type":"경기도유지","owner_label":"경기도","manager":"건설국 도로정책과","property_class":"행정재산","land_category":"도로","area_sqm":4434.0,"area_band":"3,000~5,000㎡","interest_category":"도로","solar_candidate":"검토필요","candidate_reason":"도로점용 및 실제 이용형태 추가 검토 필요; 면적 4,434㎡","priority_score":35,"source":"경기부동산포털 국공유지조회·연속지적도","source_date":"2026-08-11","installed_solar_match":false}},{"type":"Feature","id":"4180025322106280006","geometry":{"type":"Point","coordinates":[127.0562789,38.0288466]},"properties":{"pnu":"4180025322106280006","municipality_code":"41800","municipality":"연천군","district":"연천군","locality":"전곡읍 은대리","address":"연천군 전곡읍 은대리 628-6","owner_type":"경기도유지","owner_label":"경기도","manager":"건설국 도로정책과","property_class":"행정재산","land_category":"도로","area_sqm":4374.0,"area_band":"3,000~5,000㎡","interest_category":"도로","solar_candidate":"검토필요","candidate_reason":"도로점용 및 실제 이용형태 추가 검토 필요; 면적 4,374㎡","priority_score":35,"source":"경기부동산포털 국공유지조회·연속지적도","source_date":"2026-08-11","installed_solar_match":false}},{"type":"Feature","id":"4180038021102550005","geometry":{"type":"Point","coordinates":[126.8771137,38.0018294]},"properties":{"pnu":"4180038021102550005","municipality_code":"41800","municipality":"연천군","district":"연천군","locality":"장남면 원당리","address":"연천군 장남면 원당리 255-5","owner_type":"경기도유지","owner_label":"경기도","manager":"건설국 도로정책과","property_class":"행정재산","land_category":"도로","area_sqm":4349.0,"area_band":"3,000~5,000㎡","interest_category":"도로","solar_candidate":"검토필요","candidate_reason":"도로점용 및 실제 이용형태 추가 검토 필요; 면적 4,349㎡","priority_score":35,"source":"경기부동산포털 국공유지조회·연속지적도","source_date":"2026-08-11","installed_solar_match":false}},{"type":"Feature","id":"4180025322200840002","geometry":{"type":"Point","coordinates":[127.0601159,38.0299817]},"properties":{"pnu":"4180025322200840002","municipality_code":"41800","municipality":"연천군","district":"연천군","locality":"전곡읍 은대리","address":"연천군 전곡읍 은대리 산84-2","owner_type":"경기도유지","owner_label":"경기도","manager":"건설국 도로정책과","property_class":"행정재산","land_category":"도로","area_sqm":4256.0,"area_band":"3,000~5,000㎡","interest_category":"도로","solar_candidate":"검토필요","candidate_reason":"도로점용 및 실제 이용형태 추가 검토 필요; 면적 4,256㎡","priority_score":35,"source":"경기부동산포털 국공유지조회·연속지적도","source_date":"2026-08-11","installed_solar_match":false}},{"type":"Feature","id":"4180031023105410002","geometry":{"type":"Point","coordinates":[127.0129763,38.0884894]},"properties":{"pnu":"4180031023105410002","municipality_code":"41800","municipality":"연천군","district":"연천군","locality":"군남면 삼거리","address":"연천군 군남면 삼거리 541-2","owner_type":"경기도유지","owner_label":"경기도","manager":"건설국 도로정책과","property_class":"행정재산","land_category":"도로","area_sqm":4205.0,"area_band":"3,000~5,000㎡","interest_category":"도로","solar_candidate":"검토필요","candidate_reason":"도로점용 및 실제 이용형태 추가 검토 필요; 면적 4,205㎡","priority_score":35,"source":"경기부동산포털 국공유지조회·연속지적도","source_date":"2026-08-11","installed_solar_match":false}},{"type":"Feature","id":"4180033024100240000","geometry":{"type":"Point","coordinates":[126.9063196,38.0077129]},"properties":{"pnu":"4180033024100240000","municipality_code":"41800","municipality":"연천군","district":"연천군","locality":"백학면 전동리","address":"연천군 백학면 전동리 24","owner_type":"경기도유지","owner_label":"경기도","manager":"건설국 도로정책과","property_class":"행정재산","land_category":"도로","area_sqm":4145.0,"area_band":"3,000~5,000㎡","interest_category":"도로","solar_candidate":"검토필요","candidate_reason":"도로점용 및 실제 이용형태 추가 검토 필요; 면적 4,145㎡","priority_score":35,"source":"경기부동산포털 국공유지조회·연속지적도","source_date":"2026-08-11","installed_solar_match":false}},{"type":"Feature","id":"4180033023201050001","geometry":{"type":"Point","coordinates":[126.9144175,38.015447]},"properties":{"pnu":"4180033023201050001","municipality_code":"41800","municipality":"연천군","district":"연천군","locality":"백학면 통구리","address":"연천군 백학면 통구리 산105-1","owner_type":"경기도유지","owner_label":"경기도","manager":"건설국 도로정책과","property_class":"행정재산","land_category":"도로","area_sqm":4137.0,"area_band":"3,000~5,000㎡","interest_category":"도로","solar_candidate":"검토필요","candidate_reason":"도로점용 및 실제 이용형태 추가 검토 필요; 면적 4,137㎡","priority_score":35,"source":"경기부동산포털 국공유지조회·연속지적도","source_date":"2026-08-11","installed_solar_match":false}},{"type":"Feature","id":"4180031023105470002","geometry":{"type":"Point","coordinates":[127.0191095,38.0854439]},"properties":{"pnu":"4180031023105470002","municipality_code":"41800","municipality":"연천군","district":"연천군","locality":"군남면 삼거리","address":"연천군 군남면 삼거리 547-2","owner_type":"경기도유지","owner_label":"경기도","manager":"건설국 도로정책과","property_class":"행정재산","land_category":"도로","area_sqm":4132.0,"area_band":"3,000~5,000㎡","interest_category":"도로","solar_candidate":"검토필요","candidate_reason":"도로점용 및 실제 이용형태 추가 검토 필요; 면적 4,132㎡","priority_score":35,"source":"경기부동산포털 국공유지조회·연속지적도","source_date":"2026-08-11","installed_solar_match":false}},{"type":"Feature","id":"4180033025106620000","geometry":{"type":"Point","coordinates":[126.9195094,37.9940379]},"properties":{"pnu":"4180033025106620000","municipality_code":"41800","municipality":"연천군","district":"연천군","locality":"백학면 노곡리","address":"연천군 백학면 노곡리 662","owner_type":"경기도유지","owner_label":"경기도","manager":"건설국 도로정책과","property_class":"행정재산","land_category":"도로","area_sqm":4107.0,"area_band":"3,000~5,000㎡","interest_category":"도로","solar_candidate":"검토필요","candidate_reason":"도로점용 및 실제 이용형태 추가 검토 필요; 면적 4,107㎡","priority_score":35,"source":"경기부동산포털 국공유지조회·연속지적도","source_date":"2026-08-11","installed_solar_match":false}},{"type":"Feature","id":"4180032022200540007","geometry":{"type":"Point","coordinates":[127.1008614,38.0167741]},"properties":{"pnu":"4180032022200540007","municipality_code":"41800","municipality":"연천군","district":"연천군","locality":"청산면 대전리","address":"연천군 청산면 대전리 산54-7","owner_type":"경기도유지","owner_label":"경기도","manager":"건설국 도로정책과","property_class":"행정재산","land_category":"도로","area_sqm":4100.0,"area_band":"3,000~5,000㎡","interest_category":"도로","solar_candidate":"검토필요","candidate_reason":"도로점용 및 실제 이용형태 추가 검토 필요; 면적 4,100㎡","priority_score":35,"source":"경기부동산포털 국공유지조회·연속지적도","source_date":"2026-08-11","installed_solar_match":false}},{"type":"Feature","id":"4180031021106320002","geometry":{"type":"Point","coordinates":[127.0219485,38.0573948]},"properties":{"pnu":"4180031021106320002","municipality_code":"41800","municipality":"연천군","district":"연천군","locality":"군남면 진상리","address":"연천군 군남면 진상리 632-2","owner_type":"경기도유지","owner_label":"경기도","manager":"건설국 도로정책과","property_class":"행정재산","land_category":"도로","area_sqm":4092.0,"area_band":"3,000~5,000㎡","interest_category":"도로","solar_candidate":"검토필요","candidate_reason":"도로점용 및 실제 이용형태 추가 검토 필요; 면적 4,092㎡","priority_score":35,"source":"경기부동산포털 국공유지조회·연속지적도","source_date":"2026-08-11","installed_solar_match":false}},{"type":"Feature","id":"4180033023104650004","geometry":{"type":"Point","coordinates":[126.9160253,38.0036927]},"properties":{"pnu":"4180033023104650004","municipality_code":"41800","municipality":"연천군","district":"연천군","locality":"백학면 통구리","address":"연천군 백학면 통구리 465-4","owner_type":"경기도유지","owner_label":"경기도","manager":"건설국 도로정책과","property_class":"행정재산","land_category":"도로","area_sqm":4071.0,"area_band":"3,000~5,000㎡","interest_category":"도로","solar_candidate":"검토필요","candidate_reason":"도로점용 및 실제 이용형태 추가 검토 필요; 면적 4,071㎡","priority_score":35,"source":"경기부동산포털 국공유지조회·연속지적도","source_date":"2026-08-11","installed_solar_match":false}},{"type":"Feature","id":"4180035025100300001","geometry":{"type":"Point","coordinates":[126.9845274,38.0900513]},"properties":{"pnu":"4180035025100300001","municipality_code":"41800","municipality":"연천군","district":"연천군","locality":"왕징면 강서리","address":"연천군 왕징면 강서리 30-1","owner_type":"경기도유지","owner_label":"경기도","manager":"건설국 도로정책과","property_class":"행정재산","land_category":"도로","area_sqm":4004.0,"area_band":"3,000~5,000㎡","interest_category":"도로","solar_candidate":"검토필요","candidate_reason":"도로점용 및 실제 이용형태 추가 검토 필요; 면적 4,004㎡","priority_score":35,"source":"경기부동산포털 국공유지조회·연속지적도","source_date":"2026-08-11","installed_solar_match":false}},{"type":"Feature","id":"4180032024109400001","geometry":{"type":"Point","coordinates":[127.1039896,38.0194269]},"properties":{"pnu":"4180032024109400001","municipality_code":"41800","municipality":"연천군","district":"연천군","locality":"청산면 궁평리","address":"연천군 청산면 궁평리 940-1","owner_type":"경기도유지","owner_label":"경기도","manager":"건설국 도로정책과","property_class":"행정재산","land_category":"도로","area_sqm":3986.0,"area_band":"3,000~5,000㎡","interest_category":"도로","solar_candidate":"검토필요","candidate_reason":"도로점용 및 실제 이용형태 추가 검토 필요; 면적 3,986㎡","priority_score":35,"source":"경기부동산포털 국공유지조회·연속지적도","source_date":"2026-08-11","installed_solar_match":false}},{"type":"Feature","id":"4180034024200670001","geometry":{"type":"Point","coordinates":[126.9967676,38.0339576]},"properties":{"pnu":"4180034024200670001","municipality_code":"41800","municipality":"연천군","district":"연천군","locality":"미산면 유촌리","address":"연천군 미산면 유촌리 산67-1","owner_type":"경기도유지","owner_label":"경기도","manager":"건설국 도로정책과","property_class":"행정재산","land_category":"도로","area_sqm":3925.0,"area_band":"3,000~5,000㎡","interest_category":"도로","solar_candidate":"검토필요","candidate_reason":"도로점용 및 실제 이용형태 추가 검토 필요; 면적 3,925㎡","priority_score":35,"source":"경기부동산포털 국공유지조회·연속지적도","source_date":"2026-08-11","installed_solar_match":false}},{"type":"Feature","id":"4180038023100610003","geometry":{"type":"Point","coordinates":[126.8723475,37.9937781]},"properties":{"pnu":"4180038023100610003","municipality_code":"41800","municipality":"연천군","district":"연천군","locality":"장남면 판부리","address":"연천군 장남면 판부리 61-3","owner_type":"경기도유지","owner_label":"경기도","manager":"","property_class":"","land_category":"도로","area_sqm":3920.0,"area_band":"3,000~5,000㎡","interest_category":"도로","solar_candidate":"검토필요","candidate_reason":"도로점용 및 실제 이용형태 추가 검토 필요; 면적 3,920㎡","priority_score":35,"source":"경기부동산포털 국공유지조회·연속지적도","source_date":"2026-08-11","installed_solar_match":false}},{"type":"Feature","id":"4180031021201120001","geometry":{"type":"Point","coordinates":[127.0282147,38.0567279]},"properties":{"pnu":"4180031021201120001","municipality_code":"41800","municipality":"연천군","district":"연천군","locality":"군남면 진상리","address":"연천군 군남면 진상리 산112-1","owner_type":"경기도유지","owner_label":"경기도","manager":"건설국 도로정책과","property_class":"행정재산","land_category":"도로","area_sqm":3906.0,"area_band":"3,000~5,000㎡","interest_category":"도로","solar_candidate":"검토필요","candidate_reason":"도로점용 및 실제 이용형태 추가 검토 필요; 면적 3,906㎡","priority_score":35,"source":"경기부동산포털 국공유지조회·연속지적도","source_date":"2026-08-11","installed_solar_match":false}},{"type":"Feature","id":"4180032022103100004","geometry":{"type":"Point","coordinates":[127.0933063,38.0101389]},"properties":{"pnu":"4180032022103100004","municipality_code":"41800","municipality":"연천군","district":"연천군","locality":"청산면 대전리","address":"연천군 청산면 대전리 310-4","owner_type":"경기도유지","owner_label":"경기도","manager":"건설국 도로정책과","property_class":"행정재산","land_category":"도로","area_sqm":3753.0,"area_band":"3,000~5,000㎡","interest_category":"도로","solar_candidate":"검토필요","candidate_reason":"도로점용 및 실제 이용형태 추가 검토 필요; 면적 3,753㎡","priority_score":35,"source":"경기부동산포털 국공유지조회·연속지적도","source_date":"2026-08-11","installed_solar_match":false}},{"type":"Feature","id":"4180031026104250003","geometry":{"type":"Point","coordinates":[127.0303633,38.0389763]},"properties":{"pnu":"4180031026104250003","municipality_code":"41800","municipality":"연천군","district":"연천군","locality":"군남면 황지리","address":"연천군 군남면 황지리 425-3","owner_type":"경기도유지","owner_label":"경기도","manager":"건설국 도로정책과","property_class":"행정재산","land_category":"도로","area_sqm":3724.0,"area_band":"3,000~5,000㎡","interest_category":"도로","solar_candidate":"검토필요","candidate_reason":"도로점용 및 실제 이용형태 추가 검토 필요; 면적 3,724㎡","priority_score":35,"source":"경기부동산포털 국공유지조회·연속지적도","source_date":"2026-08-11","installed_solar_match":false}},{"type":"Feature","id":"4180035025102780001","geometry":{"type":"Point","coordinates":[126.9725089,38.0877848]},"properties":{"pnu":"4180035025102780001","municipality_code":"41800","municipality":"연천군","district":"연천군","locality":"왕징면 강서리","address":"연천군 왕징면 강서리 278-1","owner_type":"경기도유지","owner_label":"경기도","manager":"건설국 도로정책과","property_class":"행정재산","land_category":"도로","area_sqm":3706.0,"area_band":"3,000~5,000㎡","interest_category":"도로","solar_candidate":"검토필요","candidate_reason":"도로점용 및 실제 이용형태 추가 검토 필요; 면적 3,706㎡","priority_score":35,"source":"경기부동산포털 국공유지조회·연속지적도","source_date":"2026-08-11","installed_solar_match":false}},{"type":"Feature","id":"4180035023200780001","geometry":{"type":"Point","coordinates":[126.9984042,38.0908118]},"properties":{"pnu":"4180035023200780001","municipality_code":"41800","municipality":"연천군","district":"연천군","locality":"왕징면 북삼리","address":"연천군 왕징면 북삼리 산78-1","owner_type":"경기도유지","owner_label":"경기도","manager":"건설국 도로정책과","property_class":"행정재산","land_category":"도로","area_sqm":3579.0,"area_band":"3,000~5,000㎡","interest_category":"도로","solar_candidate":"검토필요","candidate_reason":"도로점용 및 실제 이용형태 추가 검토 필요; 면적 3,579㎡","priority_score":35,"source":"경기부동산포털 국공유지조회·연속지적도","source_date":"2026-08-11","installed_solar_match":false}},{"type":"Feature","id":"4180031023105500004","geometry":{"type":"Point","coordinates":[127.0162975,38.0869518]},"properties":{"pnu":"4180031023105500004","municipality_code":"41800","municipality":"연천군","district":"연천군","locality":"군남면 삼거리","address":"연천군 군남면 삼거리 550-4","owner_type":"경기도유지","owner_label":"경기도","manager":"건설국 도로정책과","property_class":"행정재산","land_category":"도로","area_sqm":3556.0,"area_band":"3,000~5,000㎡","interest_category":"도로","solar_candidate":"검토필요","candidate_reason":"도로점용 및 실제 이용형태 추가 검토 필요; 면적 3,556㎡","priority_score":35,"source":"경기부동산포털 국공유지조회·연속지적도","source_date":"2026-08-11","installed_solar_match":false}},{"type":"Feature","id":"4180035023102020002","geometry":{"type":"Point","coordinates":[127.0046509,38.0910121]},"properties":{"pnu":"4180035023102020002","municipality_code":"41800","municipality":"연천군","district":"연천군","locality":"왕징면 북삼리","address":"연천군 왕징면 북삼리 202-2","owner_type":"경기도유지","owner_label":"경기도","manager":"건설국 도로정책과","property_class":"행정재산","land_category":"도로","area_sqm":3465.0,"area_band":"3,000~5,000㎡","interest_category":"도로","solar_candidate":"검토필요","candidate_reason":"도로점용 및 실제 이용형태 추가 검토 필요; 면적 3,465㎡","priority_score":35,"source":"경기부동산포털 국공유지조회·연속지적도","source_date":"2026-08-11","installed_solar_match":false}},{"type":"Feature","id":"4180035022105070009","geometry":{"type":"Point","coordinates":[126.9848564,38.0692205]},"properties":{"pnu":"4180035022105070009","municipality_code":"41800","municipality":"연천군","district":"연천군","locality":"왕징면 노동리","address":"연천군 왕징면 노동리 507-9","owner_type":"경기도유지","owner_label":"경기도","manager":"건설국 도로정책과","property_class":"행정재산","land_category":"도로","area_sqm":3457.2,"area_band":"3,000~5,000㎡","interest_category":"도로","solar_candidate":"검토필요","candidate_reason":"도로점용 및 실제 이용형태 추가 검토 필요; 면적 3,457㎡","priority_score":35,"source":"경기부동산포털 국공유지조회·연속지적도","source_date":"2026-08-11","installed_solar_match":false}},{"type":"Feature","id":"4180035023200620002","geometry":{"type":"Point","coordinates":[126.9996888,38.0908491]},"properties":{"pnu":"4180035023200620002","municipality_code":"41800","municipality":"연천군","district":"연천군","locality":"왕징면 북삼리","address":"연천군 왕징면 북삼리 산62-2","owner_type":"경기도유지","owner_label":"경기도","manager":"건설국 도로정책과","property_class":"행정재산","land_category":"도로","area_sqm":3369.0,"area_band":"3,000~5,000㎡","interest_category":"도로","solar_candidate":"검토필요","candidate_reason":"도로점용 및 실제 이용형태 추가 검토 필요; 면적 3,369㎡","priority_score":35,"source":"경기부동산포털 국공유지조회·연속지적도","source_date":"2026-08-11","installed_solar_match":false}},{"type":"Feature","id":"4180033024200010003","geometry":{"type":"Point","coordinates":[126.9078916,38.009044]},"properties":{"pnu":"4180033024200010003","municipality_code":"41800","municipality":"연천군","district":"연천군","locality":"백학면 전동리","address":"연천군 백학면 전동리 산1-3","owner_type":"경기도유지","owner_label":"경기도","manager":"건설국 도로정책과","property_class":"행정재산","land_category":"도로","area_sqm":3335.0,"area_band":"3,000~5,000㎡","interest_category":"도로","solar_candidate":"검토필요","candidate_reason":"도로점용 및 실제 이용형태 추가 검토 필요; 면적 3,335㎡","priority_score":35,"source":"경기부동산포털 국공유지조회·연속지적도","source_date":"2026-08-11","installed_solar_match":false}},{"type":"Feature","id":"4180032021100250001","geometry":{"type":"Point","coordinates":[127.0882652,37.9893843]},"properties":{"pnu":"4180032021100250001","municipality_code":"41800","municipality":"연천군","district":"연천군","locality":"청산면 초성리","address":"연천군 청산면 초성리 25-1","owner_type":"경기도유지","owner_label":"경기도","manager":"건설국 도로정책과","property_class":"행정재산","land_category":"도로","area_sqm":3330.0,"area_band":"3,000~5,000㎡","interest_category":"도로","solar_candidate":"검토필요","candidate_reason":"도로점용 및 실제 이용형태 추가 검토 필요; 면적 3,330㎡","priority_score":35,"source":"경기부동산포털 국공유지조회·연속지적도","source_date":"2026-08-11","installed_solar_match":false}},{"type":"Feature","id":"4180035023103820001","geometry":{"type":"Point","coordinates":[126.9928343,38.0908449]},"properties":{"pnu":"4180035023103820001","municipality_code":"41800","municipality":"연천군","district":"연천군","locality":"왕징면 북삼리","address":"연천군 왕징면 북삼리 382-1","owner_type":"경기도유지","owner_label":"경기도","manager":"건설국 도로정책과","property_class":"행정재산","land_category":"도로","area_sqm":3328.0,"area_band":"3,000~5,000㎡","interest_category":"도로","solar_candidate":"검토필요","candidate_reason":"도로점용 및 실제 이용형태 추가 검토 필요; 면적 3,328㎡","priority_score":35,"source":"경기부동산포털 국공유지조회·연속지적도","source_date":"2026-08-11","installed_solar_match":false}},{"type":"Feature","id":"4180035025102450001","geometry":{"type":"Point","coordinates":[126.9822767,38.0894447]},"properties":{"pnu":"4180035025102450001","municipality_code":"41800","municipality":"연천군","district":"연천군","locality":"왕징면 강서리","address":"연천군 왕징면 강서리 245-1","owner_type":"경기도유지","owner_label":"경기도","manager":"건설국 도로정책과","property_class":"행정재산","land_category":"도로","area_sqm":3283.0,"area_band":"3,000~5,000㎡","interest_category":"도로","solar_candidate":"검토필요","candidate_reason":"도로점용 및 실제 이용형태 추가 검토 필요; 면적 3,283㎡","priority_score":35,"source":"경기부동산포털 국공유지조회·연속지적도","source_date":"2026-08-11","installed_solar_match":false}},{"type":"Feature","id":"4180031026106470003","geometry":{"type":"Point","coordinates":[127.0279749,38.0365391]},"properties":{"pnu":"4180031026106470003","municipality_code":"41800","municipality":"연천군","district":"연천군","locality":"군남면 황지리","address":"연천군 군남면 황지리 647-3","owner_type":"경기도유지","owner_label":"경기도","manager":"건설국 도로정책과","property_class":"행정재산","land_category":"도로","area_sqm":3264.0,"area_band":"3,000~5,000㎡","interest_category":"도로","solar_candidate":"검토필요","candidate_reason":"도로점용 및 실제 이용형태 추가 검토 필요; 면적 3,264㎡","priority_score":35,"source":"경기부동산포털 국공유지조회·연속지적도","source_date":"2026-08-11","installed_solar_match":false}},{"type":"Feature","id":"4180034026100540014","geometry":{"type":"Point","coordinates":[126.9902695,38.028145]},"properties":{"pnu":"4180034026100540014","municipality_code":"41800","municipality":"연천군","district":"연천군","locality":"미산면 마전리","address":"연천군 미산면 마전리 54-14","owner_type":"경기도유지","owner_label":"경기도","manager":"건설국 도로정책과","property_class":"행정재산","land_category":"도로","area_sqm":3227.0,"area_band":"3,000~5,000㎡","interest_category":"도로","solar_candidate":"검토필요","candidate_reason":"도로점용 및 실제 이용형태 추가 검토 필요; 면적 3,227㎡","priority_score":35,"source":"경기부동산포털 국공유지조회·연속지적도","source_date":"2026-08-11","installed_solar_match":false}},{"type":"Feature","id":"4180034026200790001","geometry":{"type":"Point","coordinates":[126.9756639,38.0356074]},"properties":{"pnu":"4180034026200790001","municipality_code":"41800","municipality":"연천군","district":"연천군","locality":"미산면 마전리","address":"연천군 미산면 마전리 산79-1","owner_type":"경기도유지","owner_label":"경기도","manager":"건설국 도로정책과","property_class":"행정재산","land_category":"도로","area_sqm":3171.0,"area_band":"3,000~5,000㎡","interest_category":"도로","solar_candidate":"검토필요","candidate_reason":"도로점용 및 실제 이용형태 추가 검토 필요; 면적 3,171㎡","priority_score":35,"source":"경기부동산포털 국공유지조회·연속지적도","source_date":"2026-08-11","installed_solar_match":false}},{"type":"Feature","id":"4180035025105310003","geometry":{"type":"Point","coordinates":[126.9704692,38.08781]},"properties":{"pnu":"4180035025105310003","municipality_code":"41800","municipality":"연천군","district":"연천군","locality":"왕징면 강서리","address":"연천군 왕징면 강서리 531-3","owner_type":"경기도유지","owner_label":"경기도","manager":"건설국 도로정책과","property_class":"행정재산","land_category":"도로","area_sqm":3057.0,"area_band":"3,000~5,000㎡","interest_category":"도로","solar_candidate":"검토필요","candidate_reason":"도로점용 및 실제 이용형태 추가 검토 필요; 면적 3,057㎡","priority_score":35,"source":"경기부동산포털 국공유지조회·연속지적도","source_date":"2026-08-11","installed_solar_match":false}},{"type":"Feature","id":"4180035025202210003","geometry":{"type":"Point","coordinates":[126.9688733,38.0877529]},"properties":{"pnu":"4180035025202210003","municipality_code":"41800","municipality":"연천군","district":"연천군","locality":"왕징면 강서리","address":"연천군 왕징면 강서리 산221-3","owner_type":"경기도유지","owner_label":"경기도","manager":"건설국 도로정책과","property_class":"행정재산","land_category":"도로","area_sqm":3025.0,"area_band":"3,000~5,000㎡","interest_category":"도로","solar_candidate":"검토필요","candidate_reason":"도로점용 및 실제 이용형태 추가 검토 필요; 면적 3,025㎡","priority_score":35,"source":"경기부동산포털 국공유지조회·연속지적도","source_date":"2026-08-11","installed_solar_match":false}},{"type":"Feature","id":"4180038021105040012","geometry":{"type":"Point","coordinates":[126.890775,37.9711631]},"properties":{"pnu":"4180038021105040012","municipality_code":"41800","municipality":"연천군","district":"연천군","locality":"장남면 원당리","address":"연천군 장남면 원당리 504-12","owner_type":"경기도유지","owner_label":"경기도","manager":"건설국 도로정책과","property_class":"행정재산","land_category":"도로","area_sqm":3018.0,"area_band":"3,000~5,000㎡","interest_category":"도로","solar_candidate":"검토필요","candidate_reason":"도로점용 및 실제 이용형태 추가 검토 필요; 면적 3,018㎡","priority_score":35,"source":"경기부동산포털 국공유지조회·연속지적도","source_date":"2026-08-11","installed_solar_match":false}},{"type":"Feature","id":"4180033021111510003","geometry":{"type":"Point","coordinates":[126.9162685,38.0305662]},"properties":{"pnu":"4180033021111510003","municipality_code":"41800","municipality":"연천군","district":"연천군","locality":"백학면 두일리","address":"연천군 백학면 두일리 1151-3","owner_type":"경기도유지","owner_label":"경기도","manager":"건설국 도로정책과","property_class":"행정재산","land_category":"창고용지","area_sqm":219.0,"area_band":"100~500㎡","interest_category":"창고용지","solar_candidate":"검토필요","candidate_reason":"지목·면적 기준 1차 검토 대상; 면적 219㎡","priority_score":35,"source":"경기부동산포털 국공유지조회·연속지적도","source_date":"2026-08-11","installed_solar_match":false}}]}