{"type":"FeatureCollection","name":"gyeonggi_41830_province_solar_candidates","metadata":{"generated_on":"2026-08-11","source":"경기부동산포털 국공유지조회·연속지적도","source_agency":"경기도","ownership_source":"경기부동산포털 국공유지조회","coverage":"양평군","owner_code":"4","owner_type":"경기도유지","minimum_area_sqm":100.0,"feature_count":301,"coordinate_reference":"GRIS native values interpreted as EPSG:5174 and projected to EPSG:4326","coordinate_precision":"7 decimals, increased only when needed to keep narrow-parcel points inside","disclaimer":"설치 가능 확정이 아닌 현장조사 우선순위"},"features":[{"type":"Feature","id":"4183040027102350001","geometry":{"type":"Point","coordinates":[127.6390807,37.5118576]},"properties":{"pnu":"4183040027102350001","municipality_code":"41830","municipality":"양평군","district":"양평군","locality":"용문면 광탄리","address":"양평군 용문면 광탄리 235-1","owner_type":"경기도유지","owner_label":"경기도","manager":"경기도해양수산자원연구소","property_class":"행정재산","land_category":"잡종지","area_sqm":32167.0,"area_band":"5,000㎡ 이상","interest_category":"잡종지","solar_candidate":"Y","candidate_reason":"실제 이용·점유 여부 확인 후 검토할 잡종지; 면적 32,167㎡","priority_score":75,"source":"경기부동산포털 국공유지조회·연속지적도","source_date":"2026-08-11","installed_solar_match":false}},{"type":"Feature","id":"4183039522107440007","geometry":{"type":"Point","coordinates":[127.6297245,37.4995706]},"properties":{"pnu":"4183039522107440007","municipality_code":"41830","municipality":"양평군","district":"양평군","locality":"지평면 송현리","address":"양평군 지평면 송현리 744-7","owner_type":"경기도유지","owner_label":"경기도","manager":"건설국 하천과","property_class":"행정재산","land_category":"잡종지","area_sqm":9159.0,"area_band":"5,000㎡ 이상","interest_category":"잡종지","solar_candidate":"Y","candidate_reason":"실제 이용·점유 여부 확인 후 검토할 잡종지; 면적 9,159㎡","priority_score":75,"source":"경기부동산포털 국공유지조회·연속지적도","source_date":"2026-08-11","installed_solar_match":false}},{"type":"Feature","id":"4183039522107790002","geometry":{"type":"Point","coordinates":[127.628167,37.5018548]},"properties":{"pnu":"4183039522107790002","municipality_code":"41830","municipality":"양평군","district":"양평군","locality":"지평면 송현리","address":"양평군 지평면 송현리 779-2","owner_type":"경기도유지","owner_label":"경기도","manager":"건설국 하천과","property_class":"행정재산","land_category":"잡종지","area_sqm":4068.0,"area_band":"3,000~5,000㎡","interest_category":"잡종지","solar_candidate":"Y","candidate_reason":"실제 이용·점유 여부 확인 후 검토할 잡종지; 면적 4,068㎡","priority_score":70,"source":"경기부동산포털 국공유지조회·연속지적도","source_date":"2026-08-11","installed_solar_match":false}},{"type":"Feature","id":"4183040024104530008","geometry":{"type":"Point","coordinates":[127.5759901,37.4987356]},"properties":{"pnu":"4183040024104530008","municipality_code":"41830","municipality":"양평군","district":"양평군","locality":"용문면 다문리","address":"양평군 용문면 다문리 453-8","owner_type":"경기도유지","owner_label":"경기도","manager":"미래평생교육국 평생교육과","property_class":"행정재산","land_category":"대","area_sqm":101171.0,"area_band":"5,000㎡ 이상","interest_category":"대","solar_candidate":"Y","candidate_reason":"청사·공공건축물·주차장 현황 추가 확인 필요; 면적 101,171㎡","priority_score":65,"source":"경기부동산포털 국공유지조회·연속지적도","source_date":"2026-08-11","installed_solar_match":false}},{"type":"Feature","id":"4183040024104520007","geometry":{"type":"Point","coordinates":[127.5739114,37.4973887]},"properties":{"pnu":"4183040024104520007","municipality_code":"41830","municipality":"양평군","district":"양평군","locality":"용문면 다문리","address":"양평군 용문면 다문리 452-7","owner_type":"경기도유지","owner_label":"경기도(교육감)","manager":"","property_class":"","land_category":"대","area_sqm":14040.0,"area_band":"5,000㎡ 이상","interest_category":"대","solar_candidate":"Y","candidate_reason":"청사·공공건축물·주차장 현황 추가 확인 필요; 면적 14,040㎡","priority_score":65,"source":"경기부동산포털 국공유지조회·연속지적도","source_date":"2026-08-11","installed_solar_match":false}},{"type":"Feature","id":"4183025025101590001","geometry":{"type":"Point","coordinates":[127.5072316,37.5003576]},"properties":{"pnu":"4183025025101590001","municipality_code":"41830","municipality":"양평군","district":"양평군","locality":"양평읍 공흥리","address":"양평군 양평읍 공흥리 159-1","owner_type":"경기도유지","owner_label":"경기도","manager":"소방재난본부 회계장비담당관","property_class":"행정재산","land_category":"대","area_sqm":7301.0,"area_band":"5,000㎡ 이상","interest_category":"대","solar_candidate":"Y","candidate_reason":"청사·공공건축물·주차장 현황 추가 확인 필요; 면적 7,301㎡","priority_score":65,"source":"경기부동산포털 국공유지조회·연속지적도","source_date":"2026-08-11","installed_solar_match":false}},{"type":"Feature","id":"4183032023101780001","geometry":{"type":"Point","coordinates":[127.399292,37.4639039]},"properties":{"pnu":"4183032023101780001","municipality_code":"41830","municipality":"양평군","district":"양평군","locality":"강하면 동오리","address":"양평군 강하면 동오리 178-1","owner_type":"경기도유지","owner_label":"경기도(경기도교육감)","manager":"","property_class":"","land_category":"대","area_sqm":6489.0,"area_band":"5,000㎡ 이상","interest_category":"대","solar_candidate":"Y","candidate_reason":"청사·공공건축물·주차장 현황 추가 확인 필요; 면적 6,489㎡","priority_score":65,"source":"경기부동산포털 국공유지조회·연속지적도","source_date":"2026-08-11","installed_solar_match":false}},{"type":"Feature","id":"4183039522101100000","geometry":{"type":"Point","coordinates":[127.6308468,37.4982949]},"properties":{"pnu":"4183039522101100000","municipality_code":"41830","municipality":"양평군","district":"양평군","locality":"지평면 송현리","address":"양평군 지평면 송현리 110","owner_type":"경기도유지","owner_label":"경기도","manager":"건설국 하천과","property_class":"행정재산","land_category":"잡종지","area_sqm":1294.0,"area_band":"1,000~3,000㎡","interest_category":"잡종지","solar_candidate":"Y","candidate_reason":"실제 이용·점유 여부 확인 후 검토할 잡종지; 면적 1,294㎡","priority_score":63,"source":"경기부동산포털 국공유지조회·연속지적도","source_date":"2026-08-11","installed_solar_match":false}},{"type":"Feature","id":"4183037027102910004","geometry":{"type":"Point","coordinates":[127.7749237,37.5621483]},"properties":{"pnu":"4183037027102910004","municipality_code":"41830","municipality":"양평군","district":"양평군","locality":"청운면 신론리","address":"양평군 청운면 신론리 291-4","owner_type":"경기도유지","owner_label":"경기도(경기도교육감)","manager":"","property_class":"","land_category":"주차장","area_sqm":776.0,"area_band":"500~1,000㎡","interest_category":"주차장","solar_candidate":"Y","candidate_reason":"주차면 상부 태양광을 우선 검토할 지목; 면적 776㎡","priority_score":60,"source":"경기부동산포털 국공유지조회·연속지적도","source_date":"2026-08-11","installed_solar_match":false}},{"type":"Feature","id":"4183038024110600003","geometry":{"type":"Point","coordinates":[127.6945461,37.4824678]},"properties":{"pnu":"4183038024110600003","municipality_code":"41830","municipality":"양평군","district":"양평군","locality":"양동면 고송리","address":"양평군 양동면 고송리 1060-3","owner_type":"경기도유지","owner_label":"경기도","manager":"건설국 도로정책과","property_class":"행정재산","land_category":"잡종지","area_sqm":873.0,"area_band":"500~1,000㎡","interest_category":"잡종지","solar_candidate":"검토필요","candidate_reason":"실제 이용·점유 여부 확인 후 검토할 잡종지; 면적 873㎡","priority_score":55,"source":"경기부동산포털 국공유지조회·연속지적도","source_date":"2026-08-11","installed_solar_match":false}},{"type":"Feature","id":"4183031025101200011","geometry":{"type":"Point","coordinates":[127.4880537,37.4521389]},"properties":{"pnu":"4183031025101200011","municipality_code":"41830","municipality":"양평군","district":"양평군","locality":"강상면 화양리","address":"양평군 강상면 화양리 120-11","owner_type":"경기도유지","owner_label":"경기도","manager":"건설국 도로정책과","property_class":"행정재산","land_category":"잡종지","area_sqm":692.0,"area_band":"500~1,000㎡","interest_category":"잡종지","solar_candidate":"검토필요","candidate_reason":"실제 이용·점유 여부 확인 후 검토할 잡종지; 면적 692㎡","priority_score":55,"source":"경기부동산포털 국공유지조회·연속지적도","source_date":"2026-08-11","installed_solar_match":false}},{"type":"Feature","id":"4183040024105560004","geometry":{"type":"Point","coordinates":[127.5904008,37.4929975]},"properties":{"pnu":"4183040024105560004","municipality_code":"41830","municipality":"양평군","district":"양평군","locality":"용문면 다문리","address":"양평군 용문면 다문리 556-4","owner_type":"경기도유지","owner_label":"경기도","manager":"소방재난본부 회계장비담당관","property_class":"행정재산","land_category":"대","area_sqm":1521.0,"area_band":"1,000~3,000㎡","interest_category":"대","solar_candidate":"검토필요","candidate_reason":"청사·공공건축물·주차장 현황 추가 확인 필요; 면적 1,521㎡","priority_score":53,"source":"경기부동산포털 국공유지조회·연속지적도","source_date":"2026-08-11","installed_solar_match":false}},{"type":"Feature","id":"4183032023101740002","geometry":{"type":"Point","coordinates":[127.3996273,37.4635721]},"properties":{"pnu":"4183032023101740002","municipality_code":"41830","municipality":"양평군","district":"양평군","locality":"강하면 동오리","address":"양평군 강하면 동오리 174-2","owner_type":"경기도유지","owner_label":"경기도(경기도교육감)","manager":"","property_class":"","land_category":"대","area_sqm":1451.0,"area_band":"1,000~3,000㎡","interest_category":"대","solar_candidate":"검토필요","candidate_reason":"청사·공공건축물·주차장 현황 추가 확인 필요; 면적 1,451㎡","priority_score":53,"source":"경기부동산포털 국공유지조회·연속지적도","source_date":"2026-08-11","installed_solar_match":false}},{"type":"Feature","id":"4183025021102420005","geometry":{"type":"Point","coordinates":[127.4977758,37.4866277]},"properties":{"pnu":"4183025021102420005","municipality_code":"41830","municipality":"양평군","district":"양평군","locality":"양평읍 양근리","address":"양평군 양평읍 양근리 242-5","owner_type":"경기도유지","owner_label":"경기도(교육감)","manager":"","property_class":"","land_category":"대","area_sqm":1404.0,"area_band":"1,000~3,000㎡","interest_category":"대","solar_candidate":"검토필요","candidate_reason":"청사·공공건축물·주차장 현황 추가 확인 필요; 면적 1,404㎡","priority_score":53,"source":"경기부동산포털 국공유지조회·연속지적도","source_date":"2026-08-11","installed_solar_match":false}},{"type":"Feature","id":"4183025021102420020","geometry":{"type":"Point","coordinates":[127.4979931,37.4864689]},"properties":{"pnu":"4183025021102420020","municipality_code":"41830","municipality":"양평군","district":"양평군","locality":"양평읍 양근리","address":"양평군 양평읍 양근리 242-20","owner_type":"경기도유지","owner_label":"경기도(교육감)","manager":"","property_class":"","land_category":"대","area_sqm":1327.0,"area_band":"1,000~3,000㎡","interest_category":"대","solar_candidate":"검토필요","candidate_reason":"청사·공공건축물·주차장 현황 추가 확인 필요; 면적 1,327㎡","priority_score":53,"source":"경기부동산포털 국공유지조회·연속지적도","source_date":"2026-08-11","installed_solar_match":false}},{"type":"Feature","id":"4183025030102400001","geometry":{"type":"Point","coordinates":[127.5500304,37.4636178]},"properties":{"pnu":"4183025030102400001","municipality_code":"41830","municipality":"양평군","district":"양평군","locality":"양평읍 원덕리","address":"양평군 양평읍 원덕리 240-1","owner_type":"경기도유지","owner_label":"경기도","manager":"건설국 하천과","property_class":"행정재산","land_category":"대","area_sqm":1233.0,"area_band":"1,000~3,000㎡","interest_category":"대","solar_candidate":"검토필요","candidate_reason":"청사·공공건축물·주차장 현황 추가 확인 필요; 면적 1,233㎡","priority_score":53,"source":"경기부동산포털 국공유지조회·연속지적도","source_date":"2026-08-11","installed_solar_match":false}},{"type":"Feature","id":"4183025021106930000","geometry":{"type":"Point","coordinates":[127.4982771,37.4876823]},"properties":{"pnu":"4183025021106930000","municipality_code":"41830","municipality":"양평군","district":"양평군","locality":"양평읍 양근리","address":"양평군 양평읍 양근리 693","owner_type":"경기도유지","owner_label":"경기도교육감","manager":"","property_class":"","land_category":"대","area_sqm":1097.0,"area_band":"1,000~3,000㎡","interest_category":"대","solar_candidate":"검토필요","candidate_reason":"청사·공공건축물·주차장 현황 추가 확인 필요; 면적 1,097㎡","priority_score":53,"source":"경기부동산포털 국공유지조회·연속지적도","source_date":"2026-08-11","installed_solar_match":false}},{"type":"Feature","id":"4183032023101790003","geometry":{"type":"Point","coordinates":[127.3998094,37.4639298]},"properties":{"pnu":"4183032023101790003","municipality_code":"41830","municipality":"양평군","district":"양평군","locality":"강하면 동오리","address":"양평군 강하면 동오리 179-3","owner_type":"경기도유지","owner_label":"경기도(경기도교육감)","manager":"","property_class":"","land_category":"대","area_sqm":1002.0,"area_band":"1,000~3,000㎡","interest_category":"대","solar_candidate":"검토필요","candidate_reason":"청사·공공건축물·주차장 현황 추가 확인 필요; 면적 1,002㎡","priority_score":53,"source":"경기부동산포털 국공유지조회·연속지적도","source_date":"2026-08-11","installed_solar_match":false}},{"type":"Feature","id":"4183039522101100002","geometry":{"type":"Point","coordinates":[127.6307709,37.4981567]},"properties":{"pnu":"4183039522101100002","municipality_code":"41830","municipality":"양평군","district":"양평군","locality":"지평면 송현리","address":"양평군 지평면 송현리 110-2","owner_type":"경기도유지","owner_label":"경기도","manager":"건설국 하천과","property_class":"행정재산","land_category":"잡종지","area_sqm":431.0,"area_band":"100~500㎡","interest_category":"잡종지","solar_candidate":"검토필요","candidate_reason":"실제 이용·점유 여부 확인 후 검토할 잡종지; 면적 431㎡","priority_score":50,"source":"경기부동산포털 국공유지조회·연속지적도","source_date":"2026-08-11","installed_solar_match":false}},{"type":"Feature","id":"4183034023103520008","geometry":{"type":"Point","coordinates":[127.4611544,37.5478469]},"properties":{"pnu":"4183034023103520008","municipality_code":"41830","municipality":"양평군","district":"양평군","locality":"옥천면 신복리","address":"양평군 옥천면 신복리 352-8","owner_type":"경기도유지","owner_label":"경기도","manager":"건설국 하천과","property_class":"행정재산","land_category":"잡종지","area_sqm":414.0,"area_band":"100~500㎡","interest_category":"잡종지","solar_candidate":"검토필요","candidate_reason":"실제 이용·점유 여부 확인 후 검토할 잡종지; 면적 414㎡","priority_score":50,"source":"경기부동산포털 국공유지조회·연속지적도","source_date":"2026-08-11","installed_solar_match":false}},{"type":"Feature","id":"4183040028105210001","geometry":{"type":"Point","coordinates":[127.627943,37.5397501]},"properties":{"pnu":"4183040028105210001","municipality_code":"41830","municipality":"양평군","district":"양평군","locality":"용문면 망능리","address":"양평군 용문면 망능리 521-1","owner_type":"경기도유지","owner_label":"경기도","manager":"건설국 도로정책과","property_class":"행정재산","land_category":"잡종지","area_sqm":390.0,"area_band":"100~500㎡","interest_category":"잡종지","solar_candidate":"검토필요","candidate_reason":"실제 이용·점유 여부 확인 후 검토할 잡종지; 면적 390㎡","priority_score":50,"source":"경기부동산포털 국공유지조회·연속지적도","source_date":"2026-08-11","installed_solar_match":false}},{"type":"Feature","id":"4183039522107440011","geometry":{"type":"Point","coordinates":[127.6301698,37.4988563]},"properties":{"pnu":"4183039522107440011","municipality_code":"41830","municipality":"양평군","district":"양평군","locality":"지평면 송현리","address":"양평군 지평면 송현리 744-11","owner_type":"경기도유지","owner_label":"경기도","manager":"건설국 하천과","property_class":"행정재산","land_category":"잡종지","area_sqm":382.0,"area_band":"100~500㎡","interest_category":"잡종지","solar_candidate":"검토필요","candidate_reason":"실제 이용·점유 여부 확인 후 검토할 잡종지; 면적 382㎡","priority_score":50,"source":"경기부동산포털 국공유지조회·연속지적도","source_date":"2026-08-11","installed_solar_match":false}},{"type":"Feature","id":"4183041025103010005","geometry":{"type":"Point","coordinates":[127.5284158,37.4662603]},"properties":{"pnu":"4183041025103010005","municipality_code":"41830","municipality":"양평군","district":"양평군","locality":"개군면 공세리","address":"양평군 개군면 공세리 301-5","owner_type":"경기도유지","owner_label":"경기도(431)","manager":"건설국 하천과","property_class":"행정재산","land_category":"잡종지","area_sqm":334.0,"area_band":"100~500㎡","interest_category":"잡종지","solar_candidate":"검토필요","candidate_reason":"실제 이용·점유 여부 확인 후 검토할 잡종지; 면적 334㎡","priority_score":50,"source":"경기부동산포털 국공유지조회·연속지적도","source_date":"2026-08-11","installed_solar_match":false}},{"type":"Feature","id":"4183039522107440012","geometry":{"type":"Point","coordinates":[127.630375,37.4985011]},"properties":{"pnu":"4183039522107440012","municipality_code":"41830","municipality":"양평군","district":"양평군","locality":"지평면 송현리","address":"양평군 지평면 송현리 744-12","owner_type":"경기도유지","owner_label":"경기도","manager":"건설국 하천과","property_class":"행정재산","land_category":"잡종지","area_sqm":292.0,"area_band":"100~500㎡","interest_category":"잡종지","solar_candidate":"검토필요","candidate_reason":"실제 이용·점유 여부 확인 후 검토할 잡종지; 면적 292㎡","priority_score":50,"source":"경기부동산포털 국공유지조회·연속지적도","source_date":"2026-08-11","installed_solar_match":false}},{"type":"Feature","id":"4183039522107590000","geometry":{"type":"Point","coordinates":[127.6272274,37.5019296]},"properties":{"pnu":"4183039522107590000","municipality_code":"41830","municipality":"양평군","district":"양평군","locality":"지평면 송현리","address":"양평군 지평면 송현리 759","owner_type":"경기도유지","owner_label":"경기도","manager":"건설국 하천과","property_class":"행정재산","land_category":"잡종지","area_sqm":274.0,"area_band":"100~500㎡","interest_category":"잡종지","solar_candidate":"검토필요","candidate_reason":"실제 이용·점유 여부 확인 후 검토할 잡종지; 면적 274㎡","priority_score":50,"source":"경기부동산포털 국공유지조회·연속지적도","source_date":"2026-08-11","installed_solar_match":false}},{"type":"Feature","id":"4183039522107440010","geometry":{"type":"Point","coordinates":[127.629669,37.4994087]},"properties":{"pnu":"4183039522107440010","municipality_code":"41830","municipality":"양평군","district":"양평군","locality":"지평면 송현리","address":"양평군 지평면 송현리 744-10","owner_type":"경기도유지","owner_label":"경기도","manager":"건설국 하천과","property_class":"행정재산","land_category":"잡종지","area_sqm":268.0,"area_band":"100~500㎡","interest_category":"잡종지","solar_candidate":"검토필요","candidate_reason":"실제 이용·점유 여부 확인 후 검토할 잡종지; 면적 268㎡","priority_score":50,"source":"경기부동산포털 국공유지조회·연속지적도","source_date":"2026-08-11","installed_solar_match":false}},{"type":"Feature","id":"4183038021104250005","geometry":{"type":"Point","coordinates":[127.7474123,37.4048209]},"properties":{"pnu":"4183038021104250005","municipality_code":"41830","municipality":"양평군","district":"양평군","locality":"양동면 쌍학리","address":"양평군 양동면 쌍학리 425-5","owner_type":"경기도유지","owner_label":"경기도","manager":"건설국 도로정책과","property_class":"행정재산","land_category":"잡종지","area_sqm":207.0,"area_band":"100~500㎡","interest_category":"잡종지","solar_candidate":"검토필요","candidate_reason":"실제 이용·점유 여부 확인 후 검토할 잡종지; 면적 207㎡","priority_score":50,"source":"경기부동산포털 국공유지조회·연속지적도","source_date":"2026-08-11","installed_solar_match":false}},{"type":"Feature","id":"4183038022104490005","geometry":{"type":"Point","coordinates":[127.7401328,37.4353281]},"properties":{"pnu":"4183038022104490005","municipality_code":"41830","municipality":"양평군","district":"양평군","locality":"양동면 석곡리","address":"양평군 양동면 석곡리 449-5","owner_type":"경기도유지","owner_label":"경기도","manager":"건설국 하천과","property_class":"행정재산","land_category":"잡종지","area_sqm":171.0,"area_band":"100~500㎡","interest_category":"잡종지","solar_candidate":"검토필요","candidate_reason":"실제 이용·점유 여부 확인 후 검토할 잡종지; 면적 171㎡","priority_score":50,"source":"경기부동산포털 국공유지조회·연속지적도","source_date":"2026-08-11","installed_solar_match":false}},{"type":"Feature","id":"4183040025100450002","geometry":{"type":"Point","coordinates":[127.5706238,37.5059159]},"properties":{"pnu":"4183040025100450002","municipality_code":"41830","municipality":"양평군","district":"양평군","locality":"용문면 연수리","address":"양평군 용문면 연수리 45-2","owner_type":"경기도유지","owner_label":"경기도","manager":"건설국 하천과","property_class":"행정재산","land_category":"잡종지","area_sqm":160.0,"area_band":"100~500㎡","interest_category":"잡종지","solar_candidate":"검토필요","candidate_reason":"실제 이용·점유 여부 확인 후 검토할 잡종지; 면적 160㎡","priority_score":50,"source":"경기부동산포털 국공유지조회·연속지적도","source_date":"2026-08-11","installed_solar_match":false}},{"type":"Feature","id":"4183034023108380007","geometry":{"type":"Point","coordinates":[127.4661319,37.5350957]},"properties":{"pnu":"4183034023108380007","municipality_code":"41830","municipality":"양평군","district":"양평군","locality":"옥천면 신복리","address":"양평군 옥천면 신복리 838-7","owner_type":"경기도유지","owner_label":"경기도","manager":"건설국 하천과","property_class":"행정재산","land_category":"잡종지","area_sqm":155.0,"area_band":"100~500㎡","interest_category":"잡종지","solar_candidate":"검토필요","candidate_reason":"실제 이용·점유 여부 확인 후 검토할 잡종지; 면적 155㎡","priority_score":50,"source":"경기부동산포털 국공유지조회·연속지적도","source_date":"2026-08-11","installed_solar_match":false}},{"type":"Feature","id":"4183040031100820000","geometry":{"type":"Point","coordinates":[127.6011646,37.5119948]},"properties":{"pnu":"4183040031100820000","municipality_code":"41830","municipality":"양평군","district":"양평군","locality":"용문면 덕촌리","address":"양평군 용문면 덕촌리 82","owner_type":"경기도유지","owner_label":"경기도","manager":"건설국 하천과","property_class":"행정재산","land_category":"잡종지","area_sqm":155.0,"area_band":"100~500㎡","interest_category":"잡종지","solar_candidate":"검토필요","candidate_reason":"실제 이용·점유 여부 확인 후 검토할 잡종지; 면적 155㎡","priority_score":50,"source":"경기부동산포털 국공유지조회·연속지적도","source_date":"2026-08-11","installed_solar_match":false}},{"type":"Feature","id":"4183035021103640033","geometry":{"type":"Point","coordinates":[127.357632,37.6032612]},"properties":{"pnu":"4183035021103640033","municipality_code":"41830","municipality":"양평군","district":"양평군","locality":"서종면 문호리","address":"양평군 서종면 문호리 364-33","owner_type":"경기도유지","owner_label":"경기도","manager":"건설국 도로정책과","property_class":"행정재산","land_category":"잡종지","area_sqm":148.0,"area_band":"100~500㎡","interest_category":"잡종지","solar_candidate":"검토필요","candidate_reason":"실제 이용·점유 여부 확인 후 검토할 잡종지; 면적 148㎡","priority_score":50,"source":"경기부동산포털 국공유지조회·연속지적도","source_date":"2026-08-11","installed_solar_match":false}},{"type":"Feature","id":"4183040028101650026","geometry":{"type":"Point","coordinates":[127.6378127,37.5487842]},"properties":{"pnu":"4183040028101650026","municipality_code":"41830","municipality":"양평군","district":"양평군","locality":"용문면 망능리","address":"양평군 용문면 망능리 165-26","owner_type":"경기도유지","owner_label":"경기도","manager":"건설국 도로정책과","property_class":"행정재산","land_category":"잡종지","area_sqm":141.0,"area_band":"100~500㎡","interest_category":"잡종지","solar_candidate":"검토필요","candidate_reason":"실제 이용·점유 여부 확인 후 검토할 잡종지; 면적 141㎡","priority_score":50,"source":"경기부동산포털 국공유지조회·연속지적도","source_date":"2026-08-11","installed_solar_match":false}},{"type":"Feature","id":"4183039522107790003","geometry":{"type":"Point","coordinates":[127.6283199,37.5019515]},"properties":{"pnu":"4183039522107790003","municipality_code":"41830","municipality":"양평군","district":"양평군","locality":"지평면 송현리","address":"양평군 지평면 송현리 779-3","owner_type":"경기도유지","owner_label":"경기도","manager":"건설국 하천과","property_class":"행정재산","land_category":"잡종지","area_sqm":119.0,"area_band":"100~500㎡","interest_category":"잡종지","solar_candidate":"검토필요","candidate_reason":"실제 이용·점유 여부 확인 후 검토할 잡종지; 면적 119㎡","priority_score":50,"source":"경기부동산포털 국공유지조회·연속지적도","source_date":"2026-08-11","installed_solar_match":false}},{"type":"Feature","id":"4183031022100320000","geometry":{"type":"Point","coordinates":[127.4780594,37.4802743]},"properties":{"pnu":"4183031022100320000","municipality_code":"41830","municipality":"양평군","district":"양평군","locality":"강상면 송학리","address":"양평군 강상면 송학리 32","owner_type":"경기도유지","owner_label":"경기도","manager":"소방재난본부 회계장비담당관","property_class":"행정재산","land_category":"대","area_sqm":929.0,"area_band":"500~1,000㎡","interest_category":"대","solar_candidate":"검토필요","candidate_reason":"청사·공공건축물·주차장 현황 추가 확인 필요; 면적 929㎡","priority_score":45,"source":"경기부동산포털 국공유지조회·연속지적도","source_date":"2026-08-11","installed_solar_match":false}},{"type":"Feature","id":"4183033031105910001","geometry":{"type":"Point","coordinates":[127.4149272,37.5264488]},"properties":{"pnu":"4183033031105910001","municipality_code":"41830","municipality":"양평군","district":"양평군","locality":"양서면 증동리","address":"양평군 양서면 증동리 591-1","owner_type":"경기도유지","owner_label":"경기도","manager":"건설국 하천과","property_class":"행정재산","land_category":"대","area_sqm":783.0,"area_band":"500~1,000㎡","interest_category":"대","solar_candidate":"검토필요","candidate_reason":"청사·공공건축물·주차장 현황 추가 확인 필요; 면적 783㎡","priority_score":45,"source":"경기부동산포털 국공유지조회·연속지적도","source_date":"2026-08-11","installed_solar_match":false}},{"type":"Feature","id":"4183025032106330002","geometry":{"type":"Point","coordinates":[127.5086826,37.4889248]},"properties":{"pnu":"4183025032106330002","municipality_code":"41830","municipality":"양평군","district":"양평군","locality":"양평읍 창대리","address":"양평군 양평읍 창대리 633-2","owner_type":"경기도유지","owner_label":"경기도(경기도교육감)","manager":"","property_class":"","land_category":"대","area_sqm":661.0,"area_band":"500~1,000㎡","interest_category":"대","solar_candidate":"검토필요","candidate_reason":"청사·공공건축물·주차장 현황 추가 확인 필요; 면적 661㎡","priority_score":45,"source":"경기부동산포털 국공유지조회·연속지적도","source_date":"2026-08-11","installed_solar_match":false}},{"type":"Feature","id":"4183040024104430001","geometry":{"type":"Point","coordinates":[127.5791541,37.4980411]},"properties":{"pnu":"4183040024104430001","municipality_code":"41830","municipality":"양평군","district":"양평군","locality":"용문면 다문리","address":"양평군 용문면 다문리 443-1","owner_type":"경기도유지","owner_label":"경기도","manager":"건설국 하천과","property_class":"행정재산","land_category":"대","area_sqm":661.0,"area_band":"500~1,000㎡","interest_category":"대","solar_candidate":"검토필요","candidate_reason":"청사·공공건축물·주차장 현황 추가 확인 필요; 면적 661㎡","priority_score":45,"source":"경기부동산포털 국공유지조회·연속지적도","source_date":"2026-08-11","installed_solar_match":false}},{"type":"Feature","id":"4183035028107270007","geometry":{"type":"Point","coordinates":[127.3797231,37.6470137]},"properties":{"pnu":"4183035028107270007","municipality_code":"41830","municipality":"양평군","district":"양평군","locality":"서종면 수입리","address":"양평군 서종면 수입리 727-7","owner_type":"경기도유지","owner_label":"경기도","manager":"건설국 도로정책과","property_class":"행정재산","land_category":"대","area_sqm":658.0,"area_band":"500~1,000㎡","interest_category":"대","solar_candidate":"검토필요","candidate_reason":"청사·공공건축물·주차장 현황 추가 확인 필요; 면적 658㎡","priority_score":45,"source":"경기부동산포털 국공유지조회·연속지적도","source_date":"2026-08-11","installed_solar_match":false}},{"type":"Feature","id":"4183035028107280000","geometry":{"type":"Point","coordinates":[127.3799178,37.6471582]},"properties":{"pnu":"4183035028107280000","municipality_code":"41830","municipality":"양평군","district":"양평군","locality":"서종면 수입리","address":"양평군 서종면 수입리 728","owner_type":"경기도유지","owner_label":"경기도","manager":"건설국 도로정책과","property_class":"행정재산","land_category":"대","area_sqm":658.0,"area_band":"500~1,000㎡","interest_category":"대","solar_candidate":"검토필요","candidate_reason":"청사·공공건축물·주차장 현황 추가 확인 필요; 면적 658㎡","priority_score":45,"source":"경기부동산포털 국공유지조회·연속지적도","source_date":"2026-08-11","installed_solar_match":false}},{"type":"Feature","id":"4183025021107320000","geometry":{"type":"Point","coordinates":[127.4986773,37.4870759]},"properties":{"pnu":"4183025021107320000","municipality_code":"41830","municipality":"양평군","district":"양평군","locality":"양평읍 양근리","address":"양평군 양평읍 양근리 732","owner_type":"경기도유지","owner_label":"경기도교육감","manager":"","property_class":"","land_category":"대","area_sqm":654.7,"area_band":"500~1,000㎡","interest_category":"대","solar_candidate":"검토필요","candidate_reason":"청사·공공건축물·주차장 현황 추가 확인 필요; 면적 655㎡","priority_score":45,"source":"경기부동산포털 국공유지조회·연속지적도","source_date":"2026-08-11","installed_solar_match":false}},{"type":"Feature","id":"4183032021100380002","geometry":{"type":"Point","coordinates":[127.4097482,37.4956818]},"properties":{"pnu":"4183032021100380002","municipality_code":"41830","municipality":"양평군","district":"양평군","locality":"강하면 운심리","address":"양평군 강하면 운심리 38-2","owner_type":"경기도유지","owner_label":"경기도(교육감)","manager":"","property_class":"","land_category":"대","area_sqm":635.0,"area_band":"500~1,000㎡","interest_category":"대","solar_candidate":"검토필요","candidate_reason":"청사·공공건축물·주차장 현황 추가 확인 필요; 면적 635㎡","priority_score":45,"source":"경기부동산포털 국공유지조회·연속지적도","source_date":"2026-08-11","installed_solar_match":false}},{"type":"Feature","id":"4183034021105540000","geometry":{"type":"Point","coordinates":[127.4601131,37.519032]},"properties":{"pnu":"4183034021105540000","municipality_code":"41830","municipality":"양평군","district":"양평군","locality":"옥천면 옥천리","address":"양평군 옥천면 옥천리 554","owner_type":"경기도유지","owner_label":"경기도(경기도교육감)","manager":"","property_class":"","land_category":"대","area_sqm":626.0,"area_band":"500~1,000㎡","interest_category":"대","solar_candidate":"검토필요","candidate_reason":"청사·공공건축물·주차장 현황 추가 확인 필요; 면적 626㎡","priority_score":45,"source":"경기부동산포털 국공유지조회·연속지적도","source_date":"2026-08-11","installed_solar_match":false}},{"type":"Feature","id":"4183025021107220000","geometry":{"type":"Point","coordinates":[127.4984512,37.4872395]},"properties":{"pnu":"4183025021107220000","municipality_code":"41830","municipality":"양평군","district":"양평군","locality":"양평읍 양근리","address":"양평군 양평읍 양근리 722","owner_type":"경기도유지","owner_label":"경기도교육감","manager":"","property_class":"","land_category":"대","area_sqm":621.5,"area_band":"500~1,000㎡","interest_category":"대","solar_candidate":"검토필요","candidate_reason":"청사·공공건축물·주차장 현황 추가 확인 필요; 면적 622㎡","priority_score":45,"source":"경기부동산포털 국공유지조회·연속지적도","source_date":"2026-08-11","installed_solar_match":false}},{"type":"Feature","id":"4183040025100060000","geometry":{"type":"Point","coordinates":[127.5767979,37.5006924]},"properties":{"pnu":"4183040025100060000","municipality_code":"41830","municipality":"양평군","district":"양평군","locality":"용문면 연수리","address":"양평군 용문면 연수리 6","owner_type":"경기도유지","owner_label":"경기도","manager":"건설국 하천과","property_class":"행정재산","land_category":"대","area_sqm":612.0,"area_band":"500~1,000㎡","interest_category":"대","solar_candidate":"검토필요","candidate_reason":"청사·공공건축물·주차장 현황 추가 확인 필요; 면적 612㎡","priority_score":45,"source":"경기부동산포털 국공유지조회·연속지적도","source_date":"2026-08-11","installed_solar_match":false}},{"type":"Feature","id":"4183040024105600001","geometry":{"type":"Point","coordinates":[127.5903475,37.4927552]},"properties":{"pnu":"4183040024105600001","municipality_code":"41830","municipality":"양평군","district":"양평군","locality":"용문면 다문리","address":"양평군 용문면 다문리 560-1","owner_type":"경기도유지","owner_label":"경기도","manager":"소방재난본부 회계장비담당관","property_class":"행정재산","land_category":"대","area_sqm":599.0,"area_band":"500~1,000㎡","interest_category":"대","solar_candidate":"검토필요","candidate_reason":"청사·공공건축물·주차장 현황 추가 확인 필요; 면적 599㎡","priority_score":45,"source":"경기부동산포털 국공유지조회·연속지적도","source_date":"2026-08-11","installed_solar_match":false}},{"type":"Feature","id":"4183033031104960001","geometry":{"type":"Point","coordinates":[127.418295,37.5369055]},"properties":{"pnu":"4183033031104960001","municipality_code":"41830","municipality":"양평군","district":"양평군","locality":"양서면 증동리","address":"양평군 양서면 증동리 496-1","owner_type":"경기도유지","owner_label":"경기도","manager":"건설국 하천과","property_class":"행정재산","land_category":"대","area_sqm":589.0,"area_band":"500~1,000㎡","interest_category":"대","solar_candidate":"검토필요","candidate_reason":"청사·공공건축물·주차장 현황 추가 확인 필요; 면적 589㎡","priority_score":45,"source":"경기부동산포털 국공유지조회·연속지적도","source_date":"2026-08-11","installed_solar_match":false}},{"type":"Feature","id":"4183025021104930028","geometry":{"type":"Point","coordinates":[127.4872678,37.492374]},"properties":{"pnu":"4183025021104930028","municipality_code":"41830","municipality":"양평군","district":"양평군","locality":"양평읍 양근리","address":"양평군 양평읍 양근리 493-28","owner_type":"경기도유지","owner_label":"경기도(교육감)","manager":"","property_class":"","land_category":"대","area_sqm":585.0,"area_band":"500~1,000㎡","interest_category":"대","solar_candidate":"검토필요","candidate_reason":"청사·공공건축물·주차장 현황 추가 확인 필요; 면적 585㎡","priority_score":45,"source":"경기부동산포털 국공유지조회·연속지적도","source_date":"2026-08-11","installed_solar_match":false}},{"type":"Feature","id":"4183038022101860003","geometry":{"type":"Point","coordinates":[127.7498316,37.4294168]},"properties":{"pnu":"4183038022101860003","municipality_code":"41830","municipality":"양평군","district":"양평군","locality":"양동면 석곡리","address":"양평군 양동면 석곡리 186-3","owner_type":"경기도유지","owner_label":"경기도(경기도교육감)","manager":"","property_class":"","land_category":"대","area_sqm":579.0,"area_band":"500~1,000㎡","interest_category":"대","solar_candidate":"검토필요","candidate_reason":"청사·공공건축물·주차장 현황 추가 확인 필요; 면적 579㎡","priority_score":45,"source":"경기부동산포털 국공유지조회·연속지적도","source_date":"2026-08-11","installed_solar_match":false}},{"type":"Feature","id":"4183040023105840001","geometry":{"type":"Point","coordinates":[127.5627874,37.4673219]},"properties":{"pnu":"4183040023105840001","municipality_code":"41830","municipality":"양평군","district":"양평군","locality":"용문면 삼성리","address":"양평군 용문면 삼성리 584-1","owner_type":"경기도유지","owner_label":"경기도","manager":"건설국 하천과","property_class":"행정재산","land_category":"대","area_sqm":548.0,"area_band":"500~1,000㎡","interest_category":"대","solar_candidate":"검토필요","candidate_reason":"청사·공공건축물·주차장 현황 추가 확인 필요; 면적 548㎡","priority_score":45,"source":"경기부동산포털 국공유지조회·연속지적도","source_date":"2026-08-11","installed_solar_match":false}},{"type":"Feature","id":"4183036022102750008","geometry":{"type":"Point","coordinates":[127.6627407,37.51778]},"properties":{"pnu":"4183036022102750008","municipality_code":"41830","municipality":"양평군","district":"양평군","locality":"단월면 삼가리","address":"양평군 단월면 삼가리 275-8","owner_type":"경기도유지","owner_label":"경기도","manager":"건설국 하천과","property_class":"행정재산","land_category":"대","area_sqm":505.0,"area_band":"500~1,000㎡","interest_category":"대","solar_candidate":"검토필요","candidate_reason":"청사·공공건축물·주차장 현황 추가 확인 필요; 면적 505㎡","priority_score":45,"source":"경기부동산포털 국공유지조회·연속지적도","source_date":"2026-08-11","installed_solar_match":false}},{"type":"Feature","id":"4183037025202610005","geometry":{"type":"Point","coordinates":[127.753034,37.5085584]},"properties":{"pnu":"4183037025202610005","municipality_code":"41830","municipality":"양평군","district":"양평군","locality":"청운면 갈운리","address":"양평군 청운면 갈운리 산261-5","owner_type":"경기도유지","owner_label":"경기도","manager":"건설국 도로정책과","property_class":"행정재산","land_category":"도로","area_sqm":67165.0,"area_band":"5,000㎡ 이상","interest_category":"도로","solar_candidate":"검토필요","candidate_reason":"도로점용 및 실제 이용형태 추가 검토 필요; 면적 67,165㎡","priority_score":40,"source":"경기부동산포털 국공유지조회·연속지적도","source_date":"2026-08-11","installed_solar_match":false}},{"type":"Feature","id":"4183036026200330003","geometry":{"type":"Point","coordinates":[127.677288,37.5845605]},"properties":{"pnu":"4183036026200330003","municipality_code":"41830","municipality":"양평군","district":"양평군","locality":"단월면 부안리","address":"양평군 단월면 부안리 산33-3","owner_type":"경기도유지","owner_label":"경기도","manager":"건설국 도로정책과","property_class":"행정재산","land_category":"도로","area_sqm":32114.0,"area_band":"5,000㎡ 이상","interest_category":"도로","solar_candidate":"검토필요","candidate_reason":"도로점용 및 실제 이용형태 추가 검토 필요; 면적 32,114㎡","priority_score":40,"source":"경기부동산포털 국공유지조회·연속지적도","source_date":"2026-08-11","installed_solar_match":false}},{"type":"Feature","id":"4183037025201650009","geometry":{"type":"Point","coordinates":[127.749242,37.5344686]},"properties":{"pnu":"4183037025201650009","municipality_code":"41830","municipality":"양평군","district":"양평군","locality":"청운면 갈운리","address":"양평군 청운면 갈운리 산165-9","owner_type":"경기도유지","owner_label":"경기도","manager":"건설국 도로정책과","property_class":"행정재산","land_category":"도로","area_sqm":22864.0,"area_band":"5,000㎡ 이상","interest_category":"도로","solar_candidate":"검토필요","candidate_reason":"도로점용 및 실제 이용형태 추가 검토 필요; 면적 22,864㎡","priority_score":40,"source":"경기부동산포털 국공유지조회·연속지적도","source_date":"2026-08-11","installed_solar_match":false}},{"type":"Feature","id":"4183037025202650002","geometry":{"type":"Point","coordinates":[127.7555899,37.5155908]},"properties":{"pnu":"4183037025202650002","municipality_code":"41830","municipality":"양평군","district":"양평군","locality":"청운면 갈운리","address":"양평군 청운면 갈운리 산265-2","owner_type":"경기도유지","owner_label":"경기도","manager":"건설국 도로정책과","property_class":"행정재산","land_category":"도로","area_sqm":20744.0,"area_band":"5,000㎡ 이상","interest_category":"도로","solar_candidate":"검토필요","candidate_reason":"도로점용 및 실제 이용형태 추가 검토 필요; 면적 20,744㎡","priority_score":40,"source":"경기부동산포털 국공유지조회·연속지적도","source_date":"2026-08-11","installed_solar_match":false}},{"type":"Feature","id":"4183038028201070001","geometry":{"type":"Point","coordinates":[127.7357705,37.3775469]},"properties":{"pnu":"4183038028201070001","municipality_code":"41830","municipality":"양평군","district":"양평군","locality":"양동면 단석리","address":"양평군 양동면 단석리 산107-1","owner_type":"경기도유지","owner_label":"경기도","manager":"건설국 도로정책과","property_class":"행정재산","land_category":"도로","area_sqm":20274.0,"area_band":"5,000㎡ 이상","interest_category":"도로","solar_candidate":"검토필요","candidate_reason":"도로점용 및 실제 이용형태 추가 검토 필요; 면적 20,274㎡","priority_score":40,"source":"경기부동산포털 국공유지조회·연속지적도","source_date":"2026-08-11","installed_solar_match":false}},{"type":"Feature","id":"4183032026200020001","geometry":{"type":"Point","coordinates":[127.4458745,37.5046973]},"properties":{"pnu":"4183032026200020001","municipality_code":"41830","municipality":"양평군","district":"양평군","locality":"강하면 전수리","address":"양평군 강하면 전수리 산2-1","owner_type":"경기도유지","owner_label":"경기도","manager":"건설국 도로정책과","property_class":"행정재산","land_category":"도로","area_sqm":18938.0,"area_band":"5,000㎡ 이상","interest_category":"도로","solar_candidate":"검토필요","candidate_reason":"도로점용 및 실제 이용형태 추가 검토 필요; 면적 18,938㎡","priority_score":40,"source":"경기부동산포털 국공유지조회·연속지적도","source_date":"2026-08-11","installed_solar_match":false}},{"type":"Feature","id":"4183036027200060003","geometry":{"type":"Point","coordinates":[127.6827601,37.6010305]},"properties":{"pnu":"4183036027200060003","municipality_code":"41830","municipality":"양평군","district":"양평군","locality":"단월면 명성리","address":"양평군 단월면 명성리 산6-3","owner_type":"경기도유지","owner_label":"경기도","manager":"건설국 도로정책과","property_class":"행정재산","land_category":"도로","area_sqm":17955.0,"area_band":"5,000㎡ 이상","interest_category":"도로","solar_candidate":"검토필요","candidate_reason":"도로점용 및 실제 이용형태 추가 검토 필요; 면적 17,955㎡","priority_score":40,"source":"경기부동산포털 국공유지조회·연속지적도","source_date":"2026-08-11","installed_solar_match":false}},{"type":"Feature","id":"4183036028200400000","geometry":{"type":"Point","coordinates":[127.6087282,37.6417554]},"properties":{"pnu":"4183036028200400000","municipality_code":"41830","municipality":"양평군","district":"양평군","locality":"단월면 석산리","address":"양평군 단월면 석산리 산40","owner_type":"경기도유지","owner_label":"경기도","manager":"건설국 도로정책과","property_class":"행정재산","land_category":"도로","area_sqm":15419.0,"area_band":"5,000㎡ 이상","interest_category":"도로","solar_candidate":"검토필요","candidate_reason":"도로점용 및 실제 이용형태 추가 검토 필요; 면적 15,419㎡","priority_score":40,"source":"경기부동산포털 국공유지조회·연속지적도","source_date":"2026-08-11","installed_solar_match":false}},{"type":"Feature","id":"4183038028200110010","geometry":{"type":"Point","coordinates":[127.7485961,37.399514]},"properties":{"pnu":"4183038028200110010","municipality_code":"41830","municipality":"양평군","district":"양평군","locality":"양동면 단석리","address":"양평군 양동면 단석리 산11-10","owner_type":"경기도유지","owner_label":"경기도","manager":"건설국 도로정책과","property_class":"행정재산","land_category":"도로","area_sqm":14514.0,"area_band":"5,000㎡ 이상","interest_category":"도로","solar_candidate":"검토필요","candidate_reason":"도로점용 및 실제 이용형태 추가 검토 필요; 면적 14,514㎡","priority_score":40,"source":"경기부동산포털 국공유지조회·연속지적도","source_date":"2026-08-11","installed_solar_match":false}},{"type":"Feature","id":"4183035028200020010","geometry":{"type":"Point","coordinates":[127.3805335,37.6499081]},"properties":{"pnu":"4183035028200020010","municipality_code":"41830","municipality":"양평군","district":"양평군","locality":"서종면 수입리","address":"양평군 서종면 수입리 산2-10","owner_type":"경기도유지","owner_label":"경기도","manager":"건설국 도로정책과","property_class":"행정재산","land_category":"도로","area_sqm":14130.0,"area_band":"5,000㎡ 이상","interest_category":"도로","solar_candidate":"검토필요","candidate_reason":"도로점용 및 실제 이용형태 추가 검토 필요; 면적 14,130㎡","priority_score":40,"source":"경기부동산포털 국공유지조회·연속지적도","source_date":"2026-08-11","installed_solar_match":false}},{"type":"Feature","id":"4183033021200010003","geometry":{"type":"Point","coordinates":[127.3380234,37.5798609]},"properties":{"pnu":"4183033021200010003","municipality_code":"41830","municipality":"양평군","district":"양평군","locality":"양서면 양수리","address":"양평군 양서면 양수리 산1-3","owner_type":"경기도유지","owner_label":"경기도","manager":"건설국 도로정책과","property_class":"행정재산","land_category":"도로","area_sqm":12711.0,"area_band":"5,000㎡ 이상","interest_category":"도로","solar_candidate":"검토필요","candidate_reason":"도로점용 및 실제 이용형태 추가 검토 필요; 면적 12,711㎡","priority_score":40,"source":"경기부동산포털 국공유지조회·연속지적도","source_date":"2026-08-11","installed_solar_match":false}},{"type":"Feature","id":"4183038028200350004","geometry":{"type":"Point","coordinates":[127.7469562,37.390863]},"properties":{"pnu":"4183038028200350004","municipality_code":"41830","municipality":"양평군","district":"양평군","locality":"양동면 단석리","address":"양평군 양동면 단석리 산35-4","owner_type":"경기도유지","owner_label":"경기도","manager":"건설국 도로정책과","property_class":"행정재산","land_category":"도로","area_sqm":12698.0,"area_band":"5,000㎡ 이상","interest_category":"도로","solar_candidate":"검토필요","candidate_reason":"도로점용 및 실제 이용형태 추가 검토 필요; 면적 12,698㎡","priority_score":40,"source":"경기부동산포털 국공유지조회·연속지적도","source_date":"2026-08-11","installed_solar_match":false}},{"type":"Feature","id":"4183036024202120001","geometry":{"type":"Point","coordinates":[127.6229671,37.5894576]},"properties":{"pnu":"4183036024202120001","municipality_code":"41830","municipality":"양평군","district":"양평군","locality":"단월면 향소리","address":"양평군 단월면 향소리 산212-1","owner_type":"경기도유지","owner_label":"경기도","manager":"건설국 도로정책과","property_class":"행정재산","land_category":"도로","area_sqm":12580.0,"area_band":"5,000㎡ 이상","interest_category":"도로","solar_candidate":"검토필요","candidate_reason":"도로점용 및 실제 이용형태 추가 검토 필요; 면적 12,580㎡","priority_score":40,"source":"경기부동산포털 국공유지조회·연속지적도","source_date":"2026-08-11","installed_solar_match":false}},{"type":"Feature","id":"4183031026103020004","geometry":{"type":"Point","coordinates":[127.4887095,37.4442215]},"properties":{"pnu":"4183031026103020004","municipality_code":"41830","municipality":"양평군","district":"양평군","locality":"강상면 세월리","address":"양평군 강상면 세월리 302-4","owner_type":"경기도유지","owner_label":"경기도","manager":"건설국 도로정책과","property_class":"행정재산","land_category":"도로","area_sqm":12549.0,"area_band":"5,000㎡ 이상","interest_category":"도로","solar_candidate":"검토필요","candidate_reason":"도로점용 및 실제 이용형태 추가 검토 필요; 면적 12,549㎡","priority_score":40,"source":"경기부동산포털 국공유지조회·연속지적도","source_date":"2026-08-11","installed_solar_match":false}},{"type":"Feature","id":"4183038028200900004","geometry":{"type":"Point","coordinates":[127.7423454,37.3833346]},"properties":{"pnu":"4183038028200900004","municipality_code":"41830","municipality":"양평군","district":"양평군","locality":"양동면 단석리","address":"양평군 양동면 단석리 산90-4","owner_type":"경기도유지","owner_label":"경기도","manager":"건설국 도로정책과","property_class":"행정재산","land_category":"도로","area_sqm":12015.0,"area_band":"5,000㎡ 이상","interest_category":"도로","solar_candidate":"검토필요","candidate_reason":"도로점용 및 실제 이용형태 추가 검토 필요; 면적 12,015㎡","priority_score":40,"source":"경기부동산포털 국공유지조회·연속지적도","source_date":"2026-08-11","installed_solar_match":false}},{"type":"Feature","id":"4183036027200240002","geometry":{"type":"Point","coordinates":[127.6804287,37.597142]},"properties":{"pnu":"4183036027200240002","municipality_code":"41830","municipality":"양평군","district":"양평군","locality":"단월면 명성리","address":"양평군 단월면 명성리 산24-2","owner_type":"경기도유지","owner_label":"경기도","manager":"건설국 도로정책과","property_class":"행정재산","land_category":"도로","area_sqm":11750.0,"area_band":"5,000㎡ 이상","interest_category":"도로","solar_candidate":"검토필요","candidate_reason":"도로점용 및 실제 이용형태 추가 검토 필요; 면적 11,750㎡","priority_score":40,"source":"경기부동산포털 국공유지조회·연속지적도","source_date":"2026-08-11","installed_solar_match":false}},{"type":"Feature","id":"4183036021200190023","geometry":{"type":"Point","coordinates":[127.6793584,37.5358376]},"properties":{"pnu":"4183036021200190023","municipality_code":"41830","municipality":"양평군","district":"양평군","locality":"단월면 보룡리","address":"양평군 단월면 보룡리 산19-23","owner_type":"경기도유지","owner_label":"경기도","manager":"건설국 도로정책과","property_class":"행정재산","land_category":"도로","area_sqm":11549.0,"area_band":"5,000㎡ 이상","interest_category":"도로","solar_candidate":"검토필요","candidate_reason":"도로점용 및 실제 이용형태 추가 검토 필요; 면적 11,549㎡","priority_score":40,"source":"경기부동산포털 국공유지조회·연속지적도","source_date":"2026-08-11","installed_solar_match":false}},{"type":"Feature","id":"4183033021200260003","geometry":{"type":"Point","coordinates":[127.3293235,37.5640255]},"properties":{"pnu":"4183033021200260003","municipality_code":"41830","municipality":"양평군","district":"양평군","locality":"양서면 양수리","address":"양평군 양서면 양수리 산26-3","owner_type":"경기도유지","owner_label":"경기도","manager":"건설국 도로정책과","property_class":"행정재산","land_category":"도로","area_sqm":10986.0,"area_band":"5,000㎡ 이상","interest_category":"도로","solar_candidate":"검토필요","candidate_reason":"도로점용 및 실제 이용형태 추가 검토 필요; 면적 10,986㎡","priority_score":40,"source":"경기부동산포털 국공유지조회·연속지적도","source_date":"2026-08-11","installed_solar_match":false}},{"type":"Feature","id":"4183037025202390007","geometry":{"type":"Point","coordinates":[127.7543202,37.5248748]},"properties":{"pnu":"4183037025202390007","municipality_code":"41830","municipality":"양평군","district":"양평군","locality":"청운면 갈운리","address":"양평군 청운면 갈운리 산239-7","owner_type":"경기도유지","owner_label":"경기도","manager":"건설국 도로정책과","property_class":"행정재산","land_category":"도로","area_sqm":10328.0,"area_band":"5,000㎡ 이상","interest_category":"도로","solar_candidate":"검토필요","candidate_reason":"도로점용 및 실제 이용형태 추가 검토 필요; 면적 10,328㎡","priority_score":40,"source":"경기부동산포털 국공유지조회·연속지적도","source_date":"2026-08-11","installed_solar_match":false}},{"type":"Feature","id":"4183038028200440001","geometry":{"type":"Point","coordinates":[127.7474207,37.3955291]},"properties":{"pnu":"4183038028200440001","municipality_code":"41830","municipality":"양평군","district":"양평군","locality":"양동면 단석리","address":"양평군 양동면 단석리 산44-1","owner_type":"경기도유지","owner_label":"경기도","manager":"건설국 도로정책과","property_class":"행정재산","land_category":"도로","area_sqm":10190.0,"area_band":"5,000㎡ 이상","interest_category":"도로","solar_candidate":"검토필요","candidate_reason":"도로점용 및 실제 이용형태 추가 검토 필요; 면적 10,190㎡","priority_score":40,"source":"경기부동산포털 국공유지조회·연속지적도","source_date":"2026-08-11","installed_solar_match":false}},{"type":"Feature","id":"4183036027200070001","geometry":{"type":"Point","coordinates":[127.6826339,37.6060538]},"properties":{"pnu":"4183036027200070001","municipality_code":"41830","municipality":"양평군","district":"양평군","locality":"단월면 명성리","address":"양평군 단월면 명성리 산7-1","owner_type":"경기도유지","owner_label":"경기도","manager":"건설국 도로정책과","property_class":"행정재산","land_category":"도로","area_sqm":9983.0,"area_band":"5,000㎡ 이상","interest_category":"도로","solar_candidate":"검토필요","candidate_reason":"도로점용 및 실제 이용형태 추가 검토 필요; 면적 9,983㎡","priority_score":40,"source":"경기부동산포털 국공유지조회·연속지적도","source_date":"2026-08-11","installed_solar_match":false}},{"type":"Feature","id":"4183038028201060001","geometry":{"type":"Point","coordinates":[127.737613,37.3796753]},"properties":{"pnu":"4183038028201060001","municipality_code":"41830","municipality":"양평군","district":"양평군","locality":"양동면 단석리","address":"양평군 양동면 단석리 산106-1","owner_type":"경기도유지","owner_label":"경기도","manager":"건설국 도로정책과","property_class":"행정재산","land_category":"도로","area_sqm":9705.0,"area_band":"5,000㎡ 이상","interest_category":"도로","solar_candidate":"검토필요","candidate_reason":"도로점용 및 실제 이용형태 추가 검토 필요; 면적 9,705㎡","priority_score":40,"source":"경기부동산포털 국공유지조회·연속지적도","source_date":"2026-08-11","installed_solar_match":false}},{"type":"Feature","id":"4183025030102690000","geometry":{"type":"Point","coordinates":[127.5472244,37.4673476]},"properties":{"pnu":"4183025030102690000","municipality_code":"41830","municipality":"양평군","district":"양평군","locality":"양평읍 원덕리","address":"양평군 양평읍 원덕리 269","owner_type":"경기도유지","owner_label":"경기도","manager":"건설국 도로정책과","property_class":"행정재산","land_category":"도로","area_sqm":9666.0,"area_band":"5,000㎡ 이상","interest_category":"도로","solar_candidate":"검토필요","candidate_reason":"도로점용 및 실제 이용형태 추가 검토 필요; 면적 9,666㎡","priority_score":40,"source":"경기부동산포털 국공유지조회·연속지적도","source_date":"2026-08-11","installed_solar_match":false}},{"type":"Feature","id":"4183039528103790000","geometry":{"type":"Point","coordinates":[127.6124771,37.4199895]},"properties":{"pnu":"4183039528103790000","municipality_code":"41830","municipality":"양평군","district":"양평군","locality":"지평면 곡수리","address":"양평군 지평면 곡수리 379","owner_type":"경기도유지","owner_label":"경기도","manager":"건설국 도로정책과","property_class":"행정재산","land_category":"도로","area_sqm":9582.0,"area_band":"5,000㎡ 이상","interest_category":"도로","solar_candidate":"검토필요","candidate_reason":"도로점용 및 실제 이용형태 추가 검토 필요; 면적 9,582㎡","priority_score":40,"source":"경기부동산포털 국공유지조회·연속지적도","source_date":"2026-08-11","installed_solar_match":false}},{"type":"Feature","id":"4183036021200120003","geometry":{"type":"Point","coordinates":[127.6774382,37.5408385]},"properties":{"pnu":"4183036021200120003","municipality_code":"41830","municipality":"양평군","district":"양평군","locality":"단월면 보룡리","address":"양평군 단월면 보룡리 산12-3","owner_type":"경기도유지","owner_label":"경기도","manager":"건설국 도로정책과","property_class":"행정재산","land_category":"도로","area_sqm":9218.0,"area_band":"5,000㎡ 이상","interest_category":"도로","solar_candidate":"검토필요","candidate_reason":"도로점용 및 실제 이용형태 추가 검토 필요; 면적 9,218㎡","priority_score":40,"source":"경기부동산포털 국공유지조회·연속지적도","source_date":"2026-08-11","installed_solar_match":false}},{"type":"Feature","id":"4183038028200210007","geometry":{"type":"Point","coordinates":[127.7451191,37.3860231]},"properties":{"pnu":"4183038028200210007","municipality_code":"41830","municipality":"양평군","district":"양평군","locality":"양동면 단석리","address":"양평군 양동면 단석리 산21-7","owner_type":"경기도유지","owner_label":"경기도","manager":"건설국 도로정책과","property_class":"행정재산","land_category":"도로","area_sqm":9027.0,"area_band":"5,000㎡ 이상","interest_category":"도로","solar_candidate":"검토필요","candidate_reason":"도로점용 및 실제 이용형태 추가 검토 필요; 면적 9,027㎡","priority_score":40,"source":"경기부동산포털 국공유지조회·연속지적도","source_date":"2026-08-11","installed_solar_match":false}},{"type":"Feature","id":"4183033021200010010","geometry":{"type":"Point","coordinates":[127.3386405,37.5801597]},"properties":{"pnu":"4183033021200010010","municipality_code":"41830","municipality":"양평군","district":"양평군","locality":"양서면 양수리","address":"양평군 양서면 양수리 산1-10","owner_type":"경기도유지","owner_label":"경기도","manager":"건설국 도로정책과","property_class":"행정재산","land_category":"도로","area_sqm":8877.0,"area_band":"5,000㎡ 이상","interest_category":"도로","solar_candidate":"검토필요","candidate_reason":"도로점용 및 실제 이용형태 추가 검토 필요; 면적 8,877㎡","priority_score":40,"source":"경기부동산포털 국공유지조회·연속지적도","source_date":"2026-08-11","installed_solar_match":false}},{"type":"Feature","id":"4183031023200260013","geometry":{"type":"Point","coordinates":[127.4884523,37.4645053]},"properties":{"pnu":"4183031023200260013","municipality_code":"41830","municipality":"양평군","district":"양평군","locality":"강상면 교평리","address":"양평군 강상면 교평리 산26-13","owner_type":"경기도유지","owner_label":"경기도","manager":"건설국 도로정책과","property_class":"행정재산","land_category":"도로","area_sqm":8647.0,"area_band":"5,000㎡ 이상","interest_category":"도로","solar_candidate":"검토필요","candidate_reason":"도로점용 및 실제 이용형태 추가 검토 필요; 면적 8,647㎡","priority_score":40,"source":"경기부동산포털 국공유지조회·연속지적도","source_date":"2026-08-11","installed_solar_match":false}},{"type":"Feature","id":"4183033021200100019","geometry":{"type":"Point","coordinates":[127.3349674,37.5743333]},"properties":{"pnu":"4183033021200100019","municipality_code":"41830","municipality":"양평군","district":"양평군","locality":"양서면 양수리","address":"양평군 양서면 양수리 산10-19","owner_type":"경기도유지","owner_label":"경기도","manager":"건설국 도로정책과","property_class":"행정재산","land_category":"도로","area_sqm":8625.0,"area_band":"5,000㎡ 이상","interest_category":"도로","solar_candidate":"검토필요","candidate_reason":"도로점용 및 실제 이용형태 추가 검토 필요; 면적 8,625㎡","priority_score":40,"source":"경기부동산포털 국공유지조회·연속지적도","source_date":"2026-08-11","installed_solar_match":false}},{"type":"Feature","id":"4183035021201480003","geometry":{"type":"Point","coordinates":[127.3457273,37.5919578]},"properties":{"pnu":"4183035021201480003","municipality_code":"41830","municipality":"양평군","district":"양평군","locality":"서종면 문호리","address":"양평군 서종면 문호리 산148-3","owner_type":"경기도유지","owner_label":"경기도","manager":"건설국 도로정책과","property_class":"행정재산","land_category":"도로","area_sqm":8243.0,"area_band":"5,000㎡ 이상","interest_category":"도로","solar_candidate":"검토필요","candidate_reason":"도로점용 및 실제 이용형태 추가 검토 필요; 면적 8,243㎡","priority_score":40,"source":"경기부동산포털 국공유지조회·연속지적도","source_date":"2026-08-11","installed_solar_match":false}},{"type":"Feature","id":"4183036029102350001","geometry":{"type":"Point","coordinates":[127.6005176,37.6085192]},"properties":{"pnu":"4183036029102350001","municipality_code":"41830","municipality":"양평군","district":"양평군","locality":"단월면 산음리","address":"양평군 단월면 산음리 235-1","owner_type":"경기도유지","owner_label":"경기도","manager":"건설국 도로정책과","property_class":"행정재산","land_category":"도로","area_sqm":8242.0,"area_band":"5,000㎡ 이상","interest_category":"도로","solar_candidate":"검토필요","candidate_reason":"도로점용 및 실제 이용형태 추가 검토 필요; 면적 8,242㎡","priority_score":40,"source":"경기부동산포털 국공유지조회·연속지적도","source_date":"2026-08-11","installed_solar_match":false}},{"type":"Feature","id":"4183035028200510005","geometry":{"type":"Point","coordinates":[127.3670833,37.6385726]},"properties":{"pnu":"4183035028200510005","municipality_code":"41830","municipality":"양평군","district":"양평군","locality":"서종면 수입리","address":"양평군 서종면 수입리 산51-5","owner_type":"경기도유지","owner_label":"경기도","manager":"건설국 도로정책과","property_class":"행정재산","land_category":"도로","area_sqm":8240.0,"area_band":"5,000㎡ 이상","interest_category":"도로","solar_candidate":"검토필요","candidate_reason":"도로점용 및 실제 이용형태 추가 검토 필요; 면적 8,240㎡","priority_score":40,"source":"경기부동산포털 국공유지조회·연속지적도","source_date":"2026-08-11","installed_solar_match":false}},{"type":"Feature","id":"4183033021200160006","geometry":{"type":"Point","coordinates":[127.3323817,37.5695832]},"properties":{"pnu":"4183033021200160006","municipality_code":"41830","municipality":"양평군","district":"양평군","locality":"양서면 양수리","address":"양평군 양서면 양수리 산16-6","owner_type":"경기도유지","owner_label":"경기도","manager":"건설국 도로정책과","property_class":"행정재산","land_category":"도로","area_sqm":7885.0,"area_band":"5,000㎡ 이상","interest_category":"도로","solar_candidate":"검토필요","candidate_reason":"도로점용 및 실제 이용형태 추가 검토 필요; 면적 7,885㎡","priority_score":40,"source":"경기부동산포털 국공유지조회·연속지적도","source_date":"2026-08-11","installed_solar_match":false}},{"type":"Feature","id":"4183035028200410024","geometry":{"type":"Point","coordinates":[127.3781249,37.6455535]},"properties":{"pnu":"4183035028200410024","municipality_code":"41830","municipality":"양평군","district":"양평군","locality":"서종면 수입리","address":"양평군 서종면 수입리 산41-24","owner_type":"경기도유지","owner_label":"경기도","manager":"건설국 도로정책과","property_class":"행정재산","land_category":"도로","area_sqm":7840.0,"area_band":"5,000㎡ 이상","interest_category":"도로","solar_candidate":"검토필요","candidate_reason":"도로점용 및 실제 이용형태 추가 검토 필요; 면적 7,840㎡","priority_score":40,"source":"경기부동산포털 국공유지조회·연속지적도","source_date":"2026-08-11","installed_solar_match":false}},{"type":"Feature","id":"4183033021200170003","geometry":{"type":"Point","coordinates":[127.3308568,37.5673656]},"properties":{"pnu":"4183033021200170003","municipality_code":"41830","municipality":"양평군","district":"양평군","locality":"양서면 양수리","address":"양평군 양서면 양수리 산17-3","owner_type":"경기도유지","owner_label":"경기도","manager":"건설국 도로정책과","property_class":"행정재산","land_category":"도로","area_sqm":7554.0,"area_band":"5,000㎡ 이상","interest_category":"도로","solar_candidate":"검토필요","candidate_reason":"도로점용 및 실제 이용형태 추가 검토 필요; 면적 7,554㎡","priority_score":40,"source":"경기부동산포털 국공유지조회·연속지적도","source_date":"2026-08-11","installed_solar_match":false}},{"type":"Feature","id":"4183034022200290049","geometry":{"type":"Point","coordinates":[127.5119489,37.5593432]},"properties":{"pnu":"4183034022200290049","municipality_code":"41830","municipality":"양평군","district":"양평군","locality":"옥천면 용천리","address":"양평군 옥천면 용천리 산29-49","owner_type":"경기도유지","owner_label":"경기도","manager":"건설국 도로정책과","property_class":"행정재산","land_category":"도로","area_sqm":7445.0,"area_band":"5,000㎡ 이상","interest_category":"도로","solar_candidate":"검토필요","candidate_reason":"도로점용 및 실제 이용형태 추가 검토 필요; 면적 7,445㎡","priority_score":40,"source":"경기부동산포털 국공유지조회·연속지적도","source_date":"2026-08-11","installed_solar_match":false}},{"type":"Feature","id":"4183031021101020001","geometry":{"type":"Point","coordinates":[127.4711039,37.4906406]},"properties":{"pnu":"4183031021101020001","municipality_code":"41830","municipality":"양평군","district":"양평군","locality":"강상면 병산리","address":"양평군 강상면 병산리 102-1","owner_type":"경기도유지","owner_label":"경기도","manager":"건설국 도로정책과","property_class":"행정재산","land_category":"도로","area_sqm":7394.0,"area_band":"5,000㎡ 이상","interest_category":"도로","solar_candidate":"검토필요","candidate_reason":"도로점용 및 실제 이용형태 추가 검토 필요; 면적 7,394㎡","priority_score":40,"source":"경기부동산포털 국공유지조회·연속지적도","source_date":"2026-08-11","installed_solar_match":false}},{"type":"Feature","id":"4183036024201940013","geometry":{"type":"Point","coordinates":[127.6315258,37.5865289]},"properties":{"pnu":"4183036024201940013","municipality_code":"41830","municipality":"양평군","district":"양평군","locality":"단월면 향소리","address":"양평군 단월면 향소리 산194-13","owner_type":"경기도유지","owner_label":"경기도","manager":"건설국 도로정책과","property_class":"행정재산","land_category":"도로","area_sqm":7025.0,"area_band":"5,000㎡ 이상","interest_category":"도로","solar_candidate":"검토필요","candidate_reason":"도로점용 및 실제 이용형태 추가 검토 필요; 면적 7,025㎡","priority_score":40,"source":"경기부동산포털 국공유지조회·연속지적도","source_date":"2026-08-11","installed_solar_match":false}},{"type":"Feature","id":"4183038028200990004","geometry":{"type":"Point","coordinates":[127.7400892,37.3816581]},"properties":{"pnu":"4183038028200990004","municipality_code":"41830","municipality":"양평군","district":"양평군","locality":"양동면 단석리","address":"양평군 양동면 단석리 산99-4","owner_type":"경기도유지","owner_label":"경기도","manager":"건설국 도로정책과","property_class":"행정재산","land_category":"도로","area_sqm":6875.0,"area_band":"5,000㎡ 이상","interest_category":"도로","solar_candidate":"검토필요","candidate_reason":"도로점용 및 실제 이용형태 추가 검토 필요; 면적 6,875㎡","priority_score":40,"source":"경기부동산포털 국공유지조회·연속지적도","source_date":"2026-08-11","installed_solar_match":false}},{"type":"Feature","id":"4183036025104730003","geometry":{"type":"Point","coordinates":[127.67289,37.5455989]},"properties":{"pnu":"4183036025104730003","municipality_code":"41830","municipality":"양평군","district":"양평군","locality":"단월면 덕수리","address":"양평군 단월면 덕수리 473-3","owner_type":"경기도유지","owner_label":"경기도","manager":"건설국 도로정책과","property_class":"행정재산","land_category":"도로","area_sqm":6655.0,"area_band":"5,000㎡ 이상","interest_category":"도로","solar_candidate":"검토필요","candidate_reason":"도로점용 및 실제 이용형태 추가 검토 필요; 면적 6,655㎡","priority_score":40,"source":"경기부동산포털 국공유지조회·연속지적도","source_date":"2026-08-11","installed_solar_match":false}},{"type":"Feature","id":"4183036026200440002","geometry":{"type":"Point","coordinates":[127.6737331,37.57511]},"properties":{"pnu":"4183036026200440002","municipality_code":"41830","municipality":"양평군","district":"양평군","locality":"단월면 부안리","address":"양평군 단월면 부안리 산44-2","owner_type":"경기도유지","owner_label":"경기도","manager":"건설국 도로정책과","property_class":"행정재산","land_category":"도로","area_sqm":6629.0,"area_band":"5,000㎡ 이상","interest_category":"도로","solar_candidate":"검토필요","candidate_reason":"도로점용 및 실제 이용형태 추가 검토 필요; 면적 6,629㎡","priority_score":40,"source":"경기부동산포털 국공유지조회·연속지적도","source_date":"2026-08-11","installed_solar_match":false}},{"type":"Feature","id":"4183036024201940004","geometry":{"type":"Point","coordinates":[127.6297268,37.5876572]},"properties":{"pnu":"4183036024201940004","municipality_code":"41830","municipality":"양평군","district":"양평군","locality":"단월면 향소리","address":"양평군 단월면 향소리 산194-4","owner_type":"경기도유지","owner_label":"경기도","manager":"건설국 도로정책과","property_class":"행정재산","land_category":"도로","area_sqm":6583.0,"area_band":"5,000㎡ 이상","interest_category":"도로","solar_candidate":"검토필요","candidate_reason":"도로점용 및 실제 이용형태 추가 검토 필요; 면적 6,583㎡","priority_score":40,"source":"경기부동산포털 국공유지조회·연속지적도","source_date":"2026-08-11","installed_solar_match":false}},{"type":"Feature","id":"4183039524200240001","geometry":{"type":"Point","coordinates":[127.6623293,37.4540289]},"properties":{"pnu":"4183039524200240001","municipality_code":"41830","municipality":"양평군","district":"양평군","locality":"지평면 망미리","address":"양평군 지평면 망미리 산24-1","owner_type":"경기도유지","owner_label":"경기도","manager":"건설국 도로정책과","property_class":"행정재산","land_category":"도로","area_sqm":6536.0,"area_band":"5,000㎡ 이상","interest_category":"도로","solar_candidate":"검토필요","candidate_reason":"도로점용 및 실제 이용형태 추가 검토 필요; 면적 6,536㎡","priority_score":40,"source":"경기부동산포털 국공유지조회·연속지적도","source_date":"2026-08-11","installed_solar_match":false}},{"type":"Feature","id":"4183036027200070004","geometry":{"type":"Point","coordinates":[127.6828859,37.603661]},"properties":{"pnu":"4183036027200070004","municipality_code":"41830","municipality":"양평군","district":"양평군","locality":"단월면 명성리","address":"양평군 단월면 명성리 산7-4","owner_type":"경기도유지","owner_label":"경기도","manager":"건설국 도로정책과","property_class":"행정재산","land_category":"도로","area_sqm":6515.0,"area_band":"5,000㎡ 이상","interest_category":"도로","solar_candidate":"검토필요","candidate_reason":"도로점용 및 실제 이용형태 추가 검토 필요; 면적 6,515㎡","priority_score":40,"source":"경기부동산포털 국공유지조회·연속지적도","source_date":"2026-08-11","installed_solar_match":false}},{"type":"Feature","id":"4183031026105550000","geometry":{"type":"Point","coordinates":[127.4872,37.4459935]},"properties":{"pnu":"4183031026105550000","municipality_code":"41830","municipality":"양평군","district":"양평군","locality":"강상면 세월리","address":"양평군 강상면 세월리 555","owner_type":"경기도유지","owner_label":"경기도","manager":"건설국 도로정책과","property_class":"행정재산","land_category":"도로","area_sqm":6304.0,"area_band":"5,000㎡ 이상","interest_category":"도로","solar_candidate":"검토필요","candidate_reason":"도로점용 및 실제 이용형태 추가 검토 필요; 면적 6,304㎡","priority_score":40,"source":"경기부동산포털 국공유지조회·연속지적도","source_date":"2026-08-11","installed_solar_match":false}},{"type":"Feature","id":"4183036026200360001","geometry":{"type":"Point","coordinates":[127.6768272,37.5896784]},"properties":{"pnu":"4183036026200360001","municipality_code":"41830","municipality":"양평군","district":"양평군","locality":"단월면 부안리","address":"양평군 단월면 부안리 산36-1","owner_type":"경기도유지","owner_label":"경기도","manager":"건설국 도로정책과","property_class":"행정재산","land_category":"도로","area_sqm":6225.0,"area_band":"5,000㎡ 이상","interest_category":"도로","solar_candidate":"검토필요","candidate_reason":"도로점용 및 실제 이용형태 추가 검토 필요; 면적 6,225㎡","priority_score":40,"source":"경기부동산포털 국공유지조회·연속지적도","source_date":"2026-08-11","installed_solar_match":false}},{"type":"Feature","id":"4183039524200250006","geometry":{"type":"Point","coordinates":[127.664689,37.4533125]},"properties":{"pnu":"4183039524200250006","municipality_code":"41830","municipality":"양평군","district":"양평군","locality":"지평면 망미리","address":"양평군 지평면 망미리 산25-6","owner_type":"경기도유지","owner_label":"경기도","manager":"건설국 도로정책과","property_class":"행정재산","land_category":"도로","area_sqm":6064.0,"area_band":"5,000㎡ 이상","interest_category":"도로","solar_candidate":"검토필요","candidate_reason":"도로점용 및 실제 이용형태 추가 검토 필요; 면적 6,064㎡","priority_score":40,"source":"경기부동산포털 국공유지조회·연속지적도","source_date":"2026-08-11","installed_solar_match":false}},{"type":"Feature","id":"4183039526201730012","geometry":{"type":"Point","coordinates":[127.6849319,37.4246827]},"properties":{"pnu":"4183039526201730012","municipality_code":"41830","municipality":"양평군","district":"양평군","locality":"지평면 일신리","address":"양평군 지평면 일신리 산173-12","owner_type":"경기도유지","owner_label":"경기도","manager":"건설국 도로정책과","property_class":"행정재산","land_category":"도로","area_sqm":6018.0,"area_band":"5,000㎡ 이상","interest_category":"도로","solar_candidate":"검토필요","candidate_reason":"도로점용 및 실제 이용형태 추가 검토 필요; 면적 6,018㎡","priority_score":40,"source":"경기부동산포털 국공유지조회·연속지적도","source_date":"2026-08-11","installed_solar_match":false}},{"type":"Feature","id":"4183031027101670010","geometry":{"type":"Point","coordinates":[127.4774101,37.4314041]},"properties":{"pnu":"4183031027101670010","municipality_code":"41830","municipality":"양평군","district":"양평군","locality":"강상면 대석리","address":"양평군 강상면 대석리 167-10","owner_type":"경기도유지","owner_label":"경기도","manager":"건설국 도로정책과","property_class":"행정재산","land_category":"도로","area_sqm":5919.0,"area_band":"5,000㎡ 이상","interest_category":"도로","solar_candidate":"검토필요","candidate_reason":"도로점용 및 실제 이용형태 추가 검토 필요; 면적 5,919㎡","priority_score":40,"source":"경기부동산포털 국공유지조회·연속지적도","source_date":"2026-08-11","installed_solar_match":false}},{"type":"Feature","id":"4183036026101820002","geometry":{"type":"Point","coordinates":[127.6703828,37.5688818]},"properties":{"pnu":"4183036026101820002","municipality_code":"41830","municipality":"양평군","district":"양평군","locality":"단월면 부안리","address":"양평군 단월면 부안리 182-2","owner_type":"경기도유지","owner_label":"경기도","manager":"건설국 도로정책과","property_class":"행정재산","land_category":"도로","area_sqm":5856.0,"area_band":"5,000㎡ 이상","interest_category":"도로","solar_candidate":"검토필요","candidate_reason":"도로점용 및 실제 이용형태 추가 검토 필요; 면적 5,856㎡","priority_score":40,"source":"경기부동산포털 국공유지조회·연속지적도","source_date":"2026-08-11","installed_solar_match":false}},{"type":"Feature","id":"4183039522107160000","geometry":{"type":"Point","coordinates":[127.6264341,37.4801323]},"properties":{"pnu":"4183039522107160000","municipality_code":"41830","municipality":"양평군","district":"양평군","locality":"지평면 송현리","address":"양평군 지평면 송현리 716","owner_type":"경기도유지","owner_label":"경기도","manager":"건설국 도로정책과","property_class":"행정재산","land_category":"도로","area_sqm":5835.0,"area_band":"5,000㎡ 이상","interest_category":"도로","solar_candidate":"검토필요","candidate_reason":"도로점용 및 실제 이용형태 추가 검토 필요; 면적 5,835㎡","priority_score":40,"source":"경기부동산포털 국공유지조회·연속지적도","source_date":"2026-08-11","installed_solar_match":false}},{"type":"Feature","id":"4183038024200850001","geometry":{"type":"Point","coordinates":[127.7135144,37.4833937]},"properties":{"pnu":"4183038024200850001","municipality_code":"41830","municipality":"양평군","district":"양평군","locality":"양동면 고송리","address":"양평군 양동면 고송리 산85-1","owner_type":"경기도유지","owner_label":"경기도","manager":"건설국 도로정책과","property_class":"행정재산","land_category":"도로","area_sqm":5808.0,"area_band":"5,000㎡ 이상","interest_category":"도로","solar_candidate":"검토필요","candidate_reason":"도로점용 및 실제 이용형태 추가 검토 필요; 면적 5,808㎡","priority_score":40,"source":"경기부동산포털 국공유지조회·연속지적도","source_date":"2026-08-11","installed_solar_match":false}},{"type":"Feature","id":"4183038024203050005","geometry":{"type":"Point","coordinates":[127.6924148,37.5092995]},"properties":{"pnu":"4183038024203050005","municipality_code":"41830","municipality":"양평군","district":"양평군","locality":"양동면 고송리","address":"양평군 양동면 고송리 산305-5","owner_type":"경기도유지","owner_label":"경기도","manager":"건설국 도로정책과","property_class":"행정재산","land_category":"도로","area_sqm":5793.0,"area_band":"5,000㎡ 이상","interest_category":"도로","solar_candidate":"검토필요","candidate_reason":"도로점용 및 실제 이용형태 추가 검토 필요; 면적 5,793㎡","priority_score":40,"source":"경기부동산포털 국공유지조회·연속지적도","source_date":"2026-08-11","installed_solar_match":false}},{"type":"Feature","id":"4183036029200600003","geometry":{"type":"Point","coordinates":[127.6146048,37.594904]},"properties":{"pnu":"4183036029200600003","municipality_code":"41830","municipality":"양평군","district":"양평군","locality":"단월면 산음리","address":"양평군 단월면 산음리 산60-3","owner_type":"경기도유지","owner_label":"경기도","manager":"건설국 도로정책과","property_class":"행정재산","land_category":"도로","area_sqm":5752.0,"area_band":"5,000㎡ 이상","interest_category":"도로","solar_candidate":"검토필요","candidate_reason":"도로점용 및 실제 이용형태 추가 검토 필요; 면적 5,752㎡","priority_score":40,"source":"경기부동산포털 국공유지조회·연속지적도","source_date":"2026-08-11","installed_solar_match":false}},{"type":"Feature","id":"4183035028200510002","geometry":{"type":"Point","coordinates":[127.3658796,37.6373093]},"properties":{"pnu":"4183035028200510002","municipality_code":"41830","municipality":"양평군","district":"양평군","locality":"서종면 수입리","address":"양평군 서종면 수입리 산51-2","owner_type":"경기도유지","owner_label":"경기도","manager":"건설국 도로정책과","property_class":"행정재산","land_category":"도로","area_sqm":5743.0,"area_band":"5,000㎡ 이상","interest_category":"도로","solar_candidate":"검토필요","candidate_reason":"도로점용 및 실제 이용형태 추가 검토 필요; 면적 5,743㎡","priority_score":40,"source":"경기부동산포털 국공유지조회·연속지적도","source_date":"2026-08-11","installed_solar_match":false}},{"type":"Feature","id":"4183031026103310001","geometry":{"type":"Point","coordinates":[127.4905453,37.4404968]},"properties":{"pnu":"4183031026103310001","municipality_code":"41830","municipality":"양평군","district":"양평군","locality":"강상면 세월리","address":"양평군 강상면 세월리 331-1","owner_type":"경기도유지","owner_label":"경기도","manager":"건설국 도로정책과","property_class":"행정재산","land_category":"도로","area_sqm":5536.0,"area_band":"5,000㎡ 이상","interest_category":"도로","solar_candidate":"검토필요","candidate_reason":"도로점용 및 실제 이용형태 추가 검토 필요; 면적 5,536㎡","priority_score":40,"source":"경기부동산포털 국공유지조회·연속지적도","source_date":"2026-08-11","installed_solar_match":false}},{"type":"Feature","id":"4183039521200330005","geometry":{"type":"Point","coordinates":[127.6481902,37.47254]},"properties":{"pnu":"4183039521200330005","municipality_code":"41830","municipality":"양평군","district":"양평군","locality":"지평면 지평리","address":"양평군 지평면 지평리 산33-5","owner_type":"경기도유지","owner_label":"경기도","manager":"건설국 도로정책과","property_class":"행정재산","land_category":"도로","area_sqm":5532.0,"area_band":"5,000㎡ 이상","interest_category":"도로","solar_candidate":"검토필요","candidate_reason":"도로점용 및 실제 이용형태 추가 검토 필요; 면적 5,532㎡","priority_score":40,"source":"경기부동산포털 국공유지조회·연속지적도","source_date":"2026-08-11","installed_solar_match":false}},{"type":"Feature","id":"4183031026101150004","geometry":{"type":"Point","coordinates":[127.491965,37.4356147]},"properties":{"pnu":"4183031026101150004","municipality_code":"41830","municipality":"양평군","district":"양평군","locality":"강상면 세월리","address":"양평군 강상면 세월리 115-4","owner_type":"경기도유지","owner_label":"경기도","manager":"건설국 도로정책과","property_class":"행정재산","land_category":"도로","area_sqm":5423.0,"area_band":"5,000㎡ 이상","interest_category":"도로","solar_candidate":"검토필요","candidate_reason":"도로점용 및 실제 이용형태 추가 검토 필요; 면적 5,423㎡","priority_score":40,"source":"경기부동산포털 국공유지조회·연속지적도","source_date":"2026-08-11","installed_solar_match":false}},{"type":"Feature","id":"4183034022105970011","geometry":{"type":"Point","coordinates":[127.4775836,37.5289348]},"properties":{"pnu":"4183034022105970011","municipality_code":"41830","municipality":"양평군","district":"양평군","locality":"옥천면 용천리","address":"양평군 옥천면 용천리 597-11","owner_type":"경기도유지","owner_label":"경기도","manager":"건설국 도로정책과","property_class":"행정재산","land_category":"도로","area_sqm":5405.0,"area_band":"5,000㎡ 이상","interest_category":"도로","solar_candidate":"검토필요","candidate_reason":"도로점용 및 실제 이용형태 추가 검토 필요; 면적 5,405㎡","priority_score":40,"source":"경기부동산포털 국공유지조회·연속지적도","source_date":"2026-08-11","installed_solar_match":false}},{"type":"Feature","id":"4183034022200280032","geometry":{"type":"Point","coordinates":[127.4981217,37.5436022]},"properties":{"pnu":"4183034022200280032","municipality_code":"41830","municipality":"양평군","district":"양평군","locality":"옥천면 용천리","address":"양평군 옥천면 용천리 산28-32","owner_type":"경기도유지","owner_label":"경기도","manager":"건설국 도로정책과","property_class":"행정재산","land_category":"도로","area_sqm":5333.0,"area_band":"5,000㎡ 이상","interest_category":"도로","solar_candidate":"검토필요","candidate_reason":"도로점용 및 실제 이용형태 추가 검토 필요; 면적 5,333㎡","priority_score":40,"source":"경기부동산포털 국공유지조회·연속지적도","source_date":"2026-08-11","installed_solar_match":false}},{"type":"Feature","id":"4183036021200120001","geometry":{"type":"Point","coordinates":[127.6765937,37.5417255]},"properties":{"pnu":"4183036021200120001","municipality_code":"41830","municipality":"양평군","district":"양평군","locality":"단월면 보룡리","address":"양평군 단월면 보룡리 산12-1","owner_type":"경기도유지","owner_label":"경기도","manager":"건설국 도로정책과","property_class":"행정재산","land_category":"도로","area_sqm":5122.0,"area_band":"5,000㎡ 이상","interest_category":"도로","solar_candidate":"검토필요","candidate_reason":"도로점용 및 실제 이용형태 추가 검토 필요; 면적 5,122㎡","priority_score":40,"source":"경기부동산포털 국공유지조회·연속지적도","source_date":"2026-08-11","installed_solar_match":false}},{"type":"Feature","id":"4183038022104230005","geometry":{"type":"Point","coordinates":[127.7442859,37.4370187]},"properties":{"pnu":"4183038022104230005","municipality_code":"41830","municipality":"양평군","district":"양평군","locality":"양동면 석곡리","address":"양평군 양동면 석곡리 423-5","owner_type":"경기도유지","owner_label":"경기도","manager":"건설국 도로정책과","property_class":"행정재산","land_category":"도로","area_sqm":5087.0,"area_band":"5,000㎡ 이상","interest_category":"도로","solar_candidate":"검토필요","candidate_reason":"도로점용 및 실제 이용형태 추가 검토 필요; 면적 5,087㎡","priority_score":40,"source":"경기부동산포털 국공유지조회·연속지적도","source_date":"2026-08-11","installed_solar_match":false}},{"type":"Feature","id":"4183036025104620002","geometry":{"type":"Point","coordinates":[127.6720787,37.5464816]},"properties":{"pnu":"4183036025104620002","municipality_code":"41830","municipality":"양평군","district":"양평군","locality":"단월면 덕수리","address":"양평군 단월면 덕수리 462-2","owner_type":"경기도유지","owner_label":"경기도","manager":"건설국 도로정책과","property_class":"행정재산","land_category":"도로","area_sqm":5073.0,"area_band":"5,000㎡ 이상","interest_category":"도로","solar_candidate":"검토필요","candidate_reason":"도로점용 및 실제 이용형태 추가 검토 필요; 면적 5,073㎡","priority_score":40,"source":"경기부동산포털 국공유지조회·연속지적도","source_date":"2026-08-11","installed_solar_match":false}},{"type":"Feature","id":"4183037025104780002","geometry":{"type":"Point","coordinates":[127.7675019,37.5416998]},"properties":{"pnu":"4183037025104780002","municipality_code":"41830","municipality":"양평군","district":"양평군","locality":"청운면 갈운리","address":"양평군 청운면 갈운리 478-2","owner_type":"경기도유지","owner_label":"경기도(경기도교육감)","manager":"","property_class":"","land_category":"대","area_sqm":496.0,"area_band":"100~500㎡","interest_category":"대","solar_candidate":"검토필요","candidate_reason":"청사·공공건축물·주차장 현황 추가 확인 필요; 면적 496㎡","priority_score":40,"source":"경기부동산포털 국공유지조회·연속지적도","source_date":"2026-08-11","installed_solar_match":false}},{"type":"Feature","id":"4183025021102500010","geometry":{"type":"Point","coordinates":[127.4974037,37.4849169]},"properties":{"pnu":"4183025021102500010","municipality_code":"41830","municipality":"양평군","district":"양평군","locality":"양평읍 양근리","address":"양평군 양평읍 양근리 250-10","owner_type":"경기도유지","owner_label":"경기도(교육감)","manager":"","property_class":"","land_category":"대","area_sqm":489.0,"area_band":"100~500㎡","interest_category":"대","solar_candidate":"검토필요","candidate_reason":"청사·공공건축물·주차장 현황 추가 확인 필요; 면적 489㎡","priority_score":40,"source":"경기부동산포털 국공유지조회·연속지적도","source_date":"2026-08-11","installed_solar_match":false}},{"type":"Feature","id":"4183037027103200000","geometry":{"type":"Point","coordinates":[127.7773701,37.5627912]},"properties":{"pnu":"4183037027103200000","municipality_code":"41830","municipality":"양평군","district":"양평군","locality":"청운면 신론리","address":"양평군 청운면 신론리 320","owner_type":"경기도유지","owner_label":"경기도(경기도교육감)","manager":"","property_class":"","land_category":"대","area_sqm":483.0,"area_band":"100~500㎡","interest_category":"대","solar_candidate":"검토필요","candidate_reason":"청사·공공건축물·주차장 현황 추가 확인 필요; 면적 483㎡","priority_score":40,"source":"경기부동산포털 국공유지조회·연속지적도","source_date":"2026-08-11","installed_solar_match":false}},{"type":"Feature","id":"4183040024104310004","geometry":{"type":"Point","coordinates":[127.5793185,37.4976037]},"properties":{"pnu":"4183040024104310004","municipality_code":"41830","municipality":"양평군","district":"양평군","locality":"용문면 다문리","address":"양평군 용문면 다문리 431-4","owner_type":"경기도유지","owner_label":"경기도","manager":"건설국 하천과","property_class":"행정재산","land_category":"대","area_sqm":483.0,"area_band":"100~500㎡","interest_category":"대","solar_candidate":"검토필요","candidate_reason":"청사·공공건축물·주차장 현황 추가 확인 필요; 면적 483㎡","priority_score":40,"source":"경기부동산포털 국공유지조회·연속지적도","source_date":"2026-08-11","installed_solar_match":false}},{"type":"Feature","id":"4183025021107210000","geometry":{"type":"Point","coordinates":[127.4982813,37.4870941]},"properties":{"pnu":"4183025021107210000","municipality_code":"41830","municipality":"양평군","district":"양평군","locality":"양평읍 양근리","address":"양평군 양평읍 양근리 721","owner_type":"경기도유지","owner_label":"경기도교육감","manager":"","property_class":"","land_category":"대","area_sqm":470.0,"area_band":"100~500㎡","interest_category":"대","solar_candidate":"검토필요","candidate_reason":"청사·공공건축물·주차장 현황 추가 확인 필요; 면적 470㎡","priority_score":40,"source":"경기부동산포털 국공유지조회·연속지적도","source_date":"2026-08-11","installed_solar_match":false}},{"type":"Feature","id":"4183025021107330000","geometry":{"type":"Point","coordinates":[127.4984897,37.486941]},"properties":{"pnu":"4183025021107330000","municipality_code":"41830","municipality":"양평군","district":"양평군","locality":"양평읍 양근리","address":"양평군 양평읍 양근리 733","owner_type":"경기도유지","owner_label":"경기도교육감","manager":"","property_class":"","land_category":"대","area_sqm":470.0,"area_band":"100~500㎡","interest_category":"대","solar_candidate":"검토필요","candidate_reason":"청사·공공건축물·주차장 현황 추가 확인 필요; 면적 470㎡","priority_score":40,"source":"경기부동산포털 국공유지조회·연속지적도","source_date":"2026-08-11","installed_solar_match":false}},{"type":"Feature","id":"4183035028106790007","geometry":{"type":"Point","coordinates":[127.3774353,37.6452953]},"properties":{"pnu":"4183035028106790007","municipality_code":"41830","municipality":"양평군","district":"양평군","locality":"서종면 수입리","address":"양평군 서종면 수입리 679-7","owner_type":"경기도유지","owner_label":"경기도","manager":"건설국 도로정책과","property_class":"행정재산","land_category":"대","area_sqm":448.3,"area_band":"100~500㎡","interest_category":"대","solar_candidate":"검토필요","candidate_reason":"청사·공공건축물·주차장 현황 추가 확인 필요; 면적 448㎡","priority_score":40,"source":"경기부동산포털 국공유지조회·연속지적도","source_date":"2026-08-11","installed_solar_match":false}},{"type":"Feature","id":"4183031022100310000","geometry":{"type":"Point","coordinates":[127.4783737,37.4804767]},"properties":{"pnu":"4183031022100310000","municipality_code":"41830","municipality":"양평군","district":"양평군","locality":"강상면 송학리","address":"양평군 강상면 송학리 31","owner_type":"경기도유지","owner_label":"경기도","manager":"소방재난본부 회계장비담당관","property_class":"행정재산","land_category":"대","area_sqm":434.0,"area_band":"100~500㎡","interest_category":"대","solar_candidate":"검토필요","candidate_reason":"청사·공공건축물·주차장 현황 추가 확인 필요; 면적 434㎡","priority_score":40,"source":"경기부동산포털 국공유지조회·연속지적도","source_date":"2026-08-11","installed_solar_match":false}},{"type":"Feature","id":"4183025030100220002","geometry":{"type":"Point","coordinates":[127.5552303,37.4629157]},"properties":{"pnu":"4183025030100220002","municipality_code":"41830","municipality":"양평군","district":"양평군","locality":"양평읍 원덕리","address":"양평군 양평읍 원덕리 22-2","owner_type":"경기도유지","owner_label":"경기도","manager":"건설국 하천과","property_class":"행정재산","land_category":"대","area_sqm":432.0,"area_band":"100~500㎡","interest_category":"대","solar_candidate":"검토필요","candidate_reason":"청사·공공건축물·주차장 현황 추가 확인 필요; 면적 432㎡","priority_score":40,"source":"경기부동산포털 국공유지조회·연속지적도","source_date":"2026-08-11","installed_solar_match":false}},{"type":"Feature","id":"4183032023101790004","geometry":{"type":"Point","coordinates":[127.4001099,37.463801]},"properties":{"pnu":"4183032023101790004","municipality_code":"41830","municipality":"양평군","district":"양평군","locality":"강하면 동오리","address":"양평군 강하면 동오리 179-4","owner_type":"경기도유지","owner_label":"경기도(경기도교육감)","manager":"","property_class":"","land_category":"대","area_sqm":430.0,"area_band":"100~500㎡","interest_category":"대","solar_candidate":"검토필요","candidate_reason":"청사·공공건축물·주차장 현황 추가 확인 필요; 면적 430㎡","priority_score":40,"source":"경기부동산포털 국공유지조회·연속지적도","source_date":"2026-08-11","installed_solar_match":false}},{"type":"Feature","id":"4183025021107230000","geometry":{"type":"Point","coordinates":[127.4987465,37.4872446]},"properties":{"pnu":"4183025021107230000","municipality_code":"41830","municipality":"양평군","district":"양평군","locality":"양평읍 양근리","address":"양평군 양평읍 양근리 723","owner_type":"경기도유지","owner_label":"경기도교육감","manager":"","property_class":"","land_category":"대","area_sqm":426.8,"area_band":"100~500㎡","interest_category":"대","solar_candidate":"검토필요","candidate_reason":"청사·공공건축물·주차장 현황 추가 확인 필요; 면적 427㎡","priority_score":40,"source":"경기부동산포털 국공유지조회·연속지적도","source_date":"2026-08-11","installed_solar_match":false}},{"type":"Feature","id":"4183035028103470084","geometry":{"type":"Point","coordinates":[127.396266,37.6385962]},"properties":{"pnu":"4183035028103470084","municipality_code":"41830","municipality":"양평군","district":"양평군","locality":"서종면 수입리","address":"양평군 서종면 수입리 347-84","owner_type":"경기도유지","owner_label":"경기도","manager":"건설국 도로정책과","property_class":"행정재산","land_category":"대","area_sqm":421.0,"area_band":"100~500㎡","interest_category":"대","solar_candidate":"검토필요","candidate_reason":"청사·공공건축물·주차장 현황 추가 확인 필요; 면적 421㎡","priority_score":40,"source":"경기부동산포털 국공유지조회·연속지적도","source_date":"2026-08-11","installed_solar_match":false}},{"type":"Feature","id":"4183036024100430001","geometry":{"type":"Point","coordinates":[127.6646167,37.5542056]},"properties":{"pnu":"4183036024100430001","municipality_code":"41830","municipality":"양평군","district":"양평군","locality":"단월면 향소리","address":"양평군 단월면 향소리 43-1","owner_type":"경기도유지","owner_label":"경기도","manager":"건설국 도로정책과","property_class":"행정재산","land_category":"대","area_sqm":407.0,"area_band":"100~500㎡","interest_category":"대","solar_candidate":"검토필요","candidate_reason":"청사·공공건축물·주차장 현황 추가 확인 필요; 면적 407㎡","priority_score":40,"source":"경기부동산포털 국공유지조회·연속지적도","source_date":"2026-08-11","installed_solar_match":false}},{"type":"Feature","id":"4183040024105270004","geometry":{"type":"Point","coordinates":[127.588482,37.4955307]},"properties":{"pnu":"4183040024105270004","municipality_code":"41830","municipality":"양평군","district":"양평군","locality":"용문면 다문리","address":"양평군 용문면 다문리 527-4","owner_type":"경기도유지","owner_label":"경기도","manager":"건설국 하천과","property_class":"행정재산","land_category":"대","area_sqm":383.0,"area_band":"100~500㎡","interest_category":"대","solar_candidate":"검토필요","candidate_reason":"청사·공공건축물·주차장 현황 추가 확인 필요; 면적 383㎡","priority_score":40,"source":"경기부동산포털 국공유지조회·연속지적도","source_date":"2026-08-11","installed_solar_match":false}},{"type":"Feature","id":"4183033030101240003","geometry":{"type":"Point","coordinates":[127.4146412,37.5277507]},"properties":{"pnu":"4183033030101240003","municipality_code":"41830","municipality":"양평군","district":"양평군","locality":"양서면 청계리","address":"양평군 양서면 청계리 124-3","owner_type":"경기도유지","owner_label":"경기도","manager":"건설국 하천과","property_class":"행정재산","land_category":"대","area_sqm":382.0,"area_band":"100~500㎡","interest_category":"대","solar_candidate":"검토필요","candidate_reason":"청사·공공건축물·주차장 현황 추가 확인 필요; 면적 382㎡","priority_score":40,"source":"경기부동산포털 국공유지조회·연속지적도","source_date":"2026-08-11","installed_solar_match":false}},{"type":"Feature","id":"4183039521102560018","geometry":{"type":"Point","coordinates":[127.6420111,37.4756026]},"properties":{"pnu":"4183039521102560018","municipality_code":"41830","municipality":"양평군","district":"양평군","locality":"지평면 지평리","address":"양평군 지평면 지평리 256-18","owner_type":"경기도유지","owner_label":"경기도","manager":"건설국 하천과","property_class":"행정재산","land_category":"대","area_sqm":376.0,"area_band":"100~500㎡","interest_category":"대","solar_candidate":"검토필요","candidate_reason":"청사·공공건축물·주차장 현황 추가 확인 필요; 면적 376㎡","priority_score":40,"source":"경기부동산포털 국공유지조회·연속지적도","source_date":"2026-08-11","installed_solar_match":false}},{"type":"Feature","id":"4183040025100260005","geometry":{"type":"Point","coordinates":[127.5749564,37.5016318]},"properties":{"pnu":"4183040025100260005","municipality_code":"41830","municipality":"양평군","district":"양평군","locality":"용문면 연수리","address":"양평군 용문면 연수리 26-5","owner_type":"경기도유지","owner_label":"경기도","manager":"건설국 하천과","property_class":"행정재산","land_category":"대","area_sqm":376.0,"area_band":"100~500㎡","interest_category":"대","solar_candidate":"검토필요","candidate_reason":"청사·공공건축물·주차장 현황 추가 확인 필요; 면적 376㎡","priority_score":40,"source":"경기부동산포털 국공유지조회·연속지적도","source_date":"2026-08-11","installed_solar_match":false}},{"type":"Feature","id":"4183039521105640008","geometry":{"type":"Point","coordinates":[127.6353846,37.473416]},"properties":{"pnu":"4183039521105640008","municipality_code":"41830","municipality":"양평군","district":"양평군","locality":"지평면 지평리","address":"양평군 지평면 지평리 564-8","owner_type":"경기도유지","owner_label":"경기도(교육감)","manager":"","property_class":"","land_category":"대","area_sqm":375.0,"area_band":"100~500㎡","interest_category":"대","solar_candidate":"검토필요","candidate_reason":"청사·공공건축물·주차장 현황 추가 확인 필요; 면적 375㎡","priority_score":40,"source":"경기부동산포털 국공유지조회·연속지적도","source_date":"2026-08-11","installed_solar_match":false}},{"type":"Feature","id":"4183041025103290008","geometry":{"type":"Point","coordinates":[127.5274891,37.4655581]},"properties":{"pnu":"4183041025103290008","municipality_code":"41830","municipality":"양평군","district":"양평군","locality":"개군면 공세리","address":"양평군 개군면 공세리 329-8","owner_type":"경기도유지","owner_label":"경기도(431)","manager":"건설국 하천과","property_class":"행정재산","land_category":"대","area_sqm":375.0,"area_band":"100~500㎡","interest_category":"대","solar_candidate":"검토필요","candidate_reason":"청사·공공건축물·주차장 현황 추가 확인 필요; 면적 375㎡","priority_score":40,"source":"경기부동산포털 국공유지조회·연속지적도","source_date":"2026-08-11","installed_solar_match":false}},{"type":"Feature","id":"4183035028106790004","geometry":{"type":"Point","coordinates":[127.3773205,37.6453189]},"properties":{"pnu":"4183035028106790004","municipality_code":"41830","municipality":"양평군","district":"양평군","locality":"서종면 수입리","address":"양평군 서종면 수입리 679-4","owner_type":"경기도유지","owner_label":"경기도","manager":"건설국 도로정책과","property_class":"행정재산","land_category":"대","area_sqm":358.2,"area_band":"100~500㎡","interest_category":"대","solar_candidate":"검토필요","candidate_reason":"청사·공공건축물·주차장 현황 추가 확인 필요; 면적 358㎡","priority_score":40,"source":"경기부동산포털 국공유지조회·연속지적도","source_date":"2026-08-11","installed_solar_match":false}},{"type":"Feature","id":"4183033030101240002","geometry":{"type":"Point","coordinates":[127.4147326,37.5278884]},"properties":{"pnu":"4183033030101240002","municipality_code":"41830","municipality":"양평군","district":"양평군","locality":"양서면 청계리","address":"양평군 양서면 청계리 124-2","owner_type":"경기도유지","owner_label":"경기도","manager":"건설국 하천과","property_class":"행정재산","land_category":"대","area_sqm":358.0,"area_band":"100~500㎡","interest_category":"대","solar_candidate":"검토필요","candidate_reason":"청사·공공건축물·주차장 현황 추가 확인 필요; 면적 358㎡","priority_score":40,"source":"경기부동산포털 국공유지조회·연속지적도","source_date":"2026-08-11","installed_solar_match":false}},{"type":"Feature","id":"4183040025100070007","geometry":{"type":"Point","coordinates":[127.5753267,37.501531]},"properties":{"pnu":"4183040025100070007","municipality_code":"41830","municipality":"양평군","district":"양평군","locality":"용문면 연수리","address":"양평군 용문면 연수리 7-7","owner_type":"경기도유지","owner_label":"경기도","manager":"건설국 하천과","property_class":"행정재산","land_category":"대","area_sqm":357.0,"area_band":"100~500㎡","interest_category":"대","solar_candidate":"검토필요","candidate_reason":"청사·공공건축물·주차장 현황 추가 확인 필요; 면적 357㎡","priority_score":40,"source":"경기부동산포털 국공유지조회·연속지적도","source_date":"2026-08-11","installed_solar_match":false}},{"type":"Feature","id":"4183025021106940000","geometry":{"type":"Point","coordinates":[127.497974,37.4876618]},"properties":{"pnu":"4183025021106940000","municipality_code":"41830","municipality":"양평군","district":"양평군","locality":"양평읍 양근리","address":"양평군 양평읍 양근리 694","owner_type":"경기도유지","owner_label":"경기도교육감","manager":"","property_class":"","land_category":"대","area_sqm":356.1,"area_band":"100~500㎡","interest_category":"대","solar_candidate":"검토필요","candidate_reason":"청사·공공건축물·주차장 현황 추가 확인 필요; 면적 356㎡","priority_score":40,"source":"경기부동산포털 국공유지조회·연속지적도","source_date":"2026-08-11","installed_solar_match":false}},{"type":"Feature","id":"4183040024105290004","geometry":{"type":"Point","coordinates":[127.5889272,37.4938479]},"properties":{"pnu":"4183040024105290004","municipality_code":"41830","municipality":"양평군","district":"양평군","locality":"용문면 다문리","address":"양평군 용문면 다문리 529-4","owner_type":"경기도유지","owner_label":"경기도","manager":"건설국 하천과","property_class":"행정재산","land_category":"대","area_sqm":353.0,"area_band":"100~500㎡","interest_category":"대","solar_candidate":"검토필요","candidate_reason":"청사·공공건축물·주차장 현황 추가 확인 필요; 면적 353㎡","priority_score":40,"source":"경기부동산포털 국공유지조회·연속지적도","source_date":"2026-08-11","installed_solar_match":false}},{"type":"Feature","id":"4183035022102840004","geometry":{"type":"Point","coordinates":[127.374766,37.607702]},"properties":{"pnu":"4183035022102840004","municipality_code":"41830","municipality":"양평군","district":"양평군","locality":"서종면 도장리","address":"양평군 서종면 도장리 284-4","owner_type":"경기도유지","owner_label":"경기도","manager":"건설국 도로정책과","property_class":"행정재산","land_category":"대","area_sqm":331.0,"area_band":"100~500㎡","interest_category":"대","solar_candidate":"검토필요","candidate_reason":"청사·공공건축물·주차장 현황 추가 확인 필요; 면적 331㎡","priority_score":40,"source":"경기부동산포털 국공유지조회·연속지적도","source_date":"2026-08-11","installed_solar_match":false}},{"type":"Feature","id":"4183035028107290000","geometry":{"type":"Point","coordinates":[127.3800208,37.6475564]},"properties":{"pnu":"4183035028107290000","municipality_code":"41830","municipality":"양평군","district":"양평군","locality":"서종면 수입리","address":"양평군 서종면 수입리 729","owner_type":"경기도유지","owner_label":"경기도","manager":"건설국 도로정책과","property_class":"행정재산","land_category":"대","area_sqm":331.0,"area_band":"100~500㎡","interest_category":"대","solar_candidate":"검토필요","candidate_reason":"청사·공공건축물·주차장 현황 추가 확인 필요; 면적 331㎡","priority_score":40,"source":"경기부동산포털 국공유지조회·연속지적도","source_date":"2026-08-11","installed_solar_match":false}},{"type":"Feature","id":"4183036024100710023","geometry":{"type":"Point","coordinates":[127.6666642,37.5549421]},"properties":{"pnu":"4183036024100710023","municipality_code":"41830","municipality":"양평군","district":"양평군","locality":"단월면 향소리","address":"양평군 단월면 향소리 71-23","owner_type":"경기도유지","owner_label":"경기도","manager":"건설국 도로정책과","property_class":"행정재산","land_category":"대","area_sqm":323.0,"area_band":"100~500㎡","interest_category":"대","solar_candidate":"검토필요","candidate_reason":"청사·공공건축물·주차장 현황 추가 확인 필요; 면적 323㎡","priority_score":40,"source":"경기부동산포털 국공유지조회·연속지적도","source_date":"2026-08-11","installed_solar_match":false}},{"type":"Feature","id":"4183040030102070002","geometry":{"type":"Point","coordinates":[127.6143251,37.5205352]},"properties":{"pnu":"4183040030102070002","municipality_code":"41830","municipality":"양평군","district":"양평군","locality":"용문면 조현리","address":"양평군 용문면 조현리 207-2","owner_type":"경기도유지","owner_label":"경기도","manager":"건설국 하천과","property_class":"행정재산","land_category":"대","area_sqm":317.0,"area_band":"100~500㎡","interest_category":"대","solar_candidate":"검토필요","candidate_reason":"청사·공공건축물·주차장 현황 추가 확인 필요; 면적 317㎡","priority_score":40,"source":"경기부동산포털 국공유지조회·연속지적도","source_date":"2026-08-11","installed_solar_match":false}},{"type":"Feature","id":"4183039521104940004","geometry":{"type":"Point","coordinates":[127.6384607,37.4751209]},"properties":{"pnu":"4183039521104940004","municipality_code":"41830","municipality":"양평군","district":"양평군","locality":"지평면 지평리","address":"양평군 지평면 지평리 494-4","owner_type":"경기도유지","owner_label":"경기도(경기도교육감)","manager":"","property_class":"","land_category":"대","area_sqm":311.0,"area_band":"100~500㎡","interest_category":"대","solar_candidate":"검토필요","candidate_reason":"청사·공공건축물·주차장 현황 추가 확인 필요; 면적 311㎡","priority_score":40,"source":"경기부동산포털 국공유지조회·연속지적도","source_date":"2026-08-11","installed_solar_match":false}},{"type":"Feature","id":"4183025021102570001","geometry":{"type":"Point","coordinates":[127.4941158,37.4865562]},"properties":{"pnu":"4183025021102570001","municipality_code":"41830","municipality":"양평군","district":"양평군","locality":"양평읍 양근리","address":"양평군 양평읍 양근리 257-1","owner_type":"경기도유지","owner_label":"경기도(교육감)","manager":"","property_class":"","land_category":"대","area_sqm":304.0,"area_band":"100~500㎡","interest_category":"대","solar_candidate":"검토필요","candidate_reason":"청사·공공건축물·주차장 현황 추가 확인 필요; 면적 304㎡","priority_score":40,"source":"경기부동산포털 국공유지조회·연속지적도","source_date":"2026-08-11","installed_solar_match":false}},{"type":"Feature","id":"4183040024104310001","geometry":{"type":"Point","coordinates":[127.5792443,37.497807]},"properties":{"pnu":"4183040024104310001","municipality_code":"41830","municipality":"양평군","district":"양평군","locality":"용문면 다문리","address":"양평군 용문면 다문리 431-1","owner_type":"경기도유지","owner_label":"경기도","manager":"건설국 하천과","property_class":"행정재산","land_category":"대","area_sqm":300.0,"area_band":"100~500㎡","interest_category":"대","solar_candidate":"검토필요","candidate_reason":"청사·공공건축물·주차장 현황 추가 확인 필요; 면적 300㎡","priority_score":40,"source":"경기부동산포털 국공유지조회·연속지적도","source_date":"2026-08-11","installed_solar_match":false}},{"type":"Feature","id":"4183036024103380001","geometry":{"type":"Point","coordinates":[127.6545641,37.5534697]},"properties":{"pnu":"4183036024103380001","municipality_code":"41830","municipality":"양평군","district":"양평군","locality":"단월면 향소리","address":"양평군 단월면 향소리 338-1","owner_type":"경기도유지","owner_label":"경기도","manager":"건설국 도로정책과","property_class":"행정재산","land_category":"대","area_sqm":281.0,"area_band":"100~500㎡","interest_category":"대","solar_candidate":"검토필요","candidate_reason":"청사·공공건축물·주차장 현황 추가 확인 필요; 면적 281㎡","priority_score":40,"source":"경기부동산포털 국공유지조회·연속지적도","source_date":"2026-08-11","installed_solar_match":false}},{"type":"Feature","id":"4183039521102270013","geometry":{"type":"Point","coordinates":[127.6413896,37.4753633]},"properties":{"pnu":"4183039521102270013","municipality_code":"41830","municipality":"양평군","district":"양평군","locality":"지평면 지평리","address":"양평군 지평면 지평리 227-13","owner_type":"경기도유지","owner_label":"경기도","manager":"건설국 도로정책과","property_class":"행정재산","land_category":"대","area_sqm":271.0,"area_band":"100~500㎡","interest_category":"대","solar_candidate":"검토필요","candidate_reason":"청사·공공건축물·주차장 현황 추가 확인 필요; 면적 271㎡","priority_score":40,"source":"경기부동산포털 국공유지조회·연속지적도","source_date":"2026-08-11","installed_solar_match":false}},{"type":"Feature","id":"4183041025103290010","geometry":{"type":"Point","coordinates":[127.5281356,37.4658949]},"properties":{"pnu":"4183041025103290010","municipality_code":"41830","municipality":"양평군","district":"양평군","locality":"개군면 공세리","address":"양평군 개군면 공세리 329-10","owner_type":"경기도유지","owner_label":"경기도","manager":"건설국 하천과","property_class":"행정재산","land_category":"대","area_sqm":270.0,"area_band":"100~500㎡","interest_category":"대","solar_candidate":"검토필요","candidate_reason":"청사·공공건축물·주차장 현황 추가 확인 필요; 면적 270㎡","priority_score":40,"source":"경기부동산포털 국공유지조회·연속지적도","source_date":"2026-08-11","installed_solar_match":false}},{"type":"Feature","id":"4183039521104930003","geometry":{"type":"Point","coordinates":[127.6386979,37.4751574]},"properties":{"pnu":"4183039521104930003","municipality_code":"41830","municipality":"양평군","district":"양평군","locality":"지평면 지평리","address":"양평군 지평면 지평리 493-3","owner_type":"경기도유지","owner_label":"경기도(교육감)","manager":"","property_class":"","land_category":"대","area_sqm":268.0,"area_band":"100~500㎡","interest_category":"대","solar_candidate":"검토필요","candidate_reason":"청사·공공건축물·주차장 현황 추가 확인 필요; 면적 268㎡","priority_score":40,"source":"경기부동산포털 국공유지조회·연속지적도","source_date":"2026-08-11","installed_solar_match":false}},{"type":"Feature","id":"4183035023104220029","geometry":{"type":"Point","coordinates":[127.372935,37.6016691]},"properties":{"pnu":"4183035023104220029","municipality_code":"41830","municipality":"양평군","district":"양평군","locality":"서종면 수능리","address":"양평군 서종면 수능리 422-29","owner_type":"경기도유지","owner_label":"경기도","manager":"건설국 도로정책과","property_class":"행정재산","land_category":"대","area_sqm":262.0,"area_band":"100~500㎡","interest_category":"대","solar_candidate":"검토필요","candidate_reason":"청사·공공건축물·주차장 현황 추가 확인 필요; 면적 262㎡","priority_score":40,"source":"경기부동산포털 국공유지조회·연속지적도","source_date":"2026-08-11","installed_solar_match":false}},{"type":"Feature","id":"4183035028104420095","geometry":{"type":"Point","coordinates":[127.3803058,37.6466982]},"properties":{"pnu":"4183035028104420095","municipality_code":"41830","municipality":"양평군","district":"양평군","locality":"서종면 수입리","address":"양평군 서종면 수입리 442-95","owner_type":"경기도유지","owner_label":"경기도","manager":"건설국 도로정책과","property_class":"행정재산","land_category":"대","area_sqm":257.0,"area_band":"100~500㎡","interest_category":"대","solar_candidate":"검토필요","candidate_reason":"청사·공공건축물·주차장 현황 추가 확인 필요; 면적 257㎡","priority_score":40,"source":"경기부동산포털 국공유지조회·연속지적도","source_date":"2026-08-11","installed_solar_match":false}},{"type":"Feature","id":"4183025021102420016","geometry":{"type":"Point","coordinates":[127.4981839,37.4864518]},"properties":{"pnu":"4183025021102420016","municipality_code":"41830","municipality":"양평군","district":"양평군","locality":"양평읍 양근리","address":"양평군 양평읍 양근리 242-16","owner_type":"경기도유지","owner_label":"경기도(교육감)","manager":"","property_class":"","land_category":"대","area_sqm":252.0,"area_band":"100~500㎡","interest_category":"대","solar_candidate":"검토필요","candidate_reason":"청사·공공건축물·주차장 현황 추가 확인 필요; 면적 252㎡","priority_score":40,"source":"경기부동산포털 국공유지조회·연속지적도","source_date":"2026-08-11","installed_solar_match":false}},{"type":"Feature","id":"4183040029101020004","geometry":{"type":"Point","coordinates":[127.6238757,37.5333554]},"properties":{"pnu":"4183040029101020004","municipality_code":"41830","municipality":"양평군","district":"양평군","locality":"용문면 중원리","address":"양평군 용문면 중원리 102-4","owner_type":"경기도유지","owner_label":"경기도","manager":"건설국 도로정책과","property_class":"행정재산","land_category":"대","area_sqm":252.0,"area_band":"100~500㎡","interest_category":"대","solar_candidate":"검토필요","candidate_reason":"청사·공공건축물·주차장 현황 추가 확인 필요; 면적 252㎡","priority_score":40,"source":"경기부동산포털 국공유지조회·연속지적도","source_date":"2026-08-11","installed_solar_match":false}},{"type":"Feature","id":"4183033031105860014","geometry":{"type":"Point","coordinates":[127.4157093,37.5292226]},"properties":{"pnu":"4183033031105860014","municipality_code":"41830","municipality":"양평군","district":"양평군","locality":"양서면 증동리","address":"양평군 양서면 증동리 586-14","owner_type":"경기도유지","owner_label":"경기도","manager":"건설국 하천과","property_class":"행정재산","land_category":"대","area_sqm":250.0,"area_band":"100~500㎡","interest_category":"대","solar_candidate":"검토필요","candidate_reason":"청사·공공건축물·주차장 현황 추가 확인 필요; 면적 250㎡","priority_score":40,"source":"경기부동산포털 국공유지조회·연속지적도","source_date":"2026-08-11","installed_solar_match":false}},{"type":"Feature","id":"4183039521102170004","geometry":{"type":"Point","coordinates":[127.6427647,37.4752756]},"properties":{"pnu":"4183039521102170004","municipality_code":"41830","municipality":"양평군","district":"양평군","locality":"지평면 지평리","address":"양평군 지평면 지평리 217-4","owner_type":"경기도유지","owner_label":"경기도","manager":"건설국 하천과","property_class":"행정재산","land_category":"대","area_sqm":249.0,"area_band":"100~500㎡","interest_category":"대","solar_candidate":"검토필요","candidate_reason":"청사·공공건축물·주차장 현황 추가 확인 필요; 면적 249㎡","priority_score":40,"source":"경기부동산포털 국공유지조회·연속지적도","source_date":"2026-08-11","installed_solar_match":false}},{"type":"Feature","id":"4183033030101240001","geometry":{"type":"Point","coordinates":[127.4145752,37.5276084]},"properties":{"pnu":"4183033030101240001","municipality_code":"41830","municipality":"양평군","district":"양평군","locality":"양서면 청계리","address":"양평군 양서면 청계리 124-1","owner_type":"경기도유지","owner_label":"경기도","manager":"건설국 하천과","property_class":"행정재산","land_category":"대","area_sqm":241.0,"area_band":"100~500㎡","interest_category":"대","solar_candidate":"검토필요","candidate_reason":"청사·공공건축물·주차장 현황 추가 확인 필요; 면적 241㎡","priority_score":40,"source":"경기부동산포털 국공유지조회·연속지적도","source_date":"2026-08-11","installed_solar_match":false}},{"type":"Feature","id":"4183034023111410008","geometry":{"type":"Point","coordinates":[127.4636369,37.5244783]},"properties":{"pnu":"4183034023111410008","municipality_code":"41830","municipality":"양평군","district":"양평군","locality":"옥천면 신복리","address":"양평군 옥천면 신복리 1141-8","owner_type":"경기도유지","owner_label":"경기도","manager":"건설국 하천과","property_class":"행정재산","land_category":"대","area_sqm":240.0,"area_band":"100~500㎡","interest_category":"대","solar_candidate":"검토필요","candidate_reason":"청사·공공건축물·주차장 현황 추가 확인 필요; 면적 240㎡","priority_score":40,"source":"경기부동산포털 국공유지조회·연속지적도","source_date":"2026-08-11","installed_solar_match":false}},{"type":"Feature","id":"4183025031100100088","geometry":{"type":"Point","coordinates":[127.5263225,37.4667548]},"properties":{"pnu":"4183025031100100088","municipality_code":"41830","municipality":"양평군","district":"양평군","locality":"양평읍 회현리","address":"양평군 양평읍 회현리 10-88","owner_type":"경기도유지","owner_label":"경기도","manager":"건설국 하천과","property_class":"행정재산","land_category":"대","area_sqm":234.0,"area_band":"100~500㎡","interest_category":"대","solar_candidate":"검토필요","candidate_reason":"청사·공공건축물·주차장 현황 추가 확인 필요; 면적 234㎡","priority_score":40,"source":"경기부동산포털 국공유지조회·연속지적도","source_date":"2026-08-11","installed_solar_match":false}},{"type":"Feature","id":"4183040024105190012","geometry":{"type":"Point","coordinates":[127.5859756,37.4951567]},"properties":{"pnu":"4183040024105190012","municipality_code":"41830","municipality":"양평군","district":"양평군","locality":"용문면 다문리","address":"양평군 용문면 다문리 519-12","owner_type":"경기도유지","owner_label":"경기도","manager":"건설국 하천과","property_class":"행정재산","land_category":"대","area_sqm":233.0,"area_band":"100~500㎡","interest_category":"대","solar_candidate":"검토필요","candidate_reason":"청사·공공건축물·주차장 현황 추가 확인 필요; 면적 233㎡","priority_score":40,"source":"경기부동산포털 국공유지조회·연속지적도","source_date":"2026-08-11","installed_solar_match":false}},{"type":"Feature","id":"4183039521102560017","geometry":{"type":"Point","coordinates":[127.6416952,37.4757197]},"properties":{"pnu":"4183039521102560017","municipality_code":"41830","municipality":"양평군","district":"양평군","locality":"지평면 지평리","address":"양평군 지평면 지평리 256-17","owner_type":"경기도유지","owner_label":"경기도","manager":"건설국 하천과","property_class":"행정재산","land_category":"대","area_sqm":231.0,"area_band":"100~500㎡","interest_category":"대","solar_candidate":"검토필요","candidate_reason":"청사·공공건축물·주차장 현황 추가 확인 필요; 면적 231㎡","priority_score":40,"source":"경기부동산포털 국공유지조회·연속지적도","source_date":"2026-08-11","installed_solar_match":false}},{"type":"Feature","id":"4183025030102500113","geometry":{"type":"Point","coordinates":[127.5552173,37.4629873]},"properties":{"pnu":"4183025030102500113","municipality_code":"41830","municipality":"양평군","district":"양평군","locality":"양평읍 원덕리","address":"양평군 양평읍 원덕리 250-113","owner_type":"경기도유지","owner_label":"경기도","manager":"건설국 하천과","property_class":"행정재산","land_category":"대","area_sqm":228.0,"area_band":"100~500㎡","interest_category":"대","solar_candidate":"검토필요","candidate_reason":"청사·공공건축물·주차장 현황 추가 확인 필요; 면적 228㎡","priority_score":40,"source":"경기부동산포털 국공유지조회·연속지적도","source_date":"2026-08-11","installed_solar_match":false}},{"type":"Feature","id":"4183034023104890006","geometry":{"type":"Point","coordinates":[127.4624774,37.5430883]},"properties":{"pnu":"4183034023104890006","municipality_code":"41830","municipality":"양평군","district":"양평군","locality":"옥천면 신복리","address":"양평군 옥천면 신복리 489-6","owner_type":"경기도유지","owner_label":"경기도","manager":"건설국 하천과","property_class":"행정재산","land_category":"대","area_sqm":225.0,"area_band":"100~500㎡","interest_category":"대","solar_candidate":"검토필요","candidate_reason":"청사·공공건축물·주차장 현황 추가 확인 필요; 면적 225㎡","priority_score":40,"source":"경기부동산포털 국공유지조회·연속지적도","source_date":"2026-08-11","installed_solar_match":false}},{"type":"Feature","id":"4183034023103110013","geometry":{"type":"Point","coordinates":[127.4595294,37.5531142]},"properties":{"pnu":"4183034023103110013","municipality_code":"41830","municipality":"양평군","district":"양평군","locality":"옥천면 신복리","address":"양평군 옥천면 신복리 311-13","owner_type":"경기도유지","owner_label":"경기도","manager":"건설국 하천과","property_class":"행정재산","land_category":"대","area_sqm":224.0,"area_band":"100~500㎡","interest_category":"대","solar_candidate":"검토필요","candidate_reason":"청사·공공건축물·주차장 현황 추가 확인 필요; 면적 224㎡","priority_score":40,"source":"경기부동산포털 국공유지조회·연속지적도","source_date":"2026-08-11","installed_solar_match":false}},{"type":"Feature","id":"4183025021104910010","geometry":{"type":"Point","coordinates":[127.4848378,37.4943757]},"properties":{"pnu":"4183025021104910010","municipality_code":"41830","municipality":"양평군","district":"양평군","locality":"양평읍 양근리","address":"양평군 양평읍 양근리 491-10","owner_type":"경기도유지","owner_label":"경기도(경기도교육감)","manager":"","property_class":"","land_category":"대","area_sqm":222.0,"area_band":"100~500㎡","interest_category":"대","solar_candidate":"검토필요","candidate_reason":"청사·공공건축물·주차장 현황 추가 확인 필요; 면적 222㎡","priority_score":40,"source":"경기부동산포털 국공유지조회·연속지적도","source_date":"2026-08-11","installed_solar_match":false}},{"type":"Feature","id":"4183040029100670008","geometry":{"type":"Point","coordinates":[127.6242299,37.532242]},"properties":{"pnu":"4183040029100670008","municipality_code":"41830","municipality":"양평군","district":"양평군","locality":"용문면 중원리","address":"양평군 용문면 중원리 67-8","owner_type":"경기도유지","owner_label":"경기도","manager":"","property_class":"","land_category":"대","area_sqm":221.0,"area_band":"100~500㎡","interest_category":"대","solar_candidate":"검토필요","candidate_reason":"청사·공공건축물·주차장 현황 추가 확인 필요; 면적 221㎡","priority_score":40,"source":"경기부동산포털 국공유지조회·연속지적도","source_date":"2026-08-11","installed_solar_match":false}},{"type":"Feature","id":"4183031023106790004","geometry":{"type":"Point","coordinates":[127.4865072,37.4742677]},"properties":{"pnu":"4183031023106790004","municipality_code":"41830","municipality":"양평군","district":"양평군","locality":"강상면 교평리","address":"양평군 강상면 교평리 679-4","owner_type":"경기도유지","owner_label":"경기도","manager":"건설국 도로정책과","property_class":"행정재산","land_category":"대","area_sqm":220.0,"area_band":"100~500㎡","interest_category":"대","solar_candidate":"검토필요","candidate_reason":"청사·공공건축물·주차장 현황 추가 확인 필요; 면적 220㎡","priority_score":40,"source":"경기부동산포털 국공유지조회·연속지적도","source_date":"2026-08-11","installed_solar_match":false}},{"type":"Feature","id":"4183025021106920000","geometry":{"type":"Point","coordinates":[127.4980563,37.4878021]},"properties":{"pnu":"4183025021106920000","municipality_code":"41830","municipality":"양평군","district":"양평군","locality":"양평읍 양근리","address":"양평군 양평읍 양근리 692","owner_type":"경기도유지","owner_label":"경기도교육감","manager":"","property_class":"","land_category":"대","area_sqm":217.4,"area_band":"100~500㎡","interest_category":"대","solar_candidate":"검토필요","candidate_reason":"청사·공공건축물·주차장 현황 추가 확인 필요; 면적 217㎡","priority_score":40,"source":"경기부동산포털 국공유지조회·연속지적도","source_date":"2026-08-11","installed_solar_match":false}},{"type":"Feature","id":"4183033021110020004","geometry":{"type":"Point","coordinates":[127.3210304,37.546792]},"properties":{"pnu":"4183033021110020004","municipality_code":"41830","municipality":"양평군","district":"양평군","locality":"양서면 양수리","address":"양평군 양서면 양수리 1002-4","owner_type":"경기도유지","owner_label":"경기도","manager":"건설국 도로정책과","property_class":"행정재산","land_category":"대","area_sqm":217.0,"area_band":"100~500㎡","interest_category":"대","solar_candidate":"검토필요","candidate_reason":"청사·공공건축물·주차장 현황 추가 확인 필요; 면적 217㎡","priority_score":40,"source":"경기부동산포털 국공유지조회·연속지적도","source_date":"2026-08-11","installed_solar_match":false}},{"type":"Feature","id":"4183034023111410006","geometry":{"type":"Point","coordinates":[127.4637499,37.5246729]},"properties":{"pnu":"4183034023111410006","municipality_code":"41830","municipality":"양평군","district":"양평군","locality":"옥천면 신복리","address":"양평군 옥천면 신복리 1141-6","owner_type":"경기도유지","owner_label":"경기도","manager":"건설국 하천과","property_class":"행정재산","land_category":"대","area_sqm":215.0,"area_band":"100~500㎡","interest_category":"대","solar_candidate":"검토필요","candidate_reason":"청사·공공건축물·주차장 현황 추가 확인 필요; 면적 215㎡","priority_score":40,"source":"경기부동산포털 국공유지조회·연속지적도","source_date":"2026-08-11","installed_solar_match":false}},{"type":"Feature","id":"4183035028103400008","geometry":{"type":"Point","coordinates":[127.3959524,37.638422]},"properties":{"pnu":"4183035028103400008","municipality_code":"41830","municipality":"양평군","district":"양평군","locality":"서종면 수입리","address":"양평군 서종면 수입리 340-8","owner_type":"경기도유지","owner_label":"경기도","manager":"건설국 도로정책과","property_class":"행정재산","land_category":"대","area_sqm":206.0,"area_band":"100~500㎡","interest_category":"대","solar_candidate":"검토필요","candidate_reason":"청사·공공건축물·주차장 현황 추가 확인 필요; 면적 206㎡","priority_score":40,"source":"경기부동산포털 국공유지조회·연속지적도","source_date":"2026-08-11","installed_solar_match":false}},{"type":"Feature","id":"4183040027102350003","geometry":{"type":"Point","coordinates":[127.6374211,37.5110995]},"properties":{"pnu":"4183040027102350003","municipality_code":"41830","municipality":"양평군","district":"양평군","locality":"용문면 광탄리","address":"양평군 용문면 광탄리 235-3","owner_type":"경기도유지","owner_label":"경기도","manager":"경기도해양수산자원연구소","property_class":"행정재산","land_category":"대","area_sqm":205.0,"area_band":"100~500㎡","interest_category":"대","solar_candidate":"검토필요","candidate_reason":"청사·공공건축물·주차장 현황 추가 확인 필요; 면적 205㎡","priority_score":40,"source":"경기부동산포털 국공유지조회·연속지적도","source_date":"2026-08-11","installed_solar_match":false}},{"type":"Feature","id":"4183041025103300006","geometry":{"type":"Point","coordinates":[127.5280588,37.4658606]},"properties":{"pnu":"4183041025103300006","municipality_code":"41830","municipality":"양평군","district":"양평군","locality":"개군면 공세리","address":"양평군 개군면 공세리 330-6","owner_type":"경기도유지","owner_label":"경기도","manager":"건설국 하천과","property_class":"행정재산","land_category":"대","area_sqm":205.0,"area_band":"100~500㎡","interest_category":"대","solar_candidate":"검토필요","candidate_reason":"청사·공공건축물·주차장 현황 추가 확인 필요; 면적 205㎡","priority_score":40,"source":"경기부동산포털 국공유지조회·연속지적도","source_date":"2026-08-11","installed_solar_match":false}},{"type":"Feature","id":"4183036026101810021","geometry":{"type":"Point","coordinates":[127.670066,37.5673764]},"properties":{"pnu":"4183036026101810021","municipality_code":"41830","municipality":"양평군","district":"양평군","locality":"단월면 부안리","address":"양평군 단월면 부안리 181-21","owner_type":"경기도유지","owner_label":"경기도","manager":"건설국 도로정책과","property_class":"행정재산","land_category":"대","area_sqm":201.0,"area_band":"100~500㎡","interest_category":"대","solar_candidate":"검토필요","candidate_reason":"청사·공공건축물·주차장 현황 추가 확인 필요; 면적 201㎡","priority_score":40,"source":"경기부동산포털 국공유지조회·연속지적도","source_date":"2026-08-11","installed_solar_match":false}},{"type":"Feature","id":"4183039521102270015","geometry":{"type":"Point","coordinates":[127.6408328,37.4754697]},"properties":{"pnu":"4183039521102270015","municipality_code":"41830","municipality":"양평군","district":"양평군","locality":"지평면 지평리","address":"양평군 지평면 지평리 227-15","owner_type":"경기도유지","owner_label":"경기도","manager":"건설국 하천과","property_class":"행정재산","land_category":"대","area_sqm":200.0,"area_band":"100~500㎡","interest_category":"대","solar_candidate":"검토필요","candidate_reason":"청사·공공건축물·주차장 현황 추가 확인 필요; 면적 200㎡","priority_score":40,"source":"경기부동산포털 국공유지조회·연속지적도","source_date":"2026-08-11","installed_solar_match":false}},{"type":"Feature","id":"4183040030101720001","geometry":{"type":"Point","coordinates":[127.6171347,37.5223683]},"properties":{"pnu":"4183040030101720001","municipality_code":"41830","municipality":"양평군","district":"양평군","locality":"용문면 조현리","address":"양평군 용문면 조현리 172-1","owner_type":"경기도유지","owner_label":"경기도(교육감)","manager":"","property_class":"","land_category":"대","area_sqm":195.0,"area_band":"100~500㎡","interest_category":"대","solar_candidate":"검토필요","candidate_reason":"청사·공공건축물·주차장 현황 추가 확인 필요; 면적 195㎡","priority_score":40,"source":"경기부동산포털 국공유지조회·연속지적도","source_date":"2026-08-11","installed_solar_match":false}},{"type":"Feature","id":"4183035021101540012","geometry":{"type":"Point","coordinates":[127.3740253,37.6054846]},"properties":{"pnu":"4183035021101540012","municipality_code":"41830","municipality":"양평군","district":"양평군","locality":"서종면 문호리","address":"양평군 서종면 문호리 154-12","owner_type":"경기도유지","owner_label":"경기도","manager":"건설국 도로정책과","property_class":"행정재산","land_category":"대","area_sqm":192.0,"area_band":"100~500㎡","interest_category":"대","solar_candidate":"검토필요","candidate_reason":"청사·공공건축물·주차장 현황 추가 확인 필요; 면적 192㎡","priority_score":40,"source":"경기부동산포털 국공유지조회·연속지적도","source_date":"2026-08-11","installed_solar_match":false}},{"type":"Feature","id":"4183041025103000037","geometry":{"type":"Point","coordinates":[127.5287621,37.4665189]},"properties":{"pnu":"4183041025103000037","municipality_code":"41830","municipality":"양평군","district":"양평군","locality":"개군면 공세리","address":"양평군 개군면 공세리 300-37","owner_type":"경기도유지","owner_label":"경기도","manager":"건설국 하천과","property_class":"행정재산","land_category":"대","area_sqm":192.0,"area_band":"100~500㎡","interest_category":"대","solar_candidate":"검토필요","candidate_reason":"청사·공공건축물·주차장 현황 추가 확인 필요; 면적 192㎡","priority_score":40,"source":"경기부동산포털 국공유지조회·연속지적도","source_date":"2026-08-11","installed_solar_match":false}},{"type":"Feature","id":"4183039521104880002","geometry":{"type":"Point","coordinates":[127.6387451,37.4758034]},"properties":{"pnu":"4183039521104880002","municipality_code":"41830","municipality":"양평군","district":"양평군","locality":"지평면 지평리","address":"양평군 지평면 지평리 488-2","owner_type":"경기도유지","owner_label":"경기도","manager":"건설국 하천과","property_class":"행정재산","land_category":"대","area_sqm":185.0,"area_band":"100~500㎡","interest_category":"대","solar_candidate":"검토필요","candidate_reason":"청사·공공건축물·주차장 현황 추가 확인 필요; 면적 185㎡","priority_score":40,"source":"경기부동산포털 국공유지조회·연속지적도","source_date":"2026-08-11","installed_solar_match":false}},{"type":"Feature","id":"4183033031105920008","geometry":{"type":"Point","coordinates":[127.414851,37.5256661]},"properties":{"pnu":"4183033031105920008","municipality_code":"41830","municipality":"양평군","district":"양평군","locality":"양서면 증동리","address":"양평군 양서면 증동리 592-8","owner_type":"경기도유지","owner_label":"경기도","manager":"건설국 하천과","property_class":"행정재산","land_category":"대","area_sqm":184.0,"area_band":"100~500㎡","interest_category":"대","solar_candidate":"검토필요","candidate_reason":"청사·공공건축물·주차장 현황 추가 확인 필요; 면적 184㎡","priority_score":40,"source":"경기부동산포털 국공유지조회·연속지적도","source_date":"2026-08-11","installed_solar_match":false}},{"type":"Feature","id":"4183035021101630026","geometry":{"type":"Point","coordinates":[127.3741721,37.6039859]},"properties":{"pnu":"4183035021101630026","municipality_code":"41830","municipality":"양평군","district":"양평군","locality":"서종면 문호리","address":"양평군 서종면 문호리 163-26","owner_type":"경기도유지","owner_label":"경기도","manager":"건설국 도로정책과","property_class":"행정재산","land_category":"대","area_sqm":184.0,"area_band":"100~500㎡","interest_category":"대","solar_candidate":"검토필요","candidate_reason":"청사·공공건축물·주차장 현황 추가 확인 필요; 면적 184㎡","priority_score":40,"source":"경기부동산포털 국공유지조회·연속지적도","source_date":"2026-08-11","installed_solar_match":false}},{"type":"Feature","id":"4183031025101190005","geometry":{"type":"Point","coordinates":[127.4878987,37.4528436]},"properties":{"pnu":"4183031025101190005","municipality_code":"41830","municipality":"양평군","district":"양평군","locality":"강상면 화양리","address":"양평군 강상면 화양리 119-5","owner_type":"경기도유지","owner_label":"경기도","manager":"건설국 도로정책과","property_class":"행정재산","land_category":"대","area_sqm":182.0,"area_band":"100~500㎡","interest_category":"대","solar_candidate":"검토필요","candidate_reason":"청사·공공건축물·주차장 현황 추가 확인 필요; 면적 182㎡","priority_score":40,"source":"경기부동산포털 국공유지조회·연속지적도","source_date":"2026-08-11","installed_solar_match":false}},{"type":"Feature","id":"4183034023103110015","geometry":{"type":"Point","coordinates":[127.4595811,37.5533069]},"properties":{"pnu":"4183034023103110015","municipality_code":"41830","municipality":"양평군","district":"양평군","locality":"옥천면 신복리","address":"양평군 옥천면 신복리 311-15","owner_type":"경기도유지","owner_label":"경기도(431)","manager":"건설국 하천과","property_class":"행정재산","land_category":"대","area_sqm":182.0,"area_band":"100~500㎡","interest_category":"대","solar_candidate":"검토필요","candidate_reason":"청사·공공건축물·주차장 현황 추가 확인 필요; 면적 182㎡","priority_score":40,"source":"경기부동산포털 국공유지조회·연속지적도","source_date":"2026-08-11","installed_solar_match":true,"installed_solar_count":1,"installed_solar_area_sqm":8.4,"installed_solar_analysis_years":["2024"],"installed_solar_types":["개인주택"],"installed_solar_permit_status_counts":{"N":1}}},{"type":"Feature","id":"4183040025100290003","geometry":{"type":"Point","coordinates":[127.57394,37.5017259]},"properties":{"pnu":"4183040025100290003","municipality_code":"41830","municipality":"양평군","district":"양평군","locality":"용문면 연수리","address":"양평군 용문면 연수리 29-3","owner_type":"경기도유지","owner_label":"경기도","manager":"건설국 하천과","property_class":"행정재산","land_category":"대","area_sqm":179.0,"area_band":"100~500㎡","interest_category":"대","solar_candidate":"검토필요","candidate_reason":"청사·공공건축물·주차장 현황 추가 확인 필요; 면적 179㎡","priority_score":40,"source":"경기부동산포털 국공유지조회·연속지적도","source_date":"2026-08-11","installed_solar_match":false}},{"type":"Feature","id":"4183039521102150001","geometry":{"type":"Point","coordinates":[127.643335,37.475109]},"properties":{"pnu":"4183039521102150001","municipality_code":"41830","municipality":"양평군","district":"양평군","locality":"지평면 지평리","address":"양평군 지평면 지평리 215-1","owner_type":"경기도유지","owner_label":"경기도","manager":"건설국 하천과","property_class":"행정재산","land_category":"대","area_sqm":170.0,"area_band":"100~500㎡","interest_category":"대","solar_candidate":"검토필요","candidate_reason":"청사·공공건축물·주차장 현황 추가 확인 필요; 면적 170㎡","priority_score":40,"source":"경기부동산포털 국공유지조회·연속지적도","source_date":"2026-08-11","installed_solar_match":false}},{"type":"Feature","id":"4183039521102430000","geometry":{"type":"Point","coordinates":[127.6399676,37.4758141]},"properties":{"pnu":"4183039521102430000","municipality_code":"41830","municipality":"양평군","district":"양평군","locality":"지평면 지평리","address":"양평군 지평면 지평리 243","owner_type":"경기도유지","owner_label":"경기도","manager":"건설국 하천과","property_class":"행정재산","land_category":"대","area_sqm":169.0,"area_band":"100~500㎡","interest_category":"대","solar_candidate":"검토필요","candidate_reason":"청사·공공건축물·주차장 현황 추가 확인 필요; 면적 169㎡","priority_score":40,"source":"경기부동산포털 국공유지조회·연속지적도","source_date":"2026-08-11","installed_solar_match":false}},{"type":"Feature","id":"4183040025100070008","geometry":{"type":"Point","coordinates":[127.575559,37.5014947]},"properties":{"pnu":"4183040025100070008","municipality_code":"41830","municipality":"양평군","district":"양평군","locality":"용문면 연수리","address":"양평군 용문면 연수리 7-8","owner_type":"경기도유지","owner_label":"경기도","manager":"건설국 하천과","property_class":"행정재산","land_category":"대","area_sqm":167.0,"area_band":"100~500㎡","interest_category":"대","solar_candidate":"검토필요","candidate_reason":"청사·공공건축물·주차장 현황 추가 확인 필요; 면적 167㎡","priority_score":40,"source":"경기부동산포털 국공유지조회·연속지적도","source_date":"2026-08-11","installed_solar_match":false}},{"type":"Feature","id":"4183035021101650006","geometry":{"type":"Point","coordinates":[127.3741366,37.6029582]},"properties":{"pnu":"4183035021101650006","municipality_code":"41830","municipality":"양평군","district":"양평군","locality":"서종면 문호리","address":"양평군 서종면 문호리 165-6","owner_type":"경기도유지","owner_label":"경기도","manager":"건설국 도로정책과","property_class":"행정재산","land_category":"대","area_sqm":165.0,"area_band":"100~500㎡","interest_category":"대","solar_candidate":"검토필요","candidate_reason":"청사·공공건축물·주차장 현황 추가 확인 필요; 면적 165㎡","priority_score":40,"source":"경기부동산포털 국공유지조회·연속지적도","source_date":"2026-08-11","installed_solar_match":false}},{"type":"Feature","id":"4183036024100440002","geometry":{"type":"Point","coordinates":[127.6646972,37.5543275]},"properties":{"pnu":"4183036024100440002","municipality_code":"41830","municipality":"양평군","district":"양평군","locality":"단월면 향소리","address":"양평군 단월면 향소리 44-2","owner_type":"경기도유지","owner_label":"경기도","manager":"건설국 도로정책과","property_class":"행정재산","land_category":"대","area_sqm":162.0,"area_band":"100~500㎡","interest_category":"대","solar_candidate":"검토필요","candidate_reason":"청사·공공건축물·주차장 현황 추가 확인 필요; 면적 162㎡","priority_score":40,"source":"경기부동산포털 국공유지조회·연속지적도","source_date":"2026-08-11","installed_solar_match":false}},{"type":"Feature","id":"4183040029100660007","geometry":{"type":"Point","coordinates":[127.6241511,37.5323596]},"properties":{"pnu":"4183040029100660007","municipality_code":"41830","municipality":"양평군","district":"양평군","locality":"용문면 중원리","address":"양평군 용문면 중원리 66-7","owner_type":"경기도유지","owner_label":"경기도","manager":"","property_class":"","land_category":"대","area_sqm":158.0,"area_band":"100~500㎡","interest_category":"대","solar_candidate":"검토필요","candidate_reason":"청사·공공건축물·주차장 현황 추가 확인 필요; 면적 158㎡","priority_score":40,"source":"경기부동산포털 국공유지조회·연속지적도","source_date":"2026-08-11","installed_solar_match":false}},{"type":"Feature","id":"4183034023107970006","geometry":{"type":"Point","coordinates":[127.4669734,37.5319839]},"properties":{"pnu":"4183034023107970006","municipality_code":"41830","municipality":"양평군","district":"양평군","locality":"옥천면 신복리","address":"양평군 옥천면 신복리 797-6","owner_type":"경기도유지","owner_label":"경기도","manager":"건설국 하천과","property_class":"행정재산","land_category":"대","area_sqm":157.0,"area_band":"100~500㎡","interest_category":"대","solar_candidate":"검토필요","candidate_reason":"청사·공공건축물·주차장 현황 추가 확인 필요; 면적 157㎡","priority_score":40,"source":"경기부동산포털 국공유지조회·연속지적도","source_date":"2026-08-11","installed_solar_match":false}},{"type":"Feature","id":"4183039521110980003","geometry":{"type":"Point","coordinates":[127.6313408,37.4766635]},"properties":{"pnu":"4183039521110980003","municipality_code":"41830","municipality":"양평군","district":"양평군","locality":"지평면 지평리","address":"양평군 지평면 지평리 1098-3","owner_type":"경기도유지","owner_label":"경기도","manager":"건설국 도로정책과","property_class":"행정재산","land_category":"대","area_sqm":157.0,"area_band":"100~500㎡","interest_category":"대","solar_candidate":"검토필요","candidate_reason":"청사·공공건축물·주차장 현황 추가 확인 필요; 면적 157㎡","priority_score":40,"source":"경기부동산포털 국공유지조회·연속지적도","source_date":"2026-08-11","installed_solar_match":false}},{"type":"Feature","id":"4183034023104860007","geometry":{"type":"Point","coordinates":[127.4629488,37.5439224]},"properties":{"pnu":"4183034023104860007","municipality_code":"41830","municipality":"양평군","district":"양평군","locality":"옥천면 신복리","address":"양평군 옥천면 신복리 486-7","owner_type":"경기도유지","owner_label":"경기도","manager":"건설국 하천과","property_class":"행정재산","land_category":"대","area_sqm":156.0,"area_band":"100~500㎡","interest_category":"대","solar_candidate":"검토필요","candidate_reason":"청사·공공건축물·주차장 현황 추가 확인 필요; 면적 156㎡","priority_score":40,"source":"경기부동산포털 국공유지조회·연속지적도","source_date":"2026-08-11","installed_solar_match":false}},{"type":"Feature","id":"4183039521100530008","geometry":{"type":"Point","coordinates":[127.6464049,37.4717861]},"properties":{"pnu":"4183039521100530008","municipality_code":"41830","municipality":"양평군","district":"양평군","locality":"지평면 지평리","address":"양평군 지평면 지평리 53-8","owner_type":"경기도유지","owner_label":"경기도","manager":"건설국 하천과","property_class":"행정재산","land_category":"대","area_sqm":155.0,"area_band":"100~500㎡","interest_category":"대","solar_candidate":"검토필요","candidate_reason":"청사·공공건축물·주차장 현황 추가 확인 필요; 면적 155㎡","priority_score":40,"source":"경기부동산포털 국공유지조회·연속지적도","source_date":"2026-08-11","installed_solar_match":false}},{"type":"Feature","id":"4183035021107790043","geometry":{"type":"Point","coordinates":[127.3522452,37.6029326]},"properties":{"pnu":"4183035021107790043","municipality_code":"41830","municipality":"양평군","district":"양평군","locality":"서종면 문호리","address":"양평군 서종면 문호리 779-43","owner_type":"경기도유지","owner_label":"경기도","manager":"건설국 도로정책과","property_class":"행정재산","land_category":"대","area_sqm":153.0,"area_band":"100~500㎡","interest_category":"대","solar_candidate":"검토필요","candidate_reason":"청사·공공건축물·주차장 현황 추가 확인 필요; 면적 153㎡","priority_score":40,"source":"경기부동산포털 국공유지조회·연속지적도","source_date":"2026-08-11","installed_solar_match":false}},{"type":"Feature","id":"4183039521102270014","geometry":{"type":"Point","coordinates":[127.6411242,37.4754404]},"properties":{"pnu":"4183039521102270014","municipality_code":"41830","municipality":"양평군","district":"양평군","locality":"지평면 지평리","address":"양평군 지평면 지평리 227-14","owner_type":"경기도유지","owner_label":"경기도","manager":"건설국 하천과","property_class":"행정재산","land_category":"대","area_sqm":148.0,"area_band":"100~500㎡","interest_category":"대","solar_candidate":"검토필요","candidate_reason":"청사·공공건축물·주차장 현황 추가 확인 필요; 면적 148㎡","priority_score":40,"source":"경기부동산포털 국공유지조회·연속지적도","source_date":"2026-08-11","installed_solar_match":false}},{"type":"Feature","id":"4183041025103010006","geometry":{"type":"Point","coordinates":[127.5282004,37.4660712]},"properties":{"pnu":"4183041025103010006","municipality_code":"41830","municipality":"양평군","district":"양평군","locality":"개군면 공세리","address":"양평군 개군면 공세리 301-6","owner_type":"경기도유지","owner_label":"경기도(431)","manager":"건설국 하천과","property_class":"행정재산","land_category":"대","area_sqm":147.0,"area_band":"100~500㎡","interest_category":"대","solar_candidate":"검토필요","candidate_reason":"청사·공공건축물·주차장 현황 추가 확인 필요; 면적 147㎡","priority_score":40,"source":"경기부동산포털 국공유지조회·연속지적도","source_date":"2026-08-11","installed_solar_match":false}},{"type":"Feature","id":"4183039521105800001","geometry":{"type":"Point","coordinates":[127.6391662,37.4747993]},"properties":{"pnu":"4183039521105800001","municipality_code":"41830","municipality":"양평군","district":"양평군","locality":"지평면 지평리","address":"양평군 지평면 지평리 580-1","owner_type":"경기도유지","owner_label":"경기도","manager":"건설국 도로정책과","property_class":"행정재산","land_category":"대","area_sqm":146.0,"area_band":"100~500㎡","interest_category":"대","solar_candidate":"검토필요","candidate_reason":"청사·공공건축물·주차장 현황 추가 확인 필요; 면적 146㎡","priority_score":40,"source":"경기부동산포털 국공유지조회·연속지적도","source_date":"2026-08-11","installed_solar_match":false}},{"type":"Feature","id":"4183040024104840029","geometry":{"type":"Point","coordinates":[127.5808,37.4947474]},"properties":{"pnu":"4183040024104840029","municipality_code":"41830","municipality":"양평군","district":"양평군","locality":"용문면 다문리","address":"양평군 용문면 다문리 484-29","owner_type":"경기도유지","owner_label":"경기도","manager":"건설국 하천과","property_class":"행정재산","land_category":"대","area_sqm":146.0,"area_band":"100~500㎡","interest_category":"대","solar_candidate":"검토필요","candidate_reason":"청사·공공건축물·주차장 현황 추가 확인 필요; 면적 146㎡","priority_score":40,"source":"경기부동산포털 국공유지조회·연속지적도","source_date":"2026-08-11","installed_solar_match":false}},{"type":"Feature","id":"4183031023106890048","geometry":{"type":"Point","coordinates":[127.4865315,37.4726747]},"properties":{"pnu":"4183031023106890048","municipality_code":"41830","municipality":"양평군","district":"양평군","locality":"강상면 교평리","address":"양평군 강상면 교평리 689-48","owner_type":"경기도유지","owner_label":"경기도","manager":"건설국 도로정책과","property_class":"행정재산","land_category":"대","area_sqm":144.0,"area_band":"100~500㎡","interest_category":"대","solar_candidate":"검토필요","candidate_reason":"청사·공공건축물·주차장 현황 추가 확인 필요; 면적 144㎡","priority_score":40,"source":"경기부동산포털 국공유지조회·연속지적도","source_date":"2026-08-11","installed_solar_match":false}},{"type":"Feature","id":"4183035022102840002","geometry":{"type":"Point","coordinates":[127.374685,37.6075426]},"properties":{"pnu":"4183035022102840002","municipality_code":"41830","municipality":"양평군","district":"양평군","locality":"서종면 도장리","address":"양평군 서종면 도장리 284-2","owner_type":"경기도유지","owner_label":"경기도","manager":"건설국 도로정책과","property_class":"행정재산","land_category":"대","area_sqm":144.0,"area_band":"100~500㎡","interest_category":"대","solar_candidate":"검토필요","candidate_reason":"청사·공공건축물·주차장 현황 추가 확인 필요; 면적 144㎡","priority_score":40,"source":"경기부동산포털 국공유지조회·연속지적도","source_date":"2026-08-11","installed_solar_match":false}},{"type":"Feature","id":"4183038025105320004","geometry":{"type":"Point","coordinates":[127.7322675,37.4812489]},"properties":{"pnu":"4183038025105320004","municipality_code":"41830","municipality":"양평군","district":"양평군","locality":"양동면 금왕리","address":"양평군 양동면 금왕리 532-4","owner_type":"경기도유지","owner_label":"경기도","manager":"건설국 도로정책과","property_class":"행정재산","land_category":"대","area_sqm":144.0,"area_band":"100~500㎡","interest_category":"대","solar_candidate":"검토필요","candidate_reason":"청사·공공건축물·주차장 현황 추가 확인 필요; 면적 144㎡","priority_score":40,"source":"경기부동산포털 국공유지조회·연속지적도","source_date":"2026-08-11","installed_solar_match":false}},{"type":"Feature","id":"4183040029100660001","geometry":{"type":"Point","coordinates":[127.6240621,37.5323644]},"properties":{"pnu":"4183040029100660001","municipality_code":"41830","municipality":"양평군","district":"양평군","locality":"용문면 중원리","address":"양평군 용문면 중원리 66-1","owner_type":"경기도유지","owner_label":"경기도","manager":"","property_class":"","land_category":"대","area_sqm":138.0,"area_band":"100~500㎡","interest_category":"대","solar_candidate":"검토필요","candidate_reason":"청사·공공건축물·주차장 현황 추가 확인 필요; 면적 138㎡","priority_score":40,"source":"경기부동산포털 국공유지조회·연속지적도","source_date":"2026-08-11","installed_solar_match":false}},{"type":"Feature","id":"4183034023107560006","geometry":{"type":"Point","coordinates":[127.4674362,37.531734]},"properties":{"pnu":"4183034023107560006","municipality_code":"41830","municipality":"양평군","district":"양평군","locality":"옥천면 신복리","address":"양평군 옥천면 신복리 756-6","owner_type":"경기도유지","owner_label":"경기도","manager":"건설국 하천과","property_class":"행정재산","land_category":"대","area_sqm":136.0,"area_band":"100~500㎡","interest_category":"대","solar_candidate":"검토필요","candidate_reason":"청사·공공건축물·주차장 현황 추가 확인 필요; 면적 136㎡","priority_score":40,"source":"경기부동산포털 국공유지조회·연속지적도","source_date":"2026-08-11","installed_solar_match":false}},{"type":"Feature","id":"4183035021103300004","geometry":{"type":"Point","coordinates":[127.3524939,37.600193]},"properties":{"pnu":"4183035021103300004","municipality_code":"41830","municipality":"양평군","district":"양평군","locality":"서종면 문호리","address":"양평군 서종면 문호리 330-4","owner_type":"경기도유지","owner_label":"경기도","manager":"건설국 도로정책과","property_class":"행정재산","land_category":"대","area_sqm":130.0,"area_band":"100~500㎡","interest_category":"대","solar_candidate":"검토필요","candidate_reason":"청사·공공건축물·주차장 현황 추가 확인 필요; 면적 130㎡","priority_score":40,"source":"경기부동산포털 국공유지조회·연속지적도","source_date":"2026-08-11","installed_solar_match":false}},{"type":"Feature","id":"4183035023104200017","geometry":{"type":"Point","coordinates":[127.3732298,37.6018642]},"properties":{"pnu":"4183035023104200017","municipality_code":"41830","municipality":"양평군","district":"양평군","locality":"서종면 수능리","address":"양평군 서종면 수능리 420-17","owner_type":"경기도유지","owner_label":"경기도","manager":"건설국 도로정책과","property_class":"행정재산","land_category":"대","area_sqm":130.0,"area_band":"100~500㎡","interest_category":"대","solar_candidate":"검토필요","candidate_reason":"청사·공공건축물·주차장 현황 추가 확인 필요; 면적 130㎡","priority_score":40,"source":"경기부동산포털 국공유지조회·연속지적도","source_date":"2026-08-11","installed_solar_match":false}},{"type":"Feature","id":"4183036024105350005","geometry":{"type":"Point","coordinates":[127.6549385,37.5698728]},"properties":{"pnu":"4183036024105350005","municipality_code":"41830","municipality":"양평군","district":"양평군","locality":"단월면 향소리","address":"양평군 단월면 향소리 535-5","owner_type":"경기도유지","owner_label":"경기도","manager":"건설국 하천과","property_class":"행정재산","land_category":"대","area_sqm":129.0,"area_band":"100~500㎡","interest_category":"대","solar_candidate":"검토필요","candidate_reason":"청사·공공건축물·주차장 현황 추가 확인 필요; 면적 129㎡","priority_score":40,"source":"경기부동산포털 국공유지조회·연속지적도","source_date":"2026-08-11","installed_solar_match":false}},{"type":"Feature","id":"4183035021101540007","geometry":{"type":"Point","coordinates":[127.3740979,37.6065783]},"properties":{"pnu":"4183035021101540007","municipality_code":"41830","municipality":"양평군","district":"양평군","locality":"서종면 문호리","address":"양평군 서종면 문호리 154-7","owner_type":"경기도유지","owner_label":"경기도","manager":"건설국 도로정책과","property_class":"행정재산","land_category":"대","area_sqm":126.0,"area_band":"100~500㎡","interest_category":"대","solar_candidate":"검토필요","candidate_reason":"청사·공공건축물·주차장 현황 추가 확인 필요; 면적 126㎡","priority_score":40,"source":"경기부동산포털 국공유지조회·연속지적도","source_date":"2026-08-11","installed_solar_match":false}},{"type":"Feature","id":"4183034021108380012","geometry":{"type":"Point","coordinates":[127.4530559,37.5160616]},"properties":{"pnu":"4183034021108380012","municipality_code":"41830","municipality":"양평군","district":"양평군","locality":"옥천면 옥천리","address":"양평군 옥천면 옥천리 838-12","owner_type":"경기도유지","owner_label":"경기도","manager":"건설국 하천과","property_class":"행정재산","land_category":"대","area_sqm":125.0,"area_band":"100~500㎡","interest_category":"대","solar_candidate":"검토필요","candidate_reason":"청사·공공건축물·주차장 현황 추가 확인 필요; 면적 125㎡","priority_score":40,"source":"경기부동산포털 국공유지조회·연속지적도","source_date":"2026-08-11","installed_solar_match":false}},{"type":"Feature","id":"4183039521105000001","geometry":{"type":"Point","coordinates":[127.6371411,37.4751048]},"properties":{"pnu":"4183039521105000001","municipality_code":"41830","municipality":"양평군","district":"양평군","locality":"지평면 지평리","address":"양평군 지평면 지평리 500-1","owner_type":"경기도유지","owner_label":"경기도(경기도교육감)","manager":"","property_class":"","land_category":"대","area_sqm":124.0,"area_band":"100~500㎡","interest_category":"대","solar_candidate":"검토필요","candidate_reason":"청사·공공건축물·주차장 현황 추가 확인 필요; 면적 124㎡","priority_score":40,"source":"경기부동산포털 국공유지조회·연속지적도","source_date":"2026-08-11","installed_solar_match":false}},{"type":"Feature","id":"4183040029102910016","geometry":{"type":"Point","coordinates":[127.6162951,37.539743]},"properties":{"pnu":"4183040029102910016","municipality_code":"41830","municipality":"양평군","district":"양평군","locality":"용문면 중원리","address":"양평군 용문면 중원리 291-16","owner_type":"경기도유지","owner_label":"경기도","manager":"건설국 하천과","property_class":"행정재산","land_category":"대","area_sqm":123.0,"area_band":"100~500㎡","interest_category":"대","solar_candidate":"검토필요","candidate_reason":"청사·공공건축물·주차장 현황 추가 확인 필요; 면적 123㎡","priority_score":40,"source":"경기부동산포털 국공유지조회·연속지적도","source_date":"2026-08-11","installed_solar_match":false}},{"type":"Feature","id":"4183033030104000005","geometry":{"type":"Point","coordinates":[127.4160374,37.53131]},"properties":{"pnu":"4183033030104000005","municipality_code":"41830","municipality":"양평군","district":"양평군","locality":"양서면 청계리","address":"양평군 양서면 청계리 400-5","owner_type":"경기도유지","owner_label":"경기도","manager":"건설국 하천과","property_class":"행정재산","land_category":"대","area_sqm":120.0,"area_band":"100~500㎡","interest_category":"대","solar_candidate":"검토필요","candidate_reason":"청사·공공건축물·주차장 현황 추가 확인 필요; 면적 120㎡","priority_score":40,"source":"경기부동산포털 국공유지조회·연속지적도","source_date":"2026-08-11","installed_solar_match":false}},{"type":"Feature","id":"4183034021108380016","geometry":{"type":"Point","coordinates":[127.4532374,37.5162182]},"properties":{"pnu":"4183034021108380016","municipality_code":"41830","municipality":"양평군","district":"양평군","locality":"옥천면 옥천리","address":"양평군 옥천면 옥천리 838-16","owner_type":"경기도유지","owner_label":"경기도","manager":"건설국 하천과","property_class":"행정재산","land_category":"대","area_sqm":120.0,"area_band":"100~500㎡","interest_category":"대","solar_candidate":"검토필요","candidate_reason":"청사·공공건축물·주차장 현황 추가 확인 필요; 면적 120㎡","priority_score":40,"source":"경기부동산포털 국공유지조회·연속지적도","source_date":"2026-08-11","installed_solar_match":false}},{"type":"Feature","id":"4183039521102290009","geometry":{"type":"Point","coordinates":[127.6406052,37.4755187]},"properties":{"pnu":"4183039521102290009","municipality_code":"41830","municipality":"양평군","district":"양평군","locality":"지평면 지평리","address":"양평군 지평면 지평리 229-9","owner_type":"경기도유지","owner_label":"경기도","manager":"건설국 하천과","property_class":"행정재산","land_category":"대","area_sqm":117.0,"area_band":"100~500㎡","interest_category":"대","solar_candidate":"검토필요","candidate_reason":"청사·공공건축물·주차장 현황 추가 확인 필요; 면적 117㎡","priority_score":40,"source":"경기부동산포털 국공유지조회·연속지적도","source_date":"2026-08-11","installed_solar_match":false}},{"type":"Feature","id":"4183034022106440009","geometry":{"type":"Point","coordinates":[127.485246,37.527052]},"properties":{"pnu":"4183034022106440009","municipality_code":"41830","municipality":"양평군","district":"양평군","locality":"옥천면 용천리","address":"양평군 옥천면 용천리 644-9","owner_type":"경기도유지","owner_label":"경기도","manager":"건설국 하천과","property_class":"행정재산","land_category":"대","area_sqm":116.0,"area_band":"100~500㎡","interest_category":"대","solar_candidate":"검토필요","candidate_reason":"청사·공공건축물·주차장 현황 추가 확인 필요; 면적 116㎡","priority_score":40,"source":"경기부동산포털 국공유지조회·연속지적도","source_date":"2026-08-11","installed_solar_match":false}},{"type":"Feature","id":"4183036024107620012","geometry":{"type":"Point","coordinates":[127.6441402,37.5514718]},"properties":{"pnu":"4183036024107620012","municipality_code":"41830","municipality":"양평군","district":"양평군","locality":"단월면 향소리","address":"양평군 단월면 향소리 762-12","owner_type":"경기도유지","owner_label":"경기도","manager":"건설국 도로정책과","property_class":"행정재산","land_category":"대","area_sqm":115.0,"area_band":"100~500㎡","interest_category":"대","solar_candidate":"검토필요","candidate_reason":"청사·공공건축물·주차장 현황 추가 확인 필요; 면적 115㎡","priority_score":40,"source":"경기부동산포털 국공유지조회·연속지적도","source_date":"2026-08-11","installed_solar_match":false}},{"type":"Feature","id":"4183040024104430004","geometry":{"type":"Point","coordinates":[127.579069,37.4982316]},"properties":{"pnu":"4183040024104430004","municipality_code":"41830","municipality":"양평군","district":"양평군","locality":"용문면 다문리","address":"양평군 용문면 다문리 443-4","owner_type":"경기도유지","owner_label":"경기도","manager":"건설국 하천과","property_class":"행정재산","land_category":"대","area_sqm":114.0,"area_band":"100~500㎡","interest_category":"대","solar_candidate":"검토필요","candidate_reason":"청사·공공건축물·주차장 현황 추가 확인 필요; 면적 114㎡","priority_score":40,"source":"경기부동산포털 국공유지조회·연속지적도","source_date":"2026-08-11","installed_solar_match":false}},{"type":"Feature","id":"4183040028101800006","geometry":{"type":"Point","coordinates":[127.6324036,37.5473684]},"properties":{"pnu":"4183040028101800006","municipality_code":"41830","municipality":"양평군","district":"양평군","locality":"용문면 망능리","address":"양평군 용문면 망능리 180-6","owner_type":"경기도유지","owner_label":"경기도","manager":"건설국 도로정책과","property_class":"행정재산","land_category":"대","area_sqm":114.0,"area_band":"100~500㎡","interest_category":"대","solar_candidate":"검토필요","candidate_reason":"청사·공공건축물·주차장 현황 추가 확인 필요; 면적 114㎡","priority_score":40,"source":"경기부동산포털 국공유지조회·연속지적도","source_date":"2026-08-11","installed_solar_match":false}},{"type":"Feature","id":"4183040028104030003","geometry":{"type":"Point","coordinates":[127.6279341,37.5399958]},"properties":{"pnu":"4183040028104030003","municipality_code":"41830","municipality":"양평군","district":"양평군","locality":"용문면 망능리","address":"양평군 용문면 망능리 403-3","owner_type":"경기도유지","owner_label":"경기도","manager":"건설국 도로정책과","property_class":"행정재산","land_category":"대","area_sqm":113.0,"area_band":"100~500㎡","interest_category":"대","solar_candidate":"검토필요","candidate_reason":"청사·공공건축물·주차장 현황 추가 확인 필요; 면적 113㎡","priority_score":40,"source":"경기부동산포털 국공유지조회·연속지적도","source_date":"2026-08-11","installed_solar_match":false}},{"type":"Feature","id":"4183039521100530001","geometry":{"type":"Point","coordinates":[127.6463218,37.471752]},"properties":{"pnu":"4183039521100530001","municipality_code":"41830","municipality":"양평군","district":"양평군","locality":"지평면 지평리","address":"양평군 지평면 지평리 53-1","owner_type":"경기도유지","owner_label":"경기도","manager":"건설국 하천과","property_class":"행정재산","land_category":"대","area_sqm":110.0,"area_band":"100~500㎡","interest_category":"대","solar_candidate":"검토필요","candidate_reason":"청사·공공건축물·주차장 현황 추가 확인 필요; 면적 110㎡","priority_score":40,"source":"경기부동산포털 국공유지조회·연속지적도","source_date":"2026-08-11","installed_solar_match":false}},{"type":"Feature","id":"4183041025100070170","geometry":{"type":"Point","coordinates":[127.554811,37.4616087]},"properties":{"pnu":"4183041025100070170","municipality_code":"41830","municipality":"양평군","district":"양평군","locality":"개군면 공세리","address":"양평군 개군면 공세리 7-170","owner_type":"경기도유지","owner_label":"경기도","manager":"건설국 하천과","property_class":"행정재산","land_category":"대","area_sqm":109.0,"area_band":"100~500㎡","interest_category":"대","solar_candidate":"검토필요","candidate_reason":"청사·공공건축물·주차장 현황 추가 확인 필요; 면적 109㎡","priority_score":40,"source":"경기부동산포털 국공유지조회·연속지적도","source_date":"2026-08-11","installed_solar_match":false}},{"type":"Feature","id":"4183038024107990007","geometry":{"type":"Point","coordinates":[127.6988604,37.4856025]},"properties":{"pnu":"4183038024107990007","municipality_code":"41830","municipality":"양평군","district":"양평군","locality":"양동면 고송리","address":"양평군 양동면 고송리 799-7","owner_type":"경기도유지","owner_label":"경기도","manager":"건설국 도로정책과","property_class":"행정재산","land_category":"대","area_sqm":108.0,"area_band":"100~500㎡","interest_category":"대","solar_candidate":"검토필요","candidate_reason":"청사·공공건축물·주차장 현황 추가 확인 필요; 면적 108㎡","priority_score":40,"source":"경기부동산포털 국공유지조회·연속지적도","source_date":"2026-08-11","installed_solar_match":false}},{"type":"Feature","id":"4183040024107100004","geometry":{"type":"Point","coordinates":[127.590897,37.4854925]},"properties":{"pnu":"4183040024107100004","municipality_code":"41830","municipality":"양평군","district":"양평군","locality":"용문면 다문리","address":"양평군 용문면 다문리 710-4","owner_type":"경기도유지","owner_label":"경기도(교육감)","manager":"","property_class":"","land_category":"대","area_sqm":108.0,"area_band":"100~500㎡","interest_category":"대","solar_candidate":"검토필요","candidate_reason":"청사·공공건축물·주차장 현황 추가 확인 필요; 면적 108㎡","priority_score":40,"source":"경기부동산포털 국공유지조회·연속지적도","source_date":"2026-08-11","installed_solar_match":false}},{"type":"Feature","id":"4183036024100710008","geometry":{"type":"Point","coordinates":[127.6665775,37.5547656]},"properties":{"pnu":"4183036024100710008","municipality_code":"41830","municipality":"양평군","district":"양평군","locality":"단월면 향소리","address":"양평군 단월면 향소리 71-8","owner_type":"경기도유지","owner_label":"경기도","manager":"건설국 도로정책과","property_class":"행정재산","land_category":"대","area_sqm":106.0,"area_band":"100~500㎡","interest_category":"대","solar_candidate":"검토필요","candidate_reason":"청사·공공건축물·주차장 현황 추가 확인 필요; 면적 106㎡","priority_score":40,"source":"경기부동산포털 국공유지조회·연속지적도","source_date":"2026-08-11","installed_solar_match":false}},{"type":"Feature","id":"4183039521110960008","geometry":{"type":"Point","coordinates":[127.630981,37.4770075]},"properties":{"pnu":"4183039521110960008","municipality_code":"41830","municipality":"양평군","district":"양평군","locality":"지평면 지평리","address":"양평군 지평면 지평리 1096-8","owner_type":"경기도유지","owner_label":"경기도","manager":"건설국 도로정책과","property_class":"행정재산","land_category":"대","area_sqm":104.0,"area_band":"100~500㎡","interest_category":"대","solar_candidate":"검토필요","candidate_reason":"청사·공공건축물·주차장 현황 추가 확인 필요; 면적 104㎡","priority_score":40,"source":"경기부동산포털 국공유지조회·연속지적도","source_date":"2026-08-11","installed_solar_match":false}},{"type":"Feature","id":"4183040021101810010","geometry":{"type":"Point","coordinates":[127.6146278,37.4841455]},"properties":{"pnu":"4183040021101810010","municipality_code":"41830","municipality":"양평군","district":"양평군","locality":"용문면 마룡리","address":"양평군 용문면 마룡리 181-10","owner_type":"경기도유지","owner_label":"경기도","manager":"건설국 도로정책과","property_class":"행정재산","land_category":"대","area_sqm":103.0,"area_band":"100~500㎡","interest_category":"대","solar_candidate":"검토필요","candidate_reason":"청사·공공건축물·주차장 현황 추가 확인 필요; 면적 103㎡","priority_score":40,"source":"경기부동산포털 국공유지조회·연속지적도","source_date":"2026-08-11","installed_solar_match":false}},{"type":"Feature","id":"4183038028102630000","geometry":{"type":"Point","coordinates":[127.7468527,37.3894483]},"properties":{"pnu":"4183038028102630000","municipality_code":"41830","municipality":"양평군","district":"양평군","locality":"양동면 단석리","address":"양평군 양동면 단석리 263","owner_type":"경기도유지","owner_label":"경기도","manager":"건설국 도로정책과","property_class":"행정재산","land_category":"대","area_sqm":100.0,"area_band":"100~500㎡","interest_category":"대","solar_candidate":"검토필요","candidate_reason":"청사·공공건축물·주차장 현황 추가 확인 필요; 면적 100㎡","priority_score":40,"source":"경기부동산포털 국공유지조회·연속지적도","source_date":"2026-08-11","installed_solar_match":false}},{"type":"Feature","id":"4183039521110980005","geometry":{"type":"Point","coordinates":[127.6316425,37.4763669]},"properties":{"pnu":"4183039521110980005","municipality_code":"41830","municipality":"양평군","district":"양평군","locality":"지평면 지평리","address":"양평군 지평면 지평리 1098-5","owner_type":"경기도유지","owner_label":"경기도","manager":"건설국 도로정책과","property_class":"행정재산","land_category":"대","area_sqm":100.0,"area_band":"100~500㎡","interest_category":"대","solar_candidate":"검토필요","candidate_reason":"청사·공공건축물·주차장 현황 추가 확인 필요; 면적 100㎡","priority_score":40,"source":"경기부동산포털 국공유지조회·연속지적도","source_date":"2026-08-11","installed_solar_match":false}},{"type":"Feature","id":"4183032023105330007","geometry":{"type":"Point","coordinates":[127.3931535,37.4609094]},"properties":{"pnu":"4183032023105330007","municipality_code":"41830","municipality":"양평군","district":"양평군","locality":"강하면 동오리","address":"양평군 강하면 동오리 533-7","owner_type":"경기도유지","owner_label":"경기도","manager":"건설국 하천과","property_class":"행정재산","land_category":"공장용지","area_sqm":210.0,"area_band":"100~500㎡","interest_category":"공장용지","solar_candidate":"검토필요","candidate_reason":"지목·면적 기준 1차 검토 대상; 면적 210㎡","priority_score":37,"source":"경기부동산포털 국공유지조회·연속지적도","source_date":"2026-08-11","installed_solar_match":false}},{"type":"Feature","id":"4183038025200370006","geometry":{"type":"Point","coordinates":[127.737329,37.4640247]},"properties":{"pnu":"4183038025200370006","municipality_code":"41830","municipality":"양평군","district":"양평군","locality":"양동면 금왕리","address":"양평군 양동면 금왕리 산37-6","owner_type":"경기도유지","owner_label":"경기도","manager":"건설국 도로정책과","property_class":"행정재산","land_category":"도로","area_sqm":4878.0,"area_band":"3,000~5,000㎡","interest_category":"도로","solar_candidate":"검토필요","candidate_reason":"도로점용 및 실제 이용형태 추가 검토 필요; 면적 4,878㎡","priority_score":35,"source":"경기부동산포털 국공유지조회·연속지적도","source_date":"2026-08-11","installed_solar_match":false}},{"type":"Feature","id":"4183036026200370013","geometry":{"type":"Point","coordinates":[127.6772952,37.5903772]},"properties":{"pnu":"4183036026200370013","municipality_code":"41830","municipality":"양평군","district":"양평군","locality":"단월면 부안리","address":"양평군 단월면 부안리 산37-13","owner_type":"경기도유지","owner_label":"경기도","manager":"건설국 도로정책과","property_class":"행정재산","land_category":"도로","area_sqm":4861.0,"area_band":"3,000~5,000㎡","interest_category":"도로","solar_candidate":"검토필요","candidate_reason":"도로점용 및 실제 이용형태 추가 검토 필요; 면적 4,861㎡","priority_score":35,"source":"경기부동산포털 국공유지조회·연속지적도","source_date":"2026-08-11","installed_solar_match":false}},{"type":"Feature","id":"4183036025104850010","geometry":{"type":"Point","coordinates":[127.6752769,37.5430714]},"properties":{"pnu":"4183036025104850010","municipality_code":"41830","municipality":"양평군","district":"양평군","locality":"단월면 덕수리","address":"양평군 단월면 덕수리 485-10","owner_type":"경기도유지","owner_label":"경기도","manager":"건설국 도로정책과","property_class":"행정재산","land_category":"도로","area_sqm":4849.0,"area_band":"3,000~5,000㎡","interest_category":"도로","solar_candidate":"검토필요","candidate_reason":"도로점용 및 실제 이용형태 추가 검토 필요; 면적 4,849㎡","priority_score":35,"source":"경기부동산포털 국공유지조회·연속지적도","source_date":"2026-08-11","installed_solar_match":false}},{"type":"Feature","id":"4183036021100530000","geometry":{"type":"Point","coordinates":[127.6787463,37.5374237]},"properties":{"pnu":"4183036021100530000","municipality_code":"41830","municipality":"양평군","district":"양평군","locality":"단월면 보룡리","address":"양평군 단월면 보룡리 53","owner_type":"경기도유지","owner_label":"경기도","manager":"건설국 도로정책과","property_class":"행정재산","land_category":"도로","area_sqm":4806.0,"area_band":"3,000~5,000㎡","interest_category":"도로","solar_candidate":"검토필요","candidate_reason":"도로점용 및 실제 이용형태 추가 검토 필요; 면적 4,806㎡","priority_score":35,"source":"경기부동산포털 국공유지조회·연속지적도","source_date":"2026-08-11","installed_solar_match":false}},{"type":"Feature","id":"4183037025202490010","geometry":{"type":"Point","coordinates":[127.7583131,37.516313]},"properties":{"pnu":"4183037025202490010","municipality_code":"41830","municipality":"양평군","district":"양평군","locality":"청운면 갈운리","address":"양평군 청운면 갈운리 산249-10","owner_type":"경기도유지","owner_label":"경기도","manager":"건설국 도로정책과","property_class":"행정재산","land_category":"도로","area_sqm":4805.0,"area_band":"3,000~5,000㎡","interest_category":"도로","solar_candidate":"검토필요","candidate_reason":"도로점용 및 실제 이용형태 추가 검토 필요; 면적 4,805㎡","priority_score":35,"source":"경기부동산포털 국공유지조회·연속지적도","source_date":"2026-08-11","installed_solar_match":false}},{"type":"Feature","id":"4183025029101470001","geometry":{"type":"Point","coordinates":[127.5518125,37.4689302]},"properties":{"pnu":"4183025029101470001","municipality_code":"41830","municipality":"양평군","district":"양평군","locality":"양평읍 봉성리","address":"양평군 양평읍 봉성리 147-1","owner_type":"경기도유지","owner_label":"경기도","manager":"건설국 도로정책과","property_class":"행정재산","land_category":"도로","area_sqm":4733.0,"area_band":"3,000~5,000㎡","interest_category":"도로","solar_candidate":"검토필요","candidate_reason":"도로점용 및 실제 이용형태 추가 검토 필요; 면적 4,733㎡","priority_score":35,"source":"경기부동산포털 국공유지조회·연속지적도","source_date":"2026-08-11","installed_solar_match":false}},{"type":"Feature","id":"4183039522103000000","geometry":{"type":"Point","coordinates":[127.6333179,37.4866909]},"properties":{"pnu":"4183039522103000000","municipality_code":"41830","municipality":"양평군","district":"양평군","locality":"지평면 송현리","address":"양평군 지평면 송현리 300","owner_type":"경기도유지","owner_label":"경기도","manager":"건설국 도로정책과","property_class":"행정재산","land_category":"도로","area_sqm":4629.0,"area_band":"3,000~5,000㎡","interest_category":"도로","solar_candidate":"검토필요","candidate_reason":"도로점용 및 실제 이용형태 추가 검토 필요; 면적 4,629㎡","priority_score":35,"source":"경기부동산포털 국공유지조회·연속지적도","source_date":"2026-08-11","installed_solar_match":false}},{"type":"Feature","id":"4183036026100650001","geometry":{"type":"Point","coordinates":[127.6776157,37.578967]},"properties":{"pnu":"4183036026100650001","municipality_code":"41830","municipality":"양평군","district":"양평군","locality":"단월면 부안리","address":"양평군 단월면 부안리 65-1","owner_type":"경기도유지","owner_label":"경기도","manager":"건설국 도로정책과","property_class":"행정재산","land_category":"도로","area_sqm":4616.0,"area_band":"3,000~5,000㎡","interest_category":"도로","solar_candidate":"검토필요","candidate_reason":"도로점용 및 실제 이용형태 추가 검토 필요; 면적 4,616㎡","priority_score":35,"source":"경기부동산포털 국공유지조회·연속지적도","source_date":"2026-08-11","installed_solar_match":false}},{"type":"Feature","id":"4183031023200260064","geometry":{"type":"Point","coordinates":[127.4872419,37.466161]},"properties":{"pnu":"4183031023200260064","municipality_code":"41830","municipality":"양평군","district":"양평군","locality":"강상면 교평리","address":"양평군 강상면 교평리 산26-64","owner_type":"경기도유지","owner_label":"경기도","manager":"건설국 도로정책과","property_class":"행정재산","land_category":"도로","area_sqm":4496.0,"area_band":"3,000~5,000㎡","interest_category":"도로","solar_candidate":"검토필요","candidate_reason":"도로점용 및 실제 이용형태 추가 검토 필요; 면적 4,496㎡","priority_score":35,"source":"경기부동산포털 국공유지조회·연속지적도","source_date":"2026-08-11","installed_solar_match":false}},{"type":"Feature","id":"4183033021200100020","geometry":{"type":"Point","coordinates":[127.333719,37.5720486]},"properties":{"pnu":"4183033021200100020","municipality_code":"41830","municipality":"양평군","district":"양평군","locality":"양서면 양수리","address":"양평군 양서면 양수리 산10-20","owner_type":"경기도유지","owner_label":"경기도","manager":"건설국 도로정책과","property_class":"행정재산","land_category":"도로","area_sqm":4416.0,"area_band":"3,000~5,000㎡","interest_category":"도로","solar_candidate":"검토필요","candidate_reason":"도로점용 및 실제 이용형태 추가 검토 필요; 면적 4,416㎡","priority_score":35,"source":"경기부동산포털 국공유지조회·연속지적도","source_date":"2026-08-11","installed_solar_match":false}},{"type":"Feature","id":"4183039522104720002","geometry":{"type":"Point","coordinates":[127.6300751,37.4832668]},"properties":{"pnu":"4183039522104720002","municipality_code":"41830","municipality":"양평군","district":"양평군","locality":"지평면 송현리","address":"양평군 지평면 송현리 472-2","owner_type":"경기도유지","owner_label":"경기도","manager":"건설국 도로정책과","property_class":"행정재산","land_category":"도로","area_sqm":4380.0,"area_band":"3,000~5,000㎡","interest_category":"도로","solar_candidate":"검토필요","candidate_reason":"도로점용 및 실제 이용형태 추가 검토 필요; 면적 4,380㎡","priority_score":35,"source":"경기부동산포털 국공유지조회·연속지적도","source_date":"2026-08-11","installed_solar_match":false}},{"type":"Feature","id":"4183031023106930003","geometry":{"type":"Point","coordinates":[127.4858578,37.4679535]},"properties":{"pnu":"4183031023106930003","municipality_code":"41830","municipality":"양평군","district":"양평군","locality":"강상면 교평리","address":"양평군 강상면 교평리 693-3","owner_type":"경기도유지","owner_label":"경기도","manager":"건설국 도로정책과","property_class":"행정재산","land_category":"도로","area_sqm":4354.0,"area_band":"3,000~5,000㎡","interest_category":"도로","solar_candidate":"검토필요","candidate_reason":"도로점용 및 실제 이용형태 추가 검토 필요; 면적 4,354㎡","priority_score":35,"source":"경기부동산포털 국공유지조회·연속지적도","source_date":"2026-08-11","installed_solar_match":false}},{"type":"Feature","id":"4183036026102260003","geometry":{"type":"Point","coordinates":[127.6685128,37.5612004]},"properties":{"pnu":"4183036026102260003","municipality_code":"41830","municipality":"양평군","district":"양평군","locality":"단월면 부안리","address":"양평군 단월면 부안리 226-3","owner_type":"경기도유지","owner_label":"경기도","manager":"건설국 도로정책과","property_class":"행정재산","land_category":"도로","area_sqm":4346.0,"area_band":"3,000~5,000㎡","interest_category":"도로","solar_candidate":"검토필요","candidate_reason":"도로점용 및 실제 이용형태 추가 검토 필요; 면적 4,346㎡","priority_score":35,"source":"경기부동산포털 국공유지조회·연속지적도","source_date":"2026-08-11","installed_solar_match":false}},{"type":"Feature","id":"4183031024100530002","geometry":{"type":"Point","coordinates":[127.4853926,37.470067]},"properties":{"pnu":"4183031024100530002","municipality_code":"41830","municipality":"양평군","district":"양평군","locality":"강상면 신화리","address":"양평군 강상면 신화리 53-2","owner_type":"경기도유지","owner_label":"경기도","manager":"건설국 도로정책과","property_class":"행정재산","land_category":"도로","area_sqm":4308.0,"area_band":"3,000~5,000㎡","interest_category":"도로","solar_candidate":"검토필요","candidate_reason":"도로점용 및 실제 이용형태 추가 검토 필요; 면적 4,308㎡","priority_score":35,"source":"경기부동산포털 국공유지조회·연속지적도","source_date":"2026-08-11","installed_solar_match":false}},{"type":"Feature","id":"4183036027100370000","geometry":{"type":"Point","coordinates":[127.6826885,37.6039627]},"properties":{"pnu":"4183036027100370000","municipality_code":"41830","municipality":"양평군","district":"양평군","locality":"단월면 명성리","address":"양평군 단월면 명성리 37","owner_type":"경기도유지","owner_label":"경기도","manager":"건설국 도로정책과","property_class":"행정재산","land_category":"도로","area_sqm":4272.0,"area_band":"3,000~5,000㎡","interest_category":"도로","solar_candidate":"검토필요","candidate_reason":"도로점용 및 실제 이용형태 추가 검토 필요; 면적 4,272㎡","priority_score":35,"source":"경기부동산포털 국공유지조회·연속지적도","source_date":"2026-08-11","installed_solar_match":false}},{"type":"Feature","id":"4183036026101970001","geometry":{"type":"Point","coordinates":[127.6695393,37.5653816]},"properties":{"pnu":"4183036026101970001","municipality_code":"41830","municipality":"양평군","district":"양평군","locality":"단월면 부안리","address":"양평군 단월면 부안리 197-1","owner_type":"경기도유지","owner_label":"경기도","manager":"건설국 도로정책과","property_class":"행정재산","land_category":"도로","area_sqm":4246.0,"area_band":"3,000~5,000㎡","interest_category":"도로","solar_candidate":"검토필요","candidate_reason":"도로점용 및 실제 이용형태 추가 검토 필요; 면적 4,246㎡","priority_score":35,"source":"경기부동산포털 국공유지조회·연속지적도","source_date":"2026-08-11","installed_solar_match":false}},{"type":"Feature","id":"4183038025200150001","geometry":{"type":"Point","coordinates":[127.7392256,37.4551152]},"properties":{"pnu":"4183038025200150001","municipality_code":"41830","municipality":"양평군","district":"양평군","locality":"양동면 금왕리","address":"양평군 양동면 금왕리 산15-1","owner_type":"경기도유지","owner_label":"경기도","manager":"건설국 도로정책과","property_class":"행정재산","land_category":"도로","area_sqm":4186.0,"area_band":"3,000~5,000㎡","interest_category":"도로","solar_candidate":"검토필요","candidate_reason":"도로점용 및 실제 이용형태 추가 검토 필요; 면적 4,186㎡","priority_score":35,"source":"경기부동산포털 국공유지조회·연속지적도","source_date":"2026-08-11","installed_solar_match":false}},{"type":"Feature","id":"4183038027110270002","geometry":{"type":"Point","coordinates":[127.7700294,37.3791709]},"properties":{"pnu":"4183038027110270002","municipality_code":"41830","municipality":"양평군","district":"양평군","locality":"양동면 삼산리","address":"양평군 양동면 삼산리 1027-2","owner_type":"경기도유지","owner_label":"경기도","manager":"건설국 도로정책과","property_class":"행정재산","land_category":"도로","area_sqm":4167.0,"area_band":"3,000~5,000㎡","interest_category":"도로","solar_candidate":"검토필요","candidate_reason":"도로점용 및 실제 이용형태 추가 검토 필요; 면적 4,167㎡","priority_score":35,"source":"경기부동산포털 국공유지조회·연속지적도","source_date":"2026-08-11","installed_solar_match":false}},{"type":"Feature","id":"4183039523114790002","geometry":{"type":"Point","coordinates":[127.6366836,37.4935016]},"properties":{"pnu":"4183039523114790002","municipality_code":"41830","municipality":"양평군","district":"양평군","locality":"지평면 월산리","address":"양평군 지평면 월산리 1479-2","owner_type":"경기도유지","owner_label":"경기도","manager":"건설국 도로정책과","property_class":"행정재산","land_category":"도로","area_sqm":4142.0,"area_band":"3,000~5,000㎡","interest_category":"도로","solar_candidate":"검토필요","candidate_reason":"도로점용 및 실제 이용형태 추가 검토 필요; 면적 4,142㎡","priority_score":35,"source":"경기부동산포털 국공유지조회·연속지적도","source_date":"2026-08-11","installed_solar_match":false}},{"type":"Feature","id":"4183031021100040007","geometry":{"type":"Point","coordinates":[127.4789189,37.4901159]},"properties":{"pnu":"4183031021100040007","municipality_code":"41830","municipality":"양평군","district":"양평군","locality":"강상면 병산리","address":"양평군 강상면 병산리 4-7","owner_type":"경기도유지","owner_label":"경기도","manager":"건설국 도로정책과","property_class":"행정재산","land_category":"도로","area_sqm":4094.0,"area_band":"3,000~5,000㎡","interest_category":"도로","solar_candidate":"검토필요","candidate_reason":"도로점용 및 실제 이용형태 추가 검토 필요; 면적 4,094㎡","priority_score":35,"source":"경기부동산포털 국공유지조회·연속지적도","source_date":"2026-08-11","installed_solar_match":false}},{"type":"Feature","id":"4183038028200280001","geometry":{"type":"Point","coordinates":[127.7440562,37.3846076]},"properties":{"pnu":"4183038028200280001","municipality_code":"41830","municipality":"양평군","district":"양평군","locality":"양동면 단석리","address":"양평군 양동면 단석리 산28-1","owner_type":"경기도유지","owner_label":"경기도","manager":"건설국 도로정책과","property_class":"행정재산","land_category":"도로","area_sqm":4042.0,"area_band":"3,000~5,000㎡","interest_category":"도로","solar_candidate":"검토필요","candidate_reason":"도로점용 및 실제 이용형태 추가 검토 필요; 면적 4,042㎡","priority_score":35,"source":"경기부동산포털 국공유지조회·연속지적도","source_date":"2026-08-11","installed_solar_match":false}},{"type":"Feature","id":"4183031026200170018","geometry":{"type":"Point","coordinates":[127.4873472,37.447239]},"properties":{"pnu":"4183031026200170018","municipality_code":"41830","municipality":"양평군","district":"양평군","locality":"강상면 세월리","address":"양평군 강상면 세월리 산17-18","owner_type":"경기도유지","owner_label":"경기도","manager":"건설국 도로정책과","property_class":"행정재산","land_category":"도로","area_sqm":4014.0,"area_band":"3,000~5,000㎡","interest_category":"도로","solar_candidate":"검토필요","candidate_reason":"도로점용 및 실제 이용형태 추가 검토 필요; 면적 4,014㎡","priority_score":35,"source":"경기부동산포털 국공유지조회·연속지적도","source_date":"2026-08-11","installed_solar_match":false}},{"type":"Feature","id":"4183032021100700009","geometry":{"type":"Point","coordinates":[127.4066191,37.4957262]},"properties":{"pnu":"4183032021100700009","municipality_code":"41830","municipality":"양평군","district":"양평군","locality":"강하면 운심리","address":"양평군 강하면 운심리 70-9","owner_type":"경기도유지","owner_label":"경기도","manager":"건설국 도로정책과","property_class":"행정재산","land_category":"도로","area_sqm":4006.0,"area_band":"3,000~5,000㎡","interest_category":"도로","solar_candidate":"검토필요","candidate_reason":"도로점용 및 실제 이용형태 추가 검토 필요; 면적 4,006㎡","priority_score":35,"source":"경기부동산포털 국공유지조회·연속지적도","source_date":"2026-08-11","installed_solar_match":false}},{"type":"Feature","id":"4183025032200770001","geometry":{"type":"Point","coordinates":[127.5147873,37.4764157]},"properties":{"pnu":"4183025032200770001","municipality_code":"41830","municipality":"양평군","district":"양평군","locality":"양평읍 창대리","address":"양평군 양평읍 창대리 산77-1","owner_type":"경기도유지","owner_label":"경기도","manager":"건설국 도로정책과","property_class":"행정재산","land_category":"도로","area_sqm":3896.0,"area_band":"3,000~5,000㎡","interest_category":"도로","solar_candidate":"검토필요","candidate_reason":"도로점용 및 실제 이용형태 추가 검토 필요; 면적 3,896㎡","priority_score":35,"source":"경기부동산포털 국공유지조회·연속지적도","source_date":"2026-08-11","installed_solar_match":false}},{"type":"Feature","id":"4183036028201000005","geometry":{"type":"Point","coordinates":[127.6101437,37.6290553]},"properties":{"pnu":"4183036028201000005","municipality_code":"41830","municipality":"양평군","district":"양평군","locality":"단월면 석산리","address":"양평군 단월면 석산리 산100-5","owner_type":"경기도유지","owner_label":"경기도","manager":"건설국 도로정책과","property_class":"행정재산","land_category":"도로","area_sqm":3854.0,"area_band":"3,000~5,000㎡","interest_category":"도로","solar_candidate":"검토필요","candidate_reason":"도로점용 및 실제 이용형태 추가 검토 필요; 면적 3,854㎡","priority_score":35,"source":"경기부동산포털 국공유지조회·연속지적도","source_date":"2026-08-11","installed_solar_match":false}},{"type":"Feature","id":"4183031026200420006","geometry":{"type":"Point","coordinates":[127.4910726,37.4387991]},"properties":{"pnu":"4183031026200420006","municipality_code":"41830","municipality":"양평군","district":"양평군","locality":"강상면 세월리","address":"양평군 강상면 세월리 산42-6","owner_type":"경기도유지","owner_label":"경기도","manager":"건설국 도로정책과","property_class":"행정재산","land_category":"도로","area_sqm":3839.0,"area_band":"3,000~5,000㎡","interest_category":"도로","solar_candidate":"검토필요","candidate_reason":"도로점용 및 실제 이용형태 추가 검토 필요; 면적 3,839㎡","priority_score":35,"source":"경기부동산포털 국공유지조회·연속지적도","source_date":"2026-08-11","installed_solar_match":false}},{"type":"Feature","id":"4183034022200290015","geometry":{"type":"Point","coordinates":[127.5063652,37.55681]},"properties":{"pnu":"4183034022200290015","municipality_code":"41830","municipality":"양평군","district":"양평군","locality":"옥천면 용천리","address":"양평군 옥천면 용천리 산29-15","owner_type":"경기도유지","owner_label":"경기도","manager":"건설국 도로정책과","property_class":"행정재산","land_category":"도로","area_sqm":3839.0,"area_band":"3,000~5,000㎡","interest_category":"도로","solar_candidate":"검토필요","candidate_reason":"도로점용 및 실제 이용형태 추가 검토 필요; 면적 3,839㎡","priority_score":35,"source":"경기부동산포털 국공유지조회·연속지적도","source_date":"2026-08-11","installed_solar_match":false}},{"type":"Feature","id":"4183033021102180007","geometry":{"type":"Point","coordinates":[127.3277188,37.5605511]},"properties":{"pnu":"4183033021102180007","municipality_code":"41830","municipality":"양평군","district":"양평군","locality":"양서면 양수리","address":"양평군 양서면 양수리 218-7","owner_type":"경기도유지","owner_label":"경기도","manager":"건설국 도로정책과","property_class":"행정재산","land_category":"도로","area_sqm":3795.0,"area_band":"3,000~5,000㎡","interest_category":"도로","solar_candidate":"검토필요","candidate_reason":"도로점용 및 실제 이용형태 추가 검토 필요; 면적 3,795㎡","priority_score":35,"source":"경기부동산포털 국공유지조회·연속지적도","source_date":"2026-08-11","installed_solar_match":false}},{"type":"Feature","id":"4183036029202140010","geometry":{"type":"Point","coordinates":[127.6049194,37.622206]},"properties":{"pnu":"4183036029202140010","municipality_code":"41830","municipality":"양평군","district":"양평군","locality":"단월면 산음리","address":"양평군 단월면 산음리 산214-10","owner_type":"경기도유지","owner_label":"경기도","manager":"건설국 도로정책과","property_class":"행정재산","land_category":"도로","area_sqm":3774.0,"area_band":"3,000~5,000㎡","interest_category":"도로","solar_candidate":"검토필요","candidate_reason":"도로점용 및 실제 이용형태 추가 검토 필요; 면적 3,774㎡","priority_score":35,"source":"경기부동산포털 국공유지조회·연속지적도","source_date":"2026-08-11","installed_solar_match":false}},{"type":"Feature","id":"4183031025102850004","geometry":{"type":"Point","coordinates":[127.4916368,37.4582647]},"properties":{"pnu":"4183031025102850004","municipality_code":"41830","municipality":"양평군","district":"양평군","locality":"강상면 화양리","address":"양평군 강상면 화양리 285-4","owner_type":"경기도유지","owner_label":"경기도","manager":"건설국 도로정책과","property_class":"행정재산","land_category":"도로","area_sqm":3767.0,"area_band":"3,000~5,000㎡","interest_category":"도로","solar_candidate":"검토필요","candidate_reason":"도로점용 및 실제 이용형태 추가 검토 필요; 면적 3,767㎡","priority_score":35,"source":"경기부동산포털 국공유지조회·연속지적도","source_date":"2026-08-11","installed_solar_match":false}},{"type":"Feature","id":"4183031021100370004","geometry":{"type":"Point","coordinates":[127.4780767,37.4891523]},"properties":{"pnu":"4183031021100370004","municipality_code":"41830","municipality":"양평군","district":"양평군","locality":"강상면 병산리","address":"양평군 강상면 병산리 37-4","owner_type":"경기도유지","owner_label":"경기도","manager":"건설국 도로정책과","property_class":"행정재산","land_category":"도로","area_sqm":3732.0,"area_band":"3,000~5,000㎡","interest_category":"도로","solar_candidate":"검토필요","candidate_reason":"도로점용 및 실제 이용형태 추가 검토 필요; 면적 3,732㎡","priority_score":35,"source":"경기부동산포털 국공유지조회·연속지적도","source_date":"2026-08-11","installed_solar_match":false}},{"type":"Feature","id":"4183036027200240003","geometry":{"type":"Point","coordinates":[127.6801346,37.5961677]},"properties":{"pnu":"4183036027200240003","municipality_code":"41830","municipality":"양평군","district":"양평군","locality":"단월면 명성리","address":"양평군 단월면 명성리 산24-3","owner_type":"경기도유지","owner_label":"경기도","manager":"건설국 도로정책과","property_class":"행정재산","land_category":"도로","area_sqm":3705.0,"area_band":"3,000~5,000㎡","interest_category":"도로","solar_candidate":"검토필요","candidate_reason":"도로점용 및 실제 이용형태 추가 검토 필요; 면적 3,705㎡","priority_score":35,"source":"경기부동산포털 국공유지조회·연속지적도","source_date":"2026-08-11","installed_solar_match":false}},{"type":"Feature","id":"4183036026103690001","geometry":{"type":"Point","coordinates":[127.6710279,37.5708945]},"properties":{"pnu":"4183036026103690001","municipality_code":"41830","municipality":"양평군","district":"양평군","locality":"단월면 부안리","address":"양평군 단월면 부안리 369-1","owner_type":"경기도유지","owner_label":"경기도","manager":"건설국 도로정책과","property_class":"행정재산","land_category":"도로","area_sqm":3679.0,"area_band":"3,000~5,000㎡","interest_category":"도로","solar_candidate":"검토필요","candidate_reason":"도로점용 및 실제 이용형태 추가 검토 필요; 면적 3,679㎡","priority_score":35,"source":"경기부동산포털 국공유지조회·연속지적도","source_date":"2026-08-11","installed_solar_match":false}},{"type":"Feature","id":"4183035021106570009","geometry":{"type":"Point","coordinates":[127.3511221,37.6180835]},"properties":{"pnu":"4183035021106570009","municipality_code":"41830","municipality":"양평군","district":"양평군","locality":"서종면 문호리","address":"양평군 서종면 문호리 657-9","owner_type":"경기도유지","owner_label":"경기도","manager":"건설국 도로정책과","property_class":"행정재산","land_category":"도로","area_sqm":3664.0,"area_band":"3,000~5,000㎡","interest_category":"도로","solar_candidate":"검토필요","candidate_reason":"도로점용 및 실제 이용형태 추가 검토 필요; 면적 3,664㎡","priority_score":35,"source":"경기부동산포털 국공유지조회·연속지적도","source_date":"2026-08-11","installed_solar_match":false}},{"type":"Feature","id":"4183039522107090000","geometry":{"type":"Point","coordinates":[127.6274795,37.481156]},"properties":{"pnu":"4183039522107090000","municipality_code":"41830","municipality":"양평군","district":"양평군","locality":"지평면 송현리","address":"양평군 지평면 송현리 709","owner_type":"경기도유지","owner_label":"경기도","manager":"건설국 도로정책과","property_class":"행정재산","land_category":"도로","area_sqm":3637.0,"area_band":"3,000~5,000㎡","interest_category":"도로","solar_candidate":"검토필요","candidate_reason":"도로점용 및 실제 이용형태 추가 검토 필요; 면적 3,637㎡","priority_score":35,"source":"경기부동산포털 국공유지조회·연속지적도","source_date":"2026-08-11","installed_solar_match":false}},{"type":"Feature","id":"4183038025107200004","geometry":{"type":"Point","coordinates":[127.7334718,37.4720753]},"properties":{"pnu":"4183038025107200004","municipality_code":"41830","municipality":"양평군","district":"양평군","locality":"양동면 금왕리","address":"양평군 양동면 금왕리 720-4","owner_type":"경기도유지","owner_label":"경기도","manager":"건설국 도로정책과","property_class":"행정재산","land_category":"도로","area_sqm":3628.0,"area_band":"3,000~5,000㎡","interest_category":"도로","solar_candidate":"검토필요","candidate_reason":"도로점용 및 실제 이용형태 추가 검토 필요; 면적 3,628㎡","priority_score":35,"source":"경기부동산포털 국공유지조회·연속지적도","source_date":"2026-08-11","installed_solar_match":false}},{"type":"Feature","id":"4183039522107080009","geometry":{"type":"Point","coordinates":[127.6285479,37.4820018]},"properties":{"pnu":"4183039522107080009","municipality_code":"41830","municipality":"양평군","district":"양평군","locality":"지평면 송현리","address":"양평군 지평면 송현리 708-9","owner_type":"경기도유지","owner_label":"경기도","manager":"건설국 도로정책과","property_class":"행정재산","land_category":"도로","area_sqm":3566.0,"area_band":"3,000~5,000㎡","interest_category":"도로","solar_candidate":"검토필요","candidate_reason":"도로점용 및 실제 이용형태 추가 검토 필요; 면적 3,566㎡","priority_score":35,"source":"경기부동산포털 국공유지조회·연속지적도","source_date":"2026-08-11","installed_solar_match":false}},{"type":"Feature","id":"4183031026103320001","geometry":{"type":"Point","coordinates":[127.4902277,37.4417308]},"properties":{"pnu":"4183031026103320001","municipality_code":"41830","municipality":"양평군","district":"양평군","locality":"강상면 세월리","address":"양평군 강상면 세월리 332-1","owner_type":"경기도유지","owner_label":"경기도","manager":"건설국 도로정책과","property_class":"행정재산","land_category":"도로","area_sqm":3556.0,"area_band":"3,000~5,000㎡","interest_category":"도로","solar_candidate":"검토필요","candidate_reason":"도로점용 및 실제 이용형태 추가 검토 필요; 면적 3,556㎡","priority_score":35,"source":"경기부동산포털 국공유지조회·연속지적도","source_date":"2026-08-11","installed_solar_match":false}},{"type":"Feature","id":"4183031027100730003","geometry":{"type":"Point","coordinates":[127.4739174,37.423218]},"properties":{"pnu":"4183031027100730003","municipality_code":"41830","municipality":"양평군","district":"양평군","locality":"강상면 대석리","address":"양평군 강상면 대석리 73-3","owner_type":"경기도유지","owner_label":"경기도","manager":"건설국 도로정책과","property_class":"행정재산","land_category":"도로","area_sqm":3535.0,"area_band":"3,000~5,000㎡","interest_category":"도로","solar_candidate":"검토필요","candidate_reason":"도로점용 및 실제 이용형태 추가 검토 필요; 면적 3,535㎡","priority_score":35,"source":"경기부동산포털 국공유지조회·연속지적도","source_date":"2026-08-11","installed_solar_match":false}},{"type":"Feature","id":"4183039521108480001","geometry":{"type":"Point","coordinates":[127.6307417,37.4612072]},"properties":{"pnu":"4183039521108480001","municipality_code":"41830","municipality":"양평군","district":"양평군","locality":"지평면 지평리","address":"양평군 지평면 지평리 848-1","owner_type":"경기도유지","owner_label":"경기도","manager":"건설국 도로정책과","property_class":"행정재산","land_category":"도로","area_sqm":3491.0,"area_band":"3,000~5,000㎡","interest_category":"도로","solar_candidate":"검토필요","candidate_reason":"도로점용 및 실제 이용형태 추가 검토 필요; 면적 3,491㎡","priority_score":35,"source":"경기부동산포털 국공유지조회·연속지적도","source_date":"2026-08-11","installed_solar_match":false}},{"type":"Feature","id":"4183033021200100029","geometry":{"type":"Point","coordinates":[127.3347992,37.5735775]},"properties":{"pnu":"4183033021200100029","municipality_code":"41830","municipality":"양평군","district":"양평군","locality":"양서면 양수리","address":"양평군 양서면 양수리 산10-29","owner_type":"경기도유지","owner_label":"경기도","manager":"건설국 도로정책과","property_class":"행정재산","land_category":"도로","area_sqm":3480.0,"area_band":"3,000~5,000㎡","interest_category":"도로","solar_candidate":"검토필요","candidate_reason":"도로점용 및 실제 이용형태 추가 검토 필요; 면적 3,480㎡","priority_score":35,"source":"경기부동산포털 국공유지조회·연속지적도","source_date":"2026-08-11","installed_solar_match":false}},{"type":"Feature","id":"4183041025102770007","geometry":{"type":"Point","coordinates":[127.5430931,37.4656501]},"properties":{"pnu":"4183041025102770007","municipality_code":"41830","municipality":"양평군","district":"양평군","locality":"개군면 공세리","address":"양평군 개군면 공세리 277-7","owner_type":"경기도유지","owner_label":"경기도","manager":"건설국 도로정책과","property_class":"행정재산","land_category":"도로","area_sqm":3439.0,"area_band":"3,000~5,000㎡","interest_category":"도로","solar_candidate":"검토필요","candidate_reason":"도로점용 및 실제 이용형태 추가 검토 필요; 면적 3,439㎡","priority_score":35,"source":"경기부동산포털 국공유지조회·연속지적도","source_date":"2026-08-11","installed_solar_match":false}},{"type":"Feature","id":"4183038028202550008","geometry":{"type":"Point","coordinates":[127.7153494,37.3997303]},"properties":{"pnu":"4183038028202550008","municipality_code":"41830","municipality":"양평군","district":"양평군","locality":"양동면 단석리","address":"양평군 양동면 단석리 산255-8","owner_type":"경기도유지","owner_label":"경기도","manager":"건설국 도로정책과","property_class":"행정재산","land_category":"도로","area_sqm":3432.0,"area_band":"3,000~5,000㎡","interest_category":"도로","solar_candidate":"검토필요","candidate_reason":"도로점용 및 실제 이용형태 추가 검토 필요; 면적 3,432㎡","priority_score":35,"source":"경기부동산포털 국공유지조회·연속지적도","source_date":"2026-08-11","installed_solar_match":false}},{"type":"Feature","id":"4183036021100520001","geometry":{"type":"Point","coordinates":[127.6784761,37.5383611]},"properties":{"pnu":"4183036021100520001","municipality_code":"41830","municipality":"양평군","district":"양평군","locality":"단월면 보룡리","address":"양평군 단월면 보룡리 52-1","owner_type":"경기도유지","owner_label":"경기도","manager":"건설국 도로정책과","property_class":"행정재산","land_category":"도로","area_sqm":3419.0,"area_band":"3,000~5,000㎡","interest_category":"도로","solar_candidate":"검토필요","candidate_reason":"도로점용 및 실제 이용형태 추가 검토 필요; 면적 3,419㎡","priority_score":35,"source":"경기부동산포털 국공유지조회·연속지적도","source_date":"2026-08-11","installed_solar_match":false}},{"type":"Feature","id":"4183025032200500005","geometry":{"type":"Point","coordinates":[127.5106874,37.4770298]},"properties":{"pnu":"4183025032200500005","municipality_code":"41830","municipality":"양평군","district":"양평군","locality":"양평읍 창대리","address":"양평군 양평읍 창대리 산50-5","owner_type":"경기도유지","owner_label":"경기도","manager":"건설국 도로정책과","property_class":"행정재산","land_category":"도로","area_sqm":3407.0,"area_band":"3,000~5,000㎡","interest_category":"도로","solar_candidate":"검토필요","candidate_reason":"도로점용 및 실제 이용형태 추가 검토 필요; 면적 3,407㎡","priority_score":35,"source":"경기부동산포털 국공유지조회·연속지적도","source_date":"2026-08-11","installed_solar_match":false}},{"type":"Feature","id":"4183035028200820005","geometry":{"type":"Point","coordinates":[127.3624804,37.6347765]},"properties":{"pnu":"4183035028200820005","municipality_code":"41830","municipality":"양평군","district":"양평군","locality":"서종면 수입리","address":"양평군 서종면 수입리 산82-5","owner_type":"경기도유지","owner_label":"경기도","manager":"건설국 도로정책과","property_class":"행정재산","land_category":"도로","area_sqm":3387.0,"area_band":"3,000~5,000㎡","interest_category":"도로","solar_candidate":"검토필요","candidate_reason":"도로점용 및 실제 이용형태 추가 검토 필요; 면적 3,387㎡","priority_score":35,"source":"경기부동산포털 국공유지조회·연속지적도","source_date":"2026-08-11","installed_solar_match":false}},{"type":"Feature","id":"4183037025114150003","geometry":{"type":"Point","coordinates":[127.7548458,37.5213423]},"properties":{"pnu":"4183037025114150003","municipality_code":"41830","municipality":"양평군","district":"양평군","locality":"청운면 갈운리","address":"양평군 청운면 갈운리 1415-3","owner_type":"경기도유지","owner_label":"경기도","manager":"건설국 도로정책과","property_class":"행정재산","land_category":"도로","area_sqm":3380.0,"area_band":"3,000~5,000㎡","interest_category":"도로","solar_candidate":"검토필요","candidate_reason":"도로점용 및 실제 이용형태 추가 검토 필요; 면적 3,380㎡","priority_score":35,"source":"경기부동산포털 국공유지조회·연속지적도","source_date":"2026-08-11","installed_solar_match":false}},{"type":"Feature","id":"4183038028101950001","geometry":{"type":"Point","coordinates":[127.7473262,37.3926318]},"properties":{"pnu":"4183038028101950001","municipality_code":"41830","municipality":"양평군","district":"양평군","locality":"양동면 단석리","address":"양평군 양동면 단석리 195-1","owner_type":"경기도유지","owner_label":"경기도","manager":"건설국 도로정책과","property_class":"행정재산","land_category":"도로","area_sqm":3374.0,"area_band":"3,000~5,000㎡","interest_category":"도로","solar_candidate":"검토필요","candidate_reason":"도로점용 및 실제 이용형태 추가 검토 필요; 면적 3,374㎡","priority_score":35,"source":"경기부동산포털 국공유지조회·연속지적도","source_date":"2026-08-11","installed_solar_match":false}},{"type":"Feature","id":"4183035021106920002","geometry":{"type":"Point","coordinates":[127.3497659,37.6130481]},"properties":{"pnu":"4183035021106920002","municipality_code":"41830","municipality":"양평군","district":"양평군","locality":"서종면 문호리","address":"양평군 서종면 문호리 692-2","owner_type":"경기도유지","owner_label":"경기도","manager":"건설국 도로정책과","property_class":"행정재산","land_category":"도로","area_sqm":3372.0,"area_band":"3,000~5,000㎡","interest_category":"도로","solar_candidate":"검토필요","candidate_reason":"도로점용 및 실제 이용형태 추가 검토 필요; 면적 3,372㎡","priority_score":35,"source":"경기부동산포털 국공유지조회·연속지적도","source_date":"2026-08-11","installed_solar_match":false}},{"type":"Feature","id":"4183031027100040008","geometry":{"type":"Point","coordinates":[127.4887503,37.4340195]},"properties":{"pnu":"4183031027100040008","municipality_code":"41830","municipality":"양평군","district":"양평군","locality":"강상면 대석리","address":"양평군 강상면 대석리 4-8","owner_type":"경기도유지","owner_label":"경기도","manager":"건설국 도로정책과","property_class":"행정재산","land_category":"도로","area_sqm":3365.0,"area_band":"3,000~5,000㎡","interest_category":"도로","solar_candidate":"검토필요","candidate_reason":"도로점용 및 실제 이용형태 추가 검토 필요; 면적 3,365㎡","priority_score":35,"source":"경기부동산포털 국공유지조회·연속지적도","source_date":"2026-08-11","installed_solar_match":false}},{"type":"Feature","id":"4183039522110360001","geometry":{"type":"Point","coordinates":[127.6256499,37.4806363]},"properties":{"pnu":"4183039522110360001","municipality_code":"41830","municipality":"양평군","district":"양평군","locality":"지평면 송현리","address":"양평군 지평면 송현리 1036-1","owner_type":"경기도유지","owner_label":"경기도","manager":"건설국 도로정책과","property_class":"행정재산","land_category":"도로","area_sqm":3344.7,"area_band":"3,000~5,000㎡","interest_category":"도로","solar_candidate":"검토필요","candidate_reason":"도로점용 및 실제 이용형태 추가 검토 필요; 면적 3,345㎡","priority_score":35,"source":"경기부동산포털 국공유지조회·연속지적도","source_date":"2026-08-11","installed_solar_match":false}},{"type":"Feature","id":"4183039523105380004","geometry":{"type":"Point","coordinates":[127.6517184,37.4699636]},"properties":{"pnu":"4183039523105380004","municipality_code":"41830","municipality":"양평군","district":"양평군","locality":"지평면 월산리","address":"양평군 지평면 월산리 538-4","owner_type":"경기도유지","owner_label":"경기도","manager":"건설국 도로정책과","property_class":"행정재산","land_category":"도로","area_sqm":3335.0,"area_band":"3,000~5,000㎡","interest_category":"도로","solar_candidate":"검토필요","candidate_reason":"도로점용 및 실제 이용형태 추가 검토 필요; 면적 3,335㎡","priority_score":35,"source":"경기부동산포털 국공유지조회·연속지적도","source_date":"2026-08-11","installed_solar_match":false}},{"type":"Feature","id":"4183038025200350002","geometry":{"type":"Point","coordinates":[127.7379827,37.4621865]},"properties":{"pnu":"4183038025200350002","municipality_code":"41830","municipality":"양평군","district":"양평군","locality":"양동면 금왕리","address":"양평군 양동면 금왕리 산35-2","owner_type":"경기도유지","owner_label":"경기도","manager":"건설국 도로정책과","property_class":"행정재산","land_category":"도로","area_sqm":3302.0,"area_band":"3,000~5,000㎡","interest_category":"도로","solar_candidate":"검토필요","candidate_reason":"도로점용 및 실제 이용형태 추가 검토 필요; 면적 3,302㎡","priority_score":35,"source":"경기부동산포털 국공유지조회·연속지적도","source_date":"2026-08-11","installed_solar_match":false}},{"type":"Feature","id":"4183031025201010015","geometry":{"type":"Point","coordinates":[127.4891031,37.4491105]},"properties":{"pnu":"4183031025201010015","municipality_code":"41830","municipality":"양평군","district":"양평군","locality":"강상면 화양리","address":"양평군 강상면 화양리 산101-15","owner_type":"경기도유지","owner_label":"경기도","manager":"건설국 도로정책과","property_class":"행정재산","land_category":"도로","area_sqm":3280.0,"area_band":"3,000~5,000㎡","interest_category":"도로","solar_candidate":"검토필요","candidate_reason":"도로점용 및 실제 이용형태 추가 검토 필요; 면적 3,280㎡","priority_score":35,"source":"경기부동산포털 국공유지조회·연속지적도","source_date":"2026-08-11","installed_solar_match":false}},{"type":"Feature","id":"4183038022104450005","geometry":{"type":"Point","coordinates":[127.7447682,37.43572]},"properties":{"pnu":"4183038022104450005","municipality_code":"41830","municipality":"양평군","district":"양평군","locality":"양동면 석곡리","address":"양평군 양동면 석곡리 445-5","owner_type":"경기도유지","owner_label":"경기도","manager":"건설국 도로정책과","property_class":"행정재산","land_category":"도로","area_sqm":3270.0,"area_band":"3,000~5,000㎡","interest_category":"도로","solar_candidate":"검토필요","candidate_reason":"도로점용 및 실제 이용형태 추가 검토 필요; 면적 3,270㎡","priority_score":35,"source":"경기부동산포털 국공유지조회·연속지적도","source_date":"2026-08-11","installed_solar_match":false}},{"type":"Feature","id":"4183041021103010003","geometry":{"type":"Point","coordinates":[127.5374692,37.4285472]},"properties":{"pnu":"4183041021103010003","municipality_code":"41830","municipality":"양평군","district":"양평군","locality":"개군면 하자포리","address":"양평군 개군면 하자포리 301-3","owner_type":"경기도유지","owner_label":"경기도","manager":"건설국 도로정책과","property_class":"행정재산","land_category":"도로","area_sqm":3257.0,"area_band":"3,000~5,000㎡","interest_category":"도로","solar_candidate":"검토필요","candidate_reason":"도로점용 및 실제 이용형태 추가 검토 필요; 면적 3,257㎡","priority_score":35,"source":"경기부동산포털 국공유지조회·연속지적도","source_date":"2026-08-11","installed_solar_match":false}},{"type":"Feature","id":"4183036029200590008","geometry":{"type":"Point","coordinates":[127.6125256,37.5953488]},"properties":{"pnu":"4183036029200590008","municipality_code":"41830","municipality":"양평군","district":"양평군","locality":"단월면 산음리","address":"양평군 단월면 산음리 산59-8","owner_type":"경기도유지","owner_label":"경기도","manager":"건설국 도로정책과","property_class":"행정재산","land_category":"도로","area_sqm":3242.0,"area_band":"3,000~5,000㎡","interest_category":"도로","solar_candidate":"검토필요","candidate_reason":"도로점용 및 실제 이용형태 추가 검토 필요; 면적 3,242㎡","priority_score":35,"source":"경기부동산포털 국공유지조회·연속지적도","source_date":"2026-08-11","installed_solar_match":false}},{"type":"Feature","id":"4183033021200010005","geometry":{"type":"Point","coordinates":[127.3385062,37.5803471]},"properties":{"pnu":"4183033021200010005","municipality_code":"41830","municipality":"양평군","district":"양평군","locality":"양서면 양수리","address":"양평군 양서면 양수리 산1-5","owner_type":"경기도유지","owner_label":"경기도","manager":"건설국 도로정책과","property_class":"행정재산","land_category":"도로","area_sqm":3239.0,"area_band":"3,000~5,000㎡","interest_category":"도로","solar_candidate":"검토필요","candidate_reason":"도로점용 및 실제 이용형태 추가 검토 필요; 면적 3,239㎡","priority_score":35,"source":"경기부동산포털 국공유지조회·연속지적도","source_date":"2026-08-11","installed_solar_match":false}},{"type":"Feature","id":"4183035021107850006","geometry":{"type":"Point","coordinates":[127.3497688,37.6044356]},"properties":{"pnu":"4183035021107850006","municipality_code":"41830","municipality":"양평군","district":"양평군","locality":"서종면 문호리","address":"양평군 서종면 문호리 785-6","owner_type":"경기도유지","owner_label":"경기도","manager":"건설국 도로정책과","property_class":"행정재산","land_category":"도로","area_sqm":3209.0,"area_band":"3,000~5,000㎡","interest_category":"도로","solar_candidate":"검토필요","candidate_reason":"도로점용 및 실제 이용형태 추가 검토 필요; 면적 3,209㎡","priority_score":35,"source":"경기부동산포털 국공유지조회·연속지적도","source_date":"2026-08-11","installed_solar_match":false}},{"type":"Feature","id":"4183033021200340009","geometry":{"type":"Point","coordinates":[127.3269164,37.5591844]},"properties":{"pnu":"4183033021200340009","municipality_code":"41830","municipality":"양평군","district":"양평군","locality":"양서면 양수리","address":"양평군 양서면 양수리 산34-9","owner_type":"경기도유지","owner_label":"경기도","manager":"건설국 도로정책과","property_class":"행정재산","land_category":"도로","area_sqm":3186.0,"area_band":"3,000~5,000㎡","interest_category":"도로","solar_candidate":"검토필요","candidate_reason":"도로점용 및 실제 이용형태 추가 검토 필요; 면적 3,186㎡","priority_score":35,"source":"경기부동산포털 국공유지조회·연속지적도","source_date":"2026-08-11","installed_solar_match":false}},{"type":"Feature","id":"4183033021200100031","geometry":{"type":"Point","coordinates":[127.3337459,37.5716638]},"properties":{"pnu":"4183033021200100031","municipality_code":"41830","municipality":"양평군","district":"양평군","locality":"양서면 양수리","address":"양평군 양서면 양수리 산10-31","owner_type":"경기도유지","owner_label":"경기도","manager":"건설국 도로정책과","property_class":"행정재산","land_category":"도로","area_sqm":3177.0,"area_band":"3,000~5,000㎡","interest_category":"도로","solar_candidate":"검토필요","candidate_reason":"도로점용 및 실제 이용형태 추가 검토 필요; 면적 3,177㎡","priority_score":35,"source":"경기부동산포털 국공유지조회·연속지적도","source_date":"2026-08-11","installed_solar_match":false}},{"type":"Feature","id":"4183031026200420008","geometry":{"type":"Point","coordinates":[127.4916353,37.4368078]},"properties":{"pnu":"4183031026200420008","municipality_code":"41830","municipality":"양평군","district":"양평군","locality":"강상면 세월리","address":"양평군 강상면 세월리 산42-8","owner_type":"경기도유지","owner_label":"경기도","manager":"건설국 도로정책과","property_class":"행정재산","land_category":"도로","area_sqm":3146.0,"area_band":"3,000~5,000㎡","interest_category":"도로","solar_candidate":"검토필요","candidate_reason":"도로점용 및 실제 이용형태 추가 검토 필요; 면적 3,146㎡","priority_score":35,"source":"경기부동산포털 국공유지조회·연속지적도","source_date":"2026-08-11","installed_solar_match":false}},{"type":"Feature","id":"4183039522102980000","geometry":{"type":"Point","coordinates":[127.6339188,37.4878967]},"properties":{"pnu":"4183039522102980000","municipality_code":"41830","municipality":"양평군","district":"양평군","locality":"지평면 송현리","address":"양평군 지평면 송현리 298","owner_type":"경기도유지","owner_label":"경기도","manager":"건설국 도로정책과","property_class":"행정재산","land_category":"도로","area_sqm":3070.0,"area_band":"3,000~5,000㎡","interest_category":"도로","solar_candidate":"검토필요","candidate_reason":"도로점용 및 실제 이용형태 추가 검토 필요; 면적 3,070㎡","priority_score":35,"source":"경기부동산포털 국공유지조회·연속지적도","source_date":"2026-08-11","installed_solar_match":false}},{"type":"Feature","id":"4183037025202490007","geometry":{"type":"Point","coordinates":[127.7546436,37.5221255]},"properties":{"pnu":"4183037025202490007","municipality_code":"41830","municipality":"양평군","district":"양평군","locality":"청운면 갈운리","address":"양평군 청운면 갈운리 산249-7","owner_type":"경기도유지","owner_label":"경기도","manager":"건설국 도로정책과","property_class":"행정재산","land_category":"도로","area_sqm":3069.0,"area_band":"3,000~5,000㎡","interest_category":"도로","solar_candidate":"검토필요","candidate_reason":"도로점용 및 실제 이용형태 추가 검토 필요; 면적 3,069㎡","priority_score":35,"source":"경기부동산포털 국공유지조회·연속지적도","source_date":"2026-08-11","installed_solar_match":false}},{"type":"Feature","id":"4183038028102630001","geometry":{"type":"Point","coordinates":[127.7465698,37.3893082]},"properties":{"pnu":"4183038028102630001","municipality_code":"41830","municipality":"양평군","district":"양평군","locality":"양동면 단석리","address":"양평군 양동면 단석리 263-1","owner_type":"경기도유지","owner_label":"경기도","manager":"건설국 도로정책과","property_class":"행정재산","land_category":"도로","area_sqm":3058.0,"area_band":"3,000~5,000㎡","interest_category":"도로","solar_candidate":"검토필요","candidate_reason":"도로점용 및 실제 이용형태 추가 검토 필요; 면적 3,058㎡","priority_score":35,"source":"경기부동산포털 국공유지조회·연속지적도","source_date":"2026-08-11","installed_solar_match":false}},{"type":"Feature","id":"4183031027200150002","geometry":{"type":"Point","coordinates":[127.475944,37.4282307]},"properties":{"pnu":"4183031027200150002","municipality_code":"41830","municipality":"양평군","district":"양평군","locality":"강상면 대석리","address":"양평군 강상면 대석리 산15-2","owner_type":"경기도유지","owner_label":"경기도","manager":"건설국 도로정책과","property_class":"행정재산","land_category":"도로","area_sqm":3049.0,"area_band":"3,000~5,000㎡","interest_category":"도로","solar_candidate":"검토필요","candidate_reason":"도로점용 및 실제 이용형태 추가 검토 필요; 면적 3,049㎡","priority_score":35,"source":"경기부동산포털 국공유지조회·연속지적도","source_date":"2026-08-11","installed_solar_match":false}},{"type":"Feature","id":"4183036027100450004","geometry":{"type":"Point","coordinates":[127.682092,37.6065503]},"properties":{"pnu":"4183036027100450004","municipality_code":"41830","municipality":"양평군","district":"양평군","locality":"단월면 명성리","address":"양평군 단월면 명성리 45-4","owner_type":"경기도유지","owner_label":"경기도","manager":"건설국 도로정책과","property_class":"행정재산","land_category":"도로","area_sqm":3046.0,"area_band":"3,000~5,000㎡","interest_category":"도로","solar_candidate":"검토필요","candidate_reason":"도로점용 및 실제 이용형태 추가 검토 필요; 면적 3,046㎡","priority_score":35,"source":"경기부동산포털 국공유지조회·연속지적도","source_date":"2026-08-11","installed_solar_match":false}},{"type":"Feature","id":"4183038024200970012","geometry":{"type":"Point","coordinates":[127.7028394,37.4952859]},"properties":{"pnu":"4183038024200970012","municipality_code":"41830","municipality":"양평군","district":"양평군","locality":"양동면 고송리","address":"양평군 양동면 고송리 산97-12","owner_type":"경기도유지","owner_label":"경기도","manager":"건설국 도로정책과","property_class":"행정재산","land_category":"도로","area_sqm":3035.0,"area_band":"3,000~5,000㎡","interest_category":"도로","solar_candidate":"검토필요","candidate_reason":"도로점용 및 실제 이용형태 추가 검토 필요; 면적 3,035㎡","priority_score":35,"source":"경기부동산포털 국공유지조회·연속지적도","source_date":"2026-08-11","installed_solar_match":false}},{"type":"Feature","id":"4183031021104340001","geometry":{"type":"Point","coordinates":[127.4657555,37.4922603]},"properties":{"pnu":"4183031021104340001","municipality_code":"41830","municipality":"양평군","district":"양평군","locality":"강상면 병산리","address":"양평군 강상면 병산리 434-1","owner_type":"경기도유지","owner_label":"경기도","manager":"건설국 도로정책과","property_class":"행정재산","land_category":"도로","area_sqm":3005.0,"area_band":"3,000~5,000㎡","interest_category":"도로","solar_candidate":"검토필요","candidate_reason":"도로점용 및 실제 이용형태 추가 검토 필요; 면적 3,005㎡","priority_score":35,"source":"경기부동산포털 국공유지조회·연속지적도","source_date":"2026-08-11","installed_solar_match":false}},{"type":"Feature","id":"4183038024108650007","geometry":{"type":"Point","coordinates":[127.6963901,37.4843267]},"properties":{"pnu":"4183038024108650007","municipality_code":"41830","municipality":"양평군","district":"양평군","locality":"양동면 고송리","address":"양평군 양동면 고송리 865-7","owner_type":"경기도유지","owner_label":"경기도","manager":"건설국 도로정책과","property_class":"행정재산","land_category":"창고용지","area_sqm":293.0,"area_band":"100~500㎡","interest_category":"창고용지","solar_candidate":"검토필요","candidate_reason":"지목·면적 기준 1차 검토 대상; 면적 293㎡","priority_score":35,"source":"경기부동산포털 국공유지조회·연속지적도","source_date":"2026-08-11","installed_solar_match":false}},{"type":"Feature","id":"4183025030100060011","geometry":{"type":"Point","coordinates":[127.5579935,37.4637496]},"properties":{"pnu":"4183025030100060011","municipality_code":"41830","municipality":"양평군","district":"양평군","locality":"양평읍 원덕리","address":"양평군 양평읍 원덕리 6-11","owner_type":"경기도유지","owner_label":"경기도","manager":"건설국 하천과","property_class":"행정재산","land_category":"창고용지","area_sqm":181.0,"area_band":"100~500㎡","interest_category":"창고용지","solar_candidate":"검토필요","candidate_reason":"지목·면적 기준 1차 검토 대상; 면적 181㎡","priority_score":35,"source":"경기부동산포털 국공유지조회·연속지적도","source_date":"2026-08-11","installed_solar_match":false}},{"type":"Feature","id":"4183025030100060001","geometry":{"type":"Point","coordinates":[127.5579339,37.4638558]},"properties":{"pnu":"4183025030100060001","municipality_code":"41830","municipality":"양평군","district":"양평군","locality":"양평읍 원덕리","address":"양평군 양평읍 원덕리 6-1","owner_type":"경기도유지","owner_label":"경기도","manager":"건설국 하천과","property_class":"행정재산","land_category":"창고용지","area_sqm":149.0,"area_band":"100~500㎡","interest_category":"창고용지","solar_candidate":"검토필요","candidate_reason":"지목·면적 기준 1차 검토 대상; 면적 149㎡","priority_score":35,"source":"경기부동산포털 국공유지조회·연속지적도","source_date":"2026-08-11","installed_solar_match":false}},{"type":"Feature","id":"4183040022102360054","geometry":{"type":"Point","coordinates":[127.6095786,37.4766714]},"properties":{"pnu":"4183040022102360054","municipality_code":"41830","municipality":"양평군","district":"양평군","locality":"용문면 화전리","address":"양평군 용문면 화전리 236-54","owner_type":"경기도유지","owner_label":"경기도","manager":"건설국 도로정책과","property_class":"행정재산","land_category":"체육용지","area_sqm":131.0,"area_band":"100~500㎡","interest_category":"체육용지","solar_candidate":"검토필요","candidate_reason":"체육시설·주차장 상부 활용 가능성 추가 검토; 면적 131㎡","priority_score":35,"source":"경기부동산포털 국공유지조회·연속지적도","source_date":"2026-08-11","installed_solar_match":false}}]}